claim_id,category,surface_locations,exact_claim,source_url,source_quote_max_15_words,verdict,discrepancy,severity,checked_at
pubmed-40927611,Signal card,All role views / publication evidence,Comparative Analysis of COVID-19 Gene Target Dropout/Failure Results using Thermofisher TaqPath COVID-19 Combo Kit and Nextstrain CoVariants Genomic Databases,https://pubmed.ncbi.nlm.nih.gov/40927611/,,UNREACHABLE,The cited PubMed record returned a blocking/4xx response in the URL audit.,,2026-07-29 (America/New_York)
pubmed-42519486,Signal card,All role views / publication evidence,Comprehensive characterization of myopic guinea pigs' retina following PI3K/AKT inhibition using a data-independent acquisition dataset on an Orbitrap Exploris 480 mass spectrometer,https://pubmed.ncbi.nlm.nih.gov/42519486/,,UNREACHABLE,The cited PubMed record returned a blocking/4xx response in the URL audit.,,2026-07-29 (America/New_York)
pubmed-42398371,Signal card,All role views / publication evidence,A direct SPE clean-up after protein precipitation methodology to remove endogenous steroid sulfate MRM interferences for PFAS analysis of serum samples by isotope dilution LC-MS/MS,https://pubmed.ncbi.nlm.nih.gov/42398371/,,UNREACHABLE,The cited PubMed record returned a blocking/4xx response in the URL audit.,,2026-07-29 (America/New_York)
pubmed-41886903,Signal card,All role views / publication evidence,A universal immunocapture LC-MS/MS method for humanized IgG1-based drugs in cynomolgus monkeys,https://pubmed.ncbi.nlm.nih.gov/41886903/,,UNREACHABLE,The cited PubMed record returned a blocking/4xx response in the URL audit.,,2026-07-29 (America/New_York)
pubmed-42508896,Signal card,All role views / publication evidence,Salvianolic acid derivatives-focused characterization in Salviae miltiorrhizae Radix et Rhizoma by LC×LC coupled with tandem energy-resolved mass spectrometry,https://pubmed.ncbi.nlm.nih.gov/42508896/,,UNREACHABLE,The cited PubMed record returned a blocking/4xx response in the URL audit.,,2026-07-29 (America/New_York)
pubmed-42508890,Signal card,All role views / publication evidence,Fast untargeted and targeted high-resolution mass spectrometry workflows for large-scale lipidomics,https://pubmed.ncbi.nlm.nih.gov/42508890/,,UNREACHABLE,The cited PubMed record returned a blocking/4xx response in the URL audit.,,2026-07-29 (America/New_York)
trend-lnp-rna,Signal card,All role views / application trends,LNP and RNA therapeutics workflows shows 918 PubMed records in the last year,https://pubmed.ncbi.nlm.nih.gov/,403,Unsupported/Hallucinated,"Citation is the generic PubMed root, not the saved query/result supporting this exact trend claim.",Major,2026-07-29 (America/New_York)
trend-oligos,Signal card,All role views / application trends,Oligonucleotide and nucleic-acid analytics shows 659 PubMed records in the last year,https://pubmed.ncbi.nlm.nih.gov/,403,Unsupported/Hallucinated,"Citation is the generic PubMed root, not the saved query/result supporting this exact trend claim.",Major,2026-07-29 (America/New_York)
trend-pfas,Signal card,All role views / application trends,PFAS and environmental contaminant testing shows 335 PubMed records in the last year,https://pubmed.ncbi.nlm.nih.gov/,403,Unsupported/Hallucinated,"Citation is the generic PubMed root, not the saved query/result supporting this exact trend claim.",Major,2026-07-29 (America/New_York)
trend-proteomics,Signal card,All role views / application trends,High-resolution proteomics and metabolomics shows 9869 PubMed records in the last year,https://pubmed.ncbi.nlm.nih.gov/,403,Unsupported/Hallucinated,"Citation is the generic PubMed root, not the saved query/result supporting this exact trend claim.",Major,2026-07-29 (America/New_York)
trend-automation,Signal card,All role views / application trends,Lab automation and software-enabled workflows shows 1137 PubMed records in the last year,https://pubmed.ncbi.nlm.nih.gov/,403,Unsupported/Hallucinated,"Citation is the generic PubMed root, not the saved query/result supporting this exact trend claim.",Major,2026-07-29 (America/New_York)
agilent-monitor-press-release-d6158395d694,Signal card,All role views / evidence feed,Agilent to Announce Third-Quarter Fiscal Year 2026 Financial Results on Aug. 26,https://www.agilent.com/about/newsroom/presrel/2026/28jul-gp26015.html,,UNREACHABLE,The cited primary source could not be fetched in the audit.,,2026-07-29 (America/New_York)
sciex-monitor-product-page-added-62bb59b3169d,Signal card,Leadership / Product Management / Engineering / Product Marketing evidence appendix,SCIEX added Qtof Systems,https://sciex.com/products/mass-spectrometers/qtof-systems,QTOF Systems,Unsupported/Hallucinated,"The current product page supports product existence/content, not a dated sitemap addition or update. No prior snapshot/diff is cited.",Critical,2026-07-29 (America/New_York)
sciex-monitor-product-page-added-5ddf8bde9f75,Signal card,Leadership / Product Management / Engineering / Product Marketing evidence appendix,SCIEX added X Series Qtof Systems,https://sciex.com/products/mass-spectrometers/qtof-systems/x-series-qtof-systems,X-Series QTOF Systems,Unsupported/Hallucinated,"The current product page supports product existence/content, not a dated sitemap addition or update. No prior snapshot/diff is cited.",Critical,2026-07-29 (America/New_York)
sciex-monitor-product-page-added-cae81400b14f,Signal card,Leadership / Product Management / Engineering / Product Marketing evidence appendix,SCIEX added X500R Qtof System,https://sciex.com/products/mass-spectrometers/qtof-systems/x-series-qtof-systems/x500r-qtof-system,X500R QTOF System,Unsupported/Hallucinated,"The current product page supports product existence/content, not a dated sitemap addition or update. No prior snapshot/diff is cited.",Critical,2026-07-29 (America/New_York)
sciex-monitor-product-page-added-fee1e23a2e50,Signal card,Leadership / Product Management / Engineering / Product Marketing evidence appendix,SCIEX added X500B Qtof System,https://sciex.com/products/mass-spectrometers/qtof-systems/x-series-qtof-systems/x500b-qtof-system,X500B: A Quadrupole Time-of-Flight Mass Spec for Biologics,Unsupported/Hallucinated,"The current product page supports product existence/content, not a dated sitemap addition or update. No prior snapshot/diff is cited.",Critical,2026-07-29 (America/New_York)
sciex-monitor-product-page-added-777d02ea1b1c,Signal card,Leadership / Product Management / Engineering / Product Marketing evidence appendix,SCIEX added Tripletof Systems,https://sciex.com/products/mass-spectrometers/qtof-systems/tripletof-systems,QTOF Systems,Unsupported/Hallucinated,"The current product page supports product existence/content, not a dated sitemap addition or update. No prior snapshot/diff is cited.",Critical,2026-07-29 (America/New_York)
sciex-monitor-product-page-added-f5464f0d2efc,Signal card,Leadership / Product Management / Engineering / Product Marketing evidence appendix,SCIEX added Tripletof 6600 System,https://sciex.com/products/mass-spectrometers/qtof-systems/tripletof-systems/tripletof-6600-system,ZenoTOF 7600 system,Unsupported/Hallucinated,"The current product page supports product existence/content, not a dated sitemap addition or update. No prior snapshot/diff is cited.",Critical,2026-07-29 (America/New_York)
sciex-monitor-product-page-added-19681c49754f,Signal card,Leadership / Product Management / Engineering / Product Marketing evidence appendix,SCIEX added Tripletof 6600Plus System,https://sciex.com/products/mass-spectrometers/qtof-systems/tripletof-systems/tripletof-6600plus-system,QTOF Systems,Unsupported/Hallucinated,"The current product page supports product existence/content, not a dated sitemap addition or update. No prior snapshot/diff is cited.",Critical,2026-07-29 (America/New_York)
sciex-monitor-product-page-added-965cea28d0ce,Signal card,Leadership / Product Management / Engineering / Product Marketing evidence appendix,SCIEX added Zenotof 7600 System,https://sciex.com/products/mass-spectrometers/qtof-systems/zenotof-7600-system,ZenoTOF 7600 system,Unsupported/Hallucinated,"The current product page supports product existence/content, not a dated sitemap addition or update. No prior snapshot/diff is cited.",Critical,2026-07-29 (America/New_York)
sciex-monitor-product-page-added-23b18ccf1b09,Signal card,Leadership / Product Management / Engineering / Product Marketing evidence appendix,SCIEX added 7600 Plus System,https://sciex.com/products/mass-spectrometers/qtof-systems/7600-plus-system,ZenoTOF 7600+ system,Unsupported/Hallucinated,"The current product page supports product existence/content, not a dated sitemap addition or update. No prior snapshot/diff is cited.",Critical,2026-07-29 (America/New_York)
sciex-monitor-product-page-added-d90b109b1581,Signal card,Leadership / Product Management / Engineering / Product Marketing evidence appendix,SCIEX added 8600 System,https://sciex.com/products/mass-spectrometers/qtof-systems/8600-system,ZenoTOF 8600 system | QTOF mass spectrometry for confident workflows,Unsupported/Hallucinated,"The current product page supports product existence/content, not a dated sitemap addition or update. No prior snapshot/diff is cited.",Critical,2026-07-29 (America/New_York)
sciex-monitor-product-page-added-5df2f0f91e55,Signal card,Leadership / Product Management / Engineering / Product Marketing evidence appendix,SCIEX added Qtrap Systems,https://sciex.com/products/mass-spectrometers/qtrap-systems,QTRAP LC-MS/MS Systems,Unsupported/Hallucinated,"The current product page supports product existence/content, not a dated sitemap addition or update. No prior snapshot/diff is cited.",Critical,2026-07-29 (America/New_York)
sciex-monitor-product-page-added-2c770db764c7,Signal card,Leadership / Product Management / Engineering / Product Marketing evidence appendix,SCIEX added Qtrap 6500Plus System,https://sciex.com/products/mass-spectrometers/qtrap-systems/qtrap-6500plus-system,QTRAP 6500plus System,Unsupported/Hallucinated,"The current product page supports product existence/content, not a dated sitemap addition or update. No prior snapshot/diff is cited.",Critical,2026-07-29 (America/New_York)
sciex-monitor-product-page-added-0d05594c2b18,Signal card,Leadership / Product Management / Engineering / Product Marketing evidence appendix,SCIEX added Qtrap 6500 System,https://sciex.com/products/mass-spectrometers/qtrap-systems/qtrap-6500-system,QTRAP 6500 LC-MS/MS Systems,Unsupported/Hallucinated,"The current product page supports product existence/content, not a dated sitemap addition or update. No prior snapshot/diff is cited.",Critical,2026-07-29 (America/New_York)
sciex-monitor-product-page-added-b6feafec1bee,Signal card,Leadership / Product Management / Engineering / Product Marketing evidence appendix,SCIEX added Qtrap 5500 System,https://sciex.com/products/mass-spectrometers/qtrap-systems/qtrap-5500-system,QTRAP 5500 System,Unsupported/Hallucinated,"The current product page supports product existence/content, not a dated sitemap addition or update. No prior snapshot/diff is cited.",Critical,2026-07-29 (America/New_York)
sciex-monitor-product-page-added-c4440faa7a3c,Signal card,Leadership / Product Management / Engineering / Product Marketing evidence appendix,SCIEX added Qtrap 4500 System,https://sciex.com/products/mass-spectrometers/qtrap-systems/qtrap-4500-system,QTRAP 4500 LC-MS/MS System,Unsupported/Hallucinated,"The current product page supports product existence/content, not a dated sitemap addition or update. No prior snapshot/diff is cited.",Critical,2026-07-29 (America/New_York)
sciex-monitor-product-page-added-91a12f854736,Signal card,Leadership / Product Management / Engineering / Product Marketing evidence appendix,SCIEX added Qtrap 4000 System,https://sciex.com/products/mass-spectrometers/qtrap-systems/qtrap-4000-system,4000 QTRAP LC-MS/MS System,Unsupported/Hallucinated,"The current product page supports product existence/content, not a dated sitemap addition or update. No prior snapshot/diff is cited.",Critical,2026-07-29 (America/New_York)
sciex-monitor-product-page-added-9921c26421cd,Signal card,Leadership / Product Management / Engineering / Product Marketing evidence appendix,SCIEX added Qtrap 3200 System,https://sciex.com/products/mass-spectrometers/qtrap-systems/qtrap-3200-system,3200 QTRAP LC-MS/MS System,Unsupported/Hallucinated,"The current product page supports product existence/content, not a dated sitemap addition or update. No prior snapshot/diff is cited.",Critical,2026-07-29 (America/New_York)
sciex-monitor-product-page-added-57935b1aa90e,Signal card,Leadership / Product Management / Engineering / Product Marketing evidence appendix,SCIEX added Triple Quad Systems,https://sciex.com/products/mass-spectrometers/triple-quad-systems,Triple Quad™ LC-MS/MS Systems,Unsupported/Hallucinated,"The current product page supports product existence/content, not a dated sitemap addition or update. No prior snapshot/diff is cited.",Critical,2026-07-29 (America/New_York)
sciex-monitor-product-page-added-7b6b3eb96e94,Signal card,Leadership / Product Management / Engineering / Product Marketing evidence appendix,SCIEX added Triple Quad 6500Plus System,https://sciex.com/products/mass-spectrometers/triple-quad-systems/triple-quad-6500plus-system,Triple Quad 6500+ System,Unsupported/Hallucinated,"The current product page supports product existence/content, not a dated sitemap addition or update. No prior snapshot/diff is cited.",Critical,2026-07-29 (America/New_York)
sciex-monitor-product-page-added-67f68e7bd394,Signal card,Leadership / Product Management / Engineering / Product Marketing evidence appendix,SCIEX added Triple Quad 5500 System,https://sciex.com/products/mass-spectrometers/triple-quad-systems/triple-quad-5500-system,Triple Quad 5500 System,Unsupported/Hallucinated,"The current product page supports product existence/content, not a dated sitemap addition or update. No prior snapshot/diff is cited.",Critical,2026-07-29 (America/New_York)
sciex-monitor-product-page-added-0ee05b43b5b0,Signal card,Leadership / Product Management / Engineering / Product Marketing evidence appendix,SCIEX added Triple Quad 4500 System,https://sciex.com/products/mass-spectrometers/triple-quad-systems/triple-quad-4500-system,Triple Quad 4500 System,Unsupported/Hallucinated,"The current product page supports product existence/content, not a dated sitemap addition or update. No prior snapshot/diff is cited.",Critical,2026-07-29 (America/New_York)
sciex-monitor-product-page-added-2d23d2b57780,Signal card,Leadership / Product Management / Engineering / Product Marketing evidence appendix,SCIEX added Triple Quad 3500 System,https://sciex.com/products/mass-spectrometers/triple-quad-systems/triple-quad-3500-system,Triple Quad 3500 System,Unsupported/Hallucinated,"The current product page supports product existence/content, not a dated sitemap addition or update. No prior snapshot/diff is cited.",Critical,2026-07-29 (America/New_York)
sciex-monitor-product-page-added-05090ccb6d0b,Signal card,Leadership / Product Management / Engineering / Product Marketing evidence appendix,SCIEX added Api 3200 System,https://sciex.com/products/mass-spectrometers/triple-quad-systems/api-3200-system,API 3200 System,Unsupported/Hallucinated,"The current product page supports product existence/content, not a dated sitemap addition or update. No prior snapshot/diff is cited.",Critical,2026-07-29 (America/New_York)
sciex-monitor-product-page-added-38baf1ce585a,Signal card,Leadership / Product Management / Engineering / Product Marketing evidence appendix,SCIEX added Triple Quad 6500 System,https://sciex.com/products/mass-spectrometers/triple-quad-systems/triple-quad-6500-system,Triple Quad 6500 System,Unsupported/Hallucinated,"The current product page supports product existence/content, not a dated sitemap addition or update. No prior snapshot/diff is cited.",Critical,2026-07-29 (America/New_York)
sciex-monitor-product-page-added-7446537876dc,Signal card,Leadership / Product Management / Engineering / Product Marketing evidence appendix,SCIEX added Api 4000 System,https://sciex.com/products/mass-spectrometers/triple-quad-systems/api-4000-system,API 4000 System,Unsupported/Hallucinated,"The current product page supports product existence/content, not a dated sitemap addition or update. No prior snapshot/diff is cited.",Critical,2026-07-29 (America/New_York)
sciex-monitor-product-page-added-c01a352e2408,Signal card,Leadership / Product Management / Engineering / Product Marketing evidence appendix,SCIEX added Triple Quad 7500 System,https://sciex.com/products/mass-spectrometers/triple-quad-systems/triple-quad-7500-system,Triple Quad 7500 Plus System,Unsupported/Hallucinated,"The current product page supports product existence/content, not a dated sitemap addition or update. No prior snapshot/diff is cited.",Critical,2026-07-29 (America/New_York)
sciex-monitor-product-page-added-b64fb8adbee0,Signal card,Leadership / Product Management / Engineering / Product Marketing evidence appendix,SCIEX added Triple Quad 7500 Plus System,https://sciex.com/products/mass-spectrometers/triple-quad-systems/triple-quad-7500-plus-system,Triple Quad 7500 Plus System,Unsupported/Hallucinated,"The current product page supports product existence/content, not a dated sitemap addition or update. No prior snapshot/diff is cited.",Critical,2026-07-29 (America/New_York)
sciex-monitor-product-page-added-b9db12fdd5b3,Signal card,Leadership / Product Management / Engineering / Product Marketing evidence appendix,SCIEX added Novus V55 System,https://sciex.com/products/mass-spectrometers/triple-quad-systems/novus-v55-system,novus V55 system,Unsupported/Hallucinated,"The current product page supports product existence/content, not a dated sitemap addition or update. No prior snapshot/diff is cited.",Critical,2026-07-29 (America/New_York)
sciex-monitor-product-page-added-c1ab57ccce28,Signal card,Leadership / Product Management / Engineering / Product Marketing evidence appendix,SCIEX added Triple Quad 5500 Plus System,https://sciex.com/products/mass-spectrometers/triple-quad-systems/triple-quad-5500-plus-system,Triple Quad 5500 Plus System,Unsupported/Hallucinated,"The current product page supports product existence/content, not a dated sitemap addition or update. No prior snapshot/diff is cited.",Critical,2026-07-29 (America/New_York)
sciex-monitor-product-page-added-005d90674d6c,Signal card,Leadership / Product Management / Engineering / Product Marketing evidence appendix,SCIEX added Tof Tof Systems,https://sciex.com/products/mass-spectrometers/tof-tof-systems,TOF/TOF Systems,Unsupported/Hallucinated,"The current product page supports product existence/content, not a dated sitemap addition or update. No prior snapshot/diff is cited.",Critical,2026-07-29 (America/New_York)
sciex-monitor-product-page-added-96b9477f3118,Signal card,Leadership / Product Management / Engineering / Product Marketing evidence appendix,SCIEX added Tof Tof 5800 System,https://sciex.com/products/mass-spectrometers/tof-tof-systems/tof-tof-5800-system,TOF/TOF™ 5800 System,Unsupported/Hallucinated,"The current product page supports product existence/content, not a dated sitemap addition or update. No prior snapshot/diff is cited.",Critical,2026-07-29 (America/New_York)
sciex-monitor-product-page-added-004bc7b2cce0,Signal card,Leadership / Product Management / Engineering / Product Marketing evidence appendix,SCIEX added Novus V55 Roi Calculator,https://sciex.com/products/mass-spectrometers/novus-v55-roi-calculator,novus V55 ROI calculator,Unsupported/Hallucinated,"The current product page supports product existence/content, not a dated sitemap addition or update. No prior snapshot/diff is cited.",Critical,2026-07-29 (America/New_York)
sciex-monitor-product-page-added-9f9cfe4bf69c,Signal card,Leadership / Product Management / Engineering / Product Marketing evidence appendix,SCIEX added Microlc Products,https://sciex.com/products/hplc-products/microlc-products,Micro-LC Products,Unsupported/Hallucinated,"The current product page supports product existence/content, not a dated sitemap addition or update. No prior snapshot/diff is cited.",Critical,2026-07-29 (America/New_York)
sciex-monitor-product-page-added-d435a9222360,Signal card,Leadership / Product Management / Engineering / Product Marketing evidence appendix,SCIEX added Micro Hplc Columns,https://sciex.com/products/hplc-products/microlc-products/micro-hplc-columns,Micro HPLC Columns,Unsupported/Hallucinated,"The current product page supports product existence/content, not a dated sitemap addition or update. No prior snapshot/diff is cited.",Critical,2026-07-29 (America/New_York)
sciex-monitor-product-page-added-ffaac4b25f20,Signal card,Leadership / Product Management / Engineering / Product Marketing evidence appendix,SCIEX added M5 Microlc,https://sciex.com/products/hplc-products/microlc-products/m5-microlc,M5 MicroLC: See More with Microflow LC-MS,Unsupported/Hallucinated,"The current product page supports product existence/content, not a dated sitemap addition or update. No prior snapshot/diff is cited.",Critical,2026-07-29 (America/New_York)
sciex-monitor-product-page-added-e3df624edd3d,Signal card,Leadership / Product Management / Engineering / Product Marketing evidence appendix,SCIEX added Nanolc Products,https://sciex.com/products/hplc-products/nanolc-products,NanoFlow LC,Unsupported/Hallucinated,"The current product page supports product existence/content, not a dated sitemap addition or update. No prior snapshot/diff is cited.",Critical,2026-07-29 (America/New_York)
sciex-monitor-product-page-added-fc71984d502f,Signal card,Leadership / Product Management / Engineering / Product Marketing evidence appendix,SCIEX added Nanolc 400,https://sciex.com/products/hplc-products/nanolc-products/nanolc-400,NanoLC 400,Unsupported/Hallucinated,"The current product page supports product existence/content, not a dated sitemap addition or update. No prior snapshot/diff is cited.",Critical,2026-07-29 (America/New_York)
sciex-monitor-product-page-added-c75c2bf4ab86,Signal card,Leadership / Product Management / Engineering / Product Marketing evidence appendix,SCIEX added Nano Chiplc Columns,https://sciex.com/products/hplc-products/nanolc-products/nano-chiplc-columns,Nano cHiPLC Columns,Unsupported/Hallucinated,"The current product page supports product existence/content, not a dated sitemap addition or update. No prior snapshot/diff is cited.",Critical,2026-07-29 (America/New_York)
sciex-monitor-product-page-added-2b21e0614609,Signal card,Leadership / Product Management / Engineering / Product Marketing evidence appendix,SCIEX added Chiplc System,https://sciex.com/products/hplc-products/nanolc-products/chiplc-system,cHiPLC System,Unsupported/Hallucinated,"The current product page supports product existence/content, not a dated sitemap addition or update. No prior snapshot/diff is cited.",Critical,2026-07-29 (America/New_York)
sciex-monitor-product-page-added-1037503b160c,Signal card,Leadership / Product Management / Engineering / Product Marketing evidence appendix,SCIEX added Micro Chiplc Columns,https://sciex.com/products/hplc-products/nanolc-products/micro-chiplc-columns,Micro cHiPLC Columns,Unsupported/Hallucinated,"The current product page supports product existence/content, not a dated sitemap addition or update. No prior snapshot/diff is cited.",Critical,2026-07-29 (America/New_York)
sciex-monitor-product-page-added-68a1e5a30cad,Signal card,Leadership / Product Management / Engineering / Product Marketing evidence appendix,SCIEX added Exionlc 2,https://sciex.com/products/hplc-products/exionlc-2,ExionLC™ 2.0 System for UHPLC,Unsupported/Hallucinated,"The current product page supports product existence/content, not a dated sitemap addition or update. No prior snapshot/diff is cited.",Critical,2026-07-29 (America/New_York)
sciex-monitor-product-page-added-89c52ec3b161,Signal card,Leadership / Product Management / Engineering / Product Marketing evidence appendix,SCIEX added Exionlc Ae,https://sciex.com/products/hplc-products/exionlc-ae,ExionLC AE system for UHPLC,Unsupported/Hallucinated,"The current product page supports product existence/content, not a dated sitemap addition or update. No prior snapshot/diff is cited.",Critical,2026-07-29 (America/New_York)
sciex-monitor-product-page-added-83681a999612,Signal card,Leadership / Product Management / Engineering / Product Marketing evidence appendix,SCIEX added Analyst Software,https://sciex.com/products/software/analyst-software,Analyst Software,Unsupported/Hallucinated,"The current product page supports product existence/content, not a dated sitemap addition or update. No prior snapshot/diff is cited.",Critical,2026-07-29 (America/New_York)
sciex-monitor-product-page-added-fb0563888cbe,Signal card,Leadership / Product Management / Engineering / Product Marketing evidence appendix,SCIEX added Analyst Tf Software,https://sciex.com/products/software/analyst-tf-software,Analyst Software,Unsupported/Hallucinated,"The current product page supports product existence/content, not a dated sitemap addition or update. No prior snapshot/diff is cited.",Critical,2026-07-29 (America/New_York)
sciex-monitor-product-page-added-70dda5ee07fb,Signal card,Leadership / Product Management / Engineering / Product Marketing evidence appendix,SCIEX added Biopharmaview Software,https://sciex.com/products/software/biopharmaview-software,Biologics Explorer Software | SCIEX,Unsupported/Hallucinated,"The current product page supports product existence/content, not a dated sitemap addition or update. No prior snapshot/diff is cited.",Critical,2026-07-29 (America/New_York)
sciex-monitor-product-page-added-9b7e11e08542,Signal card,Leadership / Product Management / Engineering / Product Marketing evidence appendix,SCIEX added Bio Tool Kit Software,https://sciex.com/products/software/bio-tool-kit-software,Bio Tool Kit Software,Unsupported/Hallucinated,"The current product page supports product existence/content, not a dated sitemap addition or update. No prior snapshot/diff is cited.",Critical,2026-07-29 (America/New_York)
sciex-monitor-product-page-added-b544ef2aeb29,Signal card,Leadership / Product Management / Engineering / Product Marketing evidence appendix,SCIEX added Chemoview Software,https://sciex.com/products/software/chemoview-software,ChemoView software,Unsupported/Hallucinated,"The current product page supports product existence/content, not a dated sitemap addition or update. No prior snapshot/diff is cited.",Critical,2026-07-29 (America/New_York)
sciex-monitor-product-page-added-c5877dd41fff,Signal card,Leadership / Product Management / Engineering / Product Marketing evidence appendix,SCIEX added Discoveryquant Software,https://sciex.com/products/software/discoveryquant-software,DiscoveryQuant Software,Unsupported/Hallucinated,"The current product page supports product existence/content, not a dated sitemap addition or update. No prior snapshot/diff is cited.",Critical,2026-07-29 (America/New_York)
sciex-monitor-product-page-added-f976c08f8f82,Signal card,Leadership / Product Management / Engineering / Product Marketing evidence appendix,SCIEX added Cliquid Software,https://sciex.com/products/software/cliquid-software,Cliquid Software,Unsupported/Hallucinated,"The current product page supports product existence/content, not a dated sitemap addition or update. No prior snapshot/diff is cited.",Critical,2026-07-29 (America/New_York)
sciex-monitor-product-page-added-d266fa198594,Signal card,Leadership / Product Management / Engineering / Product Marketing evidence appendix,SCIEX added Lightsight Software,https://sciex.com/products/software/lightsight-software,LightSight software,Unsupported/Hallucinated,"The current product page supports product existence/content, not a dated sitemap addition or update. No prior snapshot/diff is cited.",Critical,2026-07-29 (America/New_York)
sciex-monitor-product-page-added-2e325d6812d6,Signal card,Leadership / Product Management / Engineering / Product Marketing evidence appendix,SCIEX added Lipidview Software,https://sciex.com/products/software/lipidview-software,LipidView software,Unsupported/Hallucinated,"The current product page supports product existence/content, not a dated sitemap addition or update. No prior snapshot/diff is cited.",Critical,2026-07-29 (America/New_York)
sciex-monitor-product-page-added-1f1eaa556ed9,Signal card,Leadership / Product Management / Engineering / Product Marketing evidence appendix,SCIEX added Markerview Software,https://sciex.com/products/software/markerview-software,MarkerView Software,Unsupported/Hallucinated,"The current product page supports product existence/content, not a dated sitemap addition or update. No prior snapshot/diff is cited.",Critical,2026-07-29 (America/New_York)
sciex-monitor-product-page-added-14e8689b7baa,Signal card,Leadership / Product Management / Engineering / Product Marketing evidence appendix,SCIEX added Metabolitepilot Software,https://sciex.com/products/software/metabolitepilot-software,Molecule Profiler,Unsupported/Hallucinated,"The current product page supports product existence/content, not a dated sitemap addition or update. No prior snapshot/diff is cited.",Critical,2026-07-29 (America/New_York)
sciex-monitor-product-page-added-58ebfdd92d82,Signal card,Leadership / Product Management / Engineering / Product Marketing evidence appendix,SCIEX added Mpx Software,https://sciex.com/products/software/mpx-software,MPX Software,Unsupported/Hallucinated,"The current product page supports product existence/content, not a dated sitemap addition or update. No prior snapshot/diff is cited.",Critical,2026-07-29 (America/New_York)
sciex-monitor-product-page-added-53f2c9db2fbc,Signal card,Leadership / Product Management / Engineering / Product Marketing evidence appendix,SCIEX added Multiquant Software,https://sciex.com/products/software/multiquant-software,MultiQuant Software,Unsupported/Hallucinated,"The current product page supports product existence/content, not a dated sitemap addition or update. No prior snapshot/diff is cited.",Critical,2026-07-29 (America/New_York)
sciex-monitor-product-page-added-7155c3fe676a,Signal card,Leadership / Product Management / Engineering / Product Marketing evidence appendix,SCIEX added Peakview Software,https://sciex.com/products/software/peakview-software,PeakView Software,Unsupported/Hallucinated,"The current product page supports product existence/content, not a dated sitemap addition or update. No prior snapshot/diff is cited.",Critical,2026-07-29 (America/New_York)
sciex-monitor-product-page-added-614c4535746c,Signal card,Leadership / Product Management / Engineering / Product Marketing evidence appendix,SCIEX added Proteinpilot Software,https://sciex.com/products/software/proteinpilot-software,ProteinPilot - Next-Level Quantification &amp;amp; Identification,Unsupported/Hallucinated,"The current product page supports product existence/content, not a dated sitemap addition or update. No prior snapshot/diff is cited.",Critical,2026-07-29 (America/New_York)
sciex-monitor-product-page-added-d1e450e9883c,Signal card,Leadership / Product Management / Engineering / Product Marketing evidence appendix,SCIEX added Mass Spectrometry Software Solutions,https://sciex.com/products/software/mass-spectrometry-software-solutions,Software,Unsupported/Hallucinated,"The current product page supports product existence/content, not a dated sitemap addition or update. No prior snapshot/diff is cited.",Critical,2026-07-29 (America/New_York)
sciex-monitor-product-page-added-ed7e6810332b,Signal card,Leadership / Product Management / Engineering / Product Marketing evidence appendix,SCIEX added Oneomics,https://sciex.com/products/software/oneomics,OneOmics,Unsupported/Hallucinated,"The current product page supports product existence/content, not a dated sitemap addition or update. No prior snapshot/diff is cited.",Critical,2026-07-29 (America/New_York)
sciex-monitor-product-page-added-d0d66fc16203,Signal card,Leadership / Product Management / Engineering / Product Marketing evidence appendix,SCIEX added Molecule Profiler Software,https://sciex.com/products/software/molecule-profiler-software,Molecule Profiler,Unsupported/Hallucinated,"The current product page supports product existence/content, not a dated sitemap addition or update. No prior snapshot/diff is cited.",Critical,2026-07-29 (America/New_York)
sciex-monitor-product-page-added-35f5bb9417b5,Signal card,Leadership / Product Management / Engineering / Product Marketing evidence appendix,SCIEX added Biologics Explorer Software,https://sciex.com/products/software/biologics-explorer-software,Biologics Explorer Software | SCIEX,Unsupported/Hallucinated,"The current product page supports product existence/content, not a dated sitemap addition or update. No prior snapshot/diff is cited.",Critical,2026-07-29 (America/New_York)
sciex-monitor-product-page-added-26b6cc033c60,Signal card,Leadership / Product Management / Engineering / Product Marketing evidence appendix,SCIEX added Os Software Roi Calculator,https://sciex.com/products/software/os-software-roi-calculator,OS Software ROI Calculator,Unsupported/Hallucinated,"The current product page supports product existence/content, not a dated sitemap addition or update. No prior snapshot/diff is cited.",Critical,2026-07-29 (America/New_York)
sciex-monitor-product-page-added-5831707253b8,Signal card,Leadership / Product Management / Engineering / Product Marketing evidence appendix,SCIEX added Artificial Intelligence Quant,https://sciex.com/products/software/artificial-intelligence-quant,AI Quantitation software,Unsupported/Hallucinated,"The current product page supports product existence/content, not a dated sitemap addition or update. No prior snapshot/diff is cited.",Critical,2026-07-29 (America/New_York)
sciex-monitor-product-page-added-1d63d0e8aa50,Signal card,Leadership / Product Management / Engineering / Product Marketing evidence appendix,SCIEX added Sciex Os Software,https://sciex.com/products/software/sciex-os-software,SCIEX OS Software,Unsupported/Hallucinated,"The current product page supports product existence/content, not a dated sitemap addition or update. No prior snapshot/diff is cited.",Critical,2026-07-29 (America/New_York)
sciex-monitor-product-page-added-8ddebb67c185,Signal card,Leadership / Product Management / Engineering / Product Marketing evidence appendix,SCIEX added Sciex Os Tips And Tricks,https://sciex.com/products/software/sciex-os-software/sciex-os-tips-and-tricks,SCIEX OS tips and tricks,Unsupported/Hallucinated,"The current product page supports product existence/content, not a dated sitemap addition or update. No prior snapshot/diff is cited.",Critical,2026-07-29 (America/New_York)
sciex-monitor-product-page-added-1de2a8b792e4,Signal card,Leadership / Product Management / Engineering / Product Marketing evidence appendix,SCIEX added Partner Software,https://sciex.com/products/software/partner-software,Partner Testimonials,Unsupported/Hallucinated,"The current product page supports product existence/content, not a dated sitemap addition or update. No prior snapshot/diff is cited.",Critical,2026-07-29 (America/New_York)
agilent-monitor-press-release-0ccfef63ebc7,Signal card,All role views / evidence feed,"Agilent Receives EU Approval for PD-L1 IHC 22C3 pharmDx in Epithelial Ovarian, Fallopian Tube, or Primary Peritoneal Carcinoma",https://www.agilent.com/about/newsroom/presrel/2026/23jul-ca26027.html,,UNREACHABLE,The cited primary source could not be fetched in the audit.,,2026-07-29 (America/New_York)
sec-thermo-0000097745-26-000138,Signal card,All role views / SEC evidence,Thermo Fisher filed 8-K,https://www.sec.gov/Archives/edgar/data/97745/000009774526000138/tmo-20260723.htm,THERMO FISHER SCIENTIFIC INC.,Verified,,,2026-07-29 (America/New_York)
thermo-fisher-monitor-press-release-21d47f45d77c,Signal card,All role views / evidence feed,Thermo Fisher Scientific Reports Second Quarter 2026 Results,https://ir.thermofisher.com/investors/news-events/news/news-details/2026/Thermo-Fisher-Scientific-Reports-Second-Quarter-2026-Results/default.aspx,Thermo Fisher Scientific Inc. - Thermo Fisher Scientific Reports Second Quarter 2026 Results,Verified,,,2026-07-29 (America/New_York)
sec-sciex-0000313616-26-000163,Signal card,All role views / SEC evidence,SCIEX filed 8-K,https://www.sec.gov/Archives/edgar/data/313616/000031361626000163/dhr-20260721.htm,DANAHER CORPORATION,Contradicted,"The SEC filing identifies DANAHER CORPORATION, not SCIEX.",Critical,2026-07-29 (America/New_York)
sec-sciex-0000313616-26-000161,Signal card,All role views / SEC evidence,SCIEX filed 10-Q,https://www.sec.gov/Archives/edgar/data/313616/000031361626000161/dhr-20260626.htm,DANAHER CORPORATION,Contradicted,"The SEC filing identifies DANAHER CORPORATION, not SCIEX.",Critical,2026-07-29 (America/New_York)
pubmed-42470478,Signal card,All role views / publication evidence,Oxidation-derived metabolites sustain the antioxidant network of quercetin,https://pubmed.ncbi.nlm.nih.gov/42470478/,,UNREACHABLE,The cited PubMed record returned a blocking/4xx response in the URL audit.,,2026-07-29 (America/New_York)
shimadzu-monitor-press-release-493d3ae30253,Signal card,All role views / evidence feed,Industry-Leading Detection Performance and Flexibility for Diverse Analytical Needs Shimadzu Releases the GCMS-TQ RX Series Gas Chromatograph-Mass Spectrometer,https://www.shimadzu.com/news/2026/rqlmu84w5ry4eew_.html,SHIMADZU CORPORATION : Industry-Leading Detection Performance and Flexibility for Diverse Analytical Needs Shimadzu Releases the,Verified,,,2026-07-29 (America/New_York)
pubmed-42452901,Signal card,All role views / publication evidence,Assessing quality standards of biomarker measurement in first-trimester combined screening for preeclampsia in the Chinese population: A multicenter study,https://pubmed.ncbi.nlm.nih.gov/42452901/,,UNREACHABLE,The cited PubMed record returned a blocking/4xx response in the URL audit.,,2026-07-29 (America/New_York)
thermo-fisher-monitor-technical-insight-1b3f4401f8d2,Signal card,All role views / evidence feed,Moving to Mainstream: Is the World Finally Ready for Low-Flow LC?,https://www.thermofisher.com/blog/analyteguru/moving-to-mainstream-is-the-world-finally-ready-for-low-flow-lc/,Moving to Mainstream: Is the World Finally Ready for Low-Flow LC? - AnalyteGuru,Verified,,,2026-07-29 (America/New_York)
shimadzu-monitor-product-page-added-51e328fafe8f,Signal card,Leadership / Product Management / Engineering / Product Marketing evidence appendix,Shimadzu added Index.Html,https://www.shimadzu.com/an/products/liquid-chromatograph-mass-spectrometry/index.html,Advanced LC-MS Solutions | SHIMADZU,Unsupported/Hallucinated,"The current product page supports product existence/content, not a dated sitemap addition or update. No prior snapshot/diff is cited.",Critical,2026-07-29 (America/New_York)
shimadzu-monitor-product-page-added-b53e177446a0,Signal card,Leadership / Product Management / Engineering / Product Marketing evidence appendix,Shimadzu added Index.Html,https://www.shimadzu.com/an/products/liquid-chromatograph-mass-spectrometry/lc-ms-system/lcmsms-method-package-for-modified-nucleosides/index.html,LC/MS/MS Method Package for Modified Nucleosides : SHIMADZU (Shimadzu Corporation),Unsupported/Hallucinated,"The current product page supports product existence/content, not a dated sitemap addition or update. No prior snapshot/diff is cited.",Critical,2026-07-29 (America/New_York)
shimadzu-monitor-product-page-added-4cc1776b3539,Signal card,Leadership / Product Management / Engineering / Product Marketing evidence appendix,Shimadzu added Index.Html,https://www.shimadzu.com/an/products/liquid-chromatograph-mass-spectrometry/lc-ms-system/lcmsms-method-package-for-short-chain-fatty-acids/index.html,LC/MS/MS Method Package for Short Chain Fatty Acids : SHIMADZU (Shimadzu Corporation),Unsupported/Hallucinated,"The current product page supports product existence/content, not a dated sitemap addition or update. No prior snapshot/diff is cited.",Critical,2026-07-29 (America/New_York)
shimadzu-monitor-product-page-added-ed77455d2ac1,Signal card,Leadership / Product Management / Engineering / Product Marketing evidence appendix,Shimadzu added Index.Html,https://www.shimadzu.com/an/products/liquid-chromatograph-mass-spectrometry/lc-ms-system/lcmsms-method-package-for-veterinary-drugs-ver-2/index.html,LC/MS/MS Method Package for Veterinary Drugs Ver. 2 : SHIMADZU (Shimadzu Corporation),Unsupported/Hallucinated,"The current product page supports product existence/content, not a dated sitemap addition or update. No prior snapshot/diff is cited.",Critical,2026-07-29 (America/New_York)
shimadzu-monitor-product-page-added-19235db0163b,Signal card,Leadership / Product Management / Engineering / Product Marketing evidence appendix,Shimadzu added Index.Html,https://www.shimadzu.com/an/products/liquid-chromatograph-mass-spectrometry/lc-ms-system/rapid-toxicology-screening-ver2/index.html,DPiMS™-8060 Method Package for Rapid Toxicology Screening Ver.2 : SHIMADZU (Shimadzu Corporation),Unsupported/Hallucinated,"The current product page supports product existence/content, not a dated sitemap addition or update. No prior snapshot/diff is cited.",Critical,2026-07-29 (America/New_York)
shimadzu-monitor-product-page-added-6d08e82a9c74,Signal card,Leadership / Product Management / Engineering / Product Marketing evidence appendix,Shimadzu added Index.Html,https://www.shimadzu.com/an/products/liquid-chromatograph-mass-spectrometry/lc-ms-system/metabolites-method-package-suite/index.html,Metabolites Method Package Suite : SHIMADZU (Shimadzu Corporation),Unsupported/Hallucinated,"The current product page supports product existence/content, not a dated sitemap addition or update. No prior snapshot/diff is cited.",Critical,2026-07-29 (America/New_York)
shimadzu-monitor-product-page-added-e771e6a0443c,Signal card,Leadership / Product Management / Engineering / Product Marketing evidence appendix,Shimadzu added Index.Html,https://www.shimadzu.com/an/products/liquid-chromatograph-mass-spectrometry/lc-ms-system/lcmsms-method-package-for-mycotoxins/index.html,LC/MS/MS Method Package for Mycotoxins : SHIMADZU (Shimadzu Corporation),Unsupported/Hallucinated,"The current product page supports product existence/content, not a dated sitemap addition or update. No prior snapshot/diff is cited.",Critical,2026-07-29 (America/New_York)
shimadzu-monitor-product-page-added-d8d1881ec362,Signal card,Leadership / Product Management / Engineering / Product Marketing evidence appendix,Shimadzu added Index.Html,https://www.shimadzu.com/an/products/liquid-chromatograph-mass-spectrometry/lc-ms-system/lcmsms-method-package-for-restricted-chemicals-in-textiles/index.html,LC/MS/MS Method Package for Restricted Chemicals in Textiles : SHIMADZU (Shimadzu Corporation),Unsupported/Hallucinated,"The current product page supports product existence/content, not a dated sitemap addition or update. No prior snapshot/diff is cited.",Critical,2026-07-29 (America/New_York)
shimadzu-monitor-product-page-added-55b9a0a378b7,Signal card,Leadership / Product Management / Engineering / Product Marketing evidence appendix,Shimadzu added Index.Html,https://www.shimadzu.com/an/products/liquid-chromatograph-mass-spectrometry/lc-ms-system/lcmsms-method-package-for-pfas/index.html,LC/MS/MS Method Package for PFAS in Drinking Water : SHIMADZU (Shimadzu Corporation),Unsupported/Hallucinated,"The current product page supports product existence/content, not a dated sitemap addition or update. No prior snapshot/diff is cited.",Critical,2026-07-29 (America/New_York)
shimadzu-monitor-product-page-added-ad97b6fc064e,Signal card,Leadership / Product Management / Engineering / Product Marketing evidence appendix,Shimadzu added Index.Html,https://www.shimadzu.com/an/products/liquid-chromatograph-mass-spectrometry/lc-ms-system/lcmsms-method-package-for-aminoglycoside-antibiotics/index.html,LC/MS/MS Method Package for Aminoglycoside Antibiotics : SHIMADZU (Shimadzu Corporation),Unsupported/Hallucinated,"The current product page supports product existence/content, not a dated sitemap addition or update. No prior snapshot/diff is cited.",Critical,2026-07-29 (America/New_York)
shimadzu-monitor-product-page-added-8cfe84e08928,Signal card,Leadership / Product Management / Engineering / Product Marketing evidence appendix,Shimadzu added Index.Html,https://www.shimadzu.com/an/products/liquid-chromatograph-mass-spectrometry/lc-ms-system/lcmsms-forensic-toxicology-database/index.html,LC/MS/MS Forensic Toxicology Database : SHIMADZU (Shimadzu Corporation),Unsupported/Hallucinated,"The current product page supports product existence/content, not a dated sitemap addition or update. No prior snapshot/diff is cited.",Critical,2026-07-29 (America/New_York)
shimadzu-monitor-product-page-added-f32f48945731,Signal card,Leadership / Product Management / Engineering / Product Marketing evidence appendix,Shimadzu added Index.Html,https://www.shimadzu.com/an/products/liquid-chromatograph-mass-spectrometry/lc-ms-system/lcmsms-method-package-for-water-quality-analysis/index.html,LC/MS/MS Method Package for Water Quality Analysis : SHIMADZU (Shimadzu Corporation),Unsupported/Hallucinated,"The current product page supports product existence/content, not a dated sitemap addition or update. No prior snapshot/diff is cited.",Critical,2026-07-29 (America/New_York)
shimadzu-monitor-product-page-added-32a20a522e57,Signal card,Leadership / Product Management / Engineering / Product Marketing evidence appendix,Shimadzu added Index.Html,https://www.shimadzu.com/an/products/liquid-chromatograph-mass-spectrometry/lc-ms-system/erexim-application-suite/index.html,Erexim™ Application Suite : SHIMADZU (Shimadzu Corporation),Unsupported/Hallucinated,"The current product page supports product existence/content, not a dated sitemap addition or update. No prior snapshot/diff is cited.",Critical,2026-07-29 (America/New_York)
shimadzu-monitor-product-page-added-71981cd6d718,Signal card,Leadership / Product Management / Engineering / Product Marketing evidence appendix,Shimadzu added Index.Html,https://www.shimadzu.com/an/products/liquid-chromatograph-mass-spectrometry/lc-ms-system/micro-volume-quechers-kit/index.html,Micro Volume QuEChERS Kit : SHIMADZU (Shimadzu Corporation),Unsupported/Hallucinated,"The current product page supports product existence/content, not a dated sitemap addition or update. No prior snapshot/diff is cited.",Critical,2026-07-29 (America/New_York)
shimadzu-monitor-product-page-added-a71525ce933f,Signal card,Leadership / Product Management / Engineering / Product Marketing evidence appendix,Shimadzu added Index.Html,https://www.shimadzu.com/an/products/liquid-chromatograph-mass-spectrometry/lc-ms-system/open-solution-analytical/index.html,Open Solution : SHIMADZU (Shimadzu Corporation),Unsupported/Hallucinated,"The current product page supports product existence/content, not a dated sitemap addition or update. No prior snapshot/diff is cited.",Critical,2026-07-29 (America/New_York)
shimadzu-monitor-product-page-added-97e1f78c5889,Signal card,Leadership / Product Management / Engineering / Product Marketing evidence appendix,Shimadzu added Index.Html,https://www.shimadzu.com/an/products/liquid-chromatograph-mass-spectrometry/lc-ms-system/mrm-library-for-triglycerides/index.html,LC/MS/MS MRM Library for Triglycerides : SHIMADZU (Shimadzu Corporation),Unsupported/Hallucinated,"The current product page supports product existence/content, not a dated sitemap addition or update. No prior snapshot/diff is cited.",Critical,2026-07-29 (America/New_York)
shimadzu-monitor-product-page-added-2eddf63b2cb1,Signal card,Leadership / Product Management / Engineering / Product Marketing evidence appendix,Shimadzu added Index.Html,https://www.shimadzu.com/an/products/liquid-chromatograph-mass-spectrometry/lc-ms-system/trap-free-2d-lcms-system-for-quadrupole-lcms/index.html,Trap-Free 2D LC/MS system for Quadrupole LCMS : SHIMADZU (Shimadzu Corporation),Unsupported/Hallucinated,"The current product page supports product existence/content, not a dated sitemap addition or update. No prior snapshot/diff is cited.",Critical,2026-07-29 (America/New_York)
shimadzu-monitor-product-page-added-5ae5e7c44e17,Signal card,Leadership / Product Management / Engineering / Product Marketing evidence appendix,Shimadzu added Index.Html,https://www.shimadzu.com/an/products/liquid-chromatograph-mass-spectrometry/lc-ms-system/lcmsms-method-package-for-dl-amino-acids/index.html,LC/MS/MS Method Package for D/L Amino Acids : SHIMADZU (Shimadzu Corporation),Unsupported/Hallucinated,"The current product page supports product existence/content, not a dated sitemap addition or update. No prior snapshot/diff is cited.",Critical,2026-07-29 (America/New_York)
shimadzu-monitor-product-page-added-518221098746,Signal card,Leadership / Product Management / Engineering / Product Marketing evidence appendix,Shimadzu added Index.Html,https://www.shimadzu.com/an/products/liquid-chromatograph-mass-spectrometry/lc-ms-system/nsmol-antibody-ba-kit/index.html,nSMOL Antibody BA Kit : SHIMADZU (Shimadzu Corporation),Unsupported/Hallucinated,"The current product page supports product existence/content, not a dated sitemap addition or update. No prior snapshot/diff is cited.",Critical,2026-07-29 (America/New_York)
shimadzu-monitor-product-page-added-4d056c533455,Signal card,Leadership / Product Management / Engineering / Product Marketing evidence appendix,Shimadzu added Index.Html,https://www.shimadzu.com/an/products/liquid-chromatograph-mass-spectrometry/lc-ms-system/exact-mass-database-for-endogenous-metabolites/index.html,Exact Mass Database for Endogenous Metabolites : SHIMADZU (Shimadzu Corporation),Unsupported/Hallucinated,"The current product page supports product existence/content, not a dated sitemap addition or update. No prior snapshot/diff is cited.",Critical,2026-07-29 (America/New_York)
shimadzu-monitor-product-page-added-30aefe6e6f59,Signal card,Leadership / Product Management / Engineering / Product Marketing evidence appendix,Shimadzu added Index.Html,https://www.shimadzu.com/an/products/liquid-chromatograph-mass-spectrometry/lc-ms-system/lcmsms-method-package-for-glycosaminoglycans/index.html,LC/MS/MS Method Package for Glycosaminoglycan : SHIMADZU (Shimadzu Corporation),Unsupported/Hallucinated,"The current product page supports product existence/content, not a dated sitemap addition or update. No prior snapshot/diff is cited.",Critical,2026-07-29 (America/New_York)
shimadzu-monitor-product-page-added-6f298dbf5243,Signal card,Leadership / Product Management / Engineering / Product Marketing evidence appendix,Shimadzu added Index.Html,https://www.shimadzu.com/an/products/liquid-chromatograph-mass-spectrometry/lc-ms-system/lcmsms-rapid-toxicology-screening-system-ver3/index.html,LC/MS/MS Rapid Toxicology Screening System Ver.3 : SHIMADZU (Shimadzu Corporation),Unsupported/Hallucinated,"The current product page supports product existence/content, not a dated sitemap addition or update. No prior snapshot/diff is cited.",Critical,2026-07-29 (America/New_York)
shimadzu-monitor-product-page-added-2c3957add961,Signal card,Leadership / Product Management / Engineering / Product Marketing evidence appendix,Shimadzu added Index.Html,https://www.shimadzu.com/an/products/liquid-chromatograph-mass-spectrometry/lc-ms-system/lcmsms-method-package-for-residual-pesticide-ver-3/index.html,LC/MS/MS Method Package for Residual Pesticide Ver. 3 : SHIMADZU (Shimadzu Corporation),Unsupported/Hallucinated,"The current product page supports product existence/content, not a dated sitemap addition or update. No prior snapshot/diff is cited.",Critical,2026-07-29 (America/New_York)
shimadzu-monitor-product-page-added-f1ef3af5c16d,Signal card,Leadership / Product Management / Engineering / Product Marketing evidence appendix,Shimadzu added Index.Html,https://www.shimadzu.com/an/products/liquid-chromatograph-mass-spectrometry/lc-ms-system/index.html,Application Specific LC-MS Systems : SHIMADZU (Shimadzu Corporation),Unsupported/Hallucinated,"The current product page supports product existence/content, not a dated sitemap addition or update. No prior snapshot/diff is cited.",Critical,2026-07-29 (America/New_York)
shimadzu-monitor-product-page-added-2cdb261ff452,Signal card,Leadership / Product Management / Engineering / Product Marketing evidence appendix,Shimadzu added Index.Html,https://www.shimadzu.com/an/products/liquid-chromatograph-mass-spectrometry/lc-ms-system/lcmsms-method-package-for-bile-acids/index.html,LC/MS/MS Method Package for Bile Acids : SHIMADZU (Shimadzu Corporation),Unsupported/Hallucinated,"The current product page supports product existence/content, not a dated sitemap addition or update. No prior snapshot/diff is cited.",Critical,2026-07-29 (America/New_York)
shimadzu-monitor-product-page-added-5f968814e4de,Signal card,Leadership / Product Management / Engineering / Product Marketing evidence appendix,Shimadzu added Index.Html,https://www.shimadzu.com/an/products/liquid-chromatograph-mass-spectrometry/lc-ms-system/method-package-guidebook/index.html,Method Package Guide : SHIMADZU (Shimadzu Corporation),Unsupported/Hallucinated,"The current product page supports product existence/content, not a dated sitemap addition or update. No prior snapshot/diff is cited.",Critical,2026-07-29 (America/New_York)
shimadzu-monitor-product-page-added-b3201d052f70,Signal card,Leadership / Product Management / Engineering / Product Marketing evidence appendix,Shimadzu added Index.Html,https://www.shimadzu.com/an/products/liquid-chromatograph-mass-spectrometry/lc-ms-system/lcmsms-method-package-for-reactive-sulfur-profiling/index.html,LC/MS/MS Method Package for Reactive Sulfur Profiling : SHIMADZU (Shimadzu Corporation),Unsupported/Hallucinated,"The current product page supports product existence/content, not a dated sitemap addition or update. No prior snapshot/diff is cited.",Critical,2026-07-29 (America/New_York)
shimadzu-monitor-product-page-added-75b45379fbb9,Signal card,Leadership / Product Management / Engineering / Product Marketing evidence appendix,Shimadzu added Index.Html,https://www.shimadzu.com/an/products/liquid-chromatograph-mass-spectrometry/lc-ms-system/lcmsms-method-package-for-cell-culture-profiling/index.html,LC/MS/MS Method Package for Cell Culture Profiling Ver. 3 : SHIMADZU (Shimadzu Corporation),Unsupported/Hallucinated,"The current product page supports product existence/content, not a dated sitemap addition or update. No prior snapshot/diff is cited.",Critical,2026-07-29 (America/New_York)
shimadzu-monitor-product-page-added-5ee64a49d3c4,Signal card,Leadership / Product Management / Engineering / Product Marketing evidence appendix,Shimadzu added Index.Html,https://www.shimadzu.com/an/products/liquid-chromatograph-mass-spectrometry/lc-ms-system/lcmsms-method-package-for-sugars-and-sugar-nucleotides/index.html,LC/MS/MS Method Package for Sugars and Sugar Nucleotides : SHIMADZU (Shimadzu Corporation),Unsupported/Hallucinated,"The current product page supports product existence/content, not a dated sitemap addition or update. No prior snapshot/diff is cited.",Critical,2026-07-29 (America/New_York)
shimadzu-monitor-product-page-added-3f23da6085a1,Signal card,Leadership / Product Management / Engineering / Product Marketing evidence appendix,Shimadzu added Index.Html,https://www.shimadzu.com/an/products/liquid-chromatograph-mass-spectrometry/lc-ms-system/oad-tof/index.html,OAD-TOF system : SHIMADZU (Shimadzu Corporation),Unsupported/Hallucinated,"The current product page supports product existence/content, not a dated sitemap addition or update. No prior snapshot/diff is cited.",Critical,2026-07-29 (America/New_York)
shimadzu-monitor-product-page-added-65b767430333,Signal card,Leadership / Product Management / Engineering / Product Marketing evidence appendix,Shimadzu added Index.Html,https://www.shimadzu.com/an/products/liquid-chromatograph-mass-spectrometry/lc-ms-system/cell-culture-profiling-method-package-for-the-lcms-2050/index.html,Cell Culture Profiling for LCMS-2050 : SHIMADZU (Shimadzu Corporation),Unsupported/Hallucinated,"The current product page supports product existence/content, not a dated sitemap addition or update. No prior snapshot/diff is cited.",Critical,2026-07-29 (America/New_York)
shimadzu-monitor-product-page-added-3b680e13d8e0,Signal card,Leadership / Product Management / Engineering / Product Marketing evidence appendix,Shimadzu added Index.Html,https://www.shimadzu.com/an/products/liquid-chromatograph-mass-spectrometry/quadrupole-time-of-flight-lc-msms/lcms-9030/index.html,LCMS-9030 : SHIMADZU (Shimadzu Corporation),Unsupported/Hallucinated,"The current product page supports product existence/content, not a dated sitemap addition or update. No prior snapshot/diff is cited.",Critical,2026-07-29 (America/New_York)
shimadzu-monitor-product-page-added-71203bceb4b8,Signal card,Leadership / Product Management / Engineering / Product Marketing evidence appendix,Shimadzu added Index.Html,https://www.shimadzu.com/an/products/liquid-chromatograph-mass-spectrometry/quadrupole-time-of-flight-lc-msms/index.html,Quadrupole Time-of-Flight LC-MS/MS : SHIMADZU (Shimadzu Corporation),Unsupported/Hallucinated,"The current product page supports product existence/content, not a dated sitemap addition or update. No prior snapshot/diff is cited.",Critical,2026-07-29 (America/New_York)
shimadzu-monitor-product-page-added-f4b32a819b9f,Signal card,Leadership / Product Management / Engineering / Product Marketing evidence appendix,Shimadzu added Index.Html,https://www.shimadzu.com/an/products/liquid-chromatograph-mass-spectrometry/quadrupole-time-of-flight-lc-msms/lcms-9050/index.html,LCMS-9050 : SHIMADZU (Shimadzu Corporation),Unsupported/Hallucinated,"The current product page supports product existence/content, not a dated sitemap addition or update. No prior snapshot/diff is cited.",Critical,2026-07-29 (America/New_York)
shimadzu-monitor-product-page-added-68e15dc04d80,Signal card,Leadership / Product Management / Engineering / Product Marketing evidence appendix,Shimadzu added Index.Html,https://www.shimadzu.com/an/products/liquid-chromatograph-mass-spectrometry/single-quadrupole-lc-ms/index.html,Single Quadrupole LC-MS : SHIMADZU (Shimadzu Corporation),Unsupported/Hallucinated,"The current product page supports product existence/content, not a dated sitemap addition or update. No prior snapshot/diff is cited.",Critical,2026-07-29 (America/New_York)
shimadzu-monitor-product-page-added-238cd9c2ee9a,Signal card,Leadership / Product Management / Engineering / Product Marketing evidence appendix,Shimadzu added Index.Html,https://www.shimadzu.com/an/products/liquid-chromatograph-mass-spectrometry/single-quadrupole-lc-ms/lcms-2050/index.html,LCMS-2050 : SHIMADZU (Shimadzu Corporation),Unsupported/Hallucinated,"The current product page supports product existence/content, not a dated sitemap addition or update. No prior snapshot/diff is cited.",Critical,2026-07-29 (America/New_York)
shimadzu-monitor-product-page-added-f766d5ee41ff,Signal card,Leadership / Product Management / Engineering / Product Marketing evidence appendix,Shimadzu added Index.Html,https://www.shimadzu.com/an/products/liquid-chromatograph-mass-spectrometry/lc-ms-option/dpims-8060/index.html,DPiMS-8060 : SHIMADZU (Shimadzu Corporation),Unsupported/Hallucinated,"The current product page supports product existence/content, not a dated sitemap addition or update. No prior snapshot/diff is cited.",Critical,2026-07-29 (America/New_York)
shimadzu-monitor-product-page-added-4f8bd0696daf,Signal card,Leadership / Product Management / Engineering / Product Marketing evidence appendix,Shimadzu added Index.Html,https://www.shimadzu.com/an/products/liquid-chromatograph-mass-spectrometry/lc-ms-option/dpims-qt/index.html,DPiMS™ QT : SHIMADZU (Shimadzu Corporation),Unsupported/Hallucinated,"The current product page supports product existence/content, not a dated sitemap addition or update. No prior snapshot/diff is cited.",Critical,2026-07-29 (America/New_York)
shimadzu-monitor-product-page-added-5d7447c87266,Signal card,Leadership / Product Management / Engineering / Product Marketing evidence appendix,Shimadzu added Index.Html,https://www.shimadzu.com/an/products/liquid-chromatograph-mass-spectrometry/lc-ms-option/index.html,LC-MS Components &amp; Accessories : SHIMADZU (Shimadzu Corporation),Unsupported/Hallucinated,"The current product page supports product existence/content, not a dated sitemap addition or update. No prior snapshot/diff is cited.",Critical,2026-07-29 (America/New_York)
shimadzu-monitor-product-page-added-690b8295c606,Signal card,Leadership / Product Management / Engineering / Product Marketing evidence appendix,Shimadzu added Index.Html,https://www.shimadzu.com/an/products/liquid-chromatograph-mass-spectrometry/lc-ms-option/clam-2040/index.html,CLAM-2040 : SHIMADZU (Shimadzu Corporation),Unsupported/Hallucinated,"The current product page supports product existence/content, not a dated sitemap addition or update. No prior snapshot/diff is cited.",Critical,2026-07-29 (America/New_York)
shimadzu-monitor-product-page-added-d01dd10282e0,Signal card,Leadership / Product Management / Engineering / Product Marketing evidence appendix,Shimadzu added Index.Html,https://www.shimadzu.com/an/products/liquid-chromatograph-mass-spectrometry/triple-quadrupole-lc-msms/comparison/index.html,Triple Quadrupole LC-MS/MS Comparison : SHIMADZU (Shimadzu Corporation),Unsupported/Hallucinated,"The current product page supports product existence/content, not a dated sitemap addition or update. No prior snapshot/diff is cited.",Critical,2026-07-29 (America/New_York)
shimadzu-monitor-product-page-added-7e6a04bbc9a7,Signal card,Leadership / Product Management / Engineering / Product Marketing evidence appendix,Shimadzu added Index.Html,https://www.shimadzu.com/an/products/liquid-chromatograph-mass-spectrometry/triple-quadrupole-lc-msms/index.html,Triple Quadrupole LC-MS/MS : SHIMADZU (Shimadzu Corporation),Unsupported/Hallucinated,"The current product page supports product existence/content, not a dated sitemap addition or update. No prior snapshot/diff is cited.",Critical,2026-07-29 (America/New_York)
shimadzu-monitor-product-page-added-9a63fcc27f4f,Signal card,Leadership / Product Management / Engineering / Product Marketing evidence appendix,Shimadzu added Index.Html,https://www.shimadzu.com/an/products/liquid-chromatograph-mass-spectrometry/triple-quadrupole-lc-msms/nexera-mikros/index.html,Nexera Mikros : SHIMADZU (Shimadzu Corporation),Unsupported/Hallucinated,"The current product page supports product existence/content, not a dated sitemap addition or update. No prior snapshot/diff is cited.",Critical,2026-07-29 (America/New_York)
shimadzu-monitor-product-page-added-66c3c71132fb,Signal card,Leadership / Product Management / Engineering / Product Marketing evidence appendix,Shimadzu added Index.Html,https://www.shimadzu.com/an/products/liquid-chromatograph-mass-spectrometry/triple-quadrupole-lc-msms/lcms-tq-rx-series/index.html,LCMS-TQ RX Series Triple Quadrupole LC-MS/MS : SHIMADZU (Shimadzu Corporation),Unsupported/Hallucinated,"The current product page supports product existence/content, not a dated sitemap addition or update. No prior snapshot/diff is cited.",Critical,2026-07-29 (America/New_York)
shimadzu-monitor-product-page-added-8c0c794af5b7,Signal card,Leadership / Product Management / Engineering / Product Marketing evidence appendix,Shimadzu added Index.Html,https://www.shimadzu.com/an/products/liquid-chromatograph-mass-spectrometry/triple-quadrupole-lc-msms/lcms-8065xe/index.html,LCMS-8065XE : SHIMADZU (Shimadzu Corporation),Unsupported/Hallucinated,"The current product page supports product existence/content, not a dated sitemap addition or update. No prior snapshot/diff is cited.",Critical,2026-07-29 (America/New_York)
shimadzu-monitor-product-page-added-61f1f9afe83d,Signal card,Leadership / Product Management / Engineering / Product Marketing evidence appendix,Shimadzu added Index.Html,https://www.shimadzu.com/an/products/liquid-chromatograph-mass-spectrometry/lc-ms-software/multi-charged-ion-analysis-software/index.html,Multi-Charged Ion Analysis Software : SHIMADZU (Shimadzu Corporation),Unsupported/Hallucinated,"The current product page supports product existence/content, not a dated sitemap addition or update. No prior snapshot/diff is cited.",Critical,2026-07-29 (America/New_York)
shimadzu-monitor-product-page-added-ee3b1cebbb47,Signal card,Leadership / Product Management / Engineering / Product Marketing evidence appendix,Shimadzu added Index.Html,https://www.shimadzu.com/an/products/liquid-chromatograph-mass-spectrometry/lc-ms-software/labsolutions-insight/index.html,LabSolutions Insight : SHIMADZU (Shimadzu Corporation),Unsupported/Hallucinated,"The current product page supports product existence/content, not a dated sitemap addition or update. No prior snapshot/diff is cited.",Critical,2026-07-29 (America/New_York)
shimadzu-monitor-product-page-added-8fd7f302110f,Signal card,Leadership / Product Management / Engineering / Product Marketing evidence appendix,Shimadzu added Index.Html,https://www.shimadzu.com/an/products/liquid-chromatograph-mass-spectrometry/lc-ms-software/lcmsms-mrm-library-for-phospholipid-profiling/index.html,LC/MS/MS MRM Library for Phospholipid Profiling : SHIMADZU (Shimadzu Corporation),Unsupported/Hallucinated,"The current product page supports product existence/content, not a dated sitemap addition or update. No prior snapshot/diff is cited.",Critical,2026-07-29 (America/New_York)
shimadzu-monitor-product-page-added-61550a2a5871,Signal card,Leadership / Product Management / Engineering / Product Marketing evidence appendix,Shimadzu added Index.Html,https://www.shimadzu.com/an/products/liquid-chromatograph-mass-spectrometry/lc-ms-software/iflagger/index.html,iFlagger : SHIMADZU (Shimadzu Corporation),Unsupported/Hallucinated,"The current product page supports product existence/content, not a dated sitemap addition or update. No prior snapshot/diff is cited.",Critical,2026-07-29 (America/New_York)
shimadzu-monitor-product-page-added-637d52fc117f,Signal card,Leadership / Product Management / Engineering / Product Marketing evidence appendix,Shimadzu added Index.Html,https://www.shimadzu.com/an/products/liquid-chromatograph-mass-spectrometry/lc-ms-software/index.html,LC-MS Software : SHIMADZU (Shimadzu Corporation),Unsupported/Hallucinated,"The current product page supports product existence/content, not a dated sitemap addition or update. No prior snapshot/diff is cited.",Critical,2026-07-29 (America/New_York)
shimadzu-monitor-product-page-added-6930642e6312,Signal card,Leadership / Product Management / Engineering / Product Marketing evidence appendix,Shimadzu added Index.Html,https://www.shimadzu.com/an/products/liquid-chromatograph-mass-spectrometry/lc-ms-software/lcmsms-mrm-library-for-metabolic-enzymes-in-yeast/index.html,LC/MS/MS MRM Library for Metabolic Enzymes in Yeast : SHIMADZU (Shimadzu Corporation),Unsupported/Hallucinated,"The current product page supports product existence/content, not a dated sitemap addition or update. No prior snapshot/diff is cited.",Critical,2026-07-29 (America/New_York)
shimadzu-monitor-product-page-added-20f0dc085708,Signal card,Leadership / Product Management / Engineering / Product Marketing evidence appendix,Shimadzu added Index.Html,https://www.shimadzu.com/an/products/liquid-chromatograph-mass-spectrometry/lc-ms-software/lcmsms-method-package-for-primary-metabolites/index.html,LC/MS/MS Method Package for Primary Metabolites : SHIMADZU (Shimadzu Corporation),Unsupported/Hallucinated,"The current product page supports product existence/content, not a dated sitemap addition or update. No prior snapshot/diff is cited.",Critical,2026-07-29 (America/New_York)
shimadzu-monitor-product-page-added-879a05bc4a68,Signal card,Leadership / Product Management / Engineering / Product Marketing evidence appendix,Shimadzu added Index.Html,https://www.shimadzu.com/an/products/liquid-chromatograph-mass-spectrometry/lc-ms-software/lcmsms-method-package-for-lipid-mediators/index.html,LC/MS/MS Method Package for Lipid Mediators : SHIMADZU (Shimadzu Corporation),Unsupported/Hallucinated,"The current product page supports product existence/content, not a dated sitemap addition or update. No prior snapshot/diff is cited.",Critical,2026-07-29 (America/New_York)
shimadzu-monitor-product-page-added-d118afc96d42,Signal card,Leadership / Product Management / Engineering / Product Marketing evidence appendix,Shimadzu added Index.Html,https://www.shimadzu.com/an/products/liquid-chromatograph-mass-spectrometry/lc-ms-software/multi-omics-analysis-package/index.html,Multi-omics Analysis Package : SHIMADZU (Shimadzu Corporation),Unsupported/Hallucinated,"The current product page supports product existence/content, not a dated sitemap addition or update. No prior snapshot/diff is cited.",Critical,2026-07-29 (America/New_York)
shimadzu-monitor-product-page-added-d476cb2f1cc4,Signal card,Leadership / Product Management / Engineering / Product Marketing evidence appendix,Shimadzu added Index.Html,https://www.shimadzu.com/an/products/liquid-chromatograph-mass-spectrometry/lc-ms-software/peakintelligence/index.html,Peakintelligence™ for LCMS : SHIMADZU (Shimadzu Corporation),Unsupported/Hallucinated,"The current product page supports product existence/content, not a dated sitemap addition or update. No prior snapshot/diff is cited.",Critical,2026-07-29 (America/New_York)
shimadzu-monitor-product-page-added-e4d0878f4df4,Signal card,Leadership / Product Management / Engineering / Product Marketing evidence appendix,Shimadzu added Index.Html,https://www.shimadzu.com/an/products/liquid-chromatograph-mass-spectrometry/lc-ms-software/traverse-ms/index.html,Traverse MS : SHIMADZU (Shimadzu Corporation),Unsupported/Hallucinated,"The current product page supports product existence/content, not a dated sitemap addition or update. No prior snapshot/diff is cited.",Critical,2026-07-29 (America/New_York)
shimadzu-monitor-product-page-added-5e8fd6e496be,Signal card,Leadership / Product Management / Engineering / Product Marketing evidence appendix,Shimadzu added Index.Html,https://www.shimadzu.com/an/products/liquid-chromatograph-mass-spectrometry/lc-ms-software/high-resolution-accurate-mass-library-for-forensic-toxicology/index.html,High Resolution Accurate Mass Library for Forensic Toxicology : SHIMADZU (Shimadzu Corporation),Unsupported/Hallucinated,"The current product page supports product existence/content, not a dated sitemap addition or update. No prior snapshot/diff is cited.",Critical,2026-07-29 (America/New_York)
shimadzu-monitor-product-page-added-9390bf1071b4,Signal card,Leadership / Product Management / Engineering / Product Marketing evidence appendix,Shimadzu added Index.Html,https://www.shimadzu.com/an/products/liquid-chromatograph-mass-spectrometry/lc-ms-software/labsolutions-insight-biologics/index.html,LabSolutions Insight Biologics : SHIMADZU (Shimadzu Corporation),Unsupported/Hallucinated,"The current product page supports product existence/content, not a dated sitemap addition or update. No prior snapshot/diff is cited.",Critical,2026-07-29 (America/New_York)
shimadzu-monitor-product-page-added-a9fdbe19bfde,Signal card,Leadership / Product Management / Engineering / Product Marketing evidence appendix,Shimadzu added Index.Html,https://www.shimadzu.com/an/products/liquid-chromatograph-mass-spectrometry/automated-lc-msms/index.html,Automated LC-MS/MS : SHIMADZU (Shimadzu Corporation),Unsupported/Hallucinated,"The current product page supports product existence/content, not a dated sitemap addition or update. No prior snapshot/diff is cited.",Critical,2026-07-29 (America/New_York)
shimadzu-monitor-product-page-added-6c567803f190,Signal card,Leadership / Product Management / Engineering / Product Marketing evidence appendix,Shimadzu added Index.Html,https://www.shimadzu.com/an/products/liquid-chromatograph-mass-spectrometry/stories/index.html,Overview : SHIMADZU (Shimadzu Corporation),Unsupported/Hallucinated,"The current product page supports product existence/content, not a dated sitemap addition or update. No prior snapshot/diff is cited.",Critical,2026-07-29 (America/New_York)
shimadzu-monitor-product-page-added-96ebf5b22508,Signal card,Leadership / Product Management / Engineering / Product Marketing evidence appendix,Shimadzu added Index.Html,https://www.shimadzu.com/an/products/liquid-chromatograph-mass-spectrometry/lc-ms-consumables/stable-labeled-standards/index.html,Stable Labeled Standards : SHIMADZU (Shimadzu Corporation),Unsupported/Hallucinated,"The current product page supports product existence/content, not a dated sitemap addition or update. No prior snapshot/diff is cited.",Critical,2026-07-29 (America/New_York)
shimadzu-monitor-product-page-added-4135a63f7e56,Signal card,Leadership / Product Management / Engineering / Product Marketing evidence appendix,Shimadzu added Index.Html,https://www.shimadzu.com/an/products/software-informatics/labsolutions-series/labsolutions-ta/index.html,LabSolutions TA : SHIMADZU (Shimadzu Corporation),Unsupported/Hallucinated,"The current product page supports product existence/content, not a dated sitemap addition or update. No prior snapshot/diff is cited.",Critical,2026-07-29 (America/New_York)
shimadzu-monitor-product-page-added-650a0d8b87ff,Signal card,Leadership / Product Management / Engineering / Product Marketing evidence appendix,Shimadzu added Index.Html,https://www.shimadzu.com/an/products/software-informatics/labsolutions-series/labsolutionsgcms/index.html,LabSolutions™ GCMS |Software for GCMS: SHIMADZU (Shimadzu Corporation),Unsupported/Hallucinated,"The current product page supports product existence/content, not a dated sitemap addition or update. No prior snapshot/diff is cited.",Critical,2026-07-29 (America/New_York)
shimadzu-monitor-product-page-added-bb824c4af68f,Signal card,Leadership / Product Management / Engineering / Product Marketing evidence appendix,Shimadzu added Index.Html,https://www.shimadzu.com/an/products/software-informatics/labsolutions-series/index.html,LabSolutions Series : SHIMADZU (Shimadzu Corporation),Unsupported/Hallucinated,"The current product page supports product existence/content, not a dated sitemap addition or update. No prior snapshot/diff is cited.",Critical,2026-07-29 (America/New_York)
shimadzu-monitor-product-page-added-3a8f3b0719e7,Signal card,Leadership / Product Management / Engineering / Product Marketing evidence appendix,Shimadzu added Index.Html,https://www.shimadzu.com/an/products/software-informatics/labsolutions-series/labsolutions-lcgc/index.html,LabSolutions™ LC/GC : SHIMADZU (Shimadzu Corporation),Unsupported/Hallucinated,"The current product page supports product existence/content, not a dated sitemap addition or update. No prior snapshot/diff is cited.",Critical,2026-07-29 (America/New_York)
shimadzu-monitor-product-page-added-a7b1d70dcc65,Signal card,Leadership / Product Management / Engineering / Product Marketing evidence appendix,Shimadzu added Index.Html,https://www.shimadzu.com/an/products/software-informatics/labsolutions-series/improving-the-data-integrity-of-spectrometers/index.html,Improving the Data Integrity of Spectrometers : SHIMADZU (Shimadzu Corporation),Unsupported/Hallucinated,"The current product page supports product existence/content, not a dated sitemap addition or update. No prior snapshot/diff is cited.",Critical,2026-07-29 (America/New_York)
shimadzu-monitor-product-page-added-d4a86b07fbd9,Signal card,Leadership / Product Management / Engineering / Product Marketing evidence appendix,Shimadzu added Index.Html,https://www.shimadzu.com/an/products/software-informatics/labsolutions-series/system-linkage-option/index.html,System Linkage Option : SHIMADZU (Shimadzu Corporation),Unsupported/Hallucinated,"The current product page supports product existence/content, not a dated sitemap addition or update. No prior snapshot/diff is cited.",Critical,2026-07-29 (America/New_York)
shimadzu-monitor-product-page-added-e60848441ceb,Signal card,Leadership / Product Management / Engineering / Product Marketing evidence appendix,Shimadzu added Index.Html,https://www.shimadzu.com/an/products/software-informatics/labsolutions-series/labsolutions-detect/index.html,LabSolutions Detect : SHIMADZU (Shimadzu Corporation),Unsupported/Hallucinated,"The current product page supports product existence/content, not a dated sitemap addition or update. No prior snapshot/diff is cited.",Critical,2026-07-29 (America/New_York)
shimadzu-monitor-product-page-added-64b8962dfdcb,Signal card,Leadership / Product Management / Engineering / Product Marketing evidence appendix,Shimadzu added Index.Html,https://www.shimadzu.com/an/products/software-informatics/labsolutions-series/labsolutions-dbcs/index.html,LabSolutions™ DB/CS : SHIMADZU (Shimadzu Corporation),Unsupported/Hallucinated,"The current product page supports product existence/content, not a dated sitemap addition or update. No prior snapshot/diff is cited.",Critical,2026-07-29 (America/New_York)
shimadzu-monitor-product-page-added-ab9bdb043e24,Signal card,Leadership / Product Management / Engineering / Product Marketing evidence appendix,Shimadzu added Index.Html,https://www.shimadzu.com/an/products/software-informatics/labsolutions-series/labsolutions-cs-powered-by-i-qlinks/index.html,LabSolutions™ CS Powered by i-QLinks™ : SHIMADZU (Shimadzu Corporation),Unsupported/Hallucinated,"The current product page supports product existence/content, not a dated sitemap addition or update. No prior snapshot/diff is cited.",Critical,2026-07-29 (America/New_York)
shimadzu-monitor-product-page-added-fd5e5821267a,Signal card,Leadership / Product Management / Engineering / Product Marketing evidence appendix,Shimadzu added Index.Html,https://www.shimadzu.com/an/products/software-informatics/labsolutions-series/labsolutions-insight-profiler/index.html,LabSolutions Insight™ Profiler : SHIMADZU (Shimadzu Corporation),Unsupported/Hallucinated,"The current product page supports product existence/content, not a dated sitemap addition or update. No prior snapshot/diff is cited.",Critical,2026-07-29 (America/New_York)
shimadzu-monitor-product-page-added-1bd762ed9815,Signal card,Leadership / Product Management / Engineering / Product Marketing evidence appendix,Shimadzu added Index.Html,https://www.shimadzu.com/an/products/liquid-chromatography/ion-chromatograph/index.html,Ion Chromatograph Systems : SHIMADZU (Shimadzu Corporation),Unsupported/Hallucinated,"The current product page supports product existence/content, not a dated sitemap addition or update. No prior snapshot/diff is cited.",Critical,2026-07-29 (America/New_York)
shimadzu-monitor-product-page-added-30d66629b766,Signal card,Leadership / Product Management / Engineering / Product Marketing evidence appendix,Shimadzu added Index.Html,https://www.shimadzu.com/an/products/liquid-chromatography/ion-chromatograph/nexera-ic/index.html,Nexera IC Ion Chromatograph : SHIMADZU (Shimadzu Corporation),Unsupported/Hallucinated,"The current product page supports product existence/content, not a dated sitemap addition or update. No prior snapshot/diff is cited.",Critical,2026-07-29 (America/New_York)
shimadzu-monitor-product-page-added-f671c1a576ff,Signal card,Leadership / Product Management / Engineering / Product Marketing evidence appendix,Shimadzu added Index.Html,https://www.shimadzu.com/an/products/liquid-chromatography/hplcuhplc/i-series/index.html,i-Series : SHIMADZU (Shimadzu Corporation),Unsupported/Hallucinated,"The current product page supports product existence/content, not a dated sitemap addition or update. No prior snapshot/diff is cited.",Critical,2026-07-29 (America/New_York)
shimadzu-monitor-product-page-added-5cc52acdc991,Signal card,Leadership / Product Management / Engineering / Product Marketing evidence appendix,Shimadzu added Index.Html,https://www.shimadzu.com/an/products/liquid-chromatography/hplcuhplc/index.html,HPLC/UHPLC/SFC Systems : SHIMADZU (Shimadzu Corporation),Unsupported/Hallucinated,"The current product page supports product existence/content, not a dated sitemap addition or update. No prior snapshot/diff is cited.",Critical,2026-07-29 (America/New_York)
shimadzu-monitor-product-page-added-8fb93454d535,Signal card,Leadership / Product Management / Engineering / Product Marketing evidence appendix,Shimadzu added Index.Html,https://www.shimadzu.com/an/products/liquid-chromatography/hplcuhplc/lc-2030c-nt/index.html,LC-2030C NT : SHIMADZU (Shimadzu Corporation),Unsupported/Hallucinated,"The current product page supports product existence/content, not a dated sitemap addition or update. No prior snapshot/diff is cited.",Critical,2026-07-29 (America/New_York)
shimadzu-monitor-product-page-added-9000f1db958b,Signal card,Leadership / Product Management / Engineering / Product Marketing evidence appendix,Shimadzu added Index.Html,https://www.shimadzu.com/an/products/liquid-chromatography/hplcuhplc/nexera-series/index.html,Nexera Series Ultra High Performance Liquid Chromatograph : SHIMADZU (Shimadzu Corporation),Unsupported/Hallucinated,"The current product page supports product existence/content, not a dated sitemap addition or update. No prior snapshot/diff is cited.",Critical,2026-07-29 (America/New_York)
shimadzu-monitor-product-page-added-d47d36473ec8,Signal card,Leadership / Product Management / Engineering / Product Marketing evidence appendix,Shimadzu added Index.Html,https://www.shimadzu.com/an/products/liquid-chromatography/hplcuhplc/nexera-x4/index.html,Nexera X4 Ultra High-Performance Liquid Chromatograph : SHIMADZU (Shimadzu Corporation),Unsupported/Hallucinated,"The current product page supports product existence/content, not a dated sitemap addition or update. No prior snapshot/diff is cited.",Critical,2026-07-29 (America/New_York)
thermo-fisher-monitor-press-release-76bfdaf0f5e8,Signal card,All role views / evidence feed,Thermo Fisher Scientific Announces Quarterly Dividend,https://ir.thermofisher.com/investors/news-events/news/news-details/2026/Thermo-Fisher-Scientific-Announces-Quarterly-Dividend-3dcda308b/default.aspx,Thermo Fisher Scientific Inc. - Thermo Fisher Scientific Announces Quarterly Dividend,Verified,,,2026-07-29 (America/New_York)
pubmed-42449855,Signal card,All role views / publication evidence,Preeclampsia Screening,https://pubmed.ncbi.nlm.nih.gov/42449855/,,UNREACHABLE,The cited PubMed record returned a blocking/4xx response in the URL audit.,,2026-07-29 (America/New_York)
pubmed-42520172,Signal card,All role views / publication evidence,Differentiation of White and Red Galangal Rhizomes by Pseudo-Targeted LC-MS/MS Metabolomics,https://pubmed.ncbi.nlm.nih.gov/42520172/,,UNREACHABLE,The cited PubMed record returned a blocking/4xx response in the URL audit.,,2026-07-29 (America/New_York)
thermo-fisher-monitor-press-release-79062e63c297,Signal card,All role views / evidence feed,"Thermo Fisher Scientific to Hold Earnings Conference Call on Thursday, July 23, 2026",https://ir.thermofisher.com/investors/news-events/news/news-details/2026/Thermo-Fisher-Scientific-to-Hold-Earnings-Conference-Call-on-Thursday-July-23-2026/default.aspx,"Thermo Fisher Scientific Inc. - Thermo Fisher Scientific to Hold Earnings Conference Call on Thursday,",Verified,,,2026-07-29 (America/New_York)
thermo-fisher-monitor-product-page-updated-6f8b9d500879,Signal card,Leadership / Product Management / Engineering / Product Marketing evidence appendix,Thermo Fisher updated Orbitrap Exploris Mass Spectrometers.Html,https://www.thermofisher.com/us/en/home/industrial/mass-spectrometry/liquid-chromatography-mass-spectrometry-lc-ms/lc-ms-systems/orbitrap-lc-ms/orbitrap-exploris-mass-spectrometers.html,Orbitrap Exploris Mass Spectrometers | Thermo Fisher Scientific - US,Unsupported/Hallucinated,"The current product page supports product existence/content, not a dated sitemap addition or update. No prior snapshot/diff is cited.",Critical,2026-07-29 (America/New_York)
thermo-fisher-monitor-product-page-updated-b0ad77dc1772,Signal card,Leadership / Product Management / Engineering / Product Marketing evidence appendix,Thermo Fisher updated Orbitrap Exploris 480 Mass Spectrometers.Html,https://www.thermofisher.com/us/en/home/industrial/mass-spectrometry/liquid-chromatography-mass-spectrometry-lc-ms/lc-ms-systems/orbitrap-lc-ms/orbitrap-exploris-mass-spectrometers/orbitrap-exploris-480-mass-spectrometers.html,Orbitrap Exploris 480 Mass Spectrometers | Thermo Fisher Scientific - US,Unsupported/Hallucinated,"The current product page supports product existence/content, not a dated sitemap addition or update. No prior snapshot/diff is cited.",Critical,2026-07-29 (America/New_York)
thermo-fisher-monitor-product-page-updated-f40e133aa6ff,Signal card,Leadership / Product Management / Engineering / Product Marketing evidence appendix,Thermo Fisher updated Orbitrap Exploris 240 Mass Spectrometers.Html,https://www.thermofisher.com/us/en/home/industrial/mass-spectrometry/liquid-chromatography-mass-spectrometry-lc-ms/lc-ms-systems/orbitrap-lc-ms/orbitrap-exploris-mass-spectrometers/orbitrap-exploris-240-mass-spectrometers.html,Orbitrap Exploris 240 Mass Spectrometer | Thermo Fisher Scientific - US,Unsupported/Hallucinated,"The current product page supports product existence/content, not a dated sitemap addition or update. No prior snapshot/diff is cited.",Critical,2026-07-29 (America/New_York)
thermo-fisher-monitor-product-page-updated-8015be403ecf,Signal card,Leadership / Product Management / Engineering / Product Marketing evidence appendix,Thermo Fisher updated Orbitrap Exploris 120 Mass Spectrometers.Html,https://www.thermofisher.com/us/en/home/industrial/mass-spectrometry/liquid-chromatography-mass-spectrometry-lc-ms/lc-ms-systems/orbitrap-lc-ms/orbitrap-exploris-mass-spectrometers/orbitrap-exploris-120-mass-spectrometers.html,Orbitrap Exploris 120 Mass Spectrometer | Thermo Fisher Scientific - US,Unsupported/Hallucinated,"The current product page supports product existence/content, not a dated sitemap addition or update. No prior snapshot/diff is cited.",Critical,2026-07-29 (America/New_York)
thermo-fisher-monitor-product-page-updated-c7c480e39774,Signal card,Leadership / Product Management / Engineering / Product Marketing evidence appendix,Thermo Fisher updated Vanquish Amplify Uhplc System.Html,https://www.thermofisher.com/us/en/home/industrial/chromatography/liquid-chromatography-lc/hplc-uhplc-systems/vanquish-amplify-uhplc-system.html,Vanquish Amplify UHPLC Systems | Thermo Fisher Scientific - US,Unsupported/Hallucinated,"The current product page supports product existence/content, not a dated sitemap addition or update. No prior snapshot/diff is cited.",Critical,2026-07-29 (America/New_York)
thermo-fisher-monitor-product-page-updated-f71fcdc13f41,Signal card,Leadership / Product Management / Engineering / Product Marketing evidence appendix,Thermo Fisher updated Orbitrap Lc Ms.Html,https://www.thermofisher.com/us/en/home/industrial/mass-spectrometry/liquid-chromatography-mass-spectrometry-lc-ms/lc-ms-systems/orbitrap-lc-ms.html,Orbitrap LC-MS | Thermo Fisher Scientific - US,Unsupported/Hallucinated,"The current product page supports product existence/content, not a dated sitemap addition or update. No prior snapshot/diff is cited.",Critical,2026-07-29 (America/New_York)
thermo-fisher-monitor-product-page-updated-49db11c56d26,Signal card,Leadership / Product Management / Engineering / Product Marketing evidence appendix,Thermo Fisher updated Orbitrap Excedion Pro Mass Spectrometer.Html,https://www.thermofisher.com/us/en/home/industrial/mass-spectrometry/liquid-chromatography-mass-spectrometry-lc-ms/lc-ms-systems/orbitrap-lc-ms/orbitrap-excedion-pro-mass-spectrometer.html,Orbitrap Excedion Series Mass Spectrometers | Thermo Fisher Scientific - US,Unsupported/Hallucinated,"The current product page supports product existence/content, not a dated sitemap addition or update. No prior snapshot/diff is cited.",Critical,2026-07-29 (America/New_York)
thermo-fisher-monitor-product-page-updated-2604cffb1ef2,Signal card,Leadership / Product Management / Engineering / Product Marketing evidence appendix,Thermo Fisher updated Orbitrap Excedion Pro Biopharma Ms.Html,https://www.thermofisher.com/us/en/home/industrial/mass-spectrometry/liquid-chromatography-mass-spectrometry-lc-ms/lc-ms-systems/orbitrap-lc-ms/orbitrap-excedion-pro-mass-spectrometer/orbitrap-excedion-pro-biopharma-ms.html,Orbitrap Excedion Series BioPharma Edition Mass Spectrometer | Thermo Fisher Scientific - US,Unsupported/Hallucinated,"The current product page supports product existence/content, not a dated sitemap addition or update. No prior snapshot/diff is cited.",Critical,2026-07-29 (America/New_York)
sec-agilent-0001193125-26-282845,Signal card,All role views / SEC evidence,Agilent filed 8-K,https://www.sec.gov/Archives/edgar/data/1090872/000119312526282845/d75293d8k.htm,"AGILENT TECHNOLOGIES, INC.",Verified,,,2026-07-29 (America/New_York)
thermo-fisher-monitor-product-page-updated-cdfaeffb9481,Signal card,Leadership / Product Management / Engineering / Product Marketing evidence appendix,Thermo Fisher updated Tsq Certis Triple Quadripole Ms.Html,https://www.thermofisher.com/us/en/home/industrial/mass-spectrometry/liquid-chromatography-mass-spectrometry-lc-ms/lc-ms-systems/triple-quadrupole-lc-ms/tsq-certis-triple-quadripole-ms.html,TSQ Certis Mass Spectrometer | Thermo Fisher Scientific - US,Unsupported/Hallucinated,"The current product page supports product existence/content, not a dated sitemap addition or update. No prior snapshot/diff is cited.",Critical,2026-07-29 (America/New_York)
perkinelmer-project-farma-oracle-2026,Signal card,All role views / evidence feed,PerkinElmer Project Farma expands PMIS offering with Oracle Primavera Cloud,https://www.perkinelmer.com/corporate-and-newsroom/project-farma-expands-pmis-offering-oracle-primavera-cloud,Project Farma Partners with Valkit.ai - Modernizing Digital Validation with AI,Verified,,,2026-07-29 (America/New_York)
agilent-openai-bcg-2026,Signal card,All role views / evidence feed,"Agilent, OpenAI, and BCG collaborate on AI-driven scientific innovation",https://www.agilent.com/about/newsroom/presrel/2026/03jun-gp26013.html,,UNREACHABLE,The cited primary source could not be fetched in the audit.,,2026-07-29 (America/New_York)
sec-sciex-0001193125-26-255555,Signal card,All role views / SEC evidence,SCIEX filed 8-K,https://www.sec.gov/Archives/edgar/data/313616/000119312526255555/d63873d8k.htm,DANAHER CORP /DE/,Contradicted,"The SEC filing identifies DANAHER CORP /DE/, not SCIEX.",Critical,2026-07-29 (America/New_York)
agilent-sound-analytics-dmpk-2026,Signal card,All role views / evidence feed,Agilent and Sound Analytics collaborate on LC/MS workflows for DMPK,https://www.agilent.com/about/newsroom/presrel/2026/01jun-ca26022.html,,UNREACHABLE,The cited primary source could not be fetched in the audit.,,2026-07-29 (America/New_York)
sciex-monitor-press-release-6e5bfd32b037,Signal card,All role views / evidence feed,SCIEX launches the novus V55 system with SCIEX OS 5.0 software and AI enablement tools,https://sciex.com/about-us/press-releases/2026/sciex-launches-its-5th-generation-of-nominal-mass-novus-v55-system-with-sciexos-5-0-software,"SCIEX launches its 5th generation of nominal mass, the novus V55 system with SCIEX OS",Verified,,,2026-07-29 (America/New_York)
sciex-monitor-press-release-b63fd59eab93,Signal card,All role views / evidence feed,"SCIEX advances the ZenoTOF line with platform-wide expansions in software, integrations, and key collaborations",https://sciex.com/about-us/press-releases/2026/zenotof-unlock,"SCIEX advances the ZenoTOF line with platform-wide expansions in software, integrations, and key collaborations",Verified,,,2026-07-29 (America/New_York)
sec-agilent-0001090872-26-000055,Signal card,All role views / SEC evidence,Agilent filed 10-Q,https://www.sec.gov/Archives/edgar/data/1090872/000109087226000055/a-20260430.htm,"AGILENT TECHNOLOGIES, INC.",Verified,,,2026-07-29 (America/New_York)
agilent-openlab-sync-usp-2026,Signal card,All role views / evidence feed,Agilent introduces OpenLab Sync with USP MethodConnect integration,https://www.agilent.com/about/newsroom/presrel/2026/28may-ca26020.html,,UNREACHABLE,The cited primary source could not be fetched in the audit.,,2026-07-29 (America/New_York)
perkinelmer-project-farma-valkit-ai-2026,Signal card,All role views / evidence feed,PerkinElmer Project Farma partners with Valkit.ai on AI-powered validation,https://www.perkinelmer.com/corporate-and-newsroom/project-farma-partners-valkitai,Project Farma Partners with Valkit.ai - Modernizing Digital Validation with AI,Verified,,,2026-07-29 (America/New_York)
thermo-fisher-monitor-product-page-updated-bd169a255fd1,Signal card,Leadership / Product Management / Engineering / Product Marketing evidence appendix,Thermo Fisher updated Orbitrap Tribrid Apex Mass Spectrometer.Html,https://www.thermofisher.com/us/en/home/industrial/mass-spectrometry/liquid-chromatography-mass-spectrometry-lc-ms/lc-ms-systems/orbitrap-lc-ms/orbitrap-tribrid-mass-spectrometers/orbitrap-tribrid-apex-mass-spectrometer.html,Orbitrap Tribrid Apex Mass Spectrometers | Thermo Fisher Scientific - US,Unsupported/Hallucinated,"The current product page supports product existence/content, not a dated sitemap addition or update. No prior snapshot/diff is cited.",Critical,2026-07-29 (America/New_York)
thermo-fisher-monitor-technical-insight-f83d4d127f83,Signal card,All role views / evidence feed,"1,000 Publications and Counting: What Researchers Are Unlocking With the Orbitrap Astral Mass Spectrometer",https://www.thermofisher.com/blog/analyteguru/1000-publications-and-counting-what-researchers-are-unlocking-with-the-orbitrap-astral-mass-spectrometer/,"1,000 Publications and Counting: What Researchers Are Unlocking With the Orbitrap Astral Mass Spectrometer -",Verified,,,2026-07-29 (America/New_York)
sec-agilent-0001090872-26-000052,Signal card,All role views / SEC evidence,Agilent filed 8-K,https://www.sec.gov/Archives/edgar/data/1090872/000109087226000052/a-20260520.htm,"AGILENT TECHNOLOGIES, INC.",Verified,,,2026-07-29 (America/New_York)
thermo-fisher-monitor-product-page-updated-09b041f24af6,Signal card,Leadership / Product Management / Engineering / Product Marketing evidence appendix,Thermo Fisher updated Orbitrap Eclipse Tribrid Mass Spectrometer.Html,https://www.thermofisher.com/us/en/home/industrial/mass-spectrometry/liquid-chromatography-mass-spectrometry-lc-ms/lc-ms-systems/orbitrap-lc-ms/orbitrap-tribrid-mass-spectrometers/orbitrap-eclipse-tribrid-mass-spectrometer.html,Orbitrap Eclipse Tribrid Mass Spectrometer | Thermo Fisher Scientific - US,Unsupported/Hallucinated,"The current product page supports product existence/content, not a dated sitemap addition or update. No prior snapshot/diff is cited.",Critical,2026-07-29 (America/New_York)
sec-thermo-0000097745-26-000117,Signal card,All role views / SEC evidence,Thermo Fisher filed 8-K,https://www.sec.gov/Archives/edgar/data/97745/000009774526000117/tmo-20260520.htm,THERMO FISHER SCIENTIFIC INC.,Verified,,,2026-07-29 (America/New_York)
thermo-fisher-monitor-product-page-updated-9b0efa50a4a2,Signal card,Leadership / Product Management / Engineering / Product Marketing evidence appendix,Thermo Fisher updated Orbitrap Excedion Pro Ms.Html,https://www.thermofisher.com/us/en/home/industrial/mass-spectrometry/liquid-chromatography-mass-spectrometry-lc-ms/lc-ms-systems/orbitrap-lc-ms/orbitrap-excedion-pro-mass-spectrometer/orbitrap-excedion-pro-ms.html,Orbitrap Excedion Pro Mass Spectrometer | Thermo Fisher Scientific - US,Unsupported/Hallucinated,"The current product page supports product existence/content, not a dated sitemap addition or update. No prior snapshot/diff is cited.",Critical,2026-07-29 (America/New_York)
agilent-nati-oligo-2026,Signal card,All role views / evidence feed,Agilent and Singapore NATi partner on lipid-conjugated oligonucleotide research,https://www.agilent.com/about/newsroom/presrel/2026/20may-ca26015.html,,UNREACHABLE,The cited primary source could not be fetched in the audit.,,2026-07-29 (America/New_York)
agilent-orca-biopharma-hub-2026,Signal card,All role views / evidence feed,Agilent opens ORCA biopharma research hub in South Korea,https://www.agilent.com/about/newsroom/presrel/2026/20may-ca26014.html,,UNREACHABLE,The cited primary source could not be fetched in the audit.,,2026-07-29 (America/New_York)
thermo-fisher-monitor-technical-insight-5e8a45f4f5b6,Signal card,All role views / evidence feed,Advancing Clinical Research at ASMS 2026: From Robust Workflows to Real-World Impact,https://www.thermofisher.com/blog/analyteguru/advancing-clinical-research-at-asms-2026-from-robust-workflows-to-real-world-impact/,Advancing Clinical Research at ASMS 2026: From Robust Workflows to Real-World Impact - AnalyteGuru,Verified,,,2026-07-29 (America/New_York)
thermo-fisher-monitor-technical-insight-e6a6e287fa80,Signal card,All role views / evidence feed,Unlocking High-Throughput Potential in Liquid Chromatography With Vanquish Systems,https://www.thermofisher.com/blog/analyteguru/unlocking-high-throughput-potential-in-liquid-chromatography-with-vanquish-systems/,Unlocking High-Throughput Potential in Liquid Chromatography With Vanquish Systems - AnalyteGuru,Verified,,,2026-07-29 (America/New_York)
sec-perkinelmer-0000031791-26-000019,Signal card,All role views / SEC evidence,PerkinElmer filed 10-Q,https://www.sec.gov/Archives/edgar/data/31791/000003179126000019/revv-20260405.htm,"Revvity, Inc.",Contradicted,"The SEC filing identifies Revvity, Inc., not PerkinElmer.",Critical,2026-07-29 (America/New_York)
sec-sciex-0000313616-26-000127,Signal card,All role views / SEC evidence,SCIEX filed 8-K,https://www.sec.gov/Archives/edgar/data/313616/000031361626000127/dhr-20260505.htm,DANAHER CORPORATION,Contradicted,"The SEC filing identifies DANAHER CORPORATION, not SCIEX.",Critical,2026-07-29 (America/New_York)
thermo-fisher-monitor-technical-insight-4d0e48f0a144,Signal card,All role views / evidence feed,Turning Science Into Safer Water for Nearly 1.8 Million People,https://www.thermofisher.com/blog/analyteguru/turning-science-into-safer-water-for-nearly-1-8-million-people/,Turning Science Into Safer Water for Nearly 1.8 Million People - AnalyteGuru,Verified,,,2026-07-29 (America/New_York)
sec-perkinelmer-0000031791-26-000016,Signal card,All role views / SEC evidence,PerkinElmer filed 8-K,https://www.sec.gov/Archives/edgar/data/31791/000003179126000016/pki-20260505.htm,"Revvity, Inc.",Contradicted,"The SEC filing identifies Revvity, Inc., not PerkinElmer.",Critical,2026-07-29 (America/New_York)
sec-agilent-0001193125-26-202636,Signal card,All role views / SEC evidence,Agilent filed 8-K,https://www.sec.gov/Archives/edgar/data/1090872/000119312526202636/a-20260504.htm,"AGILENT TECHNOLOGIES, INC.",Verified,,,2026-07-29 (America/New_York)
pubmed-42232243,Signal card,All role views / publication evidence,Enhancing ginsenoside isomers annotation by integrated analysis of electron-activated dissociation and collision-induced dissociation tandem mass spectrometry,https://pubmed.ncbi.nlm.nih.gov/42232243/,,UNREACHABLE,The cited PubMed record returned a blocking/4xx response in the URL audit.,,2026-07-29 (America/New_York)
sec-thermo-0000097745-26-000092,Signal card,All role views / SEC evidence,Thermo Fisher filed 10-Q,https://www.sec.gov/Archives/edgar/data/97745/000009774526000092/tmo-20260328.htm,THERMO FISHER SCIENTIFIC INC.,Verified,,,2026-07-29 (America/New_York)
sec-perkinelmer-0001193125-26-201401,Signal card,All role views / SEC evidence,PerkinElmer filed 8-K,https://www.sec.gov/Archives/edgar/data/31791/000119312526201401/d146870d8k.htm,"Revvity, Inc.",Contradicted,"The SEC filing identifies Revvity, Inc., not PerkinElmer.",Critical,2026-07-29 (America/New_York)
thermo-fisher-monitor-technical-insight-4324a7244e14,Signal card,All role views / evidence feed,"New Technical Note: Robust, High-Throughput Peptide Quantitation on the TSQ Certis Triple Quadrupole MS with OptiSpray Technology",https://www.thermofisher.com/blog/analyteguru/new-technical-note-robust-high-throughput-peptide-quantitation-on-the-tsq-certis-triple-quadrupole-ms-with-optispray-technology/,"New Technical Note: Robust, High-Throughput Peptide Quantitation on the TSQ Certis Triple Quadrupole MS with",Verified,,,2026-07-29 (America/New_York)
sec-sciex-0001193125-26-191608,Signal card,All role views / SEC evidence,SCIEX filed 8-K,https://www.sec.gov/Archives/edgar/data/313616/000119312526191608/d107133d8k.htm,DANAHER CORP /DE/,Contradicted,"The SEC filing identifies DANAHER CORP /DE/, not SCIEX.",Critical,2026-07-29 (America/New_York)
thermo-fisher-monitor-technical-insight-ea2e06a66ada,Signal card,All role views / evidence feed,Rethinking What’s Possible in Biological Research with the Orbitrap Astral Zoom Mass Spectrometer,https://www.thermofisher.com/blog/analyteguru/rethinking-whats-possible-in-biological-research-with-the-orbitrap-astral-zoom-mass-spectrometer/,Rethinking What’s Possible in Biological Research with the Orbitrap Astral Zoom Mass Spectrometer - AnalyteGuru,Verified,,,2026-07-29 (America/New_York)
sec-thermo-0000097745-26-000086,Signal card,All role views / SEC evidence,Thermo Fisher filed 8-K,https://www.sec.gov/Archives/edgar/data/97745/000009774526000086/tmo-20260423.htm,THERMO FISHER SCIENTIFIC INC.,Verified,,,2026-07-29 (America/New_York)
thermo-fisher-monitor-product-page-updated-175929474b04,Signal card,Leadership / Product Management / Engineering / Product Marketing evidence appendix,Thermo Fisher updated Q Exactive Orbitrap Mass Spectrometers.Html,https://www.thermofisher.com/us/en/home/industrial/mass-spectrometry/liquid-chromatography-mass-spectrometry-lc-ms/lc-ms-systems/orbitrap-lc-ms/q-exactive-orbitrap-mass-spectrometers.html,Q Exactive Orbitrap Mass Spectrometers | Thermo Fisher Scientific - US,Unsupported/Hallucinated,"The current product page supports product existence/content, not a dated sitemap addition or update. No prior snapshot/diff is cited.",Critical,2026-07-29 (America/New_York)
thermo-fisher-monitor-technical-insight-f83d75ac14f7,Signal card,All role views / evidence feed,"Neuroscience Takes Flight: How Collaboration, Spaceflight, and Orbitrap Astral MS Are Opening a New Window into Brain Aging",https://www.thermofisher.com/blog/analyteguru/neuroscience-takes-flight-how-collaboration-spaceflight-and-orbitrap-astral-ms-are-opening-a-new-window-into-brain-aging/,"Neuroscience Takes Flight: How Collaboration, Spaceflight, and Orbitrap Astral MS Are Opening a New Window",Verified,,,2026-07-29 (America/New_York)
sec-sciex-0000313616-26-000107,Signal card,All role views / SEC evidence,SCIEX filed 10-Q,https://www.sec.gov/Archives/edgar/data/313616/000031361626000107/dhr-20260327.htm,DANAHER CORPORATION,Contradicted,"The SEC filing identifies DANAHER CORPORATION, not SCIEX.",Critical,2026-07-29 (America/New_York)
agilent-omixai-proteomics-2026,Signal card,All role views / evidence feed,Agilent partners with OmixAI on AI-driven proteomics in South Korea,https://www.agilent.com/about/newsroom/presrel/2026/14apr-ca26012.html,,UNREACHABLE,The cited primary source could not be fetched in the audit.,,2026-07-29 (America/New_York)
thermo-fisher-monitor-technical-insight-e4e93afc5acb,Signal card,All role views / evidence feed,What Happens When Glycoproteomics Meets Real-Time LC-MS Decision Making?,https://www.thermofisher.com/blog/analyteguru/what-happens-when-glycoproteomics-meets-real-time-lc-ms-decision-making/,What Happens When Glycoproteomics Meets Real-Time LC-MS Decision Making? - AnalyteGuru,Verified,,,2026-07-29 (America/New_York)
sec-agilent-0001193125-26-142101,Signal card,All role views / SEC evidence,Agilent filed 8-K,https://www.sec.gov/Archives/edgar/data/1090872/000119312526142101/a-20260331.htm,"AGILENT TECHNOLOGIES, INC.",Verified,,,2026-07-29 (America/New_York)
agilent-mumbai-cec-2026,Signal card,All role views / evidence feed,Agilent opens Customer Experience Center in Mumbai,https://www.agilent.com/about/newsroom/presrel/2026/02apr-ca26011.html,,UNREACHABLE,The cited primary source could not be fetched in the audit.,,2026-07-29 (America/New_York)
thermo-fisher-monitor-technical-insight-252772b9d981,Signal card,All role views / evidence feed,"Phosphorylation, ADMA, and O-GlcNAc Analysis on the Orbitrap Excedion Pro Mass Spectrometer",https://www.thermofisher.com/blog/analyteguru/phosphorylation-adma-and-o-glcnac-analysis-on-the-orbitrap-excedion-pro-mass-spectrometer/,"Phosphorylation, ADMA, and O-GlcNAc Analysis on the Orbitrap Excedion Pro Mass Spectrometer - AnalyteGuru",Verified,,,2026-07-29 (America/New_York)
sec-thermo-0000097745-26-000066,Signal card,All role views / SEC evidence,Thermo Fisher filed 8-K,https://www.sec.gov/Archives/edgar/data/97745/000009774526000066/tmo-20260324.htm,THERMO FISHER SCIENTIFIC INC.,Verified,,,2026-07-29 (America/New_York)
shimadzu-monitor-press-release-5d6c0db3bf69,Signal card,All role views / evidence feed,Development of a MALDI Mass Spectrometry Method for Serotype Identification of Gene Therapy Vectors Collaborative Study Published in Analytical Chemistry,https://www.shimadzu.com/news/2026/kl7r0r4uj64q9kpv.html,SHIMADZU CORPORATION : Development of a MALDI Mass Spectrometry Method for Serotype Identification of Gene,Verified,,,2026-07-29 (America/New_York)
shimadzu-monitor-press-release-e691485b7639,Signal card,All role views / evidence feed,DOSIMMUNE™ LC-MS/MS Immunosuppressant Analysis Kit Obtains European IVDR Class C Certification Contributing to Therapeutic Drug Monitoring,https://www.shimadzu.com/news/2026/h8vx9je-kascz6do.html,SHIMADZU CORPORATION : DOSIMMUNE™ LC-MS/MS Immunosuppressant Analysis Kit Obtains European IVDR Class C Certification Contributing,Verified,,,2026-07-29 (America/New_York)
shimadzu-monitor-press-release-9f9572aeee0c,Signal card,All role views / evidence feed,Next-Generation Model Offers both Industry-Leading Separation Performance and Ultra-Fast Analysis Release of Nexera X4 Ultra High Performance Liquid Chromatograph,https://www.shimadzu.com/news/2026/k8iri3_20_z4uvwt.html,SHIMADZU CORPORATION : Next-Generation Model Offers both Industry-Leading Separation Performance and Ultra-Fast Analysis Release of,Verified,,,2026-07-29 (America/New_York)
thermo-fisher-monitor-technical-insight-d12fd4e1d0a9,Signal card,All role views / evidence feed,Electrospray 101: What to Know About LC-MS Sources – and a First Look at Optispray,https://www.thermofisher.com/blog/analyteguru/electrospray-101-what-to-know-about-lc-ms-sources-and-a-first-look-at-optispray/,Electrospray 101: What to Know About LC-MS Sources - and a First Look at Optispray,Verified,,,2026-07-29 (America/New_York)
sec-agilent-0001090872-26-000023,Signal card,All role views / SEC evidence,Agilent filed 10-Q,https://www.sec.gov/Archives/edgar/data/1090872/000109087226000023/a-20260131.htm,"AGILENT TECHNOLOGIES, INC.",Verified,,,2026-07-29 (America/New_York)
pubmed-41355705,Signal card,All role views / publication evidence,Angiogenic Biomarkers and Neonatal Outcomes in Suspected Preeclampsia: Retrospective Cohort Study,https://pubmed.ncbi.nlm.nih.gov/41355705/,,UNREACHABLE,The cited PubMed record returned a blocking/4xx response in the URL audit.,,2026-07-29 (America/New_York)
sec-thermo-0000097745-26-000018,Signal card,All role views / SEC evidence,Thermo Fisher filed 10-K,https://www.sec.gov/Archives/edgar/data/97745/000009774526000018/tmo-20251231.htm,THERMO FISHER SCIENTIFIC INC.,Verified,,,2026-07-29 (America/New_York)
sec-sciex-0000313616-26-000062,Signal card,All role views / SEC evidence,SCIEX filed 10-K,https://www.sec.gov/Archives/edgar/data/313616/000031361626000062/dhr-20251231.htm,DANAHER CORPORATION,Contradicted,"The SEC filing identifies DANAHER CORPORATION, not SCIEX.",Critical,2026-07-29 (America/New_York)
sec-perkinelmer-0000031791-26-000012,Signal card,All role views / SEC evidence,PerkinElmer filed 10-K,https://www.sec.gov/Archives/edgar/data/31791/000003179126000012/revv-20251228.htm,"REVVITY, INC.",Contradicted,"The SEC filing identifies REVVITY, INC., not PerkinElmer.",Critical,2026-07-29 (America/New_York)
shimadzu-monitor-press-release-ec6bc5b5fbee,Signal card,All role views / evidence feed,Enables Reliable Water Quality Analysis for All Users and Reduces Workload through Smooth Operation Release of Nexera IC Ion Chromatograph,https://www.shimadzu.com/news/2026/t0best6lrz8y0uk9.html,SHIMADZU CORPORATION : Enables Reliable Water Quality Analysis for All Users and Reduces Workload through,Verified,,,2026-07-29 (America/New_York)
sciex-monitor-press-release-4d0a7e331929,Signal card,All role views / evidence feed,The Echo® MS+ system integration with the ZenoTOF 8600 system delivers enhanced sensitivity for high-throughput screening,https://sciex.com/about-us/press-releases/2026/the-echor-ms-system-integration-with-the-zenotof-8600-system-delivers-enhanced-sensitivity-for-high-throughput-screening,The Echo® MS+ system integration with the ZenoTOF 8600 system delivers enhanced sensitivity for high-throughput,Verified,,,2026-07-29 (America/New_York)
sec-perkinelmer-0000031791-26-000007,Signal card,All role views / SEC evidence,PerkinElmer filed 8-K,https://www.sec.gov/Archives/edgar/data/31791/000003179126000007/pki-20260202.htm,"Revvity, Inc.",Contradicted,"The SEC filing identifies Revvity, Inc., not PerkinElmer.",Critical,2026-07-29 (America/New_York)
pubmed-41111413,Signal card,All role views / publication evidence,Effect of Parity and Previous Preeclampsia on Maternal Hemodynamics,https://pubmed.ncbi.nlm.nih.gov/41111413/,,UNREACHABLE,The cited PubMed record returned a blocking/4xx response in the URL audit.,,2026-07-29 (America/New_York)
sec-perkinelmer-0000031791-26-000003,Signal card,All role views / SEC evidence,PerkinElmer filed 8-K,https://www.sec.gov/Archives/edgar/data/31791/000003179126000003/pki-20260112.htm,"Revvity, Inc.",Contradicted,"The SEC filing identifies Revvity, Inc., not PerkinElmer.",Critical,2026-07-29 (America/New_York)
thermo-fisher-monitor-technical-insight-96c800a34b83,Signal card,All role views / evidence feed,How to Cut HPLC Sample Preparation Time for Derivatizing Amino Acids,https://www.thermofisher.com/blog/analyteguru/how-to-cut-hplc-sample-preparation-time-for-derivatizing-amino-acids/,How to Cut HPLC Sample Preparation Time for Derivatizing Amino Acids - AnalyteGuru,Verified,,,2026-07-29 (America/New_York)
pubmed-42312152,Signal card,All role views / publication evidence,A new frame shift pathogenic variant (c.773dupT) in the BCKDHB gene caused MSUD in an infant from north of Iran,https://pubmed.ncbi.nlm.nih.gov/42312152/,,UNREACHABLE,The cited PubMed record returned a blocking/4xx response in the URL audit.,,2026-07-29 (America/New_York)
sec-agilent-0001090872-25-000087,Signal card,All role views / SEC evidence,Agilent filed 10-K,https://www.sec.gov/Archives/edgar/data/1090872/000109087225000087/a-20251031.htm,"Agilent Technologies, Inc.",Verified,,,2026-07-29 (America/New_York)
pubmed-41878958,Signal card,All role views / publication evidence,"Determination of the pyrrolo[2,3-d] pyrimidine antifolate AGF94 from a preclinical murine study using a simple UHPLC-MS/MS assay",https://pubmed.ncbi.nlm.nih.gov/41878958/,,UNREACHABLE,The cited PubMed record returned a blocking/4xx response in the URL audit.,,2026-07-29 (America/New_York)
thermo-fisher-monitor-technical-insight-256a54fd0597,Signal card,All role views / evidence feed,Upgrade Smarter: Trade In Your Current LC-MS System and Boost Lab Performance Without Breaking Budget,https://www.thermofisher.com/blog/analyteguru/upgrade-smarter-trade-in-your-current-lc-ms-system-and-boost-lab-performance-without-breaking-budget/,Upgrade Smarter: Trade In Your Current LC-MS System and Boost Lab Performance Without Breaking Budget,Verified,,,2026-07-29 (America/New_York)
pubmed-40841006,Signal card,All role views / publication evidence,Evolution of water-soluble organic aerosol composition from clean days to haze episodes in rural area of North China Plain,https://pubmed.ncbi.nlm.nih.gov/40841006/,,UNREACHABLE,The cited PubMed record returned a blocking/4xx response in the URL audit.,,2026-07-29 (America/New_York)
sec-perkinelmer-0000031791-25-000037,Signal card,All role views / SEC evidence,PerkinElmer filed 10-Q,https://www.sec.gov/Archives/edgar/data/31791/000003179125000037/revv-20250928.htm,"Revvity, Inc.",Contradicted,"The SEC filing identifies Revvity, Inc., not PerkinElmer.",Critical,2026-07-29 (America/New_York)
sec-thermo-0000097745-25-000159,Signal card,All role views / SEC evidence,Thermo Fisher filed 10-Q,https://www.sec.gov/Archives/edgar/data/97745/000009774525000159/tmo-20250927.htm,THERMO FISHER SCIENTIFIC INC.,Verified,,,2026-07-29 (America/New_York)
thermo-fisher-monitor-technical-insight-ebd4e492a1b9,Signal card,All role views / evidence feed,Unlock High-Performance LC-MS with Factory-Certified Systems from Thermo Fisher Scientific,https://www.thermofisher.com/blog/analyteguru/unlock-high-performance-lc-ms-with-factory-certified-systems-from-thermo-fisher-scientific/,Unlock High-Performance LC-MS with Factory-Certified Systems from Thermo Fisher Scientific - AnalyteGuru,Verified,,,2026-07-29 (America/New_York)
sec-sciex-0000313616-25-000182,Signal card,All role views / SEC evidence,SCIEX filed 10-Q,https://www.sec.gov/Archives/edgar/data/313616/000031361625000182/dhr-20250926.htm,DANAHER CORPORATION,Contradicted,"The SEC filing identifies DANAHER CORPORATION, not SCIEX.",Critical,2026-07-29 (America/New_York)
thermo-fisher-monitor-technical-insight-63da42085988,Signal card,All role views / evidence feed,Modern Technologies for High-Performance LC-MS Data Transfers,https://www.thermofisher.com/blog/analyteguru/modern-technologies-for-high-performance-lc-ms-data-transfers/,Modern Technologies for High-Performance LC-MS Data Transfers - AnalyteGuru,Verified,,,2026-07-29 (America/New_York)
sec-agilent-0001090872-25-000036,Signal card,All role views / SEC evidence,Agilent filed 10-Q,https://www.sec.gov/Archives/edgar/data/1090872/000109087225000036/a-20250731.htm,"AGILENT TECHNOLOGIES, INC.",Verified,,,2026-07-29 (America/New_York)
thermo-fisher-monitor-technical-insight-481c95686c7c,Signal card,All role views / evidence feed,Radical-based Ion Activation and Dissociation,https://www.thermofisher.com/blog/analyteguru/radical-based-ion-activation-and-dissociation/,Radical-based Ion Activation and Dissociation - AnalyteGuru,Verified,,,2026-07-29 (America/New_York)
pubmed-40203020,Signal card,All role views / publication evidence,Building a Bridge Between Ambient MS and LC-MS by Non-Exhaustive Microdesorption,https://pubmed.ncbi.nlm.nih.gov/40203020/,,UNREACHABLE,The cited PubMed record returned a blocking/4xx response in the URL audit.,,2026-07-29 (America/New_York)
sec-perkinelmer-0000031791-25-000026,Signal card,All role views / SEC evidence,PerkinElmer filed 10-Q,https://www.sec.gov/Archives/edgar/data/31791/000003179125000026/revv-20250629.htm,"Revvity, Inc.",Contradicted,"The SEC filing identifies Revvity, Inc., not PerkinElmer.",Critical,2026-07-29 (America/New_York)
sec-thermo-0000097745-25-000101,Signal card,All role views / SEC evidence,Thermo Fisher filed 10-Q,https://www.sec.gov/Archives/edgar/data/97745/000009774525000101/tmo-20250628.htm,THERMO FISHER SCIENTIFIC INC.,Verified,,,2026-07-29 (America/New_York)
perkinelmer-covaris-hamilton-automation-2025,Signal card,All role views / evidence feed,PerkinElmer Covaris and Hamilton partner on automated FFPE nucleic-acid extraction,https://www.perkinelmer.com/corporate-and-newsroom/strategic-partnership-between-covaris-and-hamilton-empowers-labs-with-sonication-star,Strategic Partnership between Covaris and Hamilton Empowers Labs with Sonication STAR,Verified,,,2026-07-29 (America/New_York)
sec-sciex-0000313616-25-000153,Signal card,All role views / SEC evidence,SCIEX filed 10-Q,https://www.sec.gov/Archives/edgar/data/313616/000031361625000153/dhr-20250627.htm,DANAHER CORPORATION,Contradicted,"The SEC filing identifies DANAHER CORPORATION, not SCIEX.",Critical,2026-07-29 (America/New_York)
perkinelmer-taicang-china-facility-2025,Signal card,All role views / evidence feed,PerkinElmer expands Taicang manufacturing and R&D facility for China strategy,https://www.perkinelmer.com/au/perkinelmer-inaugurates-expanded-taicang-facility-power-china-china-and-beyond-strategy,"PerkinElmer Inaugurates Expanded Taicang Facility to Power “In China, For China – and Beyond”",Verified,,,2026-07-29 (America/New_York)
pubmed-40203633,Signal card,All role views / publication evidence,Determination of haloacetic acids in municipal tap water and swimming pool water using portable capillary liquid chromatography - mass spectrometry,https://pubmed.ncbi.nlm.nih.gov/40203633/,,UNREACHABLE,The cited PubMed record returned a blocking/4xx response in the URL audit.,,2026-07-29 (America/New_York)
sec-agilent-0001090872-25-000021,Signal card,All role views / SEC evidence,Agilent filed 10-Q,https://www.sec.gov/Archives/edgar/data/1090872/000109087225000021/a-20250430.htm,"AGILENT TECHNOLOGIES, INC.",Verified,,,2026-07-29 (America/New_York)
sec-perkinelmer-0000031791-25-000015,Signal card,All role views / SEC evidence,PerkinElmer filed 10-Q,https://www.sec.gov/Archives/edgar/data/31791/000003179125000015/revv-20250330.htm,"Revvity, Inc.",Contradicted,"The SEC filing identifies Revvity, Inc., not PerkinElmer.",Critical,2026-07-29 (America/New_York)
sec-thermo-0000097745-25-000041,Signal card,All role views / SEC evidence,Thermo Fisher filed 10-Q,https://www.sec.gov/Archives/edgar/data/97745/000009774525000041/tmo-20250329.htm,THERMO FISHER SCIENTIFIC INC.,Verified,,,2026-07-29 (America/New_York)
sec-sciex-0000313616-25-000088,Signal card,All role views / SEC evidence,SCIEX filed 10-Q,https://www.sec.gov/Archives/edgar/data/313616/000031361625000088/dhr-20250328.htm,DANAHER CORPORATION,Contradicted,"The SEC filing identifies DANAHER CORPORATION, not SCIEX.",Critical,2026-07-29 (America/New_York)
sec-agilent-0001090872-25-000008,Signal card,All role views / SEC evidence,Agilent filed 10-Q,https://www.sec.gov/Archives/edgar/data/1090872/000109087225000008/a-20250131.htm,"AGILENT TECHNOLOGIES, INC.",Verified,,,2026-07-29 (America/New_York)
sec-perkinelmer-0000031791-25-000009,Signal card,All role views / SEC evidence,PerkinElmer filed 10-K,https://www.sec.gov/Archives/edgar/data/31791/000003179125000009/revv-20241229.htm,"REVVITY, INC.",Contradicted,"The SEC filing identifies REVVITY, INC., not PerkinElmer.",Critical,2026-07-29 (America/New_York)
sec-thermo-0000097745-25-000010,Signal card,All role views / SEC evidence,Thermo Fisher filed 10-K,https://www.sec.gov/Archives/edgar/data/97745/000009774525000010/tmo-20241231.htm,THERMO FISHER SCIENTIFIC INC.,Verified,,,2026-07-29 (America/New_York)
sec-sciex-0000313616-25-000043,Signal card,All role views / SEC evidence,SCIEX filed 10-K,https://www.sec.gov/Archives/edgar/data/313616/000031361625000043/dhr-20241231.htm,DANAHER CORPORATION,Contradicted,"The SEC filing identifies DANAHER CORPORATION, not SCIEX.",Critical,2026-07-29 (America/New_York)
pubmed-39957899,Signal card,All role views / publication evidence,Targeted screening and profiling of massive components of colistimethate sodium by two-dimensional-liquid chromatography-mass spectrometry based on self-constructed compound database,https://pubmed.ncbi.nlm.nih.gov/39957899/,,UNREACHABLE,The cited PubMed record returned a blocking/4xx response in the URL audit.,,2026-07-29 (America/New_York)
pubmed-39830726,Signal card,All role views / publication evidence,Qualitative and Quantitative Analysis of Tire Wear Particles (TWPs) in Road Dust Using a Novel Mode of Operation of TGA-GC/MS,https://pubmed.ncbi.nlm.nih.gov/39830726/,,UNREACHABLE,The cited PubMed record returned a blocking/4xx response in the URL audit.,,2026-07-29 (America/New_York)
pubmed-39884822,Signal card,All role views / publication evidence,Efflux transporters in drug disposition during pregnancy,https://pubmed.ncbi.nlm.nih.gov/39884822/,,UNREACHABLE,The cited PubMed record returned a blocking/4xx response in the URL audit.,,2026-07-29 (America/New_York)
pubmed-39759287,Signal card,All role views / publication evidence,Lipid imbalance and inflammatory oxylipin cascade at the maternal-fetal interface in recurrent spontaneous abortion,https://pubmed.ncbi.nlm.nih.gov/39759287/,,UNREACHABLE,The cited PubMed record returned a blocking/4xx response in the URL audit.,,2026-07-29 (America/New_York)
sec-agilent-0001090872-24-000049,Signal card,All role views / SEC evidence,Agilent filed 10-K,https://www.sec.gov/Archives/edgar/data/1090872/000109087224000049/a-20241031.htm,"Agilent Technologies, Inc.",Verified,,,2026-07-29 (America/New_York)
pubmed-39660347,Signal card,All role views / publication evidence,Validation of a Dried Blood Spot Assay for Testosterone Measurement Using Liquid Chromatography-Tandem Mass Spectrometry,https://pubmed.ncbi.nlm.nih.gov/39660347/,,UNREACHABLE,The cited PubMed record returned a blocking/4xx response in the URL audit.,,2026-07-29 (America/New_York)
sec-perkinelmer-0000031791-24-000028,Signal card,All role views / SEC evidence,PerkinElmer filed 10-Q,https://www.sec.gov/Archives/edgar/data/31791/000003179124000028/pki-20240929.htm,"Revvity, Inc.",Contradicted,"The SEC filing identifies Revvity, Inc., not PerkinElmer.",Critical,2026-07-29 (America/New_York)
sec-thermo-0000097745-24-000046,Signal card,All role views / SEC evidence,Thermo Fisher filed 10-Q,https://www.sec.gov/Archives/edgar/data/97745/000009774524000046/tmo-20240928.htm,THERMO FISHER SCIENTIFIC INC.,Verified,,,2026-07-29 (America/New_York)
sec-sciex-0000313616-24-000220,Signal card,All role views / SEC evidence,SCIEX filed 10-Q,https://www.sec.gov/Archives/edgar/data/313616/000031361624000220/dhr-20240927.htm,DANAHER CORPORATION,Contradicted,"The SEC filing identifies DANAHER CORPORATION, not SCIEX.",Critical,2026-07-29 (America/New_York)
pubmed-39126342,Signal card,All role views / publication evidence,Simultaneous quantification of icaritin and its novel 3-methylcarbamate prodrug in rat plasma using HPLC-MS/MS and its application to pharmacokinetic study,https://pubmed.ncbi.nlm.nih.gov/39126342/,,UNREACHABLE,The cited PubMed record returned a blocking/4xx response in the URL audit.,,2026-07-29 (America/New_York)
sec-agilent-0001090872-24-000033,Signal card,All role views / SEC evidence,Agilent filed 10-Q,https://www.sec.gov/Archives/edgar/data/1090872/000109087224000033/a-20240731.htm,"AGILENT TECHNOLOGIES, INC.",Verified,,,2026-07-29 (America/New_York)
pubmed-38685627,Signal card,All role views / publication evidence,Comparison of assay methods for quantifying sex hormone concentrations across the menstrual cycle in rhesus macaques†,https://pubmed.ncbi.nlm.nih.gov/38685627/,,UNREACHABLE,The cited PubMed record returned a blocking/4xx response in the URL audit.,,2026-07-29 (America/New_York)
sec-perkinelmer-0000031791-24-000021,Signal card,All role views / SEC evidence,PerkinElmer filed 10-Q,https://www.sec.gov/Archives/edgar/data/31791/000003179124000021/pki-20240630.htm,"Revvity, Inc.",Contradicted,"The SEC filing identifies Revvity, Inc., not PerkinElmer.",Critical,2026-07-29 (America/New_York)
sec-thermo-0000097745-24-000040,Signal card,All role views / SEC evidence,Thermo Fisher filed 10-Q,https://www.sec.gov/Archives/edgar/data/97745/000009774524000040/tmo-20240629.htm,THERMO FISHER SCIENTIFIC INC.,Verified,,,2026-07-29 (America/New_York)
sec-sciex-0000313616-24-000186,Signal card,All role views / SEC evidence,SCIEX filed 10-Q,https://www.sec.gov/Archives/edgar/data/313616/000031361624000186/dhr-20240628.htm,DANAHER CORPORATION,Contradicted,"The SEC filing identifies DANAHER CORPORATION, not SCIEX.",Critical,2026-07-29 (America/New_York)
sec-agilent-0001090872-24-000021,Signal card,All role views / SEC evidence,Agilent filed 10-Q,https://www.sec.gov/Archives/edgar/data/1090872/000109087224000021/a-20240430.htm,"AGILENT TECHNOLOGIES, INC.",Verified,,,2026-07-29 (America/New_York)
sec-perkinelmer-0000031791-24-000014,Signal card,All role views / SEC evidence,PerkinElmer filed 10-Q,https://www.sec.gov/Archives/edgar/data/31791/000003179124000014/pki-20240331.htm,"Revvity, Inc.",Contradicted,"The SEC filing identifies Revvity, Inc., not PerkinElmer.",Critical,2026-07-29 (America/New_York)
sec-thermo-0000097745-24-000023,Signal card,All role views / SEC evidence,Thermo Fisher filed 10-Q,https://www.sec.gov/Archives/edgar/data/97745/000009774524000023/tmo-20240330.htm,THERMO FISHER SCIENTIFIC INC.,Verified,,,2026-07-29 (America/New_York)
sec-sciex-0000313616-24-000102,Signal card,All role views / SEC evidence,SCIEX filed 10-Q,https://www.sec.gov/Archives/edgar/data/313616/000031361624000102/dhr-20240329.htm,DANAHER CORPORATION,Contradicted,"The SEC filing identifies DANAHER CORPORATION, not SCIEX.",Critical,2026-07-29 (America/New_York)
sec-agilent-0001090872-24-000011,Signal card,All role views / SEC evidence,Agilent filed 10-Q,https://www.sec.gov/Archives/edgar/data/1090872/000109087224000011/a-20240131.htm,"AGILENT TECHNOLOGIES, INC.",Verified,,,2026-07-29 (America/New_York)
sec-perkinelmer-0000031791-24-000004,Signal card,All role views / SEC evidence,PerkinElmer filed 10-K,https://www.sec.gov/Archives/edgar/data/31791/000003179124000004/pki-20231231.htm,"REVVITY, INC.",Contradicted,"The SEC filing identifies REVVITY, INC., not PerkinElmer.",Critical,2026-07-29 (America/New_York)
sec-thermo-0000097745-24-000007,Signal card,All role views / SEC evidence,Thermo Fisher filed 10-K,https://www.sec.gov/Archives/edgar/data/97745/000009774524000007/tmo-20231231.htm,THERMO FISHER SCIENTIFIC INC.,Verified,,,2026-07-29 (America/New_York)
sec-sciex-0000313616-24-000052,Signal card,All role views / SEC evidence,SCIEX filed 10-K,https://www.sec.gov/Archives/edgar/data/313616/000031361624000052/dhr-20231231.htm,DANAHER CORPORATION,Contradicted,"The SEC filing identifies DANAHER CORPORATION, not SCIEX.",Critical,2026-07-29 (America/New_York)
pubmed-38220293,Signal card,All role views / publication evidence,Determination of psilocybin and psilocin content in multiple Psilocybe cubensis mushroom strains using liquid chromatography - tandem mass spectrometry,https://pubmed.ncbi.nlm.nih.gov/38220293/,,UNREACHABLE,The cited PubMed record returned a blocking/4xx response in the URL audit.,,2026-07-29 (America/New_York)
pubmed-39949573,Signal card,All role views / publication evidence,Characterization of serum metabolome and respiratory microbiota in children with influenza A virus infection,https://pubmed.ncbi.nlm.nih.gov/39949573/,,UNREACHABLE,The cited PubMed record returned a blocking/4xx response in the URL audit.,,2026-07-29 (America/New_York)
sec-agilent-0001090872-23-000020,Signal card,All role views / SEC evidence,Agilent filed 10-K,https://www.sec.gov/Archives/edgar/data/1090872/000109087223000020/a-20231031.htm,"Agilent Technologies, Inc.",Verified,,,2026-07-29 (America/New_York)
sec-perkinelmer-0000031791-23-000014,Signal card,All role views / SEC evidence,PerkinElmer filed 10-Q,https://www.sec.gov/Archives/edgar/data/31791/000003179123000014/pki-20231001.htm,"Revvity, Inc.",Contradicted,"The SEC filing identifies Revvity, Inc., not PerkinElmer.",Critical,2026-07-29 (America/New_York)
sec-thermo-0000097745-23-000069,Signal card,All role views / SEC evidence,Thermo Fisher filed 10-Q,https://www.sec.gov/Archives/edgar/data/97745/000009774523000069/tmo-20230930.htm,THERMO FISHER SCIENTIFIC INC.,Verified,,,2026-07-29 (America/New_York)
sec-sciex-0000313616-23-000256,Signal card,All role views / SEC evidence,SCIEX filed 10-Q,https://www.sec.gov/Archives/edgar/data/313616/000031361623000256/dhr-20230929.htm,DANAHER CORPORATION,Contradicted,"The SEC filing identifies DANAHER CORPORATION, not SCIEX.",Critical,2026-07-29 (America/New_York)
pubmed-37841769,Signal card,All role views / publication evidence,Establishment of age- and -gender specific reference intervals for amino acids and acylcarnitines by tandem mass spectrometry in Turkish paediatric population,https://pubmed.ncbi.nlm.nih.gov/37841769/,,UNREACHABLE,The cited PubMed record returned a blocking/4xx response in the URL audit.,,2026-07-29 (America/New_York)
sec-agilent-0001090872-23-000015,Signal card,All role views / SEC evidence,Agilent filed 10-Q,https://www.sec.gov/Archives/edgar/data/1090872/000109087223000015/a-20230731.htm,"AGILENT TECHNOLOGIES, INC.",Verified,,,2026-07-29 (America/New_York)
sec-perkinelmer-0000031791-23-000011,Signal card,All role views / SEC evidence,PerkinElmer filed 10-Q,https://www.sec.gov/Archives/edgar/data/31791/000003179123000011/pki-20230702.htm,"Revvity, Inc.",Contradicted,"The SEC filing identifies Revvity, Inc., not PerkinElmer.",Critical,2026-07-29 (America/New_York)
sec-thermo-0000097745-23-000059,Signal card,All role views / SEC evidence,Thermo Fisher filed 10-Q,https://www.sec.gov/Archives/edgar/data/97745/000009774523000059/tmo-20230701.htm,THERMO FISHER SCIENTIFIC INC.,Verified,,,2026-07-29 (America/New_York)
shimadzu-nexera-x4-2026,Competitor launch,Leadership / Product / Engineering / launch timeline,Shimadzu launched Nexera X4 Series on 2026-03-03.,https://www.shimadzu.com/news/2026/k8iri3_20_z4uvwt.html,SHIMADZU CORPORATION : Next-Generation Model Offers both Industry-Leading Separation Performance and Ultra-Fast Analysis Release of,Verified,,,2026-07-29 (America/New_York)
shimadzu-nexera-ic-2026,Competitor launch,Leadership / Product / Engineering / launch timeline,Shimadzu launched Nexera IC on 2026-02-10.,https://www.shimadzu.com/news/2026/t0best6lrz8y0uk9.html,SHIMADZU CORPORATION : Enables Reliable Water Quality Analysis for All Users and Reduces Workload through,Verified,,,2026-07-29 (America/New_York)
shimadzu-pl-40-plate-loader-2026,Competitor launch,Leadership / Product / Engineering / launch timeline,Shimadzu launched PL-40 Plate Loader for LC/LC-MS Systems on 2026-02-09.,https://www.shimadzu.com/an/products/liquid-chromatography/hplc-components-accessories/plate-loader/index.html,"PL-40, Automation-Compatible Plate Loader for LC/LC-MS Systems : SHIMADZU (Shimadzu Corporation)",Partially supported,"Product page confirms the model, but the claimed launch date is not stated.",Major,2026-07-29 (America/New_York)
shimadzu-labsolutions-insight-profiler-2026,Competitor launch,Leadership / Product / Engineering / launch timeline,Shimadzu launched LabSolutions Insight Profiler for LC/QTOF Data on 2026-04-10.,https://www.shimadzu.com/an/products/software-informatics/labsolutions-series/labsolutions-insight-profiler/index.html,LabSolutions Insight™ Profiler : SHIMADZU (Shimadzu Corporation),Partially supported,"Product page confirms the software, but the claimed launch date is not stated.",Major,2026-07-29 (America/New_York)
shimadzu-nexera-cl-lcms-2025,Competitor launch,Leadership / Product / Engineering / launch timeline,Shimadzu launched Nexera CL LCMS System on 2025-11-12.,https://www.shimadzu.com/news/2025/w40jo6pvrivu5s7v.html,"SHIMADZU CORPORATION : Supporting Pharmacopoeia Repeatability Tests, with a Class-Leading Minimum Weight of 13 mg",Partially supported,"The news item is dated November 12, but says the product launched in Japan on October 3.",Major,2026-07-29 (America/New_York)
shimadzu-labsolutions-detect-2025,Competitor launch,Leadership / Product / Engineering / launch timeline,Shimadzu launched LabSolutions Detect on 2025-09-30.,https://www.shimadzu.com/news/2025/n8e9desqymj7oa4x.html,SHIMADZU CORPORATION : Introducing LabSolutions Detect Automatic (AI) Detection of Impurities to Improve Quality Inspections,Verified,,,2026-07-29 (America/New_York)
shimadzu-i-series-2025,Competitor launch,Leadership / Product / Engineering / launch timeline,Shimadzu launched i-Series Integrated HPLC on 2025-09-01.,https://www.shimadzu.com/news/2025/mpnglqbij34_zscf.html,"SHIMADZU CORPORATION : In an Industry First, Achieves High-Reliability Analysis through Automatic Diagnosis of Instrument",Verified,,,2026-07-29 (America/New_York)
shimadzu-lcms-8065xe-2025,Competitor launch,Leadership / Product / Engineering / launch timeline,Shimadzu launched LCMS-8065XE Triple Quadrupole LC-MS/MS on 2025-08-07.,https://www.shimadzu.com/news/2025/6n31zbu4tkmozoh2.html,SHIMADZU CORPORATION :Cultivating the Expanding PFAS Analysis Market through Improved Sensitivity Release of the LCMS-8065XE,Verified,,,2026-07-29 (America/New_York)
sciex-novus-v55-2026,Competitor launch,Leadership / Product / Engineering / launch timeline,SCIEX launched novus V55 System with SCIEX OS 5.0 on 2026-06-01.,https://sciex.com/about-us/press-releases/2026/sciex-launches-its-5th-generation-of-nominal-mass-novus-v55-system-with-sciexos-5-0-software,"SCIEX launches its 5th generation of nominal mass, the novus V55 system with SCIEX OS",Verified,,,2026-07-29 (America/New_York)
sciex-zenotof-8600-2025,Competitor launch,Leadership / Product / Engineering / launch timeline,SCIEX launched ZenoTOF 8600 System on 2025-06-02.,https://sciex.com/about-us/press-releases/2025/zenotof-8600-system-press-release-5-dot-27-dot-25,SCIEX sets a new standard in accurate mass quantitation with the ZenoTOF 8600 system and,Verified,,,2026-07-29 (America/New_York)
sciex-zenotof-7600-plus-2024,Competitor launch,Leadership / Product / Engineering / launch timeline,SCIEX launched ZenoTOF 7600+ System on 2024-10-22.,https://sciex.com/about-us/press-releases/2024/sciex-launches-the-zenotof-7600-system-at-hupo-world-congress-2024-alongside-three-collaborations-to-further-proteomics-capabilities,"SCIEX launches the ZenoTOF 7600+ system at HUPO World Congress 2024, alongside three collaborations to",Verified,,,2026-07-29 (America/New_York)
sciex-7500-plus-2024,Competitor launch,Leadership / Product / Engineering / launch timeline,SCIEX launched SCIEX 7500+ System on 2024-06-03.,https://sciex.com/about-us/press-releases/2024/sciex-7500plus-system-launches-at-asms2024,The SCIEX 7500+ system launches at ASMS 2024,Verified,,,2026-07-29 (America/New_York)
sciex-echo-ms-plus-2024,Competitor launch,Leadership / Product / Engineering / launch timeline,SCIEX launched Echo MS+ System on 2024-02-01.,https://sciex.com/about-us/press-releases/2024/sciex-expands-high-throughput-screening-solutions-with-echo-ms-system,SCIEX expands high-throughput screening solutions with Echo MS+ system,Verified,,,2026-07-29 (America/New_York)
sciex-zenotof-7600-2021,Competitor launch,Leadership / Product / Engineering / launch timeline,SCIEX launched ZenoTOF 7600 System on 2021-06-01.,https://sciex.com/about-us/press-releases/2021/sciex-presents-new-accurate-mass-instrument-the-zenotof-7600-system,"SCIEX presents new accurate mass instrument, the ZenoTOF 7600 system",Verified,,,2026-07-29 (America/New_York)
agilent-6230c-lctof-2026,Competitor launch,Leadership / Product / Engineering / launch timeline,Agilent launched 6230C LC/TOF Mass Spectrometer in MAM workflow on 2026-06-03.,https://www.agilent.com/about/newsroom/presrel/2026/29may-ca26021.html,,UNREACHABLE,Agilent source returned a 403/access-denied response.,,2026-07-29 (America/New_York)
agilent-1290-infinity-iii-fld-2026,Competitor launch,Leadership / Product / Engineering / launch timeline,Agilent launched 1290 Infinity III Fluorescence Detector on 2026-05-27.,https://www.agilent.com/about/newsroom/presrel/2026/21may-ca26016.html,,UNREACHABLE,Agilent source returned a 403/access-denied response.,,2026-07-29 (America/New_York)
agilent-nitrosamines-2026,Application note,Product / Engineering / application evidence,2026-06-01: Agilent — Enhanced Data Quality in LC-MS/MS Analysis of Nitrosamines. Agilent demonstrates an LC-MS/MS workflow intended to improve data quality for regulated nitrosamine impurity analysis.,https://www.agilent.com/cs/library/applications/an-infinitylab-quick-change-nitrosamines-analysis-lc-ms-ms-5994-9264en-agilent.pdf,,UNREACHABLE,Cited Agilent URL returned 403/access denied.,,2026-07-29 (America/New_York)
agilent-drug-metabolite-2026,Application note,Product / Engineering / application evidence,2026-02-09: Agilent — Drug Metabolite Identification with a Streamlined Software Workflow. Agilent packages drug-metabolite identification as a streamlined instrument-and-software workflow.,https://www.agilent.com/en/product/liquid-chromatography-mass-spectrometry-lc-ms/lc-ms-instruments/quadrupole-time-of-flight-lc-ms/revident-lc-q-tof,,UNREACHABLE,Cited Agilent URL returned 403/access denied.,,2026-07-29 (America/New_York)
agilent-pesticide-fps-2025,Application note,Product / Engineering / application evidence,2025-10-31: Agilent — Pesticide Screening with Fast Polarity Switching Using Agilent Revident LC/Q-TOF. Agilent demonstrates screening of more than 200 pesticides in a complex food matrix while positioning fast polarity switching as a throughput advantage.,https://www.agilent.com/cs/library/applications/an-pesticide-screening-revident-lc-qtof-5994-8751en-agilent.pdf,,UNREACHABLE,Cited Agilent URL returned 403/access denied.,,2026-07-29 (America/New_York)
agilent-aso-quality-control-2025,Application note,Product / Engineering / application evidence,2025-10-15: Agilent — Automated LC/MS Quality Control of Anti-Sense Oligonucleotides. Agilent presents ASO purity assessment as an automated LC/MS quality-control workflow with purpose-built software.,https://www.agilent.com/en/product/software-informatics/chromatography-software/chromatography-add-on/oligo-analysis-accelerator-for-openlab-cds,,UNREACHABLE,Cited Agilent URL returned 403/access denied.,,2026-07-29 (America/New_York)
thermo-ultrashort-pfas-2026,Application note,Product / Engineering / application evidence,2026-06-01: Thermo Fisher — Direct Injection LC-MS/MS Quantification of C1-C4 Ultrashort-Chain PFAS in Drinking Water. Thermo Fisher demonstrates a regulation-ready workflow for ultrashort-chain PFAS that conventional reversed-phase methods struggle to retain.,https://documents.thermofisher.com/TFS-Assets/CMD/Application-Notes/an-004442-en-pfas-tsq-altis-plus-efox-editon-an004442-em-en.pdf,Robust quantification of ultrashort-chain PFAS at low ng/L levels,Verified,,,2026-07-29 (America/New_York)
thermo-peptide-quantitation-2026,Application note,Product / Engineering / application evidence,"2026-04-29: Thermo Fisher — Robust, High-Throughput Peptide Quantitation. Thermo Fisher promotes robustness and high throughput for quantitative peptide workflows on its triple-quadrupole platform.",https://www.thermofisher.com/blog/analyteguru/new-technical-note-robust-high-throughput-peptide-quantitation-on-the-tsq-certis-triple-quadrupole-ms-with-optispray-technology/,"New Technical Note: Robust, High-Throughput Peptide Quantitation on the TSQ Certis Triple Quadrupole MS with",Verified,,,2026-07-29 (America/New_York)
thermo-oligo-system-test-2026,Application note,Product / Engineering / application evidence,"2026-04-01: Thermo Fisher — An Integrated LC-MS System Performance Evaluation Test for Oligonucleotide Analysis. Thermo Fisher defines pass/fail criteria for oligonucleotide LC-MS performance and packages acquisition, processing and reporting into a deployable workflow.",https://documents.thermofisher.com/TFS-Assets/CMD/Application-Notes/an-001954-bt-integrated-lc-ms-oligonucleotide-analysis-an001954-na-en.pdf,,Partially supported,"PDF metadata dates the document to July 2023, not April 2026.",Major,2026-07-29 (America/New_York)
shimadzu-qacs-milk-2026,Application note,Product / Engineering / application evidence,2026-04-01: Shimadzu — Quantitative Analysis of QACs in Milk Using a QuEChERS Sample Preparation Approach. Shimadzu demonstrates a low-ng/mL LC-MS/MS method for nine quaternary ammonium compounds with minimal sample preparation.,https://www.shimadzu.com/an/sites/shimadzu.com.an/files/pim/pim_document_file/applications/application_note/26462/an_05-sca-210-097-en.pdf,Sensitive and selective detection of BAC C8-C18 and DDAC C8-C12.,Verified,,,2026-07-29 (America/New_York)
shimadzu-pfas-seafood-2026,Application note,Product / Engineering / application evidence,2026-03-02: Shimadzu — Determination of 30 PFAS in Seafood by LC-MS/MS. Shimadzu extends PFAS workflow proof from water into seafood matrices with a 30-analyte LC-MS/MS method.,https://www.shimadzu.com/an/sites/shimadzu.com.an/files/pim/pim_document_file/applications/application_note/26436/an_02-ssi-lcms-157-en.pdf,,Partially supported,"PDF metadata dates the document to July 2024, not March 2026.",Major,2026-07-29 (America/New_York)
shimadzu-intact-protein-2026,Application note,Product / Engineering / application evidence,2026-03-01: Shimadzu — Confirmation of Intact Protein Molecular Weight Using a Single Quadrupole Mass Spectrometer. Shimadzu positions a single-quadrupole LC-MS plus deconvolution software as a simpler quality-control route for intact proteins.,https://www.shimadzu.com/an/sites/shimadzu.com.an/files/pim/pim_document_file/applications/application_note/26293/an_01-01023-en.pdf,The molecular weight of intact proteins can be confirmed,Verified,,,2026-07-29 (America/New_York)
sciex-epa-1633a-novus-2026,Application note,Product / Engineering / application evidence,"2026-06-01: SCIEX — Routine Application of EPA Method 1633A to Environmental Samples Using the novus V55 System. SCIEX demonstrates EPA Method 1633A across non-potable water, solids, biosolids and biological tissues on its compact triple-quadrupole platform.",https://sciex.com/tech-notes/environmental-industrial/water-and-soil/routine-application-of-epa-method-environmental-samples-using-the-novusv55,Routine application of EPA Method 1633A to environmental samples using the novus V55 system,Verified,,,2026-07-29 (America/New_York)
sciex-narrow-window-proteomics-2026,Application note,Product / Engineering / application evidence,2026-05-25: SCIEX — Narrow-Window Scanning DIA for Unbiased Label-Free Quantitation. SCIEX demonstrates narrower precursor isolation to improve protein-group ratio accuracy and quantitative proteomics performance.,https://sciex.com/tech-notes/life-science-research/proteomics/narrow-window-scanning-dia-for-unbiased-label-free-quantitation,Narrow-window scanning DIA for unbiased label-free quantitation: Improved protein group ratio accuracy with ZT Scan,Verified,,,2026-07-29 (America/New_York)
sciex-metabolomics-ztscan-2026,Application note,Product / Engineering / application evidence,2026-01-01: SCIEX — ZT Scan DIA 3.0 Metabolomics Analysis. SCIEX demonstrates reduced chimeric spectral overlap to improve metabolome coverage and quantitative analysis.,https://sciex.com/tech-notes/life-science-research/metabolomics/zt-scan-dia-3-0-metabolomics-analysis-reduces-chimeric-spectral-overlap-to-improve-metabolic-coverage-and-quantitative-analysis,ZT Scan DIA 3.0 metabolomics analysis reduces chimeric spectral overlap to improve metabolic coverage and,Verified,,,2026-07-29 (America/New_York)
sciex-tfa-water-2026,Application note,Product / Engineering / application evidence,2026-01-01: SCIEX — A Fast and Ultra-Sensitive Method for Analysis of TFA in Multiple Water Sources. SCIEX addresses the emerging ultrashort-chain PFAS challenge with a dedicated TFA method for multiple water matrices.,https://sciex.com/tech-notes/environmental-industrial/water-and-soil/fast-and-ultra-sensitive-method-for-analysis-of-tfa,A fast and ultra-sensitive method for analysis of TFA in multiple water sources,Verified,,,2026-07-29 (America/New_York)
cv-waters-acquity-pressure-leaks,Customer voice,Product / Product Marketing / CSV export,"Public troubleshooting patterns cluster around leaks, pressure behavior, fittings, seals, and repeat diagnostic steps.",https://www.reddit.com/r/CHROMATOGRAPHY/comments/1uk333s/update_uplc_waters_high_pressure_problem/,Reddit - Prove your humanity,Partially supported,Source supports an anecdotal/directional signal; it does not establish prevalence or a representative market conclusion.,,2026-07-29 (America/New_York)
cv-waters-acquity-carryover-autosampler,Customer voice,Product / Product Marketing / CSV export,"Public support and forum signals often frame carryover as a method, needle-wash, sample-path, or maintenance problem that users must narrow manually.",https://www.reddit.com/r/CHROMATOGRAPHY/comments/1h1i93y/waters_acquity_uplc_beh_17_um_21_x_100_mm_column/,Reddit - Please wait for verification,Partially supported,Source supports an anecdotal/directional signal; it does not establish prevalence or a representative market conclusion.,,2026-07-29 (America/New_York)
cv-waters-empower-breeze-software,Customer voice,Product / Product Marketing / CSV export,"Public signals tend to separate compliance strength from day-to-day ease of setup, troubleshooting, and user training.",https://www.reddit.com/r/CHROMATOGRAPHY/comments/1e3y2sy/getting_started_with_empower_3/,Reddit - Please wait for verification,Partially supported,Source supports an anecdotal/directional signal; it does not establish prevalence or a representative market conclusion.,,2026-07-29 (America/New_York)
cv-waters-alliance-legacy-service,Customer voice,Product / Product Marketing / CSV export,"Equipment-page and support-style signals indicate legacy users care about parts, serviceability, data-system compatibility, and known methods.",https://www.labwrench.com/thread/135698/hplc-pump-and-autosampler-preventative-performance-maintenance,HPLC pump and autosampler preventative/performance maintenance | LabWrench,Partially supported,Source supports an anecdotal/directional signal; it does not establish prevalence or a representative market conclusion.,,2026-07-29 (America/New_York)
cv-waters-arc-method-modernization,Customer voice,Product / Product Marketing / CSV export,"Public source mapping suggests upgrade candidates care about method continuity, familiar operation, validation burden, and lower risk migration.",https://www.reddit.com/r/CHROMATOGRAPHY/comments/1somxpf/waters_acquity_arc_lcms_214_nm_uv_baseline/,Reddit - Prove your humanity,Partially supported,Source supports an anecdotal/directional signal; it does not establish prevalence or a representative market conclusion.,,2026-07-29 (America/New_York)
cv-waters-acquity-performance,Customer voice,Product / Product Marketing / CSV export,Public product positioning and review-source mapping support Waters strength in performance-oriented LC workflows.,https://www.reddit.com/r/CHROMATOGRAPHY/comments/xlr4pf/best_uhplc_on_the_market/,Reddit - Prove your humanity,Partially supported,Source supports an anecdotal/directional signal; it does not establish prevalence or a representative market conclusion.,,2026-07-29 (America/New_York)
cv-agilent-infinity-reliability,Customer voice,Product / Product Marketing / CSV export,Public competitor positioning and review/forum source mapping repeatedly make Agilent a comparison point for routine LC reliability and usability.,https://www.reddit.com/r/CHROMATOGRAPHY/comments/1q24noh/reccomendations_for_new_hplc_system_for_routine/,Reddit - Please wait for verification,Partially supported,Source supports an anecdotal/directional signal; it does not establish prevalence or a representative market conclusion.,,2026-07-29 (America/New_York)
cv-agilent-cost-software,Customer voice,Product / Product Marketing / CSV export,Public lab-community signals often weigh usability and cost alongside instrument reliability.,https://www.reddit.com/r/CHROMATOGRAPHY/comments/1q24noh/reccomendations_for_new_hplc_system_for_routine/,Reddit - Please wait for verification,Partially supported,Source supports an anecdotal/directional signal; it does not establish prevalence or a representative market conclusion.,,2026-07-29 (America/New_York)
cv-thermo-vanquish-ecosystem,Customer voice,Product / Product Marketing / CSV export,Public competitor positioning and forum-source mapping make ecosystem integration a key comparison point.,https://www.reddit.com/r/CHROMATOGRAPHY/comments/1h6lnr0/agilent_1260_hplc_vs_thermo_vanquish_flex/,Reddit - Please wait for verification,Partially supported,Source supports an anecdotal/directional signal; it does not establish prevalence or a representative market conclusion.,,2026-07-29 (America/New_York)
cv-thermo-vanquish-complexity,Customer voice,Product / Product Marketing / CSV export,"Public community signals around integrated workflows often raise training, setup, and troubleshooting complexity.",https://www.reddit.com/r/CHROMATOGRAPHY/comments/1q24noh/reccomendations_for_new_hplc_system_for_routine/,Reddit - Please wait for verification,Partially supported,Source supports an anecdotal/directional signal; it does not establish prevalence or a representative market conclusion.,,2026-07-29 (America/New_York)
cv-shimadzu-nexera-value,Customer voice,Product / Product Marketing / CSV export,Public competitor positioning and review-source mapping support a value/reliability comparison point.,https://www.reddit.com/r/CHROMATOGRAPHY/comments/1q24noh/reccomendations_for_new_hplc_system_for_routine/,Reddit - Please wait for verification,Partially supported,Source supports an anecdotal/directional signal; it does not establish prevalence or a representative market conclusion.,,2026-07-29 (America/New_York)
cv-shimadzu-software-integration,Customer voice,Product / Product Marketing / CSV export,Public source mapping suggests method-transfer and software experience remain meaningful comparison criteria across LC vendors.,https://www.reddit.com/r/CHROMATOGRAPHY/comments/1i7ixun/lab_solutions_frustration/,Reddit - Please wait for verification,Partially supported,Source supports an anecdotal/directional signal; it does not establish prevalence or a representative market conclusion.,,2026-07-29 (America/New_York)
cv-sciex-exionlc-lcms-fit,Customer voice,Product / Product Marketing / CSV export,Public competitor positioning and source mapping make LC-MS workflow integration the main customer-value frame.,https://www.reddit.com/r/CHROMATOGRAPHY/comments/1f4airi/which_hplcmsms/,Reddit - Please wait for verification,Partially supported,Source supports an anecdotal/directional signal; it does not establish prevalence or a representative market conclusion.,,2026-07-29 (America/New_York)
cv-cross-vendor-training,Customer voice,Product / Product Marketing / CSV export,"Across public sources, routine LC pain often appears as training burden, method setup confusion, and reliance on local experts.",https://www.reddit.com/r/CHROMATOGRAPHY/comments/1q24noh/reccomendations_for_new_hplc_system_for_routine/,Reddit - Please wait for verification,Partially supported,Source supports an anecdotal/directional signal; it does not establish prevalence or a representative market conclusion.,,2026-07-29 (America/New_York)
cv-cross-vendor-consumables-cost,Customer voice,Product / Product Marketing / CSV export,"Public review/Q&A style sources often surface total cost, parts, service, and consumables as buying friction.",https://www.reddit.com/r/CHROMATOGRAPHY/comments/1uu27p8/which_lc_ms_brand_is_reliable_and_affordable/,Reddit - Prove your humanity,Partially supported,Source supports an anecdotal/directional signal; it does not establish prevalence or a representative market conclusion.,,2026-07-29 (America/New_York)
cv-waters-targetlynx-data-review,Customer voice,Product / Product Marketing / CSV export,A user processing more than 100 samples across 150 analytes described TargetLynx review as tedious and asked for a faster workflow.,https://www.reddit.com/r/massspectrometry/comments/1uxyipd/efficient_quant_workflow_for_targetlynx/,Reddit - Prove your humanity,Partially supported,"The linked anecdote supports the gist, but this is analyst-written summary language despite an 'Exact' evidence-status label.",,2026-07-29 (America/New_York)
cv-waters-unifi-data-access,Customer voice,Product / Product Marketing / CSV export,"The discussion contrasts MS Quan improvements with concerns about UNIFI, MassLynx, waters_connect, and service-only access.",https://www.reddit.com/r/massspectrometry/comments/1ux1imr/most_frustrating_thing_about_mass_spectrometry/,Reddit - Prove your humanity,Partially supported,"The linked anecdote supports the gist, but this is analyst-written summary language despite an 'Exact' evidence-status label.",,2026-07-29 (America/New_York)
cv-waters-synapt-fluidics,Customer voice,Product / Product Marketing / CSV export,The user could not clear a fluidics-stopped loop until the source-pressure test was identified as the underlying cause.,https://www.reddit.com/r/massspectrometry/comments/1u1dpq6/synapt_nonresponsive_fluidics_purge_issue/,Reddit - Prove your humanity,Partially supported,"The linked anecdote supports the gist, but this is analyst-written summary language despite an 'Exact' evidence-status label.",,2026-07-29 (America/New_York)
cv-waters-cross-vendor-control,Customer voice,Product / Product Marketing / CSV export,Users described coordinating MassLynx with ChemStation and contact closure to run mixed-vendor hardware.,https://www.reddit.com/r/massspectrometry/comments/1up1dlw/best_software_to_use_agilent_g3540a_gc_with/,Reddit - Prove your humanity,Partially supported,"The linked anecdote supports the gist, but this is analyst-written summary language despite an 'Exact' evidence-status label.",,2026-07-29 (America/New_York)
cv-market-vendor-service-comparison,Customer voice,Product / Product Marketing / CSV export,"The discussion explicitly asks users to compare instruments, consumables, software, and human support.",https://www.reddit.com/r/CHROMATOGRAPHY/comments/1sbtsdx/comparing_vendors_and_systems_thoughts/,Reddit - Prove your humanity,Partially supported,"The linked anecdote supports the gist, but this is analyst-written summary language despite an 'Exact' evidence-status label.",,2026-07-29 (America/New_York)
cv-waters-masslynx-conversion-speed,Customer voice,Product / Product Marketing / CSV export,"The user compared MassLynx and open conversion tools for mzML conversion, lock-mass correction, and centroiding.",https://www.reddit.com/r/massspectrometry/comments/1sognqt/what_is_the_fastest_way_to_convert_raw_files_to/,Reddit - Prove your humanity,Partially supported,"The linked anecdote supports the gist, but this is analyst-written summary language despite an 'Exact' evidence-status label.",,2026-07-29 (America/New_York)
cv-waters-imms-data-portability,Customer voice,Product / Product Marketing / CSV export,Users raised UNIFI and waters_connect export constraints while comparing IM-MS platforms and analysis options.,https://www.reddit.com/r/massspectrometry/comments/1rembme/imms_options/,Reddit - Prove your humanity,Partially supported,"The linked anecdote supports the gist, but this is analyst-written summary language despite an 'Exact' evidence-status label.",,2026-07-29 (America/New_York)
cv-waters-columns-driver-integration,Customer voice,Product / Product Marketing / CSV export,The discussion praises Waters LC and consumables but calls the software and third-party driver integration inconsistent.,https://www.reddit.com/r/massspectrometry/comments/1tausv5/ms_is_half_the_equation/,Reddit - Prove your humanity,Partially supported,"The linked anecdote supports the gist, but this is analyst-written summary language despite an 'Exact' evidence-status label.",,2026-07-29 (America/New_York)
cv-market-lcms-vendor-ranking,Customer voice,Product / Product Marketing / CSV export,"Users rejected a single overall ranking and compared vendors by application, hardware, software, and local support.",https://www.reddit.com/r/massspectrometry/comments/1p15xrz/which_company_ranked_1_for_lcms/,Reddit - Prove your humanity,Partially supported,"The linked anecdote supports the gist, but this is analyst-written summary language despite an 'Exact' evidence-status label.",,2026-07-29 (America/New_York)
cv-thermo-sciex-proteomics-fit,Customer voice,Product / Product Marketing / CSV export,"Users compared Thermo and SCIEX systems while discussing Vanquish flow capability, stability, service, and application fit.",https://www.reddit.com/r/massspectrometry/comments/1pw3739/sciex_or_thermo_for_proteomics/,Reddit - Prove your humanity,Partially supported,"The linked anecdote supports the gist, but this is analyst-written summary language despite an 'Exact' evidence-status label.",,2026-07-29 (America/New_York)
cv-market-new-lab-ms-selection,Customer voice,Product / Product Marketing / CSV export,"Users emphasized local service and repair experience alongside TOF, Orbitrap, and application-workflow differences.",https://www.reddit.com/r/massspectrometry/comments/1nlcb3p/new_lab_ms_option_help/,Reddit - Prove your humanity,Partially supported,"The linked anecdote supports the gist, but this is analyst-written summary language despite an 'Exact' evidence-status label.",,2026-07-29 (America/New_York)
cv-agilent-secondhand-serviceability,Customer voice,Product / Product Marketing / CSV export,A user documented restoring network communication on a second-hand Agilent 6550 through embedded-PC troubleshooting.,https://www.reddit.com/r/massspectrometry/comments/1mzna4c/a_record_of_fixing_a_secondhand_agilent_ms/,Reddit - Prove your humanity,Partially supported,"The linked anecdote supports the gist, but this is analyst-written summary language despite an 'Exact' evidence-status label.",,2026-07-29 (America/New_York)
cv-market-service-contracts,Customer voice,Product / Product Marketing / CSV export,The discussion compares service providers and OEM contracts for a mixed chromatography fleet.,https://www.reddit.com/r/CHROMATOGRAPHY/comments/1peddhs/who_consistently_gives_the_best_highest_quality/,Reddit - Please wait for verification,Partially supported,"The linked anecdote supports the gist, but this is analyst-written summary language despite an 'Exact' evidence-status label.",,2026-07-29 (America/New_York)
cv-public-e5eccb8568bea5,Customer voice,Product / Product Marketing / CSV export,﻿ Agilent LCMSMS 6470B vs 6475 - Chromatography Forum Advertisement Register Log in Log in Notifications Notifications Settings You have no notifications See All Quick links Unanswered topics Active topics Search FAQ Get in Touch with Us Chromatography Forum Unanswered topics Active topics Search Log in Register Skip to content Liquid Chromatography Gas Chromatography Hyphenated Techniques Sample Preparation Data Issues Jobs & Announcements FAQs Applications Notes Webinars Learning Hubs Home Chr,https://www.chromforum.org/viewtopic.php?t=122481,Agilent LCMSMS 6470B vs 6475 - Chromatography Forum,Partially supported,Source supports an anecdotal/directional signal; it does not establish prevalence or a representative market conclusion.,,2026-07-29 (America/New_York)
cv-public-60387a73676cf5,Customer voice,Product / Product Marketing / CSV export,﻿ Need help troubleshoot Waters 2410 and 2414 - Chromatography Forum Advertisement Register Log in Log in Notifications Notifications Settings You have no notifications See All Quick links Unanswered topics Active topics Search FAQ Get in Touch with Us Chromatography Forum Unanswered topics Active topics Search Log in Register Skip to content Liquid Chromatography Gas Chromatography Hyphenated Techniques Sample Preparation Data Issues Jobs & Announcements FAQs Applications Notes Webinars Learnin,https://www.chromforum.org/viewtopic.php?t=122404,Need help troubleshoot Waters 2410 and 2414 - Chromatography Forum,Partially supported,Source supports an anecdotal/directional signal; it does not establish prevalence or a representative market conclusion.,,2026-07-29 (America/New_York)
cv-public-1ade4471eb58d9,Customer voice,Product / Product Marketing / CSV export,﻿ Agilent MWD / DAD noise test fail UV and Vis - Chromatography Forum Advertisement Register Log in Log in Notifications Notifications Settings You have no notifications See All Quick links Unanswered topics Active topics Search FAQ Get in Touch with Us Chromatography Forum Unanswered topics Active topics Search Log in Register Skip to content Liquid Chromatography Gas Chromatography Hyphenated Techniques Sample Preparation Data Issues Jobs & Announcements FAQs Applications Notes Webinars Learni,https://www.chromforum.org/viewtopic.php?t=122426,Agilent MWD / DAD noise test fail UV and Vis - Chromatography Forum,Partially supported,Source supports an anecdotal/directional signal; it does not establish prevalence or a representative market conclusion.,,2026-07-29 (America/New_York)
cv-public-0fccea23bf6448,Customer voice,Product / Product Marketing / CSV export,Perfect column for metabolomic purpose!,https://www.selectscience.net/product/acquity-uplc-r-beh-c18-and-c8-columns,Buy ACQUITY UPLC® BEH C18 and C8 Columns Read Reviews,Verified,,,2026-07-29 (America/New_York)
cv-public-13d8655cb1b4c1,Customer voice,Product / Product Marketing / CSV export,"BRS Analytical Services, LLC — CGMP/Finished Pharmaceuticals/Adulterated (2025-09-17) | Chromatography Institute of America dba Compounder’s International Analytical Laboratory — CGMP/Finished Pharmaceutical/API/Adulterated (2025-08-20) | Shiva Analyticals Private Limited — CGMP/Finished Pharmaceuticals/Adulterated (2025-07-23) | Jiangsu Kerbio Medical Technology Group Co. — Good Laboratory Practice (GLP) for Nonclinical Laboratory Studies (2025-07-11) | Green Wave Analytical, LLC — CGMP/Finishe",https://www.fda.gov/inspections-compliance-enforcement-and-criminal-investigations/compliance-actions-and-activities/warning-letters/datatables-data?_format=xlsx&page=0,,Partially supported,Source supports an anecdotal/directional signal; it does not establish prevalence or a representative market conclusion.,,2026-07-29 (America/New_York)
cv-public-d1d7ebe0cd662a,Customer voice,Product / Product Marketing / CSV export,"Procedures not in writing, fully followed (243 citations) | Investigations of discrepancies, failures (164 citations) | Scientifically sound laboratory controls (121 citations) | Cleaning / Sanitizing / Maintenance (95 citations) | Computer control of master formula records (87 citations) | Equipment Design, Size and Location (81 citations) | Written procedures not established/followed (70 citations) | Testing and release for distribution (44 citations)",https://www.fda.gov/media/190190/download?attachment=,,Partially supported,Source supports an anecdotal/directional signal; it does not establish prevalence or a representative market conclusion.,,2026-07-29 (America/New_York)
agilent-lc-lcms-pharma-apac-growth-2026-q2,Filing insight,Leadership / Product / SEC filing insights,"Agilent says LC and LC-MS are helping drive pharma, APAC, and advanced-materials growth",https://www.sec.gov/Archives/edgar/data/1090872/000109087226000055/a-20260430.htm,very strong revenue growth in our liquid chromatography,Verified,,,2026-07-29 (America/New_York)
agilent-crosslab-service-growth-2026-q2,Filing insight,Leadership / Product / SEC filing insights,Agilent CrossLab and services growth points to lifecycle/service differentiation,https://www.sec.gov/Archives/edgar/data/1090872/000109087226000055/a-20260430.htm,Services and other revenue increased 10 percent in both periods,Verified,,,2026-07-29 (America/New_York)
thermo-bioproduction-chrom-ms-2026-q1,Filing insight,Leadership / Product / SEC filing insights,Thermo is pairing bioproduction investment with chromatography and MS resilience,https://www.sec.gov/Archives/edgar/data/97745/000009774526000092/tmo-20260328.htm,Chromatography and mass spectrometry 798 773,Verified,,,2026-07-29 (America/New_York)
thermo-analytical-instruments-margin-pressure-2026-q1,Filing insight,Leadership / Product / SEC filing insights,Thermo Analytical Instruments was flat with margin pressure despite chromatography/MS growth,https://www.sec.gov/Archives/edgar/data/97745/000009774526000092/tmo-20260328.htm,"lower volume, partially offset by favorable business mix",Verified,,,2026-07-29 (America/New_York)
revvity-software-ai-life-sciences-2026,Filing insight,Leadership / Product / SEC filing insights,PerkinElmer-related life-science software and AI signals are rising,https://www.sec.gov/Archives/edgar/data/31791/000003179126000019/revv-20260405.htm,"Revvity, Inc.",Contradicted,The filing is Revvity's; the cited filing does not support the PerkinElmer attribution or the asserted AI/platform/analytics trend.,Critical,2026-07-29 (America/New_York)
corporate-move-1,Corporate move,Leadership / competitor intent / filing evidence,"Agilent Pending acquisition: Biocare (BC Midco I, Inc.) on 2026-03-06; Approximately $950 million cash; Definitive agreement; subject to regulatory approval and closing conditions.",https://www.sec.gov/Archives/edgar/data/1090872/000109087226000055/a-20260430.htm,aggregate purchase price of approximately $ 950 million in cash,Verified,,,2026-07-29 (America/New_York)
corporate-move-2,Corporate move,Leadership / competitor intent / filing evidence,"Thermo Fisher Acquisition: Clario Holdings, Inc. on 2026-03-24; Preliminary purchase price of approximately $9.1 billion; Completed.",https://www.sec.gov/Archives/edgar/data/97745/000009774526000092/tmo-20260328.htm,"$ 9,099",Verified,,,2026-07-29 (America/New_York)
corporate-move-3,Corporate move,Leadership / competitor intent / filing evidence,Thermo Fisher Acquisition: Solventum Purification and Filtration business on 2025-09-01; Net purchase price of approximately $3.865 billion; Completed.,https://www.sec.gov/Archives/edgar/data/97745/000009774526000092/tmo-20260328.htm,"$ 3,865",Verified,,,2026-07-29 (America/New_York)
corporate-move-4,Corporate move,Leadership / competitor intent / filing evidence,Thermo Fisher Divestiture agreement: Microbiology business sale to Astorg on 2026-04-27; Approximately $1.075 billion; Agreement signed; expected to close in the second half of 2026.,https://www.sec.gov/Archives/edgar/data/97745/000009774526000092/tmo-20260328.htm,sell its microbiology business to Astorg for approximately $ 1.075 billion,Verified,,,2026-07-29 (America/New_York)
corporate-move-5,Corporate move,Leadership / competitor intent / filing evidence,PerkinElmer Acquisition: Advanced Chemistry Development Inc. (ACD/Labs) on 2026-01-01; $72 million cash plus up to $8 million contingent consideration; Completed.,https://www.sec.gov/Archives/edgar/data/31791/000003179126000019/revv-20260405.htm,"Revvity, Inc.",Contradicted,Revvity—not the current PerkinElmer instruments company—made the acquisition.,Critical,2026-07-29 (America/New_York)
bioprocessing-summit-us-2026-prep,Conference intelligence,Conference page / all role links,"Bioprocessing Summit US; Aug 10-13, 2026; Boston, MA. Thermo Fisher: Expected — not confirmed — Thermo Fisher is a 2026 premier sponsor. No competitor talk title is public on the event page, so expect a connected bioprocess, analytical, and digital-lab narrative rather than treating a specific session as confirmed.",https://www.bioprocessingsummit.com/,"The Bioprocessing Summit | August 10-13, 2026 | Boston, MA &amp; Virtual",Verified,,,2026-07-29 (America/New_York)
imsc-2026-prep,Conference intelligence,Conference page / all role links,"IMSC 2026; Aug 22-28, 2026; Lyon, France. Bruker: Confirmed in 2026 program — Bruker will present “Pioneering 4D Multiomics and Functional Proteomics 2.0” in a lunch seminar and will also run an Innovation Lab Talk.; Agilent, Thermo Fisher, SCIEX, and Shimadzu: Expected — not confirmed — All four are confirmed 2026 sponsors, but no individual talk titles were found on the public sponsor page. Monitor for late-posted seminars on high-resolution MS, omics, environmental workflows, and data analysis.",https://www.imss.nl/,International Mass Spectrometry Foundation,Verified,,,2026-07-29 (America/New_York)
acs-fall-2026-prep,Conference intelligence,Conference page / all role links,"ACS Fall 2026; Aug 23-27, 2026; Chicago, IL. Agilent: Expected — not confirmed — Expect application-led LC/Q-TOF positioning around pesticide screening and confident unknown identification; no ACS-specific Agilent talk title was found in the public page reviewed.; Thermo Fisher: Expected — not confirmed — Expect PFAS and emerging-contaminant content, including ultrashort-chain PFAS; no ACS-specific Thermo Fisher talk title was found in the public page reviewed.",https://www.acs.org/events/all-events/acs-fall-2026.html,,Partially supported,Official event details are confirmed; competitor content remains explicitly expected/unconfirmed or has mixed reachable evidence.,,2026-07-29 (America/New_York)
casss-ms-2026-prep,Conference intelligence,Conference page / all role links,"CASSS Mass Spec 2026; Sep 15-18, 2026; Rockville, MD. Agilent: Expected — not confirmed — Expect Agilent to connect LC/TOF hardware with a guided MAM workflow. The public CASSS page lists MAM as a 2026 topic, but a competitor seminar title was not yet published.; Thermo Fisher: Expected — not confirmed — Expect robust, high-throughput peptide quantitation and HRMS characterization messaging; no 2026 CASSS technical seminar title was public at review time.",https://www.casss.org/mass-spectrometry/attend,Mass Spec Attendee Resources,Partially supported,Official event details are confirmed; competitor content remains explicitly expected/unconfirmed or has mixed reachable evidence.,,2026-07-29 (America/New_York)
lab-of-the-future-eu-2026-prep,Conference intelligence,Conference page / all role links,"Lab of the Future Europe; Sep 22-23, 2026; Amsterdam, Netherlands. Thermo Fisher: Confirmed in 2026 program — Mark Fish, VP & GM of Digital Lab Solutions at Thermo Fisher Scientific, is scheduled to present “From Vision to Velocity: Enabling the Lab-in-the-Loop Future of Science.”; Agilent: Expected — not confirmed — Expect a guided digital-lab execution and compliance narrative around OpenLab Sync and USP MethodConnect; an Agilent event session was not found on the public agenda reviewed.",https://www.lab-of-the-future.com/europe/,Lab of the Future Europe,Partially supported,Official event details are confirmed; competitor content remains explicitly expected/unconfirmed or has mixed reachable evidence.,,2026-07-29 (America/New_York)
tides-eu-2026-prep,Conference intelligence,Conference page / all role links,"TIDES Europe; Nov 3-5, 2026; Amsterdam, Netherlands. Agilent: Expected — not confirmed — Agilent is listed as a 2026 participant. Expect automated oligonucleotide LC/MS QC and OpenLab workflow positioning, but no Agilent session title was found in the public agenda reviewed.; Thermo Fisher: Expected — not confirmed — Thermo Fisher is listed as a 2026 participant. Expect integrated LC-MS system-suitability and Chromeleon eWorkflow content for oligonucleotides; no Thermo Fisher session title was found in the public agenda reviewed.",https://informaconnect.com/tides-europe/,TIDES Europe: Oligonucleotide and Peptide Therapeutics,Partially supported,Official event details are confirmed; competitor content remains explicitly expected/unconfirmed or has mixed reachable evidence.,,2026-07-29 (America/New_York)
setac-na-2026-prep,Conference intelligence,Conference page / all role links,"SETAC North America 2026; Nov 2-5, 2026; Montreal, Quebec. SCIEX: Expected — not confirmed — Expect EPA Method 1633A routine-sample positioning on the novus V55 and a sensitivity story for TFA. No SCIEX-specific SETAC session was confirmed in the public event pages reviewed.; Thermo Fisher: Expected — not confirmed — Expect direct-injection quantitation of C1-C4 ultrashort-chain PFAS in drinking water. No Thermo Fisher-specific SETAC session was confirmed in the public event pages reviewed.; Shimadzu: Expected — not confirmed — Expect PFAS analysis in food or complex environmental matrices, including seafood. No Shimadzu-specific SETAC session was confirmed in the public event pages reviewed.",https://www.setac.org/discover-events/global-meetings/setac-north-america-47th-annual-meeting.html,SETAC North America 47th Annual Meeting,Partially supported,Official event details are confirmed; competitor content remains explicitly expected/unconfirmed or has mixed reachable evidence.,,2026-07-29 (America/New_York)
theme-LNP and RNA therapeutics workflows-30d,Publication count,Leadership / Product / Engineering / application trends / PowerPoint,LNP and RNA therapeutics workflows: 107 PubMed records (30d).,https://eutils.ncbi.nlm.nih.gov/entrez/eutils/esearch.fcgi,109,Partially supported,"NCBI E-utilities returned 109, not 107, for the same query/end date.",,2026-07-29 (America/New_York)
theme-LNP and RNA therapeutics workflows-60d,Publication count,Leadership / Product / Engineering / application trends / PowerPoint,LNP and RNA therapeutics workflows: 194 PubMed records (60d).,https://eutils.ncbi.nlm.nih.gov/entrez/eutils/esearch.fcgi,196,Partially supported,"NCBI E-utilities returned 196, not 194, for the same query/end date.",,2026-07-29 (America/New_York)
theme-LNP and RNA therapeutics workflows-90d,Publication count,Leadership / Product / Engineering / application trends / PowerPoint,LNP and RNA therapeutics workflows: 273 PubMed records (90d).,https://eutils.ncbi.nlm.nih.gov/entrez/eutils/esearch.fcgi,275,Partially supported,"NCBI E-utilities returned 275, not 273, for the same query/end date.",,2026-07-29 (America/New_York)
theme-LNP and RNA therapeutics workflows-1y,Publication count,Leadership / Product / Engineering / application trends / PowerPoint,LNP and RNA therapeutics workflows: 918 PubMed records (1y).,https://eutils.ncbi.nlm.nih.gov/entrez/eutils/esearch.fcgi,920,Partially supported,"NCBI E-utilities returned 920, not 918, for the same query/end date.",,2026-07-29 (America/New_York)
theme-LNP and RNA therapeutics workflows-3y,Publication count,Leadership / Product / Engineering / application trends / PowerPoint,LNP and RNA therapeutics workflows: 2470 PubMed records (3y).,https://eutils.ncbi.nlm.nih.gov/entrez/eutils/esearch.fcgi,2472,Partially supported,"NCBI E-utilities returned 2472, not 2470, for the same query/end date.",,2026-07-29 (America/New_York)
theme-LNP and RNA therapeutics workflows-5y,Publication count,Leadership / Product / Engineering / application trends / PowerPoint,LNP and RNA therapeutics workflows: 3903 PubMed records (5y).,https://eutils.ncbi.nlm.nih.gov/entrez/eutils/esearch.fcgi,3905,Partially supported,"NCBI E-utilities returned 3905, not 3903, for the same query/end date.",,2026-07-29 (America/New_York)
theme-Oligonucleotide and nucleic-acid analytics-30d,Publication count,Leadership / Product / Engineering / application trends / PowerPoint,Oligonucleotide and nucleic-acid analytics: 64 PubMed records (30d).,https://eutils.ncbi.nlm.nih.gov/entrez/eutils/esearch.fcgi,69,Partially supported,"NCBI E-utilities returned 69, not 64, for the same query/end date.",,2026-07-29 (America/New_York)
theme-Oligonucleotide and nucleic-acid analytics-60d,Publication count,Leadership / Product / Engineering / application trends / PowerPoint,Oligonucleotide and nucleic-acid analytics: 121 PubMed records (60d).,https://eutils.ncbi.nlm.nih.gov/entrez/eutils/esearch.fcgi,128,Partially supported,"NCBI E-utilities returned 128, not 121, for the same query/end date.",,2026-07-29 (America/New_York)
theme-Oligonucleotide and nucleic-acid analytics-90d,Publication count,Leadership / Product / Engineering / application trends / PowerPoint,Oligonucleotide and nucleic-acid analytics: 193 PubMed records (90d).,https://eutils.ncbi.nlm.nih.gov/entrez/eutils/esearch.fcgi,200,Partially supported,"NCBI E-utilities returned 200, not 193, for the same query/end date.",,2026-07-29 (America/New_York)
theme-Oligonucleotide and nucleic-acid analytics-1y,Publication count,Leadership / Product / Engineering / application trends / PowerPoint,Oligonucleotide and nucleic-acid analytics: 659 PubMed records (1y).,https://eutils.ncbi.nlm.nih.gov/entrez/eutils/esearch.fcgi,666,Partially supported,"NCBI E-utilities returned 666, not 659, for the same query/end date.",,2026-07-29 (America/New_York)
theme-Oligonucleotide and nucleic-acid analytics-3y,Publication count,Leadership / Product / Engineering / application trends / PowerPoint,Oligonucleotide and nucleic-acid analytics: 1514 PubMed records (3y).,https://eutils.ncbi.nlm.nih.gov/entrez/eutils/esearch.fcgi,1521,Partially supported,"NCBI E-utilities returned 1521, not 1514, for the same query/end date.",,2026-07-29 (America/New_York)
theme-Oligonucleotide and nucleic-acid analytics-5y,Publication count,Leadership / Product / Engineering / application trends / PowerPoint,Oligonucleotide and nucleic-acid analytics: 2228 PubMed records (5y).,https://eutils.ncbi.nlm.nih.gov/entrez/eutils/esearch.fcgi,2235,Partially supported,"NCBI E-utilities returned 2235, not 2228, for the same query/end date.",,2026-07-29 (America/New_York)
theme-PFAS and environmental contaminant testing-30d,Publication count,Leadership / Product / Engineering / application trends / PowerPoint,PFAS and environmental contaminant testing: 36 PubMed records (30d).,https://eutils.ncbi.nlm.nih.gov/entrez/eutils/esearch.fcgi,36,Verified,,,2026-07-29 (America/New_York)
theme-PFAS and environmental contaminant testing-60d,Publication count,Leadership / Product / Engineering / application trends / PowerPoint,PFAS and environmental contaminant testing: 77 PubMed records (60d).,https://eutils.ncbi.nlm.nih.gov/entrez/eutils/esearch.fcgi,77,Verified,,,2026-07-29 (America/New_York)
theme-PFAS and environmental contaminant testing-90d,Publication count,Leadership / Product / Engineering / application trends / PowerPoint,PFAS and environmental contaminant testing: 109 PubMed records (90d).,https://eutils.ncbi.nlm.nih.gov/entrez/eutils/esearch.fcgi,109,Verified,,,2026-07-29 (America/New_York)
theme-PFAS and environmental contaminant testing-1y,Publication count,Leadership / Product / Engineering / application trends / PowerPoint,PFAS and environmental contaminant testing: 335 PubMed records (1y).,https://eutils.ncbi.nlm.nih.gov/entrez/eutils/esearch.fcgi,335,Verified,,,2026-07-29 (America/New_York)
theme-PFAS and environmental contaminant testing-3y,Publication count,Leadership / Product / Engineering / application trends / PowerPoint,PFAS and environmental contaminant testing: 703 PubMed records (3y).,https://eutils.ncbi.nlm.nih.gov/entrez/eutils/esearch.fcgi,703,Verified,,,2026-07-29 (America/New_York)
theme-PFAS and environmental contaminant testing-5y,Publication count,Leadership / Product / Engineering / application trends / PowerPoint,PFAS and environmental contaminant testing: 951 PubMed records (5y).,https://eutils.ncbi.nlm.nih.gov/entrez/eutils/esearch.fcgi,951,Verified,,,2026-07-29 (America/New_York)
theme-High-resolution proteomics and metabolomics-30d,Publication count,Leadership / Product / Engineering / application trends / PowerPoint,High-resolution proteomics and metabolomics: 900 PubMed records (30d).,https://eutils.ncbi.nlm.nih.gov/entrez/eutils/esearch.fcgi,922,Partially supported,"NCBI E-utilities returned 922, not 900, for the same query/end date.",,2026-07-29 (America/New_York)
theme-High-resolution proteomics and metabolomics-60d,Publication count,Leadership / Product / Engineering / application trends / PowerPoint,High-resolution proteomics and metabolomics: 1837 PubMed records (60d).,https://eutils.ncbi.nlm.nih.gov/entrez/eutils/esearch.fcgi,1862,Partially supported,"NCBI E-utilities returned 1862, not 1837, for the same query/end date.",,2026-07-29 (America/New_York)
theme-High-resolution proteomics and metabolomics-90d,Publication count,Leadership / Product / Engineering / application trends / PowerPoint,High-resolution proteomics and metabolomics: 2756 PubMed records (90d).,https://eutils.ncbi.nlm.nih.gov/entrez/eutils/esearch.fcgi,2781,Partially supported,"NCBI E-utilities returned 2781, not 2756, for the same query/end date.",,2026-07-29 (America/New_York)
theme-High-resolution proteomics and metabolomics-1y,Publication count,Leadership / Product / Engineering / application trends / PowerPoint,High-resolution proteomics and metabolomics: 9869 PubMed records (1y).,https://eutils.ncbi.nlm.nih.gov/entrez/eutils/esearch.fcgi,9894,Partially supported,"NCBI E-utilities returned 9894, not 9869, for the same query/end date.",,2026-07-29 (America/New_York)
theme-High-resolution proteomics and metabolomics-3y,Publication count,Leadership / Product / Engineering / application trends / PowerPoint,High-resolution proteomics and metabolomics: 24750 PubMed records (3y).,https://eutils.ncbi.nlm.nih.gov/entrez/eutils/esearch.fcgi,24775,Partially supported,"NCBI E-utilities returned 24775, not 24750, for the same query/end date.",,2026-07-29 (America/New_York)
theme-High-resolution proteomics and metabolomics-5y,Publication count,Leadership / Product / Engineering / application trends / PowerPoint,High-resolution proteomics and metabolomics: 38900 PubMed records (5y).,https://eutils.ncbi.nlm.nih.gov/entrez/eutils/esearch.fcgi,38925,Partially supported,"NCBI E-utilities returned 38925, not 38900, for the same query/end date.",,2026-07-29 (America/New_York)
theme-Lab automation and software-enabled workflows-30d,Publication count,Leadership / Product / Engineering / application trends / PowerPoint,Lab automation and software-enabled workflows: 111 PubMed records (30d).,https://eutils.ncbi.nlm.nih.gov/entrez/eutils/esearch.fcgi,112,Partially supported,"NCBI E-utilities returned 112, not 111, for the same query/end date.",,2026-07-29 (America/New_York)
theme-Lab automation and software-enabled workflows-60d,Publication count,Leadership / Product / Engineering / application trends / PowerPoint,Lab automation and software-enabled workflows: 221 PubMed records (60d).,https://eutils.ncbi.nlm.nih.gov/entrez/eutils/esearch.fcgi,224,Partially supported,"NCBI E-utilities returned 224, not 221, for the same query/end date.",,2026-07-29 (America/New_York)
theme-Lab automation and software-enabled workflows-90d,Publication count,Leadership / Product / Engineering / application trends / PowerPoint,Lab automation and software-enabled workflows: 321 PubMed records (90d).,https://eutils.ncbi.nlm.nih.gov/entrez/eutils/esearch.fcgi,324,Partially supported,"NCBI E-utilities returned 324, not 321, for the same query/end date.",,2026-07-29 (America/New_York)
theme-Lab automation and software-enabled workflows-1y,Publication count,Leadership / Product / Engineering / application trends / PowerPoint,Lab automation and software-enabled workflows: 1137 PubMed records (1y).,https://eutils.ncbi.nlm.nih.gov/entrez/eutils/esearch.fcgi,1140,Partially supported,"NCBI E-utilities returned 1140, not 1137, for the same query/end date.",,2026-07-29 (America/New_York)
theme-Lab automation and software-enabled workflows-3y,Publication count,Leadership / Product / Engineering / application trends / PowerPoint,Lab automation and software-enabled workflows: 2699 PubMed records (3y).,https://eutils.ncbi.nlm.nih.gov/entrez/eutils/esearch.fcgi,2702,Partially supported,"NCBI E-utilities returned 2702, not 2699, for the same query/end date.",,2026-07-29 (America/New_York)
theme-Lab automation and software-enabled workflows-5y,Publication count,Leadership / Product / Engineering / application trends / PowerPoint,Lab automation and software-enabled workflows: 3883 PubMed records (5y).,https://eutils.ncbi.nlm.nih.gov/entrez/eutils/esearch.fcgi,3886,Partially supported,"NCBI E-utilities returned 3886, not 3883, for the same query/end date.",,2026-07-29 (America/New_York)
competitor-Thermo Fisher-30d,Publication count,Product / Engineering / publication intelligence,Thermo Fisher: 254 PubMed records (30d).,https://eutils.ncbi.nlm.nih.gov/entrez/eutils/esearch.fcgi,251,Partially supported,"NCBI E-utilities returned 251, not 254, for the same query/end date.",,2026-07-29 (America/New_York)
competitor-Thermo Fisher-60d,Publication count,Product / Engineering / publication intelligence,Thermo Fisher: 502 PubMed records (60d).,https://eutils.ncbi.nlm.nih.gov/entrez/eutils/esearch.fcgi,498,Partially supported,"NCBI E-utilities returned 498, not 502, for the same query/end date.",,2026-07-29 (America/New_York)
competitor-Thermo Fisher-90d,Publication count,Product / Engineering / publication intelligence,Thermo Fisher: 729 PubMed records (90d).,https://eutils.ncbi.nlm.nih.gov/entrez/eutils/esearch.fcgi,725,Partially supported,"NCBI E-utilities returned 725, not 729, for the same query/end date.",,2026-07-29 (America/New_York)
competitor-Thermo Fisher-1y,Publication count,Product / Engineering / publication intelligence,Thermo Fisher: 2399 PubMed records (1y).,https://eutils.ncbi.nlm.nih.gov/entrez/eutils/esearch.fcgi,2402,Partially supported,"NCBI E-utilities returned 2402, not 2399, for the same query/end date.",,2026-07-29 (America/New_York)
competitor-Thermo Fisher-3y,Publication count,Product / Engineering / publication intelligence,Thermo Fisher: 5670 PubMed records (3y).,https://eutils.ncbi.nlm.nih.gov/entrez/eutils/esearch.fcgi,5672,Partially supported,"NCBI E-utilities returned 5672, not 5670, for the same query/end date.",,2026-07-29 (America/New_York)
competitor-Thermo Fisher-5y,Publication count,Product / Engineering / publication intelligence,Thermo Fisher: 8600 PubMed records (5y).,https://eutils.ncbi.nlm.nih.gov/entrez/eutils/esearch.fcgi,8603,Partially supported,"NCBI E-utilities returned 8603, not 8600, for the same query/end date.",,2026-07-29 (America/New_York)
competitor-Agilent-30d,Publication count,Product / Engineering / publication intelligence,Agilent: 4 PubMed records (30d).,https://eutils.ncbi.nlm.nih.gov/entrez/eutils/esearch.fcgi,4,Verified,,,2026-07-29 (America/New_York)
competitor-Agilent-60d,Publication count,Product / Engineering / publication intelligence,Agilent: 13 PubMed records (60d).,https://eutils.ncbi.nlm.nih.gov/entrez/eutils/esearch.fcgi,13,Verified,,,2026-07-29 (America/New_York)
competitor-Agilent-90d,Publication count,Product / Engineering / publication intelligence,Agilent: 21 PubMed records (90d).,https://eutils.ncbi.nlm.nih.gov/entrez/eutils/esearch.fcgi,21,Verified,,,2026-07-29 (America/New_York)
competitor-Agilent-1y,Publication count,Product / Engineering / publication intelligence,Agilent: 60 PubMed records (1y).,https://eutils.ncbi.nlm.nih.gov/entrez/eutils/esearch.fcgi,60,Verified,,,2026-07-29 (America/New_York)
competitor-Agilent-3y,Publication count,Product / Engineering / publication intelligence,Agilent: 172 PubMed records (3y).,https://eutils.ncbi.nlm.nih.gov/entrez/eutils/esearch.fcgi,172,Verified,,,2026-07-29 (America/New_York)
competitor-Agilent-5y,Publication count,Product / Engineering / publication intelligence,Agilent: 274 PubMed records (5y).,https://eutils.ncbi.nlm.nih.gov/entrez/eutils/esearch.fcgi,274,Verified,,,2026-07-29 (America/New_York)
competitor-Shimadzu-30d,Publication count,Product / Engineering / publication intelligence,Shimadzu: 0 PubMed records (30d).,https://eutils.ncbi.nlm.nih.gov/entrez/eutils/esearch.fcgi,0,Verified,,,2026-07-29 (America/New_York)
competitor-Shimadzu-60d,Publication count,Product / Engineering / publication intelligence,Shimadzu: 1 PubMed records (60d).,https://eutils.ncbi.nlm.nih.gov/entrez/eutils/esearch.fcgi,1,Verified,,,2026-07-29 (America/New_York)
competitor-Shimadzu-90d,Publication count,Product / Engineering / publication intelligence,Shimadzu: 1 PubMed records (90d).,https://eutils.ncbi.nlm.nih.gov/entrez/eutils/esearch.fcgi,1,Verified,,,2026-07-29 (America/New_York)
competitor-Shimadzu-1y,Publication count,Product / Engineering / publication intelligence,Shimadzu: 3 PubMed records (1y).,https://eutils.ncbi.nlm.nih.gov/entrez/eutils/esearch.fcgi,3,Verified,,,2026-07-29 (America/New_York)
competitor-Shimadzu-3y,Publication count,Product / Engineering / publication intelligence,Shimadzu: 8 PubMed records (3y).,https://eutils.ncbi.nlm.nih.gov/entrez/eutils/esearch.fcgi,8,Verified,,,2026-07-29 (America/New_York)
competitor-Shimadzu-5y,Publication count,Product / Engineering / publication intelligence,Shimadzu: 15 PubMed records (5y).,https://eutils.ncbi.nlm.nih.gov/entrez/eutils/esearch.fcgi,15,Verified,,,2026-07-29 (America/New_York)
competitor-SCIEX-30d,Publication count,Product / Engineering / publication intelligence,SCIEX: 27 PubMed records (30d).,https://eutils.ncbi.nlm.nih.gov/entrez/eutils/esearch.fcgi,27,Verified,,,2026-07-29 (America/New_York)
competitor-SCIEX-60d,Publication count,Product / Engineering / publication intelligence,SCIEX: 49 PubMed records (60d).,https://eutils.ncbi.nlm.nih.gov/entrez/eutils/esearch.fcgi,48,Partially supported,"NCBI E-utilities returned 48, not 49, for the same query/end date.",,2026-07-29 (America/New_York)
competitor-SCIEX-90d,Publication count,Product / Engineering / publication intelligence,SCIEX: 67 PubMed records (90d).,https://eutils.ncbi.nlm.nih.gov/entrez/eutils/esearch.fcgi,66,Partially supported,"NCBI E-utilities returned 66, not 67, for the same query/end date.",,2026-07-29 (America/New_York)
competitor-SCIEX-1y,Publication count,Product / Engineering / publication intelligence,SCIEX: 232 PubMed records (1y).,https://eutils.ncbi.nlm.nih.gov/entrez/eutils/esearch.fcgi,232,Verified,,,2026-07-29 (America/New_York)
competitor-SCIEX-3y,Publication count,Product / Engineering / publication intelligence,SCIEX: 596 PubMed records (3y).,https://eutils.ncbi.nlm.nih.gov/entrez/eutils/esearch.fcgi,596,Verified,,,2026-07-29 (America/New_York)
competitor-SCIEX-5y,Publication count,Product / Engineering / publication intelligence,SCIEX: 929 PubMed records (5y).,https://eutils.ncbi.nlm.nih.gov/entrez/eutils/esearch.fcgi,929,Verified,,,2026-07-29 (America/New_York)
competitor-PerkinElmer-30d,Publication count,Product / Engineering / publication intelligence,PerkinElmer: 2 PubMed records (30d).,https://eutils.ncbi.nlm.nih.gov/entrez/eutils/esearch.fcgi,2,Verified,,,2026-07-29 (America/New_York)
competitor-PerkinElmer-60d,Publication count,Product / Engineering / publication intelligence,PerkinElmer: 2 PubMed records (60d).,https://eutils.ncbi.nlm.nih.gov/entrez/eutils/esearch.fcgi,2,Verified,,,2026-07-29 (America/New_York)
competitor-PerkinElmer-90d,Publication count,Product / Engineering / publication intelligence,PerkinElmer: 4 PubMed records (90d).,https://eutils.ncbi.nlm.nih.gov/entrez/eutils/esearch.fcgi,4,Verified,,,2026-07-29 (America/New_York)
competitor-PerkinElmer-1y,Publication count,Product / Engineering / publication intelligence,PerkinElmer: 11 PubMed records (1y).,https://eutils.ncbi.nlm.nih.gov/entrez/eutils/esearch.fcgi,11,Verified,,,2026-07-29 (America/New_York)
competitor-PerkinElmer-3y,Publication count,Product / Engineering / publication intelligence,PerkinElmer: 25 PubMed records (3y).,https://eutils.ncbi.nlm.nih.gov/entrez/eutils/esearch.fcgi,25,Verified,,,2026-07-29 (America/New_York)
competitor-PerkinElmer-5y,Publication count,Product / Engineering / publication intelligence,PerkinElmer: 36 PubMed records (5y).,https://eutils.ncbi.nlm.nih.gov/entrez/eutils/esearch.fcgi,36,Verified,,,2026-07-29 (America/New_York)
agilent-hp-1100-hplc-1995,Historical product catalog,Product comparator / historical catalog,Agilent HP 1100 Series HPLC introduced in 1995.,https://www.agilent.com/about/companyinfo/history/Agilent-history-timeline.pdf,,UNREACHABLE,Primary source could not be fetched or extracted.,,2026-07-29 (America/New_York)
agilent-1200-series-lc-2006,Historical product catalog,Product comparator / historical catalog,Agilent 1200 Series LC introduced in 2006.,https://www.agilent.com/cs/library/slidepresentation/public/Discover_the_Efficiency_Advantage_in_your_LC_Phoenix07012017.pdf,,UNREACHABLE,Primary source could not be fetched or extracted.,,2026-07-29 (America/New_York)
agilent-6100-series-lcms-2006,Historical product catalog,Product comparator / historical catalog,Agilent 6100 Series Single Quadrupole LC/MS introduced in 2006.,https://www.agilent.com/about/newsroom/presrel/2007/05apr-ca07020.html,,UNREACHABLE,Primary source could not be fetched or extracted.,,2026-07-29 (America/New_York)
agilent-6210-tof-lcms-2006,Historical product catalog,Product comparator / historical catalog,Agilent 6210 TOF LC/MS introduced in 2006.,https://www.agilent.com/about/newsroom/presrel/2007/05apr-ca07020.html,,UNREACHABLE,Primary source could not be fetched or extracted.,,2026-07-29 (America/New_York)
agilent-6410-triple-quad-2006,Historical product catalog,Product comparator / historical catalog,Agilent 6410 Triple Quadrupole LC/MS introduced in 2006.,https://www.agilent.com/about/newsroom/presrel/2007/05apr-ca07020.html,,UNREACHABLE,Primary source could not be fetched or extracted.,,2026-07-29 (America/New_York)
agilent-6510-qtof-2006,Historical product catalog,Product comparator / historical catalog,Agilent 6510 Q-TOF LC/MS introduced in 2006.,https://www.agilent.com/about/newsroom/presrel/2007/05apr-ca07020.html,,UNREACHABLE,Primary source could not be fetched or extracted.,,2026-07-29 (America/New_York)
agilent-6220-tof-2007,Historical product catalog,Product comparator / historical catalog,Agilent 6220 TOF LC/MS introduced in 2007.,https://www.agilent.com/about/newsroom/presrel/2008/07apr-ca08025.html,,UNREACHABLE,Primary source could not be fetched or extracted.,,2026-07-29 (America/New_York)
agilent-1290-infinity-lc-2009,Historical product catalog,Product comparator / historical catalog,Agilent 1290 Infinity LC introduced in 2009.,https://www.agilent.com/cs/library/slidepresentation/public/Discover_the_Efficiency_Advantage_in_your_LC_Phoenix07012017.pdf,,UNREACHABLE,Primary source could not be fetched or extracted.,,2026-07-29 (America/New_York)
agilent-1260-infinity-lc-2010,Historical product catalog,Product comparator / historical catalog,Agilent 1260 Infinity LC introduced in 2010.,https://www.agilent.com/cs/library/slidepresentation/public/Discover_the_Efficiency_Advantage_in_your_LC_Phoenix07012017.pdf,,UNREACHABLE,Primary source could not be fetched or extracted.,,2026-07-29 (America/New_York)
agilent-1290-infinity-2dlc-2012,Historical product catalog,Product comparator / historical catalog,Agilent 1290 Infinity 2D-LC introduced in 2012.,https://www.agilent.com/cs/library/slidepresentation/public/Discover_the_Efficiency_Advantage_in_your_LC_Phoenix07012017.pdf,,UNREACHABLE,Primary source could not be fetched or extracted.,,2026-07-29 (America/New_York)
agilent-1290-infinity-ii-2014,Historical product catalog,Product comparator / historical catalog,Agilent 1290 Infinity II LC introduced in 2014.,https://www.agilent.com/cs/library/slidepresentation/public/Discover_the_Efficiency_Advantage_in_your_LC_Phoenix07012017.pdf,,UNREACHABLE,Primary source could not be fetched or extracted.,,2026-07-29 (America/New_York)
agilent-1220-infinity-ii-2016,Historical product catalog,Product comparator / historical catalog,Agilent 1220 Infinity II LC introduced in 2016.,https://www.agilent.com/newsjp/presrel/fy2016/ca05_1260infinity.shtml,,UNREACHABLE,Primary source could not be fetched or extracted.,,2026-07-29 (America/New_York)
agilent-1260-infinity-ii-2016,Historical product catalog,Product comparator / historical catalog,Agilent 1260 Infinity II LC introduced in 2016.,https://www.agilent.com/newsjp/presrel/fy2016/ca05_1260infinity.shtml,,UNREACHABLE,Primary source could not be fetched or extracted.,,2026-07-29 (America/New_York)
agilent-6495b-2017,Historical product catalog,Product comparator / historical catalog,Agilent 6495B Triple Quadrupole LC/MS introduced in 2017.,https://www.agilent.com/cn/about/newsroom/presrel/2017/0308.html,,UNREACHABLE,Primary source could not be fetched or extracted.,,2026-07-29 (America/New_York)
agilent-6546-qtof-2019,Historical product catalog,Product comparator / historical catalog,Agilent 6546 LC/Q-TOF introduced in 2019.,https://www.agilent.com/about/newsroom/presrel/2019/15apr-ca19010.html,,UNREACHABLE,Primary source could not be fetched or extracted.,,2026-07-29 (America/New_York)
agilent-lcmsd-iq-2019,Historical product catalog,Product comparator / historical catalog,Agilent InfinityLab LC/MSD iQ introduced in 2019.,https://www.agilent.com/about/newsroom/presrel/2019/03jun-ca19014.html,,UNREACHABLE,Primary source could not be fetched or extracted.,,2026-07-29 (America/New_York)
agilent-6470b-2020,Historical product catalog,Product comparator / historical catalog,Agilent 6470B Triple Quadrupole LC/MS introduced in 2020.,https://www.agilent.com/about/newsroom/presrel/2020/01jun-ca20017.html,,UNREACHABLE,Primary source could not be fetched or extracted.,,2026-07-29 (America/New_York)
agilent-rapidfire-400-2020,Historical product catalog,Product comparator / historical catalog,Agilent RapidFire 400 High-Throughput MS System introduced in 2020.,https://www.agilent.com/about/newsroom/presrel/2020/01jun-ca20017.html,,UNREACHABLE,Primary source could not be fetched or extracted.,,2026-07-29 (America/New_York)
agilent-6475-2022,Historical product catalog,Product comparator / historical catalog,Agilent 6475 Triple Quadrupole LC/MS introduced in 2022.,https://www.agilent.com/about/newsroom/presrel/2022/06jun-ca22017.html,,UNREACHABLE,Primary source could not be fetched or extracted.,,2026-07-29 (America/New_York)
agilent-6495d-2023,Historical product catalog,Product comparator / historical catalog,Agilent 6495D Triple Quadrupole LC/MS introduced in 2023.,https://www.agilent.com/about/newsroom/presrel/2023/05jun-ca23023.html,,UNREACHABLE,Primary source could not be fetched or extracted.,,2026-07-29 (America/New_York)
agilent-revident-2023,Historical product catalog,Product comparator / historical catalog,Agilent Revident LC/Q-TOF introduced in 2023.,https://www.agilent.com/about/newsroom/presrel/2023/05jun-ca23023.html,,UNREACHABLE,Primary source could not be fetched or extracted.,,2026-07-29 (America/New_York)
agilent-1260-infinity-iii-2024,Historical product catalog,Product comparator / historical catalog,Agilent 1260 Infinity III LC introduced in 2024.,https://www.agilent.com/about/newsroom/presrel/2024/21oct-ca24026.html,,UNREACHABLE,Primary source could not be fetched or extracted.,,2026-07-29 (America/New_York)
agilent-1260-infinity-iii-prime-2024,Historical product catalog,Product comparator / historical catalog,Agilent 1260 Infinity III Prime LC introduced in 2024.,https://www.agilent.com/about/newsroom/presrel/2024/21oct-ca24026.html,,UNREACHABLE,Primary source could not be fetched or extracted.,,2026-07-29 (America/New_York)
agilent-1290-infinity-iii-2024,Historical product catalog,Product comparator / historical catalog,Agilent 1290 Infinity III LC introduced in 2024.,https://www.agilent.com/about/newsroom/presrel/2024/21oct-ca24026.html,,UNREACHABLE,Primary source could not be fetched or extracted.,,2026-07-29 (America/New_York)
shimadzu-lc-10a-1991,Historical product catalog,Product comparator / historical catalog,Shimadzu LC-10A Series HPLC introduced in 1991.,https://www.shimadzu.com/sites/shimadzu.com/files/ir/8quj/r6kpfhyxuu985pje.pdf,,UNREACHABLE,Primary source could not be fetched or extracted.,,2026-07-29 (America/New_York)
shimadzu-lc-vp-1997,Historical product catalog,Product comparator / historical catalog,Shimadzu LC-VP Series HPLC introduced in 1997.,https://www.shimadzu.com/sites/shimadzu.com/files/ir/8quj/r6kpfhyxuu985pje.pdf,,UNREACHABLE,Primary source could not be fetched or extracted.,,2026-07-29 (America/New_York)
shimadzu-lc-2010-2000,Historical product catalog,Product comparator / historical catalog,Shimadzu LC-2010 Integrated HPLC introduced in 2000.,https://www.shimadzu.com/sites/shimadzu.com/files/ir/8quj/r6kpfhyxuu985pje.pdf,,UNREACHABLE,Primary source could not be fetched or extracted.,,2026-07-29 (America/New_York)
shimadzu-lcms-2010a-2002,Historical product catalog,Product comparator / historical catalog,Shimadzu LCMS-2010A introduced in 2002.,https://www.shimadzu.com/sites/shimadzu.com/files/ir/8quj/r6kpfhyxuu985pje.pdf,,UNREACHABLE,Primary source could not be fetched or extracted.,,2026-07-29 (America/New_York)
shimadzu-sil-ht-2003,Historical product catalog,Product comparator / historical catalog,Shimadzu SIL-HT Autosampler introduced in 2003.,https://www.shimadzu.com/sites/shimadzu.com/files/ir/8quj/r6kpfhyxuu985pje.pdf,,UNREACHABLE,Primary source could not be fetched or extracted.,,2026-07-29 (America/New_York)
shimadzu-prominence-2004,Historical product catalog,Product comparator / historical catalog,Shimadzu Prominence HPLC/UHPLC introduced in 2004.,https://www.shimadzu.com/sites/shimadzu.com/files/ir/8quj/r6kpfhyxuu985pje.pdf,,UNREACHABLE,Primary source could not be fetched or extracted.,,2026-07-29 (America/New_York)
shimadzu-lcms-it-tof-2004,Historical product catalog,Product comparator / historical catalog,Shimadzu LCMS-IT-TOF introduced in 2004.,https://www.shimadzu.com/sites/shimadzu.com/files/ir/8quj/r6kpfhyxuu985pje.pdf,,UNREACHABLE,Primary source could not be fetched or extracted.,,2026-07-29 (America/New_York)
shimadzu-lcms-2020-2008,Historical product catalog,Product comparator / historical catalog,Shimadzu LCMS-2020 Single Quadrupole introduced in 2008.,https://www.shimadzu.com/sites/shimadzu.com/files/ir/8quj/r6kpfhyxuu985pje.pdf,,UNREACHABLE,Primary source could not be fetched or extracted.,,2026-07-29 (America/New_York)
shimadzu-nexera-2010,Historical product catalog,Product comparator / historical catalog,Shimadzu Nexera UHPLC introduced in 2010.,https://www.shimadzu.com/sites/shimadzu.com/files/ir/8quj/r6kpfhyxuu985pje.pdf,,UNREACHABLE,Primary source could not be fetched or extracted.,,2026-07-29 (America/New_York)
shimadzu-lcms-8030-2010,Historical product catalog,Product comparator / historical catalog,Shimadzu LCMS-8030 Triple Quadrupole introduced in 2010.,https://www.shimadzu.com/sites/shimadzu.com/files/ir/8quj/r6kpfhyxuu985pje.pdf,,UNREACHABLE,Primary source could not be fetched or extracted.,,2026-07-29 (America/New_York)
shimadzu-lcms-8040-2012,Historical product catalog,Product comparator / historical catalog,Shimadzu LCMS-8040 Triple Quadrupole introduced in 2012.,https://www.shimadzu.com/sites/shimadzu.com/files/ir/8quj/r6kpfhyxuu985pje.pdf,,UNREACHABLE,Primary source could not be fetched or extracted.,,2026-07-29 (America/New_York)
shimadzu-lcms-8050-2013,Historical product catalog,Product comparator / historical catalog,Shimadzu LCMS-8050 Triple Quadrupole introduced in 2013.,https://www.shimadzu.com/sites/shimadzu.com/files/ir/8quj/r6kpfhyxuu985pje.pdf,,UNREACHABLE,Primary source could not be fetched or extracted.,,2026-07-29 (America/New_York)
shimadzu-i-series-2014,Historical product catalog,Product comparator / historical catalog,Shimadzu i-Series Integrated HPLC/UHPLC introduced in 2014.,https://www.shimadzu.com/sites/shimadzu.com/files/ir/8quj/r6kpfhyxuu985pje.pdf,,UNREACHABLE,Primary source could not be fetched or extracted.,,2026-07-29 (America/New_York)
shimadzu-nexera-uc-2015,Historical product catalog,Product comparator / historical catalog,Shimadzu Nexera UC Unified Chromatography introduced in 2015.,https://www.shimadzu.com/sites/shimadzu.com/files/ir/8quj/r6kpfhyxuu985pje.pdf,,UNREACHABLE,Primary source could not be fetched or extracted.,,2026-07-29 (America/New_York)
shimadzu-lcms-8060-2015,Historical product catalog,Product comparator / historical catalog,Shimadzu LCMS-8060 Triple Quadrupole introduced in 2015.,https://www.shimadzu.com/sites/shimadzu.com/files/ir/8quj/r6kpfhyxuu985pje.pdf,,UNREACHABLE,Primary source could not be fetched or extracted.,,2026-07-29 (America/New_York)
shimadzu-nexera-mikros-2018,Historical product catalog,Product comparator / historical catalog,Shimadzu Nexera Mikros Microflow LC-MS System introduced in 2018.,https://www.shimadzu.com/sites/shimadzu.com/files/ir/8quj/r6kpfhyxuu985pje.pdf,,UNREACHABLE,Primary source could not be fetched or extracted.,,2026-07-29 (America/New_York)
shimadzu-lcms-9030-2018,Historical product catalog,Product comparator / historical catalog,Shimadzu LCMS-9030 Q-TOF introduced in 2018.,https://www.shimadzu.com/sites/shimadzu.com/files/ir/8quj/r6kpfhyxuu985pje.pdf,,UNREACHABLE,Primary source could not be fetched or extracted.,,2026-07-29 (America/New_York)
shimadzu-nexera-40-series-2019,Historical product catalog,Product comparator / historical catalog,Shimadzu Nexera 40 Series UHPLC introduced in 2019.,https://www.shimadzu.com/sites/shimadzu.com/files/ir/8quj/r6kpfhyxuu985pje.pdf,,UNREACHABLE,Primary source could not be fetched or extracted.,,2026-07-29 (America/New_York)
shimadzu-lcms-8060nx-2020,Historical product catalog,Product comparator / historical catalog,Shimadzu LCMS-8060NX Triple Quadrupole introduced in 2020.,https://www.ssi.shimadzu.com/news/2020/new-LCMS-8060NX-high-performance-tandem-liquid-chromatograph-mass-spectrometer-improves-workflow-efficiency-and-maximizes-laboratory-output.html,Shimadzu’s New LCMS-8060NX High-Performance Tandem Liquid Chromatograph Mass Spectrometer Improves Workflow Efficiency and Maximizes Laboratory,Verified,,,2026-07-29 (America/New_York)
shimadzu-nexera-qx-2020,Historical product catalog,Product comparator / historical catalog,Shimadzu Nexera QX Multiplex LC-MS/MS System introduced in 2020.,https://www.ssi.shimadzu.com/news/2020/shimadzu-launches-new-Ultra-Fast-Nexera-QX-Multiplex-LC-MS/MS-System.html,New Ultra-Fast Nexera QX Multiplex LC-MS/MS System Multiplies Sample Throughput to Maximize Productivity : Shimadzu,Verified,,,2026-07-29 (America/New_York)
shimadzu-nexera-prep-2021,Historical product catalog,Product comparator / historical catalog,Shimadzu Nexera Prep Preparative LC introduced in 2021.,https://www.shimadzu.com/an/products/liquid-chromatography/hplc-system/nexera-prep/index.html,Nexera Prep : SHIMADZU (Shimadzu Corporation) Global Analytical and Measuring Instruments About Shimadzu Contact Search,Partially supported,"Product identity is supported, but the introduction year was not found in the fetched source.",,2026-07-29 (America/New_York)
shimadzu-nexera-fv-2021,Historical product catalog,Product comparator / historical catalog,Shimadzu Nexera FV Ultra-Fast LC-MS/MS System introduced in 2021.,https://www.shimadzu.com/an/products/liquid-chromatography/hplc-system/nexera-fv/index.html,Nexera FV : SHIMADZU (Shimadzu Corporation) Global Analytical and Measuring Instruments About Shimadzu Contact Search,Partially supported,"Product identity is supported, but the introduction year was not found in the fetched source.",,2026-07-29 (America/New_York)
shimadzu-nexera-xs-inert-2022,Historical product catalog,Product comparator / historical catalog,Shimadzu Nexera XS inert UHPLC introduced in 2022.,https://www.shimadzu.com/news/xsysh4059sd7e93d.html,ADZU CORPORATION : Expanding Market Share in the Pharma/Biopharma Market with New LC Release of,Verified,,,2026-07-29 (America/New_York)
shimadzu-lcms-2050-2022,Historical product catalog,Product comparator / historical catalog,Shimadzu LCMS-2050 Single Quadrupole introduced in 2022.,https://www.shimadzu.com/news/2022.html,2022 | NEWS | SHIMADZU CORPORATION CONTACT US GLOBAL LINKS CONTACT US GLOBAL LINKS NEWS,Partially supported,"Product identity is supported, but the introduction year was not found in the fetched source.",,2026-07-29 (America/New_York)
shimadzu-lcms-9050-2022,Historical product catalog,Product comparator / historical catalog,Shimadzu LCMS-9050 Q-TOF introduced in 2022.,https://www.ssi.shimadzu.com/news/2022-12-05-new-q-tof-lcms-9050.html,"New Q-TOF LCMS-9050 Delivers Exceptional Mass Accuracy and Fast, Stable Polarity Switching : Shimadzu Scientific",Verified,,,2026-07-29 (America/New_York)
thermo-q-exactive-2011,Historical product catalog,Product comparator / historical catalog,Thermo Fisher Q Exactive Orbitrap Mass Spectrometer introduced in 2011.,https://ir.thermofisher.com/investors/news-events/news/news-details/2011/Thermo-Fisher-Scientific-Launches-New-Cutting-Edge-Mass-Spectrometry-Instruments-at-ASMS-2011-2011-6-6/default.aspx,fic Inc. - Thermo Fisher Scientific Launches New Cutting-Edge Mass Spectrometry Instruments at ASMS 2011,Verified,,,2026-07-29 (America/New_York)
thermo-orbitrap-elite-2011,Historical product catalog,Product comparator / historical catalog,Thermo Fisher Orbitrap Elite Mass Spectrometer introduced in 2011.,https://ir.thermofisher.com/investors/news-events/news/news-details/2011/Thermo-Fisher-Scientific-Launches-New-Cutting-Edge-Mass-Spectrometry-Instruments-at-ASMS-2011-2011-6-6/default.aspx,fic Inc. - Thermo Fisher Scientific Launches New Cutting-Edge Mass Spectrometry Instruments at ASMS 2011,Verified,,,2026-07-29 (America/New_York)
thermo-dionex-ics-4000-2012,Historical product catalog,Product comparator / historical catalog,Thermo Fisher Dionex ICS-4000 Capillary HPIC System introduced in 2012.,https://india.newsroom.thermofisher.com/press-releases?item=122743,"Thermo Fisher Scientific Launches Integrated Capillary High-Pressure Ion Chromatography System- March 12, 2012 Thermo Fisher",Verified,,,2026-07-29 (America/New_York)
thermo-vanquish-horizon-2014,Historical product catalog,Product comparator / historical catalog,Thermo Fisher Vanquish Horizon UHPLC introduced in 2014.,https://documents.thermofisher.com/TFS-Assets/CMD/brochures/in-73065-vanquish-uhplc-platform-in73065-en.pdf,,UNREACHABLE,Primary source could not be fetched or extracted.,,2026-07-29 (America/New_York)
thermo-q-exactive-hf-2014,Historical product catalog,Product comparator / historical catalog,Thermo Fisher Q Exactive HF Orbitrap Mass Spectrometer introduced in 2014.,https://ir.thermofisher.com/investors/news-events/news/news-details/2014/Thermo-Fisher-Scientific-Strengthens-its-Industry-Leading-Mass-Spectrometry-Portfolio-at-ASMS-2014-2014-6-16/default.aspx,nc. - Thermo Fisher Scientific Strengthens its Industry-Leading Mass Spectrometry Portfolio at ASMS 2014 Skip,Verified,,,2026-07-29 (America/New_York)
thermo-vanquish-cad-2015,Historical product catalog,Product comparator / historical catalog,Thermo Fisher Vanquish Charged Aerosol Detector introduced in 2015.,https://documents.thermofisher.com/TFS-Assets/CMD/brochures/in-73065-vanquish-uhplc-platform-in73065-en.pdf,,UNREACHABLE,Primary source could not be fetched or extracted.,,2026-07-29 (America/New_York)
thermo-q-exactive-focus-2015,Historical product catalog,Product comparator / historical catalog,Thermo Fisher Q Exactive Focus Orbitrap Mass Spectrometer introduced in 2015.,https://ir.thermofisher.com/investors/news-events/news/news-details/2015/Thermo-Fisher-Scientific-Strengthens-Technology-Leadership-in-Applied-Markets-at-Pittcon-2015-2015-3-9/default.aspx,fic Inc. - Thermo Fisher Scientific Strengthens Technology Leadership in Applied Markets at Pittcon 2015,Verified,,,2026-07-29 (America/New_York)
thermo-vanquish-flex-2016,Historical product catalog,Product comparator / historical catalog,Thermo Fisher Vanquish Flex UHPLC introduced in 2016.,https://ir.thermofisher.com/investors/news-events/news/news-details/2016/Thermo-Fisher-Scientific-Strengthens-Life-Sciences-Leadership-with-New-Instruments-Launched-at-ASMS-2016-2016-6-6/default.aspx,Thermo Fisher Scientific Strengthens Life Sciences Leadership with New Instruments Launched at ASMS 2016 Skip,Verified,,,2026-07-29 (America/New_York)
thermo-dionex-integrion-2016,Historical product catalog,Product comparator / historical catalog,Thermo Fisher Dionex Integrion HPIC System introduced in 2016.,https://india.newsroom.thermofisher.com/press-releases?item=122601,timedia External Recognitions Contact India PR Press Releases New High-Pressure Ion Chromatography (HPIC) System Delivers,Verified,,,2026-07-29 (America/New_York)
thermo-q-exactive-biopharma-2016,Historical product catalog,Product comparator / historical catalog,Thermo Fisher Q Exactive BioPharma Mass Spectrometer introduced in 2016.,https://ir.thermofisher.com/investors/news-events/news/news-details/2016/Thermo-Fisher-Scientific-Strengthens-Life-Sciences-Leadership-with-New-Instruments-Launched-at-ASMS-2016-2016-6-6/default.aspx,Thermo Fisher Scientific Strengthens Life Sciences Leadership with New Instruments Launched at ASMS 2016 Skip,Verified,,,2026-07-29 (America/New_York)
thermo-q-exactive-hfx-2017,Historical product catalog,Product comparator / historical catalog,Thermo Fisher Q Exactive HF-X Orbitrap Mass Spectrometer introduced in 2017.,https://ir.thermofisher.com/investors/news-events/news/news-details/2017/Thermo-Fisher-Scientific-Raises-the-Bar-in-Mass-Spectrometry-Innovation-at-ASMS-2017-2017-6-5/default.aspx,r Scientific Inc. - Thermo Fisher Scientific Raises the Bar in Mass Spectrometry Innovation at,Verified,,,2026-07-29 (America/New_York)
thermo-tsq-altis-2017,Historical product catalog,Product comparator / historical catalog,Thermo Fisher TSQ Altis Triple Quadrupole Mass Spectrometer introduced in 2017.,https://ir.thermofisher.com/investors/news-events/news/news-details/2017/Thermo-Fisher-Scientific-Raises-the-Bar-in-Mass-Spectrometry-Innovation-at-ASMS-2017-2017-6-5/default.aspx,r Scientific Inc. - Thermo Fisher Scientific Raises the Bar in Mass Spectrometry Innovation at,Verified,,,2026-07-29 (America/New_York)
thermo-tsq-quantis-2017,Historical product catalog,Product comparator / historical catalog,Thermo Fisher TSQ Quantis Triple Quadrupole Mass Spectrometer introduced in 2017.,https://ir.thermofisher.com/investors/news-events/news/news-details/2017/Thermo-Fisher-Scientific-Raises-the-Bar-in-Mass-Spectrometry-Innovation-at-ASMS-2017-2017-6-5/default.aspx,r Scientific Inc. - Thermo Fisher Scientific Raises the Bar in Mass Spectrometry Innovation at,Verified,,,2026-07-29 (America/New_York)
thermo-vanquish-duo-2018,Historical product catalog,Product comparator / historical catalog,Thermo Fisher Vanquish Duo UHPLC introduced in 2018.,https://ir.thermofisher.com/investors/news-events/news/news-details/2018/Thermo-Fisher-Scientific-Reports-First-Quarter-2018-Results-2018-4-25/default.aspx,Thermo Fisher Scientific Inc. - Thermo Fisher Scientific Reports First Quarter 2018 Results Skip to,Verified,,,2026-07-29 (America/New_York)
thermo-dionex-ics-6000-2018,Historical product catalog,Product comparator / historical catalog,Thermo Fisher Dionex ICS-6000 HPIC System introduced in 2018.,https://india.newsroom.thermofisher.com/press-releases?item=123138,"New High Pressure Ion Chromatography System Designed to Deliver Heightened Performance - Feb 27, 2018",Verified,,,2026-07-29 (America/New_York)
thermo-q-exactive-uhmr-2018,Historical product catalog,Product comparator / historical catalog,Thermo Fisher Q Exactive UHMR Orbitrap Mass Spectrometer introduced in 2018.,https://ir.thermofisher.com/investors/news-events/news/news-details/2018/Thermo-Fisher-Scientific-Shows-Newest-Mass-Spectrometry-Innovations-at-ASMS-2018-2018-6-4/default.aspx,isher Scientific Inc. - Thermo Fisher Scientific Shows Newest Mass Spectrometry Innovations at ASMS 2018,Verified,,,2026-07-29 (America/New_York)
thermo-orbitrap-exploris-480-2019,Historical product catalog,Product comparator / historical catalog,Thermo Fisher Orbitrap Exploris 480 Mass Spectrometer introduced in 2019.,https://ir.thermofisher.com/investors/news-events/news/news-details/2019/Thermo-Fisher-Scientific-Extends-Industry-leading-Mass-Spectrometry-Portfolio-with-a-New-Generation-of-Intelligence-Driven-Instruments-and-Software-2019-6-3/default.aspx,"pectrometry Portfolio with a New Generation of Intelligence-Driven Instruments and Software June 3, 2019 Innovative",Verified,,,2026-07-29 (America/New_York)
thermo-orbitrap-eclipse-2019,Historical product catalog,Product comparator / historical catalog,Thermo Fisher Orbitrap Eclipse Tribrid Mass Spectrometer introduced in 2019.,https://ir.thermofisher.com/investors/news-events/news/news-details/2019/Thermo-Fisher-Scientific-Extends-Industry-leading-Mass-Spectrometry-Portfolio-with-a-New-Generation-of-Intelligence-Driven-Instruments-and-Software-2019-6-3/default.aspx,"pectrometry Portfolio with a New Generation of Intelligence-Driven Instruments and Software June 3, 2019 Innovative",Verified,,,2026-07-29 (America/New_York)
thermo-vanquish-core-2020,Historical product catalog,Product comparator / historical catalog,Thermo Fisher Vanquish Core HPLC introduced in 2020.,https://india.newsroom.thermofisher.com/2020-04-22-Thermo-Fisher-Scientific-Reports-First-Quarter-2020-Results,"Thermo Fisher Scientific Reports First Quarter 2020 Results - Apr 22, 2020 Thermo Fisher Scientific",Verified,,,2026-07-29 (America/New_York)
thermo-orbitrap-exploris-120-2020,Historical product catalog,Product comparator / historical catalog,Thermo Fisher Orbitrap Exploris 120 Mass Spectrometer introduced in 2020.,https://ir.thermofisher.com/investors/news-events/news/news-details/2020/Thermo-Fisher-Scientific-to-Showcase-New-Mass-Spectrometry-Systems-and-Software-During-Virtual-ASMS-Event-2020-5-27/default.aspx,"Scientific to Showcase New Mass Spectrometry Systems and Software During Virtual ASMS Event May 27,",Verified,,,2026-07-29 (America/New_York)
thermo-orbitrap-exploris-240-2020,Historical product catalog,Product comparator / historical catalog,Thermo Fisher Orbitrap Exploris 240 Mass Spectrometer introduced in 2020.,https://ir.thermofisher.com/investors/news-events/news/news-details/2020/Thermo-Fisher-Scientific-to-Showcase-New-Mass-Spectrometry-Systems-and-Software-During-Virtual-ASMS-Event-2020-5-27/default.aspx,"Scientific to Showcase New Mass Spectrometry Systems and Software During Virtual ASMS Event May 27,",Verified,,,2026-07-29 (America/New_York)
thermo-vanquish-neo-2021,Historical product catalog,Product comparator / historical catalog,Thermo Fisher Vanquish Neo UHPLC introduced in 2021.,https://ir.thermofisher.com/investors/news-events/news/news-details/2021/Thermo-Fisher-Scientific-Reports-Third-Quarter-2021-Results/,Thermo Fisher Scientific Inc. - Thermo Fisher Scientific Reports Third Quarter 2021 Results Skip to,Verified,,,2026-07-29 (America/New_York)
thermo-tsq-plus-2021,Historical product catalog,Product comparator / historical catalog,Thermo Fisher TSQ Altis Plus and TSQ Quantis Plus introduced in 2021.,https://ir.thermofisher.com/investors/news-events/news/news-details/2021/Thermo-Fisher-Scientific-Reports-Third-Quarter-2021-Results/,Thermo Fisher Scientific Inc. - Thermo Fisher Scientific Reports Third Quarter 2021 Results Skip to,Partially supported,"Product identity is supported, but the introduction year was not found in the fetched source.",,2026-07-29 (America/New_York)
thermo-orbitrap-exploris-mx-2021,Historical product catalog,Product comparator / historical catalog,Thermo Fisher Orbitrap Exploris MX Mass Detector introduced in 2021.,https://ir.thermofisher.com/investors/news-events/news/news-details/2022/Thermo-Fisher-Scientific-Reports-Fourth-Quarter-and-Full-Year-2021-Results/default.aspx,Thermo Fisher Scientific Inc. - Thermo Fisher Scientific Reports Fourth Quarter and Full Year 2021,Verified,,,2026-07-29 (America/New_York)
thermo-orbitrap-ascend-2022,Historical product catalog,Product comparator / historical catalog,Thermo Fisher Orbitrap Ascend Tribrid Mass Spectrometer introduced in 2022.,https://ir.thermofisher.com/investors/news-events/news/news-details/2022/Thermo-Fisher-Scientific-Reports-Third-Quarter-2022-Results/default.aspx,Thermo Fisher Scientific Inc. - Thermo Fisher Scientific Reports Third Quarter 2022 Results Skip to,Verified,,,2026-07-29 (America/New_York)
thermo-orbitrap-astral-2023,Historical product catalog,Product comparator / historical catalog,Thermo Fisher Orbitrap Astral Mass Spectrometer introduced in 2023.,https://ir.thermofisher.com/investors/news-events/news/news-details/2023/Thermo-Fisher-Scientific-Introduces-Groundbreaking-Mass-Spectrometer-to-Revolutionize-Biological-Discovery/default.aspx,"cientific Introduces Groundbreaking Mass Spectrometer to Revolutionize Biological Discovery June 5, 2023 Thermo Scientific Orbitrap",Verified,,,2026-07-29 (America/New_York)
thermo-stellar-2024,Historical product catalog,Product comparator / historical catalog,Thermo Fisher Stellar Mass Spectrometer introduced in 2024.,https://ir.thermofisher.com/investors/news-events/news/news-details/2024/Thermo-Fisher-Scientific-Introduces-Innovative-Mass-Spectrometer-to-Advance-Clinical-Research/default.aspx,"ermo Fisher Scientific Introduces Innovative Mass Spectrometer to Advance Clinical Research June 3, 2024 The",Verified,,,2026-07-29 (America/New_York)
thermo-orbitrap-tribrid-apex-2026,Historical product catalog,Product comparator / historical catalog,Thermo Fisher Orbitrap Tribrid Apex Mass Spectrometer introduced in 2026.,https://ir.thermofisher.com/investors/news-events/news/news-details/2026/Thermo-Fisher-Scientific-Unveils-Next-generation-Innovations-at-ASMS-2026-to-Accelerate-the-Path-from-Drug-Discovery-to-New-Therapies/default.aspx,hermo Fisher Scientific Inc. - Thermo Fisher Scientific Unveils Next-generation Innovations at ASMS 2026 to,Verified,,,2026-07-29 (America/New_York)
thermo-orbitrap-excedion-2026,Historical product catalog,Product comparator / historical catalog,Thermo Fisher Orbitrap Excedion Pro Mass Spectrometer introduced in 2026.,https://ir.thermofisher.com/investors/news-events/news/news-details/2026/Thermo-Fisher-Scientific-Unveils-Next-generation-Innovations-at-ASMS-2026-to-Accelerate-the-Path-from-Drug-Discovery-to-New-Therapies/default.aspx,hermo Fisher Scientific Inc. - Thermo Fisher Scientific Unveils Next-generation Innovations at ASMS 2026 to,Verified,,,2026-07-29 (America/New_York)
sciex-api-4000-2001,Historical product catalog,Product comparator / historical catalog,SCIEX API 4000 LC-MS/MS System introduced in 2001.,https://sciex.com/content/dam/SCIEX/pdf/flyers/cn/sciex-ms-product-roadmap-zh.pdf,,UNREACHABLE,Primary source could not be fetched or extracted.,,2026-07-29 (America/New_York)
sciex-qtrap-2002,Historical product catalog,Product comparator / historical catalog,SCIEX QTRAP Linear Ion Trap Platform introduced in 2002.,https://sciex.com/content/dam/SCIEX/pdf/flyers/cn/sciex-ms-product-roadmap-zh.pdf,,UNREACHABLE,Primary source could not be fetched or extracted.,,2026-07-29 (America/New_York)
sciex-api-5000-2005,Historical product catalog,Product comparator / historical catalog,SCIEX API 5000 LC-MS/MS System introduced in 2005.,https://sciex.com/content/dam/SCIEX/pdf/flyers/cn/sciex-ms-product-roadmap-zh.pdf,,UNREACHABLE,Primary source could not be fetched or extracted.,,2026-07-29 (America/New_York)
sciex-tripletof-5600-2010,Historical product catalog,Product comparator / historical catalog,SCIEX TripleTOF 5600 System introduced in 2010.,https://sciex.com/about-us/press-releases/2010,2010 Press Releases :true: Search Close search Open menu Close menu Login Create an account,Verified,,,2026-07-29 (America/New_York)
sciex-6500-series-2012,Historical product catalog,Product comparator / historical catalog,SCIEX 6500 Series LC-MS/MS Systems introduced in 2012.,https://sciex.com/br/about-us/press-releases/2012/6500-series,"para obter mais informações, demonstrações e suporte Fechar navegação Home Sobre nós Press Releases 2012",Verified,,,2026-07-29 (America/New_York)
sciex-4500-series-2012,Historical product catalog,Product comparator / historical catalog,SCIEX 4500 Series LC-MS/MS Systems introduced in 2012.,https://sciex.com/content/dam/SCIEX/pdf/flyers/cn/sciex-ms-product-roadmap-zh.pdf,,UNREACHABLE,Primary source could not be fetched or extracted.,,2026-07-29 (America/New_York)
sciex-tripletof-5600-plus-2013,Historical product catalog,Product comparator / historical catalog,SCIEX TripleTOF 5600+ System introduced in 2013.,https://sciex.com/content/dam/SCIEX/pdf/flyers/cn/sciex-ms-product-roadmap-zh.pdf,,UNREACHABLE,Primary source could not be fetched or extracted.,,2026-07-29 (America/New_York)
sciex-triple-quad-3500-2014,Historical product catalog,Product comparator / historical catalog,SCIEX Triple Quad 3500 System introduced in 2014.,https://sciex.com/about-us/press-releases/2014,2014 Press Releases :true: Search Close search Open menu Close menu Login Create an account,Verified,,,2026-07-29 (America/New_York)
sciex-tripletof-6600-2014,Historical product catalog,Product comparator / historical catalog,SCIEX TripleTOF 6600 System introduced in 2014.,https://sciex.com/about-us/press-releases/2014,2014 Press Releases :true: Search Close search Open menu Close menu Login Create an account,Verified,,,2026-07-29 (America/New_York)
sciex-x500r-2015,Historical product catalog,Product comparator / historical catalog,SCIEX X500R QTOF System introduced in 2015.,https://sciex.com/about-us/press-releases/2015/sciex-launches-brand-new-high-resolution-mass-spec-system-designed-exclusively-for-routine-testing-use,n-demand On-demand North America Europe View all on-demand Close navigation About Us Press Releases 2015,Verified,,,2026-07-29 (America/New_York)
sciex-qtrap-6500-plus-2016,Historical product catalog,Product comparator / historical catalog,SCIEX QTRAP 6500+ System introduced in 2016.,https://sciex.com/content/dam/SCIEX/pdf/flyers/cn/sciex-ms-product-roadmap-zh.pdf,,UNREACHABLE,Primary source could not be fetched or extracted.,,2026-07-29 (America/New_York)
sciex-5500-plus-2019,Historical product catalog,Product comparator / historical catalog,SCIEX 5500+ System introduced in 2019.,https://sciex.com/about-us/press-releases/2019,2019 :true: Search Close search Open menu Close menu Login Create an account Already have,Verified,,,2026-07-29 (America/New_York)
sciex-tripletof-6600-plus-2019,Historical product catalog,Product comparator / historical catalog,SCIEX TripleTOF 6600+ System introduced in 2019.,https://sciex.com/about-us/press-releases/2019,2019 :true: Search Close search Open menu Close menu Login Create an account Already have,Verified,,,2026-07-29 (America/New_York)
sciex-echo-ms-2020,Historical product catalog,Product comparator / historical catalog,SCIEX Echo MS System introduced in 2020.,https://sciex.com/about-us/press-releases/2020,2020 :true: Search Close search Open menu Close menu Login Create an account Already have,Verified,,,2026-07-29 (America/New_York)
sciex-7500-2020,Historical product catalog,Product comparator / historical catalog,SCIEX SCIEX 7500 System introduced in 2020.,https://sciex.com/about-us/press-releases/2020,2020 :true: Search Close search Open menu Close menu Login Create an account Already have,Verified,,,2026-07-29 (America/New_York)
sciex-os-2020,Historical product catalog,Product comparator / historical catalog,SCIEX SCIEX OS Software Platform introduced in 2020.,https://sciex.com/about-us/press-releases/2020,2020 :true: Search Close search Open menu Close menu Login Create an account Already have,Verified,,,2026-07-29 (America/New_York)
perkinelmer-series-200-2001,Historical product catalog,Product comparator / historical catalog,PerkinElmer Series 200 HPLC introduced in 2001.,https://www.perkinelmer.com/lab-products-and-services/resources/chromatography-data-systems.html,2.0.0.1 fixes the problem of peaks being flagged as overrange on the AutoSystem XL GC,Verified,,,2026-07-29 (America/New_York)
perkinelmer-flexar-hplc-2010,Historical product catalog,Product comparator / historical catalog,PerkinElmer Flexar HPLC introduced in 2010.,https://www.perkinelmer.com/au/library/app-rapid-uhplc-determination-of-nine-common-herbicides-in-drinking-water.html,Rapid UHPLC Determination of Nine Common Herbicides in Drinking Water with the PerkinElmer Flexar FX,Partially supported,"Product identity is supported, but the introduction year was not found in the fetched source.",,2026-07-29 (America/New_York)
perkinelmer-flexar-fx10-2010,Historical product catalog,Product comparator / historical catalog,PerkinElmer Flexar FX-10 UHPLC introduced in 2010.,https://www.perkinelmer.com/au/library/app-rapid-uhplc-determination-of-nine-common-herbicides-in-drinking-water.html,Rapid UHPLC Determination of Nine Common Herbicides in Drinking Water with the PerkinElmer Flexar FX,Partially supported,"Product identity is supported, but the introduction year was not found in the fetched source.",,2026-07-29 (America/New_York)
perkinelmer-flexar-fx15-2010,Historical product catalog,Product comparator / historical catalog,PerkinElmer Flexar FX-15 UHPLC introduced in 2010.,https://www.perkinelmer.com/au/library/app-rapid-uhplc-determination-of-nine-common-herbicides-in-drinking-water.html,Rapid UHPLC Determination of Nine Common Herbicides in Drinking Water with the PerkinElmer Flexar FX,Partially supported,"Product identity is supported, but the introduction year was not found in the fetched source.",,2026-07-29 (America/New_York)
perkinelmer-qsight-110-2017,Historical product catalog,Product comparator / historical catalog,PerkinElmer QSight 110 Triple Quadrupole LC-MS/MS introduced in 2017.,https://shop.perkinelmer.com/product/BC003382,,UNREACHABLE,Primary source could not be fetched or extracted.,,2026-07-29 (America/New_York)
perkinelmer-qsight-210-2017,Historical product catalog,Product comparator / historical catalog,PerkinElmer QSight 210 Triple Quadrupole LC-MS/MS introduced in 2017.,https://shop.perkinelmer.com/product/BC003382,,UNREACHABLE,Primary source could not be fetched or extracted.,,2026-07-29 (America/New_York)
perkinelmer-qsight-220-2017,Historical product catalog,Product comparator / historical catalog,PerkinElmer QSight 220 Triple Quadrupole LC-MS/MS introduced in 2017.,https://shop.perkinelmer.com/product/BC003382,,UNREACHABLE,Primary source could not be fetched or extracted.,,2026-07-29 (America/New_York)
perkinelmer-qsight-420-2017,Historical product catalog,Product comparator / historical catalog,PerkinElmer QSight 420 Triple Quadrupole LC-MS/MS introduced in 2017.,https://shop.perkinelmer.com/product/BC003382,,UNREACHABLE,Primary source could not be fetched or extracted.,,2026-07-29 (America/New_York)
perkinelmer-lc-300-hplc-2021,Historical product catalog,Product comparator / historical catalog,PerkinElmer LC 300 HPLC introduced in 2021.,https://www.perkinelmer.com/au/newsletter/environmental-april,Environmental Newsletter April 2021 Edition | PerkinElmer Skip to main content Header Menu Buy Request,Verified,,,2026-07-29 (America/New_York)
perkinelmer-lc-300-uhplc-2021,Historical product catalog,Product comparator / historical catalog,PerkinElmer LC 300 UHPLC introduced in 2021.,https://www.perkinelmer.com/au/newsletter/environmental-april,Environmental Newsletter April 2021 Edition | PerkinElmer Skip to main content Header Menu Buy Request,Verified,,,2026-07-29 (America/New_York)
perkinelmer-qsight-500-2025,Historical product catalog,Product comparator / historical catalog,PerkinElmer QSight 500 LC-MS/MS introduced in 2025.,https://www.perkinelmer.com/perkinelmer-launches-qsightr-500-lcmsms-pittcon-2025-empowering-labs-speed-accuracy-and-unmatched,PerkinElmer Launches the QSight® 500 LC/MS/MS at Pittcon 2025 Skip to main content Header Menu,Verified,,,2026-07-29 (America/New_York)
waters-alliance-2690-1996,Historical product catalog,Product comparator / historical catalog,Waters Alliance 2690 HPLC System introduced in 1996.,https://www.waters.com/nextgen/is/en/about-waters.html,,UNREACHABLE,Primary source could not be fetched or extracted.,,2026-07-29 (America/New_York)
waters-quattro-premier-2003,Historical product catalog,Product comparator / historical catalog,Waters Quattro Premier Tandem Quadrupole introduced in 2003.,https://www.sec.gov/Archives/edgar/data/1000697/000095013504001254/b48994wce10vk.htm,,UNREACHABLE,Primary source could not be fetched or extracted.,,2026-07-29 (America/New_York)
waters-lct-premier-2003,Historical product catalog,Product comparator / historical catalog,Waters LCT Premier TOF Mass Spectrometer introduced in 2003.,https://www.sec.gov/Archives/edgar/data/1000697/000095013504001254/b48994wce10vk.htm,,UNREACHABLE,Primary source could not be fetched or extracted.,,2026-07-29 (America/New_York)
waters-acquity-uplc-2004,Historical product catalog,Product comparator / historical catalog,Waters ACQUITY UPLC System introduced in 2004.,https://www.waters.com/nextgen/us/en/products/chromatography.html,,UNREACHABLE,Primary source could not be fetched or extracted.,,2026-07-29 (America/New_York)
waters-qtof-premier-2004,Historical product catalog,Product comparator / historical catalog,Waters Q-Tof Premier Mass Spectrometer introduced in 2004.,https://www.sec.gov/Archives/edgar/data/1000697/000095013505001421/b53305wce10vk.htm,,UNREACHABLE,Primary source could not be fetched or extracted.,,2026-07-29 (America/New_York)
waters-sqd-2006,Historical product catalog,Product comparator / historical catalog,Waters SQ Detector introduced in 2006.,https://www.sec.gov/Archives/edgar/data/1000697/000095013507001300/b63656wce10vk.htm,,UNREACHABLE,Primary source could not be fetched or extracted.,,2026-07-29 (America/New_York)
waters-tqd-2006,Historical product catalog,Product comparator / historical catalog,Waters TQ Detector introduced in 2006.,https://www.sec.gov/Archives/edgar/data/1000697/000095013507001300/b63656wce10vk.htm,,UNREACHABLE,Primary source could not be fetched or extracted.,,2026-07-29 (America/New_York)
waters-synapt-hdms-2006,Historical product catalog,Product comparator / historical catalog,Waters SYNAPT HDMS System introduced in 2006.,https://www.sec.gov/Archives/edgar/data/1000697/000095013507001300/b63656wce10vk.htm,,UNREACHABLE,Primary source could not be fetched or extracted.,,2026-07-29 (America/New_York)
waters-synapt-ms-2008,Historical product catalog,Product comparator / historical catalog,Waters SYNAPT MS System introduced in 2008.,https://www.sec.gov/Archives/edgar/data/1000697/000095013509001331/b72903wce10vk.htm,,UNREACHABLE,Primary source could not be fetched or extracted.,,2026-07-29 (America/New_York)
waters-xevo-qtof-2008,Historical product catalog,Product comparator / historical catalog,Waters Xevo Q-Tof Mass Spectrometer introduced in 2008.,https://www.sec.gov/Archives/edgar/data/1000697/000095013509001331/b72903wce10vk.htm,,UNREACHABLE,Primary source could not be fetched or extracted.,,2026-07-29 (America/New_York)
waters-synapt-g2-hdms-2009,Historical product catalog,Product comparator / historical catalog,Waters SYNAPT G2 HDMS System introduced in 2009.,https://www.sec.gov/Archives/edgar/data/1000697/000095013509001331/b72903wce10vk.htm,,UNREACHABLE,Primary source could not be fetched or extracted.,,2026-07-29 (America/New_York)
waters-acquity-h-class-2010,Historical product catalog,Product comparator / historical catalog,Waters ACQUITY UPLC H-Class System introduced in 2010.,https://www.sec.gov/Archives/edgar/data/1000697/000119312512077126/d274872d10k.htm,,UNREACHABLE,Primary source could not be fetched or extracted.,,2026-07-29 (America/New_York)
waters-xevo-tqs-2010,Historical product catalog,Product comparator / historical catalog,Waters Xevo TQ-S Mass Spectrometer introduced in 2010.,https://www.sec.gov/Archives/edgar/data/1000697/000119312512077126/d274872d10k.htm,,UNREACHABLE,Primary source could not be fetched or extracted.,,2026-07-29 (America/New_York)
waters-xevo-g2-qtof-2010,Historical product catalog,Product comparator / historical catalog,Waters Xevo G2 Q-Tof Mass Spectrometer introduced in 2010.,https://www.sec.gov/Archives/edgar/data/1000697/000119312512077126/d274872d10k.htm,,UNREACHABLE,Primary source could not be fetched or extracted.,,2026-07-29 (America/New_York)
waters-synapt-g2s-hdms-2011,Historical product catalog,Product comparator / historical catalog,Waters SYNAPT G2-S HDMS System introduced in 2011.,https://www.sec.gov/Archives/edgar/data/1000697/000119312512077126/d274872d10k.htm,,UNREACHABLE,Primary source could not be fetched or extracted.,,2026-07-29 (America/New_York)
waters-xevo-g2s-qtof-2012,Historical product catalog,Product comparator / historical catalog,Waters Xevo G2-S QTof Mass Spectrometer introduced in 2012.,https://www.sec.gov/Archives/edgar/data/1000697/000119312514072515/d644127d10k.htm,,UNREACHABLE,Primary source could not be fetched or extracted.,,2026-07-29 (America/New_York)
waters-xevo-g2s-tof-2012,Historical product catalog,Product comparator / historical catalog,Waters Xevo G2-S Tof Mass Spectrometer introduced in 2012.,https://www.sec.gov/Archives/edgar/data/1000697/000119312514072515/d644127d10k.htm,,UNREACHABLE,Primary source could not be fetched or extracted.,,2026-07-29 (America/New_York)
waters-acquity-upc2-2013,Historical product catalog,Product comparator / historical catalog,Waters ACQUITY UPC2 System introduced in 2013.,https://www.sec.gov/Archives/edgar/data/1000697/000119312514072515/d644127d10k.htm,,UNREACHABLE,Primary source could not be fetched or extracted.,,2026-07-29 (America/New_York)
waters-acquity-apc-2013,Historical product catalog,Product comparator / historical catalog,Waters ACQUITY Advanced Polymer Chromatography System introduced in 2013.,https://www.sec.gov/Archives/edgar/data/1000697/000119312514072515/d644127d10k.htm,,UNREACHABLE,Primary source could not be fetched or extracted.,,2026-07-29 (America/New_York)
waters-acquity-qda-2013,Historical product catalog,Product comparator / historical catalog,Waters ACQUITY QDa Mass Detector introduced in 2013.,https://ir.waters.com/News--Events/newsroom/news-details/2024/Waters-ACQUITY-QDa-II-Mass-Detector-Delivers-Wider-Range-of-Chemical-Analysis-within-Cost-Effective-Lower-Energy-Instrument/default.aspx,"Waters ACQUITY QDa II Mass Detector Delivers Wider Range of Chemical Analysis within Cost-Effective, Lower",Verified,,,2026-07-29 (America/New_York)
waters-acquity-mclass-2014,Historical product catalog,Product comparator / historical catalog,Waters ACQUITY UPLC M-Class System introduced in 2014.,https://www.sec.gov/Archives/edgar/data/1000697/000119312515067900/d849246d10k.htm,,UNREACHABLE,Primary source could not be fetched or extracted.,,2026-07-29 (America/New_York)
waters-ionkey-ms-2014,Historical product catalog,Product comparator / historical catalog,Waters ionKey/MS System introduced in 2014.,https://www.sec.gov/Archives/edgar/data/1000697/000119312516480594/d108530d10k.htm,,UNREACHABLE,Primary source could not be fetched or extracted.,,2026-07-29 (America/New_York)
waters-xevo-g2xs-qtof-2014,Historical product catalog,Product comparator / historical catalog,Waters Xevo G2-XS QTof Mass Spectrometer introduced in 2014.,https://www.sec.gov/Archives/edgar/data/1000697/000119312516480594/d108530d10k.htm,,UNREACHABLE,Primary source could not be fetched or extracted.,,2026-07-29 (America/New_York)
waters-xevo-tqs-micro-2014,Historical product catalog,Product comparator / historical catalog,Waters Xevo TQ-S micro Mass Spectrometer introduced in 2014.,https://www.sec.gov/Archives/edgar/data/1000697/000119312516480594/d108530d10k.htm,,UNREACHABLE,Primary source could not be fetched or extracted.,,2026-07-29 (America/New_York)
waters-acquity-arc-2015,Historical product catalog,Product comparator / historical catalog,Waters ACQUITY Arc System introduced in 2015.,https://ir.waters.com/News--Events/newsroom/news-details/2015/Waters-Introduces-the-New-ACQUITY-Arc-System-Designed-as-a-Bridge-between-HPLC-and-UPLC-Methods/default.aspx,"Waters Introduces the New ACQUITY Arc System, Designed as a Bridge between HPLC and UPLC",Verified,,,2026-07-29 (America/New_York)
waters-vion-ims-qtof-2015,Historical product catalog,Product comparator / historical catalog,Waters Vion IMS QTof Mass Spectrometer introduced in 2015.,https://www.sec.gov/Archives/edgar/data/1000697/000119312517056239/d268303d10k.htm,,UNREACHABLE,Primary source could not be fetched or extracted.,,2026-07-29 (America/New_York)
waters-xevo-tqxs-2016,Historical product catalog,Product comparator / historical catalog,Waters Xevo TQ-XS Mass Spectrometer introduced in 2016.,https://www.sec.gov/Archives/edgar/data/1000697/000119312517056239/d268303d10k.htm,,UNREACHABLE,Primary source could not be fetched or extracted.,,2026-07-29 (America/New_York)
waters-acquity-arc-bio-2018,Historical product catalog,Product comparator / historical catalog,Waters ACQUITY Arc Bio System introduced in 2018.,https://www.sec.gov/Archives/edgar/data/1000697/000119312524094009/d691142dars.pdf,,UNREACHABLE,Primary source could not be fetched or extracted.,,2026-07-29 (America/New_York)
waters-acquity-hclass-plus-2018,Historical product catalog,Product comparator / historical catalog,Waters ACQUITY UPLC H-Class PLUS System introduced in 2018.,https://www.sec.gov/Archives/edgar/data/1000697/000119312524094009/d691142dars.pdf,,UNREACHABLE,Primary source could not be fetched or extracted.,,2026-07-29 (America/New_York)
waters-acquity-hclass-plus-bio-2018,Historical product catalog,Product comparator / historical catalog,Waters ACQUITY UPLC H-Class PLUS Bio System introduced in 2018.,https://www.sec.gov/Archives/edgar/data/1000697/000119312524094009/d691142dars.pdf,,UNREACHABLE,Primary source could not be fetched or extracted.,,2026-07-29 (America/New_York)
waters-bioaccord-2019,Historical product catalog,Product comparator / historical catalog,Waters BioAccord LC-MS System introduced in 2019.,https://www.sec.gov/Archives/edgar/data/1000697/000119312524094009/d691142dars.pdf,,UNREACHABLE,Primary source could not be fetched or extracted.,,2026-07-29 (America/New_York)
waters-select-cyclic-ims-2019,Historical product catalog,Product comparator / historical catalog,Waters SELECT SERIES Cyclic IMS introduced in 2019.,https://www.sec.gov/Archives/edgar/data/1000697/000119312524094009/d691142dars.pdf,,UNREACHABLE,Primary source could not be fetched or extracted.,,2026-07-29 (America/New_York)
waters-synapt-xs-2019,Historical product catalog,Product comparator / historical catalog,Waters SYNAPT XS Mass Spectrometer introduced in 2019.,https://www.sec.gov/Archives/edgar/data/1000697/000119312524094009/d691142dars.pdf,,UNREACHABLE,Primary source could not be fetched or extracted.,,2026-07-29 (America/New_York)
waters-xevo-tqs-cronos-2019,Historical product catalog,Product comparator / historical catalog,Waters Xevo TQ-S cronos Mass Spectrometer introduced in 2019.,https://www.sec.gov/Archives/edgar/data/1000697/000119312524094009/d691142dars.pdf,,UNREACHABLE,Primary source could not be fetched or extracted.,,2026-07-29 (America/New_York)
waters-waters-connect-2019,Historical product catalog,Product comparator / historical catalog,Waters waters_connect Software Platform introduced in 2019.,https://www.sec.gov/Archives/edgar/data/1000697/000119312524094009/d691142dars.pdf,,UNREACHABLE,Primary source could not be fetched or extracted.,,2026-07-29 (America/New_York)
waters-radian-asap-2020,Historical product catalog,Product comparator / historical catalog,Waters Radian ASAP Mass Detector introduced in 2020.,https://www.sec.gov/Archives/edgar/data/1000697/000119312524094009/d691142dars.pdf,,UNREACHABLE,Primary source could not be fetched or extracted.,,2026-07-29 (America/New_York)
waters-arc-premier-2021,Historical product catalog,Product comparator / historical catalog,Waters Arc Premier System introduced in 2021.,https://ir.waters.com/News--Events/newsroom/news-details/2021/Waters-Arc-Premier-System-Delivers-Increased-Precision-and-Certainty-in-Chromatographic-Results/default.aspx,Waters Arc Premier System Delivers Increased Precision and Certainty in Chromatographic Results - Waters Skip,Verified,,,2026-07-29 (America/New_York)
waters-acquity-rda-2021,Historical product catalog,Product comparator / historical catalog,Waters ACQUITY RDa Detector introduced in 2021.,https://www.sec.gov/Archives/edgar/data/1000697/000119312524094009/d691142dars.pdf,,UNREACHABLE,Primary source could not be fetched or extracted.,,2026-07-29 (America/New_York)
waters-xevo-g3-qtof-2022,Historical product catalog,Product comparator / historical catalog,Waters Xevo G3 QTof Mass Spectrometer introduced in 2022.,https://www.sec.gov/Archives/edgar/data/1000697/000119312524094009/d691142dars.pdf,,UNREACHABLE,Primary source could not be fetched or extracted.,,2026-07-29 (America/New_York)
waters-xevo-tq-absolute-ivd-2023,Historical product catalog,Product comparator / historical catalog,Waters Xevo TQ Absolute IVD System introduced in 2023.,https://www.sec.gov/Archives/edgar/data/1000697/000119312524094009/d691142dars.pdf,,UNREACHABLE,Primary source could not be fetched or extracted.,,2026-07-29 (America/New_York)
waters-alliance-is-bio-2024,Historical product catalog,Product comparator / historical catalog,Waters Alliance iS Bio HPLC System introduced in 2024.,https://ir.waters.com/News--Events/newsroom/news-details/2024/Waters-Launches-Alliance-iS-Bio-HPLC-System-to-Help-Biopharma-QC-Labs-Increase-Efficiency-and-Reduce-Errors/default.aspx,Waters Launches Alliance iS Bio HPLC System to Help Biopharma QC Labs Increase Efficiency and,Verified,,,2026-07-29 (America/New_York)
waters-acquity-qda-ii-2024,Historical product catalog,Product comparator / historical catalog,Waters ACQUITY QDa II Mass Detector introduced in 2024.,https://ir.waters.com/News--Events/newsroom/news-details/2024/Waters-ACQUITY-QDa-II-Mass-Detector-Delivers-Wider-Range-of-Chemical-Analysis-within-Cost-Effective-Lower-Energy-Instrument/default.aspx,"Waters ACQUITY QDa II Mass Detector Delivers Wider Range of Chemical Analysis within Cost-Effective, Lower",Verified,,,2026-07-29 (America/New_York)
waters-xevo-mrt-2024,Historical product catalog,Product comparator / historical catalog,Waters Xevo MRT Mass Spectrometer introduced in 2024.,https://ir.waters.com/News--Events/newsroom/news-details/2024/Waters-Sets-New-Standards-for-High-Resolution-Performance-and-Speed-with-Xevo-MRT-Mass-Spectrometer/default.aspx,Waters Sets New Standards for High Resolution Performance and Speed with Xevo MRT Mass Spectrometer,Verified,,,2026-07-29 (America/New_York)
waters-xevo-tq-absolute-xr-2025,Historical product catalog,Product comparator / historical catalog,Waters Xevo TQ Absolute XR Mass Spectrometer introduced in 2025.,https://ir.waters.com/News--Events/newsroom/news-details/2025/Waters-Sets-a-New-Benchmark-for-Robustness-and-Sensitivity-for-High-Throughput-Labs-with-the-Xevo-TQ-Absolute-XR-Mass-Spectrometer/default.aspx,Waters Sets a New Benchmark for Robustness and Sensitivity for High-Throughput Labs with the Xevo,Verified,,,2026-07-29 (America/New_York)
waters-xevo-cdms-2025,Historical product catalog,Product comparator / historical catalog,Waters Xevo Charge Detection Mass Spectrometer introduced in 2025.,https://www.sec.gov/Archives/edgar/data/1000697/000119312526062604/d778470d10k.htm,,UNREACHABLE,Primary source could not be fetched or extracted.,,2026-07-29 (America/New_York)
agilent-1290-infinity-iii-fld-2026-row-1,Technical comparison,Engineering / technical comparator,"Comparable detector configuration: Agilent positions the 1290 Infinity III FLD as a fluorescence detector for UHPLC workflows and for standalone or in-line use with LC/MS. Waters: Waters specifies the ACQUITY UPLC FLR Detector for ACQUITY UPLC I-Class PLUS, H-Class PLUS, and Premier systems.",https://www.agilent.com/en/product/liquid-chromatography/hplc-components-accessories/hplc-detectors/1290-fluorescence-detector; https://www.waters.com/content/dam/waters/en/library/specifications/2020/waters-specification-ACQUITYUPLCFLRDetectorspecifications-720001985.pdf,,UNREACHABLE,At least one of the two primary comparison sources returned a blocking/4xx response.,,2026-07-29 (America/New_York)
agilent-1290-infinity-iii-fld-2026-row-2,Technical comparison,Engineering / technical comparator,"Raman sensitivity (published S/N): Agilent specifies Raman S/N above 2,500 and Raman S/N versus dark above 30,000 for the 1290 Infinity III FLD. Waters: Waters specifies Raman S/N above 1,000 for the ACQUITY UPLC FLR Detector.",https://www.agilent.com/cs/library/usermanuals/public/G7123-Fluorescence-Detector-UseMa-en-D0129488.pdf; https://www.waters.com/content/dam/waters/en/library/specifications/2020/waters-specification-ACQUITYUPLCFLRDetectorspecifications-720001985.pdf,,UNREACHABLE,At least one of the two primary comparison sources returned a blocking/4xx response.,,2026-07-29 (America/New_York)
agilent-1290-infinity-iii-fld-2026-row-3,Technical comparison,Engineering / technical comparator,Maximum acquisition rate: Agilent specifies a maximum data rate of 160 Hz for the 1290 Infinity III FLD. Waters: Waters specifies data acquisition up to 80 Hz for the ACQUITY UPLC FLR Detector.,https://www.agilent.com/cs/library/usermanuals/public/G7123-Fluorescence-Detector-UseMa-en-D0129488.pdf; https://www.waters.com/content/dam/waters/en/library/specifications/2020/waters-specification-ACQUITYUPLCFLRDetectorspecifications-720001985.pdf,,UNREACHABLE,At least one of the two primary comparison sources returned a blocking/4xx response.,,2026-07-29 (America/New_York)
agilent-1290-infinity-iii-fld-2026-row-4,Technical comparison,Engineering / technical comparator,Flow-cell volume: Agilent offers 2 µL and 13 µL flow cells for the 1290 Infinity III FLD. Waters: Waters specifies a flow-cell volume below 2 µL for the ACQUITY UPLC FLR Detector.,https://www.agilent.com/cs/library/usermanuals/public/G7123-Fluorescence-Detector-UseMa-en-D0129488.pdf; https://www.waters.com/content/dam/waters/en/library/specifications/2020/waters-specification-ACQUITYUPLCFLRDetectorspecifications-720001985.pdf,,UNREACHABLE,At least one of the two primary comparison sources returned a blocking/4xx response.,,2026-07-29 (America/New_York)
agilent-1290-infinity-iii-fld-2026-row-5,Technical comparison,Engineering / technical comparator,"Wavelength coverage: Agilent specifies a settable excitation/emission range of 200–1,200 nm and a spectral scan range of 200–800 nm. Waters: Waters specifies 200–890 nm excitation and 210–900 nm emission ranges.",https://www.agilent.com/cs/library/usermanuals/public/G7123-Fluorescence-Detector-UseMa-en-D0129488.pdf; https://www.waters.com/content/dam/waters/en/library/specifications/2020/waters-specification-ACQUITYUPLCFLRDetectorspecifications-720001985.pdf,,UNREACHABLE,At least one of the two primary comparison sources returned a blocking/4xx response.,,2026-07-29 (America/New_York)
agilent-1290-infinity-iii-fld-2026-row-6,Technical comparison,Engineering / technical comparator,Wavelength accuracy / repeatability: Agilent specifies ±3.0 nm wavelength accuracy and ±0.2 nm wavelength precision. Waters: Waters specifies ±3 nm wavelength accuracy and ±0.25 nm wavelength repeatability.,https://www.agilent.com/cs/library/usermanuals/public/G7123-Fluorescence-Detector-UseMa-en-D0129488.pdf; https://www.waters.com/content/dam/waters/en/library/specifications/2020/waters-specification-ACQUITYUPLCFLRDetectorspecifications-720001985.pdf,,UNREACHABLE,At least one of the two primary comparison sources returned a blocking/4xx response.,,2026-07-29 (America/New_York)
agilent-1290-infinity-iii-fld-2026-row-7,Technical comparison,Engineering / technical comparator,Flow-cell pressure limit: Agilent specifies a 60 bar (6 MPa) maximum pressure for the 1290 Infinity III FLD flow cell. Waters: Waters specifies a 500 psi (34 bar) pressure limit for the ACQUITY UPLC FLR Detector flow cell.,https://www.agilent.com/cs/library/usermanuals/public/G7123-Fluorescence-Detector-UseMa-en-D0129488.pdf; https://www.waters.com/content/dam/waters/en/library/specifications/2020/waters-specification-ACQUITYUPLCFLRDetectorspecifications-720001985.pdf,,UNREACHABLE,At least one of the two primary comparison sources returned a blocking/4xx response.,,2026-07-29 (America/New_York)
agilent-1290-infinity-iii-fld-2026-row-8,Technical comparison,Engineering / technical comparator,"Published pH range: Agilent specifies a pH range of 1.0–12.5 for the 1290 Infinity III FLD, solvent dependent. Waters: Waters specifies a pH range of 1–12.5 for the ACQUITY UPLC I-Class PLUS System.",https://www.agilent.com/cs/library/usermanuals/public/G7123-Fluorescence-Detector-UseMa-en-D0129488.pdf; https://www.waters.com/nextgen/us/en/products/chromatography/chromatography-systems/acquity-uplc-i-class-plus-system.html,,UNREACHABLE,At least one of the two primary comparison sources returned a blocking/4xx response.,,2026-07-29 (America/New_York)
agilent-1290-infinity-iii-2024-row-1,Technical comparison,Engineering / technical comparator,"System / gradient dwell (delay) volume: Agilent publishes a pump delay volume as low as 10 µL, but total configured system dwell volume is not stated on the reviewed product page. Waters: Waters describes ACQUITY Premier as low-dispersion, but a directly comparable total configured dwell-volume value is not stated on the reviewed public page.",https://www.agilent.com/en/product/liquid-chromatography/hplc-components-accessories/hplc-pumps/1290-high-speed-pump; https://www.waters.com/nextgen/en/products/chromatography/chromatography-systems/acquity-premier-system.html,,UNREACHABLE,At least one of the two primary comparison sources returned a blocking/4xx response.,,2026-07-29 (America/New_York)
agilent-1290-infinity-iii-2024-row-2,Technical comparison,Engineering / technical comparator,"Extra-column dispersion / band broadening: Agilent claims low dispersion for the 1290 Infinity III, but the reviewed primary source does not publish a common-condition variance or peak-width result for the complete configuration. Waters: Waters claims low dispersion for ACQUITY Premier, but the reviewed primary source does not publish a result under the same tubing, detector cell, column, and method conditions.",https://www.agilent.com/en/product/liquid-chromatography/hplc-systems/analytical-hplc-systems/1290-lc-system; https://www.waters.com/nextgen/en/products/chromatography/chromatography-systems/acquity-premier-system.html,,UNREACHABLE,At least one of the two primary comparison sources returned a blocking/4xx response.,,2026-07-29 (America/New_York)
agilent-1290-infinity-iii-2024-row-3,Technical comparison,Engineering / technical comparator,"Injection precision (%RSD): The 1290 Infinity III Hybrid Multisampler manual specifies less than 0.15% RSD, or SD below 20 nL, whichever is greater, using caffeine and the stated solvent conditions. Waters: A directly comparable ACQUITY Premier injection-precision value under the same injection volume, analyte, and detector conditions was not found in the reviewed public primary source.",https://www.agilent.com/cs/library/usermanuals/public/InfinityLab-Hybrid-Multisamplers-UseMa-en-D0029905.pdf; https://www.waters.com/nextgen/en/products/chromatography/chromatography-systems/acquity-premier-system.html,,UNREACHABLE,At least one of the two primary comparison sources returned a blocking/4xx response.,,2026-07-29 (America/New_York)
agilent-1290-infinity-iii-2024-row-4,Technical comparison,Engineering / technical comparator,Carryover on a shared sticky-analyte method: Agilent publishes less than 9 ppm for a challenging compound with the 1290 Infinity III Multisampler multiwash configuration. Waters: Waters publishes sample carryover at or below 0.002% using caffeine under UV conditions for ACQUITY Premier.,https://www.agilent.com/en/products/liquid-chromatography/infinitylab-lc-series-modules/lc-injection-systems/1290-infinity-ii-multisampler; https://www.waters.com/nextgen/en/products/chromatography/chromatography-systems/acquity-premier-system.html,,UNREACHABLE,At least one of the two primary comparison sources returned a blocking/4xx response.,,2026-07-29 (America/New_York)
agilent-1290-infinity-iii-2024-row-5,Technical comparison,Engineering / technical comparator,Column plate efficiency (plates/m): No shared-method plates-per-meter result is published for a named Agilent reference column on the selected 1290 configuration. Waters: No shared-method plates-per-meter result is published for a matched Waters reference column on the selected ACQUITY Premier configuration.,https://www.agilent.com/store/en_US/Prod-959758-902/959758-902; https://www.waters.com/nextgen/us/en/shop/columns/176000864-acquity-uplc-beh-c18-column-130a-17--m-21-mm-x-100-mm-3-pk.html,,UNREACHABLE,At least one of the two primary comparison sources returned a blocking/4xx response.,,2026-07-29 (America/New_York)
agilent-1290-infinity-iii-2024-row-6,Technical comparison,Engineering / technical comparator,"Particle and bonding technology: A reference ZORBAX RRHD Eclipse Plus C18 column is 1.8 µm fully porous silica with double endcapping, 95 Å pores, and C18 bonding. Waters: A reference ACQUITY UPLC BEH C18 column is 1.7 µm fully porous hybrid BEH material with trifunctional C18 bonding, endcapping, and 130 Å pores.",https://www.agilent.com/store/en_US/Prod-959758-902/959758-902; https://www.waters.com/nextgen/us/en/shop/columns/176000864-acquity-uplc-beh-c18-column-130a-17--m-21-mm-x-100-mm-3-pk.html,,UNREACHABLE,At least one of the two primary comparison sources returned a blocking/4xx response.,,2026-07-29 (America/New_York)
agilent-1290-infinity-iii-2024-row-7,Technical comparison,Engineering / technical comparator,"Column batch-to-batch reproducibility: Agilent publishes lot-to-lot reproducibility claims for its column portfolio, but no common multi-lot dataset is loaded for the selected paired chemistry and target method. Waters: Waters publishes batch-to-batch reproducibility claims for ACQUITY UPLC columns, but no common multi-lot dataset is loaded for the selected paired chemistry and target method.",https://www.agilent.com/en/product/small-molecule-columns/reversed-phase-hplc-columns/infinitylab-poroshell-120; https://www.waters.com/nextgen/us/en/products/columns/acquity-uplc-columns.html,,UNREACHABLE,At least one of the two primary comparison sources returned a blocking/4xx response.,,2026-07-29 (America/New_York)
agilent-1290-infinity-iii-2024-row-8,Technical comparison,Engineering / technical comparator,USP L-column class: The selected ZORBAX RRHD Eclipse Plus C18 reference column is listed as USP L1. Waters: The selected ACQUITY UPLC BEH C18 reference column is listed as USP L1.,https://www.agilent.com/store/en_US/Prod-959758-902/959758-902; https://www.waters.com/nextgen/us/en/shop/columns/176000864-acquity-uplc-beh-c18-column-130a-17--m-21-mm-x-100-mm-3-pk.html,,UNREACHABLE,At least one of the two primary comparison sources returned a blocking/4xx response.,,2026-07-29 (America/New_York)
shimadzu-nexera-x4-2026-row-1,Technical comparison,Engineering / technical comparator,"System / gradient dwell (delay) volume: The reviewed Nexera X4 primary source describes high-speed, high-precision gradients but does not publish a total configured dwell-volume value. Waters: Waters describes I-Class PLUS as having ultra-low delay volume, but the reviewed public product page does not state a directly comparable total configured value.",https://www.ssi.shimadzu.com/products/liquid-chromatography/hplcuhplc/nexera-x4/spec.html; https://www.waters.com/nextgen/us/en/products/chromatography/chromatography-systems/acquity-uplc-i-class-plus-system.html,,UNREACHABLE,At least one of the two primary comparison sources returned a blocking/4xx response.,,2026-07-29 (America/New_York)
shimadzu-nexera-x4-2026-row-2,Technical comparison,Engineering / technical comparator,"Extra-column dispersion / band broadening: Shimadzu states that Nexflow minimizes extra-column band broadening, but no common-condition system-variance result is published in the reviewed source. Waters: Waters claims industry-leading ultra-low dispersion, but no result under the same tubing, detector cell, column, and method conditions is published in the reviewed source.",https://www.ssi.shimadzu.com/products/liquid-chromatography/hplcuhplc/nexera-x4/spec.html; https://www.waters.com/nextgen/us/en/products/chromatography/chromatography-systems/acquity-uplc-i-class-plus-system.html,,UNREACHABLE,At least one of the two primary comparison sources returned a blocking/4xx response.,,2026-07-29 (America/New_York)
shimadzu-nexera-x4-2026-row-3,Technical comparison,Engineering / technical comparator,"Injection precision (%RSD): Shimadzu publishes injection-volume reproducibility from at or below 1.0% RSD at 0.5-0.9 µL to at or below 0.15% RSD above 5.0 µL, under specified conditions. Waters: Waters publishes I-Class PLUS injection accuracy at or below 0.25% RSD, but the public support article does not establish the same injection-volume bands and test conditions as Shimadzu.",https://www.ssi.shimadzu.com/products/liquid-chromatography/hplcuhplc/nexera-x4/spec.html; https://support.waters.com/KB_Inst/Chromatography/WKB97891_Are_there_any_differences_in_the_specifications_of_ACQUITY_UPLC_I-Class_and_I-Class_PLUS,Nexera X4 Ultra High-Performance Liquid Chromatograph - Specs : Shimadzu Scientific Instruments,Verified,,,2026-07-29 (America/New_York)
shimadzu-nexera-x4-2026-row-4,Technical comparison,Engineering / technical comparator,"Carryover on a shared sticky-analyte method: Shimadzu publishes at or below 0.0010% without rinse and typically at or below 0.0003% with rinse, under specified conditions. Waters: Waters publishes carryover below 0.001% for I-Class PLUS, using its own test conditions.",https://www.ssi.shimadzu.com/products/liquid-chromatography/hplcuhplc/nexera-x4/spec.html; https://support.waters.com/KB_Inst/Chromatography/WKB97891_Are_there_any_differences_in_the_specifications_of_ACQUITY_UPLC_I-Class_and_I-Class_PLUS,Nexera X4 Ultra High-Performance Liquid Chromatograph - Specs : Shimadzu Scientific Instruments,Verified,,,2026-07-29 (America/New_York)
shimadzu-nexera-x4-2026-row-5,Technical comparison,Engineering / technical comparator,"Column plate efficiency (plates/m): Shimadzu publishes application-specific plate counts for Velox C18, but no shared plates-per-meter result is loaded for a matched Nexera X4 method and column geometry. Waters: No shared plates-per-meter result is loaded for the matched ACQUITY UPLC BEH C18 geometry and method.",https://www.shimadzu.com/an/products/liquid-chromatography/hplc-consumables/velox/shim-pack-velox-c18/index.html; https://www.waters.com/nextgen/us/en/shop/columns/176000864-acquity-uplc-beh-c18-column-130a-17--m-21-mm-x-100-mm-3-pk.html,,UNREACHABLE,At least one of the two primary comparison sources returned a blocking/4xx response.,,2026-07-29 (America/New_York)
shimadzu-nexera-x4-2026-row-6,Technical comparison,Engineering / technical comparator,"Particle and bonding technology: A reference Shim-pack Velox C18 uses superficially porous particles, C18 bonding, endcapping, 90 Å pores, and is available in 1.8, 2.7, and 5 µm sizes. Waters: A reference ACQUITY UPLC BEH C18 uses 1.7 µm fully porous hybrid BEH particles, trifunctional C18 bonding, endcapping, and 130 Å pores.",https://www.shimadzu.com/an/products/liquid-chromatography/hplc-consumables/velox/shim-pack-velox-lc-columns/features.html; https://www.waters.com/nextgen/us/en/shop/columns/176000864-acquity-uplc-beh-c18-column-130a-17--m-21-mm-x-100-mm-3-pk.html,,UNREACHABLE,At least one of the two primary comparison sources returned a blocking/4xx response.,,2026-07-29 (America/New_York)
shimadzu-nexera-x4-2026-row-7,Technical comparison,Engineering / technical comparator,"Column batch-to-batch reproducibility: Shimadzu publishes a five-lot reproducibility example for a Velox Biphenyl method, not the selected C18 transfer method. Waters: Waters publishes batch-to-batch reproducibility claims for ACQUITY UPLC columns, but no common multi-lot dataset is loaded for the selected paired C18 method.",https://www.shimadzu.com/an/sites/shimadzu.com.an/files/pim/pim_document_file/brochures/10609/c190-e219.pdf; https://www.waters.com/nextgen/us/en/products/columns/acquity-uplc-columns.html,,UNREACHABLE,At least one of the two primary comparison sources returned a blocking/4xx response.,,2026-07-29 (America/New_York)
shimadzu-nexera-x4-2026-row-8,Technical comparison,Engineering / technical comparator,USP L-column class: The selected Shim-pack Velox C18 reference chemistry is listed as USP L1. Waters: The selected ACQUITY UPLC BEH C18 reference chemistry is listed as USP L1.,https://www.shimadzu.com/an/products/liquid-chromatography/hplc-consumables/velox/shim-pack-velox-lc-columns/features.html; https://www.waters.com/nextgen/us/en/shop/columns/176000864-acquity-uplc-beh-c18-column-130a-17--m-21-mm-x-100-mm-3-pk.html,,UNREACHABLE,At least one of the two primary comparison sources returned a blocking/4xx response.,,2026-07-29 (America/New_York)
agilent-6230c-lctof-2026-row-1,Technical comparison,Engineering / technical comparator,"Sensitivity / LOQ on a shared method: Agilent publishes low-picogram on-column sensitivity and installation specifications for reserpine, not an LOQ from a shared BioAccord MAM method. Waters: Waters publishes application-specific BioAccord sensitivity and MAM performance, but not an LOQ from the same sample preparation, LC method, acquisition, and processing rules as Agilent.",https://www.agilent.com/en/product/liquid-chromatography-mass-spectrometry-lc-ms/lc-ms-instruments/time-of-flight-lc-ms/6230-time-of-flight-tof-lc-ms; https://www.waters.com/nextgen/tw/zh/library/application-notes/2021/the-bioaccord-system-with-acquity-premier-for-improved-peptide-cqa-monitoring.html,,UNREACHABLE,At least one of the two primary comparison sources returned a blocking/4xx response.,,2026-07-29 (America/New_York)
agilent-6230c-lctof-2026-row-2,Technical comparison,Engineering / technical comparator,Polarity-switching speed: Agilent publishes a 2 Hz polarity-switching duty cycle for the 6230C. Waters: A directly comparable BioAccord polarity-switching speed was not found in the reviewed public primary source.,https://www.agilent.com/en/product/liquid-chromatography-mass-spectrometry-lc-ms/lc-ms-instruments/time-of-flight-lc-ms/6230-time-of-flight-tof-lc-ms; https://www.waters.com/nextgen/us/en/products/mass-spectrometry/mass-spectrometry-systems/bioaccord-lc-ms-system.html,,UNREACHABLE,At least one of the two primary comparison sources returned a blocking/4xx response.,,2026-07-29 (America/New_York)
agilent-6230c-lctof-2026-row-3,Technical comparison,Engineering / technical comparator,"Dwell allocation / points across peak at large MRM panels: The 6230C is a full-scan TOF, so transition dwell allocation is not a directly applicable MRM metric; it publishes acquisition up to 30 spectra/second. Waters: BioAccord is also a full-scan accurate-mass workflow rather than a triple-quadrupole MRM platform; a directly comparable large-panel MRM value is not applicable.",https://www.agilent.com/en/product/liquid-chromatography-mass-spectrometry-lc-ms/lc-ms-instruments/time-of-flight-lc-ms/6230-time-of-flight-tof-lc-ms; https://www.waters.com/nextgen/us/en/products/mass-spectrometry/mass-spectrometry-systems/bioaccord-lc-ms-system.html,,UNREACHABLE,At least one of the two primary comparison sources returned a blocking/4xx response.,,2026-07-29 (America/New_York)
agilent-6230c-lctof-2026-row-4,Technical comparison,Engineering / technical comparator,Cross-talk / interference rejection: A directly comparable cross-talk or interference-rejection value for the shared MAM method was not found in the reviewed Agilent primary source. Waters: A directly comparable cross-talk or interference-rejection value for the same method was not found in the reviewed Waters primary source.,https://www.agilent.com/en/product/liquid-chromatography-mass-spectrometry-lc-ms/lc-ms-instruments/time-of-flight-lc-ms/6230-time-of-flight-tof-lc-ms; https://www.waters.com/nextgen/us/en/products/mass-spectrometry/mass-spectrometry-systems/bioaccord-lc-ms-system.html,,UNREACHABLE,At least one of the two primary comparison sources returned a blocking/4xx response.,,2026-07-29 (America/New_York)
agilent-6230c-lctof-2026-row-5,Technical comparison,Engineering / technical comparator,"Linear dynamic range: Agilent publishes up to five orders of in-spectrum dynamic range for the 6230C. Waters: Waters reports three orders of linear range for a BioAccord amino-acid application, while MAM performance is application dependent; this is not the same analyte set or protocol.",https://www.agilent.com/en/product/liquid-chromatography-mass-spectrometry-lc-ms/lc-ms-instruments/time-of-flight-lc-ms/6230-time-of-flight-tof-lc-ms; https://www.waters.com/content/dam/waters/en/app-notes/2022/720007766/720007766-en.pdf,,UNREACHABLE,At least one of the two primary comparison sources returned a blocking/4xx response.,,2026-07-29 (America/New_York)
sciex-novus-v55-2026-row-1,Technical comparison,Engineering / technical comparator,"Sensitivity / LOQ on a shared method: SCIEX claims exceptional sensitivity and publishes application-specific LOQs, but no LOQ from a controlled head-to-head method against Xevo TQ Absolute is provided. Waters: Waters publishes application-specific sensitivity for Xevo TQ Absolute, but no LOQ from the same sample preparation, chromatography, transitions, calibration, and processing rules as SCIEX.",https://sciex.com/products/mass-spectrometers/triple-quad-systems/novus-v55-system; https://www.waters.com/nextgen/en/products/mass-spectrometry-systems/xevo-tq-absolute.html,,UNREACHABLE,At least one of the two primary comparison sources returned a blocking/4xx response.,,2026-07-29 (America/New_York)
sciex-novus-v55-2026-row-2,Technical comparison,Engineering / technical comparator,"Polarity-switching speed: A SCIEX technical note reports 5 ms settling time in a novus V55 pesticide method containing 1,411 positive and negative transitions. Waters: Waters operating guidance specifies a 15 ms minimum for positive/negative ESI switching and recommends at least 125 ms overall cycle time for reliable long-term use.",https://sciex.com/tech-notes/food-beverage/food-and-beverage/maximizing-throughput-with-accelerated-mrm-aemrm-novus-v55; https://help.waters.com/content/dam/waters/en/support/usermanuals/2022/715008065/715008065.pdf,,UNREACHABLE,At least one of the two primary comparison sources returned a blocking/4xx response.,,2026-07-29 (America/New_York)
sciex-novus-v55-2026-row-3,Technical comparison,Engineering / technical comparator,"Dwell allocation / points across peak at large MRM panels: SCIEX publishes up to 1,000 MRMs/second; in a pesticide method, 1 ms minimum dwell and at least 10 points across peak were maintained at 369 concurrent transitions. Waters: Waters publishes 1 ms minimum dwell and Auto-Dwell assignment of dwell, inter-channel, and inter-scan delays to target an optimal number of points across each peak; no matched maximum-panel result is published in the reviewed source.",https://sciex.com/tech-notes/food-beverage/food-and-beverage/maximizing-throughput-with-accelerated-mrm-aemrm-novus-v55; https://help.waters.com/content/dam/waters/en/support/usermanuals/2022/715008065/715008065.pdf,,UNREACHABLE,At least one of the two primary comparison sources returned a blocking/4xx response.,,2026-07-29 (America/New_York)
sciex-novus-v55-2026-row-4,Technical comparison,Engineering / technical comparator,"Cross-talk: A directly comparable cross-talk value under the shared high-concurrency panel was not found in the reviewed SCIEX primary source. Waters: A directly comparable cross-talk value under the same transitions, abundance ratios, collision conditions, and timing was not found in the reviewed Waters primary source.",https://sciex.com/products/mass-spectrometers/triple-quad-systems/novus-v55-system; https://www.waters.com/nextgen/en/products/mass-spectrometry-systems/xevo-tq-absolute.html,,UNREACHABLE,At least one of the two primary comparison sources returned a blocking/4xx response.,,2026-07-29 (America/New_York)
sciex-novus-v55-2026-row-5,Technical comparison,Engineering / technical comparator,"Linear dynamic range: A directly comparable linear dynamic range for the shared analyte panel and calibration model was not found in the reviewed SCIEX primary source. Waters: Waters publishes six orders of linear dynamic range for a specific MassTrak IVD configuration, not for the same analyte panel and method as SCIEX.",https://sciex.com/products/mass-spectrometers/triple-quad-systems/novus-v55-system; https://www.waters.com/nextgen/us/en/products/in-vitro-diagnostics-solutions/lc-ms-ms-ivd-systems-portfolio/masstrak-acquity-uplc-i-class-plus-xevo-tq-absolute-ivd-system.html,,UNREACHABLE,At least one of the two primary comparison sources returned a blocking/4xx response.,,2026-07-29 (America/New_York)
comparison-agilent-1290-infinity-iii-2024,Launch comparison,Product comparator / Engineering,"Agilent's official October 2024 release supports the automation, assistance, sample-tracking, compatibility, and sustainability claims. Waters' official ACQUITY Premier page supports MaxPeak HPS, metal-sensitive-analyte recovery, reduced passivation, repeatability, and LC-MS workflow claims. No common-condition head-to-head test is loaded.",https://www.agilent.com/cs/library/usermanuals/public/InfinityLab-Hybrid-Multisamplers-UseMa-en-D0029905.pdf; https://www.agilent.com/en/product/liquid-chromatography/hplc-components-accessories/hplc-pumps/1290-high-speed-pump; https://www.agilent.com/en/product/liquid-chromatography/hplc-systems/analytical-hplc-systems/1290-lc-system; https://www.agilent.com/en/product/small-molecule-columns/reversed-phase-hplc-columns/infinitylab-poroshell-120; https://www.agilent.com/en/products/liquid-chromatography/infinitylab-lc-series-modules/lc-injection-systems/1290-infinity-ii-multisampler; https://www.agilent.com/store/en_US/Prod-959758-902/959758-902; https://www.waters.com/nextgen/us/en/products/chromatography.html,,UNREACHABLE,At least one cited launch/Waters primary source could not be fetched.,,2026-07-29 (America/New_York)
comparison-shimadzu-nexera-x4-2026,Launch comparison,Product comparator / Engineering,"Shimadzu's newest Nexera signal creates pressure in routine UHPLC replacement and pharma QC. Treat this as a direct LC platform comparison, not a niche application signal.",https://www.shimadzu.com/an/products/liquid-chromatography/hplcuhplc/nexera-x4/index.html; https://www.shimadzu.com/news/2026/k8iri3_20_z4uvwt.html; https://www.sec.gov/Archives/edgar/data/1000697/000119312524094009/d691142dars.pdf,,UNREACHABLE,At least one cited launch/Waters primary source could not be fetched.,,2026-07-29 (America/New_York)
comparison-shimadzu-nexera-ic-2026,Launch comparison,Product comparator / Engineering,"Nexera IC is an adjacency signal. It may not attack Waters LC directly, but it can influence labs trying to consolidate environmental, food, industrial, and routine testing workflows.",https://www.shimadzu.com/an/products/liquid-chromatography/ion-chromatograph/nexera-ic/index.html; https://www.shimadzu.com/news/2026/t0best6lrz8y0uk9.html; https://ir.waters.com/News--Events/newsroom/news-details/2020/Waters-Introduces-the-New-Arc-High-Performance-Liquid-Chromatograph-to-Help-Laboratories-Meet-Quality-and-Production-Targets/default.aspx,Nexera IC Ion Chromatograph : SHIMADZU (Shimadzu Corporation),Verified,,,2026-07-29 (America/New_York)
comparison-shimadzu-pl-40-plate-loader-2026,Launch comparison,Product comparator / Engineering,Shimadzu is attaching automation to LC/LC-MS productivity. This matters because sample handling and plate logistics can become buying criteria before customers compare chromatographic performance.,https://www.shimadzu.com/an/products/liquid-chromatography/hplc-components-accessories/plate-loader/index.html; https://www.sec.gov/Archives/edgar/data/1000697/000119312524094009/d691142dars.pdf,,UNREACHABLE,At least one cited launch/Waters primary source could not be fetched.,,2026-07-29 (America/New_York)
comparison-shimadzu-labsolutions-insight-profiler-2026,Launch comparison,Product comparator / Engineering,"Shimadzu is making LC/QTOF data processing easier to explain through a named software workflow. The PM risk is that customers judge the product by end-to-end data interpretation, not only instrument capability.",https://www.shimadzu.com/an/products/software-informatics/labsolutions-series/labsolutions-insight-profiler/index.html; https://www.waters.com/nextgen/is/en/about-waters.html,,UNREACHABLE,At least one cited launch/Waters primary source could not be fetched.,,2026-07-29 (America/New_York)
comparison-shimadzu-nexera-cl-lcms-2025,Launch comparison,Product comparator / Engineering,"Nexera CL LCMS shows Shimadzu extending Nexera into clinical and biological-sample workflows. The threat is workflow specialization: maintenance, optional detection paths, and high sample counts.",https://www.shimadzu.co.jp/cl/products/nexera-lc-ms/index.html; https://www.shimadzu.com/news/2025/w40jo6pvrivu5s7v.html; https://ir.waters.com/News--Events/newsroom/news-details/2021/Waters-BioAccord-System-with-ACQUITY-Premier-Brings-Greater-Simplicity-Accuracy-and-Reproducibility-to-Multi-Attribute-Monitoring-of-Biopharmaceuticals/default.aspx,[SHIMADZU] 製品情報 - Nexera CL LCMS システム | 臨床検体検査機器 | 島津製作所,Verified,,,2026-07-29 (America/New_York)
comparison-shimadzu-labsolutions-detect-2025,Launch comparison,Product comparator / Engineering,LabSolutions Detect makes anomaly detection and chromatogram comparison part of the LC value story. This is directly relevant to pharma QC labs trying to reduce review burden.,https://www.shimadzu.com/an/products/software-informatics/labsolutions-series/labsolutions-detect/index.html; https://www.shimadzu.com/news/2025/n8e9desqymj7oa4x.html; https://www.waters.com/nextgen/is/en/about-waters.html,,UNREACHABLE,At least one cited launch/Waters primary source could not be fetched.,,2026-07-29 (America/New_York)
comparison-shimadzu-i-series-2025,Launch comparison,Product comparator / Engineering,"The i-Series refresh targets routine LC decision criteria: reliability, sustainability, lower running cost, diagnostics, maintenance reminders, and reduced downtime.",https://www.shimadzu.com/an/products/liquid-chromatography/hplcuhplc/i-series/index.html; https://www.shimadzu.com/news/2025/mpnglqbij34_zscf.html; https://ir.waters.com/News--Events/newsroom/news-details/2023/Waters-Introduces-Next-Generation-Alliance-iS-HPLC-System-Aimed-at-Reducing-Up-to-40-of-Common-Lab-Errors/default.aspx,i-Series : SHIMADZU (Shimadzu Corporation),Verified,,,2026-07-29 (America/New_York)
comparison-shimadzu-lcms-8065xe-2025,Launch comparison,Product comparator / Engineering,"LCMS-8065XE is a direct regulated quantitation and PFAS/environmental testing signal. It pressures Waters on sensitivity, productivity, and application packaging.",https://www.shimadzu.com/an/products/liquid-chromatograph-mass-spectrometry/triple-quadrupole-lc-msms/lcms-8065xe/index.html; https://www.shimadzu.com/news/2025/6n31zbu4tkmozoh2.html; https://ir.waters.com/News--Events/newsroom/news-details/2022/Waters-Introduces-Xevo-TQ-Absolute--The-Most-Sensitive-and-Compact-Benchtop-Tandem-Quadrupole-Mass-Spectrometer/default.aspx,LCMS-8065XE : SHIMADZU (Shimadzu Corporation),Verified,,,2026-07-29 (America/New_York)
comparison-agilent-1290-infinity-iii-fld-2026,Launch comparison,Product comparator / Engineering,Agilent's detector/module launch is a reminder that modular LC stack refreshes can shift perceived system freshness even without a full new LC platform.,https://www.agilent.com/en/product/liquid-chromatography/hplc-components-accessories/hplc-detectors/1290-fluorescence-detector; https://www.agilent.com/about/newsroom/presrel/2026/21may-ca26016.html; https://www.sec.gov/Archives/edgar/data/1000697/000119312524094009/d691142dars.pdf,,UNREACHABLE,At least one cited launch/Waters primary source could not be fetched.,,2026-07-29 (America/New_York)
comparison-agilent-6230c-lctof-2026,Launch comparison,Product comparator / Engineering,"Agilent is packaging LC/TOF into a MAM workflow. This competes with Waters at the workflow-offer level, not only the instrument level.",https://www.agilent.com/en/product/liquid-chromatography-mass-spectrometry-lc-ms/lc-ms-instruments/time-of-flight-lc-ms/6230-time-of-flight-tof-lc-ms; https://www.agilent.com/about/newsroom/presrel/2026/29may-ca26021.html; https://ir.waters.com/News--Events/newsroom/news-details/2021/Waters-BioAccord-System-with-ACQUITY-Premier-Brings-Greater-Simplicity-Accuracy-and-Reproducibility-to-Multi-Attribute-Monitoring-of-Biopharmaceuticals/default.aspx,,UNREACHABLE,At least one cited launch/Waters primary source could not be fetched.,,2026-07-29 (America/New_York)
comparison-sciex-novus-v55-2026,Launch comparison,Product comparator / Engineering,SCIEX is pairing hardware and software versioning. The risk is not only a system launch; it is the customer perception that software is part of the instrument value proposition.,https://sciex.com/products/mass-spectrometers/triple-quad-systems/novus-v55-system; https://sciex.com/about-us/press-releases/2026/sciex-launches-its-5th-generation-of-nominal-mass-novus-v55-system-with-sciexos-5-0-software; https://ir.waters.com/News--Events/newsroom/news-details/2022/Waters-Introduces-Xevo-TQ-Absolute--The-Most-Sensitive-and-Compact-Benchtop-Tandem-Quadrupole-Mass-Spectrometer/default.aspx,novus V55 system,Verified,,,2026-07-29 (America/New_York)
comparison-sciex-zenotof-8600-2025,Launch comparison,Product comparator / Engineering,"SCIEX is strengthening high-resolution MS depth and sensitivity. The Waters response should connect LC front end, MS platform, informatics, and biopharma/omics workflow proof.",https://sciex.com/products/mass-spectrometers/qtof-systems/8600-system; https://sciex.com/about-us/press-releases/2025/zenotof-8600-system-press-release-5-dot-27-dot-25; https://www.sec.gov/Archives/edgar/data/1000697/000119312524094009/d691142dars.pdf,,UNREACHABLE,At least one cited launch/Waters primary source could not be fetched.,,2026-07-29 (America/New_York)
comparison-sciex-zenotof-7600-plus-2024,Launch comparison,Product comparator / Engineering,SCIEX platform refresh cadence shows sustained platform development. Waters should protect installed-base confidence with a clear refresh and upgrade story.,https://sciex.com/products/mass-spectrometers/qtof-systems/7600-plus-system; https://sciex.com/about-us/press-releases/2024/sciex-launches-the-zenotof-7600-system-at-hupo-world-congress-2024-alongside-three-collaborations-to-further-proteomics-capabilities; https://www.sec.gov/Archives/edgar/data/1000697/000119312524094009/d691142dars.pdf,,UNREACHABLE,At least one cited launch/Waters primary source could not be fetched.,,2026-07-29 (America/New_York)
comparison-sciex-7500-plus-2024,Launch comparison,Product comparator / Engineering,"SCIEX continues to pressure regulated quantitation. Waters needs a tight sensitivity, robustness, uptime, and workflow confidence story.",https://sciex.com/products/mass-spectrometers/triple-quad-systems/triple-quad-7500-plus-system; https://sciex.com/about-us/press-releases/2024/sciex-7500plus-system-launches-at-asms2024; https://ir.waters.com/News--Events/newsroom/news-details/2022/Waters-Introduces-Xevo-TQ-Absolute--The-Most-Sensitive-and-Compact-Benchtop-Tandem-Quadrupole-Mass-Spectrometer/default.aspx,Triple Quad 7500 Plus System,Verified,,,2026-07-29 (America/New_York)
comparison-sciex-echo-ms-plus-2024,Launch comparison,Product comparator / Engineering,Echo MS+ is a speed and throughput signal. The Waters response should focus on where traditional LC-MS/MS remains stronger and where high-throughput sample-introduction strategy is needed.,https://sciex.com/products/integrated-solutions/echo-ms-plus; https://sciex.com/about-us/press-releases/2024/sciex-expands-high-throughput-screening-solutions-with-echo-ms-system; https://ir.waters.com/News--Events/newsroom/news-details/2022/Waters-Introduces-Xevo-TQ-Absolute--The-Most-Sensitive-and-Compact-Benchtop-Tandem-Quadrupole-Mass-Spectrometer/default.aspx,Echo® MS+ system,Verified,,,2026-07-29 (America/New_York)
comparison-sciex-zenotof-7600-2021,Launch comparison,Product comparator / Engineering,The older ZenoTOF launch matters because later refreshes show a multi-year platform development pattern.,https://sciex.com/products/mass-spectrometers/qtof-systems/zenotof-7600-system; https://sciex.com/about-us/press-releases/2021/sciex-presents-new-accurate-mass-instrument-the-zenotof-7600-system; https://www.sec.gov/Archives/edgar/data/1000697/000119312524094009/d691142dars.pdf,,UNREACHABLE,At least one cited launch/Waters primary source could not be fetched.,,2026-07-29 (America/New_York)
lcgc,Journal source,Publication intelligence / source coverage,"LCGC: ['LC', 'UHPLC', 'LC-MS', 'Method development'] Monitoring: Search articles, columns, application coverage, conference reporting, and vendor mentions.",https://www.chromatographyonline.com/,,UNREACHABLE,Homepage returned a blocking/4xx response.,,2026-07-29 (America/New_York)
biopharma-international,Journal source,Publication intelligence / source coverage,"BioPharma International: ['Biopharma', 'CDMO', 'QC', 'Regulatory'] Monitoring: Monitor CMC, QC, manufacturing, regulatory, and analytical development coverage.",https://www.biopharminternational.com/,"BioPharm International - Biopharmaceutical Science, Business Insights",Partially supported,Homepage confirms source identity; detailed coverage and monitoring assertions are app-authored metadata.,,2026-07-29 (America/New_York)
separation-science,Journal source,Publication intelligence / source coverage,"Separation Science: ['LC', 'LC-MS', 'Training', 'Applications'] Monitoring: Monitor LC, LC-MS, webinars, technical articles, and vendor education content.",https://www.sepscience.com/,Premier Learning for Analytical Scientists | Separation Science | Separation Science,Partially supported,Homepage confirms source identity; detailed coverage and monitoring assertions are app-authored metadata.,,2026-07-29 (America/New_York)
labroots,Journal source,Publication intelligence / source coverage,"LabRoots: ['Academic', 'Pharma', 'Biopharma', 'Lab operations'] Monitoring: Monitor webinars, virtual events, expert talks, and community discussion themes.",https://www.labroots.com/,"Trending Science News, Webinars &amp; Virtual Events | Labroots",Partially supported,Homepage confirms source identity; detailed coverage and monitoring assertions are app-authored metadata.,,2026-07-29 (America/New_York)
lab-manager,Journal source,Publication intelligence / source coverage,"Lab Manager: ['Lab management', 'Procurement', 'Operations', 'Service'] Monitoring: Monitor purchasing, staffing, maintenance, automation, safety, sustainability, and lab operations coverage.",https://www.labmanager.com/,Run Your Lab Like a Business | Lab Manager,Partially supported,Homepage confirms source identity; detailed coverage and monitoring assertions are app-authored metadata.,,2026-07-29 (America/New_York)
pharmaceutical-online,Journal source,Publication intelligence / source coverage,"Pharmaceutical Online: ['Pharma', 'CDMO', 'Manufacturing', 'QC'] Monitoring: Monitor sponsor content, technical articles, QC/manufacturing coverage, and vendor solution narratives.",https://www.pharmaceuticalonline.com/,Pharmaceutical Manufacturing Resource,Partially supported,Homepage confirms source identity; detailed coverage and monitoring assertions are app-authored metadata.,,2026-07-29 (America/New_York)
the-analytical-scientist,Journal source,Publication intelligence / source coverage,"The Analytical Scientist: ['LC', 'LC-MS', 'Informatics', 'Automation'] Monitoring: Monitor expert interviews, trend pieces, technology commentary, and conference coverage.",https://theanalyticalscientist.com/,The Analytical Scientist | The Analytical Scientist,Partially supported,Homepage confirms source identity; detailed coverage and monitoring assertions are app-authored metadata.,,2026-07-29 (America/New_York)
european-pharmaceutical-review,Journal source,Publication intelligence / source coverage,"European Pharmaceutical Review: ['Europe', 'Pharma', 'QC', 'Regulatory'] Monitoring: Monitor analytical development, quality, regulatory, manufacturing, and European pharma coverage.",https://www.europeanpharmaceuticalreview.com/,European Pharmaceutical Review,Partially supported,Homepage confirms source identity; detailed coverage and monitoring assertions are app-authored metadata.,,2026-07-29 (America/New_York)
american-pharmaceutical-review,Journal source,Publication intelligence / source coverage,"American Pharmaceutical Review: ['North America', 'Pharma', 'QC', 'Compliance'] Monitoring: Monitor analytical development, formulation, quality, manufacturing, and vendor contributed content.",https://www.americanpharmaceuticalreview.com/,Home | American Pharmaceutical Review,Partially supported,Homepage confirms source identity; detailed coverage and monitoring assertions are app-authored metadata.,,2026-07-29 (America/New_York)
analytical-chemistry-acs,Journal source,Publication intelligence / source coverage,"Analytical Chemistry: ['LC', 'LC-MS', 'Analytical methods', 'Measurement science'] Monitoring: Collect recent DOI metadata and monitor LC, LC-MS, separation, validation, omics, environmental, food, and bioanalytical articles.",https://pubs.acs.org/journal/ancham,,UNREACHABLE,Homepage returned a blocking/4xx response.,,2026-07-29 (America/New_York)
journal-of-chromatography-a,Journal source,Publication intelligence / source coverage,"Journal of Chromatography A: ['HPLC', 'UHPLC', 'Columns', 'Separation science'] Monitoring: Collect recent DOI metadata for chromatography fundamentals, columns, separations, sample preparation, detectors, and hyphenated methods.",https://www.sciencedirect.com/journal/journal-of-chromatography-a,,UNREACHABLE,Homepage returned a blocking/4xx response.,,2026-07-29 (America/New_York)
journal-of-chromatography-b,Journal source,Publication intelligence / source coverage,"Journal of Chromatography B: ['LC-MS/MS', 'Bioanalysis', 'Clinical', 'Pharmaceutical analysis'] Monitoring: Collect recent DOI metadata for biomedical, pharmaceutical, clinical, omics, and bioanalytical separations.",https://www.sciencedirect.com/journal/journal-of-chromatography-b,,UNREACHABLE,Homepage returned a blocking/4xx response.,,2026-07-29 (America/New_York)
jasms,Journal source,Publication intelligence / source coverage,"Journal of the American Society for Mass Spectrometry (JASMS): ['Mass spectrometry', 'LC-MS', 'Instrumentation', 'Data analysis'] Monitoring: Collect recent DOI metadata for MS instrumentation, ionization, fragmentation, quantitation, informatics, and applications.",https://pubs.acs.org/journal/jamsef,,UNREACHABLE,Homepage returned a blocking/4xx response.,,2026-07-29 (America/New_York)
analytical-bioanalytical-chemistry,Journal source,Publication intelligence / source coverage,"Analytical and Bioanalytical Chemistry: ['LC-MS', 'Bioanalysis', 'Environmental', 'Food'] Monitoring: Collect recent DOI metadata across analytical methods, bioanalysis, sensors, separations, omics, food, and environmental measurement.",https://link.springer.com/journal/216,Home | Analytical and Bioanalytical Chemistry | Springer Nature Link,Partially supported,Homepage confirms source identity; detailed coverage and monitoring assertions are app-authored metadata.,,2026-07-29 (America/New_York)
journal-pharmaceutical-biomedical-analysis,Journal source,Publication intelligence / source coverage,"Journal of Pharmaceutical and Biomedical Analysis: ['Pharma', 'Bioanalysis', 'QC', 'Regulated methods'] Monitoring: Collect recent DOI metadata for pharmaceutical quality, impurities, stability, bioanalysis, validation, and regulated methods.",https://www.sciencedirect.com/journal/journal-of-pharmaceutical-and-biomedical-analysis,,UNREACHABLE,Homepage returned a blocking/4xx response.,,2026-07-29 (America/New_York)
talanta,Journal source,Publication intelligence / source coverage,"Talanta: ['LC-MS', 'Environmental', 'Food', 'Clinical'] Monitoring: Collect recent DOI metadata for analytical methods, sensors, sample preparation, contaminants, food, environmental, and clinical analysis.",https://www.sciencedirect.com/journal/talanta,,UNREACHABLE,Homepage returned a blocking/4xx response.,,2026-07-29 (America/New_York)
crossref-rest-api,Market/application source,Publication intelligence / source coverage,"Crossref REST API: Searchable metadata for journal articles, conference proceedings, books, datasets, grants, funders, and publication updates across disciplines. Why it matters: Adds chemistry, food, environmental, engineering, and conference records that may not be indexed in PubMed.",https://www.crossref.org/documentation/retrieve-metadata/rest-api/,REST API - Crossref,Partially supported,"Page confirms source identity; the decision-use description is an analyst interpretation, not a source statement.",,2026-07-29 (America/New_York)
openalex-api,Market/application source,Publication intelligence / source coverage,"OpenAlex API: Open catalog connecting scholarly works with topics, institutions, authors, funders, and sources. Why it matters: Provides institution and funder context that a publication count alone does not show.",https://developers.openalex.org/,Overview - OpenAlex Developers,Partially supported,"Page confirms source identity; the decision-use description is an analyst interpretation, not a source statement.",,2026-07-29 (America/New_York)
wipo-patentscope,Market/application source,Publication intelligence / source coverage,"PATENTSCOPE: International and national patent collections searchable by keyword, classification, applicant, and chemical structure. Why it matters: Surfaces pre-commercial technical direction before it appears in product launches or application notes.",https://www.wipo.int/en/web/patentscope/,PATENTSCOPE,Partially supported,"Page confirms source identity; the decision-use description is an analyst interpretation, not a source statement.",,2026-07-29 (America/New_York)
clinicaltrials-api,Market/application source,Publication intelligence / source coverage,"ClinicalTrials.gov API: Structured study records covering interventions, sponsors, collaborators, outcomes, locations, and study status. Why it matters: Shows where analytical demand is entering active development programs rather than only the literature.",https://clinicaltrials.gov/data-api/api,ClinicalTrials.gov,Partially supported,"Page confirms source identity; the decision-use description is an analyst interpretation, not a source statement.",,2026-07-29 (America/New_York)
fda-drug-databases,Market/application source,Publication intelligence / source coverage,"FDA Drug Approvals and Databases: FDA entry point for Drugs@FDA, dissolution methods, product-specific guidance, Orange Book, safety, and approval datasets. Why it matters: Connects pharmaceutical application trends to regulated methods and product pipelines.",https://www.fda.gov/drugs/development-approval-process-drugs/drug-approvals-and-databases,Drug Approvals and Databases | FDA,Partially supported,"Page confirms source identity; the decision-use description is an analyst interpretation, not a source statement.",,2026-07-29 (America/New_York)
fda-ich-q14,Market/application source,Publication intelligence / source coverage,ICH Q14 Analytical Procedure Development: Current regulatory principles for science- and risk-based analytical procedure development and lifecycle management. Why it matters: Translates regulatory change into LC method-development and software workflow requirements.,https://www.fda.gov/media/161202/download,,Partially supported,"Page confirms source identity; the decision-use description is an analyst interpretation, not a source statement.",,2026-07-29 (America/New_York)
ema-quality-guidelines,Market/application source,Publication intelligence / source coverage,"EMA Quality Guidelines: European quality guidance covering active substances, finished products, biologics, specifications, and manufacturing controls. Why it matters: Adds non-U.S. regulatory demand that may change application priorities for global customers.",https://www.ema.europa.eu/en/human-regulatory-overview/research-development/scientific-guidelines/quality-guidelines,Quality guidelines | European Medicines Agency (EMA),Partially supported,"Page confirms source identity; the decision-use description is an analyst interpretation, not a source statement.",,2026-07-29 (America/New_York)
fda-purple-book,Market/application source,Publication intelligence / source coverage,"FDA Purple Book: Searchable database of FDA-licensed biological products, reference products, biosimilars, and interchangeable products. Why it matters: Directly indicates where characterization, comparability, and release-testing workflows may expand.",https://www.fda.gov/drugs/therapeutic-biologics-applications-bla/purple-book-lists-licensed-biological-products-reference-product-exclusivity-and-biosimilarity-or,Purple Book: Lists of Licensed Biological Products with Reference Product Exclusivity and Biosimilarity or Interchangeability,Partially supported,"Page confirms source identity; the decision-use description is an analyst interpretation, not a source statement.",,2026-07-29 (America/New_York)
fda-new-biologic-approvals,Market/application source,Publication intelligence / source coverage,FDA NME and New Biologic Approvals: Downloadable compilation of CDER new molecular entity drug and new biologic approvals. Why it matters: Provides a regulated pipeline outcome rather than a publication proxy.,https://www.fda.gov/drugs/drug-approvals-and-databases/compilation-cder-new-molecular-entity-nme-drug-and-new-biologic-approvals,Compilation of CDER New Molecular Entity (NME) Drug and New Biologic Approvals | FDA,Partially supported,"Page confirms source identity; the decision-use description is an analyst interpretation, not a source statement.",,2026-07-29 (America/New_York)
ema-medicines,Market/application source,Publication intelligence / source coverage,"EMA Medicines Database: European public assessment reports and medicine records with indications, approval status, and regulatory history. Why it matters: Adds European modality and regulatory signals to U.S.-centric approval data.",https://www.ema.europa.eu/en/medicines,Medicines | European Medicines Agency (EMA),Partially supported,"Page confirms source identity; the decision-use description is an analyst interpretation, not a source statement.",,2026-07-29 (America/New_York)
fda-decrs,Market/application source,Publication intelligence / source coverage,"FDA Drug Establishments Current Registration Site: Daily publication of currently registered establishments that manufacture, prepare, compound, or process drugs for the U.S. market. Why it matters: Provides a measurable view of the regulated manufacturing base that CDMO application demand serves.",https://www.fda.gov/drugs/drug-approvals-and-databases/drug-establishments-current-registration-site-decrs,Drug Establishments Current Registration Site (DECRS) | FDA,Partially supported,"Page confirms source identity; the decision-use description is an analyst interpretation, not a source statement.",,2026-07-29 (America/New_York)
fda-dmf-list,Market/application source,Publication intelligence / source coverage,"FDA Drug Master File List: Quarterly list of drug master files with holder, subject, type, and activity status. Why it matters: Shows where outsourced development and manufacturing complexity is accumulating.",https://www.fda.gov/drugs/drug-master-files-dmfs/list-drug-master-files-dmfs,List of Drug Master Files (DMFs) | FDA,Partially supported,"Page confirms source identity; the decision-use description is an analyst interpretation, not a source statement.",,2026-07-29 (America/New_York)
fda-drug-shortages,Market/application source,Publication intelligence / source coverage,FDA Drug Shortages: Current and resolved drug-shortage information maintained by FDA. Why it matters: Adds operational pressure signals that approval and publication databases do not capture.,https://www.fda.gov/drugs/drug-safety-and-availability/drug-shortages,Drug Shortages | FDA,Partially supported,"Page confirms source identity; the decision-use description is an analyst interpretation, not a source statement.",,2026-07-29 (America/New_York)
fda-510k,Market/application source,Publication intelligence / source coverage,"FDA 510(k) Database: Weekly searchable and downloadable premarket-notification records with device name, applicant, product code, decision date, and summaries. Why it matters: Indicates which clinical workflows are moving into regulated commercial use.",https://www.fda.gov/medical-devices/510k-clearances/search-releasable-510k-database,Search the Releasable 510(k) Database | FDA,Partially supported,"Page confirms source identity; the decision-use description is an analyst interpretation, not a source statement.",,2026-07-29 (America/New_York)
cdc-nhanes-lab-data,Market/application source,Publication intelligence / source coverage,"CDC NHANES Laboratory Data and Methods: Laboratory datasets, method documents, and procedures for blood, urine, and other specimen measurements in the U.S. population. Why it matters: Connects clinical and public-health priorities to exact laboratory methods and matrices.",https://wwwn.cdc.gov/nchs/nhanes/search/DataPage.aspx?Component=Laboratory&Cycle=2021-2023,August 2021-August 2023 Laboratory Data - Continuous NHANES,Partially supported,"Page confirms source identity; the decision-use description is an analyst interpretation, not a source statement.",,2026-07-29 (America/New_York)
fda-device-databases,Market/application source,Publication intelligence / source coverage,"FDA Medical Device Databases: Directory of FDA device datasets including 510(k), PMA, De Novo, registration, listings, recalls, and adverse-event records. Why it matters: Adds commercial and post-market context around clinical application adoption.",https://www.fda.gov/medical-devices/device-advice-comprehensive-regulatory-assistance/medical-device-databases,Medical Device Databases | FDA,Partially supported,"Page confirms source identity; the decision-use description is an analyst interpretation, not a source statement.",,2026-07-29 (America/New_York)
nih-reporter-api,Market/application source,Publication intelligence / source coverage,"NIH RePORTER API: Programmatic access to funded projects, abstracts, organizations, investigators, awards, and publications from NIH and partner agencies. Why it matters: Funding precedes publications and instrument purchases, making it an earlier demand indicator.",https://api.reporter.nih.gov/,NIH RePORTER API,Partially supported,"Page confirms source identity; the decision-use description is an analyst interpretation, not a source statement.",,2026-07-29 (America/New_York)
nsf-award-search,Market/application source,Publication intelligence / source coverage,NSF Award Search: Searchable and exportable database of NSF-funded projects since 1989. Why it matters: Captures non-biomedical research and instrumentation funding missed by PubMed and NIH-only monitoring.,https://www.nsf.gov/funding/award-search,Award Search Overview - Funding at NSF | NSF - U.S. National Science Foundation,Partially supported,"Page confirms source identity; the decision-use description is an analyst interpretation, not a source statement.",,2026-07-29 (America/New_York)
cordis-projects,Market/application source,Publication intelligence / source coverage,"CORDIS Projects and Results: European Commission repository of funded project factsheets, participants, reports, deliverables, and open-data downloads. Why it matters: Adds European funding and consortium activity that U.S. databases miss.",https://cordis.europa.eu/projects,Projects &amp; results | CORDIS | European Commission,Partially supported,"Page confirms source identity; the decision-use description is an analyst interpretation, not a source statement.",,2026-07-29 (America/New_York)
sam-contracting,Market/application source,Publication intelligence / source coverage,"SAM.gov Contracting: Central U.S. source for contract opportunities, award records, subcontract reports, and contracting-data downloads. Why it matters: Shows explicit government buying activity rather than scientific interest alone.",https://sam.gov/content/contracting,SAM.gov | Home,Partially supported,"Page confirms source identity; the decision-use description is an analyst interpretation, not a source statement.",,2026-07-29 (America/New_York)
usaspending-data,Market/application source,Publication intelligence / source coverage,"USAspending.gov Data: Official federal award data with agency, recipient, award type, geography, and spending details. Why it matters: Confirms where government budgets are actually being awarded after opportunities are posted.",https://www.usaspending.gov/data,USAspending.gov,Partially supported,"Page confirms source identity; the decision-use description is an analyst interpretation, not a source statement.",,2026-07-29 (America/New_York)
grants-gov-search,Market/application source,Publication intelligence / source coverage,Grants.gov Search: Central search for U.S. federal grant opportunities across agencies. Why it matters: Identifies application demand before projects are awarded and published.,https://www.grants.gov/search-grants,Search Grants | Grants.gov,Partially supported,"Page confirms source identity; the decision-use description is an analyst interpretation, not a source statement.",,2026-07-29 (America/New_York)
ted-procurement,Market/application source,Publication intelligence / source coverage,Tenders Electronic Daily: Official EU public-procurement portal for tender notices and contract awards. Why it matters: Adds non-U.S. public buying activity and named laboratory requirements.,https://ted.europa.eu/en/,,Partially supported,"Page confirms source identity; the decision-use description is an analyst interpretation, not a source statement.",,2026-07-29 (America/New_York)
epa-ucmr5,Market/application source,Publication intelligence / source coverage,"EPA UCMR 5 Data: National occurrence data, analytical methods, minimum reporting levels, and monitoring design for 29 PFAS and lithium. Why it matters: Links PFAS application demand to national testing volume, matrices, methods, and reporting limits.",https://www.epa.gov/dwucmr/fifth-unregulated-contaminant-monitoring-rule,Fifth Unregulated Contaminant Monitoring Rule | US EPA,Partially supported,"Page confirms source identity; the decision-use description is an analyst interpretation, not a source statement.",,2026-07-29 (America/New_York)
epa-sw846,Market/application source,Publication intelligence / source coverage,"EPA SW-846 Compendium: More than 200 sampling and analytical methods, including chromatographic, HPLC, MS, and LC-MS/MS methods such as PFAS Method 8327. Why it matters: Turns regulatory method changes into concrete application, sample-preparation, and performance requirements.",https://www.epa.gov/hw-sw846/sw-846-compendium,The SW-846 Compendium | US EPA,Partially supported,"Page confirms source identity; the decision-use description is an analyst interpretation, not a source statement.",,2026-07-29 (America/New_York)
epa-comptox,Market/application source,Publication intelligence / source coverage,"EPA CompTox Chemicals Dashboard: EPA platform integrating chemistry, toxicity, exposure, bioactivity, and monitoring information for environmental chemicals. Why it matters: Helps identify emerging analytes before they become standardized testing markets.",https://comptox.epa.gov/dashboard/,CompTox Chemicals Dashboard,Partially supported,"Page confirms source identity; the decision-use description is an analyst interpretation, not a source statement.",,2026-07-29 (America/New_York)
usda-pdp,Market/application source,Publication intelligence / source coverage,"USDA Pesticide Data Program: Program data, annual reports, analytical methods, commodity testing history, quality-control procedures, and laboratory SOPs. Why it matters: Connects food-safety trends to actual matrices, residue panels, and laboratory procedures.",https://www.ams.usda.gov/datasets/pdp/pdp-standard-operating-procedures,PDP Standard Operating Procedures | Agricultural Marketing Service,Partially supported,"Page confirms source identity; the decision-use description is an analyst interpretation, not a source statement.",,2026-07-29 (America/New_York)
fda-pam,Market/application source,Publication intelligence / source coverage,"FDA Pesticide Analytical Manual: Official manual covering regulatory operations, multiresidue methods, HPLC, recoveries, and pesticide analytical procedures. Why it matters: Provides exact enforcement-method needs rather than general food-science publication counts.",https://www.fda.gov/food/laboratory-methods-food/pesticide-analytical-manual-volume-i-pam-3rd-edition,Pesticide Analytical Manual Volume I (PAM) 3rd Edition | FDA,Partially supported,"Page confirms source identity; the decision-use description is an analyst interpretation, not a source statement.",,2026-07-29 (America/New_York)
fda-bam,Market/application source,Publication intelligence / source coverage,"FDA Bacteriological Analytical Manual: FDA laboratory procedures for microbiological analysis of foods, beverages, and cosmetics. Why it matters: Adds regulated pathogen and toxin testing demand outside the chemical-residue literature.",https://www.fda.gov/food/laboratory-methods-food/bacteriological-analytical-manual-bam,Bacteriological Analytical Manual (BAM) | FDA,Partially supported,"Page confirms source identity; the decision-use description is an analyst interpretation, not a source statement.",,2026-07-29 (America/New_York)
eu-rasff,Market/application source,Publication intelligence / source coverage,"EU Rapid Alert System for Food and Feed: European rapid-alert information on food and feed safety notifications, hazards, products, and countries. Why it matters: Adds current hazard and enforcement signals that can precede new routine testing workflows.",https://food.ec.europa.eu/food-safety/rasff_en,RASFF - Food Safety - European Commission,Partially supported,"Page confirms source identity; the decision-use description is an analyst interpretation, not a source statement.",,2026-07-29 (America/New_York)
catalog-thermo-news,Source health,All Public Evidence / source catalog,Thermo Fisher investor relations news: health good; status verified.,https://ir.thermofisher.com/investors/news-events/news/default.aspx,"Thermo Fisher Scientific Inc. - Investors - News, Events &amp; Presentations - News",Verified,,,2026-07-29 (America/New_York)
catalog-thermo-ms-products,Source health,All Public Evidence / source catalog,Thermo Fisher mass spectrometry products: health good; status 200.,https://www.thermofisher.com/us/en/home/industrial/mass-spectrometry.html,Mass Spectrometry | Thermo Fisher Scientific - US,Verified,,,2026-07-29 (America/New_York)
catalog-thermo-dionex-ion-chromatography-products,Source health,All Public Evidence / source catalog,Thermo Dionex ion chromatography product monitoring: health good; status monitored.,https://www.thermofisher.com/sitemap-us-en.xml,HTTP 200,Verified,,,2026-07-29 (America/New_York)
catalog-thermo-vanquish-neo-nano-lc-products,Source health,All Public Evidence / source catalog,Thermo Vanquish Neo nano-LC product monitoring: health good; status monitored.,https://www.thermofisher.com/sitemap-us-en.xml,HTTP 200,Verified,,,2026-07-29 (America/New_York)
catalog-thermo-lc-insights,Source health,All Public Evidence / source catalog,Thermo Fisher liquid chromatography insights: health good; status monitored.,https://www.thermofisher.com/blog/analyteguru/liquid-chromatography/feed/,HTTP 200,Verified,,,2026-07-29 (America/New_York)
catalog-thermo-ms-insights,Source health,All Public Evidence / source catalog,Thermo Fisher mass spectrometry insights: health good; status monitored.,https://www.thermofisher.com/blog/analyteguru/mass-spectrometry/feed/,HTTP 200,Verified,,,2026-07-29 (America/New_York)
catalog-thermo-proteomics-insights,Source health,All Public Evidence / source catalog,Thermo Fisher proteomics insights: health good; status monitored.,https://www.thermofisher.com/blog/analyteguru/proteomics/feed/,HTTP 200,Verified,,,2026-07-29 (America/New_York)
catalog-agilent-newsroom,Source health,All Public Evidence / source catalog,Agilent newsroom: health good; status monitored.,https://www.agilent.com/about/newsroom/presrel.html,Access Denied,Contradicted,"The card says health=good/status=monitored, but the audit fetch classified the URL Broken.",Major,2026-07-29 (America/New_York)
catalog-agilent-lcms,Source health,All Public Evidence / source catalog,Agilent product sitemap: health good; status monitored.,https://www.agilent.com/products0.xml,HTTP 200,Verified,,,2026-07-29 (America/New_York)
catalog-shimadzu-news,Source health,All Public Evidence / source catalog,Shimadzu news: health good; status 200.,https://www.shimadzu.com/news/,2026 | SHIMADZU CORPORATION,Verified,,,2026-07-29 (America/New_York)
catalog-shimadzu-lcms,Source health,All Public Evidence / source catalog,Shimadzu LC-MS solutions: health good; status 200.,https://www.shimadzu.com/an/products/liquid-chromatograph-mass-spectrometry/index.html,Advanced LC-MS Solutions | SHIMADZU,Verified,,,2026-07-29 (America/New_York)
catalog-sciex-news,Source health,All Public Evidence / source catalog,SCIEX press releases: health good; status 200.,https://sciex.com/about-us/press-releases,Press Releases,Verified,,,2026-07-29 (America/New_York)
catalog-sciex-products,Source health,All Public Evidence / source catalog,SCIEX mass spectrometers: health good; status 200.,https://sciex.com/products/mass-spectrometers,Liquid Chromatography Mass Spectrometers (LC-MS),Verified,,,2026-07-29 (America/New_York)
catalog-perkinelmer-news,Source health,All Public Evidence / source catalog,PerkinElmer news / corporate announcements: health good; status verified.,https://www.perkinelmer.com/corporate-and-newsroom,Newsroom PerkinElmer,Verified,,,2026-07-29 (America/New_York)
catalog-perkinelmer-lc-products,Source health,All Public Evidence / source catalog,PerkinElmer liquid chromatography products: health good; status 200.,https://www.perkinelmer.com/category/liquid-chromatography,Liquid Chromatography (LC) Systems &amp; HPLC Solutions,Verified,,,2026-07-29 (America/New_York)
catalog-pubmed,Source health,All Public Evidence / source catalog,PubMed E-utilities: health good; status 200.,https://pubmed.ncbi.nlm.nih.gov/,403,Contradicted,"The card says health=good/status=200, but the audit fetch classified the URL Broken.",Major,2026-07-29 (America/New_York)
catalog-sec-search,Source health,All Public Evidence / source catalog,SEC EDGAR search: health blocked; status 403. Search page returned rate-threshold page during audit.,https://www.sec.gov/edgar/search/,SEC.gov | Request Rate Threshold Exceeded,Verified,,,2026-07-29 (America/New_York)
catalog-conferences,Source health,All Public Evidence / source catalog,Waters Next Gen LC conference source map: health manual; status source_map_created.,none,,Unsupported/Hallucinated,"The card cites a local app data file, not a primary source.",Major,2026-07-29 (America/New_York)
catalog-trade-publications,Source health,All Public Evidence / source catalog,"LCGC, BioPharma International, Separation Science, LabRoots, Lab Manager, Pharmaceutical Online, The Analytical Scientist, European Pharmaceutical Review, American Pharmaceutical Review: health manual; status source_map_created. Outlet-level homepage links and PM use cases are mapped. Automated ingestion still requires RSS/search validation and terms/access review.",none,,Unsupported/Hallucinated,"The card cites a local app data file, not a primary source.",Major,2026-07-29 (America/New_York)
catalog-customer-voice,Source health,All Public Evidence / source catalog,"SelectScience, Chromatography Forum, LabWrench, Waters support, Reddit, and public lab communities: health manual; status source_map_created. Public source map and directional signal starter are available. Forum, Reddit, ResearchGate, and LinkedIn ingestion still require approved access, terms review, and careful handling of user-generated content.",none,,Unsupported/Hallucinated,"The card cites a local app data file, not a primary source.",Major,2026-07-29 (America/New_York)
catalog-journal-analytical-chemistry-acs,Source health,All Public Evidence / source catalog,Analytical Chemistry: health good; status monitored.,https://pubs.acs.org/journal/ancham,Just a moment...,Contradicted,"The card says health=good/status=monitored, but the audit fetch classified the URL Broken.",Major,2026-07-29 (America/New_York)
catalog-journal-journal-of-chromatography-a,Source health,All Public Evidence / source catalog,Journal of Chromatography A: health good; status monitored.,https://www.sciencedirect.com/journal/journal-of-chromatography-a,ScienceDirect,Contradicted,"The card says health=good/status=monitored, but the audit fetch classified the URL Broken.",Major,2026-07-29 (America/New_York)
catalog-journal-journal-of-chromatography-b,Source health,All Public Evidence / source catalog,Journal of Chromatography B: health good; status monitored.,https://www.sciencedirect.com/journal/journal-of-chromatography-b,ScienceDirect,Contradicted,"The card says health=good/status=monitored, but the audit fetch classified the URL Broken.",Major,2026-07-29 (America/New_York)
catalog-journal-jasms,Source health,All Public Evidence / source catalog,Journal of the American Society for Mass Spectrometry (JASMS): health good; status monitored.,https://pubs.acs.org/journal/jamsef,Just a moment...,Contradicted,"The card says health=good/status=monitored, but the audit fetch classified the URL Broken.",Major,2026-07-29 (America/New_York)
catalog-journal-analytical-bioanalytical-chemistry,Source health,All Public Evidence / source catalog,Analytical and Bioanalytical Chemistry: health good; status monitored.,https://link.springer.com/journal/216,Home | Analytical and Bioanalytical Chemistry | Springer Nature Link,Verified,,,2026-07-29 (America/New_York)
catalog-journal-journal-pharmaceutical-biomedical-analysis,Source health,All Public Evidence / source catalog,Journal of Pharmaceutical and Biomedical Analysis: health good; status monitored.,https://www.sciencedirect.com/journal/journal-of-pharmaceutical-and-biomedical-analysis,ScienceDirect,Contradicted,"The card says health=good/status=monitored, but the audit fetch classified the URL Broken.",Major,2026-07-29 (America/New_York)
catalog-journal-talanta,Source health,All Public Evidence / source catalog,Talanta: health good; status monitored.,https://www.sciencedirect.com/journal/talanta,ScienceDirect,Contradicted,"The card says health=good/status=monitored, but the audit fetch classified the URL Broken.",Major,2026-07-29 (America/New_York)
catalog-conference-asms-2026,Source health,All Public Evidence / source catalog,ASMS 2026 (American Society for Mass Spectrometry Annual Conference): health good; status monitored.,https://www.asms.org/conferences/annual-conference,Annual Conference Homepage,Verified,,,2026-07-29 (America/New_York)
catalog-conference-hplc-2026,Source health,All Public Evidence / source catalog,HPLC 2026 (International Symposium on High Performance Liquid Phase Separations and Related Techniques): health good; status monitored.,https://hplc2026-symposium.org/,"HPLC 2026 | Indianapolis, Indiana, USA",Verified,,,2026-07-29 (America/New_York)
catalog-conference-imsc-2026,Source health,All Public Evidence / source catalog,IMSC 2026 (International Mass Spectrometry Conference): health good; status monitored.,https://www.imss.nl/,International Mass Spectrometry Foundation,Verified,,,2026-07-29 (America/New_York)
catalog-conference-msacl-2026,Source health,All Public Evidence / source catalog,MSACL 2026 (Mass Spectrometry & Advances in the Clinical Lab): health good; status monitored.,https://www.msacl.org/,MSACL - Mass Spectrometry & Advances in the Clinical Lab,Verified,,,2026-07-29 (America/New_York)
catalog-conference-ebf-open-symposium-2026,Source health,All Public Evidence / source catalog,19th European Bioanalysis Forum Open Symposium: health good; status monitored.,https://meetings.e-b-f.eu/open/,OPEN - EBF,Verified,,,2026-07-29 (America/New_York)
catalog-usp-621-chromatography,Source health,All Public Evidence / source catalog,USP <621> Chromatography: health good; status 200.,https://doi.usp.org/USPNF/USPNF_M99380_06_01.html,〈621〉 Chromatography,Verified,,,2026-07-29 (America/New_York)
catalog-usp-1058-instrument-qualification,Source health,All Public Evidence / source catalog,USP <1058> Analytical Instrument Qualification: health good; status 200.,https://doi.usp.org/USPNF/USPNF_M1124_01_01.html,〈1058〉 Analytical Instrument Qualification,Verified,,,2026-07-29 (America/New_York)
catalog-usp-232-233-elemental-impurities,Source health,All Public Evidence / source catalog,USP <232>/<233> Elemental Impurities: health review; status 403. Official source returned HTTP 403; retain for manual review.,https://www.usp.org/impurities/elemental-impurities-updates,Access Denied,Verified,,,2026-07-29 (America/New_York)
catalog-ich-q2-r2,Source health,All Public Evidence / source catalog,ICH Q2(R2) Validation of Analytical Procedures: health good; status 200.,https://database.ich.org/sites/default/files/ICH_Q2%28R2%29_Guideline_2023_1130.pdf,HTTP 200,Verified,,,2026-07-29 (America/New_York)
catalog-ich-q14,Source health,All Public Evidence / source catalog,ICH Q14 Analytical Procedure Development: health good; status 200.,https://database.ich.org/sites/default/files/ICH_Q14_Guideline_2023_1116.pdf,HTTP 200,Verified,,,2026-07-29 (America/New_York)
catalog-fda-warning-letters-analytical-findings,Source health,All Public Evidence / source catalog,FDA Warning Letters: health good; status 200.,https://www.fda.gov/inspections-compliance-enforcement-and-criminal-investigations/compliance-actions-and-activities/warning-letters,Warning Letters | FDA,Verified,,,2026-07-29 (America/New_York)
catalog-fda-form-483-observations,Source health,All Public Evidence / source catalog,FDA Form 483 Inspection Observations: health good; status 200.,https://www.fda.gov/inspections-compliance-enforcement-and-criminal-investigations/inspection-references/inspection-observations,Inspection Observations | FDA,Verified,,,2026-07-29 (America/New_York)
decision-1,Decision,Leadership / Product / Product Marketing / PowerPoint,"Decide whether to package a PFAS-ready regulated quantitation workflow. The dataset contains 335 PFAS and environmental-contaminant PubMed records in the last year, a current PFAS serum LC-MS/MS method, and a Shimadzu LCMS-8065XE product record positioned for PFAS and regulated quantitation. One current PFAS method record, the 325-record publication trend, and Shimadzu's PFAS-positioned LCMS-8065XE provide linked scientific and competitive evidence.",https://pubmed.ncbi.nlm.nih.gov/42398371/,403,Partially supported,Forward-looking recommendation is not externally verifiable; its factual basis is mixed. This record also says 335 and 325 PFAS records in the same decision.,Major,2026-07-29 (America/New_York)
decision-2,Decision,Leadership / Product / Product Marketing / PowerPoint,"Decide whether Next Gen LC and Alliance iS need new end-to-end workflow requirements. The dataset shows 1,137 lab-automation and software-workflow publications, Shimadzu's Nexera X4 launch, Thermo Fisher's Vanquish Amplify page update, and SCIEX's software-led novus V55 launch. A 1,099-record workflow trend is corroborated by current official Nexera X4, Vanquish Amplify, and novus V55/SCIEX OS evidence.",https://www.shimadzu.com/news/2026/k8iri3_20_z4uvwt.html,SHIMADZU CORPORATION : Next-Generation Model Offers both Industry-Leading Separation Performance and Ultra-Fast Analysis Release of,Partially supported,"Forward-looking recommendation is not externally verifiable; its factual basis is mixed. This record also says 1,137 and 1,099 automation records in the same decision.",Major,2026-07-29 (America/New_York)
decision-3,Decision,Leadership / Product / Product Marketing / PowerPoint,Decide whether Next Gen LC needs an oligonucleotide method-readiness package. The dataset contains 659 oligonucleotide and nucleic-acid publications in the last year and an official Agilent-NATi partnership focused on lipid-conjugated oligonucleotide research. The 639-record oligonucleotide publication trend is corroborated by Agilent's dated NATi partnership and a public nucleic-acid automation partnership already tracked in the dataset.,https://pubmed.ncbi.nlm.nih.gov/,403,Partially supported,Forward-looking recommendation is not externally verifiable; its factual basis is mixed. This record also says 659 and 639 oligonucleotide records in the same decision.,Major,2026-07-29 (America/New_York)
runtime-thermo-news,Source health,All role views / refresh and source-health evidence,Thermo Fisher Investor relations news: HTTP 403; status check_needed; title Just a moment....,https://ir.thermofisher.com/investors/news-events/news/default.aspx,"Thermo Fisher Scientific Inc. - Investors - News, Events &amp; Presentations - News",Contradicted,Stored HTTP/status fields disagree with each other or with the audit fetch (OK).,Major,2026-07-29 (America/New_York)
runtime-thermo-ms-products,Source health,All role views / refresh and source-health evidence,Thermo Fisher Product pages: HTTP 200; status live; title Mass Spectrometry | Thermo Fisher Scientific - US.,https://www.thermofisher.com/us/en/home/industrial/mass-spectrometry.html,Mass Spectrometry | Thermo Fisher Scientific - US,Verified,,,2026-07-29 (America/New_York)
runtime-thermo-lc-insights,Source health,All role views / refresh and source-health evidence,Thermo Fisher Official technical RSS: HTTP 200; status live; title .,https://www.thermofisher.com/blog/analyteguru/liquid-chromatography/feed/,HTTP 200,Verified,,,2026-07-29 (America/New_York)
runtime-thermo-ms-insights,Source health,All role views / refresh and source-health evidence,Thermo Fisher Official technical RSS: HTTP 200; status live; title .,https://www.thermofisher.com/blog/analyteguru/mass-spectrometry/feed/,HTTP 200,Verified,,,2026-07-29 (America/New_York)
runtime-thermo-proteomics-insights,Source health,All role views / refresh and source-health evidence,Thermo Fisher Official technical RSS: HTTP 200; status live; title .,https://www.thermofisher.com/blog/analyteguru/proteomics/feed/,HTTP 200,Verified,,,2026-07-29 (America/New_York)
runtime-agilent-news,Source health,All role views / refresh and source-health evidence,Agilent Press releases: HTTP 403; status live; title Access Denied.,https://www.agilent.com/about/newsroom/presrel.html,Access Denied,Contradicted,Stored HTTP/status fields disagree with each other or with the audit fetch (Broken).,Major,2026-07-29 (America/New_York)
runtime-agilent-lcms,Source health,All role views / refresh and source-health evidence,Agilent Product pages: HTTP 200; status live; title .,https://www.agilent.com/products0.xml,HTTP 200,Verified,,,2026-07-29 (America/New_York)
runtime-shimadzu-news,Source health,All role views / refresh and source-health evidence,Shimadzu Press releases: HTTP 200; status live; title 2026 | SHIMADZU CORPORATION.,https://www.shimadzu.com/news/,2026 | SHIMADZU CORPORATION,Verified,,,2026-07-29 (America/New_York)
runtime-shimadzu-lcms,Source health,All role views / refresh and source-health evidence,Shimadzu Product pages: HTTP 200; status live; title Advanced LC-MS Solutions | SHIMADZU.,https://www.shimadzu.com/an/products/liquid-chromatograph-mass-spectrometry/index.html,Advanced LC-MS Solutions | SHIMADZU,Verified,,,2026-07-29 (America/New_York)
runtime-sciex-news,Source health,All role views / refresh and source-health evidence,SCIEX Press releases: HTTP 200; status live; title Press Releases.,https://sciex.com/about-us/press-releases,Press Releases,Verified,,,2026-07-29 (America/New_York)
runtime-sciex-products,Source health,All role views / refresh and source-health evidence,SCIEX Product pages: HTTP 200; status live; title Liquid Chromatography Mass Spectrometers (LC-MS).,https://sciex.com/products/mass-spectrometers,Liquid Chromatography Mass Spectrometers (LC-MS),Verified,,,2026-07-29 (America/New_York)
runtime-perkinelmer-lc-products,Source health,All role views / refresh and source-health evidence,PerkinElmer Product pages: HTTP 200; status live; title Liquid Chromatography (LC) Systems & HPLC Solutions.,https://www.perkinelmer.com/category/liquid-chromatography,Liquid Chromatography (LC) Systems &amp; HPLC Solutions,Verified,,,2026-07-29 (America/New_York)
runtime-pubmed,Source health,All role views / refresh and source-health evidence,All Scientific publications: HTTP 200; status live; title PubMed Twitter Facebook LinkedIn GitHub Twitter SM-Facebook SM-Youtube.,https://pubmed.ncbi.nlm.nih.gov/,403,Contradicted,Stored HTTP/status fields disagree with each other or with the audit fetch (Broken).,Major,2026-07-29 (America/New_York)
runtime-sec,Source health,All role views / refresh and source-health evidence,Public-company parents Investor relations / SEC filings: HTTP 200; status live; title SEC.gov | EDGAR Full Text Search.,https://www.sec.gov/edgar/search/,SEC.gov | Request Rate Threshold Exceeded,Contradicted,Stored HTTP/status fields disagree with each other or with the audit fetch (Broken).,Major,2026-07-29 (America/New_York)
