claim_family,claim_id,on_screen_text,source_url,verbatim_supporting_quote_max_15_words,verdict,discrepancy,severity,surface
Signal / filing / customer-voice registry,pubmed-42538613,Predicting Poor Efficacy of Cabozantinib in Advanced Renal Cell Carcinoma by Exploratory Metabolic Pathway Analysis and In Vitro Verification,https://pubmed.ncbi.nlm.nih.gov/42538613/,,Unreachable,Strict link result: strict access failure.,,All role views
Signal / filing / customer-voice registry,trend-lnp-rna,LNP and RNA therapeutics workflows shows 927 PubMed records in the last year,https://eutils.ncbi.nlm.nih.gov/entrez/eutils/esearch.fcgi?db=pubmed&term=%28%28%22lipid+nanoparticle%22+OR+LNP+OR+%22RNA+therapeutics%22+OR+mRNA%29+AND+%28%22LC-MS%22+OR+chromatography+OR+%22mass+spectrometry%22%29%29+AND+%28%222025%2F08%2F01%22%5BDate+-+Publication%5D+%3A+%222026%2F08%2F01%22%5BDate+-+Publication%5D%29&retmode=json&retmax=0,<Count>928</Count>,Partially supported,Stored 927; fresh exact-query result 928.,Major,All role views; Leadership brief
Signal / filing / customer-voice registry,trend-oligos,Oligonucleotide and nucleic-acid analytics shows 665 PubMed records in the last year,https://eutils.ncbi.nlm.nih.gov/entrez/eutils/esearch.fcgi?db=pubmed&term=%28%28oligonucleotide+OR+%22nucleic+acid%22+OR+siRNA%29+AND+%28%22LC-MS%22+OR+chromatography+OR+%22mass+spectrometry%22%29%29+AND+%28%222025%2F08%2F01%22%5BDate+-+Publication%5D+%3A+%222026%2F08%2F01%22%5BDate+-+Publication%5D%29&retmode=json&retmax=0,<Count>668</Count>,Partially supported,Stored 665; fresh exact-query result 668.,Major,All role views; Leadership brief
Signal / filing / customer-voice registry,trend-pfas,PFAS and environmental contaminant testing shows 334 PubMed records in the last year,https://eutils.ncbi.nlm.nih.gov/entrez/eutils/esearch.fcgi?db=pubmed&term=%28%28PFAS+OR+%22per-+and+polyfluoroalkyl%22%29+AND+%28%22LC-MS%22+OR+%22LC-MS%2FMS%22+OR+chromatography%29%29+AND+%28%222025%2F08%2F01%22%5BDate+-+Publication%5D+%3A+%222026%2F08%2F01%22%5BDate+-+Publication%5D%29&retmode=json&retmax=0,<Count>335</Count>,Partially supported,Stored 334; fresh exact-query result 335.,Major,All role views; Leadership brief
Signal / filing / customer-voice registry,trend-proteomics,High-resolution proteomics and metabolomics shows 9895 PubMed records in the last year,https://eutils.ncbi.nlm.nih.gov/entrez/eutils/esearch.fcgi?db=pubmed&term=%28%28proteomics+OR+metabolomics%29+AND+%28%22LC-MS%22+OR+Orbitrap+OR+%22mass+spectrometry%22%29%29+AND+%28%222025%2F08%2F01%22%5BDate+-+Publication%5D+%3A+%222026%2F08%2F01%22%5BDate+-+Publication%5D%29&retmode=json&retmax=0,<Count>9918</Count>,Partially supported,Stored 9895; fresh exact-query result 9918.,Major,All role views; Leadership brief
Signal / filing / customer-voice registry,trend-automation,Lab automation and software-enabled workflows shows 1145 PubMed records in the last year,https://eutils.ncbi.nlm.nih.gov/entrez/eutils/esearch.fcgi?db=pubmed&term=%28%28%22laboratory+automation%22+OR+%22workflow+software%22+OR+%22AI%22%29+AND+%28%22LC-MS%22+OR+chromatography+OR+%22mass+spectrometry%22%29%29+AND+%28%222025%2F08%2F01%22%5BDate+-+Publication%5D+%3A+%222026%2F08%2F01%22%5BDate+-+Publication%5D%29&retmode=json&retmax=0,<Count>1147</Count>,Partially supported,Stored 1145; fresh exact-query result 1147.,Major,All role views; Leadership brief
Signal / filing / customer-voice registry,shimadzu-monitor-press-release-86785e458896,Team Representing Japan Wins at the World Deaf Team Tennis Championships Komokata of the SHIMADZU Breakers Excels as Team Ace,https://www.shimadzu.com/news/2026/xsmnp89535xpnhd1.html,SHIMADZU CORPORATION : Team Representing Japan Wins at the World Deaf Team Tennis Championships Komokata,Verified,,,All role views / evidence export
Signal / filing / customer-voice registry,sec-thermo-0000097745-26-000144,THERMO FISHER SCIENTIFIC INC. filed 10-Q,https://www.sec.gov/Archives/edgar/data/97745/000009774526000144/tmo-20260627.htm,,Unreachable,SEC filing could not be fetched for direct confirmation.,,Competitor Intent / SEC signals
Signal / filing / customer-voice registry,pubmed-42021604,Oxygen Attachment Dissociation of Protonated Reserpine and Its Analogs,https://pubmed.ncbi.nlm.nih.gov/42021604/,,Unreachable,Strict link result: strict access failure.,,All role views
Signal / filing / customer-voice registry,agilent-monitor-press-release-623e580388b3,"Agilent Research Catalyst Award Presented to Eastern Institute of Technology, Ningbo",https://www.agilent.com/about/newsroom/presrel/2026/29jul-ca26028.html,,Unreachable,Strict link result: HTTP response contains an access-control or bot-challenge page.,,All role views
Signal / filing / customer-voice registry,agilent-monitor-press-release-d6158395d694,Agilent to Announce Third-Quarter Fiscal Year 2026 Financial Results on Aug. 26,https://www.agilent.com/about/newsroom/presrel/2026/28jul-gp26015.html,,Unreachable,Strict link result: login/access or redirect wall.,,All role views
Signal / filing / customer-voice registry,sciex-monitor-product-page-added-62bb59b3169d,SCIEX official product page observed,https://sciex.com/products/mass-spectrometers/qtof-systems,QTOF Systems,Verified,Page presence is supported; the legacy claim ID still misleadingly says 'added'.,,All role views / evidence export
Signal / filing / customer-voice registry,sciex-monitor-product-page-added-5ddf8bde9f75,SCIEX official product page observed,https://sciex.com/products/mass-spectrometers/qtof-systems/x-series-qtof-systems,X-Series QTOF Systems,Verified,Page presence is supported; the legacy claim ID still misleadingly says 'added'.,,All role views / evidence export
Signal / filing / customer-voice registry,sciex-monitor-product-page-added-cae81400b14f,SCIEX official product page observed,https://sciex.com/products/mass-spectrometers/qtof-systems/x-series-qtof-systems/x500r-qtof-system,X500R QTOF System,Verified,Page presence is supported; the legacy claim ID still misleadingly says 'added'.,,All role views / evidence export
Signal / filing / customer-voice registry,sciex-monitor-product-page-added-fee1e23a2e50,SCIEX official product page observed,https://sciex.com/products/mass-spectrometers/qtof-systems/x-series-qtof-systems/x500b-qtof-system,X500B: A Quadrupole Time-of-Flight Mass Spec for Biologics,Verified,Page presence is supported; the legacy claim ID still misleadingly says 'added'.,,All role views / evidence export
Signal / filing / customer-voice registry,sciex-monitor-product-page-added-777d02ea1b1c,SCIEX official product page observed,https://sciex.com/products/mass-spectrometers/qtof-systems/tripletof-systems,QTOF Systems,Verified,Page presence is supported; the legacy claim ID still misleadingly says 'added'.,,All role views / evidence export
Signal / filing / customer-voice registry,sciex-monitor-product-page-added-f5464f0d2efc,SCIEX official product page observed,https://sciex.com/products/mass-spectrometers/qtof-systems/tripletof-systems/tripletof-6600-system,ZenoTOF 7600 system,Verified,Page presence is supported; the legacy claim ID still misleadingly says 'added'.,,All role views / evidence export
Signal / filing / customer-voice registry,sciex-monitor-product-page-added-19681c49754f,SCIEX official product page observed,https://sciex.com/products/mass-spectrometers/qtof-systems/tripletof-systems/tripletof-6600plus-system,QTOF Systems,Verified,Page presence is supported; the legacy claim ID still misleadingly says 'added'.,,All role views / evidence export
Signal / filing / customer-voice registry,sciex-monitor-product-page-added-965cea28d0ce,SCIEX official product page observed,https://sciex.com/products/mass-spectrometers/qtof-systems/zenotof-7600-system,ZenoTOF 7600 system,Verified,Page presence is supported; the legacy claim ID still misleadingly says 'added'.,,All role views / evidence export
Signal / filing / customer-voice registry,sciex-monitor-product-page-added-23b18ccf1b09,SCIEX official product page observed,https://sciex.com/products/mass-spectrometers/qtof-systems/7600-plus-system,ZenoTOF 7600+ system,Verified,Page presence is supported; the legacy claim ID still misleadingly says 'added'.,,All role views / evidence export
Signal / filing / customer-voice registry,sciex-monitor-product-page-added-d90b109b1581,SCIEX official product page observed,https://sciex.com/products/mass-spectrometers/qtof-systems/8600-system,ZenoTOF 8600 system | QTOF mass spectrometry for confident workflows,Verified,Page presence is supported; the legacy claim ID still misleadingly says 'added'.,,All role views / evidence export
Signal / filing / customer-voice registry,sciex-monitor-product-page-added-5df2f0f91e55,SCIEX official product page observed,https://sciex.com/products/mass-spectrometers/qtrap-systems,QTRAP LC-MS/MS Systems,Verified,Page presence is supported; the legacy claim ID still misleadingly says 'added'.,,All role views / evidence export
Signal / filing / customer-voice registry,sciex-monitor-product-page-added-2c770db764c7,SCIEX official product page observed,https://sciex.com/products/mass-spectrometers/qtrap-systems/qtrap-6500plus-system,QTRAP 6500plus System,Verified,Page presence is supported; the legacy claim ID still misleadingly says 'added'.,,All role views / evidence export
Signal / filing / customer-voice registry,sciex-monitor-product-page-added-0d05594c2b18,SCIEX official product page observed,https://sciex.com/products/mass-spectrometers/qtrap-systems/qtrap-6500-system,QTRAP 6500 LC-MS/MS Systems,Verified,Page presence is supported; the legacy claim ID still misleadingly says 'added'.,,All role views / evidence export
Signal / filing / customer-voice registry,sciex-monitor-product-page-added-b6feafec1bee,SCIEX official product page observed,https://sciex.com/products/mass-spectrometers/qtrap-systems/qtrap-5500-system,QTRAP 5500 System,Verified,Page presence is supported; the legacy claim ID still misleadingly says 'added'.,,All role views / evidence export
Signal / filing / customer-voice registry,sciex-monitor-product-page-added-c4440faa7a3c,SCIEX official product page observed,https://sciex.com/products/mass-spectrometers/qtrap-systems/qtrap-4500-system,QTRAP 4500 LC-MS/MS System,Verified,Page presence is supported; the legacy claim ID still misleadingly says 'added'.,,All role views / evidence export
Signal / filing / customer-voice registry,sciex-monitor-product-page-added-91a12f854736,SCIEX official product page observed,https://sciex.com/products/mass-spectrometers/qtrap-systems/qtrap-4000-system,4000 QTRAP LC-MS/MS System,Verified,Page presence is supported; the legacy claim ID still misleadingly says 'added'.,,All role views / evidence export
Signal / filing / customer-voice registry,sciex-monitor-product-page-added-9921c26421cd,SCIEX official product page observed,https://sciex.com/products/mass-spectrometers/qtrap-systems/qtrap-3200-system,3200 QTRAP LC-MS/MS System,Verified,Page presence is supported; the legacy claim ID still misleadingly says 'added'.,,All role views / evidence export
Signal / filing / customer-voice registry,sciex-monitor-product-page-added-57935b1aa90e,SCIEX official product page observed,https://sciex.com/products/mass-spectrometers/triple-quad-systems,Triple Quad™ LC-MS/MS Systems,Verified,Page presence is supported; the legacy claim ID still misleadingly says 'added'.,,All role views / evidence export
Signal / filing / customer-voice registry,sciex-monitor-product-page-added-7b6b3eb96e94,SCIEX official product page observed,https://sciex.com/products/mass-spectrometers/triple-quad-systems/triple-quad-6500plus-system,Triple Quad 6500+ System,Verified,Page presence is supported; the legacy claim ID still misleadingly says 'added'.,,All role views / evidence export
Signal / filing / customer-voice registry,sciex-monitor-product-page-added-67f68e7bd394,SCIEX official product page observed,https://sciex.com/products/mass-spectrometers/triple-quad-systems/triple-quad-5500-system,Triple Quad 5500 System,Verified,Page presence is supported; the legacy claim ID still misleadingly says 'added'.,,All role views / evidence export
Signal / filing / customer-voice registry,sciex-monitor-product-page-added-0ee05b43b5b0,SCIEX official product page observed,https://sciex.com/products/mass-spectrometers/triple-quad-systems/triple-quad-4500-system,Triple Quad 4500 System,Verified,Page presence is supported; the legacy claim ID still misleadingly says 'added'.,,All role views / evidence export
Signal / filing / customer-voice registry,sciex-monitor-product-page-added-2d23d2b57780,SCIEX official product page observed,https://sciex.com/products/mass-spectrometers/triple-quad-systems/triple-quad-3500-system,Triple Quad 3500 System,Verified,Page presence is supported; the legacy claim ID still misleadingly says 'added'.,,All role views / evidence export
Signal / filing / customer-voice registry,sciex-monitor-product-page-added-05090ccb6d0b,SCIEX official product page observed,https://sciex.com/products/mass-spectrometers/triple-quad-systems/api-3200-system,API 3200 System,Verified,Page presence is supported; the legacy claim ID still misleadingly says 'added'.,,All role views / evidence export
Signal / filing / customer-voice registry,sciex-monitor-product-page-added-38baf1ce585a,SCIEX official product page observed,https://sciex.com/products/mass-spectrometers/triple-quad-systems/triple-quad-6500-system,Triple Quad 6500 System,Verified,Page presence is supported; the legacy claim ID still misleadingly says 'added'.,,All role views / evidence export
Signal / filing / customer-voice registry,sciex-monitor-product-page-added-7446537876dc,SCIEX official product page observed,https://sciex.com/products/mass-spectrometers/triple-quad-systems/api-4000-system,API 4000 System,Verified,Page presence is supported; the legacy claim ID still misleadingly says 'added'.,,All role views / evidence export
Signal / filing / customer-voice registry,sciex-monitor-product-page-added-c01a352e2408,SCIEX official product page observed,https://sciex.com/products/mass-spectrometers/triple-quad-systems/triple-quad-7500-system,Triple Quad 7500 Plus System,Verified,Page presence is supported; the legacy claim ID still misleadingly says 'added'.,,All role views / evidence export
Signal / filing / customer-voice registry,sciex-monitor-product-page-added-b64fb8adbee0,SCIEX official product page observed,https://sciex.com/products/mass-spectrometers/triple-quad-systems/triple-quad-7500-plus-system,Triple Quad 7500 Plus System,Verified,Page presence is supported; the legacy claim ID still misleadingly says 'added'.,,All role views / evidence export
Signal / filing / customer-voice registry,sciex-monitor-product-page-added-b9db12fdd5b3,SCIEX official product page observed,https://sciex.com/products/mass-spectrometers/triple-quad-systems/novus-v55-system,novus V55 system,Verified,Page presence is supported; the legacy claim ID still misleadingly says 'added'.,,All role views / evidence export
Signal / filing / customer-voice registry,sciex-monitor-product-page-added-c1ab57ccce28,SCIEX official product page observed,https://sciex.com/products/mass-spectrometers/triple-quad-systems/triple-quad-5500-plus-system,Triple Quad 5500 Plus System,Verified,Page presence is supported; the legacy claim ID still misleadingly says 'added'.,,All role views / evidence export
Signal / filing / customer-voice registry,sciex-monitor-product-page-added-005d90674d6c,SCIEX official product page observed,https://sciex.com/products/mass-spectrometers/tof-tof-systems,TOF/TOF Systems,Verified,Page presence is supported; the legacy claim ID still misleadingly says 'added'.,,All role views / evidence export
Signal / filing / customer-voice registry,sciex-monitor-product-page-added-96b9477f3118,SCIEX official product page observed,https://sciex.com/products/mass-spectrometers/tof-tof-systems/tof-tof-5800-system,TOF/TOF™ 5800 System,Verified,Page presence is supported; the legacy claim ID still misleadingly says 'added'.,,All role views / evidence export
Signal / filing / customer-voice registry,sciex-monitor-product-page-added-004bc7b2cce0,SCIEX official product page observed,https://sciex.com/products/mass-spectrometers/novus-v55-roi-calculator,novus V55 ROI calculator,Verified,Page presence is supported; the legacy claim ID still misleadingly says 'added'.,,All role views / evidence export
Signal / filing / customer-voice registry,sciex-monitor-product-page-added-9f9cfe4bf69c,SCIEX official product page observed,https://sciex.com/products/hplc-products/microlc-products,Micro-LC Products,Verified,Page presence is supported; the legacy claim ID still misleadingly says 'added'.,,All role views / evidence export
Signal / filing / customer-voice registry,sciex-monitor-product-page-added-d435a9222360,SCIEX official product page observed,https://sciex.com/products/hplc-products/microlc-products/micro-hplc-columns,Micro HPLC Columns,Verified,Page presence is supported; the legacy claim ID still misleadingly says 'added'.,,All role views / evidence export
Signal / filing / customer-voice registry,sciex-monitor-product-page-added-ffaac4b25f20,SCIEX official product page observed,https://sciex.com/products/hplc-products/microlc-products/m5-microlc,M5 MicroLC: See More with Microflow LC-MS,Verified,Page presence is supported; the legacy claim ID still misleadingly says 'added'.,,All role views / evidence export
Signal / filing / customer-voice registry,sciex-monitor-product-page-added-e3df624edd3d,SCIEX official product page observed,https://sciex.com/products/hplc-products/nanolc-products,NanoFlow LC,Verified,Page presence is supported; the legacy claim ID still misleadingly says 'added'.,,All role views / evidence export
Signal / filing / customer-voice registry,sciex-monitor-product-page-added-fc71984d502f,SCIEX official product page observed,https://sciex.com/products/hplc-products/nanolc-products/nanolc-400,NanoLC 400,Verified,Page presence is supported; the legacy claim ID still misleadingly says 'added'.,,All role views / evidence export
Signal / filing / customer-voice registry,sciex-monitor-product-page-added-c75c2bf4ab86,SCIEX official product page observed,https://sciex.com/products/hplc-products/nanolc-products/nano-chiplc-columns,Nano cHiPLC Columns,Verified,Page presence is supported; the legacy claim ID still misleadingly says 'added'.,,All role views / evidence export
Signal / filing / customer-voice registry,sciex-monitor-product-page-added-2b21e0614609,SCIEX official product page observed,https://sciex.com/products/hplc-products/nanolc-products/chiplc-system,cHiPLC System,Verified,Page presence is supported; the legacy claim ID still misleadingly says 'added'.,,All role views / evidence export
Signal / filing / customer-voice registry,sciex-monitor-product-page-added-1037503b160c,SCIEX official product page observed,https://sciex.com/products/hplc-products/nanolc-products/micro-chiplc-columns,Micro cHiPLC Columns,Verified,Page presence is supported; the legacy claim ID still misleadingly says 'added'.,,All role views / evidence export
Signal / filing / customer-voice registry,sciex-monitor-product-page-added-68a1e5a30cad,SCIEX official product page observed,https://sciex.com/products/hplc-products/exionlc-2,ExionLC™ 2.0 System for UHPLC,Verified,Page presence is supported; the legacy claim ID still misleadingly says 'added'.,,All role views / evidence export
Signal / filing / customer-voice registry,sciex-monitor-product-page-added-89c52ec3b161,SCIEX official product page observed,https://sciex.com/products/hplc-products/exionlc-ae,ExionLC AE system for UHPLC,Verified,Page presence is supported; the legacy claim ID still misleadingly says 'added'.,,All role views / evidence export
Signal / filing / customer-voice registry,sciex-monitor-product-page-added-83681a999612,SCIEX official product page observed,https://sciex.com/products/software/analyst-software,Analyst Software,Verified,Page presence is supported; the legacy claim ID still misleadingly says 'added'.,,All role views / evidence export
Signal / filing / customer-voice registry,sciex-monitor-product-page-added-fb0563888cbe,SCIEX official product page observed,https://sciex.com/products/software/analyst-tf-software,Analyst Software,Verified,Page presence is supported; the legacy claim ID still misleadingly says 'added'.,,All role views / evidence export
Signal / filing / customer-voice registry,sciex-monitor-product-page-added-70dda5ee07fb,SCIEX official product page observed,https://sciex.com/products/software/biopharmaview-software,Biologics Explorer Software | SCIEX,Verified,Page presence is supported; the legacy claim ID still misleadingly says 'added'.,,All role views / evidence export
Signal / filing / customer-voice registry,sciex-monitor-product-page-added-9b7e11e08542,SCIEX official product page observed,https://sciex.com/products/software/bio-tool-kit-software,Bio Tool Kit Software,Verified,Page presence is supported; the legacy claim ID still misleadingly says 'added'.,,All role views / evidence export
Signal / filing / customer-voice registry,sciex-monitor-product-page-added-b544ef2aeb29,SCIEX official product page observed,https://sciex.com/products/software/chemoview-software,ChemoView software,Verified,Page presence is supported; the legacy claim ID still misleadingly says 'added'.,,All role views / evidence export
Signal / filing / customer-voice registry,sciex-monitor-product-page-added-c5877dd41fff,SCIEX official product page observed,https://sciex.com/products/software/discoveryquant-software,DiscoveryQuant Software,Verified,Page presence is supported; the legacy claim ID still misleadingly says 'added'.,,All role views / evidence export
Signal / filing / customer-voice registry,sciex-monitor-product-page-added-f976c08f8f82,SCIEX official product page observed,https://sciex.com/products/software/cliquid-software,Cliquid Software,Verified,Page presence is supported; the legacy claim ID still misleadingly says 'added'.,,All role views / evidence export
Signal / filing / customer-voice registry,sciex-monitor-product-page-added-d266fa198594,SCIEX official product page observed,https://sciex.com/products/software/lightsight-software,LightSight software,Verified,Page presence is supported; the legacy claim ID still misleadingly says 'added'.,,All role views / evidence export
Signal / filing / customer-voice registry,sciex-monitor-product-page-added-2e325d6812d6,SCIEX official product page observed,https://sciex.com/products/software/lipidview-software,LipidView software,Verified,Page presence is supported; the legacy claim ID still misleadingly says 'added'.,,All role views / evidence export
Signal / filing / customer-voice registry,sciex-monitor-product-page-added-1f1eaa556ed9,SCIEX official product page observed,https://sciex.com/products/software/markerview-software,MarkerView Software,Verified,Page presence is supported; the legacy claim ID still misleadingly says 'added'.,,All role views / evidence export
Signal / filing / customer-voice registry,sciex-monitor-product-page-added-14e8689b7baa,SCIEX official product page observed,https://sciex.com/products/software/metabolitepilot-software,Molecule Profiler,Verified,Page presence is supported; the legacy claim ID still misleadingly says 'added'.,,All role views / evidence export
Signal / filing / customer-voice registry,sciex-monitor-product-page-added-58ebfdd92d82,SCIEX official product page observed,https://sciex.com/products/software/mpx-software,MPX Software,Verified,Page presence is supported; the legacy claim ID still misleadingly says 'added'.,,All role views / evidence export
Signal / filing / customer-voice registry,sciex-monitor-product-page-added-53f2c9db2fbc,SCIEX official product page observed,https://sciex.com/products/software/multiquant-software,MultiQuant Software,Verified,Page presence is supported; the legacy claim ID still misleadingly says 'added'.,,All role views / evidence export
Signal / filing / customer-voice registry,sciex-monitor-product-page-added-7155c3fe676a,SCIEX official product page observed,https://sciex.com/products/software/peakview-software,PeakView Software,Verified,Page presence is supported; the legacy claim ID still misleadingly says 'added'.,,All role views / evidence export
Signal / filing / customer-voice registry,sciex-monitor-product-page-added-614c4535746c,SCIEX official product page observed,https://sciex.com/products/software/proteinpilot-software,ProteinPilot - Next-Level Quantification &amp;amp; Identification,Verified,Page presence is supported; the legacy claim ID still misleadingly says 'added'.,,All role views / evidence export
Signal / filing / customer-voice registry,sciex-monitor-product-page-added-d1e450e9883c,SCIEX official product page observed,https://sciex.com/products/software/mass-spectrometry-software-solutions,Software,Verified,Page presence is supported; the legacy claim ID still misleadingly says 'added'.,,All role views / evidence export
Signal / filing / customer-voice registry,sciex-monitor-product-page-added-ed7e6810332b,SCIEX official product page observed,https://sciex.com/products/software/oneomics,OneOmics,Verified,Page presence is supported; the legacy claim ID still misleadingly says 'added'.,,All role views / evidence export
Signal / filing / customer-voice registry,sciex-monitor-product-page-added-d0d66fc16203,SCIEX official product page observed,https://sciex.com/products/software/molecule-profiler-software,Molecule Profiler,Verified,Page presence is supported; the legacy claim ID still misleadingly says 'added'.,,All role views / evidence export
Signal / filing / customer-voice registry,sciex-monitor-product-page-added-35f5bb9417b5,SCIEX official product page observed,https://sciex.com/products/software/biologics-explorer-software,Biologics Explorer Software | SCIEX,Verified,Page presence is supported; the legacy claim ID still misleadingly says 'added'.,,All role views / evidence export
Signal / filing / customer-voice registry,sciex-monitor-product-page-added-26b6cc033c60,SCIEX official product page observed,https://sciex.com/products/software/os-software-roi-calculator,OS Software ROI Calculator,Verified,Page presence is supported; the legacy claim ID still misleadingly says 'added'.,,All role views / evidence export
Signal / filing / customer-voice registry,sciex-monitor-product-page-added-5831707253b8,SCIEX official product page observed,https://sciex.com/products/software/artificial-intelligence-quant,AI Quantitation software,Verified,Page presence is supported; the legacy claim ID still misleadingly says 'added'.,,All role views / evidence export
Signal / filing / customer-voice registry,sciex-monitor-product-page-added-1d63d0e8aa50,SCIEX official product page observed,https://sciex.com/products/software/sciex-os-software,SCIEX OS Software,Verified,Page presence is supported; the legacy claim ID still misleadingly says 'added'.,,All role views / evidence export
Signal / filing / customer-voice registry,sciex-monitor-product-page-added-8ddebb67c185,SCIEX official product page observed,https://sciex.com/products/software/sciex-os-software/sciex-os-tips-and-tricks,SCIEX OS tips and tricks,Verified,Page presence is supported; the legacy claim ID still misleadingly says 'added'.,,All role views / evidence export
Signal / filing / customer-voice registry,sciex-monitor-product-page-added-1de2a8b792e4,SCIEX official product page observed,https://sciex.com/products/software/partner-software,Partner Testimonials,Verified,Page presence is supported; the legacy claim ID still misleadingly says 'added'.,,All role views / evidence export
Signal / filing / customer-voice registry,agilent-monitor-press-release-0ccfef63ebc7,"Agilent Receives EU Approval for PD-L1 IHC 22C3 pharmDx in Epithelial Ovarian, Fallopian Tube, or Primary Peritoneal Carcinoma",https://www.agilent.com/about/newsroom/presrel/2026/23jul-ca26027.html,,Unreachable,Strict link result: login/access or redirect wall.,,All role views
Signal / filing / customer-voice registry,thermo-fisher-monitor-press-release-21d47f45d77c,Thermo Fisher Scientific Reports Second Quarter 2026 Results,https://ir.thermofisher.com/investors/news-events/news/news-details/2026/Thermo-Fisher-Scientific-Reports-Second-Quarter-2026-Results/default.aspx,Thermo Fisher Scientific Inc. - Thermo Fisher Scientific Reports Second Quarter 2026 Results,Verified,,,All role views / evidence export
Signal / filing / customer-voice registry,sec-thermo-0000097745-26-000138,THERMO FISHER SCIENTIFIC INC. filed 8-K,https://www.sec.gov/Archives/edgar/data/97745/000009774526000138/tmo-20260723.htm,,Unreachable,SEC filing could not be fetched for direct confirmation.,,Competitor Intent / SEC signals
Signal / filing / customer-voice registry,pubmed-42538907,Harmonized nucleoside mass spectrometry enables reproducible cross-platform RNA modification quantification,https://pubmed.ncbi.nlm.nih.gov/42538907/,,Unreachable,Strict link result: strict access failure.,,All role views
Signal / filing / customer-voice registry,sec-sciex-0000313616-26-000163,Danaher Corporation filed 8-K,https://www.sec.gov/Archives/edgar/data/313616/000031361626000163/dhr-20260721.htm,,Unreachable,SEC filing could not be fetched for direct confirmation.,,Competitor Intent / SEC signals
Signal / filing / customer-voice registry,sec-sciex-0000313616-26-000161,Danaher Corporation filed 10-Q,https://www.sec.gov/Archives/edgar/data/313616/000031361626000161/dhr-20260626.htm,,Unreachable,SEC filing could not be fetched for direct confirmation.,,Competitor Intent / SEC signals
Signal / filing / customer-voice registry,perkinelmer-monitor-press-release-fb37f995366c,"PerkinElmer Publishes 2025 Sustainability Report, Advancing its Commitment to Cleaner Science and a",https://www.perkinelmer.com/corporate-and-newsroom/perkinelmer-publishes-2025-sustainability-report-advancing-its-commitment-cleaner-science-and-more-sustainable-future,"PerkinElmer Publishes 2025 Sustainability Report, Advancing its Commitment to Cleaner Science and a PerkinElmer Sites",Verified,,,All role views / evidence export
Signal / filing / customer-voice registry,shimadzu-monitor-press-release-493d3ae30253,Industry-Leading Detection Performance and Flexibility for Diverse Analytical Needs Shimadzu Releases the GCMS-TQ RX Series Gas Chromatograph-Mass Spectrometer,https://www.shimadzu.com/news/2026/rqlmu84w5ry4eew_.html,SHIMADZU CORPORATION : Industry-Leading Detection Performance and Flexibility for Diverse Analytical Needs Shimadzu Releases the,Verified,,,All role views / evidence export
Signal / filing / customer-voice registry,agilent-monitor-press-release-65b64162af64,"Agilent Receives FDA Approval for PD-L1 IHC 28-8 pharmDx in Esophageal Squamous Cell Carcinoma (ESCC), Gastric, Gastroesophageal Junction (GEJ), and Esophageal Adenocarcinoma",https://www.agilent.com/about/newsroom/presrel/2026/14jul-ca26026.html,,Unreachable,Strict link result: HTTP response contains an access-control or bot-challenge page.,,All role views
Signal / filing / customer-voice registry,perkinelmer-monitor-press-release-304d9154a169,PerkinElmer Partners with eXXpedition to Advance Ocean Science and a More Sustainable Future,https://www.perkinelmer.com/corporate-and-newsroom/perkinelmer-partners-exxpedition-advance-ocean-science-and-more-sustainable-future,PerkinElmer Partners with eXXpedition to Advance Ocean Science and a More Sustainable Future PerkinElmer Partners,Verified,,,All role views / evidence export
Signal / filing / customer-voice registry,thermo-fisher-monitor-technical-insight-1b3f4401f8d2,Moving to Mainstream: Is the World Finally Ready for Low-Flow LC?,https://www.thermofisher.com/blog/analyteguru/moving-to-mainstream-is-the-world-finally-ready-for-low-flow-lc/,Moving to Mainstream: Is the World Finally Ready for Low-Flow LC? - AnalyteGuru,Verified,,,All role views / evidence export
Signal / filing / customer-voice registry,shimadzu-monitor-press-release-32070839129f,Shimadzu Acquires Czech-Based TESCAN as a Wholly Owned Subsidiary Acquisition of Electron Microscopy Business Strengthens End-to-End Solutions in Analytical and Measuring Technologies,https://www.shimadzu.com/news/2026/j97cvpy4m18o8cm3.html,SHIMADZU CORPORATION : Shimadzu Acquires Czech-Based TESCAN as a Wholly Owned Subsidiary Acquisition of Electron,Verified,,,All role views / evidence export
Signal / filing / customer-voice registry,shimadzu-monitor-product-page-added-51e328fafe8f,Shimadzu official product page observed,https://www.shimadzu.com/an/products/liquid-chromatograph-mass-spectrometry/index.html,Advanced LC-MS Solutions | SHIMADZU,Verified,Page presence is supported; the legacy claim ID still misleadingly says 'added'.,,All role views / evidence export
Signal / filing / customer-voice registry,shimadzu-monitor-product-page-added-b53e177446a0,Shimadzu official product page observed,https://www.shimadzu.com/an/products/liquid-chromatograph-mass-spectrometry/lc-ms-system/lcmsms-method-package-for-modified-nucleosides/index.html,LC/MS/MS Method Package for Modified Nucleosides : SHIMADZU (Shimadzu Corporation),Verified,Page presence is supported; the legacy claim ID still misleadingly says 'added'.,,All role views / evidence export
Signal / filing / customer-voice registry,shimadzu-monitor-product-page-added-4cc1776b3539,Shimadzu official product page observed,https://www.shimadzu.com/an/products/liquid-chromatograph-mass-spectrometry/lc-ms-system/lcmsms-method-package-for-short-chain-fatty-acids/index.html,LC/MS/MS Method Package for Short Chain Fatty Acids : SHIMADZU (Shimadzu Corporation),Verified,Page presence is supported; the legacy claim ID still misleadingly says 'added'.,,All role views / evidence export
Signal / filing / customer-voice registry,shimadzu-monitor-product-page-added-ed77455d2ac1,Shimadzu official product page observed,https://www.shimadzu.com/an/products/liquid-chromatograph-mass-spectrometry/lc-ms-system/lcmsms-method-package-for-veterinary-drugs-ver-2/index.html,LC/MS/MS Method Package for Veterinary Drugs Ver. 2 : SHIMADZU (Shimadzu Corporation),Verified,Page presence is supported; the legacy claim ID still misleadingly says 'added'.,,All role views / evidence export
Signal / filing / customer-voice registry,shimadzu-monitor-product-page-added-19235db0163b,Shimadzu official product page observed,https://www.shimadzu.com/an/products/liquid-chromatograph-mass-spectrometry/lc-ms-system/rapid-toxicology-screening-ver2/index.html,DPiMS™-8060 Method Package for Rapid Toxicology Screening Ver.2 : SHIMADZU (Shimadzu Corporation),Verified,Page presence is supported; the legacy claim ID still misleadingly says 'added'.,,All role views / evidence export
Signal / filing / customer-voice registry,shimadzu-monitor-product-page-added-6d08e82a9c74,Shimadzu official product page observed,https://www.shimadzu.com/an/products/liquid-chromatograph-mass-spectrometry/lc-ms-system/metabolites-method-package-suite/index.html,Metabolites Method Package Suite : SHIMADZU (Shimadzu Corporation),Verified,Page presence is supported; the legacy claim ID still misleadingly says 'added'.,,All role views / evidence export
Signal / filing / customer-voice registry,shimadzu-monitor-product-page-added-e771e6a0443c,Shimadzu official product page observed,https://www.shimadzu.com/an/products/liquid-chromatograph-mass-spectrometry/lc-ms-system/lcmsms-method-package-for-mycotoxins/index.html,LC/MS/MS Method Package for Mycotoxins : SHIMADZU (Shimadzu Corporation),Verified,Page presence is supported; the legacy claim ID still misleadingly says 'added'.,,All role views / evidence export
Signal / filing / customer-voice registry,shimadzu-monitor-product-page-added-d8d1881ec362,Shimadzu official product page observed,https://www.shimadzu.com/an/products/liquid-chromatograph-mass-spectrometry/lc-ms-system/lcmsms-method-package-for-restricted-chemicals-in-textiles/index.html,LC/MS/MS Method Package for Restricted Chemicals in Textiles : SHIMADZU (Shimadzu Corporation),Verified,Page presence is supported; the legacy claim ID still misleadingly says 'added'.,,All role views / evidence export
Signal / filing / customer-voice registry,shimadzu-monitor-product-page-added-55b9a0a378b7,Shimadzu official product page observed,https://www.shimadzu.com/an/products/liquid-chromatograph-mass-spectrometry/lc-ms-system/lcmsms-method-package-for-pfas/index.html,LC/MS/MS Method Package for PFAS in Drinking Water : SHIMADZU (Shimadzu Corporation),Verified,Page presence is supported; the legacy claim ID still misleadingly says 'added'.,,All role views / evidence export
Signal / filing / customer-voice registry,shimadzu-monitor-product-page-added-ad97b6fc064e,Shimadzu official product page observed,https://www.shimadzu.com/an/products/liquid-chromatograph-mass-spectrometry/lc-ms-system/lcmsms-method-package-for-aminoglycoside-antibiotics/index.html,LC/MS/MS Method Package for Aminoglycoside Antibiotics : SHIMADZU (Shimadzu Corporation),Verified,Page presence is supported; the legacy claim ID still misleadingly says 'added'.,,All role views / evidence export
Signal / filing / customer-voice registry,shimadzu-monitor-product-page-added-8cfe84e08928,Shimadzu official product page observed,https://www.shimadzu.com/an/products/liquid-chromatograph-mass-spectrometry/lc-ms-system/lcmsms-forensic-toxicology-database/index.html,LC/MS/MS Forensic Toxicology Database : SHIMADZU (Shimadzu Corporation),Verified,Page presence is supported; the legacy claim ID still misleadingly says 'added'.,,All role views / evidence export
Signal / filing / customer-voice registry,shimadzu-monitor-product-page-added-f32f48945731,Shimadzu official product page observed,https://www.shimadzu.com/an/products/liquid-chromatograph-mass-spectrometry/lc-ms-system/lcmsms-method-package-for-water-quality-analysis/index.html,LC/MS/MS Method Package for Water Quality Analysis : SHIMADZU (Shimadzu Corporation),Verified,Page presence is supported; the legacy claim ID still misleadingly says 'added'.,,All role views / evidence export
Signal / filing / customer-voice registry,shimadzu-monitor-product-page-added-32a20a522e57,Shimadzu official product page observed,https://www.shimadzu.com/an/products/liquid-chromatograph-mass-spectrometry/lc-ms-system/erexim-application-suite/index.html,Erexim™ Application Suite : SHIMADZU (Shimadzu Corporation),Verified,Page presence is supported; the legacy claim ID still misleadingly says 'added'.,,All role views / evidence export
Signal / filing / customer-voice registry,shimadzu-monitor-product-page-added-71981cd6d718,Shimadzu official product page observed,https://www.shimadzu.com/an/products/liquid-chromatograph-mass-spectrometry/lc-ms-system/micro-volume-quechers-kit/index.html,Micro Volume QuEChERS Kit : SHIMADZU (Shimadzu Corporation),Verified,Page presence is supported; the legacy claim ID still misleadingly says 'added'.,,All role views / evidence export
Signal / filing / customer-voice registry,shimadzu-monitor-product-page-added-a71525ce933f,Shimadzu official product page observed,https://www.shimadzu.com/an/products/liquid-chromatograph-mass-spectrometry/lc-ms-system/open-solution-analytical/index.html,Open Solution : SHIMADZU (Shimadzu Corporation),Verified,Page presence is supported; the legacy claim ID still misleadingly says 'added'.,,All role views / evidence export
Signal / filing / customer-voice registry,shimadzu-monitor-product-page-added-97e1f78c5889,Shimadzu official product page observed,https://www.shimadzu.com/an/products/liquid-chromatograph-mass-spectrometry/lc-ms-system/mrm-library-for-triglycerides/index.html,LC/MS/MS MRM Library for Triglycerides : SHIMADZU (Shimadzu Corporation),Verified,Page presence is supported; the legacy claim ID still misleadingly says 'added'.,,All role views / evidence export
Signal / filing / customer-voice registry,shimadzu-monitor-product-page-added-2eddf63b2cb1,Shimadzu official product page observed,https://www.shimadzu.com/an/products/liquid-chromatograph-mass-spectrometry/lc-ms-system/trap-free-2d-lcms-system-for-quadrupole-lcms/index.html,Trap-Free 2D LC/MS system for Quadrupole LCMS : SHIMADZU (Shimadzu Corporation),Verified,Page presence is supported; the legacy claim ID still misleadingly says 'added'.,,All role views / evidence export
Signal / filing / customer-voice registry,shimadzu-monitor-product-page-added-5ae5e7c44e17,Shimadzu official product page observed,https://www.shimadzu.com/an/products/liquid-chromatograph-mass-spectrometry/lc-ms-system/lcmsms-method-package-for-dl-amino-acids/index.html,LC/MS/MS Method Package for D/L Amino Acids : SHIMADZU (Shimadzu Corporation),Verified,Page presence is supported; the legacy claim ID still misleadingly says 'added'.,,All role views / evidence export
Signal / filing / customer-voice registry,shimadzu-monitor-product-page-added-518221098746,Shimadzu official product page observed,https://www.shimadzu.com/an/products/liquid-chromatograph-mass-spectrometry/lc-ms-system/nsmol-antibody-ba-kit/index.html,nSMOL Antibody BA Kit : SHIMADZU (Shimadzu Corporation),Verified,Page presence is supported; the legacy claim ID still misleadingly says 'added'.,,All role views / evidence export
Signal / filing / customer-voice registry,shimadzu-monitor-product-page-added-4d056c533455,Shimadzu official product page observed,https://www.shimadzu.com/an/products/liquid-chromatograph-mass-spectrometry/lc-ms-system/exact-mass-database-for-endogenous-metabolites/index.html,Exact Mass Database for Endogenous Metabolites : SHIMADZU (Shimadzu Corporation),Verified,Page presence is supported; the legacy claim ID still misleadingly says 'added'.,,All role views / evidence export
Signal / filing / customer-voice registry,shimadzu-monitor-product-page-added-30aefe6e6f59,Shimadzu official product page observed,https://www.shimadzu.com/an/products/liquid-chromatograph-mass-spectrometry/lc-ms-system/lcmsms-method-package-for-glycosaminoglycans/index.html,LC/MS/MS Method Package for Glycosaminoglycan : SHIMADZU (Shimadzu Corporation),Verified,Page presence is supported; the legacy claim ID still misleadingly says 'added'.,,All role views / evidence export
Signal / filing / customer-voice registry,shimadzu-monitor-product-page-added-6f298dbf5243,Shimadzu official product page observed,https://www.shimadzu.com/an/products/liquid-chromatograph-mass-spectrometry/lc-ms-system/lcmsms-rapid-toxicology-screening-system-ver3/index.html,LC/MS/MS Rapid Toxicology Screening System Ver.3 : SHIMADZU (Shimadzu Corporation),Verified,Page presence is supported; the legacy claim ID still misleadingly says 'added'.,,All role views / evidence export
Signal / filing / customer-voice registry,shimadzu-monitor-product-page-added-2c3957add961,Shimadzu official product page observed,https://www.shimadzu.com/an/products/liquid-chromatograph-mass-spectrometry/lc-ms-system/lcmsms-method-package-for-residual-pesticide-ver-3/index.html,LC/MS/MS Method Package for Residual Pesticide Ver. 3 : SHIMADZU (Shimadzu Corporation),Verified,Page presence is supported; the legacy claim ID still misleadingly says 'added'.,,All role views / evidence export
Signal / filing / customer-voice registry,shimadzu-monitor-product-page-added-f1ef3af5c16d,Shimadzu official product page observed,https://www.shimadzu.com/an/products/liquid-chromatograph-mass-spectrometry/lc-ms-system/index.html,Application Specific LC-MS Systems : SHIMADZU (Shimadzu Corporation),Verified,Page presence is supported; the legacy claim ID still misleadingly says 'added'.,,All role views / evidence export
Signal / filing / customer-voice registry,shimadzu-monitor-product-page-added-2cdb261ff452,Shimadzu official product page observed,https://www.shimadzu.com/an/products/liquid-chromatograph-mass-spectrometry/lc-ms-system/lcmsms-method-package-for-bile-acids/index.html,LC/MS/MS Method Package for Bile Acids : SHIMADZU (Shimadzu Corporation),Verified,Page presence is supported; the legacy claim ID still misleadingly says 'added'.,,All role views / evidence export
Signal / filing / customer-voice registry,shimadzu-monitor-product-page-added-5f968814e4de,Shimadzu official product page observed,https://www.shimadzu.com/an/products/liquid-chromatograph-mass-spectrometry/lc-ms-system/method-package-guidebook/index.html,Method Package Guide : SHIMADZU (Shimadzu Corporation),Verified,Page presence is supported; the legacy claim ID still misleadingly says 'added'.,,All role views / evidence export
Signal / filing / customer-voice registry,shimadzu-monitor-product-page-added-b3201d052f70,Shimadzu official product page observed,https://www.shimadzu.com/an/products/liquid-chromatograph-mass-spectrometry/lc-ms-system/lcmsms-method-package-for-reactive-sulfur-profiling/index.html,LC/MS/MS Method Package for Reactive Sulfur Profiling : SHIMADZU (Shimadzu Corporation),Verified,Page presence is supported; the legacy claim ID still misleadingly says 'added'.,,All role views / evidence export
Signal / filing / customer-voice registry,shimadzu-monitor-product-page-added-75b45379fbb9,Shimadzu official product page observed,https://www.shimadzu.com/an/products/liquid-chromatograph-mass-spectrometry/lc-ms-system/lcmsms-method-package-for-cell-culture-profiling/index.html,LC/MS/MS Method Package for Cell Culture Profiling Ver. 3 : SHIMADZU (Shimadzu Corporation),Verified,Page presence is supported; the legacy claim ID still misleadingly says 'added'.,,All role views / evidence export
Signal / filing / customer-voice registry,shimadzu-monitor-product-page-added-5ee64a49d3c4,Shimadzu official product page observed,https://www.shimadzu.com/an/products/liquid-chromatograph-mass-spectrometry/lc-ms-system/lcmsms-method-package-for-sugars-and-sugar-nucleotides/index.html,LC/MS/MS Method Package for Sugars and Sugar Nucleotides : SHIMADZU (Shimadzu Corporation),Verified,Page presence is supported; the legacy claim ID still misleadingly says 'added'.,,All role views / evidence export
Signal / filing / customer-voice registry,shimadzu-monitor-product-page-added-3f23da6085a1,Shimadzu official product page observed,https://www.shimadzu.com/an/products/liquid-chromatograph-mass-spectrometry/lc-ms-system/oad-tof/index.html,OAD-TOF system : SHIMADZU (Shimadzu Corporation),Verified,Page presence is supported; the legacy claim ID still misleadingly says 'added'.,,All role views / evidence export
Signal / filing / customer-voice registry,shimadzu-monitor-product-page-added-65b767430333,Shimadzu official product page observed,https://www.shimadzu.com/an/products/liquid-chromatograph-mass-spectrometry/lc-ms-system/cell-culture-profiling-method-package-for-the-lcms-2050/index.html,Cell Culture Profiling for LCMS-2050 : SHIMADZU (Shimadzu Corporation),Verified,Page presence is supported; the legacy claim ID still misleadingly says 'added'.,,All role views / evidence export
Signal / filing / customer-voice registry,shimadzu-monitor-product-page-added-3b680e13d8e0,Shimadzu official product page observed,https://www.shimadzu.com/an/products/liquid-chromatograph-mass-spectrometry/quadrupole-time-of-flight-lc-msms/lcms-9030/index.html,LCMS-9030 : SHIMADZU (Shimadzu Corporation),Verified,Page presence is supported; the legacy claim ID still misleadingly says 'added'.,,All role views / evidence export
Signal / filing / customer-voice registry,shimadzu-monitor-product-page-added-71203bceb4b8,Shimadzu official product page observed,https://www.shimadzu.com/an/products/liquid-chromatograph-mass-spectrometry/quadrupole-time-of-flight-lc-msms/index.html,Quadrupole Time-of-Flight LC-MS/MS : SHIMADZU (Shimadzu Corporation),Verified,Page presence is supported; the legacy claim ID still misleadingly says 'added'.,,All role views / evidence export
Signal / filing / customer-voice registry,shimadzu-monitor-product-page-added-f4b32a819b9f,Shimadzu official product page observed,https://www.shimadzu.com/an/products/liquid-chromatograph-mass-spectrometry/quadrupole-time-of-flight-lc-msms/lcms-9050/index.html,LCMS-9050 : SHIMADZU (Shimadzu Corporation),Verified,Page presence is supported; the legacy claim ID still misleadingly says 'added'.,,All role views / evidence export
Signal / filing / customer-voice registry,shimadzu-monitor-product-page-added-68e15dc04d80,Shimadzu official product page observed,https://www.shimadzu.com/an/products/liquid-chromatograph-mass-spectrometry/single-quadrupole-lc-ms/index.html,Single Quadrupole LC-MS : SHIMADZU (Shimadzu Corporation),Verified,Page presence is supported; the legacy claim ID still misleadingly says 'added'.,,All role views / evidence export
Signal / filing / customer-voice registry,shimadzu-monitor-product-page-added-238cd9c2ee9a,Shimadzu official product page observed,https://www.shimadzu.com/an/products/liquid-chromatograph-mass-spectrometry/single-quadrupole-lc-ms/lcms-2050/index.html,LCMS-2050 : SHIMADZU (Shimadzu Corporation),Verified,Page presence is supported; the legacy claim ID still misleadingly says 'added'.,,All role views / evidence export
Signal / filing / customer-voice registry,shimadzu-monitor-product-page-added-f766d5ee41ff,Shimadzu official product page observed,https://www.shimadzu.com/an/products/liquid-chromatograph-mass-spectrometry/lc-ms-option/dpims-8060/index.html,DPiMS-8060 : SHIMADZU (Shimadzu Corporation),Verified,Page presence is supported; the legacy claim ID still misleadingly says 'added'.,,All role views / evidence export
Signal / filing / customer-voice registry,shimadzu-monitor-product-page-added-4f8bd0696daf,Shimadzu official product page observed,https://www.shimadzu.com/an/products/liquid-chromatograph-mass-spectrometry/lc-ms-option/dpims-qt/index.html,DPiMS™ QT : SHIMADZU (Shimadzu Corporation),Verified,Page presence is supported; the legacy claim ID still misleadingly says 'added'.,,All role views / evidence export
Signal / filing / customer-voice registry,shimadzu-monitor-product-page-added-5d7447c87266,Shimadzu official product page observed,https://www.shimadzu.com/an/products/liquid-chromatograph-mass-spectrometry/lc-ms-option/index.html,LC-MS Components &amp; Accessories : SHIMADZU (Shimadzu Corporation),Verified,Page presence is supported; the legacy claim ID still misleadingly says 'added'.,,All role views / evidence export
Signal / filing / customer-voice registry,shimadzu-monitor-product-page-added-690b8295c606,Shimadzu official product page observed,https://www.shimadzu.com/an/products/liquid-chromatograph-mass-spectrometry/lc-ms-option/clam-2040/index.html,CLAM-2040 : SHIMADZU (Shimadzu Corporation),Verified,Page presence is supported; the legacy claim ID still misleadingly says 'added'.,,All role views / evidence export
Signal / filing / customer-voice registry,shimadzu-monitor-product-page-added-d01dd10282e0,Shimadzu official product page observed,https://www.shimadzu.com/an/products/liquid-chromatograph-mass-spectrometry/triple-quadrupole-lc-msms/comparison/index.html,Triple Quadrupole LC-MS/MS Comparison : SHIMADZU (Shimadzu Corporation),Verified,Page presence is supported; the legacy claim ID still misleadingly says 'added'.,,All role views / evidence export
Signal / filing / customer-voice registry,shimadzu-monitor-product-page-added-7e6a04bbc9a7,Shimadzu official product page observed,https://www.shimadzu.com/an/products/liquid-chromatograph-mass-spectrometry/triple-quadrupole-lc-msms/index.html,Triple Quadrupole LC-MS/MS : SHIMADZU (Shimadzu Corporation),Verified,Page presence is supported; the legacy claim ID still misleadingly says 'added'.,,All role views / evidence export
Signal / filing / customer-voice registry,shimadzu-monitor-product-page-added-9a63fcc27f4f,Shimadzu official product page observed,https://www.shimadzu.com/an/products/liquid-chromatograph-mass-spectrometry/triple-quadrupole-lc-msms/nexera-mikros/index.html,Nexera Mikros : SHIMADZU (Shimadzu Corporation),Verified,Page presence is supported; the legacy claim ID still misleadingly says 'added'.,,All role views / evidence export
Signal / filing / customer-voice registry,shimadzu-monitor-product-page-added-66c3c71132fb,Shimadzu official product page observed,https://www.shimadzu.com/an/products/liquid-chromatograph-mass-spectrometry/triple-quadrupole-lc-msms/lcms-tq-rx-series/index.html,LCMS-TQ RX Series Triple Quadrupole LC-MS/MS : SHIMADZU (Shimadzu Corporation),Verified,Page presence is supported; the legacy claim ID still misleadingly says 'added'.,,All role views / evidence export
Signal / filing / customer-voice registry,shimadzu-monitor-product-page-added-8c0c794af5b7,Shimadzu official product page observed,https://www.shimadzu.com/an/products/liquid-chromatograph-mass-spectrometry/triple-quadrupole-lc-msms/lcms-8065xe/index.html,LCMS-8065XE : SHIMADZU (Shimadzu Corporation),Verified,Page presence is supported; the legacy claim ID still misleadingly says 'added'.,,All role views / evidence export
Signal / filing / customer-voice registry,shimadzu-monitor-product-page-added-61f1f9afe83d,Shimadzu official product page observed,https://www.shimadzu.com/an/products/liquid-chromatograph-mass-spectrometry/lc-ms-software/multi-charged-ion-analysis-software/index.html,Multi-Charged Ion Analysis Software : SHIMADZU (Shimadzu Corporation),Verified,Page presence is supported; the legacy claim ID still misleadingly says 'added'.,,All role views / evidence export
Signal / filing / customer-voice registry,shimadzu-monitor-product-page-added-ee3b1cebbb47,Shimadzu official product page observed,https://www.shimadzu.com/an/products/liquid-chromatograph-mass-spectrometry/lc-ms-software/labsolutions-insight/index.html,LabSolutions Insight : SHIMADZU (Shimadzu Corporation),Verified,Page presence is supported; the legacy claim ID still misleadingly says 'added'.,,All role views / evidence export
Signal / filing / customer-voice registry,shimadzu-monitor-product-page-added-8fd7f302110f,Shimadzu official product page observed,https://www.shimadzu.com/an/products/liquid-chromatograph-mass-spectrometry/lc-ms-software/lcmsms-mrm-library-for-phospholipid-profiling/index.html,LC/MS/MS MRM Library for Phospholipid Profiling : SHIMADZU (Shimadzu Corporation),Verified,Page presence is supported; the legacy claim ID still misleadingly says 'added'.,,All role views / evidence export
Signal / filing / customer-voice registry,shimadzu-monitor-product-page-added-61550a2a5871,Shimadzu official product page observed,https://www.shimadzu.com/an/products/liquid-chromatograph-mass-spectrometry/lc-ms-software/iflagger/index.html,iFlagger : SHIMADZU (Shimadzu Corporation),Verified,Page presence is supported; the legacy claim ID still misleadingly says 'added'.,,All role views / evidence export
Signal / filing / customer-voice registry,shimadzu-monitor-product-page-added-637d52fc117f,Shimadzu official product page observed,https://www.shimadzu.com/an/products/liquid-chromatograph-mass-spectrometry/lc-ms-software/index.html,LC-MS Software : SHIMADZU (Shimadzu Corporation),Verified,Page presence is supported; the legacy claim ID still misleadingly says 'added'.,,All role views / evidence export
Signal / filing / customer-voice registry,shimadzu-monitor-product-page-added-6930642e6312,Shimadzu official product page observed,https://www.shimadzu.com/an/products/liquid-chromatograph-mass-spectrometry/lc-ms-software/lcmsms-mrm-library-for-metabolic-enzymes-in-yeast/index.html,LC/MS/MS MRM Library for Metabolic Enzymes in Yeast : SHIMADZU (Shimadzu Corporation),Verified,Page presence is supported; the legacy claim ID still misleadingly says 'added'.,,All role views / evidence export
Signal / filing / customer-voice registry,shimadzu-monitor-product-page-added-20f0dc085708,Shimadzu official product page observed,https://www.shimadzu.com/an/products/liquid-chromatograph-mass-spectrometry/lc-ms-software/lcmsms-method-package-for-primary-metabolites/index.html,LC/MS/MS Method Package for Primary Metabolites : SHIMADZU (Shimadzu Corporation),Verified,Page presence is supported; the legacy claim ID still misleadingly says 'added'.,,All role views / evidence export
Signal / filing / customer-voice registry,shimadzu-monitor-product-page-added-879a05bc4a68,Shimadzu official product page observed,https://www.shimadzu.com/an/products/liquid-chromatograph-mass-spectrometry/lc-ms-software/lcmsms-method-package-for-lipid-mediators/index.html,LC/MS/MS Method Package for Lipid Mediators : SHIMADZU (Shimadzu Corporation),Verified,Page presence is supported; the legacy claim ID still misleadingly says 'added'.,,All role views / evidence export
Signal / filing / customer-voice registry,shimadzu-monitor-product-page-added-d118afc96d42,Shimadzu official product page observed,https://www.shimadzu.com/an/products/liquid-chromatograph-mass-spectrometry/lc-ms-software/multi-omics-analysis-package/index.html,Multi-omics Analysis Package : SHIMADZU (Shimadzu Corporation),Verified,Page presence is supported; the legacy claim ID still misleadingly says 'added'.,,All role views / evidence export
Signal / filing / customer-voice registry,shimadzu-monitor-product-page-added-d476cb2f1cc4,Shimadzu official product page observed,https://www.shimadzu.com/an/products/liquid-chromatograph-mass-spectrometry/lc-ms-software/peakintelligence/index.html,Peakintelligence™ for LCMS : SHIMADZU (Shimadzu Corporation),Verified,Page presence is supported; the legacy claim ID still misleadingly says 'added'.,,All role views / evidence export
Signal / filing / customer-voice registry,shimadzu-monitor-product-page-added-e4d0878f4df4,Shimadzu official product page observed,https://www.shimadzu.com/an/products/liquid-chromatograph-mass-spectrometry/lc-ms-software/traverse-ms/index.html,Traverse MS : SHIMADZU (Shimadzu Corporation),Verified,Page presence is supported; the legacy claim ID still misleadingly says 'added'.,,All role views / evidence export
Signal / filing / customer-voice registry,shimadzu-monitor-product-page-added-5e8fd6e496be,Shimadzu official product page observed,https://www.shimadzu.com/an/products/liquid-chromatograph-mass-spectrometry/lc-ms-software/high-resolution-accurate-mass-library-for-forensic-toxicology/index.html,High Resolution Accurate Mass Library for Forensic Toxicology : SHIMADZU (Shimadzu Corporation),Verified,Page presence is supported; the legacy claim ID still misleadingly says 'added'.,,All role views / evidence export
Signal / filing / customer-voice registry,shimadzu-monitor-product-page-added-9390bf1071b4,Shimadzu official product page observed,https://www.shimadzu.com/an/products/liquid-chromatograph-mass-spectrometry/lc-ms-software/labsolutions-insight-biologics/index.html,LabSolutions Insight Biologics : SHIMADZU (Shimadzu Corporation),Verified,Page presence is supported; the legacy claim ID still misleadingly says 'added'.,,All role views / evidence export
Signal / filing / customer-voice registry,shimadzu-monitor-product-page-added-a9fdbe19bfde,Shimadzu official product page observed,https://www.shimadzu.com/an/products/liquid-chromatograph-mass-spectrometry/automated-lc-msms/index.html,Automated LC-MS/MS : SHIMADZU (Shimadzu Corporation),Verified,Page presence is supported; the legacy claim ID still misleadingly says 'added'.,,All role views / evidence export
Signal / filing / customer-voice registry,shimadzu-monitor-product-page-added-6c567803f190,Shimadzu official product page observed,https://www.shimadzu.com/an/products/liquid-chromatograph-mass-spectrometry/stories/index.html,Overview : SHIMADZU (Shimadzu Corporation),Verified,Page presence is supported; the legacy claim ID still misleadingly says 'added'.,,All role views / evidence export
Signal / filing / customer-voice registry,shimadzu-monitor-product-page-added-96ebf5b22508,Shimadzu official product page observed,https://www.shimadzu.com/an/products/liquid-chromatograph-mass-spectrometry/lc-ms-consumables/stable-labeled-standards/index.html,Stable Labeled Standards : SHIMADZU (Shimadzu Corporation),Verified,Page presence is supported; the legacy claim ID still misleadingly says 'added'.,,All role views / evidence export
Signal / filing / customer-voice registry,shimadzu-monitor-product-page-added-4135a63f7e56,Shimadzu official product page observed,https://www.shimadzu.com/an/products/software-informatics/labsolutions-series/labsolutions-ta/index.html,LabSolutions TA : SHIMADZU (Shimadzu Corporation),Verified,Page presence is supported; the legacy claim ID still misleadingly says 'added'.,,All role views / evidence export
Signal / filing / customer-voice registry,shimadzu-monitor-product-page-added-650a0d8b87ff,Shimadzu official product page observed,https://www.shimadzu.com/an/products/software-informatics/labsolutions-series/labsolutionsgcms/index.html,LabSolutions™ GCMS |Software for GCMS: SHIMADZU (Shimadzu Corporation),Verified,Page presence is supported; the legacy claim ID still misleadingly says 'added'.,,All role views / evidence export
Signal / filing / customer-voice registry,shimadzu-monitor-product-page-added-bb824c4af68f,Shimadzu official product page observed,https://www.shimadzu.com/an/products/software-informatics/labsolutions-series/index.html,LabSolutions Series : SHIMADZU (Shimadzu Corporation),Verified,Page presence is supported; the legacy claim ID still misleadingly says 'added'.,,All role views / evidence export
Signal / filing / customer-voice registry,shimadzu-monitor-product-page-added-3a8f3b0719e7,Shimadzu official product page observed,https://www.shimadzu.com/an/products/software-informatics/labsolutions-series/labsolutions-lcgc/index.html,LabSolutions™ LC/GC : SHIMADZU (Shimadzu Corporation),Verified,Page presence is supported; the legacy claim ID still misleadingly says 'added'.,,All role views / evidence export
Signal / filing / customer-voice registry,shimadzu-monitor-product-page-added-a7b1d70dcc65,Shimadzu official product page observed,https://www.shimadzu.com/an/products/software-informatics/labsolutions-series/improving-the-data-integrity-of-spectrometers/index.html,Improving the Data Integrity of Spectrometers : SHIMADZU (Shimadzu Corporation),Verified,Page presence is supported; the legacy claim ID still misleadingly says 'added'.,,All role views / evidence export
Signal / filing / customer-voice registry,shimadzu-monitor-product-page-added-d4a86b07fbd9,Shimadzu official product page observed,https://www.shimadzu.com/an/products/software-informatics/labsolutions-series/system-linkage-option/index.html,System Linkage Option : SHIMADZU (Shimadzu Corporation),Verified,Page presence is supported; the legacy claim ID still misleadingly says 'added'.,,All role views / evidence export
Signal / filing / customer-voice registry,shimadzu-monitor-product-page-added-e60848441ceb,Shimadzu official product page observed,https://www.shimadzu.com/an/products/software-informatics/labsolutions-series/labsolutions-detect/index.html,LabSolutions Detect : SHIMADZU (Shimadzu Corporation),Verified,Page presence is supported; the legacy claim ID still misleadingly says 'added'.,,All role views / evidence export
Signal / filing / customer-voice registry,shimadzu-monitor-product-page-added-64b8962dfdcb,Shimadzu official product page observed,https://www.shimadzu.com/an/products/software-informatics/labsolutions-series/labsolutions-dbcs/index.html,LabSolutions™ DB/CS : SHIMADZU (Shimadzu Corporation),Verified,Page presence is supported; the legacy claim ID still misleadingly says 'added'.,,All role views / evidence export
Signal / filing / customer-voice registry,shimadzu-monitor-product-page-added-ab9bdb043e24,Shimadzu official product page observed,https://www.shimadzu.com/an/products/software-informatics/labsolutions-series/labsolutions-cs-powered-by-i-qlinks/index.html,LabSolutions™ CS Powered by i-QLinks™ : SHIMADZU (Shimadzu Corporation),Verified,Page presence is supported; the legacy claim ID still misleadingly says 'added'.,,All role views / evidence export
Signal / filing / customer-voice registry,shimadzu-monitor-product-page-added-fd5e5821267a,Shimadzu official product page observed,https://www.shimadzu.com/an/products/software-informatics/labsolutions-series/labsolutions-insight-profiler/index.html,LabSolutions Insight™ Profiler : SHIMADZU (Shimadzu Corporation),Verified,Page presence is supported; the legacy claim ID still misleadingly says 'added'.,,All role views / evidence export
Signal / filing / customer-voice registry,shimadzu-monitor-product-page-added-1bd762ed9815,Shimadzu official product page observed,https://www.shimadzu.com/an/products/liquid-chromatography/ion-chromatograph/index.html,Ion Chromatograph Systems : SHIMADZU (Shimadzu Corporation),Verified,Page presence is supported; the legacy claim ID still misleadingly says 'added'.,,All role views / evidence export
Signal / filing / customer-voice registry,shimadzu-monitor-product-page-added-30d66629b766,Shimadzu official product page observed,https://www.shimadzu.com/an/products/liquid-chromatography/ion-chromatograph/nexera-ic/index.html,Nexera IC Ion Chromatograph : SHIMADZU (Shimadzu Corporation),Verified,Page presence is supported; the legacy claim ID still misleadingly says 'added'.,,All role views / evidence export
Signal / filing / customer-voice registry,shimadzu-monitor-product-page-added-f671c1a576ff,Shimadzu official product page observed,https://www.shimadzu.com/an/products/liquid-chromatography/hplcuhplc/i-series/index.html,i-Series : SHIMADZU (Shimadzu Corporation),Verified,Page presence is supported; the legacy claim ID still misleadingly says 'added'.,,All role views / evidence export
Signal / filing / customer-voice registry,shimadzu-monitor-product-page-added-5cc52acdc991,Shimadzu official product page observed,https://www.shimadzu.com/an/products/liquid-chromatography/hplcuhplc/index.html,HPLC/UHPLC/SFC Systems : SHIMADZU (Shimadzu Corporation),Verified,Page presence is supported; the legacy claim ID still misleadingly says 'added'.,,All role views / evidence export
Signal / filing / customer-voice registry,shimadzu-monitor-product-page-added-8fb93454d535,Shimadzu official product page observed,https://www.shimadzu.com/an/products/liquid-chromatography/hplcuhplc/lc-2030c-nt/index.html,LC-2030C NT : SHIMADZU (Shimadzu Corporation),Verified,Page presence is supported; the legacy claim ID still misleadingly says 'added'.,,All role views / evidence export
Signal / filing / customer-voice registry,shimadzu-monitor-product-page-added-9000f1db958b,Shimadzu official product page observed,https://www.shimadzu.com/an/products/liquid-chromatography/hplcuhplc/nexera-series/index.html,Nexera Series Ultra High Performance Liquid Chromatograph : SHIMADZU (Shimadzu Corporation),Verified,Page presence is supported; the legacy claim ID still misleadingly says 'added'.,,All role views / evidence export
Signal / filing / customer-voice registry,shimadzu-monitor-product-page-added-d47d36473ec8,Shimadzu official product page observed,https://www.shimadzu.com/an/products/liquid-chromatography/hplcuhplc/nexera-x4/index.html,Nexera X4 Ultra High-Performance Liquid Chromatograph : SHIMADZU (Shimadzu Corporation),Verified,Page presence is supported; the legacy claim ID still misleadingly says 'added'.,,All role views / evidence export
Signal / filing / customer-voice registry,thermo-fisher-monitor-press-release-76bfdaf0f5e8,Thermo Fisher Scientific Announces Quarterly Dividend,https://ir.thermofisher.com/investors/news-events/news/news-details/2026/Thermo-Fisher-Scientific-Announces-Quarterly-Dividend-3dcda308b/default.aspx,,Unreachable,Strict link result: HTTP response contains an access-control or bot-challenge page.,,All role views
Signal / filing / customer-voice registry,perkinelmer-monitor-press-release-06d9f42c23b4,PerkinElmer and Covalent Announce Strategic Collaboration to Advance Failure Analysis and Materials,https://www.perkinelmer.com/corporate-and-newsroom/perkinelmer-and-covalent-announce-strategic-collaboration,PerkinElmer and Covalent Announce Strategic Collaboration to Advance Failure Analysis and Materials PerkinElmer Sites,Verified,,,All role views / evidence export
Signal / filing / customer-voice registry,agilent-monitor-press-release-18fe847f04c1,Agilent Expands Altura Portfolio with Inert Size Exclusion and PLRP-S Columns for Biotherapeutic Analysis,https://www.agilent.com/about/newsroom/presrel/2026/08jul-ca26025.html,,Unreachable,Strict link result: HTTP response contains an access-control or bot-challenge page.,,All role views
Signal / filing / customer-voice registry,shimadzu-monitor-press-release-4042f7aafee7,Launch of a Pilot Refurbishment Program for Analytical and Measuring Instruments with Ryukoku University Toward a Circular Society through Industry-Academia Collaboration,https://www.shimadzu.com/news/2026/ao0x3yts-fwk-ev6.html,SHIMADZU CORPORATION : Launch of a Pilot Refurbishment Program for Analytical and Measuring Instruments with,Verified,,,All role views / evidence export
Signal / filing / customer-voice registry,shimadzu-monitor-press-release-a8e2e4b4b0dc,Two Shimadzu Products Win Red Dot Design Award 2026 – Precision Universal Testing Machine and High-Speed Video Camera –,https://www.shimadzu.com/news/2026/fqazhvc2bwk9trb6.html,SHIMADZU CORPORATION : Two Shimadzu Products Win Red Dot Design Award 2026 – Precision Universal,Verified,,,All role views / evidence export
Signal / filing / customer-voice registry,thermo-fisher-monitor-press-release-79062e63c297,"Thermo Fisher Scientific to Hold Earnings Conference Call on Thursday, July 23, 2026",https://ir.thermofisher.com/investors/news-events/news/news-details/2026/Thermo-Fisher-Scientific-to-Hold-Earnings-Conference-Call-on-Thursday-July-23-2026/default.aspx,,Unreachable,Strict link result: HTTP response contains an access-control or bot-challenge page.,,All role views
Signal / filing / customer-voice registry,agilent-monitor-press-release-a43fe3b92ab1,Agilent Launches AI-Driven Analysis Module for Agilent xCELLigence RTCA eSight,https://www.agilent.com/about/newsroom/presrel/2026/01jul-ca26024.html,,Unreachable,Strict link result: HTTP response contains an access-control or bot-challenge page.,,All role views
Signal / filing / customer-voice registry,thermo-fisher-monitor-product-page-updated-6f8b9d500879,Thermo Fisher official product page observed,https://www.thermofisher.com/us/en/home/industrial/mass-spectrometry/liquid-chromatography-mass-spectrometry-lc-ms/lc-ms-systems/orbitrap-lc-ms/orbitrap-exploris-mass-spectrometers.html,Orbitrap Exploris Mass Spectrometers | Thermo Fisher Scientific - US,Verified,Page presence is supported; the legacy claim ID still misleadingly says 'added'.,,All role views / evidence export
Signal / filing / customer-voice registry,thermo-fisher-monitor-product-page-updated-b0ad77dc1772,Thermo Fisher official product page observed,https://www.thermofisher.com/us/en/home/industrial/mass-spectrometry/liquid-chromatography-mass-spectrometry-lc-ms/lc-ms-systems/orbitrap-lc-ms/orbitrap-exploris-mass-spectrometers/orbitrap-exploris-480-mass-spectrometers.html,Orbitrap Exploris 480 Mass Spectrometers | Thermo Fisher Scientific - US,Verified,Page presence is supported; the legacy claim ID still misleadingly says 'added'.,,All role views / evidence export
Signal / filing / customer-voice registry,thermo-fisher-monitor-product-page-updated-f40e133aa6ff,Thermo Fisher official product page observed,https://www.thermofisher.com/us/en/home/industrial/mass-spectrometry/liquid-chromatography-mass-spectrometry-lc-ms/lc-ms-systems/orbitrap-lc-ms/orbitrap-exploris-mass-spectrometers/orbitrap-exploris-240-mass-spectrometers.html,Orbitrap Exploris 240 Mass Spectrometer | Thermo Fisher Scientific - US,Verified,Page presence is supported; the legacy claim ID still misleadingly says 'added'.,,All role views / evidence export
Signal / filing / customer-voice registry,thermo-fisher-monitor-product-page-updated-8015be403ecf,Thermo Fisher official product page observed,https://www.thermofisher.com/us/en/home/industrial/mass-spectrometry/liquid-chromatography-mass-spectrometry-lc-ms/lc-ms-systems/orbitrap-lc-ms/orbitrap-exploris-mass-spectrometers/orbitrap-exploris-120-mass-spectrometers.html,Orbitrap Exploris 120 Mass Spectrometer | Thermo Fisher Scientific - US,Verified,Page presence is supported; the legacy claim ID still misleadingly says 'added'.,,All role views / evidence export
Signal / filing / customer-voice registry,thermo-fisher-monitor-product-page-updated-c7c480e39774,Thermo Fisher official product page observed,https://www.thermofisher.com/us/en/home/industrial/chromatography/liquid-chromatography-lc/hplc-uhplc-systems/vanquish-amplify-uhplc-system.html,Vanquish Amplify UHPLC Systems | Thermo Fisher Scientific - US,Verified,Page presence is supported; the legacy claim ID still misleadingly says 'added'.,,All role views / evidence export
Signal / filing / customer-voice registry,thermo-fisher-monitor-product-page-updated-f71fcdc13f41,Thermo Fisher official product page observed,https://www.thermofisher.com/us/en/home/industrial/mass-spectrometry/liquid-chromatography-mass-spectrometry-lc-ms/lc-ms-systems/orbitrap-lc-ms.html,Orbitrap LC-MS | Thermo Fisher Scientific - US,Verified,Page presence is supported; the legacy claim ID still misleadingly says 'added'.,,All role views / evidence export
Signal / filing / customer-voice registry,thermo-fisher-monitor-product-page-updated-49db11c56d26,Thermo Fisher official product page observed,https://www.thermofisher.com/us/en/home/industrial/mass-spectrometry/liquid-chromatography-mass-spectrometry-lc-ms/lc-ms-systems/orbitrap-lc-ms/orbitrap-excedion-pro-mass-spectrometer.html,Orbitrap Excedion Series Mass Spectrometers | Thermo Fisher Scientific - US,Verified,Page presence is supported; the legacy claim ID still misleadingly says 'added'.,,All role views / evidence export
Signal / filing / customer-voice registry,thermo-fisher-monitor-product-page-updated-2604cffb1ef2,Thermo Fisher official product page observed,https://www.thermofisher.com/us/en/home/industrial/mass-spectrometry/liquid-chromatography-mass-spectrometry-lc-ms/lc-ms-systems/orbitrap-lc-ms/orbitrap-excedion-pro-mass-spectrometer/orbitrap-excedion-pro-biopharma-ms.html,Orbitrap Excedion Series BioPharma Edition Mass Spectrometer | Thermo Fisher Scientific - US,Verified,Page presence is supported; the legacy claim ID still misleadingly says 'added'.,,All role views / evidence export
Signal / filing / customer-voice registry,agilent-monitor-press-release-b9da41f651c5,Agilent Completes Acquisition of Biocare Medical,https://www.agilent.com/about/newsroom/presrel/2026/25jun-gp26014.html,,Unreachable,Strict link result: HTTP response contains an access-control or bot-challenge page.,,All role views
Signal / filing / customer-voice registry,sec-agilent-0001193125-26-282845,"AGILENT TECHNOLOGIES, INC. filed 8-K",https://www.sec.gov/Archives/edgar/data/1090872/000119312526282845/d75293d8k.htm,,Unreachable,SEC filing could not be fetched for direct confirmation.,,Competitor Intent / SEC signals
Signal / filing / customer-voice registry,shimadzu-monitor-press-release-dd1c690f971f,"Assistance for Quality Control of Antibody Drugs, Peptide Drugs, Etc. Release of PPSQ-51A/53A SPD-40 Model Protein Sequencers in Japan and Overseas for Protein Analysis",https://www.shimadzu.com/news/2026/8vla5_ja28yrj6y-.html,"SHIMADZU CORPORATION : Assistance for Quality Control of Antibody Drugs, Peptide Drugs, Etc. Release of",Verified,,,All role views / evidence export
Signal / filing / customer-voice registry,perkinelmer-monitor-press-release-e6c7c7885dfa,PerkinElmer CEO Michael Stubblefield Joins US-China Business Council Board of Directors,https://www.perkinelmer.com/corporate-and-newsroom/perkinelmer-ceo-michael-stubblefield-joins-us-china-business-council-board-directors,PerkinElmer CEO Michael Stubblefield Joins US-China Business Council Board of Directors PerkinElmer Sites,Verified,,,All role views / evidence export
Signal / filing / customer-voice registry,shimadzu-monitor-press-release-376166159e10,New Medium-Term Management Plan for FY 2026 to 2028 Prepared Become an Innovative Company That Solves Social Challenges Together with Global Partners —Sustainably Improve Profitability by Strengthening End-to-End Solutions Capabilities—,https://www.shimadzu.com/news/2026/hwvic1k630v3uz8g.html,SHIMADZU CORPORATION : New Medium-Term Management Plan for FY 2026 to 2028 Prepared Become an,Verified,,,All role views / evidence export
Signal / filing / customer-voice registry,thermo-fisher-monitor-product-page-updated-cdfaeffb9481,Thermo Fisher official product page observed,https://www.thermofisher.com/us/en/home/industrial/mass-spectrometry/liquid-chromatography-mass-spectrometry-lc-ms/lc-ms-systems/triple-quadrupole-lc-ms/tsq-certis-triple-quadripole-ms.html,TSQ Certis Mass Spectrometer | Thermo Fisher Scientific - US,Verified,Page presence is supported; the legacy claim ID still misleadingly says 'added'.,,All role views / evidence export
Signal / filing / customer-voice registry,perkinelmer-monitor-press-release-07686a3d3560,Project Farma Partners with Valkit.ai - Modernizing Digital Validation with AI,https://www.perkinelmer.com/corporate-and-newsroom/project-farma-expands-pmis-offering-oracle-primavera-cloud,Project Farma Partners with Valkit.ai - Modernizing Digital Validation with AI,Verified,,,All role views / evidence export
Signal / filing / customer-voice registry,agilent-monitor-press-release-983ae7942d8b,"Agilent, OpenAI, BCG Collaborate to Accelerate Customer-Focused, AI-Driven Scientific Innovation",https://www.agilent.com/about/newsroom/presrel/2026/03jun-gp26013.html,,Unreachable,Strict link result: login/access or redirect wall.,,All role views
Signal / filing / customer-voice registry,sec-sciex-0001193125-26-255555,Danaher Corporation filed 8-K,https://www.sec.gov/Archives/edgar/data/313616/000119312526255555/d63873d8k.htm,,Unreachable,SEC filing could not be fetched for direct confirmation.,,Competitor Intent / SEC signals
Signal / filing / customer-voice registry,agilent-monitor-press-release-b47eb411bde0,"Agilent Receives FDA Approval for Expanded Use of PD-L1 IHC 22C3 pharmDx on Dako Omnis in Esophageal Squamous Cell Carcinoma, Triple-Negative Breast Cancer, Cervical Cancer, and Gastric or Gastroesophageal Junction Adenocarcinoma",https://www.agilent.com/about/newsroom/presrel/2026/02jun-ca26023.html,,Unreachable,Strict link result: HTTP response contains an access-control or bot-challenge page.,,All role views
Signal / filing / customer-voice registry,sciex-monitor-press-release-6e5bfd32b037,SCIEX launches the novus V55 system with SCIEX OS 5.0 software and AI enablement tools,https://sciex.com/about-us/press-releases/2026/sciex-launches-its-5th-generation-of-nominal-mass-novus-v55-system-with-sciexos-5-0-software,"SCIEX launches its 5th generation of nominal mass, the novus V55 system with SCIEX OS",Verified,,,All role views / evidence export
Signal / filing / customer-voice registry,sciex-monitor-press-release-b63fd59eab93,"SCIEX advances the ZenoTOF line with platform-wide expansions in software, integrations, and key collaborations",https://sciex.com/about-us/press-releases/2026/zenotof-unlock,"SCIEX advances the ZenoTOF line with platform-wide expansions in software, integrations, and key collaborations",Verified,,,All role views / evidence export
Signal / filing / customer-voice registry,agilent-monitor-press-release-531ac7b0e3d4,Agilent and Sound Analytics Collaborate to Advance LC/MS Workflows for Drug Metabolism Research,https://www.agilent.com/about/newsroom/presrel/2026/01jun-ca26022.html,,Unreachable,Strict link result: login/access or redirect wall.,,All role views
Signal / filing / customer-voice registry,sec-agilent-0001090872-26-000055,"AGILENT TECHNOLOGIES, INC. filed 10-Q",https://www.sec.gov/Archives/edgar/data/1090872/000109087226000055/a-20260430.htm,,Unreachable,SEC filing could not be fetched for direct confirmation.,,Competitor Intent / SEC signals
Signal / filing / customer-voice registry,agilent-monitor-press-release-ad9854bd4d36,"Agilent Introduces OpenLab Sync to Support Guided, Digital Execution in the Laboratory",https://www.investor.agilent.com/news-and-events/news/news-details/2026/Agilent-Introduces-OpenLab-Sync-to-Support-Guided-Digital-Execution-in-the-Laboratory/default.aspx,"Agilent Technologies, Inc. - Agilent Introduces OpenLab Sync to Support Guided, Digital Execution in the",Verified,,,All role views / evidence export
Signal / filing / customer-voice registry,agilent-openlab-sync-usp-2026,Agilent introduces OpenLab Sync with USP MethodConnect integration,https://www.agilent.com/about/newsroom/presrel/2026/28may-ca26020.html,,Unreachable,Strict link result: login/access or redirect wall.,,All role views
Signal / filing / customer-voice registry,thermo-fisher-monitor-press-release-e6b070a3c0cf,Thermo Fisher Scientific Unveils Next-generation Innovations at ASMS 2026 to Accelerate the Path from Drug Discovery to New Therapies,https://ir.thermofisher.com/investors/news-events/news/news-details/2026/Thermo-Fisher-Scientific-Unveils-Next-generation-Innovations-at-ASMS-2026-to-Accelerate-the-Path-from-Drug-Discovery-to-New-Therapies/default.aspx,,Unreachable,Strict link result: HTTP response contains an access-control or bot-challenge page.,,All role views
Signal / filing / customer-voice registry,shimadzu-monitor-press-release-e7d79a120ad2,Shimadzu Corporation Joins NIIMBL to Advance Biopharmaceutical Manufacturing Innovation,https://www.shimadzu.com/news/2026/gcz8mxw0lcb05i76.html,SHIMADZU CORPORATION : Shimadzu Corporation Joins NIIMBL to Advance Biopharmaceutical Manufacturing Innovation News,Verified,,,All role views / evidence export
Signal / filing / customer-voice registry,perkinelmer-monitor-press-release-6f529ddf64c7,Project Farma Partners with Valkit.ai - Modernizing Digital Validation with AI,https://www.perkinelmer.com/corporate-and-newsroom/project-farma-partners-valkitai,Project Farma Partners with Valkit.ai - Modernizing Digital Validation with AI,Verified,,,All role views / evidence export
Signal / filing / customer-voice registry,thermo-fisher-monitor-product-page-updated-bd169a255fd1,Thermo Fisher official product page observed,https://www.thermofisher.com/us/en/home/industrial/mass-spectrometry/liquid-chromatography-mass-spectrometry-lc-ms/lc-ms-systems/orbitrap-lc-ms/orbitrap-tribrid-mass-spectrometers/orbitrap-tribrid-apex-mass-spectrometer.html,Orbitrap Tribrid Apex Mass Spectrometers | Thermo Fisher Scientific - US,Verified,Page presence is supported; the legacy claim ID still misleadingly says 'added'.,,All role views / evidence export
Signal / filing / customer-voice registry,thermo-fisher-monitor-technical-insight-f83d4d127f83,"1,000 Publications and Counting: What Researchers Are Unlocking With the Orbitrap Astral Mass Spectrometer",https://www.thermofisher.com/blog/analyteguru/1000-publications-and-counting-what-researchers-are-unlocking-with-the-orbitrap-astral-mass-spectrometer/,"1,000 Publications and Counting: What Researchers Are Unlocking With the Orbitrap Astral Mass Spectrometer -",Verified,,,All role views / evidence export
Signal / filing / customer-voice registry,agilent-monitor-press-release-bfb6111c07ab,Agilent Reports Second-Quarter Fiscal Year 2026 Financial Results,https://www.investor.agilent.com/news-and-events/news/news-details/2026/Agilent-Reports-Second-Quarter-Fiscal-Year-2026-Financial-Results/default.aspx,"Agilent Technologies, Inc. - Agilent Reports Second-Quarter Fiscal Year 2026 Financial Results News Details",Verified,,,All role views / evidence export
Signal / filing / customer-voice registry,sec-agilent-0001090872-26-000052,"AGILENT TECHNOLOGIES, INC. filed 8-K",https://www.sec.gov/Archives/edgar/data/1090872/000109087226000052/a-20260520.htm,,Unreachable,SEC filing could not be fetched for direct confirmation.,,Competitor Intent / SEC signals
Signal / filing / customer-voice registry,thermo-fisher-monitor-product-page-updated-09b041f24af6,Thermo Fisher official product page observed,https://www.thermofisher.com/us/en/home/industrial/mass-spectrometry/liquid-chromatography-mass-spectrometry-lc-ms/lc-ms-systems/orbitrap-lc-ms/orbitrap-tribrid-mass-spectrometers/orbitrap-eclipse-tribrid-mass-spectrometer.html,Orbitrap Eclipse Tribrid Mass Spectrometer | Thermo Fisher Scientific - US,Verified,Page presence is supported; the legacy claim ID still misleadingly says 'added'.,,All role views / evidence export
Signal / filing / customer-voice registry,agilent-monitor-press-release-05de8c4e0b65,Agilent Launches New GC Systems with GC Assist to Improve Laboratory Efficiency and Data Quality,https://www.investor.agilent.com/news-and-events/news/news-details/2026/Agilent-Launches-New-GC-Systems-with-GC-Assist-to-Improve-Laboratory-Efficiency-and-Data-Quality/default.aspx,"Agilent Technologies, Inc. - Agilent Launches New GC Systems with GC Assist to Improve Laboratory",Verified,,,All role views / evidence export
Signal / filing / customer-voice registry,agilent-monitor-press-release-db509010a12a,Agilent Launches Multi-Attribute Method (MAM) Solution for BioPharma Quality Control,https://www.investor.agilent.com/news-and-events/news/news-details/2026/Agilent-Launches-Multi-Attribute-Method-MAM-Solution-for-BioPharma-Quality-Control/default.aspx,"Agilent Technologies, Inc. - Agilent Launches Multi-Attribute Method (MAM) Solution for BioPharma Quality Control News",Verified,,,All role views / evidence export
Signal / filing / customer-voice registry,sec-thermo-0000097745-26-000117,THERMO FISHER SCIENTIFIC INC. filed 8-K,https://www.sec.gov/Archives/edgar/data/97745/000009774526000117/tmo-20260520.htm,,Unreachable,SEC filing could not be fetched for direct confirmation.,,Competitor Intent / SEC signals
Signal / filing / customer-voice registry,thermo-fisher-monitor-product-page-updated-9b0efa50a4a2,Thermo Fisher official product page observed,https://www.thermofisher.com/us/en/home/industrial/mass-spectrometry/liquid-chromatography-mass-spectrometry-lc-ms/lc-ms-systems/orbitrap-lc-ms/orbitrap-excedion-pro-mass-spectrometer/orbitrap-excedion-pro-ms.html,Orbitrap Excedion Pro Mass Spectrometer | Thermo Fisher Scientific - US,Verified,Page presence is supported; the legacy claim ID still misleadingly says 'added'.,,All role views / evidence export
Signal / filing / customer-voice registry,agilent-monitor-press-release-9037de9dba7c,Agilent Unveils the 9500 ICP-MS: Redefining Trace Element Analysis,https://www.investor.agilent.com/news-and-events/news/news-details/2026/Agilent-Unveils-the-9500-ICP-MS-Redefining-Trace-Element-Analysis/default.aspx,"Agilent Technologies, Inc. - Agilent Unveils the 9500 ICP-MS: Redefining Trace Element Analysis News Details",Verified,,,All role views / evidence export
Signal / filing / customer-voice registry,agilent-monitor-press-release-d402bef3b17c,Agilent Launches 1290 Infinity III Fluorescence Detector for Confident Trace Analysis at UHPLC Speed,https://www.investor.agilent.com/news-and-events/news/news-details/2026/Agilent-Launches-1290-Infinity-III-Fluorescence-Detector-for-Confident-Trace-Analysis-at-UHPLC-Speed/default.aspx,"Agilent Technologies, Inc. - Agilent Launches 1290 Infinity III Fluorescence Detector for Confident Trace Analysis",Verified,,,All role views / evidence export
Signal / filing / customer-voice registry,agilent-monitor-press-release-1eafa43669e6,Agilent Announces Cash Dividend of 25.5 Cents per Share,https://www.investor.agilent.com/news-and-events/news/news-details/2026/Agilent-Announces-Cash-Dividend-of-25-5-Cents-per-Share-cd1e68595/default.aspx,"Agilent Technologies, Inc. - Agilent Announces Cash Dividend of 25.5 Cents per Share News Details",Verified,,,All role views / evidence export
Signal / filing / customer-voice registry,agilent-nati-oligo-2026,Agilent and Singapore NATi partner on lipid-conjugated oligonucleotide research,https://www.agilent.com/about/newsroom/presrel/2026/20may-ca26015.html,,Unreachable,Strict link result: login/access or redirect wall.,,All role views
Signal / filing / customer-voice registry,agilent-orca-biopharma-hub-2026,Agilent opens ORCA biopharma research hub in South Korea,https://www.agilent.com/about/newsroom/presrel/2026/20may-ca26014.html,,Unreachable,Strict link result: login/access or redirect wall.,,All role views
Signal / filing / customer-voice registry,thermo-fisher-monitor-press-release-5f5e2957f30f,Thermo Fisher Scientific Announces Quarterly Dividend,https://ir.thermofisher.com/investors/news-events/news/news-details/2026/Thermo-Fisher-Scientific-Announces-Quarterly-Dividend/default.aspx,,Unreachable,Strict link result: HTTP response contains an access-control or bot-challenge page.,,All role views
Signal / filing / customer-voice registry,thermo-fisher-monitor-press-release-e274a77a3b72,"Thermo Fisher Scientific Highlights Industry Leadership, Growth Outlook and Long-Term Value Creation at 2026 Investor Day",https://ir.thermofisher.com/investors/news-events/news/news-details/2026/Thermo-Fisher-Scientific-Highlights-Industry-Leadership-Growth-Outlook-and-Long-Term-Value-Creation-at-2026-Investor-Day/default.aspx,,Unreachable,Strict link result: HTTP response contains an access-control or bot-challenge page.,,All role views
Signal / filing / customer-voice registry,agilent-monitor-press-release-7d0e1633bcc9,Agilent to Supply Next Generation Alarm Resolution Technology to U.S. Airport Security Screening Checkpoints ahead of FIFA World Cup 2026,https://www.investor.agilent.com/news-and-events/news/news-details/2026/Agilent-to-Supply-Next-Generation-Alarm-Resolution-Technology-to-U-S--Airport-Security-Screening-Checkpoints-ahead-of-FIFA-World-Cup-2026/default.aspx,"Agilent Technologies, Inc. - Agilent to Supply Next Generation Alarm Resolution Technology to U.S. Airport",Verified,,,All role views / evidence export
Signal / filing / customer-voice registry,thermo-fisher-monitor-technical-insight-5e8a45f4f5b6,Advancing Clinical Research at ASMS 2026: From Robust Workflows to Real-World Impact,https://www.thermofisher.com/blog/analyteguru/advancing-clinical-research-at-asms-2026-from-robust-workflows-to-real-world-impact/,Advancing Clinical Research at ASMS 2026: From Robust Workflows to Real-World Impact - AnalyteGuru,Verified,,,All role views / evidence export
Signal / filing / customer-voice registry,shimadzu-monitor-press-release-5b2acb477e45,"Recognized as a 2026 Outstanding Corporate Entity for Shokuiku (Food and Nutrition Education) by the Ministry of Agriculture, Forestry and Fisheries",https://www.shimadzu.com/news/2026/2vzbn3pq9_pryrrm.html,SHIMADZU CORPORATION : Recognized as a 2026 Outstanding Corporate Entity for Shokuiku (Food and Nutrition,Verified,,,All role views / evidence export
Signal / filing / customer-voice registry,perkinelmer-monitor-press-release-4e8346eb5589,"LactoScope 500 Delivers Next-Level Dairy Analysis, for Greater Accuracy, Stability, and Operational",https://www.perkinelmer.com/corporate-and-newsroom/lactoscope-500-delivers-next-level-dairy-analysis-greater-accuracy-stability-and-operational,"LactoScope 500 Delivers Next-Level Dairy Analysis, for Greater Accuracy, Stability, and Operational PerkinElmer Sites",Verified,,,All role views / evidence export
Signal / filing / customer-voice registry,thermo-fisher-monitor-technical-insight-e6a6e287fa80,Unlocking High-Throughput Potential in Liquid Chromatography With Vanquish Systems,https://www.thermofisher.com/blog/analyteguru/unlocking-high-throughput-potential-in-liquid-chromatography-with-vanquish-systems/,Unlocking High-Throughput Potential in Liquid Chromatography With Vanquish Systems - AnalyteGuru,Verified,,,All role views / evidence export
Signal / filing / customer-voice registry,shimadzu-monitor-press-release-6af64323ea4b,"BIPM, RIKEN and Shimadzu launch collaboration to explore the role of transportable optical frequency standards",https://www.shimadzu.com/news/2026/mp345hgpek6lm85j.html,"SHIMADZU CORPORATION : BIPM, RIKEN and Shimadzu launch collaboration to explore the role of transportable",Verified,,,All role views / evidence export
Signal / filing / customer-voice registry,sec-perkinelmer-0000031791-26-000019,"Revvity, Inc. filed 10-Q",https://www.sec.gov/Archives/edgar/data/31791/000003179126000019/revv-20260405.htm,,Unreachable,SEC filing could not be fetched for direct confirmation.,,Competitor Intent / SEC signals
Signal / filing / customer-voice registry,agilent-monitor-press-release-c07ab81a2d2d,Agilent to Participate in Jefferies Global Healthcare Conference,https://www.investor.agilent.com/news-and-events/news/news-details/2026/Agilent-to-Participate-in-Jefferies-Global-Healthcare-Conference/default.aspx,,Unreachable,Strict link result: HTTP response contains an access-control or bot-challenge page.,,All role views
Signal / filing / customer-voice registry,sec-sciex-0000313616-26-000127,Danaher Corporation filed 8-K,https://www.sec.gov/Archives/edgar/data/313616/000031361626000127/dhr-20260505.htm,,Unreachable,SEC filing could not be fetched for direct confirmation.,,Competitor Intent / SEC signals
Signal / filing / customer-voice registry,sciex-monitor-press-release-0b700d4adcc2,SCIEX software solutions advance workflow efficiency with six industry collaborations,https://sciex.com/about-us/press-releases/2026/sciex-software-solutions-advance-workflow-efficiency-with-six-industry-collaborations,SCIEX software solutions advance workflow efficiency with six industry collaborations,Verified,,,All role views / evidence export
Signal / filing / customer-voice registry,thermo-fisher-monitor-technical-insight-4d0e48f0a144,Turning Science Into Safer Water for Nearly 1.8 Million People,https://www.thermofisher.com/blog/analyteguru/turning-science-into-safer-water-for-nearly-1-8-million-people/,Turning Science Into Safer Water for Nearly 1.8 Million People - AnalyteGuru,Verified,,,All role views / evidence export
Signal / filing / customer-voice registry,sec-perkinelmer-0000031791-26-000016,"Revvity, Inc. filed 8-K",https://www.sec.gov/Archives/edgar/data/31791/000003179126000016/pki-20260505.htm,,Unreachable,SEC filing could not be fetched for direct confirmation.,,Competitor Intent / SEC signals
Signal / filing / customer-voice registry,agilent-monitor-press-release-5da82269ba69,Agilent Names Michael Buckner as Chief Legal Officer,https://www.investor.agilent.com/news-and-events/news/news-details/2026/Agilent-Names-Michael-Buckner-as-Chief-Legal-Officer/default.aspx,"Agilent Technologies, Inc. - Agilent Names Michael Buckner as Chief Legal Officer News Details",Verified,,,All role views / evidence export
Signal / filing / customer-voice registry,sec-agilent-0001193125-26-202636,"AGILENT TECHNOLOGIES, INC. filed 8-K",https://www.sec.gov/Archives/edgar/data/1090872/000119312526202636/a-20260504.htm,,Unreachable,SEC filing could not be fetched for direct confirmation.,,Competitor Intent / SEC signals
Signal / filing / customer-voice registry,sec-thermo-0000097745-26-000092,THERMO FISHER SCIENTIFIC INC. filed 10-Q,https://www.sec.gov/Archives/edgar/data/97745/000009774526000092/tmo-20260328.htm,,Unreachable,SEC filing could not be fetched for direct confirmation.,,Competitor Intent / SEC signals
Signal / filing / customer-voice registry,sec-perkinelmer-0001193125-26-201401,"Revvity, Inc. filed 8-K",https://www.sec.gov/Archives/edgar/data/31791/000119312526201401/d146870d8k.htm,,Unreachable,SEC filing could not be fetched for direct confirmation.,,Competitor Intent / SEC signals
Signal / filing / customer-voice registry,thermo-fisher-monitor-technical-insight-4324a7244e14,"New Technical Note: Robust, High-Throughput Peptide Quantitation on the TSQ Certis Triple Quadrupole MS with OptiSpray Technology",https://www.thermofisher.com/blog/analyteguru/new-technical-note-robust-high-throughput-peptide-quantitation-on-the-tsq-certis-triple-quadrupole-ms-with-optispray-technology/,"New Technical Note: Robust, High-Throughput Peptide Quantitation on the TSQ Certis Triple Quadrupole MS with",Verified,,,All role views / evidence export
Signal / filing / customer-voice registry,sec-sciex-0001193125-26-191608,Danaher Corporation filed 8-K,https://www.sec.gov/Archives/edgar/data/313616/000119312526191608/d107133d8k.htm,,Unreachable,SEC filing could not be fetched for direct confirmation.,,Competitor Intent / SEC signals
Signal / filing / customer-voice registry,thermo-fisher-monitor-technical-insight-ea2e06a66ada,Rethinking What’s Possible in Biological Research with the Orbitrap Astral Zoom Mass Spectrometer,https://www.thermofisher.com/blog/analyteguru/rethinking-whats-possible-in-biological-research-with-the-orbitrap-astral-zoom-mass-spectrometer/,Rethinking What’s Possible in Biological Research with the Orbitrap Astral Zoom Mass Spectrometer - AnalyteGuru,Verified,,,All role views / evidence export
Signal / filing / customer-voice registry,agilent-monitor-press-release-4ea748e8f6bc,Agilent to Announce Second-Quarter Fiscal Year 2026 Financial Results on May 27,https://www.investor.agilent.com/news-and-events/news/news-details/2026/Agilent-to-Announce-Second-Quarter-Fiscal-Year-2026-Financial-Results-on-May-27/default.aspx,,Unreachable,Strict link result: HTTP response contains an access-control or bot-challenge page.,,All role views
Signal / filing / customer-voice registry,thermo-fisher-monitor-press-release-2f0e270694ae,Thermo Fisher Scientific to Host Investor Day,https://ir.thermofisher.com/investors/news-events/news/news-details/2026/Thermo-Fisher-Scientific-to-Host-Investor-Day/default.aspx,,Unreachable,Strict link result: HTTP response contains an access-control or bot-challenge page.,,All role views
Signal / filing / customer-voice registry,thermo-fisher-monitor-press-release-e530be2f2ff7,Thermo Fisher Scientific Signs Agreement to Sell its Microbiology Business to Astorg,https://ir.thermofisher.com/investors/news-events/news/news-details/2026/Thermo-Fisher-Scientific-Signs-Agreement-to-Sell-its-Microbiology-Business-to-Astorg/default.aspx,,Unreachable,Strict link result: HTTP response contains an access-control or bot-challenge page.,,All role views
Signal / filing / customer-voice registry,shimadzu-monitor-press-release-409a2f981b84,"Supporting Diverse Surgical and Diagnostic Applications with High-Definition Imaging and Positioning Freedom Expansion of the product lineup with SC15 and OPESCOPE ACTENO FD15, new mobile C-arm systems",https://www.shimadzu.com/news/2026/3wqzblb912kax0m9.html,SHIMADZU CORPORATION : Supporting Diverse Surgical and Diagnostic Applications with High-Definition Imaging and Positioning Freedom,Verified,,,All role views / evidence export
Signal / filing / customer-voice registry,shimadzu-monitor-press-release-26703fd9198e,Shimadzu Corporation Acquires German Startup Plasmion GmbH Secures SICRIT Ion Source Technology for Mass Spectrometers,https://www.shimadzu.com/news/2026/qmv_7cupefrinwt6.html,SHIMADZU CORPORATION : Shimadzu Corporation Acquires German Startup Plasmion GmbH Secures SICRIT Ion Source Technology,Verified,,,All role views / evidence export
Signal / filing / customer-voice registry,thermo-fisher-monitor-press-release-dc116258bdf3,Thermo Fisher Scientific Reports First Quarter 2026 Results,https://ir.thermofisher.com/investors/news-events/news/news-details/2026/Thermo-Fisher-Scientific-Reports-First-Quarter-2026-Results/default.aspx,Thermo Fisher Scientific Inc. - Thermo Fisher Scientific Reports First Quarter 2026 Results News Details,Verified,,,All role views / evidence export
Signal / filing / customer-voice registry,sec-thermo-0000097745-26-000086,THERMO FISHER SCIENTIFIC INC. filed 8-K,https://www.sec.gov/Archives/edgar/data/97745/000009774526000086/tmo-20260423.htm,,Unreachable,SEC filing could not be fetched for direct confirmation.,,Competitor Intent / SEC signals
Signal / filing / customer-voice registry,thermo-fisher-monitor-product-page-updated-175929474b04,Thermo Fisher official product page observed,https://www.thermofisher.com/us/en/home/industrial/mass-spectrometry/liquid-chromatography-mass-spectrometry-lc-ms/lc-ms-systems/orbitrap-lc-ms/q-exactive-orbitrap-mass-spectrometers.html,Q Exactive Orbitrap Mass Spectrometers | Thermo Fisher Scientific - US,Verified,Page presence is supported; the legacy claim ID still misleadingly says 'added'.,,All role views / evidence export
Signal / filing / customer-voice registry,thermo-fisher-monitor-technical-insight-f83d75ac14f7,"Neuroscience Takes Flight: How Collaboration, Spaceflight, and Orbitrap Astral MS Are Opening a New Window into Brain Aging",https://www.thermofisher.com/blog/analyteguru/neuroscience-takes-flight-how-collaboration-spaceflight-and-orbitrap-astral-ms-are-opening-a-new-window-into-brain-aging/,"Neuroscience Takes Flight: How Collaboration, Spaceflight, and Orbitrap Astral MS Are Opening a New Window",Verified,,,All role views / evidence export
Signal / filing / customer-voice registry,sec-sciex-0000313616-26-000109,Danaher Corporation filed 8-K,https://www.sec.gov/Archives/edgar/data/313616/000031361626000109/dhr-20260421.htm,,Unreachable,SEC filing could not be fetched for direct confirmation.,,Competitor Intent / SEC signals
Signal / filing / customer-voice registry,sec-sciex-0000313616-26-000107,Danaher Corporation filed 10-Q,https://www.sec.gov/Archives/edgar/data/313616/000031361626000107/dhr-20260327.htm,,Unreachable,SEC filing could not be fetched for direct confirmation.,,Competitor Intent / SEC signals
Signal / filing / customer-voice registry,shimadzu-monitor-press-release-f3189a49c930,Study Reveals How the Viability of Lactic Acid Bacteria Shapes Their Function in the Gut Results of Collaborative Research with Tohoku University and ITO EN Published in the Cell Press journal iScience,https://www.shimadzu.com/news/2026/iy0elwnih0c159yp.html,SHIMADZU CORPORATION : Study Reveals How the Viability of Lactic Acid Bacteria Shapes Their Function,Verified,,,All role views / evidence export
Signal / filing / customer-voice registry,sec-sciex-0001193125-26-160383,Danaher Corporation filed 8-K,https://www.sec.gov/Archives/edgar/data/313616/000119312526160383/d56203d8k.htm,,Unreachable,SEC filing could not be fetched for direct confirmation.,,Competitor Intent / SEC signals
Signal / filing / customer-voice registry,shimadzu-monitor-press-release-db8a4ee1ea2f,"Shimadzu Receives an International iF Design Award 2026 in Three Disciplines—Product Design, Architecture, and Interior Architecture",https://www.shimadzu.com/news/2026/us_ij0twdr--z1bk.html,"SHIMADZU CORPORATION : Shimadzu Receives an International iF Design Award 2026 in Three Disciplines—Product Design,",Verified,,,All role views / evidence export
Signal / filing / customer-voice registry,agilent-monitor-press-release-37f3eb794847,Agilent Showcases Cancer Research Solutions at AACR 2026,https://www.investor.agilent.com/news-and-events/news/news-details/2026/Agilent-Showcases-Cancer-Research-Solutions-at-AACR-2026/default.aspx,"Agilent Technologies, Inc. - Agilent Showcases Cancer Research Solutions at AACR 2026 News Details",Verified,,,All role views / evidence export
Signal / filing / customer-voice registry,shimadzu-monitor-press-release-0c521882273f,SHIMADZU Breakers’ Rina Komokata Receives Mie Prefecture Citizen’s Honor Award,https://www.shimadzu.com/news/2026/es_ffmlcxz0isd6y.html,SHIMADZU CORPORATION : SHIMADZU Breakers’ Rina Komokata Receives Mie Prefecture Citizen’s Honor Award News,Verified,,,All role views / evidence export
Signal / filing / customer-voice registry,perkinelmer-monitor-press-release-37cbd1fb094f,PacBio and Covaris Announce Joint Workflow Enabling HiFi Sequencing of FFPE Tumor Samples,https://www.perkinelmer.com/corporate-and-newsroom/pacbio-and-covaris-announce-joint-workflow-enabling-hifi-sequencing-ffpe-tumor-samples,PacBio and Covaris Announce Joint Workflow Enabling HiFi Sequencing of FFPE Tumor Samples PerkinElmer Sites,Verified,,,All role views / evidence export
Signal / filing / customer-voice registry,agilent-omixai-proteomics-2026,Agilent partners with OmixAI on AI-driven proteomics in South Korea,https://www.agilent.com/about/newsroom/presrel/2026/14apr-ca26012.html,,Unreachable,Strict link result: login/access or redirect wall.,,All role views
Signal / filing / customer-voice registry,shimadzu-monitor-press-release-3290d9ca535c,Launched Industry’s First Micro Compression Testing Machine Capable of Multi-Point Successive Measurement in Conformance Order Contributing to R&D for Carbon Neutrality and Related Fields through Micron-Level material evaluation,https://www.shimadzu.com/news/2026/u7zsp_9ptac8y-ri.html,SHIMADZU CORPORATION : Launched Industry’s First Micro Compression Testing Machine Capable of Multi-Point Successive Measurement,Verified,,,All role views / evidence export
Signal / filing / customer-voice registry,thermo-fisher-monitor-press-release-b706ef6c303c,Thermo Fisher Scientific Expands Global Biobank Leadership Through Strategic Collaboration with PRECISE-SG100K Singapore to Advance Population-Scale Proteomics,https://ir.thermofisher.com/investors/news-events/news/news-details/2026/Thermo-Fisher-Scientific-Expands-Global-Biobank-Leadership-Through-Strategic-Collaboration-with-PRECISE-SG100K-Singapore-to-Advance-Population-Scale-Proteomics/default.aspx,,Unreachable,Strict link result: HTTP response contains an access-control or bot-challenge page.,,All role views
Signal / filing / customer-voice registry,shimadzu-monitor-press-release-6a56f6733e7d,Shimadzu Signs Professional Player Contracts with Tennis Players Hikaru Sato and Hiromi Abe,https://www.shimadzu.com/news/2026/vz_a4k39l-19nqcp.html,SHIMADZU CORPORATION : Shimadzu Signs Professional Player Contracts with Tennis Players Hikaru Sato and Hiromi,Verified,,,All role views / evidence export
Signal / filing / customer-voice registry,perkinelmer-monitor-press-release-b5bee6dd3e17,PerkinElmer Appoints Michael Stubblefield as Chief Executive Officer,https://www.perkinelmer.com/corporate-and-newsroom/covaris-introduces-trucollect-solution-decentralized-whole-blood-collection-and-dna-extraction,PerkinElmer Appoints Michael Stubblefield as Chief Executive Officer PerkinElmer Sites,Verified,,,All role views / evidence export
Signal / filing / customer-voice registry,thermo-fisher-monitor-technical-insight-e4e93afc5acb,What Happens When Glycoproteomics Meets Real-Time LC-MS Decision Making?,https://www.thermofisher.com/blog/analyteguru/what-happens-when-glycoproteomics-meets-real-time-lc-ms-decision-making/,What Happens When Glycoproteomics Meets Real-Time LC-MS Decision Making? - AnalyteGuru,Verified,,,All role views / evidence export
Signal / filing / customer-voice registry,sec-agilent-0001193125-26-142101,"AGILENT TECHNOLOGIES, INC. filed 8-K",https://www.sec.gov/Archives/edgar/data/1090872/000119312526142101/a-20260331.htm,,Unreachable,SEC filing could not be fetched for direct confirmation.,,Competitor Intent / SEC signals
Signal / filing / customer-voice registry,agilent-mumbai-cec-2026,Agilent opens Customer Experience Center in Mumbai,https://www.agilent.com/about/newsroom/presrel/2026/02apr-ca26011.html,,Unreachable,Strict link result: login/access or redirect wall.,,All role views
Signal / filing / customer-voice registry,thermo-fisher-monitor-technical-insight-252772b9d981,"Phosphorylation, ADMA, and O-GlcNAc Analysis on the Orbitrap Excedion Pro Mass Spectrometer",https://www.thermofisher.com/blog/analyteguru/phosphorylation-adma-and-o-glcnac-analysis-on-the-orbitrap-excedion-pro-mass-spectrometer/,"Phosphorylation, ADMA, and O-GlcNAc Analysis on the Orbitrap Excedion Pro Mass Spectrometer - AnalyteGuru",Verified,,,All role views / evidence export
Signal / filing / customer-voice registry,sec-thermo-0000097745-26-000066,THERMO FISHER SCIENTIFIC INC. filed 8-K,https://www.sec.gov/Archives/edgar/data/97745/000009774526000066/tmo-20260324.htm,,Unreachable,SEC filing could not be fetched for direct confirmation.,,Competitor Intent / SEC signals
Signal / filing / customer-voice registry,shimadzu-monitor-press-release-5d6c0db3bf69,Development of a MALDI Mass Spectrometry Method for Serotype Identification of Gene Therapy Vectors Collaborative Study Published in Analytical Chemistry,https://www.shimadzu.com/news/2026/kl7r0r4uj64q9kpv.html,SHIMADZU CORPORATION : Development of a MALDI Mass Spectrometry Method for Serotype Identification of Gene,Verified,,,All role views / evidence export
Signal / filing / customer-voice registry,shimadzu-monitor-press-release-e691485b7639,DOSIMMUNE™ LC-MS/MS Immunosuppressant Analysis Kit Obtains European IVDR Class C Certification Contributing to Therapeutic Drug Monitoring,https://www.shimadzu.com/news/2026/h8vx9je-kascz6do.html,SHIMADZU CORPORATION : DOSIMMUNE™ LC-MS/MS Immunosuppressant Analysis Kit Obtains European IVDR Class C Certification Contributing,Verified,,,All role views / evidence export
Signal / filing / customer-voice registry,sec-agilent-0001193125-26-117614,"AGILENT TECHNOLOGIES, INC. filed 8-K",https://www.sec.gov/Archives/edgar/data/1090872/000119312526117614/a-20260318.htm,,Unreachable,SEC filing could not be fetched for direct confirmation.,,Competitor Intent / SEC signals
Signal / filing / customer-voice registry,sec-agilent-0001193125-26-096487,"AGILENT TECHNOLOGIES, INC. filed 8-K",https://www.sec.gov/Archives/edgar/data/1090872/000119312526096487/a-20260305.htm,,Unreachable,SEC filing could not be fetched for direct confirmation.,,Competitor Intent / SEC signals
Signal / filing / customer-voice registry,thermo-fisher-monitor-technical-insight-d12fd4e1d0a9,Electrospray 101: What to Know About LC-MS Sources – and a First Look at Optispray,https://www.thermofisher.com/blog/analyteguru/electrospray-101-what-to-know-about-lc-ms-sources-and-a-first-look-at-optispray/,Electrospray 101: What to Know About LC-MS Sources - and a First Look at Optispray,Verified,,,All role views / evidence export
Signal / filing / customer-voice registry,shimadzu-monitor-press-release-9f9572aeee0c,Next-Generation Model Offers both Industry-Leading Separation Performance and Ultra-Fast Analysis Release of Nexera X4 Ultra High Performance Liquid Chromatograph,https://www.shimadzu.com/news/2026/k8iri3_20_z4uvwt.html,SHIMADZU CORPORATION : Next-Generation Model Offers both Industry-Leading Separation Performance and Ultra-Fast Analysis Release of,Verified,,,All role views / evidence export
Signal / filing / customer-voice registry,sec-agilent-0001090872-26-000023,"AGILENT TECHNOLOGIES, INC. filed 10-Q",https://www.sec.gov/Archives/edgar/data/1090872/000109087226000023/a-20260131.htm,,Unreachable,SEC filing could not be fetched for direct confirmation.,,Competitor Intent / SEC signals
Signal / filing / customer-voice registry,pubmed-41355705,Angiogenic Biomarkers and Neonatal Outcomes in Suspected Preeclampsia: Retrospective Cohort Study,https://pubmed.ncbi.nlm.nih.gov/41355705/,,Unreachable,Strict link result: strict access failure.,,All role views
Signal / filing / customer-voice registry,sec-thermo-0000097745-26-000018,THERMO FISHER SCIENTIFIC INC. filed 10-K,https://www.sec.gov/Archives/edgar/data/97745/000009774526000018/tmo-20251231.htm,,Unreachable,SEC filing could not be fetched for direct confirmation.,,Competitor Intent / SEC signals
Signal / filing / customer-voice registry,agilent-monitor-press-release-bf9c4c1f6eef,Agilent Reports First-Quarter Fiscal Year 2026 Financial Results,https://www.investor.agilent.com/news-and-events/news/news-details/2026/Agilent-Reports-First-Quarter-Fiscal-Year-2026-Financial-Results/default.aspx,"Agilent Technologies, Inc. - Agilent Reports First-Quarter Fiscal Year 2026 Financial Results News Details",Verified,,,All role views / evidence export
Signal / filing / customer-voice registry,sec-agilent-0001090872-26-000015,"AGILENT TECHNOLOGIES, INC. filed 8-K",https://www.sec.gov/Archives/edgar/data/1090872/000109087226000015/a-20260225.htm,,Unreachable,SEC filing could not be fetched for direct confirmation.,,Competitor Intent / SEC signals
Signal / filing / customer-voice registry,sec-sciex-0000313616-26-000062,Danaher Corporation filed 10-K,https://www.sec.gov/Archives/edgar/data/313616/000031361626000062/dhr-20251231.htm,,Unreachable,SEC filing could not be fetched for direct confirmation.,,Competitor Intent / SEC signals
Signal / filing / customer-voice registry,sec-perkinelmer-0000031791-26-000012,"Revvity, Inc. filed 10-K",https://www.sec.gov/Archives/edgar/data/31791/000003179126000012/revv-20251228.htm,,Unreachable,SEC filing could not be fetched for direct confirmation.,,Competitor Intent / SEC signals
Signal / filing / customer-voice registry,sec-sciex-0001193125-26-053124,Danaher Corporation filed 8-K,https://www.sec.gov/Archives/edgar/data/313616/000119312526053124/d110495d8k.htm,,Unreachable,SEC filing could not be fetched for direct confirmation.,,Competitor Intent / SEC signals
Signal / filing / customer-voice registry,sec-thermo-0001140361-26-005014,THERMO FISHER SCIENTIFIC INC. filed 8-K,https://www.sec.gov/Archives/edgar/data/97745/000114036126005014/ef20065513_8k.htm,,Unreachable,SEC filing could not be fetched for direct confirmation.,,Competitor Intent / SEC signals
Signal / filing / customer-voice registry,shimadzu-monitor-press-release-ec6bc5b5fbee,Enables Reliable Water Quality Analysis for All Users and Reduces Workload through Smooth Operation Release of Nexera IC Ion Chromatograph,https://www.shimadzu.com/news/2026/t0best6lrz8y0uk9.html,SHIMADZU CORPORATION : Enables Reliable Water Quality Analysis for All Users and Reduces Workload through,Verified,,,All role views / evidence export
Signal / filing / customer-voice registry,sec-sciex-0000313616-26-000058,Danaher Corporation filed 8-K,https://www.sec.gov/Archives/edgar/data/313616/000031361626000058/dhr-20260205.htm,,Unreachable,SEC filing could not be fetched for direct confirmation.,,Competitor Intent / SEC signals
Signal / filing / customer-voice registry,pubmed-41506022,Development and validation of a multi-class solid-phase extraction and liquid chromatography tandem mass spectrometry method for emerging contaminants in water,https://pubmed.ncbi.nlm.nih.gov/41506022/,,Unreachable,Strict link result: strict access failure.,,All role views
Signal / filing / customer-voice registry,sciex-monitor-press-release-4d0a7e331929,The Echo® MS+ system integration with the ZenoTOF 8600 system delivers enhanced sensitivity for high-throughput screening,https://sciex.com/about-us/press-releases/2026/the-echor-ms-system-integration-with-the-zenotof-8600-system-delivers-enhanced-sensitivity-for-high-throughput-screening,The Echo® MS+ system integration with the ZenoTOF 8600 system delivers enhanced sensitivity for high-throughput,Verified,,,All role views / evidence export
Signal / filing / customer-voice registry,sec-perkinelmer-0000031791-26-000007,"Revvity, Inc. filed 8-K",https://www.sec.gov/Archives/edgar/data/31791/000003179126000007/pki-20260202.htm,,Unreachable,SEC filing could not be fetched for direct confirmation.,,Competitor Intent / SEC signals
Signal / filing / customer-voice registry,pubmed-41111413,Effect of Parity and Previous Preeclampsia on Maternal Hemodynamics,https://pubmed.ncbi.nlm.nih.gov/41111413/,,Unreachable,Strict link result: strict access failure.,,All role views
Signal / filing / customer-voice registry,sec-thermo-0000097745-26-000012,THERMO FISHER SCIENTIFIC INC. filed 8-K,https://www.sec.gov/Archives/edgar/data/97745/000009774526000012/tmo-20260129.htm,,Unreachable,SEC filing could not be fetched for direct confirmation.,,Competitor Intent / SEC signals
Signal / filing / customer-voice registry,sec-sciex-0000313616-26-000004,Danaher Corporation filed 8-K,https://www.sec.gov/Archives/edgar/data/313616/000031361626000004/dhr-20260128.htm,,Unreachable,SEC filing could not be fetched for direct confirmation.,,Competitor Intent / SEC signals
Signal / filing / customer-voice registry,sec-perkinelmer-0000031791-26-000003,"Revvity, Inc. filed 8-K",https://www.sec.gov/Archives/edgar/data/31791/000003179126000003/pki-20260112.htm,,Unreachable,SEC filing could not be fetched for direct confirmation.,,Competitor Intent / SEC signals
Signal / filing / customer-voice registry,sec-thermo-0001140361-26-000871,THERMO FISHER SCIENTIFIC INC. filed 8-K,https://www.sec.gov/Archives/edgar/data/97745/000114036126000871/ef20062683_8k.htm,,Unreachable,SEC filing could not be fetched for direct confirmation.,,Competitor Intent / SEC signals
Signal / filing / customer-voice registry,sec-sciex-0000313616-26-000002,Danaher Corporation filed 8-K,https://www.sec.gov/Archives/edgar/data/313616/000031361626000002/dhr-20260112.htm,,Unreachable,SEC filing could not be fetched for direct confirmation.,,Competitor Intent / SEC signals
Signal / filing / customer-voice registry,thermo-fisher-monitor-technical-insight-96c800a34b83,How to Cut HPLC Sample Preparation Time for Derivatizing Amino Acids,https://www.thermofisher.com/blog/analyteguru/how-to-cut-hplc-sample-preparation-time-for-derivatizing-amino-acids/,How to Cut HPLC Sample Preparation Time for Derivatizing Amino Acids - AnalyteGuru,Verified,,,All role views / evidence export
Signal / filing / customer-voice registry,pubmed-41422727,Fuzheng Kang'ai Formula suppresses NSCLC by inducing a functional crosstalk between autophagy and ferroptosis via EZH2/DOT1L/H3K79me2 signaling,https://pubmed.ncbi.nlm.nih.gov/41422727/,,Unreachable,Strict link result: strict access failure.,,All role views
Signal / filing / customer-voice registry,pubmed-42312152,A new frame shift pathogenic variant (c.773dupT) in the BCKDHB gene caused MSUD in an infant from north of Iran,https://pubmed.ncbi.nlm.nih.gov/42312152/,,Unreachable,Strict link result: strict access failure.,,All role views
Signal / filing / customer-voice registry,sec-agilent-0001090872-25-000087,"AGILENT TECHNOLOGIES, INC. filed 10-K",https://www.sec.gov/Archives/edgar/data/1090872/000109087225000087/a-20251031.htm,,Unreachable,SEC filing could not be fetched for direct confirmation.,,Competitor Intent / SEC signals
Signal / filing / customer-voice registry,thermo-fisher-monitor-technical-insight-256a54fd0597,Upgrade Smarter: Trade In Your Current LC-MS System and Boost Lab Performance Without Breaking Budget,https://www.thermofisher.com/blog/analyteguru/upgrade-smarter-trade-in-your-current-lc-ms-system-and-boost-lab-performance-without-breaking-budget/,Upgrade Smarter: Trade In Your Current LC-MS System and Boost Lab Performance Without Breaking Budget,Verified,,,All role views / evidence export
Signal / filing / customer-voice registry,pubmed-40841006,Evolution of water-soluble organic aerosol composition from clean days to haze episodes in rural area of North China Plain,https://pubmed.ncbi.nlm.nih.gov/40841006/,,Unreachable,Strict link result: strict access failure.,,All role views
Signal / filing / customer-voice registry,sec-thermo-0001140361-25-043790,THERMO FISHER SCIENTIFIC INC. filed 8-K,https://www.sec.gov/Archives/edgar/data/97745/000114036125043790/ef20060146_8k.htm,,Unreachable,SEC filing could not be fetched for direct confirmation.,,Competitor Intent / SEC signals
Signal / filing / customer-voice registry,sec-agilent-0001090872-25-000070,"AGILENT TECHNOLOGIES, INC. filed 8-K",https://www.sec.gov/Archives/edgar/data/1090872/000109087225000070/a-20251124.htm,,Unreachable,SEC filing could not be fetched for direct confirmation.,,Competitor Intent / SEC signals
Signal / filing / customer-voice registry,sec-sciex-0000313616-25-000198,Danaher Corporation filed 8-K,https://www.sec.gov/Archives/edgar/data/313616/000031361625000198/dhr-20251106.htm,,Unreachable,SEC filing could not be fetched for direct confirmation.,,Competitor Intent / SEC signals
Signal / filing / customer-voice registry,sec-perkinelmer-0000031791-25-000037,"Revvity, Inc. filed 10-Q",https://www.sec.gov/Archives/edgar/data/31791/000003179125000037/revv-20250928.htm,,Unreachable,SEC filing could not be fetched for direct confirmation.,,Competitor Intent / SEC signals
Signal / filing / customer-voice registry,sec-thermo-0000097745-25-000159,THERMO FISHER SCIENTIFIC INC. filed 10-Q,https://www.sec.gov/Archives/edgar/data/97745/000009774525000159/tmo-20250927.htm,,Unreachable,SEC filing could not be fetched for direct confirmation.,,Competitor Intent / SEC signals
Signal / filing / customer-voice registry,sec-thermo-0000097745-25-000156,THERMO FISHER SCIENTIFIC INC. filed 8-K,https://www.sec.gov/Archives/edgar/data/97745/000009774525000156/tmo-20251029.htm,,Unreachable,SEC filing could not be fetched for direct confirmation.,,Competitor Intent / SEC signals
Signal / filing / customer-voice registry,sec-agilent-0001193125-25-251622,"AGILENT TECHNOLOGIES, INC. filed 8-K",https://www.sec.gov/Archives/edgar/data/1090872/000119312525251622/a-20251023.htm,,Unreachable,SEC filing could not be fetched for direct confirmation.,,Competitor Intent / SEC signals
Signal / filing / customer-voice registry,sec-perkinelmer-0000031791-25-000032,"Revvity, Inc. filed 8-K",https://www.sec.gov/Archives/edgar/data/31791/000003179125000032/pki-20251027.htm,,Unreachable,SEC filing could not be fetched for direct confirmation.,,Competitor Intent / SEC signals
Signal / filing / customer-voice registry,thermo-fisher-monitor-technical-insight-ebd4e492a1b9,Unlock High-Performance LC-MS with Factory-Certified Systems from Thermo Fisher Scientific,https://www.thermofisher.com/blog/analyteguru/unlock-high-performance-lc-ms-with-factory-certified-systems-from-thermo-fisher-scientific/,Unlock High-Performance LC-MS with Factory-Certified Systems from Thermo Fisher Scientific - AnalyteGuru,Verified,,,All role views / evidence export
Signal / filing / customer-voice registry,sec-perkinelmer-0001193125-25-249958,"Revvity, Inc. filed 8-K",https://www.sec.gov/Archives/edgar/data/31791/000119312525249958/d52648d8k.htm,,Unreachable,SEC filing could not be fetched for direct confirmation.,,Competitor Intent / SEC signals
Signal / filing / customer-voice registry,sec-thermo-0000097745-25-000150,THERMO FISHER SCIENTIFIC INC. filed 8-K,https://www.sec.gov/Archives/edgar/data/97745/000009774525000150/tmo-20251022.htm,,Unreachable,SEC filing could not be fetched for direct confirmation.,,Competitor Intent / SEC signals
Signal / filing / customer-voice registry,sec-sciex-0000313616-25-000182,Danaher Corporation filed 10-Q,https://www.sec.gov/Archives/edgar/data/313616/000031361625000182/dhr-20250926.htm,,Unreachable,SEC filing could not be fetched for direct confirmation.,,Competitor Intent / SEC signals
Signal / filing / customer-voice registry,sec-sciex-0000313616-25-000180,Danaher Corporation filed 8-K,https://www.sec.gov/Archives/edgar/data/313616/000031361625000180/dhr-20251021.htm,,Unreachable,SEC filing could not be fetched for direct confirmation.,,Competitor Intent / SEC signals
Signal / filing / customer-voice registry,sec-thermo-0001140361-25-037501,THERMO FISHER SCIENTIFIC INC. filed 8-K,https://www.sec.gov/Archives/edgar/data/97745/000114036125037501/ef20056709_8k.htm,,Unreachable,SEC filing could not be fetched for direct confirmation.,,Competitor Intent / SEC signals
Signal / filing / customer-voice registry,thermo-fisher-monitor-technical-insight-63da42085988,Modern Technologies for High-Performance LC-MS Data Transfers,https://www.thermofisher.com/blog/analyteguru/modern-technologies-for-high-performance-lc-ms-data-transfers/,Modern Technologies for High-Performance LC-MS Data Transfers - AnalyteGuru,Verified,,,All role views / evidence export
Signal / filing / customer-voice registry,sec-sciex-0000313616-25-000178,Danaher Corporation filed 8-K,https://www.sec.gov/Archives/edgar/data/313616/000031361625000178/dhr-20250909.htm,,Unreachable,SEC filing could not be fetched for direct confirmation.,,Competitor Intent / SEC signals
Signal / filing / customer-voice registry,sec-thermo-0000097745-25-000111,THERMO FISHER SCIENTIFIC INC. filed 8-K,https://www.sec.gov/Archives/edgar/data/97745/000009774525000111/tmo-20250901.htm,,Unreachable,SEC filing could not be fetched for direct confirmation.,,Competitor Intent / SEC signals
Signal / filing / customer-voice registry,sec-agilent-0001090872-25-000036,"AGILENT TECHNOLOGIES, INC. filed 10-Q",https://www.sec.gov/Archives/edgar/data/1090872/000109087225000036/a-20250731.htm,,Unreachable,SEC filing could not be fetched for direct confirmation.,,Competitor Intent / SEC signals
Signal / filing / customer-voice registry,sec-agilent-0001090872-25-000034,"AGILENT TECHNOLOGIES, INC. filed 8-K",https://www.sec.gov/Archives/edgar/data/1090872/000109087225000034/a-20250827.htm,,Unreachable,SEC filing could not be fetched for direct confirmation.,,Competitor Intent / SEC signals
Signal / filing / customer-voice registry,thermo-fisher-monitor-technical-insight-481c95686c7c,Radical-based Ion Activation and Dissociation,https://www.thermofisher.com/blog/analyteguru/radical-based-ion-activation-and-dissociation/,Radical-based Ion Activation and Dissociation - AnalyteGuru,Verified,,,All role views / evidence export
Signal / filing / customer-voice registry,sec-perkinelmer-0000031791-25-000026,"Revvity, Inc. filed 10-Q",https://www.sec.gov/Archives/edgar/data/31791/000003179125000026/revv-20250629.htm,,Unreachable,SEC filing could not be fetched for direct confirmation.,,Competitor Intent / SEC signals
Signal / filing / customer-voice registry,sec-thermo-0000097745-25-000101,THERMO FISHER SCIENTIFIC INC. filed 10-Q,https://www.sec.gov/Archives/edgar/data/97745/000009774525000101/tmo-20250628.htm,,Unreachable,SEC filing could not be fetched for direct confirmation.,,Competitor Intent / SEC signals
Signal / filing / customer-voice registry,sec-sciex-0000313616-25-000172,Danaher Corporation filed 8-K,https://www.sec.gov/Archives/edgar/data/313616/000031361625000172/dhr-20250728.htm,,Unreachable,SEC filing could not be fetched for direct confirmation.,,Competitor Intent / SEC signals
Signal / filing / customer-voice registry,perkinelmer-covaris-hamilton-automation-2025,PerkinElmer Covaris and Hamilton partner on automated FFPE nucleic-acid extraction,https://www.perkinelmer.com/corporate-and-newsroom/strategic-partnership-between-covaris-and-hamilton-empowers-labs-with-sonication-star,Strategic Partnership between Covaris and Hamilton Empowers Labs with Sonication STAR,Partially supported,"The page resolves, but the exact claim was not located in retained evidence.",,All role views / evidence export
Signal / filing / customer-voice registry,sec-perkinelmer-0000031791-25-000022,"Revvity, Inc. filed 8-K",https://www.sec.gov/Archives/edgar/data/31791/000003179125000022/pki-20250728.htm,,Unreachable,SEC filing could not be fetched for direct confirmation.,,Competitor Intent / SEC signals
Signal / filing / customer-voice registry,sec-sciex-0000313616-25-000155,Danaher Corporation filed 8-K,https://www.sec.gov/Archives/edgar/data/313616/000031361625000155/dhr-20250721.htm,,Unreachable,SEC filing could not be fetched for direct confirmation.,,Competitor Intent / SEC signals
Signal / filing / customer-voice registry,sec-thermo-0000097745-25-000095,THERMO FISHER SCIENTIFIC INC. filed 8-K,https://www.sec.gov/Archives/edgar/data/97745/000009774525000095/tmo-20250723.htm,,Unreachable,SEC filing could not be fetched for direct confirmation.,,Competitor Intent / SEC signals
Signal / filing / customer-voice registry,sec-sciex-0000313616-25-000153,Danaher Corporation filed 10-Q,https://www.sec.gov/Archives/edgar/data/313616/000031361625000153/dhr-20250627.htm,,Unreachable,SEC filing could not be fetched for direct confirmation.,,Competitor Intent / SEC signals
Signal / filing / customer-voice registry,sec-sciex-0000313616-25-000152,Danaher Corporation filed 8-K,https://www.sec.gov/Archives/edgar/data/313616/000031361625000152/dhr-20250722.htm,,Unreachable,SEC filing could not be fetched for direct confirmation.,,Competitor Intent / SEC signals
Signal / filing / customer-voice registry,sec-agilent-0001193125-25-159100,"AGILENT TECHNOLOGIES, INC. filed 8-K",https://www.sec.gov/Archives/edgar/data/1090872/000119312525159100/d866414d8k.htm,,Unreachable,SEC filing could not be fetched for direct confirmation.,,Competitor Intent / SEC signals
Signal / filing / customer-voice registry,perkinelmer-taicang-china-facility-2025,PerkinElmer expands Taicang manufacturing and R&D facility for China strategy,https://www.perkinelmer.com/au/perkinelmer-inaugurates-expanded-taicang-facility-power-china-china-and-beyond-strategy,"PerkinElmer Inaugurates Expanded Taicang Facility to Power “In China, For China – and Beyond”",Partially supported,"The page resolves, but the exact claim was not located in retained evidence.",,All role views / evidence export
Signal / filing / customer-voice registry,sec-agilent-0001090872-25-000021,"AGILENT TECHNOLOGIES, INC. filed 10-Q",https://www.sec.gov/Archives/edgar/data/1090872/000109087225000021/a-20250430.htm,,Unreachable,SEC filing could not be fetched for direct confirmation.,,Competitor Intent / SEC signals
Signal / filing / customer-voice registry,sec-thermo-0000097745-25-000069,THERMO FISHER SCIENTIFIC INC. filed 8-K,https://www.sec.gov/Archives/edgar/data/97745/000009774525000069/tmo-20250521.htm,,Unreachable,SEC filing could not be fetched for direct confirmation.,,Competitor Intent / SEC signals
Signal / filing / customer-voice registry,sec-agilent-0001090872-25-000013,"AGILENT TECHNOLOGIES, INC. filed 8-K",https://www.sec.gov/Archives/edgar/data/1090872/000109087225000013/a-20250528.htm,,Unreachable,SEC filing could not be fetched for direct confirmation.,,Competitor Intent / SEC signals
Signal / filing / customer-voice registry,sec-thermo-0000097745-25-000066,THERMO FISHER SCIENTIFIC INC. filed 8-K,https://www.sec.gov/Archives/edgar/data/97745/000009774525000066/tmo-20250521.htm,,Unreachable,SEC filing could not be fetched for direct confirmation.,,Competitor Intent / SEC signals
Signal / filing / customer-voice registry,sec-agilent-0000950170-25-075587,"AGILENT TECHNOLOGIES, INC. filed 8-K",https://www.sec.gov/Archives/edgar/data/1090872/000095017025075587/a-20250520.htm,,Unreachable,SEC filing could not be fetched for direct confirmation.,,Competitor Intent / SEC signals
Signal / filing / customer-voice registry,sec-sciex-0000313616-25-000110,Danaher Corporation filed 8-K,https://www.sec.gov/Archives/edgar/data/313616/000031361625000110/dhr-20250506.htm,,Unreachable,SEC filing could not be fetched for direct confirmation.,,Competitor Intent / SEC signals
Signal / filing / customer-voice registry,sec-perkinelmer-0000031791-25-000015,"Revvity, Inc. filed 10-Q",https://www.sec.gov/Archives/edgar/data/31791/000003179125000015/revv-20250330.htm,,Unreachable,SEC filing could not be fetched for direct confirmation.,,Competitor Intent / SEC signals
Signal / filing / customer-voice registry,sec-thermo-0000097745-25-000041,THERMO FISHER SCIENTIFIC INC. filed 10-Q,https://www.sec.gov/Archives/edgar/data/97745/000009774525000041/tmo-20250329.htm,,Unreachable,SEC filing could not be fetched for direct confirmation.,,Competitor Intent / SEC signals
Signal / filing / customer-voice registry,sec-agilent-0001193125-25-111596,"AGILENT TECHNOLOGIES, INC. filed 8-K",https://www.sec.gov/Archives/edgar/data/1090872/000119312525111596/d889863d8k.htm,,Unreachable,SEC filing could not be fetched for direct confirmation.,,Competitor Intent / SEC signals
Signal / filing / customer-voice registry,sec-perkinelmer-0000031791-25-000012,"Revvity, Inc. filed 8-K",https://www.sec.gov/Archives/edgar/data/31791/000003179125000012/pki-20250428.htm,,Unreachable,SEC filing could not be fetched for direct confirmation.,,Competitor Intent / SEC signals
Signal / filing / customer-voice registry,sec-perkinelmer-0001193125-25-096747,"Revvity, Inc. filed 8-K",https://www.sec.gov/Archives/edgar/data/31791/000119312525096747/d900630d8k.htm,,Unreachable,SEC filing could not be fetched for direct confirmation.,,Competitor Intent / SEC signals
Signal / filing / customer-voice registry,sec-thermo-0000097745-25-000034,THERMO FISHER SCIENTIFIC INC. filed 8-K,https://www.sec.gov/Archives/edgar/data/97745/000009774525000034/tmo-20250423.htm,,Unreachable,SEC filing could not be fetched for direct confirmation.,,Competitor Intent / SEC signals
Signal / filing / customer-voice registry,sec-sciex-0000313616-25-000090,Danaher Corporation filed 8-K,https://www.sec.gov/Archives/edgar/data/313616/000031361625000090/dhr-20250422.htm,,Unreachable,SEC filing could not be fetched for direct confirmation.,,Competitor Intent / SEC signals
Signal / filing / customer-voice registry,sec-sciex-0000313616-25-000088,Danaher Corporation filed 10-Q,https://www.sec.gov/Archives/edgar/data/313616/000031361625000088/dhr-20250328.htm,,Unreachable,SEC filing could not be fetched for direct confirmation.,,Competitor Intent / SEC signals
Signal / filing / customer-voice registry,sec-agilent-0000950170-25-049516,"AGILENT TECHNOLOGIES, INC. filed 8-K",https://www.sec.gov/Archives/edgar/data/1090872/000095017025049516/a-20250327.htm,,Unreachable,SEC filing could not be fetched for direct confirmation.,,Competitor Intent / SEC signals
Signal / filing / customer-voice registry,sec-agilent-0000950170-25-040344,"AGILENT TECHNOLOGIES, INC. filed 8-K",https://www.sec.gov/Archives/edgar/data/1090872/000095017025040344/a-20250313.htm,,Unreachable,SEC filing could not be fetched for direct confirmation.,,Competitor Intent / SEC signals
Signal / filing / customer-voice registry,sec-agilent-0001090872-25-000010,"AGILENT TECHNOLOGIES, INC. filed 8-K",https://www.sec.gov/Archives/edgar/data/1090872/000109087225000010/a-20250303_d2.htm,,Unreachable,SEC filing could not be fetched for direct confirmation.,,Competitor Intent / SEC signals
Signal / filing / customer-voice registry,sec-agilent-0001090872-25-000008,"AGILENT TECHNOLOGIES, INC. filed 10-Q",https://www.sec.gov/Archives/edgar/data/1090872/000109087225000008/a-20250131.htm,,Unreachable,SEC filing could not be fetched for direct confirmation.,,Competitor Intent / SEC signals
Signal / filing / customer-voice registry,sec-agilent-0001090872-25-000003,"AGILENT TECHNOLOGIES, INC. filed 8-K",https://www.sec.gov/Archives/edgar/data/1090872/000109087225000003/a-20250226.htm,,Unreachable,SEC filing could not be fetched for direct confirmation.,,Competitor Intent / SEC signals
Signal / filing / customer-voice registry,sec-thermo-0000097745-25-000016,THERMO FISHER SCIENTIFIC INC. filed 8-K,https://www.sec.gov/Archives/edgar/data/97745/000009774525000016/tmo-20250225.htm,,Unreachable,SEC filing could not be fetched for direct confirmation.,,Competitor Intent / SEC signals
Signal / filing / customer-voice registry,sec-perkinelmer-0000031791-25-000009,"Revvity, Inc. filed 10-K",https://www.sec.gov/Archives/edgar/data/31791/000003179125000009/revv-20241229.htm,,Unreachable,SEC filing could not be fetched for direct confirmation.,,Competitor Intent / SEC signals
Signal / filing / customer-voice registry,sec-thermo-0000097745-25-000010,THERMO FISHER SCIENTIFIC INC. filed 10-K,https://www.sec.gov/Archives/edgar/data/97745/000009774525000010/tmo-20241231.htm,,Unreachable,SEC filing could not be fetched for direct confirmation.,,Competitor Intent / SEC signals
Signal / filing / customer-voice registry,sec-sciex-0000313616-25-000044,Danaher Corporation filed 8-K,https://www.sec.gov/Archives/edgar/data/313616/000031361625000044/dhr-20250220.htm,,Unreachable,SEC filing could not be fetched for direct confirmation.,,Competitor Intent / SEC signals
Signal / filing / customer-voice registry,sec-sciex-0000313616-25-000043,Danaher Corporation filed 10-K,https://www.sec.gov/Archives/edgar/data/313616/000031361625000043/dhr-20241231.htm,,Unreachable,SEC filing could not be fetched for direct confirmation.,,Competitor Intent / SEC signals
Signal / filing / customer-voice registry,sec-thermo-0000097745-25-000007,THERMO FISHER SCIENTIFIC INC. filed 8-K,https://www.sec.gov/Archives/edgar/data/97745/000009774525000007/tmo-20250219.htm,,Unreachable,SEC filing could not be fetched for direct confirmation.,,Competitor Intent / SEC signals
Signal / filing / customer-voice registry,pubmed-39957899,Targeted screening and profiling of massive components of colistimethate sodium by two-dimensional-liquid chromatography-mass spectrometry based on self-constructed compound database,https://pubmed.ncbi.nlm.nih.gov/39957899/,,Unreachable,Strict link result: strict access failure.,,All role views
Signal / filing / customer-voice registry,sec-perkinelmer-0000031791-25-000006,"Revvity, Inc. filed 8-K",https://www.sec.gov/Archives/edgar/data/31791/000003179125000006/pki-20250131.htm,,Unreachable,SEC filing could not be fetched for direct confirmation.,,Competitor Intent / SEC signals
Signal / filing / customer-voice registry,sec-thermo-0000097745-25-000003,THERMO FISHER SCIENTIFIC INC. filed 8-K,https://www.sec.gov/Archives/edgar/data/97745/000009774525000003/tmo-20250130.htm,,Unreachable,SEC filing could not be fetched for direct confirmation.,,Competitor Intent / SEC signals
Signal / filing / customer-voice registry,sec-sciex-0000313616-25-000004,Danaher Corporation filed 8-K,https://www.sec.gov/Archives/edgar/data/313616/000031361625000004/dhr-20250129.htm,,Unreachable,SEC filing could not be fetched for direct confirmation.,,Competitor Intent / SEC signals
Signal / filing / customer-voice registry,sec-sciex-0000313616-25-000002,Danaher Corporation filed 8-K,https://www.sec.gov/Archives/edgar/data/313616/000031361625000002/dhr-20250113.htm,,Unreachable,SEC filing could not be fetched for direct confirmation.,,Competitor Intent / SEC signals
Signal / filing / customer-voice registry,sec-perkinelmer-0000031791-25-000003,"Revvity, Inc. filed 8-K",https://www.sec.gov/Archives/edgar/data/31791/000003179125000003/pki-20250112.htm,,Unreachable,SEC filing could not be fetched for direct confirmation.,,Competitor Intent / SEC signals
Signal / filing / customer-voice registry,sec-perkinelmer-0001193125-25-002871,"Revvity, Inc. filed 8-K",https://www.sec.gov/Archives/edgar/data/31791/000119312525002871/d915642d8k.htm,,Unreachable,SEC filing could not be fetched for direct confirmation.,,Competitor Intent / SEC signals
Signal / filing / customer-voice registry,pubmed-39884822,Efflux transporters in drug disposition during pregnancy,https://pubmed.ncbi.nlm.nih.gov/39884822/,,Unreachable,Strict link result: strict access failure.,,All role views
Signal / filing / customer-voice registry,pubmed-39759287,Lipid imbalance and inflammatory oxylipin cascade at the maternal-fetal interface in recurrent spontaneous abortion,https://pubmed.ncbi.nlm.nih.gov/39759287/,,Unreachable,Strict link result: strict access failure.,,All role views
Signal / filing / customer-voice registry,sec-agilent-0001090872-24-000049,"AGILENT TECHNOLOGIES, INC. filed 10-K",https://www.sec.gov/Archives/edgar/data/1090872/000109087224000049/a-20241031.htm,,Unreachable,SEC filing could not be fetched for direct confirmation.,,Competitor Intent / SEC signals
Signal / filing / customer-voice registry,sec-agilent-0001090872-24-000045,"AGILENT TECHNOLOGIES, INC. filed 8-K",https://www.sec.gov/Archives/edgar/data/1090872/000109087224000045/a-20241213.htm,,Unreachable,SEC filing could not be fetched for direct confirmation.,,Competitor Intent / SEC signals
Signal / filing / customer-voice registry,sec-sciex-0000313616-24-000251,Danaher Corporation filed 8-K,https://www.sec.gov/Archives/edgar/data/313616/000031361624000251/dhr-20241209.htm,,Unreachable,SEC filing could not be fetched for direct confirmation.,,Competitor Intent / SEC signals
Signal / filing / customer-voice registry,sec-agilent-0001090872-24-000042,"AGILENT TECHNOLOGIES, INC. filed 8-K",https://www.sec.gov/Archives/edgar/data/1090872/000109087224000042/a-20241125.htm,,Unreachable,SEC filing could not be fetched for direct confirmation.,,Competitor Intent / SEC signals
Signal / filing / customer-voice registry,sec-perkinelmer-0000031791-24-000028,"Revvity, Inc. filed 10-Q",https://www.sec.gov/Archives/edgar/data/31791/000003179124000028/pki-20240929.htm,,Unreachable,SEC filing could not be fetched for direct confirmation.,,Competitor Intent / SEC signals
Signal / filing / customer-voice registry,sec-perkinelmer-0000031791-24-000026,"Revvity, Inc. filed 8-K",https://www.sec.gov/Archives/edgar/data/31791/000003179124000026/pki-20241104.htm,,Unreachable,SEC filing could not be fetched for direct confirmation.,,Competitor Intent / SEC signals
Signal / filing / customer-voice registry,sec-thermo-0000097745-24-000046,THERMO FISHER SCIENTIFIC INC. filed 10-Q,https://www.sec.gov/Archives/edgar/data/97745/000009774524000046/tmo-20240928.htm,,Unreachable,SEC filing could not be fetched for direct confirmation.,,Competitor Intent / SEC signals
Signal / filing / customer-voice registry,sec-thermo-0000097745-24-000043,THERMO FISHER SCIENTIFIC INC. filed 8-K,https://www.sec.gov/Archives/edgar/data/97745/000009774524000043/tmo-20241023.htm,,Unreachable,SEC filing could not be fetched for direct confirmation.,,Competitor Intent / SEC signals
Signal / filing / customer-voice registry,sec-sciex-0000313616-24-000223,Danaher Corporation filed 8-K,https://www.sec.gov/Archives/edgar/data/313616/000031361624000223/dhr-20241022.htm,,Unreachable,SEC filing could not be fetched for direct confirmation.,,Competitor Intent / SEC signals
Signal / filing / customer-voice registry,sec-sciex-0000313616-24-000220,Danaher Corporation filed 10-Q,https://www.sec.gov/Archives/edgar/data/313616/000031361624000220/dhr-20240927.htm,,Unreachable,SEC filing could not be fetched for direct confirmation.,,Competitor Intent / SEC signals
Signal / filing / customer-voice registry,pubmed-38158877,Quantitative analysis of tetrahydrocannabinol isomers and other toxicologically relevant drugs in blood,https://pubmed.ncbi.nlm.nih.gov/38158877/,,Unreachable,Strict link result: strict access failure.,,All role views
Signal / filing / customer-voice registry,pubmed-39126342,Simultaneous quantification of icaritin and its novel 3-methylcarbamate prodrug in rat plasma using HPLC-MS/MS and its application to pharmacokinetic study,https://pubmed.ncbi.nlm.nih.gov/39126342/,,Unreachable,Strict link result: strict access failure.,,All role views
Signal / filing / customer-voice registry,sec-agilent-0001193125-24-215906,"AGILENT TECHNOLOGIES, INC. filed 8-K",https://www.sec.gov/Archives/edgar/data/1090872/000119312524215906/d894739d8k.htm,,Unreachable,SEC filing could not be fetched for direct confirmation.,,Competitor Intent / SEC signals
Signal / filing / customer-voice registry,sec-agilent-0001193125-24-214337,"AGILENT TECHNOLOGIES, INC. filed 8-K",https://www.sec.gov/Archives/edgar/data/1090872/000119312524214337/d891217d8k.htm,,Unreachable,SEC filing could not be fetched for direct confirmation.,,Competitor Intent / SEC signals
Signal / filing / customer-voice registry,sec-agilent-0001090872-24-000036,"AGILENT TECHNOLOGIES, INC. filed 8-K",https://www.sec.gov/Archives/edgar/data/1090872/000109087224000036/a-20240903_d2.htm,,Unreachable,SEC filing could not be fetched for direct confirmation.,,Competitor Intent / SEC signals
Signal / filing / customer-voice registry,sec-agilent-0001090872-24-000033,"AGILENT TECHNOLOGIES, INC. filed 10-Q",https://www.sec.gov/Archives/edgar/data/1090872/000109087224000033/a-20240731.htm,,Unreachable,SEC filing could not be fetched for direct confirmation.,,Competitor Intent / SEC signals
Signal / filing / customer-voice registry,sec-agilent-0001090872-24-000024,"AGILENT TECHNOLOGIES, INC. filed 8-K",https://www.sec.gov/Archives/edgar/data/1090872/000109087224000024/a-20240821.htm,,Unreachable,SEC filing could not be fetched for direct confirmation.,,Competitor Intent / SEC signals
Signal / filing / customer-voice registry,pubmed-38685627,Comparison of assay methods for quantifying sex hormone concentrations across the menstrual cycle in rhesus macaques†,https://pubmed.ncbi.nlm.nih.gov/38685627/,,Unreachable,Strict link result: strict access failure.,,All role views
Signal / filing / customer-voice registry,sec-perkinelmer-0000031791-24-000021,"Revvity, Inc. filed 10-Q",https://www.sec.gov/Archives/edgar/data/31791/000003179124000021/pki-20240630.htm,,Unreachable,SEC filing could not be fetched for direct confirmation.,,Competitor Intent / SEC signals
Signal / filing / customer-voice registry,sec-thermo-0000097745-24-000040,THERMO FISHER SCIENTIFIC INC. filed 10-Q,https://www.sec.gov/Archives/edgar/data/97745/000009774524000040/tmo-20240629.htm,,Unreachable,SEC filing could not be fetched for direct confirmation.,,Competitor Intent / SEC signals
Signal / filing / customer-voice registry,sec-perkinelmer-0000031791-24-000018,"Revvity, Inc. filed 8-K",https://www.sec.gov/Archives/edgar/data/31791/000003179124000018/pki-20240729.htm,,Unreachable,SEC filing could not be fetched for direct confirmation.,,Competitor Intent / SEC signals
Signal / filing / customer-voice registry,sec-thermo-0000097745-24-000036,THERMO FISHER SCIENTIFIC INC. filed 8-K,https://www.sec.gov/Archives/edgar/data/97745/000009774524000036/tmo-20240724.htm,,Unreachable,SEC filing could not be fetched for direct confirmation.,,Competitor Intent / SEC signals
Signal / filing / customer-voice registry,sec-sciex-0000313616-24-000188,Danaher Corporation filed 8-K,https://www.sec.gov/Archives/edgar/data/313616/000031361624000188/dhr-20240723.htm,,Unreachable,SEC filing could not be fetched for direct confirmation.,,Competitor Intent / SEC signals
Signal / filing / customer-voice registry,sec-sciex-0000313616-24-000186,Danaher Corporation filed 10-Q,https://www.sec.gov/Archives/edgar/data/313616/000031361624000186/dhr-20240628.htm,,Unreachable,SEC filing could not be fetched for direct confirmation.,,Competitor Intent / SEC signals
Signal / filing / customer-voice registry,sec-thermo-0000950157-24-000978,THERMO FISHER SCIENTIFIC INC. filed 8-K,https://www.sec.gov/Archives/edgar/data/97745/000095015724000978/form8-k.htm,,Unreachable,SEC filing could not be fetched for direct confirmation.,,Competitor Intent / SEC signals
Signal / filing / customer-voice registry,sec-sciex-0000313616-24-000174,Danaher Corporation filed 8-K,https://www.sec.gov/Archives/edgar/data/313616/000031361624000174/dhr-20240616.htm,,Unreachable,SEC filing could not be fetched for direct confirmation.,,Competitor Intent / SEC signals
Signal / filing / customer-voice registry,sec-agilent-0001090872-24-000021,"AGILENT TECHNOLOGIES, INC. filed 10-Q",https://www.sec.gov/Archives/edgar/data/1090872/000109087224000021/a-20240430.htm,,Unreachable,SEC filing could not be fetched for direct confirmation.,,Competitor Intent / SEC signals
Signal / filing / customer-voice registry,sec-agilent-0001090872-24-000017,"AGILENT TECHNOLOGIES, INC. filed 8-K",https://www.sec.gov/Archives/edgar/data/1090872/000109087224000017/a-20240529.htm,,Unreachable,SEC filing could not be fetched for direct confirmation.,,Competitor Intent / SEC signals
Signal / filing / customer-voice registry,sec-thermo-0000097745-24-000026,THERMO FISHER SCIENTIFIC INC. filed 8-K,https://www.sec.gov/Archives/edgar/data/97745/000009774524000026/tmo-20240522.htm,,Unreachable,SEC filing could not be fetched for direct confirmation.,,Competitor Intent / SEC signals
Signal / filing / customer-voice registry,sec-agilent-0000950170-24-064091,"AGILENT TECHNOLOGIES, INC. filed 8-K",https://www.sec.gov/Archives/edgar/data/1090872/000095017024064091/a-20240522.htm,,Unreachable,SEC filing could not be fetched for direct confirmation.,,Competitor Intent / SEC signals
Signal / filing / customer-voice registry,sec-sciex-0000313616-24-000133,Danaher Corporation filed 8-K,https://www.sec.gov/Archives/edgar/data/313616/000031361624000133/dhr-20240507.htm,,Unreachable,SEC filing could not be fetched for direct confirmation.,,Competitor Intent / SEC signals
Signal / filing / customer-voice registry,sec-perkinelmer-0000031791-24-000014,"Revvity, Inc. filed 10-Q",https://www.sec.gov/Archives/edgar/data/31791/000003179124000014/pki-20240331.htm,,Unreachable,SEC filing could not be fetched for direct confirmation.,,Competitor Intent / SEC signals
Signal / filing / customer-voice registry,sec-thermo-0000097745-24-000023,THERMO FISHER SCIENTIFIC INC. filed 10-Q,https://www.sec.gov/Archives/edgar/data/97745/000009774524000023/tmo-20240330.htm,,Unreachable,SEC filing could not be fetched for direct confirmation.,,Competitor Intent / SEC signals
Signal / filing / customer-voice registry,sec-agilent-0000950123-24-003692,"AGILENT TECHNOLOGIES, INC. filed 8-K",https://www.sec.gov/Archives/edgar/data/1090872/000095012324003692/a-20240501.htm,,Unreachable,SEC filing could not be fetched for direct confirmation.,,Competitor Intent / SEC signals
Signal / filing / customer-voice registry,sec-perkinelmer-0001628280-24-018795,"Revvity, Inc. filed 8-K",https://www.sec.gov/Archives/edgar/data/31791/000162828024018795/pki-20240429.htm,,Unreachable,SEC filing could not be fetched for direct confirmation.,,Competitor Intent / SEC signals
Signal / filing / customer-voice registry,sec-thermo-0000097745-24-000019,THERMO FISHER SCIENTIFIC INC. filed 8-K,https://www.sec.gov/Archives/edgar/data/97745/000009774524000019/tmo-20240424.htm,,Unreachable,SEC filing could not be fetched for direct confirmation.,,Competitor Intent / SEC signals
Signal / filing / customer-voice registry,sec-perkinelmer-0001193125-24-110060,"Revvity, Inc. filed 8-K",https://www.sec.gov/Archives/edgar/data/31791/000119312524110060/d817018d8k.htm,,Unreachable,SEC filing could not be fetched for direct confirmation.,,Competitor Intent / SEC signals
Signal / filing / customer-voice registry,sec-sciex-0000313616-24-000106,Danaher Corporation filed 8-K,https://www.sec.gov/Archives/edgar/data/313616/000031361624000106/dhr-20240423.htm,,Unreachable,SEC filing could not be fetched for direct confirmation.,,Competitor Intent / SEC signals
Signal / filing / customer-voice registry,sec-sciex-0000313616-24-000102,Danaher Corporation filed 10-Q,https://www.sec.gov/Archives/edgar/data/313616/000031361624000102/dhr-20240329.htm,,Unreachable,SEC filing could not be fetched for direct confirmation.,,Competitor Intent / SEC signals
Signal / filing / customer-voice registry,sec-agilent-0000950170-24-032163,"AGILENT TECHNOLOGIES, INC. filed 8-K",https://www.sec.gov/Archives/edgar/data/1090872/000095017024032163/a-20240314.htm,,Unreachable,SEC filing could not be fetched for direct confirmation.,,Competitor Intent / SEC signals
Signal / filing / customer-voice registry,sec-agilent-0001090872-24-000011,"AGILENT TECHNOLOGIES, INC. filed 10-Q",https://www.sec.gov/Archives/edgar/data/1090872/000109087224000011/a-20240131.htm,,Unreachable,SEC filing could not be fetched for direct confirmation.,,Competitor Intent / SEC signals
Signal / filing / customer-voice registry,sec-agilent-0001090872-24-000006,"AGILENT TECHNOLOGIES, INC. filed 8-K",https://www.sec.gov/Archives/edgar/data/1090872/000109087224000006/a-20240227.htm,,Unreachable,SEC filing could not be fetched for direct confirmation.,,Competitor Intent / SEC signals
Signal / filing / customer-voice registry,sec-perkinelmer-0000031791-24-000004,"Revvity, Inc. filed 10-K",https://www.sec.gov/Archives/edgar/data/31791/000003179124000004/pki-20231231.htm,,Unreachable,SEC filing could not be fetched for direct confirmation.,,Competitor Intent / SEC signals
Signal / filing / customer-voice registry,sec-thermo-0000097745-24-000007,THERMO FISHER SCIENTIFIC INC. filed 10-K,https://www.sec.gov/Archives/edgar/data/97745/000009774524000007/tmo-20231231.htm,,Unreachable,SEC filing could not be fetched for direct confirmation.,,Competitor Intent / SEC signals
Signal / filing / customer-voice registry,pubmed-38404495,Enhancing Quantitative Analysis of Xenobiotics in Blood Plasma through Cross-Matrix Calibration and Bayesian Hierarchical Modeling,https://pubmed.ncbi.nlm.nih.gov/38404495/,,Unreachable,Strict link result: strict access failure.,,All role views
Signal / filing / customer-voice registry,sec-agilent-0000950170-24-017940,"AGILENT TECHNOLOGIES, INC. filed 8-K",https://www.sec.gov/Archives/edgar/data/1090872/000095017024017940/a-20240220.htm,,Unreachable,SEC filing could not be fetched for direct confirmation.,,Competitor Intent / SEC signals
Signal / filing / customer-voice registry,sec-sciex-0000313616-24-000052,Danaher Corporation filed 10-K,https://www.sec.gov/Archives/edgar/data/313616/000031361624000052/dhr-20231231.htm,,Unreachable,SEC filing could not be fetched for direct confirmation.,,Competitor Intent / SEC signals
Signal / filing / customer-voice registry,sec-sciex-0000313616-24-000046,Danaher Corporation filed 8-K,https://www.sec.gov/Archives/edgar/data/313616/000031361624000046/dhr-20240212.htm,,Unreachable,SEC filing could not be fetched for direct confirmation.,,Competitor Intent / SEC signals
Signal / filing / customer-voice registry,pubmed-38163391,Optimised liquid chromatography tandem mass spectrometry method for the simultaneous quantification of serum vitamin D analogues while also accounting for epimers and isobars,https://pubmed.ncbi.nlm.nih.gov/38163391/,,Unreachable,Strict link result: strict access failure.,,All role views
Signal / filing / customer-voice registry,pubmed-38056380,Prediction of preeclampsia in asymptomatic women,https://pubmed.ncbi.nlm.nih.gov/38056380/,,Unreachable,Strict link result: strict access failure.,,All role views
Signal / filing / customer-voice registry,sec-perkinelmer-0001157523-24-000146,"Revvity, Inc. filed 8-K",https://www.sec.gov/Archives/edgar/data/31791/000115752324000146/a53889507.htm,,Unreachable,SEC filing could not be fetched for direct confirmation.,,Competitor Intent / SEC signals
Signal / filing / customer-voice registry,sec-thermo-0000097745-24-000003,THERMO FISHER SCIENTIFIC INC. filed 8-K,https://www.sec.gov/Archives/edgar/data/97745/000009774524000003/tmo-20240131.htm,,Unreachable,SEC filing could not be fetched for direct confirmation.,,Competitor Intent / SEC signals
Signal / filing / customer-voice registry,sec-sciex-0000313616-24-000006,Danaher Corporation filed 8-K,https://www.sec.gov/Archives/edgar/data/313616/000031361624000006/dhr-20240130.htm,,Unreachable,SEC filing could not be fetched for direct confirmation.,,Competitor Intent / SEC signals
Signal / filing / customer-voice registry,sec-perkinelmer-0001157523-24-000120,"Revvity, Inc. filed 8-K",https://www.sec.gov/Archives/edgar/data/31791/000115752324000120/a53887562.htm,,Unreachable,SEC filing could not be fetched for direct confirmation.,,Competitor Intent / SEC signals
Signal / filing / customer-voice registry,sec-perkinelmer-0001157523-24-000035,"Revvity, Inc. filed 8-K",https://www.sec.gov/Archives/edgar/data/31791/000115752324000035/a53878895.htm,,Unreachable,SEC filing could not be fetched for direct confirmation.,,Competitor Intent / SEC signals
Signal / filing / customer-voice registry,sec-sciex-0000313616-24-000004,Danaher Corporation filed 8-K,https://www.sec.gov/Archives/edgar/data/313616/000031361624000004/dhr-20240108.htm,,Unreachable,SEC filing could not be fetched for direct confirmation.,,Competitor Intent / SEC signals
Signal / filing / customer-voice registry,sec-agilent-0001090872-24-000003,"AGILENT TECHNOLOGIES, INC. filed 8-K",https://www.sec.gov/Archives/edgar/data/1090872/000109087224000003/a-20240105.htm,,Unreachable,SEC filing could not be fetched for direct confirmation.,,Competitor Intent / SEC signals
Signal / filing / customer-voice registry,pubmed-39949573,Characterization of serum metabolome and respiratory microbiota in children with influenza A virus infection,https://pubmed.ncbi.nlm.nih.gov/39949573/,,Unreachable,Strict link result: strict access failure.,,All role views
Signal / filing / customer-voice registry,sec-agilent-0000950170-23-071756,"AGILENT TECHNOLOGIES, INC. filed 8-K",https://www.sec.gov/Archives/edgar/data/1090872/000095017023071756/a-20231220.htm,,Unreachable,SEC filing could not be fetched for direct confirmation.,,Competitor Intent / SEC signals
Signal / filing / customer-voice registry,sec-agilent-0001090872-23-000020,"AGILENT TECHNOLOGIES, INC. filed 10-K",https://www.sec.gov/Archives/edgar/data/1090872/000109087223000020/a-20231031.htm,,Unreachable,SEC filing could not be fetched for direct confirmation.,,Competitor Intent / SEC signals
Signal / filing / customer-voice registry,sec-thermo-0001140361-23-056365,THERMO FISHER SCIENTIFIC INC. filed 8-K,https://www.sec.gov/Archives/edgar/data/97745/000114036123056365/ny20015413x4_8k.htm,,Unreachable,SEC filing could not be fetched for direct confirmation.,,Competitor Intent / SEC signals
Signal / filing / customer-voice registry,sec-agilent-0001090872-23-000018,"AGILENT TECHNOLOGIES, INC. filed 8-K",https://www.sec.gov/Archives/edgar/data/1090872/000109087223000018/a-20231120.htm,,Unreachable,SEC filing could not be fetched for direct confirmation.,,Competitor Intent / SEC signals
Signal / filing / customer-voice registry,sec-thermo-0000097745-23-000072,THERMO FISHER SCIENTIFIC INC. filed 8-K,https://www.sec.gov/Archives/edgar/data/97745/000009774523000072/tmo-20231107.htm,,Unreachable,SEC filing could not be fetched for direct confirmation.,,Competitor Intent / SEC signals
Signal / filing / customer-voice registry,sec-perkinelmer-0000031791-23-000014,"Revvity, Inc. filed 10-Q",https://www.sec.gov/Archives/edgar/data/31791/000003179123000014/pki-20231001.htm,,Unreachable,SEC filing could not be fetched for direct confirmation.,,Competitor Intent / SEC signals
Signal / filing / customer-voice registry,sec-thermo-0000097745-23-000069,THERMO FISHER SCIENTIFIC INC. filed 10-Q,https://www.sec.gov/Archives/edgar/data/97745/000009774523000069/tmo-20230930.htm,,Unreachable,SEC filing could not be fetched for direct confirmation.,,Competitor Intent / SEC signals
Signal / filing / customer-voice registry,sec-agilent-0000950170-23-057148,"AGILENT TECHNOLOGIES, INC. filed 8-K",https://www.sec.gov/Archives/edgar/data/1090872/000095017023057148/a-20231026.htm,,Unreachable,SEC filing could not be fetched for direct confirmation.,,Competitor Intent / SEC signals
Signal / filing / customer-voice registry,sec-perkinelmer-0001157523-23-001568,"Revvity, Inc. filed 8-K",https://www.sec.gov/Archives/edgar/data/31791/000115752323001568/a53701637.htm,,Unreachable,SEC filing could not be fetched for direct confirmation.,,Competitor Intent / SEC signals
Signal / filing / customer-voice registry,sec-thermo-0000097745-23-000065,THERMO FISHER SCIENTIFIC INC. filed 8-K,https://www.sec.gov/Archives/edgar/data/97745/000009774523000065/tmo-20231025.htm,,Unreachable,SEC filing could not be fetched for direct confirmation.,,Competitor Intent / SEC signals
Signal / filing / customer-voice registry,sec-sciex-0000313616-23-000258,Danaher Corporation filed 8-K,https://www.sec.gov/Archives/edgar/data/313616/000031361623000258/dhr-20231024.htm,,Unreachable,SEC filing could not be fetched for direct confirmation.,,Competitor Intent / SEC signals
Signal / filing / customer-voice registry,sec-sciex-0000313616-23-000256,Danaher Corporation filed 10-Q,https://www.sec.gov/Archives/edgar/data/313616/000031361623000256/dhr-20230929.htm,,Unreachable,SEC filing could not be fetched for direct confirmation.,,Competitor Intent / SEC signals
Signal / filing / customer-voice registry,sec-thermo-0000950157-23-001058,THERMO FISHER SCIENTIFIC INC. filed 8-K,https://www.sec.gov/Archives/edgar/data/97745/000095015723001058/form8-k.htm,,Unreachable,SEC filing could not be fetched for direct confirmation.,,Competitor Intent / SEC signals
Signal / filing / customer-voice registry,sec-sciex-0000313616-23-000252,Danaher Corporation filed 8-K,https://www.sec.gov/Archives/edgar/data/313616/000031361623000252/dhr-20230929.htm,,Unreachable,SEC filing could not be fetched for direct confirmation.,,Competitor Intent / SEC signals
Signal / filing / customer-voice registry,sec-sciex-0001140361-23-044482,Danaher Corporation filed 8-K,https://www.sec.gov/Archives/edgar/data/313616/000114036123044482/ef20010872_8k.htm,,Unreachable,SEC filing could not be fetched for direct confirmation.,,Competitor Intent / SEC signals
Signal / filing / customer-voice registry,sec-sciex-0001140361-23-043697,Danaher Corporation filed 8-K,https://www.sec.gov/Archives/edgar/data/313616/000114036123043697/ef2001057_8k.htm,,Unreachable,SEC filing could not be fetched for direct confirmation.,,Competitor Intent / SEC signals
Signal / filing / customer-voice registry,sec-agilent-0000950170-23-046178,"AGILENT TECHNOLOGIES, INC. filed 8-K",https://www.sec.gov/Archives/edgar/data/1090872/000095017023046178/a-20230901.htm,,Unreachable,SEC filing could not be fetched for direct confirmation.,,Competitor Intent / SEC signals
Signal / filing / customer-voice registry,sec-agilent-0001090872-23-000015,"AGILENT TECHNOLOGIES, INC. filed 10-Q",https://www.sec.gov/Archives/edgar/data/1090872/000109087223000015/a-20230731.htm,,Unreachable,SEC filing could not be fetched for direct confirmation.,,Competitor Intent / SEC signals
Signal / filing / customer-voice registry,sec-sciex-0000313616-23-000250,Danaher Corporation filed 8-K,https://www.sec.gov/Archives/edgar/data/313616/000031361623000250/dhr-20230831.htm,,Unreachable,SEC filing could not be fetched for direct confirmation.,,Competitor Intent / SEC signals
Signal / filing / customer-voice registry,sec-agilent-0001090872-23-000013,"AGILENT TECHNOLOGIES, INC. filed 8-K",https://www.sec.gov/Archives/edgar/data/1090872/000109087223000013/a-20230815.htm,,Unreachable,SEC filing could not be fetched for direct confirmation.,,Competitor Intent / SEC signals
Signal / filing / customer-voice registry,sec-sciex-0000313616-23-000244,Danaher Corporation filed 8-K,https://www.sec.gov/Archives/edgar/data/313616/000031361623000244/dhr-20230811.htm,,Unreachable,SEC filing could not be fetched for direct confirmation.,,Competitor Intent / SEC signals
Signal / filing / customer-voice registry,sec-thermo-0001140361-23-039086,THERMO FISHER SCIENTIFIC INC. filed 8-K,https://www.sec.gov/Archives/edgar/data/97745/000114036123039086/brhc20057279_8k.htm,,Unreachable,SEC filing could not be fetched for direct confirmation.,,Competitor Intent / SEC signals
Signal / filing / customer-voice registry,sec-perkinelmer-0000031791-23-000011,"Revvity, Inc. filed 10-Q",https://www.sec.gov/Archives/edgar/data/31791/000003179123000011/pki-20230702.htm,,Unreachable,SEC filing could not be fetched for direct confirmation.,,Competitor Intent / SEC signals
Signal / filing / customer-voice registry,sec-thermo-0001140361-23-038455,THERMO FISHER SCIENTIFIC INC. filed 8-K,https://www.sec.gov/Archives/edgar/data/97745/000114036123038455/ny20009949x3_8k.htm,,Unreachable,SEC filing could not be fetched for direct confirmation.,,Competitor Intent / SEC signals
Signal / filing / customer-voice registry,sec-thermo-0000097745-23-000059,THERMO FISHER SCIENTIFIC INC. filed 10-Q,https://www.sec.gov/Archives/edgar/data/97745/000009774523000059/tmo-20230701.htm,,Unreachable,SEC filing could not be fetched for direct confirmation.,,Competitor Intent / SEC signals
Signal / filing / customer-voice registry,cv-waters-acquity-pressure-leaks,"Public troubleshooting patterns cluster around leaks, pressure behavior, fittings, seals, and repeat diagnostic steps.",https://www.reddit.com/r/CHROMATOGRAPHY/comments/1uk333s/update_uplc_waters_high_pressure_problem/,,Unreachable,Strict link result: login/access or redirect wall.,,All role views
Signal / filing / customer-voice registry,cv-waters-acquity-carryover-autosampler,"Public support and forum signals often frame carryover as a method, needle-wash, sample-path, or maintenance problem that users must narrow manually.",https://www.reddit.com/r/CHROMATOGRAPHY/comments/1h1i93y/waters_acquity_uplc_beh_17_um_21_x_100_mm_column/,,Unreachable,Strict link result: login/access or redirect wall.,,All role views
Signal / filing / customer-voice registry,cv-waters-empower-breeze-software,"Public signals tend to separate compliance strength from day-to-day ease of setup, troubleshooting, and user training.",https://www.reddit.com/r/CHROMATOGRAPHY/comments/1e3y2sy/getting_started_with_empower_3/,,Unreachable,Strict link result: login/access or redirect wall.,,All role views
Signal / filing / customer-voice registry,cv-waters-alliance-legacy-service,"Equipment-page and support-style signals indicate legacy users care about parts, serviceability, data-system compatibility, and known methods.",https://www.labwrench.com/thread/135698/hplc-pump-and-autosampler-preventative-performance-maintenance,,Unreachable,Strict link result: HTTP response contains an access-control or bot-challenge page.,,All role views
Signal / filing / customer-voice registry,cv-waters-arc-method-modernization,"Public source mapping suggests upgrade candidates care about method continuity, familiar operation, validation burden, and lower risk migration.",https://www.reddit.com/r/CHROMATOGRAPHY/comments/1somxpf/waters_acquity_arc_lcms_214_nm_uv_baseline/,,Unreachable,Strict link result: login/access or redirect wall.,,All role views
Signal / filing / customer-voice registry,cv-waters-acquity-performance,Public product positioning and review-source mapping support Waters strength in performance-oriented LC workflows.,https://www.reddit.com/r/CHROMATOGRAPHY/comments/xlr4pf/best_uhplc_on_the_market/,,Unreachable,Strict link result: login/access or redirect wall.,,All role views
Signal / filing / customer-voice registry,cv-agilent-infinity-reliability,Public competitor positioning and review/forum source mapping repeatedly make Agilent a comparison point for routine LC reliability and usability.,https://www.reddit.com/r/CHROMATOGRAPHY/comments/1q24noh/reccomendations_for_new_hplc_system_for_routine/,,Unreachable,Strict link result: login/access or redirect wall.,,All role views
Signal / filing / customer-voice registry,cv-agilent-cost-software,Public lab-community signals often weigh usability and cost alongside instrument reliability.,https://www.reddit.com/r/CHROMATOGRAPHY/comments/1q24noh/reccomendations_for_new_hplc_system_for_routine/,,Unreachable,Strict link result: login/access or redirect wall.,,All role views
Signal / filing / customer-voice registry,cv-thermo-vanquish-ecosystem,Public competitor positioning and forum-source mapping make ecosystem integration a key comparison point.,https://www.reddit.com/r/CHROMATOGRAPHY/comments/1h6lnr0/agilent_1260_hplc_vs_thermo_vanquish_flex/,,Unreachable,Strict link result: login/access or redirect wall.,,All role views
Signal / filing / customer-voice registry,cv-thermo-vanquish-complexity,"Public community signals around integrated workflows often raise training, setup, and troubleshooting complexity.",https://www.reddit.com/r/CHROMATOGRAPHY/comments/1q24noh/reccomendations_for_new_hplc_system_for_routine/,,Unreachable,Strict link result: login/access or redirect wall.,,All role views
Signal / filing / customer-voice registry,cv-shimadzu-nexera-value,Public competitor positioning and review-source mapping support a value/reliability comparison point.,https://www.reddit.com/r/CHROMATOGRAPHY/comments/1q24noh/reccomendations_for_new_hplc_system_for_routine/,,Unreachable,Strict link result: login/access or redirect wall.,,All role views
Signal / filing / customer-voice registry,cv-shimadzu-software-integration,Public source mapping suggests method-transfer and software experience remain meaningful comparison criteria across LC vendors.,https://www.reddit.com/r/CHROMATOGRAPHY/comments/1i7ixun/lab_solutions_frustration/,,Unreachable,Strict link result: login/access or redirect wall.,,All role views
Signal / filing / customer-voice registry,cv-sciex-exionlc-lcms-fit,Public competitor positioning and source mapping make LC-MS workflow integration the main customer-value frame.,https://www.reddit.com/r/CHROMATOGRAPHY/comments/1f4airi/which_hplcmsms/,,Unreachable,Strict link result: login/access or redirect wall.,,All role views
Signal / filing / customer-voice registry,cv-cross-vendor-training,"Across public sources, routine LC pain often appears as training burden, method setup confusion, and reliance on local experts.",https://www.reddit.com/r/CHROMATOGRAPHY/comments/1q24noh/reccomendations_for_new_hplc_system_for_routine/,,Unreachable,Strict link result: login/access or redirect wall.,,All role views
Signal / filing / customer-voice registry,cv-cross-vendor-consumables-cost,"Public review/Q&A style sources often surface total cost, parts, service, and consumables as buying friction.",https://www.reddit.com/r/CHROMATOGRAPHY/comments/1uu27p8/which_lc_ms_brand_is_reliable_and_affordable/,,Unreachable,Strict link result: login/access or redirect wall.,,All role views
Signal / filing / customer-voice registry,cv-waters-targetlynx-data-review,A user processing more than 100 samples across 150 analytes described TargetLynx review as tedious and asked for a faster workflow.,https://www.reddit.com/r/massspectrometry/comments/1uxyipd/efficient_quant_workflow_for_targetlynx/,,Unreachable,Strict link result: login/access or redirect wall.,,All role views
Signal / filing / customer-voice registry,cv-waters-unifi-data-access,"The discussion contrasts MS Quan improvements with concerns about UNIFI, MassLynx, waters_connect, and service-only access.",https://www.reddit.com/r/massspectrometry/comments/1ux1imr/most_frustrating_thing_about_mass_spectrometry/,,Unreachable,Strict link result: login/access or redirect wall.,,All role views
Signal / filing / customer-voice registry,cv-waters-synapt-fluidics,The user could not clear a fluidics-stopped loop until the source-pressure test was identified as the underlying cause.,https://www.reddit.com/r/massspectrometry/comments/1u1dpq6/synapt_nonresponsive_fluidics_purge_issue/,,Unreachable,Strict link result: login/access or redirect wall.,,All role views
Signal / filing / customer-voice registry,cv-waters-cross-vendor-control,Users described coordinating MassLynx with ChemStation and contact closure to run mixed-vendor hardware.,https://www.reddit.com/r/massspectrometry/comments/1up1dlw/best_software_to_use_agilent_g3540a_gc_with/,,Unreachable,Strict link result: login/access or redirect wall.,,All role views
Signal / filing / customer-voice registry,cv-market-vendor-service-comparison,"The discussion explicitly asks users to compare instruments, consumables, software, and human support.",https://www.reddit.com/r/CHROMATOGRAPHY/comments/1sbtsdx/comparing_vendors_and_systems_thoughts/,,Unreachable,Strict link result: login/access or redirect wall.,,All role views
Signal / filing / customer-voice registry,cv-waters-masslynx-conversion-speed,"The user compared MassLynx and open conversion tools for mzML conversion, lock-mass correction, and centroiding.",https://www.reddit.com/r/massspectrometry/comments/1sognqt/what_is_the_fastest_way_to_convert_raw_files_to/,,Unreachable,Strict link result: login/access or redirect wall.,,All role views
Signal / filing / customer-voice registry,cv-waters-imms-data-portability,Users raised UNIFI and waters_connect export constraints while comparing IM-MS platforms and analysis options.,https://www.reddit.com/r/massspectrometry/comments/1rembme/imms_options/,,Unreachable,Strict link result: login/access or redirect wall.,,All role views
Signal / filing / customer-voice registry,cv-waters-columns-driver-integration,The discussion praises Waters LC and consumables but calls the software and third-party driver integration inconsistent.,https://www.reddit.com/r/massspectrometry/comments/1tausv5/ms_is_half_the_equation/,,Unreachable,Strict link result: login/access or redirect wall.,,All role views
Signal / filing / customer-voice registry,cv-market-lcms-vendor-ranking,"Users rejected a single overall ranking and compared vendors by application, hardware, software, and local support.",https://www.reddit.com/r/massspectrometry/comments/1p15xrz/which_company_ranked_1_for_lcms/,,Unreachable,Strict link result: login/access or redirect wall.,,All role views
Signal / filing / customer-voice registry,cv-thermo-sciex-proteomics-fit,"Users compared Thermo and SCIEX systems while discussing Vanquish flow capability, stability, service, and application fit.",https://www.reddit.com/r/massspectrometry/comments/1pw3739/sciex_or_thermo_for_proteomics/,,Unreachable,Strict link result: login/access or redirect wall.,,All role views
Signal / filing / customer-voice registry,cv-market-new-lab-ms-selection,"Users emphasized local service and repair experience alongside TOF, Orbitrap, and application-workflow differences.",https://www.reddit.com/r/massspectrometry/comments/1nlcb3p/new_lab_ms_option_help/,,Unreachable,Strict link result: login/access or redirect wall.,,All role views
Signal / filing / customer-voice registry,cv-agilent-secondhand-serviceability,A user documented restoring network communication on a second-hand Agilent 6550 through embedded-PC troubleshooting.,https://www.reddit.com/r/massspectrometry/comments/1mzna4c/a_record_of_fixing_a_secondhand_agilent_ms/,,Unreachable,Strict link result: login/access or redirect wall.,,All role views
Signal / filing / customer-voice registry,cv-market-service-contracts,The discussion compares service providers and OEM contracts for a mixed chromatography fleet.,https://www.reddit.com/r/CHROMATOGRAPHY/comments/1peddhs/who_consistently_gives_the_best_highest_quality/,,Unreachable,Strict link result: login/access or redirect wall.,,All role views
Signal / filing / customer-voice registry,cv-public-e5eccb8568bea5,﻿ Agilent LCMSMS 6470B vs 6475 - Chromatography Forum Advertisement Register Log in Log in Notifications Notifications Settings You have no notifications See All Quick links Unanswered topics Active topics Search FAQ Get in Touch with Us Chromatography Forum Unanswered topics Active topics Search Log in Register Skip to content Liquid Chromatography Gas Chromatography Hyphenated Techniques Sample Preparation Data Issues Jobs & Announcements FAQs Applications Notes Webinars Learning Hubs Home Chr,https://www.chromforum.org/viewtopic.php?t=122481,Agilent LCMSMS 6470B vs 6475 - Chromatography Forum,Partially supported,"Analyst-authored synthesis, not a verbatim customer quotation; public forums over-represent problem reports and volume does not equal sentiment or prevalence.",,All role views / evidence export
Signal / filing / customer-voice registry,cv-public-60387a73676cf5,﻿ Need help troubleshoot Waters 2410 and 2414 - Chromatography Forum Advertisement Register Log in Log in Notifications Notifications Settings You have no notifications See All Quick links Unanswered topics Active topics Search FAQ Get in Touch with Us Chromatography Forum Unanswered topics Active topics Search Log in Register Skip to content Liquid Chromatography Gas Chromatography Hyphenated Techniques Sample Preparation Data Issues Jobs & Announcements FAQs Applications Notes Webinars Learnin,https://www.chromforum.org/viewtopic.php?t=122404,Need help troubleshoot Waters 2410 and 2414 - Chromatography Forum,Partially supported,"Analyst-authored synthesis, not a verbatim customer quotation; public forums over-represent problem reports and volume does not equal sentiment or prevalence.",,All role views / evidence export
Signal / filing / customer-voice registry,cv-public-1ade4471eb58d9,﻿ Agilent MWD / DAD noise test fail UV and Vis - Chromatography Forum Advertisement Register Log in Log in Notifications Notifications Settings You have no notifications See All Quick links Unanswered topics Active topics Search FAQ Get in Touch with Us Chromatography Forum Unanswered topics Active topics Search Log in Register Skip to content Liquid Chromatography Gas Chromatography Hyphenated Techniques Sample Preparation Data Issues Jobs & Announcements FAQs Applications Notes Webinars Learni,https://www.chromforum.org/viewtopic.php?t=122426,Agilent MWD / DAD noise test fail UV and Vis - Chromatography Forum,Partially supported,"Analyst-authored synthesis, not a verbatim customer quotation; public forums over-represent problem reports and volume does not equal sentiment or prevalence.",,All role views / evidence export
Signal / filing / customer-voice registry,cv-public-0fccea23bf6448,Perfect column for metabolomic purpose!,https://www.selectscience.net/product/acquity-uplc-r-beh-c18-and-c8-columns,Perfect column for metabolomic purpose!,Verified,,,All role views / evidence export
Signal / filing / customer-voice registry,cv-public-13d8655cb1b4c1,"BRS Analytical Services, LLC — CGMP/Finished Pharmaceuticals/Adulterated (2025-09-17) | Chromatography Institute of America dba Compounder’s International Analytical Laboratory — CGMP/Finished Pharmaceutical/API/Adulterated (2025-08-20) | Shiva Analyticals Private Limited — CGMP/Finished Pharmaceuticals/Adulterated (2025-07-23) | Jiangsu Kerbio Medical Technology Group Co. — Good Laboratory Practice (GLP) for Nonclinical Laboratory Studies (2025-07-11) | Green Wave Analytical, LLC — CGMP/Finishe",https://www.fda.gov/inspections-compliance-enforcement-and-criminal-investigations/compliance-actions-and-activities/warning-letters/datatables-data?_format=xlsx&page=0,,Partially supported,"Analyst-authored synthesis, not a verbatim customer quotation; public forums over-represent problem reports and volume does not equal sentiment or prevalence.",,All role views / evidence export
Signal / filing / customer-voice registry,cv-public-d1d7ebe0cd662a,"Procedures not in writing, fully followed (243 citations) | Investigations of discrepancies, failures (164 citations) | Scientifically sound laboratory controls (121 citations) | Cleaning / Sanitizing / Maintenance (95 citations) | Computer control of master formula records (87 citations) | Equipment Design, Size and Location (81 citations) | Written procedures not established/followed (70 citations) | Testing and release for distribution (44 citations)",https://www.fda.gov/media/190190/download?attachment=,,Partially supported,"Analyst-authored synthesis, not a verbatim customer quotation; public forums over-represent problem reports and volume does not equal sentiment or prevalence.",,All role views / evidence export
Signal / filing / customer-voice registry,cv-public-0c831154a6fba6,"﻿ Agilent 1100, ICF, Labview; If not Agilent, then what? - Chromatography Forum Advertisement Register Log in Log in Notifications Notifications Settings You have no notifications See All Quick links Unanswered topics Active topics Search FAQ Get in Touch with Us Chromatography Forum Unanswered topics Active topics Search Log in Register Skip to content Liquid Chromatography Gas Chromatography Hyphenated Techniques Sample Preparation Data Issues Jobs & Announcements FAQs Applications Notes Webin",https://www.chromforum.org/viewtopic.php?t=24303,"Agilent 1100, ICF, Labview; If not Agilent, then what? - Chromatography Forum",Partially supported,"Analyst-authored synthesis, not a verbatim customer quotation; public forums over-represent problem reports and volume does not equal sentiment or prevalence.",,All role views / evidence export
Signal / filing / customer-voice registry,cv-public-cc16c030091d63,"The Waters ARC HPLC is a reliable and user-friendly system for routine analytical work. It provides stable results, good sensitivity, and smooth operation for both research and quality control laboratories. The instrument is easy to maintain, and the software interface makes method development and data analysis straightforward. Overall, it is a dependable HPLC system that delivers consistent performance and is suitable for everyday chromatography needs.",https://www.selectscience.net/product/arc-hplc-system?reviewItem=c6866ce0f446fc50,The Waters ARC HPLC is a reliable and user-friendly system for routine analytical work. It,Verified,,,All role views / evidence export
Signal / filing / customer-voice registry,cv-public-eee1e074ae2ea6,"With the Arc HPLC System, the USP assay for losartan potassium met all of the system suitability requirements, including injection precision <0.5%. Comparison of the Arc HPLC System to competitive HPLC systems demonstrates leading performance in USP efficiency, USP tailing, and injection precision.",https://www.selectscience.net/product/arc-hplc-system?reviewItem=0e5b2545d7d11f15,"With the Arc HPLC System, the USP assay for losartan potassium met all of the",Verified,,,All role views / evidence export
Signal / filing / customer-voice registry,cv-public-2c77a0700a2d26,"The ARC HPLC performed very well in our testing. Unique features, such as Gradient SmartStart, which can adjust the injection relative to the gradient start to emulate other HPLC systems’ dwell volumes, have a practical application to our work, and this instrument has potential to be very beneficial to us.",https://www.selectscience.net/product/arc-hplc-system?reviewItem=0568db63471e745f,"The ARC HPLC performed very well in our testing. Unique features, such as Gradient SmartStart,",Verified,,,All role views / evidence export
Signal / filing / customer-voice registry,cv-public-12d559e69d38c8,Greater robustness and high injection precision reproducibility of the results,https://www.selectscience.net/product/arc-hplc-system?reviewItem=dd59084477b562c5,Greater robustness and high injection precision reproducibility of the results,Verified,,,All role views / evidence export
Signal / filing / customer-voice registry,cv-public-3eb55e657bc774,"Very useful and easy to use to analyse the pharmaceutical molecule, it is also user friendly and gives accurate and precise results.",https://www.selectscience.net/product/arc-hplc-system?reviewItem=823dc30b19dcb94c,"Very useful and easy to use to analyse the pharmaceutical molecule, it is also user",Verified,,,All role views / evidence export
Signal / filing / customer-voice registry,cv-public-f5ff7f3c912428,"The ARC HPLC from Waters is intended to bridge the gap between UPLC and routine HPLC. But, buying this instrument to perform UPLC application would be an accident. This instrument performs well as an HPLC and to an extent, helps in applications which need to use columns with particle sizes between 1.9 & 2.5 µm. The system is very sensitive to high buffer concentrates and easily gets choked and cannot be washed with hot water like the routine Alliance HPLC. Care needs to be taken that the system ",https://www.selectscience.net/product/arc-hplc-system?reviewItem=2ce3f8c184d2244f,Buy Arc HPLC System Read Reviews Arc HPLC System,Partially supported,"Analyst-authored synthesis, not a verbatim customer quotation; public forums over-represent problem reports and volume does not equal sentiment or prevalence.",,All role views / evidence export
Signal / filing / customer-voice registry,cv-public-6c205ec0bb28ba,"Waters new ARC HPLC’s performance has been improved, but cost has stayed relatively flat. Together with the Empower network system it is the best partner of QC analyst especially for pharma industry.",https://www.selectscience.net/product/arc-hplc-system?reviewItem=7438bc9e9e4a06a0,"Waters new ARC HPLC’s performance has been improved, but cost has stayed relatively flat. Together",Verified,,,All role views / evidence export
Signal / filing / customer-voice registry,cv-public-0db57c3dc004de,"Very effective, the results are very accurate and dependable and it’s easy to use. The machine is very easy to maintain.",https://www.selectscience.net/product/arc-hplc-system?reviewItem=6711faeb55e9d989,"Very effective, the results are very accurate and dependable and it’s easy to use. The",Verified,,,All role views / evidence export
Signal / filing / customer-voice registry,cv-public-6a5c25fb4a0f6b,"The best performance ever with the instrument, exceeding expectations in service and support, an intuitive and robust system.",https://www.selectscience.net/product/arc-hplc-system?reviewItem=4c73326f68110cdf,"The best performance ever with the instrument, exceeding expectations in service and support, an intuitive",Verified,,,All role views / evidence export
Signal / filing / customer-voice registry,cv-public-9f31b10bd3ef87,We have a Waters Arc HPLC with QDa in our lab for doing leachable/extractable testing. It is user-friendly and easy to learn for new employees like myself. There is almost no repairs or maintenance required because we never have any problems with it.,https://www.selectscience.net/product/arc-hplc-system?reviewItem=159e7b5e6219fa06,We have a Waters Arc HPLC with QDa in our lab for doing leachable/extractable testing.,Verified,,,All role views / evidence export
Signal / filing / customer-voice registry,cv-public-d2e8289b0a380d,"High-performance equipment, very reliable and effective. It is simple to operate and designed for any analytical activities.",https://www.selectscience.net/product/agilent-1290-infinity-ii-lc-system?reviewItem=b033272462717711,"High-performance equipment, very reliable and effective. It is simple to operate and designed for any",Verified,,,All role views / evidence export
Signal / filing / customer-voice registry,cv-public-13a2a92f0f1d51,The equipment is easy to setup and use. Helps with analysis of multiple samples at one go without having an operator by it. The temperature control on the sample tray allows us to analyze temperature sensitive materials . Analysis is simple on the Chem station software too,https://www.selectscience.net/product/agilent-1290-infinity-ii-lc-system?reviewItem=98dffc09a1644d9b,The equipment is easy to setup and use. Helps with analysis of multiple samples at,Verified,,,All role views / evidence export
Signal / filing / customer-voice registry,cv-public-104717d203d837,Currently using LCMS 1290 for analysing dyes in samples. Personally prefer 1290 over 1260 because less troubleshooting involved using 1290 and it’s ability to withstand higher pressure.,https://www.selectscience.net/product/agilent-1290-infinity-ii-lc-system?reviewItem=adb2baf246f98528,Currently using LCMS 1290 for analysing dyes in samples. Personally prefer 1290 over 1260 because,Verified,,,All role views / evidence export
Signal / filing / customer-voice registry,cv-public-89c5aac487ae87,Agilent LCMSMS 1290 with 6420 has excellent robustness and high sensitivity for analysis of multiple pesticides in multiple food and environmental matrixes. Its method acquisition and data analysis software are user-friendly. My Pesticide Residues Testing laboratory got acceptance z score in many proficiency schemes with this instrument. Excellent choice for covering LC amenable pesticides analysis for compliance with EU-MRL and CAC- MRL.,https://www.selectscience.net/product/agilent-1290-infinity-ii-lc-system?reviewItem=dafea9f68162ad00,Agilent LCMSMS 1290 with 6420 has excellent robustness and high sensitivity for analysis of multiple,Verified,,,All role views / evidence export
Signal / filing / customer-voice registry,cv-public-7745fecc1a06b5,The 1290 Infinity II LC system is a rugged system and has been efficiently working without downtime. I have been a user of this system for three years but it passes the calibration test and qualifications on first trial.,https://www.selectscience.net/product/agilent-1290-infinity-ii-lc-system?reviewItem=566332f51015522f,The 1290 Infinity II LC system is a rugged system and has been efficiently working,Verified,,,All role views / evidence export
Signal / filing / customer-voice registry,cv-public-99f148efd3b631,All products are easy to handle and rugged. Engineer are well supportive at any time.,https://www.selectscience.net/product/agilent-1290-infinity-ii-lc-system?reviewItem=a5bda60eecae55e3,All products are easy to handle and rugged. Engineer are well supportive at any time.,Verified,,,All role views / evidence export
Signal / filing / customer-voice registry,cv-public-d748eb9de540ce,"As an Indian, Agilent is my 1st preference, because their service centre is in India. Within a week they are giving their service. I have personally used their HPLC and GC too. The results are very accurate.",https://www.selectscience.net/product/agilent-1290-infinity-ii-lc-system?reviewItem=239dd59d05feb934,"As an Indian, Agilent is my 1st preference, because their service centre is in India.",Verified,,,All role views / evidence export
Signal / filing / customer-voice registry,cv-public-81c04ca118a0e6,HPLC produce good results which can easily be interpretated,https://www.selectscience.net/product/agilent-1290-infinity-ii-lc-system?reviewItem=c6b950b76c02e348,HPLC produce good results which can easily be interpretated,Verified,,,All role views / evidence export
Signal / filing / customer-voice registry,cv-public-572613d1bb32bc,"It’s perfect for quality control, and easy to use. It is easy to transfer the method to other HPLCs.",https://www.selectscience.net/product/agilent-1290-infinity-ii-lc-system?reviewItem=b55109634f99472b,"It’s perfect for quality control, and easy to use. It is easy to transfer the",Verified,,,All role views / evidence export
Signal / filing / customer-voice registry,cv-public-2f9469de75d8a7,"This instrument is a workhorse in our laboratory. It is easy to use, reliable and when issues arise the service technicians are knowledgeable and onsite in a timely manner. Downtime is minimal with this instrument,.",https://www.selectscience.net/product/agilent-1290-infinity-ii-lc-system?reviewItem=81bf75624c66c500,"This instrument is a workhorse in our laboratory. It is easy to use, reliable and",Verified,,,All role views / evidence export
Signal / filing / customer-voice registry,cv-public-a8ca7a4566f30d,The system is very sensitive for every environmental change. Main disadvantage is that the user can't perform as many test as at agilent lab advisor software.,https://www.selectscience.net/product/thermo-scientific-tm-vanquish-tm-horizon-uhplc-system?reviewItem=fdc4360f02238176,The system is very sensitive for every environmental change. Main disadvantage is that the user,Verified,,,All role views / evidence export
Signal / filing / customer-voice registry,cv-public-24f11d6d65bfb9,"The Thermo Vanquish Horizon is easy to use, quiet, and consistently gives good results.",https://www.selectscience.net/product/thermo-scientific-tm-vanquish-tm-horizon-uhplc-system?reviewItem=418a39a329a4cfef,"The Thermo Vanquish Horizon is easy to use, quiet, and consistently gives good results.",Verified,,,All role views / evidence export
Signal / filing / customer-voice registry,cv-public-c5c21c68448a58,The online sample preparation module with the quaternary pump is the best in the class of UPLC module . Significantly reduce the sample runtime and have best in class solvent management system . Pilot projects and method development is facilities by the 4 mobile phase line which is further given a consistent flow and mixing by the quaternary pump. Further more the advance hand tight ferrules is easy to handle and decreases the void volume significantly . We use tandem MS as primary detector and ,https://www.selectscience.net/product/thermo-scientific-tm-vanquish-tm-flex-quaternary-uhplc-system?reviewItem=0748c03a5da1a2f9,Buy Thermo Scientific™ Vanquish™ Flex Quaternary UHPLC System Read Reviews Thermo Scientific™ Vanquish™ Flex Quaternary,Partially supported,"Analyst-authored synthesis, not a verbatim customer quotation; public forums over-represent problem reports and volume does not equal sentiment or prevalence.",,All role views / evidence export
Signal / filing / customer-voice registry,cv-public-9f07da26f3c446,"Easy to use, Flexible, High repeability, low analysis time. Low RSD values, high seperation.",https://www.selectscience.net/product/thermo-scientific-tm-vanquish-tm-flex-quaternary-uhplc-system?reviewItem=42c5c3a1766ef489,"Easy to use, Flexible, High repeability, low analysis time. Low RSD values, high seperation.",Verified,,,All role views / evidence export
Signal / filing / customer-voice registry,cv-public-fd8c9d537d22b9,"Thermo scientific Vanquish duo UHPLC is robust technology in the area of chromatography. it provide robust, accurate and precise results. ease of use and value for money. efficiently used for increasing productivity.",https://www.selectscience.net/product/thermo-scientific-tm-vanquish-tm-flex-quaternary-uhplc-system?reviewItem=b99c3ec45f4ce267,Thermo scientific Vanquish duo UHPLC is robust technology in the area of chromatography. it provide,Verified,,,All role views / evidence export
Signal / filing / customer-voice registry,cv-public-7b5dc2c804e1ee,Troubleshooting is easy. You can attach two columns in column compartment and run your 2 analyses. Mobile phase consumption is very low.,https://www.selectscience.net/product/thermo-scientific-tm-vanquish-tm-flex-quaternary-uhplc-system?reviewItem=054a29ba26fd3e1a,Troubleshooting is easy. You can attach two columns in column compartment and run your 2,Verified,,,All role views / evidence export
Signal / filing / customer-voice registry,cv-public-68bdf7663bc3c0,"As usual, Thermo gives you all you need for the right price.",https://www.selectscience.net/product/thermo-scientific-tm-vanquish-tm-flex-quaternary-uhplc-system?reviewItem=0dfbed6168201997,"As usual, Thermo gives you all you need for the right price.",Verified,,,All role views / evidence export
Signal / filing / customer-voice registry,cv-public-85cb4ff0959b65,"We received fast reliable results with our new Vanquish. It is a little hard to figure out at first. There is no display like the Ultimates, but it does have a light color system that is pretty cool. Lights on each component change as your samples run. Very nice Thermo.",https://www.selectscience.net/product/thermo-scientific-tm-vanquish-tm-flex-quaternary-uhplc-system?reviewItem=8535ed9e65733277,We received fast reliable results with our new Vanquish. It is a little hard to,Verified,,,All role views / evidence export
Signal / filing / customer-voice registry,cv-public-264938e0355cb7,The machine is able to be expanded in line with your requirements and also to meet your most demanding applications' needs. Laboratory workhorse providing high robustness and reliability. Minimizes training burden.,https://www.selectscience.net/product/thermo-scientific-tm-vanquish-tm-flex-quaternary-uhplc-system?reviewItem=42abce790d69a459,The machine is able to be expanded in line with your requirements and also to,Verified,,,All role views / evidence export
Signal / filing / customer-voice registry,cv-public-8c7db1ec002e43,System and software easy to use. Color coded trays allow for easy set up of samples. Indicator lights allow you to see when the instrument is ready or if there is an error from across the lab. Slight delay in receiving order and installation scheduling. Installation team very informative and was able to train us quickly. Looking to replace a few more HPLCs with this model.,https://www.selectscience.net/product/thermo-scientific-tm-vanquish-tm-flex-quaternary-uhplc-system?reviewItem=37840dac493e2c49,System and software easy to use. Color coded trays allow for easy set up of,Verified,,,All role views / evidence export
Signal / filing / customer-voice registry,cv-public-7d601823ca17a1,Great system with ease of use and reliability. Excellent predictability and durability.,https://www.selectscience.net/product/thermo-scientific-tm-vanquish-tm-flex-quaternary-uhplc-system?reviewItem=ec99819d527a6450,Great system with ease of use and reliability. Excellent predictability and durability.,Verified,,,All role views / evidence export
Signal / filing / customer-voice registry,cv-public-48f8db141d43a6,Equipment is easy to use and install. Great experience with testing and support from sales.,https://www.selectscience.net/product/thermo-scientific-tm-vanquish-tm-flex-quaternary-uhplc-system?reviewItem=4d822ee5a9663b8b,Equipment is easy to use and install. Great experience with testing and support from sales.,Verified,,,All role views / evidence export
Signal / filing / customer-voice registry,cv-public-4b37cfd315562d,An intuitive and easy to use instrument! Instrument runs on script-based tests and can be helpful with routine runs!,https://www.selectscience.net/product/thermo-scientific-tm-vanquish-tm-neo-uhplc-system?reviewItem=736b53b7fc68a6ac,An intuitive and easy to use instrument! Instrument runs on script-based tests and can be,Verified,,,All role views / evidence export
Signal / filing / customer-voice registry,cv-public-64e84654f57294,"The Vanquish systems have continued to push the state of the art in liquid chromatography instrument design. The ease of use, high pressure capabilities, and low system dispersion volumes allows for fast method development, high Chromatographic resolving power, and robust operation.",https://www.selectscience.net/product/thermo-scientific-tm-vanquish-tm-neo-uhplc-system?reviewItem=b1515c6884982023,The Vanquish systems have continued to push the state of the art in liquid chromatography,Verified,,,All role views / evidence export
Signal / filing / customer-voice registry,cv-public-1d4473de78a067,"Designed for researchers pursuing their next scientific breakthrough, the Vanquish Neo UHPLC system is ideal for LC-MS applications in proteomics, precision medicine, translational research, and more.",https://www.selectscience.net/product/thermo-scientific-tm-vanquish-tm-neo-uhplc-system?reviewItem=80e2a812db393ad1,"Designed for researchers pursuing their next scientific breakthrough, the Vanquish Neo UHPLC system is ideal",Verified,,,All role views / evidence export
Signal / filing / customer-voice registry,cv-public-610bb5708bb1dd,"Value for money, higher productivity, functionality of detector is impressive",https://www.selectscience.net/product/thermo-scientific-tm-vanquish-tm-neo-uhplc-system?reviewItem=349c51086249f5b0,"Value for money, higher productivity, functionality of detector is impressive",Verified,,,All role views / evidence export
Signal / filing / customer-voice registry,cv-public-c02c4b0b77c8f0,"The Thermo-Fisher Neo Vanquish is the most advanced HPLC on the market currently. The flexibility, programmability, flow stability and longevity of use witout servie intervention makes this product the most advanced and capabile instrument in the market for high-resolution nano and micro HPLC applications",https://www.selectscience.net/product/thermo-scientific-tm-vanquish-tm-neo-uhplc-system?reviewItem=4c41c48a5c6a8872,"The Thermo-Fisher Neo Vanquish is the most advanced HPLC on the market currently. The flexibility,",Verified,,,All role views / evidence export
Signal / filing / customer-voice registry,cv-public-93a302d8a28e6f,"Value for money, higher productivity, functionality of detector is impressive",https://www.selectscience.net/product/thermo-scientific-tm-vanquish-tm-neo-uhplc-system?reviewItem=b9bd534ca60f5beb,"Value for money, higher productivity, functionality of detector is impressive",Verified,,,All role views / evidence export
Signal / filing / customer-voice registry,cv-public-26a92e7188f2e7,"The Vanquish Neo UHPLC system is very robust and reduces the LC maintanence time drastically for the end-user. The system is very user-friendly and allows a high-throughput. The main selling point for me is the wide-range of flow-rates that can be used, which allows the end-user to switch between micro- and nano-flow easily.",https://www.selectscience.net/product/thermo-scientific-tm-vanquish-tm-neo-uhplc-system?reviewItem=01399f44a3ef54ac,The Vanquish Neo UHPLC system is very robust and reduces the LC maintanence time drastically,Verified,,,All role views / evidence export
Signal / filing / customer-voice registry,cv-public-ecea01e6618a49,"The Vanquish Neo UHPLC from Thermo Fisher Scientific has proven itself in our standard proteome analyzes. Installation and support went without a hitch. I particularly liked the autosampler which can handle three 96 well plates or several vials. Chromatography is great and everything can be controlled remotely or via the touchscreen, which can be used to call up several service tools or ready-made programs or to create ones yourself.",https://www.selectscience.net/product/thermo-scientific-tm-vanquish-tm-neo-uhplc-system?reviewItem=d6f6ddf8ef9fb7b0,The Vanquish Neo UHPLC from Thermo Fisher Scientific has proven itself in our standard proteome,Verified,,,All role views / evidence export
Signal / filing / customer-voice registry,cv-public-59136fc6b74625,"It is easy to use. Easy software, maintenance and local service representative are quick.",https://www.selectscience.net/product/thermo-scientific-tm-vanquish-tm-neo-uhplc-system?reviewItem=6aeb40fce4e8b2d1,"It is easy to use. Easy software, maintenance and local service representative are quick.",Verified,,,All role views / evidence export
Signal / filing / customer-voice registry,cv-public-83d0b7694b2a87,Application versatility with UHPLC-scale usability.,https://www.selectscience.net/product/thermo-scientific-tm-vanquish-tm-neo-uhplc-system?reviewItem=dd5f00c5d17521a6,Application versatility with UHPLC-scale usability.,Verified,,,All role views / evidence export
Signal / filing / customer-voice registry,cv-public-c389194c782b1d,"When comparing different UHPLC instrument from different vendors, we hit a wall with an analytical method for separating 4 (four) components in finished pharmaceutical product, using UPLC or UHPLC columns. Only Nexera UHPLC 40 series gave us results because of the suitable combination of total system volume, dwell volume and injection volume. It is an instrument that could work both as HPLC and UHPLC, which saves money for every laboratory, it is very rigid and could be used 24/7, and the mainte",https://www.selectscience.net/product/nexera-40-series-uhplc?reviewItem=ac56535f2a546b40,Buy Nexera 40 Series UHPLC Read Reviews Nexera 40 Series UHPLC,Partially supported,"Analyst-authored synthesis, not a verbatim customer quotation; public forums over-represent problem reports and volume does not equal sentiment or prevalence.",,All role views / evidence export
Signal / filing / customer-voice registry,cv-public-49bf7659cfb5f6,"The UHPLC software runs smoothly, very simple to use and with many options. Hadrware itself is robust and easy to change consumable. Auto-check is also something useful.",https://www.selectscience.net/product/nexera-40-series-uhplc?reviewItem=d1c3f7aadc2fee7e,"The UHPLC software runs smoothly, very simple to use and with many options. Hadrware itself",Verified,,,All role views / evidence export
Signal / filing / customer-voice registry,cv-public-d7220fe4888a41,One of the best HPLC I have ever worked with,https://www.selectscience.net/product/nexera-40-series-uhplc?reviewItem=1ecd3f34a563ab40,One of the best HPLC I have ever worked with,Verified,,,All role views / evidence export
Signal / filing / customer-voice registry,cv-public-2064e78887f176,"As comparing with other products, Nexera series is the best user friendly model I ever used. Customerization is the most important criteria for every post sale user's. In that case, spincotech provide on time Manpower support on customer requirements.",https://www.selectscience.net/product/nexera-40-series-uhplc?reviewItem=63b6e86e4a9fd5c4,"As comparing with other products, Nexera series is the best user friendly model I ever",Verified,,,All role views / evidence export
Signal / filing / customer-voice registry,cv-public-0c80ca80ccf5d4,"It is quite good addition in lab, it help in reducing the time for new developments and help in stability studies. Services are good enough.",https://www.selectscience.net/product/nexera-40-series-uhplc?reviewItem=59ab8c0ab73f0692,"It is quite good addition in lab, it help in reducing the time for new",Verified,,,All role views / evidence export
Signal / filing / customer-voice registry,cv-public-5165b13c644095,I used this product at different labs its very nice and minimal carry over,https://www.selectscience.net/product/nexera-40-series-uhplc?reviewItem=9dafabbcad96deda,I used this product at different labs its very nice and minimal carry over,Verified,,,All role views / evidence export
Signal / filing / customer-voice registry,cv-public-62eb771aa04e07,"n-series nexera UPLC , it was very simple to use and cost saving for chemicals",https://www.selectscience.net/product/nexera-40-series-uhplc?reviewItem=4ff32d1701a7f81c,"n-series nexera UPLC , it was very simple to use and cost saving for chemicals",Verified,,,All role views / evidence export
Signal / filing / customer-voice registry,cv-public-cdb0b84f54e34d,Very fast and accurate results,https://www.selectscience.net/product/nexera-40-series-uhplc?reviewItem=7788e1c99b3707a6,Very fast and accurate results,Verified,,,All role views / evidence export
Signal / filing / customer-voice registry,cv-public-3a8b3d247ce649,"We have been using Nexera N-Series for two years and we have many developed and validated methods for phytopharmaceuticals. We get great results in terms of accuracy, precision, robustness etc.",https://www.selectscience.net/product/nexera-40-series-uhplc?reviewItem=97867f146bd1ed72,We have been using Nexera N-Series for two years and we have many developed and,Verified,,,All role views / evidence export
Signal / filing / customer-voice registry,cv-public-d1f12e5be66e91,"The UHPLC by shimadzu is an excellent analytical system for quantitative estimation of chemical constituents in the food, plant and animal samples. I use it for estimation of neurotransmitters and plant compounds (Phytochemicals). The system we have here has a diode array and fluorescence detectors which is an efficient set for reproducible results",https://www.selectscience.net/product/nexera-40-series-uhplc?reviewItem=23f89a37438247d6,The UHPLC by shimadzu is an excellent analytical system for quantitative estimation of chemical constituents,Verified,,,All role views / evidence export
Signal / filing / customer-voice registry,cv-public-ee237f985e2751,"Easy to use, efficient in data processing, more process options",https://www.selectscience.net/product/i-series-integrated-u-hplc-systems?reviewItem=a7e66164e9c68aab,"Easy to use, efficient in data processing, more process options",Verified,,,All role views / evidence export
Signal / filing / customer-voice registry,cv-public-e48f0b57c0e22a,Excellent service,https://www.selectscience.net/product/i-series-integrated-u-hplc-systems?reviewItem=2cc644405b0fc909,Excellent service,Verified,,,All role views / evidence export
Signal / filing / customer-voice registry,cv-public-9b6c52c557f0fd,"Like other competitors machines, Shimadzu are still robust for routine work, good repeatability, software is easy to use for calibration, one go gives you your result which lets users feel confidant, also the price good is compared to competitors and the after sale service covers all.",https://www.selectscience.net/product/i-series-integrated-u-hplc-systems?reviewItem=75889baa795ad86e,"Like other competitors machines, Shimadzu are still robust for routine work, good repeatability, software is",Verified,,,All role views / evidence export
Signal / filing / customer-voice registry,cv-public-136a1ae67ece46,Their instruments are easy to use and the main advantage is after sales service.,https://www.selectscience.net/product/i-series-integrated-u-hplc-systems?reviewItem=598b6687c01fa6c2,Their instruments are easy to use and the main advantage is after sales service.,Verified,,,All role views / evidence export
Signal / filing / customer-voice registry,cv-public-79aa8fc02bed16,This UHPLC is easy to start by just following the instruction manual. The instrument itself is pretty robust and easy to take care of. The LC solution software is user-friendly.,https://www.selectscience.net/product/i-series-integrated-u-hplc-systems?reviewItem=c382c6a957df4b26,This UHPLC is easy to start by just following the instruction manual. The instrument itself,Verified,,,All role views / evidence export
Signal / filing / customer-voice registry,cv-public-d89e81c20f2717,The product was easy to use and the after sale service is very good.,https://www.selectscience.net/product/i-series-integrated-u-hplc-systems?reviewItem=f1879f6d392554c7,The product was easy to use and the after sale service is very good.,Verified,,,All role views / evidence export
Signal / filing / customer-voice registry,cv-public-7501f48ec529eb,"Consistent, Rugged and User-friendly",https://www.selectscience.net/product/i-series-integrated-u-hplc-systems?reviewItem=27602c7bf21a7900,"Consistent, Rugged and User-friendly",Verified,,,All role views / evidence export
Signal / filing / customer-voice registry,cv-public-3f9935e05bcf73,It has good services. Better to handle and easy operations. The instrument has good application software used to collect data.,https://www.selectscience.net/product/i-series-integrated-u-hplc-systems?reviewItem=e0620a2efeecf624,It has good services. Better to handle and easy operations. The instrument has good application,Verified,,,All role views / evidence export
Signal / filing / customer-voice registry,cv-public-7a6a75b9fb87db,"Less breakdown, Easy to operate, Intelligent.",https://www.selectscience.net/product/i-series-integrated-u-hplc-systems?reviewItem=3f0e6414642aa906,"Less breakdown, Easy to operate, Intelligent.",Verified,,,All role views / evidence export
Signal / filing / customer-voice registry,cv-public-44b69a1c3d511d,"Efficient system, complies 21CFR, after sales services at door step",https://www.selectscience.net/product/i-series-integrated-u-hplc-systems?reviewItem=4a758f8fedac9057,"Efficient system, complies 21CFR, after sales services at door step",Verified,,,All role views / evidence export
Signal / filing / customer-voice registry,cv-public-fbfe77203233c1,trying to compare to Waters UPLC - Agilent Technologies 1200 Series Rapid Resolution | LabWrench LabWrench is a LabX .com website. Discuss Discuss Sign In | Register My Bench | Log Out Question & Answer Forums Equipment View All Analytical Basic Laboratory Clinical Laboratory GC - Gas Chromatography HPLC - High Performance Liquid Chromatography Life Science Mass Spectrometers Microscopy Pharmaceutical Processing Spectroscopy Supplies and Consumables Service Providers News LabWrench is a LabX .co,https://www.labwrench.com/thread/821/trying-to-compare-to-waters-uplc,,Unreachable,Strict link result: HTTP response contains an access-control or bot-challenge page.,,All role views
Signal / filing / customer-voice registry,cv-public-c9100524c903a1,Flow stoppage | LabWrench LabWrench is a LabX .com website. Discuss Discuss Sign In | Register My Bench | Log Out Question & Answer Forums Equipment View All Analytical Basic Laboratory Clinical Laboratory GC - Gas Chromatography HPLC - High Performance Liquid Chromatography Life Science Mass Spectrometers Microscopy Pharmaceutical Processing Spectroscopy Supplies and Consumables Service Providers News LabWrench is a LabX .com website. Sign In | Register My Bench | Log Out Start a Discussion Sta,https://www.labwrench.com/thread/260254/flow-stoppage,,Unreachable,Strict link result: HTTP response contains an access-control or bot-challenge page.,,All role views
Signal / filing / customer-voice registry,cv-public-6c42f9f420f681,"HPLC Problems, RT off, Compounds missing/not seperating - Waters 600 | LabWrench LabWrench is a LabX .com website. Discuss Discuss Sign In | Register My Bench | Log Out Question & Answer Forums Equipment View All Analytical Basic Laboratory Clinical Laboratory GC - Gas Chromatography HPLC - High Performance Liquid Chromatography Life Science Mass Spectrometers Microscopy Pharmaceutical Processing Spectroscopy Supplies and Consumables Service Providers News LabWrench is a LabX .com website. Sign ",https://www.labwrench.com/thread/13625/hplc-problems-rt-off-compounds-missing-not-seperating,,Unreachable,Strict link result: HTTP response contains an access-control or bot-challenge page.,,All role views
Signal / filing / customer-voice registry,cv-public-b35543a5c0182d,No signal in the ELS detector - Waters ACQUITY UPLC ELS Detector | LabWrench LabWrench is a LabX .com website. Discuss Discuss Sign In | Register My Bench | Log Out Question & Answer Forums Equipment View All Analytical Basic Laboratory Clinical Laboratory GC - Gas Chromatography HPLC - High Performance Liquid Chromatography Life Science Mass Spectrometers Microscopy Pharmaceutical Processing Spectroscopy Supplies and Consumables Service Providers News LabWrench is a LabX .com website. Sign In |,https://www.labwrench.com/thread/112979/no-signal-in-the-els-detector,,Unreachable,Strict link result: HTTP response contains an access-control or bot-challenge page.,,All role views
Signal / filing / customer-voice registry,cv-public-5a428446f2f863,﻿ HPLC vs UHPLC quantification - Chromatography Forum Advertisement Register Log in Log in Notifications Notifications Settings You have no notifications See All Quick links Unanswered topics Active topics Search FAQ Get in Touch with Us Chromatography Forum Unanswered topics Active topics Search Log in Register Skip to content Liquid Chromatography Gas Chromatography Hyphenated Techniques Sample Preparation Data Issues Jobs & Announcements FAQs Applications Notes Webinars Learning Hubs Home Chr,https://www.chromforum.org/viewtopic.php?t=46491,HPLC vs UHPLC quantification - Chromatography Forum,Partially supported,"Analyst-authored synthesis, not a verbatim customer quotation; public forums over-represent problem reports and volume does not equal sentiment or prevalence.",,All role views / evidence export
Signal / filing / customer-voice registry,cv-public-7c776be2bd4e12,﻿ Software (data import) - Chromatography Forum Advertisement Register Log in Log in Notifications Notifications Settings You have no notifications See All Quick links Unanswered topics Active topics Search FAQ Get in Touch with Us Chromatography Forum Unanswered topics Active topics Search Log in Register Skip to content Liquid Chromatography Gas Chromatography Hyphenated Techniques Sample Preparation Data Issues Jobs & Announcements FAQs Applications Notes Webinars Learning Hubs Home Chromatog,https://www.chromforum.org/viewtopic.php?t=45171,Software (data import) - Chromatography Forum,Partially supported,"Analyst-authored synthesis, not a verbatim customer quotation; public forums over-represent problem reports and volume does not equal sentiment or prevalence.",,All role views / evidence export
Signal / filing / customer-voice registry,cv-public-fd28aa07e3c2a5,﻿ Manual Injection: Bigger carryover peaks & diluted samples - Chromatography Forum Advertisement Register Log in Log in Notifications Notifications Settings You have no notifications See All Quick links Unanswered topics Active topics Search FAQ Get in Touch with Us Chromatography Forum Unanswered topics Active topics Search Log in Register Skip to content Liquid Chromatography Gas Chromatography Hyphenated Techniques Sample Preparation Data Issues Jobs & Announcements FAQs Applications Notes W,https://www.chromforum.org/viewtopic.php?t=119394,Manual Injection: Bigger carryover peaks & diluted samples - Chromatography Forum,Partially supported,"Analyst-authored synthesis, not a verbatim customer quotation; public forums over-represent problem reports and volume does not equal sentiment or prevalence.",,All role views / evidence export
Signal / filing / customer-voice registry,cv-public-8630b137e197e8,"Product quality is consistent, and it gives a precise, reproducible and accurate results. Better separation technique for drug samples, and their impurities.",https://www.selectscience.net/product/acquity-uplc-system?reviewItem=9e92cb23643cb02e,"Product quality is consistent, and it gives a precise, reproducible and accurate results. Better separation",Verified,,,All role views / evidence export
Signal / filing / customer-voice registry,cv-public-97836665e8d9a7,Being a user of Waters UPLC for a decade I can say this instrument is very reliable and meets our needs. The service is exceptional,https://www.selectscience.net/product/acquity-uplc-system?reviewItem=8b464302dbd5f2dc,Being a user of Waters UPLC for a decade I can say this instrument is,Verified,,,All role views / evidence export
Signal / filing / customer-voice registry,cv-public-06ac7ad75eac9b,Is a good system can be applied to get saving through of transference of methodologies from HPLC to UPLC.,https://www.selectscience.net/product/acquity-uplc-system?reviewItem=092f02d2c39bb832,Is a good system can be applied to get saving through of transference of methodologies,Verified,,,All role views / evidence export
Signal / filing / customer-voice registry,cv-public-a362715b74acbd,Reproducible and robust,https://www.selectscience.net/product/acquity-uplc-system?reviewItem=2cc06e7fe15169b5,Reproducible and robust,Verified,,,All role views / evidence export
Signal / filing / customer-voice registry,cv-public-7236563486828c,"The system delivers good results for experienced practitioners, and we have produced good data and publications from Waters instruments. However, after using ThermoScientific UPLC system and the software, we gradually realized that the Water software and connection are not as smooth as other vendors, e.g. ThermoScientific and Agilent. Another thing is mass spectrometry data file format conversion and downstream analysis, which is not as convenient and competitive as other vendors, e.g. ThermoSci",https://www.selectscience.net/product/acquity-uplc-system?reviewItem=7c26c12b4f6f1229,Buy ACQUITY UPLC System Read Reviews ACQUITY UPLC System,Partially supported,"Analyst-authored synthesis, not a verbatim customer quotation; public forums over-represent problem reports and volume does not equal sentiment or prevalence.",,All role views / evidence export
Signal / filing / customer-voice registry,cv-public-a951e6a7a6afd5,"Easy to use. Highly accurate and robust with repeatable results. Fully automated, very elaborate and easy to learn software with multiple data generation.",https://www.selectscience.net/product/acquity-uplc-system?reviewItem=6221c8f6f636b7f0,"Easy to use. Highly accurate and robust with repeatable results. Fully automated, very elaborate and",Verified,,,All role views / evidence export
Signal / filing / customer-voice registry,cv-public-3fb9fba899d47e,The advance application helps to deliver the quality assessment of the drug product with accurate and precise results. The run time of the Chromatography of the method can be lessened and analysis time can be reduced to deliver the product dispatches.,https://www.selectscience.net/product/acquity-uplc-system?reviewItem=2edc40de2c9c2caf,The advance application helps to deliver the quality assessment of the drug product with accurate,Verified,,,All role views / evidence export
Signal / filing / customer-voice registry,cv-public-921be38e66b2fc,"The instrument is very useful, enhances the timeline and shorter payback period.",https://www.selectscience.net/product/acquity-uplc-system?reviewItem=80de55562dc487aa,"The instrument is very useful, enhances the timeline and shorter payback period.",Verified,,,All role views / evidence export
Signal / filing / customer-voice registry,cv-public-3848be6ff97a59,Very effective product with solution driven capabilities,https://www.selectscience.net/product/acquity-uplc-system?reviewItem=7a650fe72acf9413,Very effective product with solution driven capabilities,Verified,,,All role views / evidence export
Signal / filing / customer-voice registry,cv-public-d9a5b8e07fa3e5,"The product requires the training, aptitude, and attitude of the users. Carelessness can cause the system to crash. My experience is not very good, but is not ever a problem of the equipment as of the method and the users.",https://www.selectscience.net/product/acquity-uplc-system?reviewItem=798502d0223c581a,"The product requires the training, aptitude, and attitude of the users. Carelessness can cause the",Verified,,,All role views / evidence export
Signal / filing / customer-voice registry,cv-public-5da1cc0b4bb35b,"Reliable, consistent and retrievable results with consistency and instrument durability.",https://www.selectscience.net/product/acquity-uplc-r-i-class-plus-system?reviewItem=3790ce74a9a5e464,"Reliable, consistent and retrievable results with consistency and instrument durability.",Verified,,,All role views / evidence export
Signal / filing / customer-voice registry,cv-public-97a8176357df7c,Waters is overall a robust system for bio analysis,https://www.selectscience.net/product/acquity-uplc-r-i-class-plus-system?reviewItem=311d45a4f3d87b1f,Waters is overall a robust system for bio analysis,Verified,,,All role views / evidence export
Signal / filing / customer-voice registry,cv-public-0eb8bfaf95d447,"This device is trustful tool for analytical uses, plus it's software has user-friendly environment, that help user control the device",https://www.selectscience.net/product/waters-alliance-tm-hplc-system?reviewItem=2cee73bf161b73ee,"This device is trustful tool for analytical uses, plus it's software has user-friendly environment, that",Verified,,,All role views / evidence export
Signal / filing / customer-voice registry,cv-public-622e0e007045b3,"Waters Alliance HPLC refers to high-performance liquid chromatography equipment produced by the company Waters Corporation, it's a well-known brand in the analytical instrumentation field. Waters is recognized for manufacturing high-quality HPLC systems. Good value for money with reproducible results.",https://www.selectscience.net/product/waters-alliance-tm-hplc-system?reviewItem=a509ff1d33fdfedc,"Waters Alliance HPLC refers to high-performance liquid chromatography equipment produced by the company Waters Corporation,",Verified,,,All role views / evidence export
Signal / filing / customer-voice registry,cv-public-1b1ba5b6e72193,"Product quality is consistent it gives a precise, reproducible and accurate results. It is very useful for the analysis of other compounds.",https://www.selectscience.net/product/waters-alliance-tm-hplc-system?reviewItem=63b6de85b057f5c5,"Product quality is consistent it gives a precise, reproducible and accurate results. It is very",Verified,,,All role views / evidence export
Signal / filing / customer-voice registry,cv-public-9db0ef264938bd,"For the impurity profiling, in terms of identification, separation, and characterization, this is a really excellent system",https://www.selectscience.net/product/waters-alliance-tm-hplc-system?reviewItem=2e1995292650a0b1,"For the impurity profiling, in terms of identification, separation, and characterization, this is a really",Verified,,,All role views / evidence export
Signal / filing / customer-voice registry,cv-public-506df99f33ae92,These Instruments are very sturdy and very reliable.,https://www.selectscience.net/product/waters-alliance-tm-hplc-system?reviewItem=461225f48c15e074,These Instruments are very sturdy and very reliable.,Verified,,,All role views / evidence export
Signal / filing / customer-voice registry,cv-public-45bdf87861f1d8,"Products is very good for separation of phenolic, flavanoids and aflatoxin",https://www.selectscience.net/product/waters-alliance-tm-hplc-system?reviewItem=5fc7e28d5781bcf5,"Products is very good for separation of phenolic, flavanoids and aflatoxin",Verified,,,All role views / evidence export
Signal / filing / customer-voice registry,cv-public-a14cbb7f706392,This is very effective product for every aspect of analysis either drug assay or content uniformity or impurities testing. Reproducibility and repeatability results always found within 1% RSD. 21 CFR compliant system with Empower 3 software. System is very robust and rugged and minimum service required for repairing and maintenance.,https://www.selectscience.net/product/waters-alliance-tm-hplc-system?reviewItem=eaf72330eba832e8,This is very effective product for every aspect of analysis either drug assay or content,Verified,,,All role views / evidence export
Signal / filing / customer-voice registry,cv-public-301785c4b8a99e,"The instrument has user-friendly features that makes the user to effectively utilize its capability and technicality to expedite method development activity. Water's HPLC system connected with empower software has much advantage in terms of operation, acquisition of data, review and processing of data is much easier and faster. The system has salient features with robust pumping mechanism that delivers accurate gradient composition of mobile phase and hence, accuracy of gradient methods is not c",https://www.selectscience.net/product/waters-alliance-tm-hplc-system?reviewItem=b6d84af28dba35f8,Buy Waters Alliance™ HPLC System Read Reviews Waters Alliance™ HPLC System,Partially supported,"Analyst-authored synthesis, not a verbatim customer quotation; public forums over-represent problem reports and volume does not equal sentiment or prevalence.",,All role views / evidence export
Signal / filing / customer-voice registry,cv-public-47ceb1f9c931ec,Very easy to learn how to use. Very robust. Very recommended. We have had more than 100 units since 1998.,https://www.selectscience.net/product/waters-alliance-tm-hplc-system?reviewItem=c9153a046a0ebd4d,Very easy to learn how to use. Very robust. Very recommended. We have had more,Verified,,,All role views / evidence export
Signal / filing / customer-voice registry,cv-public-6e9956aa6c8e4e,"Very easy to use, after sales care, higly recommended in all branches of analytical techniques, in my experience in different brands and my own point of view it is the perfect HPLC equipment ever.",https://www.selectscience.net/product/waters-alliance-tm-hplc-system?reviewItem=6ffe2e42ca74773f,"Very easy to use, after sales care, higly recommended in all branches of analytical techniques,",Verified,,,All role views / evidence export
Signal / filing / customer-voice registry,cv-public-ba226c5236d9a9,Excellent Columns with Robust performance. Observed durable with excellent peak shape and resolution for our applications.,https://www.selectscience.net/product/acquity-uplc-beh-columns?reviewItem=7775276515f0bd6b,Excellent Columns with Robust performance. Observed durable with excellent peak shape and resolution for our,Verified,,,All role views / evidence export
Signal / filing / customer-voice registry,cv-public-c8f55e23692c6e,UPLC BEH columns are excellent to develop impurity methods and getting good resolution for close eluting peaks.,https://www.selectscience.net/product/acquity-uplc-beh-columns?reviewItem=af4779fd1d5ac54d,UPLC BEH columns are excellent to develop impurity methods and getting good resolution for close,Verified,,,All role views / evidence export
Signal / filing / customer-voice registry,cv-public-6f20837c8d0afa,Overpriced and it appears that users are forced to buy a new brand of pre-column frit cartridges.,https://www.selectscience.net/product/acquity-uplc-beh-columns?reviewItem=682f15c592bb6a30,Overpriced and it appears that users are forced to buy a new brand of pre-column,Verified,,,All role views / evidence export
Signal / filing / customer-voice registry,cv-public-45d98c26285bd2,"I was looking for a column that was able to yield fast and reliable measurements for a series of pharmaceuticals active substances in medicines. The Acquity UPLC BEH Columns, coupled with Waters UPLC, was a master's choice, allowing great reproducibility with a minimum analysis time.",https://www.selectscience.net/product/acquity-uplc-beh-columns?reviewItem=c9fe78a3a38dd3bd,I was looking for a column that was able to yield fast and reliable measurements,Verified,,,All role views / evidence export
Signal / filing / customer-voice registry,cv-public-eb9a2218e6d244,Excellent sec column for mAbs and how/lmw fragment separation,https://www.selectscience.net/product/acquity-uplc-beh-columns?reviewItem=49a845ee73be6c8b,Excellent sec column for mAbs and how/lmw fragment separation,Verified,,,All role views / evidence export
Signal / filing / customer-voice registry,cv-public-2122e189eec7ab,"These columns just don't quit. They last forever, can be used for a variety of sample types and solvents, easy to use, easy to develop methods with.",https://www.selectscience.net/product/acquity-uplc-beh-columns?reviewItem=0dc1fce5bd3f37a7,"These columns just don't quit. They last forever, can be used for a variety of",Verified,,,All role views / evidence export
Signal / filing / customer-voice registry,cv-public-8b0d4405e240f6,High effectiveness,https://www.selectscience.net/product/acquity-uplc-beh-columns?reviewItem=5f472e32a69dee4d,High effectiveness,Verified,,,All role views / evidence export
Signal / filing / customer-voice registry,cv-public-f060e06b3b1577,Good product.,https://www.selectscience.net/product/acquity-uplc-beh-columns?reviewItem=a5be319de218f915,Good product.,Verified,,,All role views / evidence export
Signal / filing / customer-voice registry,cv-public-8c0b0ef1939c0a,We work on the untargeted analysis of human blood samples for finding the potential novel biomarkers in diseased patients.,https://www.selectscience.net/product/acquity-uplc-beh-columns?reviewItem=57e414c04f7c8fa0,We work on the untargeted analysis of human blood samples for finding the potential novel,Verified,,,All role views / evidence export
Signal / filing / customer-voice registry,cv-public-2d3a756123e912,"The product is very useful for all my analyses. It serves its purpose for various applications both analytical or bioanalytical and it's the most suitable column. It is very durable. It's a column which I can rely on for different kinds of studies. Though I have performed more than 5000 injections still the efficiency of the column is very satisfactory. The results are very reproducible. It is the premier column for method development, the 1.7 um ACQUITY UPLC BEH C18 sorbent provides the most un",https://www.selectscience.net/product/acquity-uplc-beh-columns?reviewItem=107dd2b174d8249c,Buy ACQUITY UPLC BEH Columns Read Reviews ACQUITY UPLC BEH Columns,Partially supported,"Analyst-authored synthesis, not a verbatim customer quotation; public forums over-represent problem reports and volume does not equal sentiment or prevalence.",,All role views / evidence export
Signal / filing / customer-voice registry,cv-public-b044bccae3a98f,Very user friendly equipment that we recommend for any other fast-moving pharmaceutical company,https://www.selectscience.net/product/agilent-1290-infinity-iii-lc-system?reviewItem=42c5a95da8e3d91d,Very user friendly equipment that we recommend for any other fast-moving pharmaceutical company,Verified,,,All role views / evidence export
Signal / filing / customer-voice registry,cv-public-ff4030fef25cf2,"Agilent HPLC/UHPLC systems are known for reliability, ease of use, and strong after‑sales support. They are often preferred in regulated environments where robustness and data integrity are critical, even if they are not the cheapest option.",https://www.selectscience.net/product/agilent-1260-infinity-iii-binary-pump?reviewItem=193d61a060bcaa01,"Agilent HPLC/UHPLC systems are known for reliability, ease of use, and strong after‑sales support. They",Verified,,,All role views / evidence export
Signal / filing / customer-voice registry,cv-public-041f0491bb0658,DIONEX HPLC Ultimate 3000 from Thermo Scientific is good instrument for analysis of toxins in the food safety lab. Giving more precision of results.,https://www.selectscience.net/product/high-performance-liquid-chromatography?reviewItem=cf26ccf9c378b8b3,DIONEX HPLC Ultimate 3000 from Thermo Scientific is good instrument for analysis of toxins in,Verified,,,All role views / evidence export
Signal / filing / customer-voice registry,cv-public-5d7b6321a98db5,"A very complete team, very efficient. Easy to use and with very accurate results. It is one of the most complete and efficient equipment. [Original text: Un equipo muy completo, muy efieciente. Fácil de usar y con resultados muy exactos. Es uno de los equipos mas completos y mas eficientes.]",https://www.selectscience.net/product/high-performance-liquid-chromatography?reviewItem=f524877e9e3ef844,"A very complete team, very efficient. Easy to use and with very accurate results. It",Verified,,,All role views / evidence export
Signal / filing / customer-voice registry,cv-public-124bacd9681716,"Gives perfect results, easy to use and saves data.",https://www.selectscience.net/product/high-performance-liquid-chromatography?reviewItem=9c5de04de3c01894,"Gives perfect results, easy to use and saves data.",Verified,,,All role views / evidence export
Signal / filing / customer-voice registry,cv-public-eed7274fade480,Good reproducibility and accuracy in results. System software is easy to operate. System operation and maintenance is easy even for a novice analyst. Technical support service is very good. Instrumental ruggedness with precision in results is key feature useful in R & D.,https://www.selectscience.net/product/prominence-hplc-system?reviewItem=2250865037572af4,Good reproducibility and accuracy in results. System software is easy to operate. System operation and,Verified,,,All role views / evidence export
Signal / filing / customer-voice registry,cv-public-1137d7fec201a9,"Well HPLC, it's very effective technique for identification, separation or purification process for any research line in Chemistry or Biology,so without HPLC Analysis techinque is useless.",https://www.selectscience.net/product/prominence-hplc-system?reviewItem=6d4de10bfd04f126,"Well HPLC, it's very effective technique for identification, separation or purification process for any research",Verified,,,All role views / evidence export
Signal / filing / customer-voice registry,cv-public-dbf3008cea0fb3,"Very good instrument to rely on for GLP practices with its CS software and effecient service providers for always ready instrument, breakdowns are less and spares are also economical.",https://www.selectscience.net/product/prominence-hplc-system?reviewItem=9b309c16ea8ea3db,Very good instrument to rely on for GLP practices with its CS software and effecient,Verified,,,All role views / evidence export
Signal / filing / customer-voice registry,cv-public-88136fcca3cb8c,This product comes at an affordable price yet provides very robust and reproducible results over time. It has a very simplified LC software platform which makes it quite user friendly. In my personal experience it is a good value-for-money instrument and a must-have for every quality control laboratory that relies on liquid chromatography.,https://www.selectscience.net/product/prominence-hplc-system?reviewItem=af7e7e99964c85a2,This product comes at an affordable price yet provides very robust and reproducible results over,Verified,,,All role views / evidence export
Signal / filing / customer-voice registry,cv-public-d45622fac1b0aa,The instrument is very easy to use and take care of. The software is self explanatory and easy to follow. The column is simple to load and so are the solvents. Data is also very easy to export for analytical use.,https://www.selectscience.net/product/prominence-hplc-system?reviewItem=b1dbfb3392d4cd53,The instrument is very easy to use and take care of. The software is self,Verified,,,All role views / evidence export
Signal / filing / customer-voice registry,cv-public-1c0035058a504e,User friendly and accuracy is good. Minimizes errors.,https://www.selectscience.net/product/prominence-hplc-system?reviewItem=03e2a874b8bdeeba,User friendly and accuracy is good. Minimizes errors.,Verified,,,All role views / evidence export
Signal / filing / customer-voice registry,cv-public-93c747c1c8edef,"The compact HPLC system is easy to use and troubleshooting is simple. The software, Labsoutions, in intuitive and easy. Pressure limit of 4000psi allows us to perform most HPLC analyses.",https://www.selectscience.net/product/prominence-hplc-system?reviewItem=e91ddb42623372a6,"The compact HPLC system is easy to use and troubleshooting is simple. The software, Labsoutions,",Verified,,,All role views / evidence export
Signal / filing / customer-voice registry,cv-public-dcfb077453de2f,The results with this instrument show high precision and it's easy to use and maintain.,https://www.selectscience.net/product/prominence-hplc-system?reviewItem=02cb66dd6558ce1e,The results with this instrument show high precision and it's easy to use and maintain.,Verified,,,All role views / evidence export
Signal / filing / customer-voice registry,cv-public-95b7d4f4e19d63,"Excellent HPLC system and very efficient. Works fine with Excalibur, no need of Labsolutions.",https://www.selectscience.net/product/prominence-hplc-system?reviewItem=daceae579093b6c6,"Excellent HPLC system and very efficient. Works fine with Excalibur, no need of Labsolutions.",Verified,,,All role views / evidence export
Signal / filing / customer-voice registry,cv-public-db122b78850433,"Best quality at low cost, user friendly, easy to handle, more accurate, best product.",https://www.selectscience.net/product/prominence-hplc-system?reviewItem=4a487c5d1c3a7c6d,"Best quality at low cost, user friendly, easy to handle, more accurate, best product.",Verified,,,All role views / evidence export
Signal / filing / customer-voice registry,cv-public-12e62f309992e2,Very good in result and sophisticated,https://www.selectscience.net/product/lc-300-tm-hplc-and-uhplc-system?reviewItem=896608f46269ee1f,Very good in result and sophisticated,Verified,,,All role views / evidence export
Signal / filing / customer-voice registry,cv-public-73976afa869084,"The elegantly designed machine is both easy on the eyes as it is reliable in producing good results. Capable of achieving high quality data and reproducible results even by novice experimenters such as undergraduate students. Relatively easy to use but since it has been installed and used, it has not needed any repairs or maintenance thus far other than the regular tweaks for daily operations. So far so excellent. A good product thus far. Thank you Perkin Elmer.",https://www.selectscience.net/product/lc-300-tm-hplc-and-uhplc-system?reviewItem=c8299bd22468a4f9,The elegantly designed machine is both easy on the eyes as it is reliable in,Verified,,,All role views / evidence export
Signal / filing / customer-voice registry,cv-public-ea1f8b99d49acf,"This is a good product, robust, with very friendly software, meets demanding specifications and is available in different configurations. Este es un buen producto, robusto, con un software muy amigable, cumple especificaciones exigentes y esta disponible en diferentes configuraciones.",https://www.selectscience.net/product/lc-300-tm-hplc-and-uhplc-system?reviewItem=9e7090adb9f4ebb7,"This is a good product, robust, with very friendly software, meets demanding specifications and is",Verified,,,All role views / evidence export
Signal / filing / customer-voice registry,cv-public-e2d71044f3e959,One of the best modern instruments in our Analytical Chemistry Lab.,https://www.selectscience.net/product/lc-300-tm-hplc-and-uhplc-system?reviewItem=7af31a11eb15b674,One of the best modern instruments in our Analytical Chemistry Lab.,Verified,,,All role views / evidence export
Signal / filing / customer-voice registry,cv-public-8229c618270772,"We received this instrument past more than three month from the appointed day due to the delayed assmebly. After the arrival of the instrument we couldn't use it for one month due to a communication problem between the instrument and PC. The problem was resolved by exchange one of its modules. When LC300 is compared with our previous HPLC, LC10 of Shimadzu, it produces larger noise of baseline and the retention times of analytes significantly change thus makes a reliable analysis difficult. In a",https://www.selectscience.net/product/lc-300-tm-hplc-and-uhplc-system?reviewItem=b1ab07e5649e3684,Buy LC 300™ HPLC & UHPLC System Read Reviews LC 300™ HPLC & UHPLC System,Partially supported,"Analyst-authored synthesis, not a verbatim customer quotation; public forums over-represent problem reports and volume does not equal sentiment or prevalence.",,All role views / evidence export
Signal / filing / customer-voice registry,cv-public-3487aca2fb3caf,Applicability is excellent and one of state of Art experience to work with. Extremely precise and sensitive with research exploration and inspiration to enhance research vigor,https://www.selectscience.net/product/lc-300-tm-hplc-and-uhplc-system?reviewItem=f62e0b63f694b571,Applicability is excellent and one of state of Art experience to work with. Extremely precise,Verified,,,All role views / evidence export
Signal / filing / customer-voice registry,cv-public-c62a67217f15f2,Serious software and pump problems - Agilent Technologies 1260 Infinity Quaternary Pump | LabWrench LabWrench is a LabX .com website. Discuss Discuss Sign In | Register My Bench | Log Out Question & Answer Forums Equipment View All Analytical Basic Laboratory Clinical Laboratory GC - Gas Chromatography HPLC - High Performance Liquid Chromatography Life Science Mass Spectrometers Microscopy Pharmaceutical Processing Spectroscopy Supplies and Consumables Service Providers News LabWrench is a LabX ,https://www.labwrench.com/thread/12858/serious-software-and-pump-problems,,Unreachable,Strict link result: HTTP response contains an access-control or bot-challenge page.,,All role views
Signal / filing / customer-voice registry,cv-public-55d11a2209c912,﻿ Retention time drift - Chromatography Forum Advertisement Register Log in Log in Notifications Notifications Settings You have no notifications See All Quick links Unanswered topics Active topics Search FAQ Get in Touch with Us Chromatography Forum Unanswered topics Active topics Search Log in Register Skip to content Liquid Chromatography Gas Chromatography Hyphenated Techniques Sample Preparation Data Issues Jobs & Announcements FAQs Applications Notes Webinars Learning Hubs Home Chromatogra,https://www.chromforum.org/viewtopic.php?t=3574,Retention time drift - Chromatography Forum,Partially supported,"Analyst-authored synthesis, not a verbatim customer quotation; public forums over-represent problem reports and volume does not equal sentiment or prevalence.",,All role views / evidence export
Signal / filing / customer-voice registry,cv-public-3594fb2de4ad02,﻿ LCMS data export to Matlab - Chromatography Forum Advertisement Register Log in Log in Notifications Notifications Settings You have no notifications See All Quick links Unanswered topics Active topics Search FAQ Get in Touch with Us Chromatography Forum Unanswered topics Active topics Search Log in Register Skip to content Liquid Chromatography Gas Chromatography Hyphenated Techniques Sample Preparation Data Issues Jobs & Announcements FAQs Applications Notes Webinars Learning Hubs Home Chrom,https://www.chromforum.org/viewtopic.php?t=12125,LCMS data export to Matlab - Chromatography Forum,Partially supported,"Analyst-authored synthesis, not a verbatim customer quotation; public forums over-represent problem reports and volume does not equal sentiment or prevalence.",,All role views / evidence export
Signal / filing / customer-voice registry,cv-public-585c1845319a3c,﻿ Shimadzu preparative HPLC - PDA Standby problem - Chromatography Forum Advertisement Register Log in Log in Notifications Notifications Settings You have no notifications See All Quick links Unanswered topics Active topics Search FAQ Get in Touch with Us Chromatography Forum Unanswered topics Active topics Search Log in Register Skip to content Liquid Chromatography Gas Chromatography Hyphenated Techniques Sample Preparation Data Issues Jobs & Announcements FAQs Applications Notes Webinars Lea,https://www.chromforum.org/viewtopic.php?t=23778,Shimadzu preparative HPLC - PDA Standby problem - Chromatography Forum,Partially supported,"Analyst-authored synthesis, not a verbatim customer quotation; public forums over-represent problem reports and volume does not equal sentiment or prevalence.",,All role views / evidence export
Signal / filing / customer-voice registry,cv-public-d671eb3c761731,﻿ repairing screen in Waters 2695 - Chromatography Forum Advertisement Register Log in Log in Notifications Notifications Settings You have no notifications See All Quick links Unanswered topics Active topics Search FAQ Get in Touch with Us Chromatography Forum Unanswered topics Active topics Search Log in Register Skip to content Liquid Chromatography Gas Chromatography Hyphenated Techniques Sample Preparation Data Issues Jobs & Announcements FAQs Applications Notes Webinars Learning Hubs Home ,https://www.chromforum.org/viewtopic.php?t=122460,repairing screen in Waters 2695 - Chromatography Forum,Partially supported,"Analyst-authored synthesis, not a verbatim customer quotation; public forums over-represent problem reports and volume does not equal sentiment or prevalence.",,All role views / evidence export
Signal / filing / customer-voice registry,cv-public-e2168960907018,﻿ Shimadzu HPLC - Turning off Gas Detector? - Chromatography Forum Advertisement Register Log in Log in Notifications Notifications Settings You have no notifications See All Quick links Unanswered topics Active topics Search FAQ Get in Touch with Us Chromatography Forum Unanswered topics Active topics Search Log in Register Skip to content Liquid Chromatography Gas Chromatography Hyphenated Techniques Sample Preparation Data Issues Jobs & Announcements FAQs Applications Notes Webinars Learning ,https://www.chromforum.org/viewtopic.php?t=122419,Shimadzu HPLC - Turning off Gas Detector? - Chromatography Forum,Partially supported,"Analyst-authored synthesis, not a verbatim customer quotation; public forums over-represent problem reports and volume does not equal sentiment or prevalence.",,All role views / evidence export
Signal / filing / customer-voice registry,cv-public-6990bc4be6ec94,﻿ Cell tag in an Agilent Max light - Chromatography Forum Advertisement Register Log in Log in Notifications Notifications Settings You have no notifications See All Quick links Unanswered topics Active topics Search FAQ Get in Touch with Us Chromatography Forum Unanswered topics Active topics Search Log in Register Skip to content Liquid Chromatography Gas Chromatography Hyphenated Techniques Sample Preparation Data Issues Jobs & Announcements FAQs Applications Notes Webinars Learning Hubs Home,https://www.chromforum.org/viewtopic.php?t=122420,Cell tag in an Agilent Max light - Chromatography Forum,Partially supported,"Analyst-authored synthesis, not a verbatim customer quotation; public forums over-represent problem reports and volume does not equal sentiment or prevalence.",,All role views / evidence export
Signal / filing / customer-voice registry,cv-public-4e08c577bb693c,﻿ Preparative HPLC of peptides - Agilent 1100 - Chromatography Forum Advertisement Register Log in Log in Notifications Notifications Settings You have no notifications See All Quick links Unanswered topics Active topics Search FAQ Get in Touch with Us Chromatography Forum Unanswered topics Active topics Search Log in Register Skip to content Liquid Chromatography Gas Chromatography Hyphenated Techniques Sample Preparation Data Issues Jobs & Announcements FAQs Applications Notes Webinars Learnin,https://www.chromforum.org/viewtopic.php?t=122410,Preparative HPLC of peptides - Agilent 1100 - Chromatography Forum,Partially supported,"Analyst-authored synthesis, not a verbatim customer quotation; public forums over-represent problem reports and volume does not equal sentiment or prevalence.",,All role views / evidence export
Signal / filing / customer-voice registry,cv-public-1e3b520971852c,﻿ Quick question about tubing in Waters 600 - Chromatography Forum Advertisement Register Log in Log in Notifications Notifications Settings You have no notifications See All Quick links Unanswered topics Active topics Search FAQ Get in Touch with Us Chromatography Forum Unanswered topics Active topics Search Log in Register Skip to content Liquid Chromatography Gas Chromatography Hyphenated Techniques Sample Preparation Data Issues Jobs & Announcements FAQs Applications Notes Webinars Learning ,https://www.chromforum.org/viewtopic.php?t=122288,Quick question about tubing in Waters 600 - Chromatography Forum,Partially supported,"Analyst-authored synthesis, not a verbatim customer quotation; public forums over-represent problem reports and volume does not equal sentiment or prevalence.",,All role views / evidence export
Signal / filing / customer-voice registry,cv-public-3a8f413cdfe1c3,﻿ Agilent 1100 multiple detector configuration - Chromatography Forum Advertisement Register Log in Log in Notifications Notifications Settings You have no notifications See All Quick links Unanswered topics Active topics Search FAQ Get in Touch with Us Chromatography Forum Unanswered topics Active topics Search Log in Register Skip to content Liquid Chromatography Gas Chromatography Hyphenated Techniques Sample Preparation Data Issues Jobs & Announcements FAQs Applications Notes Webinars Learni,https://www.chromforum.org/viewtopic.php?t=122334,Agilent 1100 multiple detector configuration - Chromatography Forum,Partially supported,"Analyst-authored synthesis, not a verbatim customer quotation; public forums over-represent problem reports and volume does not equal sentiment or prevalence.",,All role views / evidence export
Signal / filing / customer-voice registry,cv-public-40087188d44136,﻿ Agilent 1100 overpressure purge open - Chromatography Forum Advertisement Register Log in Log in Notifications Notifications Settings You have no notifications See All Quick links Unanswered topics Active topics Search FAQ Get in Touch with Us Chromatography Forum Unanswered topics Active topics Search Log in Register Skip to content Liquid Chromatography Gas Chromatography Hyphenated Techniques Sample Preparation Data Issues Jobs & Announcements FAQs Applications Notes Webinars Learning Hubs ,https://www.chromforum.org/viewtopic.php?t=122324,Agilent 1100 overpressure purge open - Chromatography Forum,Partially supported,"Analyst-authored synthesis, not a verbatim customer quotation; public forums over-represent problem reports and volume does not equal sentiment or prevalence.",,All role views / evidence export
Signal / filing / customer-voice registry,cv-public-6a2d59b757a697,﻿ Large water dip on ICS-6000 - Chromatography Forum Advertisement Register Log in Log in Notifications Notifications Settings You have no notifications See All Quick links Unanswered topics Active topics Search FAQ Get in Touch with Us Chromatography Forum Unanswered topics Active topics Search Log in Register Skip to content Liquid Chromatography Gas Chromatography Hyphenated Techniques Sample Preparation Data Issues Jobs & Announcements FAQs Applications Notes Webinars Learning Hubs Home Chro,https://www.chromforum.org/viewtopic.php?p=463296,Large water dip on ICS-6000 - Chromatography Forum,Partially supported,"Analyst-authored synthesis, not a verbatim customer quotation; public forums over-represent problem reports and volume does not equal sentiment or prevalence.",,All role views / evidence export
Signal / filing / customer-voice registry,cv-public-bc75449102139c,﻿ Sudden Unknown Peak During HPLC Validation – Need Advice - Chromatography Forum Advertisement Register Log in Log in Notifications Notifications Settings You have no notifications See All Quick links Unanswered topics Active topics Search FAQ Get in Touch with Us Chromatography Forum Unanswered topics Active topics Search Log in Register Skip to content Liquid Chromatography Gas Chromatography Hyphenated Techniques Sample Preparation Data Issues Jobs & Announcements FAQs Applications Notes Web,https://www.chromforum.org/viewtopic.php?p=455950,Sudden Unknown Peak During HPLC Validation – Need Advice - Chromatography Forum,Partially supported,"Analyst-authored synthesis, not a verbatim customer quotation; public forums over-represent problem reports and volume does not equal sentiment or prevalence.",,All role views / evidence export
Signal / filing / customer-voice registry,cv-public-28a09c7634f2b6,﻿ Shimadzu HPLCs? - Chromatography Forum Advertisement Register Log in Log in Notifications Notifications Settings You have no notifications See All Quick links Unanswered topics Active topics Search FAQ Get in Touch with Us Chromatography Forum Unanswered topics Active topics Search Log in Register Skip to content Liquid Chromatography Gas Chromatography Hyphenated Techniques Sample Preparation Data Issues Jobs & Announcements FAQs Applications Notes Webinars Learning Hubs Home Chromatography L,https://www.chromforum.org/viewtopic.php?t=122479,Shimadzu HPLCs? - Chromatography Forum,Partially supported,"Analyst-authored synthesis, not a verbatim customer quotation; public forums over-represent problem reports and volume does not equal sentiment or prevalence.",,All role views / evidence export
Signal / filing / customer-voice registry,agilent-lc-lcms-pharma-apac-growth-2026-q2,"Agilent says LC and LC-MS are helping drive pharma, APAC, and advanced-materials growth",https://www.sec.gov/Archives/edgar/data/1090872/000109087226000055/a-20260430.htm,,Unreachable,Strict link result: strict access failure.,,All role views
Signal / filing / customer-voice registry,agilent-crosslab-service-growth-2026-q2,Agilent CrossLab and services growth points to lifecycle/service differentiation,https://www.sec.gov/Archives/edgar/data/1090872/000109087226000055/a-20260430.htm,,Unreachable,Strict link result: strict access failure.,,All role views
Signal / filing / customer-voice registry,thermo-bioproduction-chrom-ms-2026-q1,Thermo is pairing bioproduction investment with chromatography and MS resilience,https://www.sec.gov/Archives/edgar/data/97745/000009774526000092/tmo-20260328.htm,,Unreachable,Strict link result: strict access failure.,,All role views
Signal / filing / customer-voice registry,thermo-analytical-instruments-margin-pressure-2026-q1,Thermo Analytical Instruments was flat with margin pressure despite chromatography/MS growth,https://www.sec.gov/Archives/edgar/data/97745/000009774526000092/tmo-20260328.htm,,Unreachable,Strict link result: strict access failure.,,All role views
Signal / filing / customer-voice registry,revvity-software-ai-life-sciences-2026,Revvity expanded Life Sciences software through ACD/Labs while quarterly software revenue increased,https://www.sec.gov/Archives/edgar/data/31791/000003179126000019/revv-20260405.htm,,Unreachable,Strict link result: strict access failure.,,All role views
Signal / filing / customer-voice registry,filing-move-agilent-1,"Agilent agreed to acquire Biocare, a provider of clinical and research solutions, and plans to place it in Life Sciences and Diagnostics Markets.",https://www.sec.gov/Archives/edgar/data/1090872/000109087226000055/a-20260430.htm,,Unreachable,Strict link result: strict access failure.,,All role views
Signal / filing / customer-voice registry,filing-move-thermo-fisher-1,Thermo acquired Clario to add clinical-trial endpoint data solutions and expand patient-data decision support within Laboratory Products and Biopharma Services.,https://www.sec.gov/Archives/edgar/data/97745/000009774526000092/tmo-20260328.htm,,Unreachable,Strict link result: strict access failure.,,All role views
Signal / filing / customer-voice registry,filing-move-thermo-fisher-2,Thermo acquired Solventum's purification and filtration business to strengthen upstream and downstream bioproduction workflows.,https://www.sec.gov/Archives/edgar/data/97745/000009774526000092/tmo-20260328.htm,,Unreachable,Strict link result: strict access failure.,,All role views
Signal / filing / customer-voice registry,filing-move-thermo-fisher-3,"Thermo agreed to sell its Specialty Diagnostics microbiology business to Astorg, subject to approvals and closing conditions.",https://www.sec.gov/Archives/edgar/data/97745/000009774526000092/tmo-20260328.htm,,Unreachable,Strict link result: strict access failure.,,All role views
Signal / filing / customer-voice registry,filing-move-revvity-1,"Revvity acquired ACD/Labs, a scientific-software provider for analytical characterization and molecular design in pharmaceutical and materials markets.",https://www.sec.gov/Archives/edgar/data/31791/000003179126000019/revv-20260405.htm,,Unreachable,Strict link result: strict access failure.,,All role views
Publication count,pubmed-theme-LNP and RNA therapeutics workflows-30d,LNP and RNA therapeutics workflows has 89 PubMed records in the 30d window,https://eutils.ncbi.nlm.nih.gov/entrez/eutils/esearch.fcgi?db=pubmed&term=%28%28%22lipid+nanoparticle%22+OR+LNP+OR+%22RNA+therapeutics%22+OR+mRNA%29+AND+%28%22LC-MS%22+OR+chromatography+OR+%22mass+spectrometry%22%29%29+AND+%28%222026%2F07%2F02%22%5BDate+-+Publication%5D+%3A+%222026%2F08%2F01%22%5BDate+-+Publication%5D%29&retmode=json&retmax=0,<Count>90</Count>,Partially supported,Stored 89; fresh exact-query result 90.,Major,Application and publication trends
Publication count,pubmed-theme-LNP and RNA therapeutics workflows-60d,LNP and RNA therapeutics workflows has 180 PubMed records in the 60d window,https://eutils.ncbi.nlm.nih.gov/entrez/eutils/esearch.fcgi?db=pubmed&term=%28%28%22lipid+nanoparticle%22+OR+LNP+OR+%22RNA+therapeutics%22+OR+mRNA%29+AND+%28%22LC-MS%22+OR+chromatography+OR+%22mass+spectrometry%22%29%29+AND+%28%222026%2F06%2F02%22%5BDate+-+Publication%5D+%3A+%222026%2F08%2F01%22%5BDate+-+Publication%5D%29&retmode=json&retmax=0,<Count>181</Count>,Partially supported,Stored 180; fresh exact-query result 181.,Major,Application and publication trends
Publication count,pubmed-theme-LNP and RNA therapeutics workflows-90d,LNP and RNA therapeutics workflows has 258 PubMed records in the 90d window,https://eutils.ncbi.nlm.nih.gov/entrez/eutils/esearch.fcgi?db=pubmed&term=%28%28%22lipid+nanoparticle%22+OR+LNP+OR+%22RNA+therapeutics%22+OR+mRNA%29+AND+%28%22LC-MS%22+OR+chromatography+OR+%22mass+spectrometry%22%29%29+AND+%28%222026%2F05%2F03%22%5BDate+-+Publication%5D+%3A+%222026%2F08%2F01%22%5BDate+-+Publication%5D%29&retmode=json&retmax=0,<Count>259</Count>,Partially supported,Stored 258; fresh exact-query result 259.,Major,Application and publication trends
Publication count,pubmed-theme-LNP and RNA therapeutics workflows-3y,LNP and RNA therapeutics workflows has 2466 PubMed records in the 3y window,https://eutils.ncbi.nlm.nih.gov/entrez/eutils/esearch.fcgi?db=pubmed&term=%28%28%22lipid+nanoparticle%22+OR+LNP+OR+%22RNA+therapeutics%22+OR+mRNA%29+AND+%28%22LC-MS%22+OR+chromatography+OR+%22mass+spectrometry%22%29%29+AND+%28%222023%2F08%2F02%22%5BDate+-+Publication%5D+%3A+%222026%2F08%2F01%22%5BDate+-+Publication%5D%29&retmode=json&retmax=0,<Count>2467</Count>,Partially supported,Stored 2466; fresh exact-query result 2467.,Major,Application and publication trends
Publication count,pubmed-theme-LNP and RNA therapeutics workflows-5y,LNP and RNA therapeutics workflows has 3888 PubMed records in the 5y window,https://eutils.ncbi.nlm.nih.gov/entrez/eutils/esearch.fcgi?db=pubmed&term=%28%28%22lipid+nanoparticle%22+OR+LNP+OR+%22RNA+therapeutics%22+OR+mRNA%29+AND+%28%22LC-MS%22+OR+chromatography+OR+%22mass+spectrometry%22%29%29+AND+%28%222021%2F08%2F02%22%5BDate+-+Publication%5D+%3A+%222026%2F08%2F01%22%5BDate+-+Publication%5D%29&retmode=json&retmax=0,<Count>3889</Count>,Partially supported,Stored 3888; fresh exact-query result 3889.,Major,Application and publication trends
Publication count,pubmed-theme-Oligonucleotide and nucleic-acid analytics-30d,Oligonucleotide and nucleic-acid analytics has 60 PubMed records in the 30d window,https://eutils.ncbi.nlm.nih.gov/entrez/eutils/esearch.fcgi?db=pubmed&term=%28%28oligonucleotide+OR+%22nucleic+acid%22+OR+siRNA%29+AND+%28%22LC-MS%22+OR+chromatography+OR+%22mass+spectrometry%22%29%29+AND+%28%222026%2F07%2F02%22%5BDate+-+Publication%5D+%3A+%222026%2F08%2F01%22%5BDate+-+Publication%5D%29&retmode=json&retmax=0,<Count>62</Count>,Partially supported,Stored 60; fresh exact-query result 62.,Major,Application and publication trends
Publication count,pubmed-theme-Oligonucleotide and nucleic-acid analytics-60d,Oligonucleotide and nucleic-acid analytics has 123 PubMed records in the 60d window,https://eutils.ncbi.nlm.nih.gov/entrez/eutils/esearch.fcgi?db=pubmed&term=%28%28oligonucleotide+OR+%22nucleic+acid%22+OR+siRNA%29+AND+%28%22LC-MS%22+OR+chromatography+OR+%22mass+spectrometry%22%29%29+AND+%28%222026%2F06%2F02%22%5BDate+-+Publication%5D+%3A+%222026%2F08%2F01%22%5BDate+-+Publication%5D%29&retmode=json&retmax=0,<Count>125</Count>,Partially supported,Stored 123; fresh exact-query result 125.,Major,Application and publication trends
Publication count,pubmed-theme-Oligonucleotide and nucleic-acid analytics-90d,Oligonucleotide and nucleic-acid analytics has 183 PubMed records in the 90d window,https://eutils.ncbi.nlm.nih.gov/entrez/eutils/esearch.fcgi?db=pubmed&term=%28%28oligonucleotide+OR+%22nucleic+acid%22+OR+siRNA%29+AND+%28%22LC-MS%22+OR+chromatography+OR+%22mass+spectrometry%22%29%29+AND+%28%222026%2F05%2F03%22%5BDate+-+Publication%5D+%3A+%222026%2F08%2F01%22%5BDate+-+Publication%5D%29&retmode=json&retmax=0,<Count>185</Count>,Partially supported,Stored 183; fresh exact-query result 185.,Major,Application and publication trends
Publication count,pubmed-theme-Oligonucleotide and nucleic-acid analytics-3y,Oligonucleotide and nucleic-acid analytics has 1513 PubMed records in the 3y window,https://eutils.ncbi.nlm.nih.gov/entrez/eutils/esearch.fcgi?db=pubmed&term=%28%28oligonucleotide+OR+%22nucleic+acid%22+OR+siRNA%29+AND+%28%22LC-MS%22+OR+chromatography+OR+%22mass+spectrometry%22%29%29+AND+%28%222023%2F08%2F02%22%5BDate+-+Publication%5D+%3A+%222026%2F08%2F01%22%5BDate+-+Publication%5D%29&retmode=json&retmax=0,<Count>1516</Count>,Partially supported,Stored 1513; fresh exact-query result 1516.,Major,Application and publication trends
Publication count,pubmed-theme-Oligonucleotide and nucleic-acid analytics-5y,Oligonucleotide and nucleic-acid analytics has 2225 PubMed records in the 5y window,https://eutils.ncbi.nlm.nih.gov/entrez/eutils/esearch.fcgi?db=pubmed&term=%28%28oligonucleotide+OR+%22nucleic+acid%22+OR+siRNA%29+AND+%28%22LC-MS%22+OR+chromatography+OR+%22mass+spectrometry%22%29%29+AND+%28%222021%2F08%2F02%22%5BDate+-+Publication%5D+%3A+%222026%2F08%2F01%22%5BDate+-+Publication%5D%29&retmode=json&retmax=0,<Count>2228</Count>,Partially supported,Stored 2225; fresh exact-query result 2228.,Major,Application and publication trends
Publication count,pubmed-theme-PFAS and environmental contaminant testing-30d,PFAS and environmental contaminant testing has 29 PubMed records in the 30d window,https://eutils.ncbi.nlm.nih.gov/entrez/eutils/esearch.fcgi?db=pubmed&term=%28%28PFAS+OR+%22per-+and+polyfluoroalkyl%22%29+AND+%28%22LC-MS%22+OR+%22LC-MS%2FMS%22+OR+chromatography%29%29+AND+%28%222026%2F07%2F02%22%5BDate+-+Publication%5D+%3A+%222026%2F08%2F01%22%5BDate+-+Publication%5D%29&retmode=json&retmax=0,<Count>30</Count>,Partially supported,Stored 29; fresh exact-query result 30.,Major,Application and publication trends
Publication count,pubmed-theme-PFAS and environmental contaminant testing-60d,PFAS and environmental contaminant testing has 71 PubMed records in the 60d window,https://eutils.ncbi.nlm.nih.gov/entrez/eutils/esearch.fcgi?db=pubmed&term=%28%28PFAS+OR+%22per-+and+polyfluoroalkyl%22%29+AND+%28%22LC-MS%22+OR+%22LC-MS%2FMS%22+OR+chromatography%29%29+AND+%28%222026%2F06%2F02%22%5BDate+-+Publication%5D+%3A+%222026%2F08%2F01%22%5BDate+-+Publication%5D%29&retmode=json&retmax=0,<Count>72</Count>,Partially supported,Stored 71; fresh exact-query result 72.,Major,Application and publication trends
Publication count,pubmed-theme-PFAS and environmental contaminant testing-90d,PFAS and environmental contaminant testing has 105 PubMed records in the 90d window,https://eutils.ncbi.nlm.nih.gov/entrez/eutils/esearch.fcgi?db=pubmed&term=%28%28PFAS+OR+%22per-+and+polyfluoroalkyl%22%29+AND+%28%22LC-MS%22+OR+%22LC-MS%2FMS%22+OR+chromatography%29%29+AND+%28%222026%2F05%2F03%22%5BDate+-+Publication%5D+%3A+%222026%2F08%2F01%22%5BDate+-+Publication%5D%29&retmode=json&retmax=0,<Count>106</Count>,Partially supported,Stored 105; fresh exact-query result 106.,Major,Application and publication trends
Publication count,pubmed-theme-PFAS and environmental contaminant testing-3y,PFAS and environmental contaminant testing has 703 PubMed records in the 3y window,https://eutils.ncbi.nlm.nih.gov/entrez/eutils/esearch.fcgi?db=pubmed&term=%28%28PFAS+OR+%22per-+and+polyfluoroalkyl%22%29+AND+%28%22LC-MS%22+OR+%22LC-MS%2FMS%22+OR+chromatography%29%29+AND+%28%222023%2F08%2F02%22%5BDate+-+Publication%5D+%3A+%222026%2F08%2F01%22%5BDate+-+Publication%5D%29&retmode=json&retmax=0,<Count>704</Count>,Partially supported,Stored 703; fresh exact-query result 704.,Major,Application and publication trends
Publication count,pubmed-theme-PFAS and environmental contaminant testing-5y,PFAS and environmental contaminant testing has 945 PubMed records in the 5y window,https://eutils.ncbi.nlm.nih.gov/entrez/eutils/esearch.fcgi?db=pubmed&term=%28%28PFAS+OR+%22per-+and+polyfluoroalkyl%22%29+AND+%28%22LC-MS%22+OR+%22LC-MS%2FMS%22+OR+chromatography%29%29+AND+%28%222021%2F08%2F02%22%5BDate+-+Publication%5D+%3A+%222026%2F08%2F01%22%5BDate+-+Publication%5D%29&retmode=json&retmax=0,<Count>946</Count>,Partially supported,Stored 945; fresh exact-query result 946.,Major,Application and publication trends
Publication count,pubmed-theme-High-resolution proteomics and metabolomics-30d,High-resolution proteomics and metabolomics has 790 PubMed records in the 30d window,https://eutils.ncbi.nlm.nih.gov/entrez/eutils/esearch.fcgi?db=pubmed&term=%28%28proteomics+OR+metabolomics%29+AND+%28%22LC-MS%22+OR+Orbitrap+OR+%22mass+spectrometry%22%29%29+AND+%28%222026%2F07%2F02%22%5BDate+-+Publication%5D+%3A+%222026%2F08%2F01%22%5BDate+-+Publication%5D%29&retmode=json&retmax=0,<Count>803</Count>,Partially supported,Stored 790; fresh exact-query result 803.,Major,Application and publication trends
Publication count,pubmed-theme-High-resolution proteomics and metabolomics-60d,High-resolution proteomics and metabolomics has 1704 PubMed records in the 60d window,https://eutils.ncbi.nlm.nih.gov/entrez/eutils/esearch.fcgi?db=pubmed&term=%28%28proteomics+OR+metabolomics%29+AND+%28%22LC-MS%22+OR+Orbitrap+OR+%22mass+spectrometry%22%29%29+AND+%28%222026%2F06%2F02%22%5BDate+-+Publication%5D+%3A+%222026%2F08%2F01%22%5BDate+-+Publication%5D%29&retmode=json&retmax=0,<Count>1717</Count>,Partially supported,Stored 1704; fresh exact-query result 1717.,Major,Application and publication trends
Publication count,pubmed-theme-High-resolution proteomics and metabolomics-90d,High-resolution proteomics and metabolomics has 2579 PubMed records in the 90d window,https://eutils.ncbi.nlm.nih.gov/entrez/eutils/esearch.fcgi?db=pubmed&term=%28%28proteomics+OR+metabolomics%29+AND+%28%22LC-MS%22+OR+Orbitrap+OR+%22mass+spectrometry%22%29%29+AND+%28%222026%2F05%2F03%22%5BDate+-+Publication%5D+%3A+%222026%2F08%2F01%22%5BDate+-+Publication%5D%29&retmode=json&retmax=0,<Count>2592</Count>,Partially supported,Stored 2579; fresh exact-query result 2592.,Major,Application and publication trends
Publication count,pubmed-theme-High-resolution proteomics and metabolomics-3y,High-resolution proteomics and metabolomics has 24620 PubMed records in the 3y window,https://eutils.ncbi.nlm.nih.gov/entrez/eutils/esearch.fcgi?db=pubmed&term=%28%28proteomics+OR+metabolomics%29+AND+%28%22LC-MS%22+OR+Orbitrap+OR+%22mass+spectrometry%22%29%29+AND+%28%222023%2F08%2F02%22%5BDate+-+Publication%5D+%3A+%222026%2F08%2F01%22%5BDate+-+Publication%5D%29&retmode=json&retmax=0,<Count>24643</Count>,Partially supported,Stored 24620; fresh exact-query result 24643.,Major,Application and publication trends
Publication count,pubmed-theme-High-resolution proteomics and metabolomics-5y,High-resolution proteomics and metabolomics has 38790 PubMed records in the 5y window,https://eutils.ncbi.nlm.nih.gov/entrez/eutils/esearch.fcgi?db=pubmed&term=%28%28proteomics+OR+metabolomics%29+AND+%28%22LC-MS%22+OR+Orbitrap+OR+%22mass+spectrometry%22%29%29+AND+%28%222021%2F08%2F02%22%5BDate+-+Publication%5D+%3A+%222026%2F08%2F01%22%5BDate+-+Publication%5D%29&retmode=json&retmax=0,<Count>38813</Count>,Partially supported,Stored 38790; fresh exact-query result 38813.,Major,Application and publication trends
Publication count,pubmed-theme-Lab automation and software-enabled workflows-30d,Lab automation and software-enabled workflows has 106 PubMed records in the 30d window,https://eutils.ncbi.nlm.nih.gov/entrez/eutils/esearch.fcgi?db=pubmed&term=%28%28%22laboratory+automation%22+OR+%22workflow+software%22+OR+%22AI%22%29+AND+%28%22LC-MS%22+OR+chromatography+OR+%22mass+spectrometry%22%29%29+AND+%28%222026%2F07%2F02%22%5BDate+-+Publication%5D+%3A+%222026%2F08%2F01%22%5BDate+-+Publication%5D%29&retmode=json&retmax=0,<Count>108</Count>,Partially supported,Stored 106; fresh exact-query result 108.,Major,Application and publication trends
Publication count,pubmed-theme-Lab automation and software-enabled workflows-60d,Lab automation and software-enabled workflows has 221 PubMed records in the 60d window,https://eutils.ncbi.nlm.nih.gov/entrez/eutils/esearch.fcgi?db=pubmed&term=%28%28%22laboratory+automation%22+OR+%22workflow+software%22+OR+%22AI%22%29+AND+%28%22LC-MS%22+OR+chromatography+OR+%22mass+spectrometry%22%29%29+AND+%28%222026%2F06%2F02%22%5BDate+-+Publication%5D+%3A+%222026%2F08%2F01%22%5BDate+-+Publication%5D%29&retmode=json&retmax=0,<Count>223</Count>,Partially supported,Stored 221; fresh exact-query result 223.,Major,Application and publication trends
Publication count,pubmed-theme-Lab automation and software-enabled workflows-90d,Lab automation and software-enabled workflows has 309 PubMed records in the 90d window,https://eutils.ncbi.nlm.nih.gov/entrez/eutils/esearch.fcgi?db=pubmed&term=%28%28%22laboratory+automation%22+OR+%22workflow+software%22+OR+%22AI%22%29+AND+%28%22LC-MS%22+OR+chromatography+OR+%22mass+spectrometry%22%29%29+AND+%28%222026%2F05%2F03%22%5BDate+-+Publication%5D+%3A+%222026%2F08%2F01%22%5BDate+-+Publication%5D%29&retmode=json&retmax=0,<Count>311</Count>,Partially supported,Stored 309; fresh exact-query result 311.,Major,Application and publication trends
Publication count,pubmed-theme-Lab automation and software-enabled workflows-3y,Lab automation and software-enabled workflows has 2697 PubMed records in the 3y window,https://eutils.ncbi.nlm.nih.gov/entrez/eutils/esearch.fcgi?db=pubmed&term=%28%28%22laboratory+automation%22+OR+%22workflow+software%22+OR+%22AI%22%29+AND+%28%22LC-MS%22+OR+chromatography+OR+%22mass+spectrometry%22%29%29+AND+%28%222023%2F08%2F02%22%5BDate+-+Publication%5D+%3A+%222026%2F08%2F01%22%5BDate+-+Publication%5D%29&retmode=json&retmax=0,<Count>2699</Count>,Partially supported,Stored 2697; fresh exact-query result 2699.,Major,Application and publication trends
Publication count,pubmed-theme-Lab automation and software-enabled workflows-5y,Lab automation and software-enabled workflows has 3884 PubMed records in the 5y window,https://eutils.ncbi.nlm.nih.gov/entrez/eutils/esearch.fcgi?db=pubmed&term=%28%28%22laboratory+automation%22+OR+%22workflow+software%22+OR+%22AI%22%29+AND+%28%22LC-MS%22+OR+chromatography+OR+%22mass+spectrometry%22%29%29+AND+%28%222021%2F08%2F02%22%5BDate+-+Publication%5D+%3A+%222026%2F08%2F01%22%5BDate+-+Publication%5D%29&retmode=json&retmax=0,<Count>3886</Count>,Partially supported,Stored 3884; fresh exact-query result 3886.,Major,Application and publication trends
Publication count,pubmed-competitor-Thermo Fisher-30d,Thermo Fisher has 194 PubMed records in the 30d window,https://eutils.ncbi.nlm.nih.gov/entrez/eutils/esearch.fcgi?db=pubmed&term=%28%22Orbitrap%22+OR+%22Vanquish%22+OR+%22Q+Exactive%22+OR+%22TSQ+Altis%22+OR+%22Thermo+Fisher+Scientific%22%29+AND+%28%222026%2F07%2F02%22%5BDate+-+Publication%5D+%3A+%222026%2F08%2F01%22%5BDate+-+Publication%5D%29&retmode=json&retmax=0,<Count>202</Count>,Partially supported,Stored 194; fresh exact-query result 202.,Major,Application and publication trends
Publication count,pubmed-competitor-Thermo Fisher-60d,Thermo Fisher has 450 PubMed records in the 60d window,https://eutils.ncbi.nlm.nih.gov/entrez/eutils/esearch.fcgi?db=pubmed&term=%28%22Orbitrap%22+OR+%22Vanquish%22+OR+%22Q+Exactive%22+OR+%22TSQ+Altis%22+OR+%22Thermo+Fisher+Scientific%22%29+AND+%28%222026%2F06%2F02%22%5BDate+-+Publication%5D+%3A+%222026%2F08%2F01%22%5BDate+-+Publication%5D%29&retmode=json&retmax=0,<Count>458</Count>,Partially supported,Stored 450; fresh exact-query result 458.,Major,Application and publication trends
Publication count,pubmed-competitor-Thermo Fisher-90d,Thermo Fisher has 687 PubMed records in the 90d window,https://eutils.ncbi.nlm.nih.gov/entrez/eutils/esearch.fcgi?db=pubmed&term=%28%22Orbitrap%22+OR+%22Vanquish%22+OR+%22Q+Exactive%22+OR+%22TSQ+Altis%22+OR+%22Thermo+Fisher+Scientific%22%29+AND+%28%222026%2F05%2F03%22%5BDate+-+Publication%5D+%3A+%222026%2F08%2F01%22%5BDate+-+Publication%5D%29&retmode=json&retmax=0,<Count>695</Count>,Partially supported,Stored 687; fresh exact-query result 695.,Major,Application and publication trends
Publication count,pubmed-competitor-Thermo Fisher-1y,Thermo Fisher has 2421 PubMed records in the 1y window,https://eutils.ncbi.nlm.nih.gov/entrez/eutils/esearch.fcgi?db=pubmed&term=%28%22Orbitrap%22+OR+%22Vanquish%22+OR+%22Q+Exactive%22+OR+%22TSQ+Altis%22+OR+%22Thermo+Fisher+Scientific%22%29+AND+%28%222025%2F08%2F01%22%5BDate+-+Publication%5D+%3A+%222026%2F08%2F01%22%5BDate+-+Publication%5D%29&retmode=json&retmax=0,<Count>2429</Count>,Partially supported,Stored 2421; fresh exact-query result 2429.,Major,Application and publication trends
Publication count,pubmed-competitor-Thermo Fisher-3y,Thermo Fisher has 5642 PubMed records in the 3y window,https://eutils.ncbi.nlm.nih.gov/entrez/eutils/esearch.fcgi?db=pubmed&term=%28%22Orbitrap%22+OR+%22Vanquish%22+OR+%22Q+Exactive%22+OR+%22TSQ+Altis%22+OR+%22Thermo+Fisher+Scientific%22%29+AND+%28%222023%2F08%2F02%22%5BDate+-+Publication%5D+%3A+%222026%2F08%2F01%22%5BDate+-+Publication%5D%29&retmode=json&retmax=0,<Count>5650</Count>,Partially supported,Stored 5642; fresh exact-query result 5650.,Major,Application and publication trends
Publication count,pubmed-competitor-Thermo Fisher-5y,Thermo Fisher has 8591 PubMed records in the 5y window,https://eutils.ncbi.nlm.nih.gov/entrez/eutils/esearch.fcgi?db=pubmed&term=%28%22Orbitrap%22+OR+%22Vanquish%22+OR+%22Q+Exactive%22+OR+%22TSQ+Altis%22+OR+%22Thermo+Fisher+Scientific%22%29+AND+%28%222021%2F08%2F02%22%5BDate+-+Publication%5D+%3A+%222026%2F08%2F01%22%5BDate+-+Publication%5D%29&retmode=json&retmax=0,<Count>8599</Count>,Partially supported,Stored 8591; fresh exact-query result 8599.,Major,Application and publication trends
Publication count,pubmed-competitor-Agilent-30d,Agilent has 6 PubMed records in the 30d window,https://eutils.ncbi.nlm.nih.gov/entrez/eutils/esearch.fcgi?db=pubmed&term=%28%22Agilent+1290%22+OR+%22Agilent+InfinityLab%22+OR+%22Agilent+LC%2FMS%22+OR+%22Agilent+6495%22+OR+%22Ultivo%22%29+AND+%28%222026%2F07%2F02%22%5BDate+-+Publication%5D+%3A+%222026%2F08%2F01%22%5BDate+-+Publication%5D%29&retmode=json&retmax=0,<Count>6</Count>,Verified,,,Application and publication trends
Publication count,pubmed-competitor-Agilent-60d,Agilent has 14 PubMed records in the 60d window,https://eutils.ncbi.nlm.nih.gov/entrez/eutils/esearch.fcgi?db=pubmed&term=%28%22Agilent+1290%22+OR+%22Agilent+InfinityLab%22+OR+%22Agilent+LC%2FMS%22+OR+%22Agilent+6495%22+OR+%22Ultivo%22%29+AND+%28%222026%2F06%2F02%22%5BDate+-+Publication%5D+%3A+%222026%2F08%2F01%22%5BDate+-+Publication%5D%29&retmode=json&retmax=0,<Count>14</Count>,Verified,,,Application and publication trends
Publication count,pubmed-competitor-Agilent-90d,Agilent has 22 PubMed records in the 90d window,https://eutils.ncbi.nlm.nih.gov/entrez/eutils/esearch.fcgi?db=pubmed&term=%28%22Agilent+1290%22+OR+%22Agilent+InfinityLab%22+OR+%22Agilent+LC%2FMS%22+OR+%22Agilent+6495%22+OR+%22Ultivo%22%29+AND+%28%222026%2F05%2F03%22%5BDate+-+Publication%5D+%3A+%222026%2F08%2F01%22%5BDate+-+Publication%5D%29&retmode=json&retmax=0,<Count>22</Count>,Verified,,,Application and publication trends
Publication count,pubmed-competitor-Agilent-1y,Agilent has 61 PubMed records in the 1y window,https://eutils.ncbi.nlm.nih.gov/entrez/eutils/esearch.fcgi?db=pubmed&term=%28%22Agilent+1290%22+OR+%22Agilent+InfinityLab%22+OR+%22Agilent+LC%2FMS%22+OR+%22Agilent+6495%22+OR+%22Ultivo%22%29+AND+%28%222025%2F08%2F01%22%5BDate+-+Publication%5D+%3A+%222026%2F08%2F01%22%5BDate+-+Publication%5D%29&retmode=json&retmax=0,<Count>61</Count>,Verified,,,Application and publication trends
Publication count,pubmed-competitor-Agilent-3y,Agilent has 173 PubMed records in the 3y window,https://eutils.ncbi.nlm.nih.gov/entrez/eutils/esearch.fcgi?db=pubmed&term=%28%22Agilent+1290%22+OR+%22Agilent+InfinityLab%22+OR+%22Agilent+LC%2FMS%22+OR+%22Agilent+6495%22+OR+%22Ultivo%22%29+AND+%28%222023%2F08%2F02%22%5BDate+-+Publication%5D+%3A+%222026%2F08%2F01%22%5BDate+-+Publication%5D%29&retmode=json&retmax=0,<Count>173</Count>,Verified,,,Application and publication trends
Publication count,pubmed-competitor-Agilent-5y,Agilent has 275 PubMed records in the 5y window,https://eutils.ncbi.nlm.nih.gov/entrez/eutils/esearch.fcgi?db=pubmed&term=%28%22Agilent+1290%22+OR+%22Agilent+InfinityLab%22+OR+%22Agilent+LC%2FMS%22+OR+%22Agilent+6495%22+OR+%22Ultivo%22%29+AND+%28%222021%2F08%2F02%22%5BDate+-+Publication%5D+%3A+%222026%2F08%2F01%22%5BDate+-+Publication%5D%29&retmode=json&retmax=0,<Count>275</Count>,Verified,,,Application and publication trends
Publication count,pubmed-competitor-Shimadzu-30d,Shimadzu has 1 PubMed records in the 30d window,https://eutils.ncbi.nlm.nih.gov/entrez/eutils/esearch.fcgi?db=pubmed&term=%28%22Shimadzu+LCMS%22+OR+%22Shimadzu+Nexera%22+OR+%22LCMS-8060%22+OR+%22LCMS-9030%22+OR+%22LCMS-9050%22%29+AND+%28%222026%2F07%2F02%22%5BDate+-+Publication%5D+%3A+%222026%2F08%2F01%22%5BDate+-+Publication%5D%29&retmode=json&retmax=0,<Count>1</Count>,Verified,,,Application and publication trends
Publication count,pubmed-competitor-Shimadzu-60d,Shimadzu has 2 PubMed records in the 60d window,https://eutils.ncbi.nlm.nih.gov/entrez/eutils/esearch.fcgi?db=pubmed&term=%28%22Shimadzu+LCMS%22+OR+%22Shimadzu+Nexera%22+OR+%22LCMS-8060%22+OR+%22LCMS-9030%22+OR+%22LCMS-9050%22%29+AND+%28%222026%2F06%2F02%22%5BDate+-+Publication%5D+%3A+%222026%2F08%2F01%22%5BDate+-+Publication%5D%29&retmode=json&retmax=0,<Count>2</Count>,Verified,,,Application and publication trends
Publication count,pubmed-competitor-Shimadzu-90d,Shimadzu has 2 PubMed records in the 90d window,https://eutils.ncbi.nlm.nih.gov/entrez/eutils/esearch.fcgi?db=pubmed&term=%28%22Shimadzu+LCMS%22+OR+%22Shimadzu+Nexera%22+OR+%22LCMS-8060%22+OR+%22LCMS-9030%22+OR+%22LCMS-9050%22%29+AND+%28%222026%2F05%2F03%22%5BDate+-+Publication%5D+%3A+%222026%2F08%2F01%22%5BDate+-+Publication%5D%29&retmode=json&retmax=0,<Count>2</Count>,Verified,,,Application and publication trends
Publication count,pubmed-competitor-Shimadzu-1y,Shimadzu has 4 PubMed records in the 1y window,https://eutils.ncbi.nlm.nih.gov/entrez/eutils/esearch.fcgi?db=pubmed&term=%28%22Shimadzu+LCMS%22+OR+%22Shimadzu+Nexera%22+OR+%22LCMS-8060%22+OR+%22LCMS-9030%22+OR+%22LCMS-9050%22%29+AND+%28%222025%2F08%2F01%22%5BDate+-+Publication%5D+%3A+%222026%2F08%2F01%22%5BDate+-+Publication%5D%29&retmode=json&retmax=0,<Count>4</Count>,Verified,,,Application and publication trends
Publication count,pubmed-competitor-Shimadzu-3y,Shimadzu has 9 PubMed records in the 3y window,https://eutils.ncbi.nlm.nih.gov/entrez/eutils/esearch.fcgi?db=pubmed&term=%28%22Shimadzu+LCMS%22+OR+%22Shimadzu+Nexera%22+OR+%22LCMS-8060%22+OR+%22LCMS-9030%22+OR+%22LCMS-9050%22%29+AND+%28%222023%2F08%2F02%22%5BDate+-+Publication%5D+%3A+%222026%2F08%2F01%22%5BDate+-+Publication%5D%29&retmode=json&retmax=0,<Count>9</Count>,Verified,,,Application and publication trends
Publication count,pubmed-competitor-Shimadzu-5y,Shimadzu has 16 PubMed records in the 5y window,https://eutils.ncbi.nlm.nih.gov/entrez/eutils/esearch.fcgi?db=pubmed&term=%28%22Shimadzu+LCMS%22+OR+%22Shimadzu+Nexera%22+OR+%22LCMS-8060%22+OR+%22LCMS-9030%22+OR+%22LCMS-9050%22%29+AND+%28%222021%2F08%2F02%22%5BDate+-+Publication%5D+%3A+%222026%2F08%2F01%22%5BDate+-+Publication%5D%29&retmode=json&retmax=0,<Count>16</Count>,Verified,,,Application and publication trends
Publication count,pubmed-competitor-SCIEX-30d,SCIEX has 21 PubMed records in the 30d window,https://eutils.ncbi.nlm.nih.gov/entrez/eutils/esearch.fcgi?db=pubmed&term=%28%22SCIEX%22+OR+%22ZenoTOF%22+OR+%22TripleTOF%22+OR+%22QTRAP%22+OR+%22Echo+MS%22%29+AND+%28%222026%2F07%2F02%22%5BDate+-+Publication%5D+%3A+%222026%2F08%2F01%22%5BDate+-+Publication%5D%29&retmode=json&retmax=0,<Count>23</Count>,Partially supported,Stored 21; fresh exact-query result 23.,Major,Application and publication trends
Publication count,pubmed-competitor-SCIEX-60d,SCIEX has 45 PubMed records in the 60d window,https://eutils.ncbi.nlm.nih.gov/entrez/eutils/esearch.fcgi?db=pubmed&term=%28%22SCIEX%22+OR+%22ZenoTOF%22+OR+%22TripleTOF%22+OR+%22QTRAP%22+OR+%22Echo+MS%22%29+AND+%28%222026%2F06%2F02%22%5BDate+-+Publication%5D+%3A+%222026%2F08%2F01%22%5BDate+-+Publication%5D%29&retmode=json&retmax=0,<Count>47</Count>,Partially supported,Stored 45; fresh exact-query result 47.,Major,Application and publication trends
Publication count,pubmed-competitor-SCIEX-90d,SCIEX has 61 PubMed records in the 90d window,https://eutils.ncbi.nlm.nih.gov/entrez/eutils/esearch.fcgi?db=pubmed&term=%28%22SCIEX%22+OR+%22ZenoTOF%22+OR+%22TripleTOF%22+OR+%22QTRAP%22+OR+%22Echo+MS%22%29+AND+%28%222026%2F05%2F03%22%5BDate+-+Publication%5D+%3A+%222026%2F08%2F01%22%5BDate+-+Publication%5D%29&retmode=json&retmax=0,<Count>63</Count>,Partially supported,Stored 61; fresh exact-query result 63.,Major,Application and publication trends
Publication count,pubmed-competitor-SCIEX-1y,SCIEX has 233 PubMed records in the 1y window,https://eutils.ncbi.nlm.nih.gov/entrez/eutils/esearch.fcgi?db=pubmed&term=%28%22SCIEX%22+OR+%22ZenoTOF%22+OR+%22TripleTOF%22+OR+%22QTRAP%22+OR+%22Echo+MS%22%29+AND+%28%222025%2F08%2F01%22%5BDate+-+Publication%5D+%3A+%222026%2F08%2F01%22%5BDate+-+Publication%5D%29&retmode=json&retmax=0,<Count>235</Count>,Partially supported,Stored 233; fresh exact-query result 235.,Major,Application and publication trends
Publication count,pubmed-competitor-SCIEX-3y,SCIEX has 589 PubMed records in the 3y window,https://eutils.ncbi.nlm.nih.gov/entrez/eutils/esearch.fcgi?db=pubmed&term=%28%22SCIEX%22+OR+%22ZenoTOF%22+OR+%22TripleTOF%22+OR+%22QTRAP%22+OR+%22Echo+MS%22%29+AND+%28%222023%2F08%2F02%22%5BDate+-+Publication%5D+%3A+%222026%2F08%2F01%22%5BDate+-+Publication%5D%29&retmode=json&retmax=0,<Count>591</Count>,Partially supported,Stored 589; fresh exact-query result 591.,Major,Application and publication trends
Publication count,pubmed-competitor-SCIEX-5y,SCIEX has 926 PubMed records in the 5y window,https://eutils.ncbi.nlm.nih.gov/entrez/eutils/esearch.fcgi?db=pubmed&term=%28%22SCIEX%22+OR+%22ZenoTOF%22+OR+%22TripleTOF%22+OR+%22QTRAP%22+OR+%22Echo+MS%22%29+AND+%28%222021%2F08%2F02%22%5BDate+-+Publication%5D+%3A+%222026%2F08%2F01%22%5BDate+-+Publication%5D%29&retmode=json&retmax=0,<Count>928</Count>,Partially supported,Stored 926; fresh exact-query result 928.,Major,Application and publication trends
Publication count,pubmed-competitor-PerkinElmer-30d,PerkinElmer has 3 PubMed records in the 30d window,https://eutils.ncbi.nlm.nih.gov/entrez/eutils/esearch.fcgi?db=pubmed&term=%28%22PerkinElmer+QSight%22+OR+%22PerkinElmer+LC%22+OR+%22PerkinElmer+chromatography%22%29+AND+%28%222026%2F07%2F02%22%5BDate+-+Publication%5D+%3A+%222026%2F08%2F01%22%5BDate+-+Publication%5D%29&retmode=json&retmax=0,<Count>3</Count>,Verified,,,Application and publication trends
Publication count,pubmed-competitor-PerkinElmer-60d,PerkinElmer has 3 PubMed records in the 60d window,https://eutils.ncbi.nlm.nih.gov/entrez/eutils/esearch.fcgi?db=pubmed&term=%28%22PerkinElmer+QSight%22+OR+%22PerkinElmer+LC%22+OR+%22PerkinElmer+chromatography%22%29+AND+%28%222026%2F06%2F02%22%5BDate+-+Publication%5D+%3A+%222026%2F08%2F01%22%5BDate+-+Publication%5D%29&retmode=json&retmax=0,<Count>3</Count>,Verified,,,Application and publication trends
Publication count,pubmed-competitor-PerkinElmer-90d,PerkinElmer has 3 PubMed records in the 90d window,https://eutils.ncbi.nlm.nih.gov/entrez/eutils/esearch.fcgi?db=pubmed&term=%28%22PerkinElmer+QSight%22+OR+%22PerkinElmer+LC%22+OR+%22PerkinElmer+chromatography%22%29+AND+%28%222026%2F05%2F03%22%5BDate+-+Publication%5D+%3A+%222026%2F08%2F01%22%5BDate+-+Publication%5D%29&retmode=json&retmax=0,<Count>3</Count>,Verified,,,Application and publication trends
Publication count,pubmed-competitor-PerkinElmer-1y,PerkinElmer has 12 PubMed records in the 1y window,https://eutils.ncbi.nlm.nih.gov/entrez/eutils/esearch.fcgi?db=pubmed&term=%28%22PerkinElmer+QSight%22+OR+%22PerkinElmer+LC%22+OR+%22PerkinElmer+chromatography%22%29+AND+%28%222025%2F08%2F01%22%5BDate+-+Publication%5D+%3A+%222026%2F08%2F01%22%5BDate+-+Publication%5D%29&retmode=json&retmax=0,<Count>12</Count>,Verified,,,Application and publication trends
Publication count,pubmed-competitor-PerkinElmer-3y,PerkinElmer has 25 PubMed records in the 3y window,https://eutils.ncbi.nlm.nih.gov/entrez/eutils/esearch.fcgi?db=pubmed&term=%28%22PerkinElmer+QSight%22+OR+%22PerkinElmer+LC%22+OR+%22PerkinElmer+chromatography%22%29+AND+%28%222023%2F08%2F02%22%5BDate+-+Publication%5D+%3A+%222026%2F08%2F01%22%5BDate+-+Publication%5D%29&retmode=json&retmax=0,<Count>25</Count>,Verified,,,Application and publication trends
Publication count,pubmed-competitor-PerkinElmer-5y,PerkinElmer has 37 PubMed records in the 5y window,https://eutils.ncbi.nlm.nih.gov/entrez/eutils/esearch.fcgi?db=pubmed&term=%28%22PerkinElmer+QSight%22+OR+%22PerkinElmer+LC%22+OR+%22PerkinElmer+chromatography%22%29+AND+%28%222021%2F08%2F02%22%5BDate+-+Publication%5D+%3A+%222026%2F08%2F01%22%5BDate+-+Publication%5D%29&retmode=json&retmax=0,<Count>37</Count>,Verified,,,Application and publication trends
Competitor launch,shimadzu-nexera-x4-2026,Shimadzu launched Nexera X4 Series on 2026-03-03,https://www.shimadzu.com/news/2026/k8iri3_20_z4uvwt.html,SHIMADZU CORPORATION : Next-Generation Model Offers both Industry-Leading Separation Performance and Ultra-Fast Analysis Release of,Verified,,,Competitive Timeline / comparator
Competitor launch,shimadzu-nexera-ic-2026,Shimadzu launched Nexera IC on 2026-02-10,https://www.shimadzu.com/news/2026/t0best6lrz8y0uk9.html,SHIMADZU CORPORATION : Enables Reliable Water Quality Analysis for All Users and Reduces Workload through,Verified,,,Competitive Timeline / comparator
Competitor launch,shimadzu-pl-40-plate-loader-2026,Shimadzu launched PL-40 Plate Loader for LC/LC-MS Systems on 2026-02-09,https://www.shimadzu.com/an/products/liquid-chromatography/hplc-components-accessories/plate-loader/index.html,"PL-40, Automation-Compatible Plate Loader for LC/LC-MS Systems : SHIMADZU (Shimadzu Corporation)",Unsupported / Hallucinated,"The cited product page proves product presence, not the claimed launch date.",Major,Competitive Timeline / comparator
Competitor launch,shimadzu-labsolutions-insight-profiler-2026,Shimadzu launched LabSolutions Insight Profiler for LC/QTOF Data on 2026-04-10,https://www.shimadzu.com/an/products/software-informatics/labsolutions-series/labsolutions-insight-profiler/index.html,LabSolutions Insight™ Profiler : SHIMADZU (Shimadzu Corporation),Unsupported / Hallucinated,"The cited product page proves product presence, not the claimed launch date.",Major,Competitive Timeline / comparator
Competitor launch,shimadzu-nexera-cl-lcms-2025,Shimadzu launched Nexera CL LCMS System on 2025-10-03,https://www.shimadzu.com/news/2025/w40jo6pvrivu5s7v.html,"SHIMADZU CORPORATION : Supporting Pharmacopoeia Repeatability Tests, with a Class-Leading Minimum Weight of 13 mg",Verified,,,Competitive Timeline / comparator
Competitor launch,shimadzu-labsolutions-detect-2025,Shimadzu launched LabSolutions Detect on 2025-09-30,https://www.shimadzu.com/news/2025/n8e9desqymj7oa4x.html,SHIMADZU CORPORATION : Introducing LabSolutions Detect Automatic (AI) Detection of Impurities to Improve Quality Inspections,Verified,,,Competitive Timeline / comparator
Competitor launch,shimadzu-i-series-2025,Shimadzu launched i-Series Integrated HPLC on 2025-09-01,https://www.shimadzu.com/news/2025/mpnglqbij34_zscf.html,"SHIMADZU CORPORATION : In an Industry First, Achieves High-Reliability Analysis through Automatic Diagnosis of Instrument",Verified,,,Competitive Timeline / comparator
Competitor launch,shimadzu-lcms-8065xe-2025,Shimadzu launched LCMS-8065XE Triple Quadrupole LC-MS/MS on 2025-08-07,https://www.shimadzu.com/news/2025/6n31zbu4tkmozoh2.html,SHIMADZU CORPORATION :Cultivating the Expanding PFAS Analysis Market through Improved Sensitivity Release of the LCMS-8065XE,Verified,,,Competitive Timeline / comparator
Competitor launch,sciex-novus-v55-2026,SCIEX launched novus V55 System with SCIEX OS 5.0 on 2026-06-01,https://sciex.com/about-us/press-releases/2026/sciex-launches-its-5th-generation-of-nominal-mass-novus-v55-system-with-sciexos-5-0-software,"SCIEX launches its 5th generation of nominal mass, the novus V55 system with SCIEX OS",Verified,,,Competitive Timeline / comparator
Competitor launch,sciex-zenotof-8600-2025,SCIEX launched ZenoTOF 8600 System on 2025-06-02,https://sciex.com/about-us/press-releases/2025/zenotof-8600-system-press-release-5-dot-27-dot-25,SCIEX sets a new standard in accurate mass quantitation with the ZenoTOF 8600 system and,Verified,,,Competitive Timeline / comparator
Competitor launch,sciex-zenotof-7600-plus-2024,SCIEX launched ZenoTOF 7600+ System on 2024-10-22,https://sciex.com/about-us/press-releases/2024/sciex-launches-the-zenotof-7600-system-at-hupo-world-congress-2024-alongside-three-collaborations-to-further-proteomics-capabilities,"SCIEX launches the ZenoTOF 7600+ system at HUPO World Congress 2024, alongside three collaborations to",Verified,,,Competitive Timeline / comparator
Competitor launch,sciex-7500-plus-2024,SCIEX launched SCIEX 7500+ System on 2024-06-03,https://sciex.com/about-us/press-releases/2024/sciex-7500plus-system-launches-at-asms2024,The SCIEX 7500+ system launches at ASMS 2024,Verified,,,Competitive Timeline / comparator
Competitor launch,sciex-echo-ms-plus-2024,SCIEX launched Echo MS+ System on 2024-02-01,https://sciex.com/about-us/press-releases/2024/sciex-expands-high-throughput-screening-solutions-with-echo-ms-system,SCIEX expands high-throughput screening solutions with Echo MS+ system,Verified,,,Competitive Timeline / comparator
Competitor launch,sciex-zenotof-7600-2021,SCIEX launched ZenoTOF 7600 System on 2021-06-01,https://sciex.com/about-us/press-releases/2021/sciex-presents-new-accurate-mass-instrument-the-zenotof-7600-system,"SCIEX presents new accurate mass instrument, the ZenoTOF 7600 system",Verified,,,Competitive Timeline / comparator
Competitor launch,agilent-6230c-lctof-2026,Agilent launched 6230C LC/TOF Mass Spectrometer in MAM workflow on 2026-06-03,https://www.agilent.com/about/newsroom/presrel/2026/29may-ca26021.html,,Unreachable,Strict link result: login/access or redirect wall.,,Competitive Timeline / comparator
Competitor launch,agilent-1290-infinity-iii-fld-2026,Agilent launched 1290 Infinity III Fluorescence Detector on 2026-05-27,https://www.agilent.com/about/newsroom/presrel/2026/21may-ca26016.html,,Unreachable,Strict link result: login/access or redirect wall.,,Competitive Timeline / comparator
Application note,thermo-ultrashort-pfas-2026,Thermo Fisher published Direct Injection LC-MS/MS Quantification of C1-C4 Ultrashort-Chain PFAS in Drinking Water (Jun 2026),https://documents.thermofisher.com/TFS-Assets/CMD/Application-Notes/an-004442-en-pfas-tsq-altis-plus-efox-editon-an004442-em-en.pdf,,Partially supported,"The source resolves, but the exact title/date was not exposed in retained page metadata.",,Application Trends
Application note,sciex-epa-1633a-novus-2026,SCIEX published Routine Application of EPA Method 1633A to Environmental Samples Using the novus V55 System (2026),https://sciex.com/tech-notes/environmental-industrial/water-and-soil/routine-application-of-epa-method-environmental-samples-using-the-novusv55,Routine application of EPA Method 1633A to environmental samples using the novus V55 system,Verified,,,Application Trends
Application note,agilent-nitrosamines-2026,Agilent published Enhanced Data Quality in LC-MS/MS Analysis of Nitrosamines (Jun 2026),https://www.agilent.com/cs/library/applications/an-infinitylab-quick-change-nitrosamines-analysis-lc-ms-ms-5994-9264en-agilent.pdf,,Unreachable,Strict link result: login/access or redirect wall.,,Application Trends
Application note,sciex-narrow-window-proteomics-2026,"SCIEX published Narrow-Window Scanning DIA for Unbiased Label-Free Quantitation (May 25, 2026)",https://sciex.com/tech-notes/life-science-research/proteomics/narrow-window-scanning-dia-for-unbiased-label-free-quantitation,Narrow-window scanning DIA for unbiased label-free quantitation: Improved protein group ratio accuracy with ZT Scan,Verified,,,Application Trends
Application note,thermo-peptide-quantitation-2026,"Thermo Fisher published Robust, High-Throughput Peptide Quantitation (Apr 29, 2026)",https://www.thermofisher.com/blog/analyteguru/new-technical-note-robust-high-throughput-peptide-quantitation-on-the-tsq-certis-triple-quadrupole-ms-with-optispray-technology/,"New Technical Note: Robust, High-Throughput Peptide Quantitation on the TSQ Certis Triple Quadrupole MS with",Verified,,,Application Trends
Application note,shimadzu-qacs-milk-2026,Shimadzu published Quantitative Analysis of QACs in Milk Using a QuEChERS Sample Preparation Approach (Apr 2026),https://www.shimadzu.com/an/sites/shimadzu.com.an/files/pim/pim_document_file/applications/application_note/26462/an_05-sca-210-097-en.pdf,,Partially supported,"The source resolves, but the exact title/date was not exposed in retained page metadata.",,Application Trends
Application note,shimadzu-intact-protein-2026,Shimadzu published Confirmation of Intact Protein Molecular Weight Using a Single Quadrupole Mass Spectrometer (Mar 2026),https://www.shimadzu.com/an/sites/shimadzu.com.an/files/pim/pim_document_file/applications/application_note/26293/an_01-01023-en.pdf,,Partially supported,"The source resolves, but the exact title/date was not exposed in retained page metadata.",,Application Trends
Application note,agilent-drug-metabolite-2026,"Agilent published Drug Metabolite Identification with a Streamlined Software Workflow (Feb 9, 2026)",https://www.agilent.com/en/product/liquid-chromatography-mass-spectrometry-lc-ms/lc-ms-instruments/quadrupole-time-of-flight-lc-ms/revident-lc-q-tof,,Unreachable,Strict link result: login/access or redirect wall.,,Application Trends
Application note,sciex-metabolomics-ztscan-2026,SCIEX published ZT Scan DIA 3.0 Metabolomics Analysis (2026),https://sciex.com/tech-notes/life-science-research/metabolomics/zt-scan-dia-3-0-metabolomics-analysis-reduces-chimeric-spectral-overlap-to-improve-metabolic-coverage-and-quantitative-analysis,ZT Scan DIA 3.0 metabolomics analysis reduces chimeric spectral overlap to improve metabolic coverage and,Verified,,,Application Trends
Application note,sciex-tfa-water-2026,SCIEX published A Fast and Ultra-Sensitive Method for Analysis of TFA in Multiple Water Sources (2026),https://sciex.com/tech-notes/environmental-industrial/water-and-soil/fast-and-ultra-sensitive-method-for-analysis-of-tfa,A fast and ultra-sensitive method for analysis of TFA in multiple water sources,Verified,,,Application Trends
Application note,agilent-pesticide-fps-2025,"Agilent published Pesticide Screening with Fast Polarity Switching Using Agilent Revident LC/Q-TOF (Oct 31, 2025)",https://www.agilent.com/cs/library/applications/an-pesticide-screening-revident-lc-qtof-5994-8751en-agilent.pdf,,Unreachable,Strict link result: login/access or redirect wall.,,Application Trends
Application note,agilent-aso-quality-control-2025,"Agilent published Automated LC/MS Quality Control of Anti-Sense Oligonucleotides (Oct 15, 2025)",https://www.agilent.com/en/product/software-informatics/chromatography-software/chromatography-add-on/oligo-analysis-accelerator-for-openlab-cds,,Unreachable,Strict link result: login/access or redirect wall.,,Application Trends
Application note,shimadzu-pfas-seafood-2026,Shimadzu published Determination of 30 PFAS in Seafood by LC-MS/MS (Jul 2024),https://www.shimadzu.com/an/sites/shimadzu.com.an/files/pim/pim_document_file/applications/application_note/26436/an_02-ssi-lcms-157-en.pdf,,Partially supported,"The source resolves, but the exact title/date was not exposed in retained page metadata.",,Application Trends
Application note,thermo-oligo-system-test-2026,Thermo Fisher published An Integrated LC-MS System Performance Evaluation Test for Oligonucleotide Analysis (Jul 2023),https://documents.thermofisher.com/TFS-Assets/CMD/Application-Notes/an-001954-bt-integrated-lc-ms-oligonucleotide-analysis-an001954-na-en.pdf,,Partially supported,"The source resolves, but the exact title/date was not exposed in retained page metadata.",,Application Trends
Conference intelligence,bioprocessing-summit-us-2026-prep,"Bioprocessing Summit US runs Aug 10-13, 2026 in Boston, MA",https://www.bioprocessingsummit.com/,"The Bioprocessing Summit | August 10-13, 2026 | Boston, MA &amp; Virtual",Partially supported,Event identity resolves; the exact date/location combination was not retained as a source passage.,,Conference Intelligence
Conference intelligence,imsc-2026-prep,"IMSC 2026 runs Aug 22-28, 2026 in Lyon, France",https://www.imss.nl/,,Unreachable,Strict link result: HTTP response contains an access-control or bot-challenge page.,,Conference Intelligence
Conference intelligence,acs-fall-2026-prep,"ACS Fall 2026 runs Aug 23-27, 2026 in Chicago, IL",https://www.acs.org/events/all-events/acs-fall-2026.html,,Partially supported,Event identity resolves; the exact date/location combination was not retained as a source passage.,,Conference Intelligence
Conference intelligence,casss-ms-2026-prep,"CASSS Mass Spec 2026 runs Sep 15-18, 2026 in Rockville, MD",https://www.casss.org/mass-spectrometry/attend,Mass Spec Attendee Resources,Partially supported,Event identity resolves; the exact date/location combination was not retained as a source passage.,,Conference Intelligence
Conference intelligence,lab-of-the-future-eu-2026-prep,"Lab of the Future Europe runs Sep 22-23, 2026 in Amsterdam, Netherlands",https://www.lab-of-the-future.com/europe/,Lab of the Future Europe,Partially supported,Event identity resolves; the exact date/location combination was not retained as a source passage.,,Conference Intelligence
Conference intelligence,tides-eu-2026-prep,"TIDES Europe runs Nov 3-5, 2026 in Amsterdam, Netherlands",https://informaconnect.com/tides-europe/,TIDES Europe: Oligonucleotide and Peptide Therapeutics,Partially supported,Event identity resolves; the exact date/location combination was not retained as a source passage.,,Conference Intelligence
Conference intelligence,setac-na-2026-prep,"SETAC North America 2026 runs Nov 2-5, 2026 in Montreal, Quebec",https://www.setac.org/discover-events/global-meetings/setac-north-america-47th-annual-meeting.html,SETAC North America 47th Annual Meeting,Partially supported,Event identity resolves; the exact date/location combination was not retained as a source passage.,,Conference Intelligence
Corporate move,corporate-Agilent-0,"Agilent: Pending acquisition — Biocare (BC Midco I, Inc.) — 2026-03-06 — Approximately $950 million cash",https://www.sec.gov/Archives/edgar/data/1090872/000109087226000055/a-20260430.htm,,Unreachable,Strict link result: strict access failure.,,SEC Filing Insights
Corporate move,corporate-Thermo Fisher-0,"Thermo Fisher: Acquisition — Clario Holdings, Inc. — 2026-03-24 — Preliminary purchase price of approximately $9.1 billion",https://www.sec.gov/Archives/edgar/data/97745/000009774526000092/tmo-20260328.htm,,Unreachable,Strict link result: strict access failure.,,SEC Filing Insights
Corporate move,corporate-Thermo Fisher-1,Thermo Fisher: Acquisition — Solventum Purification and Filtration business — 2025-09-01 — Net purchase price of approximately $3.865 billion,https://www.sec.gov/Archives/edgar/data/97745/000009774526000092/tmo-20260328.htm,,Unreachable,Strict link result: strict access failure.,,SEC Filing Insights
Corporate move,corporate-Thermo Fisher-2,Thermo Fisher: Divestiture agreement — Microbiology business sale to Astorg — 2026-04-27 — Approximately $1.075 billion,https://www.sec.gov/Archives/edgar/data/97745/000009774526000092/tmo-20260328.htm,,Unreachable,Strict link result: strict access failure.,,SEC Filing Insights
Corporate move,corporate-Revvity-0,Revvity: Acquisition — Advanced Chemistry Development Inc. (ACD/Labs) — 2026-01-01 — $72 million cash plus up to $8 million contingent consideration,https://www.sec.gov/Archives/edgar/data/31791/000003179126000019/revv-20260405.htm,,Unreachable,Strict link result: strict access failure.,,SEC Filing Insights
Historical product catalog,agilent-hp-1100-hplc-1995,Agilent HP 1100 Series HPLC introduced in 1995,https://www.agilent.com/about/companyinfo/history/Agilent-history-timeline.pdf,,Unreachable,Primary source could not be fetched or extracted.,,Historical competitor/product selectors
Historical product catalog,agilent-1200-series-lc-2006,Agilent 1200 Series LC introduced in 2006,https://www.agilent.com/cs/library/slidepresentation/public/Discover_the_Efficiency_Advantage_in_your_LC_Phoenix07012017.pdf,,Unreachable,Primary source could not be fetched or extracted.,,Historical competitor/product selectors
Historical product catalog,agilent-6100-series-lcms-2006,Agilent 6100 Series Single Quadrupole LC/MS introduced in 2006,https://www.agilent.com/about/newsroom/presrel/2007/05apr-ca07020.html,,Unreachable,Primary source could not be fetched or extracted.,,Historical competitor/product selectors
Historical product catalog,agilent-6210-tof-lcms-2006,Agilent 6210 TOF LC/MS introduced in 2006,https://www.agilent.com/about/newsroom/presrel/2007/05apr-ca07020.html,,Unreachable,Primary source could not be fetched or extracted.,,Historical competitor/product selectors
Historical product catalog,agilent-6410-triple-quad-2006,Agilent 6410 Triple Quadrupole LC/MS introduced in 2006,https://www.agilent.com/about/newsroom/presrel/2007/05apr-ca07020.html,,Unreachable,Primary source could not be fetched or extracted.,,Historical competitor/product selectors
Historical product catalog,agilent-6510-qtof-2006,Agilent 6510 Q-TOF LC/MS introduced in 2006,https://www.agilent.com/about/newsroom/presrel/2007/05apr-ca07020.html,,Unreachable,Primary source could not be fetched or extracted.,,Historical competitor/product selectors
Historical product catalog,agilent-6220-tof-2007,Agilent 6220 TOF LC/MS introduced in 2007,https://www.agilent.com/about/newsroom/presrel/2008/07apr-ca08025.html,,Unreachable,Primary source could not be fetched or extracted.,,Historical competitor/product selectors
Historical product catalog,agilent-1290-infinity-lc-2009,Agilent 1290 Infinity LC introduced in 2009,https://www.agilent.com/cs/library/slidepresentation/public/Discover_the_Efficiency_Advantage_in_your_LC_Phoenix07012017.pdf,,Unreachable,Primary source could not be fetched or extracted.,,Historical competitor/product selectors
Historical product catalog,agilent-1260-infinity-lc-2010,Agilent 1260 Infinity LC introduced in 2010,https://www.agilent.com/cs/library/slidepresentation/public/Discover_the_Efficiency_Advantage_in_your_LC_Phoenix07012017.pdf,,Unreachable,Primary source could not be fetched or extracted.,,Historical competitor/product selectors
Historical product catalog,agilent-1290-infinity-2dlc-2012,Agilent 1290 Infinity 2D-LC introduced in 2012,https://www.agilent.com/cs/library/slidepresentation/public/Discover_the_Efficiency_Advantage_in_your_LC_Phoenix07012017.pdf,,Unreachable,Primary source could not be fetched or extracted.,,Historical competitor/product selectors
Historical product catalog,agilent-1290-infinity-ii-2014,Agilent 1290 Infinity II LC introduced in 2014,https://www.agilent.com/cs/library/slidepresentation/public/Discover_the_Efficiency_Advantage_in_your_LC_Phoenix07012017.pdf,,Unreachable,Primary source could not be fetched or extracted.,,Historical competitor/product selectors
Historical product catalog,agilent-1220-infinity-ii-2016,Agilent 1220 Infinity II LC introduced in 2016,https://www.agilent.com/newsjp/presrel/fy2016/ca05_1260infinity.shtml,,Unreachable,Primary source could not be fetched or extracted.,,Historical competitor/product selectors
Historical product catalog,agilent-1260-infinity-ii-2016,Agilent 1260 Infinity II LC introduced in 2016,https://www.agilent.com/newsjp/presrel/fy2016/ca05_1260infinity.shtml,,Unreachable,Primary source could not be fetched or extracted.,,Historical competitor/product selectors
Historical product catalog,agilent-6495b-2017,Agilent 6495B Triple Quadrupole LC/MS introduced in 2017,https://www.agilent.com/cn/about/newsroom/presrel/2017/0308.html,,Unreachable,Primary source could not be fetched or extracted.,,Historical competitor/product selectors
Historical product catalog,agilent-6546-qtof-2019,Agilent 6546 LC/Q-TOF introduced in 2019,https://www.agilent.com/about/newsroom/presrel/2019/15apr-ca19010.html,,Unreachable,Primary source could not be fetched or extracted.,,Historical competitor/product selectors
Historical product catalog,agilent-lcmsd-iq-2019,Agilent InfinityLab LC/MSD iQ introduced in 2019,https://www.agilent.com/about/newsroom/presrel/2019/03jun-ca19014.html,,Unreachable,Primary source could not be fetched or extracted.,,Historical competitor/product selectors
Historical product catalog,agilent-6470b-2020,Agilent 6470B Triple Quadrupole LC/MS introduced in 2020,https://www.agilent.com/about/newsroom/presrel/2020/01jun-ca20017.html,,Unreachable,Primary source could not be fetched or extracted.,,Historical competitor/product selectors
Historical product catalog,agilent-rapidfire-400-2020,Agilent RapidFire 400 High-Throughput MS System introduced in 2020,https://www.agilent.com/about/newsroom/presrel/2020/01jun-ca20017.html,,Unreachable,Primary source could not be fetched or extracted.,,Historical competitor/product selectors
Historical product catalog,agilent-6475-2022,Agilent 6475 Triple Quadrupole LC/MS introduced in 2022,https://www.agilent.com/about/newsroom/presrel/2022/06jun-ca22017.html,,Unreachable,Primary source could not be fetched or extracted.,,Historical competitor/product selectors
Historical product catalog,agilent-6495d-2023,Agilent 6495D Triple Quadrupole LC/MS introduced in 2023,https://www.agilent.com/about/newsroom/presrel/2023/05jun-ca23023.html,,Unreachable,Primary source could not be fetched or extracted.,,Historical competitor/product selectors
Historical product catalog,agilent-revident-2023,Agilent Revident LC/Q-TOF introduced in 2023,https://www.agilent.com/about/newsroom/presrel/2023/05jun-ca23023.html,,Unreachable,Primary source could not be fetched or extracted.,,Historical competitor/product selectors
Historical product catalog,agilent-1260-infinity-iii-2024,Agilent 1260 Infinity III LC introduced in 2024,https://www.agilent.com/about/newsroom/presrel/2024/21oct-ca24026.html,,Unreachable,Primary source could not be fetched or extracted.,,Historical competitor/product selectors
Historical product catalog,agilent-1260-infinity-iii-prime-2024,Agilent 1260 Infinity III Prime LC introduced in 2024,https://www.agilent.com/about/newsroom/presrel/2024/21oct-ca24026.html,,Unreachable,Primary source could not be fetched or extracted.,,Historical competitor/product selectors
Historical product catalog,agilent-1290-infinity-iii-2024,Agilent 1290 Infinity III LC introduced in 2024,https://www.agilent.com/about/newsroom/presrel/2024/21oct-ca24026.html,,Unreachable,Primary source could not be fetched or extracted.,,Historical competitor/product selectors
Historical product catalog,shimadzu-lc-10a-1991,Shimadzu LC-10A Series HPLC introduced in 1991,https://www.shimadzu.com/sites/shimadzu.com/files/ir/8quj/r6kpfhyxuu985pje.pdf,,Unreachable,Primary source could not be fetched or extracted.,,Historical competitor/product selectors
Historical product catalog,shimadzu-lc-vp-1997,Shimadzu LC-VP Series HPLC introduced in 1997,https://www.shimadzu.com/sites/shimadzu.com/files/ir/8quj/r6kpfhyxuu985pje.pdf,,Unreachable,Primary source could not be fetched or extracted.,,Historical competitor/product selectors
Historical product catalog,shimadzu-lc-2010-2000,Shimadzu LC-2010 Integrated HPLC introduced in 2000,https://www.shimadzu.com/sites/shimadzu.com/files/ir/8quj/r6kpfhyxuu985pje.pdf,,Unreachable,Primary source could not be fetched or extracted.,,Historical competitor/product selectors
Historical product catalog,shimadzu-lcms-2010a-2002,Shimadzu LCMS-2010A introduced in 2002,https://www.shimadzu.com/sites/shimadzu.com/files/ir/8quj/r6kpfhyxuu985pje.pdf,,Unreachable,Primary source could not be fetched or extracted.,,Historical competitor/product selectors
Historical product catalog,shimadzu-sil-ht-2003,Shimadzu SIL-HT Autosampler introduced in 2003,https://www.shimadzu.com/sites/shimadzu.com/files/ir/8quj/r6kpfhyxuu985pje.pdf,,Unreachable,Primary source could not be fetched or extracted.,,Historical competitor/product selectors
Historical product catalog,shimadzu-prominence-2004,Shimadzu Prominence HPLC/UHPLC introduced in 2004,https://www.shimadzu.com/sites/shimadzu.com/files/ir/8quj/r6kpfhyxuu985pje.pdf,,Unreachable,Primary source could not be fetched or extracted.,,Historical competitor/product selectors
Historical product catalog,shimadzu-lcms-it-tof-2004,Shimadzu LCMS-IT-TOF introduced in 2004,https://www.shimadzu.com/sites/shimadzu.com/files/ir/8quj/r6kpfhyxuu985pje.pdf,,Unreachable,Primary source could not be fetched or extracted.,,Historical competitor/product selectors
Historical product catalog,shimadzu-lcms-2020-2008,Shimadzu LCMS-2020 Single Quadrupole introduced in 2008,https://www.shimadzu.com/sites/shimadzu.com/files/ir/8quj/r6kpfhyxuu985pje.pdf,,Unreachable,Primary source could not be fetched or extracted.,,Historical competitor/product selectors
Historical product catalog,shimadzu-nexera-2010,Shimadzu Nexera UHPLC introduced in 2010,https://www.shimadzu.com/sites/shimadzu.com/files/ir/8quj/r6kpfhyxuu985pje.pdf,,Unreachable,Primary source could not be fetched or extracted.,,Historical competitor/product selectors
Historical product catalog,shimadzu-lcms-8030-2010,Shimadzu LCMS-8030 Triple Quadrupole introduced in 2010,https://www.shimadzu.com/sites/shimadzu.com/files/ir/8quj/r6kpfhyxuu985pje.pdf,,Unreachable,Primary source could not be fetched or extracted.,,Historical competitor/product selectors
Historical product catalog,shimadzu-lcms-8040-2012,Shimadzu LCMS-8040 Triple Quadrupole introduced in 2012,https://www.shimadzu.com/sites/shimadzu.com/files/ir/8quj/r6kpfhyxuu985pje.pdf,,Unreachable,Primary source could not be fetched or extracted.,,Historical competitor/product selectors
Historical product catalog,shimadzu-lcms-8050-2013,Shimadzu LCMS-8050 Triple Quadrupole introduced in 2013,https://www.shimadzu.com/sites/shimadzu.com/files/ir/8quj/r6kpfhyxuu985pje.pdf,,Unreachable,Primary source could not be fetched or extracted.,,Historical competitor/product selectors
Historical product catalog,shimadzu-i-series-2014,Shimadzu i-Series Integrated HPLC/UHPLC introduced in 2014,https://www.shimadzu.com/sites/shimadzu.com/files/ir/8quj/r6kpfhyxuu985pje.pdf,,Unreachable,Primary source could not be fetched or extracted.,,Historical competitor/product selectors
Historical product catalog,shimadzu-nexera-uc-2015,Shimadzu Nexera UC Unified Chromatography introduced in 2015,https://www.shimadzu.com/sites/shimadzu.com/files/ir/8quj/r6kpfhyxuu985pje.pdf,,Unreachable,Primary source could not be fetched or extracted.,,Historical competitor/product selectors
Historical product catalog,shimadzu-lcms-8060-2015,Shimadzu LCMS-8060 Triple Quadrupole introduced in 2015,https://www.shimadzu.com/sites/shimadzu.com/files/ir/8quj/r6kpfhyxuu985pje.pdf,,Unreachable,Primary source could not be fetched or extracted.,,Historical competitor/product selectors
Historical product catalog,shimadzu-nexera-mikros-2018,Shimadzu Nexera Mikros Microflow LC-MS System introduced in 2018,https://www.shimadzu.com/sites/shimadzu.com/files/ir/8quj/r6kpfhyxuu985pje.pdf,,Unreachable,Primary source could not be fetched or extracted.,,Historical competitor/product selectors
Historical product catalog,shimadzu-lcms-9030-2018,Shimadzu LCMS-9030 Q-TOF introduced in 2018,https://www.shimadzu.com/sites/shimadzu.com/files/ir/8quj/r6kpfhyxuu985pje.pdf,,Unreachable,Primary source could not be fetched or extracted.,,Historical competitor/product selectors
Historical product catalog,shimadzu-nexera-40-series-2019,Shimadzu Nexera 40 Series UHPLC introduced in 2019,https://www.shimadzu.com/sites/shimadzu.com/files/ir/8quj/r6kpfhyxuu985pje.pdf,,Unreachable,Primary source could not be fetched or extracted.,,Historical competitor/product selectors
Historical product catalog,shimadzu-lcms-8060nx-2020,Shimadzu LCMS-8060NX Triple Quadrupole introduced in 2020,https://www.ssi.shimadzu.com/news/2020/new-LCMS-8060NX-high-performance-tandem-liquid-chromatograph-mass-spectrometer-improves-workflow-efficiency-and-maximizes-laboratory-output.html,Shimadzu’s New LCMS-8060NX High-Performance Tandem Liquid Chromatograph Mass Spectrometer Improves Workflow Efficiency and Maximizes Laboratory,Verified,,,Historical competitor/product selectors
Historical product catalog,shimadzu-nexera-qx-2020,Shimadzu Nexera QX Multiplex LC-MS/MS System introduced in 2020,https://www.ssi.shimadzu.com/news/2020/shimadzu-launches-new-Ultra-Fast-Nexera-QX-Multiplex-LC-MS/MS-System.html,New Ultra-Fast Nexera QX Multiplex LC-MS/MS System Multiplies Sample Throughput to Maximize Productivity : Shimadzu,Verified,,,Historical competitor/product selectors
Historical product catalog,shimadzu-nexera-prep-2021,Shimadzu Nexera Prep Preparative LC introduced in 2021,https://www.shimadzu.com/an/products/liquid-chromatography/hplc-system/nexera-prep/index.html,Nexera Prep : SHIMADZU (Shimadzu Corporation) Global Analytical and Measuring Instruments About Shimadzu Contact Search,Partially supported,"Product identity is supported, but the introduction year was not found in the fetched source.",,Historical competitor/product selectors
Historical product catalog,shimadzu-nexera-fv-2021,Shimadzu Nexera FV Ultra-Fast LC-MS/MS System introduced in 2021,https://www.shimadzu.com/an/products/liquid-chromatography/hplc-system/nexera-fv/index.html,Nexera FV : SHIMADZU (Shimadzu Corporation) Global Analytical and Measuring Instruments About Shimadzu Contact Search,Partially supported,"Product identity is supported, but the introduction year was not found in the fetched source.",,Historical competitor/product selectors
Historical product catalog,shimadzu-nexera-xs-inert-2022,Shimadzu Nexera XS inert UHPLC introduced in 2022,https://www.shimadzu.com/news/xsysh4059sd7e93d.html,ADZU CORPORATION : Expanding Market Share in the Pharma/Biopharma Market with New LC Release of,Verified,,,Historical competitor/product selectors
Historical product catalog,shimadzu-lcms-2050-2022,Shimadzu LCMS-2050 Single Quadrupole introduced in 2022,https://www.shimadzu.com/news/2022.html,2022 | NEWS | SHIMADZU CORPORATION CONTACT US GLOBAL LINKS CONTACT US GLOBAL LINKS NEWS,Partially supported,"Product identity is supported, but the introduction year was not found in the fetched source.",,Historical competitor/product selectors
Historical product catalog,shimadzu-lcms-9050-2022,Shimadzu LCMS-9050 Q-TOF introduced in 2022,https://www.ssi.shimadzu.com/news/2022-12-05-new-q-tof-lcms-9050.html,"New Q-TOF LCMS-9050 Delivers Exceptional Mass Accuracy and Fast, Stable Polarity Switching : Shimadzu Scientific",Verified,,,Historical competitor/product selectors
Historical product catalog,thermo-q-exactive-2011,Thermo Fisher Q Exactive Orbitrap Mass Spectrometer introduced in 2011,https://ir.thermofisher.com/investors/news-events/news/news-details/2011/Thermo-Fisher-Scientific-Launches-New-Cutting-Edge-Mass-Spectrometry-Instruments-at-ASMS-2011-2011-6-6/default.aspx,,Unreachable,Primary source could not be fetched or extracted.,,Historical competitor/product selectors
Historical product catalog,thermo-orbitrap-elite-2011,Thermo Fisher Orbitrap Elite Mass Spectrometer introduced in 2011,https://ir.thermofisher.com/investors/news-events/news/news-details/2011/Thermo-Fisher-Scientific-Launches-New-Cutting-Edge-Mass-Spectrometry-Instruments-at-ASMS-2011-2011-6-6/default.aspx,,Unreachable,Primary source could not be fetched or extracted.,,Historical competitor/product selectors
Historical product catalog,thermo-dionex-ics-4000-2012,Thermo Fisher Dionex ICS-4000 Capillary HPIC System introduced in 2012,https://india.newsroom.thermofisher.com/press-releases?item=122743,"Thermo Fisher Scientific Launches Integrated Capillary High-Pressure Ion Chromatography System- March 12, 2012 Thermo Fisher",Verified,,,Historical competitor/product selectors
Historical product catalog,thermo-vanquish-horizon-2014,Thermo Fisher Vanquish Horizon UHPLC introduced in 2014,https://documents.thermofisher.com/TFS-Assets/CMD/brochures/in-73065-vanquish-uhplc-platform-in73065-en.pdf,,Unreachable,Primary source could not be fetched or extracted.,,Historical competitor/product selectors
Historical product catalog,thermo-q-exactive-hf-2014,Thermo Fisher Q Exactive HF Orbitrap Mass Spectrometer introduced in 2014,https://ir.thermofisher.com/investors/news-events/news/news-details/2014/Thermo-Fisher-Scientific-Strengthens-its-Industry-Leading-Mass-Spectrometry-Portfolio-at-ASMS-2014-2014-6-16/default.aspx,,Unreachable,Primary source could not be fetched or extracted.,,Historical competitor/product selectors
Historical product catalog,thermo-vanquish-cad-2015,Thermo Fisher Vanquish Charged Aerosol Detector introduced in 2015,https://documents.thermofisher.com/TFS-Assets/CMD/brochures/in-73065-vanquish-uhplc-platform-in73065-en.pdf,,Unreachable,Primary source could not be fetched or extracted.,,Historical competitor/product selectors
Historical product catalog,thermo-q-exactive-focus-2015,Thermo Fisher Q Exactive Focus Orbitrap Mass Spectrometer introduced in 2015,https://ir.thermofisher.com/investors/news-events/news/news-details/2015/Thermo-Fisher-Scientific-Strengthens-Technology-Leadership-in-Applied-Markets-at-Pittcon-2015-2015-3-9/default.aspx,,Unreachable,Primary source could not be fetched or extracted.,,Historical competitor/product selectors
Historical product catalog,thermo-vanquish-flex-2016,Thermo Fisher Vanquish Flex UHPLC introduced in 2016,https://ir.thermofisher.com/investors/news-events/news/news-details/2016/Thermo-Fisher-Scientific-Strengthens-Life-Sciences-Leadership-with-New-Instruments-Launched-at-ASMS-2016-2016-6-6/default.aspx,,Unreachable,Primary source could not be fetched or extracted.,,Historical competitor/product selectors
Historical product catalog,thermo-dionex-integrion-2016,Thermo Fisher Dionex Integrion HPIC System introduced in 2016,https://india.newsroom.thermofisher.com/press-releases?item=122601,timedia External Recognitions Contact India PR Press Releases New High-Pressure Ion Chromatography (HPIC) System Delivers,Verified,,,Historical competitor/product selectors
Historical product catalog,thermo-q-exactive-biopharma-2016,Thermo Fisher Q Exactive BioPharma Mass Spectrometer introduced in 2016,https://ir.thermofisher.com/investors/news-events/news/news-details/2016/Thermo-Fisher-Scientific-Strengthens-Life-Sciences-Leadership-with-New-Instruments-Launched-at-ASMS-2016-2016-6-6/default.aspx,,Unreachable,Primary source could not be fetched or extracted.,,Historical competitor/product selectors
Historical product catalog,thermo-q-exactive-hfx-2017,Thermo Fisher Q Exactive HF-X Orbitrap Mass Spectrometer introduced in 2017,https://ir.thermofisher.com/investors/news-events/news/news-details/2017/Thermo-Fisher-Scientific-Raises-the-Bar-in-Mass-Spectrometry-Innovation-at-ASMS-2017-2017-6-5/default.aspx,,Unreachable,Primary source could not be fetched or extracted.,,Historical competitor/product selectors
Historical product catalog,thermo-tsq-altis-2017,Thermo Fisher TSQ Altis Triple Quadrupole Mass Spectrometer introduced in 2017,https://ir.thermofisher.com/investors/news-events/news/news-details/2017/Thermo-Fisher-Scientific-Raises-the-Bar-in-Mass-Spectrometry-Innovation-at-ASMS-2017-2017-6-5/default.aspx,,Unreachable,Primary source could not be fetched or extracted.,,Historical competitor/product selectors
Historical product catalog,thermo-tsq-quantis-2017,Thermo Fisher TSQ Quantis Triple Quadrupole Mass Spectrometer introduced in 2017,https://ir.thermofisher.com/investors/news-events/news/news-details/2017/Thermo-Fisher-Scientific-Raises-the-Bar-in-Mass-Spectrometry-Innovation-at-ASMS-2017-2017-6-5/default.aspx,,Unreachable,Primary source could not be fetched or extracted.,,Historical competitor/product selectors
Historical product catalog,thermo-vanquish-duo-2018,Thermo Fisher Vanquish Duo UHPLC introduced in 2018,https://ir.thermofisher.com/investors/news-events/news/news-details/2018/Thermo-Fisher-Scientific-Reports-First-Quarter-2018-Results-2018-4-25/default.aspx,Thermo Fisher Scientific Inc. - Thermo Fisher Scientific Reports First Quarter 2018 Results Skip to,Verified,,,Historical competitor/product selectors
Historical product catalog,thermo-dionex-ics-6000-2018,Thermo Fisher Dionex ICS-6000 HPIC System introduced in 2018,https://india.newsroom.thermofisher.com/press-releases?item=123138,"New High Pressure Ion Chromatography System Designed to Deliver Heightened Performance - Feb 27, 2018",Verified,,,Historical competitor/product selectors
Historical product catalog,thermo-q-exactive-uhmr-2018,Thermo Fisher Q Exactive UHMR Orbitrap Mass Spectrometer introduced in 2018,https://ir.thermofisher.com/investors/news-events/news/news-details/2018/Thermo-Fisher-Scientific-Shows-Newest-Mass-Spectrometry-Innovations-at-ASMS-2018-2018-6-4/default.aspx,,Unreachable,Primary source could not be fetched or extracted.,,Historical competitor/product selectors
Historical product catalog,thermo-orbitrap-exploris-480-2019,Thermo Fisher Orbitrap Exploris 480 Mass Spectrometer introduced in 2019,https://ir.thermofisher.com/investors/news-events/news/news-details/2019/Thermo-Fisher-Scientific-Extends-Industry-leading-Mass-Spectrometry-Portfolio-with-a-New-Generation-of-Intelligence-Driven-Instruments-and-Software-2019-6-3/default.aspx,"pectrometry Portfolio with a New Generation of Intelligence-Driven Instruments and Software June 3, 2019 Innovative",Verified,,,Historical competitor/product selectors
Historical product catalog,thermo-orbitrap-eclipse-2019,Thermo Fisher Orbitrap Eclipse Tribrid Mass Spectrometer introduced in 2019,https://ir.thermofisher.com/investors/news-events/news/news-details/2019/Thermo-Fisher-Scientific-Extends-Industry-leading-Mass-Spectrometry-Portfolio-with-a-New-Generation-of-Intelligence-Driven-Instruments-and-Software-2019-6-3/default.aspx,"pectrometry Portfolio with a New Generation of Intelligence-Driven Instruments and Software June 3, 2019 Innovative",Verified,,,Historical competitor/product selectors
Historical product catalog,thermo-vanquish-core-2020,Thermo Fisher Vanquish Core HPLC introduced in 2020,https://india.newsroom.thermofisher.com/2020-04-22-Thermo-Fisher-Scientific-Reports-First-Quarter-2020-Results,"Thermo Fisher Scientific Reports First Quarter 2020 Results - Apr 22, 2020 Thermo Fisher Scientific",Verified,,,Historical competitor/product selectors
Historical product catalog,thermo-orbitrap-exploris-120-2020,Thermo Fisher Orbitrap Exploris 120 Mass Spectrometer introduced in 2020,https://ir.thermofisher.com/investors/news-events/news/news-details/2020/Thermo-Fisher-Scientific-to-Showcase-New-Mass-Spectrometry-Systems-and-Software-During-Virtual-ASMS-Event-2020-5-27/default.aspx,"Scientific to Showcase New Mass Spectrometry Systems and Software During Virtual ASMS Event May 27,",Verified,,,Historical competitor/product selectors
Historical product catalog,thermo-orbitrap-exploris-240-2020,Thermo Fisher Orbitrap Exploris 240 Mass Spectrometer introduced in 2020,https://ir.thermofisher.com/investors/news-events/news/news-details/2020/Thermo-Fisher-Scientific-to-Showcase-New-Mass-Spectrometry-Systems-and-Software-During-Virtual-ASMS-Event-2020-5-27/default.aspx,"Scientific to Showcase New Mass Spectrometry Systems and Software During Virtual ASMS Event May 27,",Verified,,,Historical competitor/product selectors
Historical product catalog,thermo-vanquish-neo-2021,Thermo Fisher Vanquish Neo UHPLC introduced in 2021,https://ir.thermofisher.com/investors/news-events/news/news-details/2021/Thermo-Fisher-Scientific-Reports-Third-Quarter-2021-Results/,Thermo Fisher Scientific Inc. - Thermo Fisher Scientific Reports Third Quarter 2021 Results Skip to,Verified,,,Historical competitor/product selectors
Historical product catalog,thermo-tsq-plus-2021,Thermo Fisher TSQ Altis Plus and TSQ Quantis Plus introduced in 2021,https://ir.thermofisher.com/investors/news-events/news/news-details/2021/Thermo-Fisher-Scientific-Reports-Third-Quarter-2021-Results/,Thermo Fisher Scientific Inc. - Thermo Fisher Scientific Reports Third Quarter 2021 Results Skip to,Partially supported,"Product identity is supported, but the introduction year was not found in the fetched source.",,Historical competitor/product selectors
Historical product catalog,thermo-orbitrap-exploris-mx-2021,Thermo Fisher Orbitrap Exploris MX Mass Detector introduced in 2021,https://ir.thermofisher.com/investors/news-events/news/news-details/2022/Thermo-Fisher-Scientific-Reports-Fourth-Quarter-and-Full-Year-2021-Results/default.aspx,Thermo Fisher Scientific Inc. - Thermo Fisher Scientific Reports Fourth Quarter and Full Year 2021,Verified,,,Historical competitor/product selectors
Historical product catalog,thermo-orbitrap-ascend-2022,Thermo Fisher Orbitrap Ascend Tribrid Mass Spectrometer introduced in 2022,https://ir.thermofisher.com/investors/news-events/news/news-details/2022/Thermo-Fisher-Scientific-Reports-Third-Quarter-2022-Results/default.aspx,Thermo Fisher Scientific Inc. - Thermo Fisher Scientific Reports Third Quarter 2022 Results Skip to,Verified,,,Historical competitor/product selectors
Historical product catalog,thermo-orbitrap-astral-2023,Thermo Fisher Orbitrap Astral Mass Spectrometer introduced in 2023,https://ir.thermofisher.com/investors/news-events/news/news-details/2023/Thermo-Fisher-Scientific-Introduces-Groundbreaking-Mass-Spectrometer-to-Revolutionize-Biological-Discovery/default.aspx,,Unreachable,Primary source could not be fetched or extracted.,,Historical competitor/product selectors
Historical product catalog,thermo-stellar-2024,Thermo Fisher Stellar Mass Spectrometer introduced in 2024,https://ir.thermofisher.com/investors/news-events/news/news-details/2024/Thermo-Fisher-Scientific-Introduces-Innovative-Mass-Spectrometer-to-Advance-Clinical-Research/default.aspx,,Unreachable,Primary source could not be fetched or extracted.,,Historical competitor/product selectors
Historical product catalog,thermo-orbitrap-tribrid-apex-2026,Thermo Fisher Orbitrap Tribrid Apex Mass Spectrometer introduced in 2026,https://ir.thermofisher.com/investors/news-events/news/news-details/2026/Thermo-Fisher-Scientific-Unveils-Next-generation-Innovations-at-ASMS-2026-to-Accelerate-the-Path-from-Drug-Discovery-to-New-Therapies/default.aspx,,Unreachable,Primary source could not be fetched or extracted.,,Historical competitor/product selectors
Historical product catalog,thermo-orbitrap-excedion-2026,Thermo Fisher Orbitrap Excedion Pro Mass Spectrometer introduced in 2026,https://ir.thermofisher.com/investors/news-events/news/news-details/2026/Thermo-Fisher-Scientific-Unveils-Next-generation-Innovations-at-ASMS-2026-to-Accelerate-the-Path-from-Drug-Discovery-to-New-Therapies/default.aspx,,Unreachable,Primary source could not be fetched or extracted.,,Historical competitor/product selectors
Historical product catalog,sciex-api-4000-2001,SCIEX API 4000 LC-MS/MS System introduced in 2001,https://sciex.com/content/dam/SCIEX/pdf/flyers/cn/sciex-ms-product-roadmap-zh.pdf,,Unreachable,Primary source could not be fetched or extracted.,,Historical competitor/product selectors
Historical product catalog,sciex-qtrap-2002,SCIEX QTRAP Linear Ion Trap Platform introduced in 2002,https://sciex.com/content/dam/SCIEX/pdf/flyers/cn/sciex-ms-product-roadmap-zh.pdf,,Unreachable,Primary source could not be fetched or extracted.,,Historical competitor/product selectors
Historical product catalog,sciex-api-5000-2005,SCIEX API 5000 LC-MS/MS System introduced in 2005,https://sciex.com/content/dam/SCIEX/pdf/flyers/cn/sciex-ms-product-roadmap-zh.pdf,,Unreachable,Primary source could not be fetched or extracted.,,Historical competitor/product selectors
Historical product catalog,sciex-tripletof-5600-2010,SCIEX TripleTOF 5600 System introduced in 2010,https://sciex.com/about-us/press-releases/2010,2010 Press Releases :true: Search Close search Open menu Close menu Login Create an account,Verified,,,Historical competitor/product selectors
Historical product catalog,sciex-6500-series-2012,SCIEX 6500 Series LC-MS/MS Systems introduced in 2012,https://sciex.com/br/about-us/press-releases/2012/6500-series,"para obter mais informações, demonstrações e suporte Fechar navegação Home Sobre nós Press Releases 2012",Verified,,,Historical competitor/product selectors
Historical product catalog,sciex-4500-series-2012,SCIEX 4500 Series LC-MS/MS Systems introduced in 2012,https://sciex.com/content/dam/SCIEX/pdf/flyers/cn/sciex-ms-product-roadmap-zh.pdf,,Unreachable,Primary source could not be fetched or extracted.,,Historical competitor/product selectors
Historical product catalog,sciex-tripletof-5600-plus-2013,SCIEX TripleTOF 5600+ System introduced in 2013,https://sciex.com/content/dam/SCIEX/pdf/flyers/cn/sciex-ms-product-roadmap-zh.pdf,,Unreachable,Primary source could not be fetched or extracted.,,Historical competitor/product selectors
Historical product catalog,sciex-triple-quad-3500-2014,SCIEX Triple Quad 3500 System introduced in 2014,https://sciex.com/about-us/press-releases/2014,2014 Press Releases :true: Search Close search Open menu Close menu Login Create an account,Verified,,,Historical competitor/product selectors
Historical product catalog,sciex-tripletof-6600-2014,SCIEX TripleTOF 6600 System introduced in 2014,https://sciex.com/about-us/press-releases/2014,2014 Press Releases :true: Search Close search Open menu Close menu Login Create an account,Verified,,,Historical competitor/product selectors
Historical product catalog,sciex-x500r-2015,SCIEX X500R QTOF System introduced in 2015,https://sciex.com/about-us/press-releases/2015/sciex-launches-brand-new-high-resolution-mass-spec-system-designed-exclusively-for-routine-testing-use,n-demand On-demand North America Europe View all on-demand Close navigation About Us Press Releases 2015,Verified,,,Historical competitor/product selectors
Historical product catalog,sciex-qtrap-6500-plus-2016,SCIEX QTRAP 6500+ System introduced in 2016,https://sciex.com/content/dam/SCIEX/pdf/flyers/cn/sciex-ms-product-roadmap-zh.pdf,,Unreachable,Primary source could not be fetched or extracted.,,Historical competitor/product selectors
Historical product catalog,sciex-5500-plus-2019,SCIEX 5500+ System introduced in 2019,https://sciex.com/about-us/press-releases/2019,2019 :true: Search Close search Open menu Close menu Login Create an account Already have,Verified,,,Historical competitor/product selectors
Historical product catalog,sciex-tripletof-6600-plus-2019,SCIEX TripleTOF 6600+ System introduced in 2019,https://sciex.com/about-us/press-releases/2019,2019 :true: Search Close search Open menu Close menu Login Create an account Already have,Verified,,,Historical competitor/product selectors
Historical product catalog,sciex-echo-ms-2020,SCIEX Echo MS System introduced in 2020,https://sciex.com/about-us/press-releases/2020,2020 :true: Search Close search Open menu Close menu Login Create an account Already have,Verified,,,Historical competitor/product selectors
Historical product catalog,sciex-7500-2020,SCIEX SCIEX 7500 System introduced in 2020,https://sciex.com/about-us/press-releases/2020,2020 :true: Search Close search Open menu Close menu Login Create an account Already have,Verified,,,Historical competitor/product selectors
Historical product catalog,sciex-os-2020,SCIEX SCIEX OS Software Platform introduced in 2020,https://sciex.com/about-us/press-releases/2020,2020 :true: Search Close search Open menu Close menu Login Create an account Already have,Verified,,,Historical competitor/product selectors
Historical product catalog,perkinelmer-series-200-2001,PerkinElmer Series 200 HPLC introduced in 2001,https://www.perkinelmer.com/lab-products-and-services/resources/chromatography-data-systems.html,2.0.0.1 fixes the problem of peaks being flagged as overrange on the AutoSystem XL GC,Verified,,,Historical competitor/product selectors
Historical product catalog,perkinelmer-flexar-hplc-2010,PerkinElmer Flexar HPLC introduced in 2010,https://www.perkinelmer.com/au/library/app-rapid-uhplc-determination-of-nine-common-herbicides-in-drinking-water.html,Rapid UHPLC Determination of Nine Common Herbicides in Drinking Water with the PerkinElmer Flexar FX,Partially supported,"Product identity is supported, but the introduction year was not found in the fetched source.",,Historical competitor/product selectors
Historical product catalog,perkinelmer-flexar-fx10-2010,PerkinElmer Flexar FX-10 UHPLC introduced in 2010,https://www.perkinelmer.com/au/library/app-rapid-uhplc-determination-of-nine-common-herbicides-in-drinking-water.html,Rapid UHPLC Determination of Nine Common Herbicides in Drinking Water with the PerkinElmer Flexar FX,Partially supported,"Product identity is supported, but the introduction year was not found in the fetched source.",,Historical competitor/product selectors
Historical product catalog,perkinelmer-flexar-fx15-2010,PerkinElmer Flexar FX-15 UHPLC introduced in 2010,https://www.perkinelmer.com/au/library/app-rapid-uhplc-determination-of-nine-common-herbicides-in-drinking-water.html,Rapid UHPLC Determination of Nine Common Herbicides in Drinking Water with the PerkinElmer Flexar FX,Partially supported,"Product identity is supported, but the introduction year was not found in the fetched source.",,Historical competitor/product selectors
Historical product catalog,perkinelmer-qsight-110-2017,PerkinElmer QSight 110 Triple Quadrupole LC-MS/MS introduced in 2017,https://shop.perkinelmer.com/product/BC003382,,Unreachable,Primary source could not be fetched or extracted.,,Historical competitor/product selectors
Historical product catalog,perkinelmer-qsight-210-2017,PerkinElmer QSight 210 Triple Quadrupole LC-MS/MS introduced in 2017,https://shop.perkinelmer.com/product/BC003382,,Unreachable,Primary source could not be fetched or extracted.,,Historical competitor/product selectors
Historical product catalog,perkinelmer-qsight-220-2017,PerkinElmer QSight 220 Triple Quadrupole LC-MS/MS introduced in 2017,https://shop.perkinelmer.com/product/BC003382,,Unreachable,Primary source could not be fetched or extracted.,,Historical competitor/product selectors
Historical product catalog,perkinelmer-qsight-420-2017,PerkinElmer QSight 420 Triple Quadrupole LC-MS/MS introduced in 2017,https://shop.perkinelmer.com/product/BC003382,,Unreachable,Primary source could not be fetched or extracted.,,Historical competitor/product selectors
Historical product catalog,perkinelmer-lc-300-hplc-2021,PerkinElmer LC 300 HPLC introduced in 2021,https://www.perkinelmer.com/au/newsletter/environmental-april,Environmental Newsletter April 2021 Edition | PerkinElmer Skip to main content Header Menu Buy Request,Verified,,,Historical competitor/product selectors
Historical product catalog,perkinelmer-lc-300-uhplc-2021,PerkinElmer LC 300 UHPLC introduced in 2021,https://www.perkinelmer.com/au/newsletter/environmental-april,Environmental Newsletter April 2021 Edition | PerkinElmer Skip to main content Header Menu Buy Request,Verified,,,Historical competitor/product selectors
Historical product catalog,perkinelmer-qsight-500-2025,PerkinElmer QSight 500 LC-MS/MS introduced in 2025,https://www.perkinelmer.com/perkinelmer-launches-qsightr-500-lcmsms-pittcon-2025-empowering-labs-speed-accuracy-and-unmatched,PerkinElmer Launches the QSight® 500 LC/MS/MS at Pittcon 2025 Skip to main content Header Menu,Verified,,,Historical competitor/product selectors
Historical product catalog,waters-alliance-2690-1996,Waters Alliance 2690 HPLC System introduced in 1996,https://www.waters.com/nextgen/is/en/about-waters.html,,Unreachable,Primary source could not be fetched or extracted.,,Historical competitor/product selectors
Historical product catalog,waters-quattro-premier-2003,Waters Quattro Premier Tandem Quadrupole introduced in 2003,https://www.sec.gov/Archives/edgar/data/1000697/000095013504001254/b48994wce10vk.htm,,Unreachable,Primary source could not be fetched or extracted.,,Historical competitor/product selectors
Historical product catalog,waters-lct-premier-2003,Waters LCT Premier TOF Mass Spectrometer introduced in 2003,https://www.sec.gov/Archives/edgar/data/1000697/000095013504001254/b48994wce10vk.htm,,Unreachable,Primary source could not be fetched or extracted.,,Historical competitor/product selectors
Historical product catalog,waters-acquity-uplc-2004,Waters ACQUITY UPLC System introduced in 2004,https://www.waters.com/nextgen/us/en/products/chromatography.html,,Unreachable,Primary source could not be fetched or extracted.,,Historical competitor/product selectors
Historical product catalog,waters-qtof-premier-2004,Waters Q-Tof Premier Mass Spectrometer introduced in 2004,https://www.sec.gov/Archives/edgar/data/1000697/000095013505001421/b53305wce10vk.htm,,Unreachable,Primary source could not be fetched or extracted.,,Historical competitor/product selectors
Historical product catalog,waters-sqd-2006,Waters SQ Detector introduced in 2006,https://www.sec.gov/Archives/edgar/data/1000697/000095013507001300/b63656wce10vk.htm,,Unreachable,Primary source could not be fetched or extracted.,,Historical competitor/product selectors
Historical product catalog,waters-tqd-2006,Waters TQ Detector introduced in 2006,https://www.sec.gov/Archives/edgar/data/1000697/000095013507001300/b63656wce10vk.htm,,Unreachable,Primary source could not be fetched or extracted.,,Historical competitor/product selectors
Historical product catalog,waters-synapt-hdms-2006,Waters SYNAPT HDMS System introduced in 2006,https://www.sec.gov/Archives/edgar/data/1000697/000095013507001300/b63656wce10vk.htm,,Unreachable,Primary source could not be fetched or extracted.,,Historical competitor/product selectors
Historical product catalog,waters-synapt-ms-2008,Waters SYNAPT MS System introduced in 2008,https://www.sec.gov/Archives/edgar/data/1000697/000095013509001331/b72903wce10vk.htm,,Unreachable,Primary source could not be fetched or extracted.,,Historical competitor/product selectors
Historical product catalog,waters-xevo-qtof-2008,Waters Xevo Q-Tof Mass Spectrometer introduced in 2008,https://www.sec.gov/Archives/edgar/data/1000697/000095013509001331/b72903wce10vk.htm,,Unreachable,Primary source could not be fetched or extracted.,,Historical competitor/product selectors
Historical product catalog,waters-synapt-g2-hdms-2009,Waters SYNAPT G2 HDMS System introduced in 2009,https://www.sec.gov/Archives/edgar/data/1000697/000095013509001331/b72903wce10vk.htm,,Unreachable,Primary source could not be fetched or extracted.,,Historical competitor/product selectors
Historical product catalog,waters-acquity-h-class-2010,Waters ACQUITY UPLC H-Class System introduced in 2010,https://www.sec.gov/Archives/edgar/data/1000697/000119312512077126/d274872d10k.htm,,Unreachable,Primary source could not be fetched or extracted.,,Historical competitor/product selectors
Historical product catalog,waters-xevo-tqs-2010,Waters Xevo TQ-S Mass Spectrometer introduced in 2010,https://www.sec.gov/Archives/edgar/data/1000697/000119312512077126/d274872d10k.htm,,Unreachable,Primary source could not be fetched or extracted.,,Historical competitor/product selectors
Historical product catalog,waters-xevo-g2-qtof-2010,Waters Xevo G2 Q-Tof Mass Spectrometer introduced in 2010,https://www.sec.gov/Archives/edgar/data/1000697/000119312512077126/d274872d10k.htm,,Unreachable,Primary source could not be fetched or extracted.,,Historical competitor/product selectors
Historical product catalog,waters-synapt-g2s-hdms-2011,Waters SYNAPT G2-S HDMS System introduced in 2011,https://www.sec.gov/Archives/edgar/data/1000697/000119312512077126/d274872d10k.htm,,Unreachable,Primary source could not be fetched or extracted.,,Historical competitor/product selectors
Historical product catalog,waters-xevo-g2s-qtof-2012,Waters Xevo G2-S QTof Mass Spectrometer introduced in 2012,https://www.sec.gov/Archives/edgar/data/1000697/000119312514072515/d644127d10k.htm,,Unreachable,Primary source could not be fetched or extracted.,,Historical competitor/product selectors
Historical product catalog,waters-xevo-g2s-tof-2012,Waters Xevo G2-S Tof Mass Spectrometer introduced in 2012,https://www.sec.gov/Archives/edgar/data/1000697/000119312514072515/d644127d10k.htm,,Unreachable,Primary source could not be fetched or extracted.,,Historical competitor/product selectors
Historical product catalog,waters-acquity-upc2-2013,Waters ACQUITY UPC2 System introduced in 2013,https://www.sec.gov/Archives/edgar/data/1000697/000119312514072515/d644127d10k.htm,,Unreachable,Primary source could not be fetched or extracted.,,Historical competitor/product selectors
Historical product catalog,waters-acquity-apc-2013,Waters ACQUITY Advanced Polymer Chromatography System introduced in 2013,https://www.sec.gov/Archives/edgar/data/1000697/000119312514072515/d644127d10k.htm,,Unreachable,Primary source could not be fetched or extracted.,,Historical competitor/product selectors
Historical product catalog,waters-acquity-qda-2013,Waters ACQUITY QDa Mass Detector introduced in 2013,https://ir.waters.com/News--Events/newsroom/news-details/2024/Waters-ACQUITY-QDa-II-Mass-Detector-Delivers-Wider-Range-of-Chemical-Analysis-within-Cost-Effective-Lower-Energy-Instrument/default.aspx,,Unreachable,Primary source could not be fetched or extracted.,,Historical competitor/product selectors
Historical product catalog,waters-acquity-mclass-2014,Waters ACQUITY UPLC M-Class System introduced in 2014,https://www.sec.gov/Archives/edgar/data/1000697/000119312515067900/d849246d10k.htm,,Unreachable,Primary source could not be fetched or extracted.,,Historical competitor/product selectors
Historical product catalog,waters-ionkey-ms-2014,Waters ionKey/MS System introduced in 2014,https://www.sec.gov/Archives/edgar/data/1000697/000119312516480594/d108530d10k.htm,,Unreachable,Primary source could not be fetched or extracted.,,Historical competitor/product selectors
Historical product catalog,waters-xevo-g2xs-qtof-2014,Waters Xevo G2-XS QTof Mass Spectrometer introduced in 2014,https://www.sec.gov/Archives/edgar/data/1000697/000119312516480594/d108530d10k.htm,,Unreachable,Primary source could not be fetched or extracted.,,Historical competitor/product selectors
Historical product catalog,waters-xevo-tqs-micro-2014,Waters Xevo TQ-S micro Mass Spectrometer introduced in 2014,https://www.sec.gov/Archives/edgar/data/1000697/000119312516480594/d108530d10k.htm,,Unreachable,Primary source could not be fetched or extracted.,,Historical competitor/product selectors
Historical product catalog,waters-acquity-arc-2015,Waters ACQUITY Arc System introduced in 2015,https://ir.waters.com/News--Events/newsroom/news-details/2015/Waters-Introduces-the-New-ACQUITY-Arc-System-Designed-as-a-Bridge-between-HPLC-and-UPLC-Methods/default.aspx,,Unreachable,Primary source could not be fetched or extracted.,,Historical competitor/product selectors
Historical product catalog,waters-vion-ims-qtof-2015,Waters Vion IMS QTof Mass Spectrometer introduced in 2015,https://www.sec.gov/Archives/edgar/data/1000697/000119312517056239/d268303d10k.htm,,Unreachable,Primary source could not be fetched or extracted.,,Historical competitor/product selectors
Historical product catalog,waters-xevo-tqxs-2016,Waters Xevo TQ-XS Mass Spectrometer introduced in 2016,https://www.sec.gov/Archives/edgar/data/1000697/000119312517056239/d268303d10k.htm,,Unreachable,Primary source could not be fetched or extracted.,,Historical competitor/product selectors
Historical product catalog,waters-acquity-arc-bio-2018,Waters ACQUITY Arc Bio System introduced in 2018,https://www.sec.gov/Archives/edgar/data/1000697/000119312524094009/d691142dars.pdf,,Unreachable,Primary source could not be fetched or extracted.,,Historical competitor/product selectors
Historical product catalog,waters-acquity-hclass-plus-2018,Waters ACQUITY UPLC H-Class PLUS System introduced in 2018,https://www.sec.gov/Archives/edgar/data/1000697/000119312524094009/d691142dars.pdf,,Unreachable,Primary source could not be fetched or extracted.,,Historical competitor/product selectors
Historical product catalog,waters-acquity-hclass-plus-bio-2018,Waters ACQUITY UPLC H-Class PLUS Bio System introduced in 2018,https://www.sec.gov/Archives/edgar/data/1000697/000119312524094009/d691142dars.pdf,,Unreachable,Primary source could not be fetched or extracted.,,Historical competitor/product selectors
Historical product catalog,waters-bioaccord-2019,Waters BioAccord LC-MS System introduced in 2019,https://www.sec.gov/Archives/edgar/data/1000697/000119312524094009/d691142dars.pdf,,Unreachable,Primary source could not be fetched or extracted.,,Historical competitor/product selectors
Historical product catalog,waters-select-cyclic-ims-2019,Waters SELECT SERIES Cyclic IMS introduced in 2019,https://www.sec.gov/Archives/edgar/data/1000697/000119312524094009/d691142dars.pdf,,Unreachable,Primary source could not be fetched or extracted.,,Historical competitor/product selectors
Historical product catalog,waters-synapt-xs-2019,Waters SYNAPT XS Mass Spectrometer introduced in 2019,https://www.sec.gov/Archives/edgar/data/1000697/000119312524094009/d691142dars.pdf,,Unreachable,Primary source could not be fetched or extracted.,,Historical competitor/product selectors
Historical product catalog,waters-xevo-tqs-cronos-2019,Waters Xevo TQ-S cronos Mass Spectrometer introduced in 2019,https://www.sec.gov/Archives/edgar/data/1000697/000119312524094009/d691142dars.pdf,,Unreachable,Primary source could not be fetched or extracted.,,Historical competitor/product selectors
Historical product catalog,waters-waters-connect-2019,Waters waters_connect Software Platform introduced in 2019,https://www.sec.gov/Archives/edgar/data/1000697/000119312524094009/d691142dars.pdf,,Unreachable,Primary source could not be fetched or extracted.,,Historical competitor/product selectors
Historical product catalog,waters-radian-asap-2020,Waters Radian ASAP Mass Detector introduced in 2020,https://www.sec.gov/Archives/edgar/data/1000697/000119312524094009/d691142dars.pdf,,Unreachable,Primary source could not be fetched or extracted.,,Historical competitor/product selectors
Historical product catalog,waters-arc-premier-2021,Waters Arc Premier System introduced in 2021,https://ir.waters.com/News--Events/newsroom/news-details/2021/Waters-Arc-Premier-System-Delivers-Increased-Precision-and-Certainty-in-Chromatographic-Results/default.aspx,,Unreachable,Primary source could not be fetched or extracted.,,Historical competitor/product selectors
Historical product catalog,waters-acquity-rda-2021,Waters ACQUITY RDa Detector introduced in 2021,https://www.sec.gov/Archives/edgar/data/1000697/000119312524094009/d691142dars.pdf,,Unreachable,Primary source could not be fetched or extracted.,,Historical competitor/product selectors
Historical product catalog,waters-xevo-g3-qtof-2022,Waters Xevo G3 QTof Mass Spectrometer introduced in 2022,https://www.sec.gov/Archives/edgar/data/1000697/000119312524094009/d691142dars.pdf,,Unreachable,Primary source could not be fetched or extracted.,,Historical competitor/product selectors
Historical product catalog,waters-xevo-tq-absolute-ivd-2023,Waters Xevo TQ Absolute IVD System introduced in 2023,https://www.sec.gov/Archives/edgar/data/1000697/000119312524094009/d691142dars.pdf,,Unreachable,Primary source could not be fetched or extracted.,,Historical competitor/product selectors
Historical product catalog,waters-alliance-is-bio-2024,Waters Alliance iS Bio HPLC System introduced in 2024,https://ir.waters.com/News--Events/newsroom/news-details/2024/Waters-Launches-Alliance-iS-Bio-HPLC-System-to-Help-Biopharma-QC-Labs-Increase-Efficiency-and-Reduce-Errors/default.aspx,,Unreachable,Primary source could not be fetched or extracted.,,Historical competitor/product selectors
Historical product catalog,waters-acquity-qda-ii-2024,Waters ACQUITY QDa II Mass Detector introduced in 2024,https://ir.waters.com/News--Events/newsroom/news-details/2024/Waters-ACQUITY-QDa-II-Mass-Detector-Delivers-Wider-Range-of-Chemical-Analysis-within-Cost-Effective-Lower-Energy-Instrument/default.aspx,,Unreachable,Primary source could not be fetched or extracted.,,Historical competitor/product selectors
Historical product catalog,waters-xevo-mrt-2024,Waters Xevo MRT Mass Spectrometer introduced in 2024,https://ir.waters.com/News--Events/newsroom/news-details/2024/Waters-Sets-New-Standards-for-High-Resolution-Performance-and-Speed-with-Xevo-MRT-Mass-Spectrometer/default.aspx,,Unreachable,Primary source could not be fetched or extracted.,,Historical competitor/product selectors
Historical product catalog,waters-xevo-tq-absolute-xr-2025,Waters Xevo TQ Absolute XR Mass Spectrometer introduced in 2025,https://ir.waters.com/News--Events/newsroom/news-details/2025/Waters-Sets-a-New-Benchmark-for-Robustness-and-Sensitivity-for-High-Throughput-Labs-with-the-Xevo-TQ-Absolute-XR-Mass-Spectrometer/default.aspx,,Unreachable,Primary source could not be fetched or extracted.,,Historical competitor/product selectors
Historical product catalog,waters-xevo-cdms-2025,Waters Xevo Charge Detection Mass Spectrometer introduced in 2025,https://www.sec.gov/Archives/edgar/data/1000697/000119312526062604/d778470d10k.htm,,Unreachable,Primary source could not be fetched or extracted.,,Historical competitor/product selectors
Technical comparison,agilent-1290-infinity-iii-fld-2026::acquity-uplc-i-class-plus::0,"Comparable detector configuration: Agilent positions the 1290 Infinity III FLD as a fluorescence detector for UHPLC workflows and for standalone or in-line use with LC/MS. | Waters: Waters specifies the ACQUITY UPLC FLR Detector for ACQUITY UPLC I-Class PLUS, H-Class PLUS, and Premier systems.",https://www.agilent.com/en/product/liquid-chromatography/hplc-components-accessories/hplc-detectors/1290-fluorescence-detector | https://www.waters.com/content/dam/waters/en/library/specifications/2020/waters-specification-ACQUITYUPLCFLRDetectorspecifications-720001985.pdf,,Unreachable,At least one required source is strictly broken: https://www.agilent.com/en/product/liquid-chromatography/hplc-components-accessories/hplc-detectors/1290-fluorescence-detector.,,Product Comparator / Engineering
Technical comparison,agilent-1290-infinity-iii-fld-2026::acquity-uplc-i-class-plus::1,"Raman sensitivity (published S/N): Agilent specifies Raman S/N above 2,500 and Raman S/N versus dark above 30,000 for the 1290 Infinity III FLD. | Waters: Waters specifies Raman S/N above 1,000 for the ACQUITY UPLC FLR Detector.",https://www.agilent.com/cs/library/usermanuals/public/G7123-Fluorescence-Detector-UseMa-en-D0129488.pdf | https://www.waters.com/content/dam/waters/en/library/specifications/2020/waters-specification-ACQUITYUPLCFLRDetectorspecifications-720001985.pdf,,Unreachable,At least one required source is strictly broken: https://www.agilent.com/cs/library/usermanuals/public/G7123-Fluorescence-Detector-UseMa-en-D0129488.pdf.,,Product Comparator / Engineering
Technical comparison,agilent-1290-infinity-iii-fld-2026::acquity-uplc-i-class-plus::2,Maximum acquisition rate: Agilent specifies a maximum data rate of 160 Hz for the 1290 Infinity III FLD. | Waters: Waters specifies data acquisition up to 80 Hz for the ACQUITY UPLC FLR Detector.,https://www.agilent.com/cs/library/usermanuals/public/G7123-Fluorescence-Detector-UseMa-en-D0129488.pdf | https://www.waters.com/content/dam/waters/en/library/specifications/2020/waters-specification-ACQUITYUPLCFLRDetectorspecifications-720001985.pdf,,Unreachable,At least one required source is strictly broken: https://www.agilent.com/cs/library/usermanuals/public/G7123-Fluorescence-Detector-UseMa-en-D0129488.pdf.,,Product Comparator / Engineering
Technical comparison,agilent-1290-infinity-iii-fld-2026::acquity-uplc-i-class-plus::3,Flow-cell volume: Agilent offers 2 µL and 13 µL flow cells for the 1290 Infinity III FLD. | Waters: Waters specifies a flow-cell volume below 2 µL for the ACQUITY UPLC FLR Detector.,https://www.agilent.com/cs/library/usermanuals/public/G7123-Fluorescence-Detector-UseMa-en-D0129488.pdf | https://www.waters.com/content/dam/waters/en/library/specifications/2020/waters-specification-ACQUITYUPLCFLRDetectorspecifications-720001985.pdf,,Unreachable,At least one required source is strictly broken: https://www.agilent.com/cs/library/usermanuals/public/G7123-Fluorescence-Detector-UseMa-en-D0129488.pdf.,,Product Comparator / Engineering
Technical comparison,agilent-1290-infinity-iii-fld-2026::acquity-uplc-i-class-plus::4,"Wavelength coverage: Agilent specifies a settable excitation/emission range of 200–1,200 nm and a spectral scan range of 200–800 nm. | Waters: Waters specifies 200–890 nm excitation and 210–900 nm emission ranges.",https://www.agilent.com/cs/library/usermanuals/public/G7123-Fluorescence-Detector-UseMa-en-D0129488.pdf | https://www.waters.com/content/dam/waters/en/library/specifications/2020/waters-specification-ACQUITYUPLCFLRDetectorspecifications-720001985.pdf,,Unreachable,At least one required source is strictly broken: https://www.agilent.com/cs/library/usermanuals/public/G7123-Fluorescence-Detector-UseMa-en-D0129488.pdf.,,Product Comparator / Engineering
Technical comparison,agilent-1290-infinity-iii-fld-2026::acquity-uplc-i-class-plus::5,Wavelength accuracy / repeatability: Agilent specifies ±3.0 nm wavelength accuracy and ±0.2 nm wavelength precision. | Waters: Waters specifies ±3 nm wavelength accuracy and ±0.25 nm wavelength repeatability.,https://www.agilent.com/cs/library/usermanuals/public/G7123-Fluorescence-Detector-UseMa-en-D0129488.pdf | https://www.waters.com/content/dam/waters/en/library/specifications/2020/waters-specification-ACQUITYUPLCFLRDetectorspecifications-720001985.pdf,,Unreachable,At least one required source is strictly broken: https://www.agilent.com/cs/library/usermanuals/public/G7123-Fluorescence-Detector-UseMa-en-D0129488.pdf.,,Product Comparator / Engineering
Technical comparison,agilent-1290-infinity-iii-fld-2026::acquity-uplc-i-class-plus::6,Flow-cell pressure limit: Agilent specifies a 60 bar (6 MPa) maximum pressure for the 1290 Infinity III FLD flow cell. | Waters: Waters specifies a 500 psi (34 bar) pressure limit for the ACQUITY UPLC FLR Detector flow cell.,https://www.agilent.com/cs/library/usermanuals/public/G7123-Fluorescence-Detector-UseMa-en-D0129488.pdf | https://www.waters.com/content/dam/waters/en/library/specifications/2020/waters-specification-ACQUITYUPLCFLRDetectorspecifications-720001985.pdf,,Unreachable,At least one required source is strictly broken: https://www.agilent.com/cs/library/usermanuals/public/G7123-Fluorescence-Detector-UseMa-en-D0129488.pdf.,,Product Comparator / Engineering
Technical comparison,agilent-1290-infinity-iii-fld-2026::acquity-uplc-i-class-plus::7,"Published pH range: Agilent specifies a pH range of 1.0–12.5 for the 1290 Infinity III FLD, solvent dependent. | Waters: Waters specifies a pH range of 1–12.5 for the ACQUITY UPLC I-Class PLUS System.",https://www.agilent.com/cs/library/usermanuals/public/G7123-Fluorescence-Detector-UseMa-en-D0129488.pdf | https://www.waters.com/nextgen/us/en/products/chromatography/chromatography-systems/acquity-uplc-i-class-plus-system.html,,Unreachable,At least one required source is strictly broken: https://www.agilent.com/cs/library/usermanuals/public/G7123-Fluorescence-Detector-UseMa-en-D0129488.pdf.,,Product Comparator / Engineering
Technical comparison,agilent-1290-infinity-iii-2024::acquity-premier-system::0,"System / gradient dwell (delay) volume: Agilent publishes a pump delay volume as low as 10 µL, but total configured system dwell volume is not stated on the reviewed product page. | Waters: Waters describes ACQUITY Premier as low-dispersion, but a directly comparable total configured dwell-volume value is not stated on the reviewed public page.",https://www.agilent.com/en/product/liquid-chromatography/hplc-components-accessories/hplc-pumps/1290-high-speed-pump | https://www.waters.com/nextgen/en/products/chromatography/chromatography-systems/acquity-premier-system.html,,Unreachable,At least one required source is strictly broken: https://www.agilent.com/en/product/liquid-chromatography/hplc-components-accessories/hplc-pumps/1290-high-speed-pump.,,Product Comparator / Engineering
Technical comparison,agilent-1290-infinity-iii-2024::acquity-premier-system::1,"Extra-column dispersion / band broadening: Agilent claims low dispersion for the 1290 Infinity III, but the reviewed primary source does not publish a common-condition variance or peak-width result for the complete configuration. | Waters: Waters claims low dispersion for ACQUITY Premier, but the reviewed primary source does not publish a result under the same tubing, detector cell, column, and method conditions.",https://www.agilent.com/en/product/liquid-chromatography/hplc-systems/analytical-hplc-systems/1290-lc-system | https://www.waters.com/nextgen/en/products/chromatography/chromatography-systems/acquity-premier-system.html,,Unreachable,At least one required source is strictly broken: https://www.agilent.com/en/product/liquid-chromatography/hplc-systems/analytical-hplc-systems/1290-lc-system.,,Product Comparator / Engineering
Technical comparison,agilent-1290-infinity-iii-2024::acquity-premier-system::2,"Injection precision (%RSD): The 1290 Infinity III Hybrid Multisampler manual specifies less than 0.15% RSD, or SD below 20 nL, whichever is greater, using caffeine and the stated solvent conditions. | Waters: A directly comparable ACQUITY Premier injection-precision value under the same injection volume, analyte, and detector conditions was not found in the reviewed public primary source.",https://www.agilent.com/cs/library/usermanuals/public/InfinityLab-Hybrid-Multisamplers-UseMa-en-D0029905.pdf | https://www.waters.com/nextgen/en/products/chromatography/chromatography-systems/acquity-premier-system.html,,Unreachable,At least one required source is strictly broken: https://www.agilent.com/cs/library/usermanuals/public/InfinityLab-Hybrid-Multisamplers-UseMa-en-D0029905.pdf.,,Product Comparator / Engineering
Technical comparison,agilent-1290-infinity-iii-2024::acquity-premier-system::3,Carryover on a shared sticky-analyte method: Agilent publishes less than 9 ppm for a challenging compound with the 1290 Infinity III Multisampler multiwash configuration. | Waters: Waters publishes sample carryover at or below 0.002% using caffeine under UV conditions for ACQUITY Premier.,https://www.agilent.com/en/products/liquid-chromatography/infinitylab-lc-series-modules/lc-injection-systems/1290-infinity-ii-multisampler | https://www.waters.com/nextgen/en/products/chromatography/chromatography-systems/acquity-premier-system.html,,Unreachable,At least one required source is strictly broken: https://www.agilent.com/en/products/liquid-chromatography/infinitylab-lc-series-modules/lc-injection-systems/1290-infinity-ii-multisampler.,,Product Comparator / Engineering
Technical comparison,agilent-1290-infinity-iii-2024::acquity-premier-system::4,Column plate efficiency (plates/m): No shared-method plates-per-meter result is published for a named Agilent reference column on the selected 1290 configuration. | Waters: No shared-method plates-per-meter result is published for a matched Waters reference column on the selected ACQUITY Premier configuration.,https://www.agilent.com/store/en_US/Prod-959758-902/959758-902 | https://www.waters.com/nextgen/us/en/shop/columns/176000864-acquity-uplc-beh-c18-column-130a-17--m-21-mm-x-100-mm-3-pk.html,,Unreachable,At least one required source is strictly broken: https://www.agilent.com/store/en_US/Prod-959758-902/959758-902.,,Product Comparator / Engineering
Technical comparison,agilent-1290-infinity-iii-2024::acquity-premier-system::5,"Particle and bonding technology: A reference ZORBAX RRHD Eclipse Plus C18 column is 1.8 µm fully porous silica with double endcapping, 95 Å pores, and C18 bonding. | Waters: A reference ACQUITY UPLC BEH C18 column is 1.7 µm fully porous hybrid BEH material with trifunctional C18 bonding, endcapping, and 130 Å pores.",https://www.agilent.com/store/en_US/Prod-959758-902/959758-902 | https://www.waters.com/nextgen/us/en/shop/columns/176000864-acquity-uplc-beh-c18-column-130a-17--m-21-mm-x-100-mm-3-pk.html,,Unreachable,At least one required source is strictly broken: https://www.agilent.com/store/en_US/Prod-959758-902/959758-902.,,Product Comparator / Engineering
Technical comparison,agilent-1290-infinity-iii-2024::acquity-premier-system::6,"Column batch-to-batch reproducibility: Agilent publishes lot-to-lot reproducibility claims for its column portfolio, but no common multi-lot dataset is loaded for the selected paired chemistry and target method. | Waters: Waters publishes batch-to-batch reproducibility claims for ACQUITY UPLC columns, but no common multi-lot dataset is loaded for the selected paired chemistry and target method.",https://www.agilent.com/en/product/small-molecule-columns/reversed-phase-hplc-columns/infinitylab-poroshell-120 | https://www.waters.com/nextgen/us/en/products/columns/acquity-uplc-columns.html,,Unreachable,At least one required source is strictly broken: https://www.agilent.com/en/product/small-molecule-columns/reversed-phase-hplc-columns/infinitylab-poroshell-120.,,Product Comparator / Engineering
Technical comparison,agilent-1290-infinity-iii-2024::acquity-premier-system::7,USP L-column class: The selected ZORBAX RRHD Eclipse Plus C18 reference column is listed as USP L1. | Waters: The selected ACQUITY UPLC BEH C18 reference column is listed as USP L1.,https://www.agilent.com/store/en_US/Prod-959758-902/959758-902 | https://www.waters.com/nextgen/us/en/shop/columns/176000864-acquity-uplc-beh-c18-column-130a-17--m-21-mm-x-100-mm-3-pk.html,,Unreachable,At least one required source is strictly broken: https://www.agilent.com/store/en_US/Prod-959758-902/959758-902.,,Product Comparator / Engineering
Technical comparison,shimadzu-nexera-x4-2026::acquity-uplc-i-class-plus::0,"System / gradient dwell (delay) volume: The reviewed Nexera X4 primary source describes high-speed, high-precision gradients but does not publish a total configured dwell-volume value. | Waters: Waters describes I-Class PLUS as having ultra-low delay volume, but the reviewed public product page does not state a directly comparable total configured value.",https://www.ssi.shimadzu.com/products/liquid-chromatography/hplcuhplc/nexera-x4/spec.html | https://www.waters.com/nextgen/us/en/products/chromatography/chromatography-systems/acquity-uplc-i-class-plus-system.html,,Unreachable,At least one required source is strictly broken: https://www.waters.com/nextgen/us/en/products/chromatography/chromatography-systems/acquity-uplc-i-class-plus-system.html.,,Product Comparator / Engineering
Technical comparison,shimadzu-nexera-x4-2026::acquity-uplc-i-class-plus::1,"Extra-column dispersion / band broadening: Shimadzu states that Nexflow minimizes extra-column band broadening, but no common-condition system-variance result is published in the reviewed source. | Waters: Waters claims industry-leading ultra-low dispersion, but no result under the same tubing, detector cell, column, and method conditions is published in the reviewed source.",https://www.ssi.shimadzu.com/products/liquid-chromatography/hplcuhplc/nexera-x4/spec.html | https://www.waters.com/nextgen/us/en/products/chromatography/chromatography-systems/acquity-uplc-i-class-plus-system.html,,Unreachable,At least one required source is strictly broken: https://www.waters.com/nextgen/us/en/products/chromatography/chromatography-systems/acquity-uplc-i-class-plus-system.html.,,Product Comparator / Engineering
Technical comparison,shimadzu-nexera-x4-2026::acquity-uplc-i-class-plus::2,"Injection precision (%RSD): Shimadzu publishes injection-volume reproducibility from at or below 1.0% RSD at 0.5-0.9 µL to at or below 0.15% RSD above 5.0 µL, under specified conditions. | Waters: Waters publishes I-Class PLUS injection accuracy at or below 0.25% RSD, but the public support article does not establish the same injection-volume bands and test conditions as Shimadzu.",https://www.ssi.shimadzu.com/products/liquid-chromatography/hplcuhplc/nexera-x4/spec.html | https://support.waters.com/KB_Inst/Chromatography/WKB97891_Are_there_any_differences_in_the_specifications_of_ACQUITY_UPLC_I-Class_and_I-Class_PLUS,Nexera X4 Ultra High-Performance Liquid Chromatograph - Specs : Shimadzu Scientific Instruments,Partially supported,"Source identities resolve, but the exact paired values were not retained as <=15-word passages; controlled testing remains separate.",,Product Comparator / Engineering
Technical comparison,shimadzu-nexera-x4-2026::acquity-uplc-i-class-plus::3,"Carryover on a shared sticky-analyte method: Shimadzu publishes at or below 0.0010% without rinse and typically at or below 0.0003% with rinse, under specified conditions. | Waters: Waters publishes carryover below 0.001% for I-Class PLUS, using its own test conditions.",https://www.ssi.shimadzu.com/products/liquid-chromatography/hplcuhplc/nexera-x4/spec.html | https://support.waters.com/KB_Inst/Chromatography/WKB97891_Are_there_any_differences_in_the_specifications_of_ACQUITY_UPLC_I-Class_and_I-Class_PLUS,Nexera X4 Ultra High-Performance Liquid Chromatograph - Specs : Shimadzu Scientific Instruments,Partially supported,"Source identities resolve, but the exact paired values were not retained as <=15-word passages; controlled testing remains separate.",,Product Comparator / Engineering
Technical comparison,shimadzu-nexera-x4-2026::acquity-uplc-i-class-plus::4,"Column plate efficiency (plates/m): Shimadzu publishes application-specific plate counts for Velox C18, but no shared plates-per-meter result is loaded for a matched Nexera X4 method and column geometry. | Waters: No shared plates-per-meter result is loaded for the matched ACQUITY UPLC BEH C18 geometry and method.",https://www.shimadzu.com/an/products/liquid-chromatography/hplc-consumables/velox/shim-pack-velox-c18/index.html | https://www.waters.com/nextgen/us/en/shop/columns/176000864-acquity-uplc-beh-c18-column-130a-17--m-21-mm-x-100-mm-3-pk.html,,Unreachable,At least one required source is strictly broken: https://www.waters.com/nextgen/us/en/shop/columns/176000864-acquity-uplc-beh-c18-column-130a-17--m-21-mm-x-100-mm-3-pk.html.,,Product Comparator / Engineering
Technical comparison,shimadzu-nexera-x4-2026::acquity-uplc-i-class-plus::5,"Particle and bonding technology: A reference Shim-pack Velox C18 uses superficially porous particles, C18 bonding, endcapping, 90 Å pores, and is available in 1.8, 2.7, and 5 µm sizes. | Waters: A reference ACQUITY UPLC BEH C18 uses 1.7 µm fully porous hybrid BEH particles, trifunctional C18 bonding, endcapping, and 130 Å pores.",https://www.shimadzu.com/an/products/liquid-chromatography/hplc-consumables/velox/shim-pack-velox-lc-columns/features.html | https://www.waters.com/nextgen/us/en/shop/columns/176000864-acquity-uplc-beh-c18-column-130a-17--m-21-mm-x-100-mm-3-pk.html,,Unreachable,At least one required source is strictly broken: https://www.waters.com/nextgen/us/en/shop/columns/176000864-acquity-uplc-beh-c18-column-130a-17--m-21-mm-x-100-mm-3-pk.html.,,Product Comparator / Engineering
Technical comparison,shimadzu-nexera-x4-2026::acquity-uplc-i-class-plus::6,"Column batch-to-batch reproducibility: Shimadzu publishes a five-lot reproducibility example for a Velox Biphenyl method, not the selected C18 transfer method. | Waters: Waters publishes batch-to-batch reproducibility claims for ACQUITY UPLC columns, but no common multi-lot dataset is loaded for the selected paired C18 method.",https://www.shimadzu.com/an/sites/shimadzu.com.an/files/pim/pim_document_file/brochures/10609/c190-e219.pdf | https://www.waters.com/nextgen/us/en/products/columns/acquity-uplc-columns.html,,Unreachable,At least one required source is strictly broken: https://www.waters.com/nextgen/us/en/products/columns/acquity-uplc-columns.html.,,Product Comparator / Engineering
Technical comparison,shimadzu-nexera-x4-2026::acquity-uplc-i-class-plus::7,USP L-column class: The selected Shim-pack Velox C18 reference chemistry is listed as USP L1. | Waters: The selected ACQUITY UPLC BEH C18 reference chemistry is listed as USP L1.,https://www.shimadzu.com/an/products/liquid-chromatography/hplc-consumables/velox/shim-pack-velox-lc-columns/features.html | https://www.waters.com/nextgen/us/en/shop/columns/176000864-acquity-uplc-beh-c18-column-130a-17--m-21-mm-x-100-mm-3-pk.html,,Unreachable,At least one required source is strictly broken: https://www.waters.com/nextgen/us/en/shop/columns/176000864-acquity-uplc-beh-c18-column-130a-17--m-21-mm-x-100-mm-3-pk.html.,,Product Comparator / Engineering
Technical comparison,agilent-6230c-lctof-2026::bioaccord-lcms-system::0,"Sensitivity / LOQ on a shared method: Agilent publishes low-picogram on-column sensitivity and installation specifications for reserpine, not an LOQ from a shared BioAccord MAM method. | Waters: Waters publishes application-specific BioAccord sensitivity and MAM performance, but not an LOQ from the same sample preparation, LC method, acquisition, and processing rules as Agilent.",https://www.agilent.com/en/product/liquid-chromatography-mass-spectrometry-lc-ms/lc-ms-instruments/time-of-flight-lc-ms/6230-time-of-flight-tof-lc-ms | https://www.waters.com/nextgen/tw/zh/library/application-notes/2021/the-bioaccord-system-with-acquity-premier-for-improved-peptide-cqa-monitoring.html,,Unreachable,At least one required source is strictly broken: https://www.agilent.com/en/product/liquid-chromatography-mass-spectrometry-lc-ms/lc-ms-instruments/time-of-flight-lc-ms/6230-time-of-flight-tof-lc-ms.,,Product Comparator / Engineering
Technical comparison,agilent-6230c-lctof-2026::bioaccord-lcms-system::1,Polarity-switching speed: Agilent publishes a 2 Hz polarity-switching duty cycle for the 6230C. | Waters: A directly comparable BioAccord polarity-switching speed was not found in the reviewed public primary source.,https://www.agilent.com/en/product/liquid-chromatography-mass-spectrometry-lc-ms/lc-ms-instruments/time-of-flight-lc-ms/6230-time-of-flight-tof-lc-ms | https://www.waters.com/nextgen/us/en/products/mass-spectrometry/mass-spectrometry-systems/bioaccord-lc-ms-system.html,,Unreachable,At least one required source is strictly broken: https://www.agilent.com/en/product/liquid-chromatography-mass-spectrometry-lc-ms/lc-ms-instruments/time-of-flight-lc-ms/6230-time-of-flight-tof-lc-ms.,,Product Comparator / Engineering
Technical comparison,agilent-6230c-lctof-2026::bioaccord-lcms-system::2,"Dwell allocation / points across peak at large MRM panels: The 6230C is a full-scan TOF, so transition dwell allocation is not a directly applicable MRM metric; it publishes acquisition up to 30 spectra/second. | Waters: BioAccord is also a full-scan accurate-mass workflow rather than a triple-quadrupole MRM platform; a directly comparable large-panel MRM value is not applicable.",https://www.agilent.com/en/product/liquid-chromatography-mass-spectrometry-lc-ms/lc-ms-instruments/time-of-flight-lc-ms/6230-time-of-flight-tof-lc-ms | https://www.waters.com/nextgen/us/en/products/mass-spectrometry/mass-spectrometry-systems/bioaccord-lc-ms-system.html,,Unreachable,At least one required source is strictly broken: https://www.agilent.com/en/product/liquid-chromatography-mass-spectrometry-lc-ms/lc-ms-instruments/time-of-flight-lc-ms/6230-time-of-flight-tof-lc-ms.,,Product Comparator / Engineering
Technical comparison,agilent-6230c-lctof-2026::bioaccord-lcms-system::3,Cross-talk / interference rejection: A directly comparable cross-talk or interference-rejection value for the shared MAM method was not found in the reviewed Agilent primary source. | Waters: A directly comparable cross-talk or interference-rejection value for the same method was not found in the reviewed Waters primary source.,https://www.agilent.com/en/product/liquid-chromatography-mass-spectrometry-lc-ms/lc-ms-instruments/time-of-flight-lc-ms/6230-time-of-flight-tof-lc-ms | https://www.waters.com/nextgen/us/en/products/mass-spectrometry/mass-spectrometry-systems/bioaccord-lc-ms-system.html,,Unreachable,At least one required source is strictly broken: https://www.agilent.com/en/product/liquid-chromatography-mass-spectrometry-lc-ms/lc-ms-instruments/time-of-flight-lc-ms/6230-time-of-flight-tof-lc-ms.,,Product Comparator / Engineering
Technical comparison,agilent-6230c-lctof-2026::bioaccord-lcms-system::4,"Linear dynamic range: Agilent publishes up to five orders of in-spectrum dynamic range for the 6230C. | Waters: Waters reports three orders of linear range for a BioAccord amino-acid application, while MAM performance is application dependent; this is not the same analyte set or protocol.",https://www.agilent.com/en/product/liquid-chromatography-mass-spectrometry-lc-ms/lc-ms-instruments/time-of-flight-lc-ms/6230-time-of-flight-tof-lc-ms | https://www.waters.com/content/dam/waters/en/app-notes/2022/720007766/720007766-en.pdf,,Unreachable,At least one required source is strictly broken: https://www.agilent.com/en/product/liquid-chromatography-mass-spectrometry-lc-ms/lc-ms-instruments/time-of-flight-lc-ms/6230-time-of-flight-tof-lc-ms.,,Product Comparator / Engineering
Technical comparison,sciex-novus-v55-2026::xevo-tq-absolute::0,"Sensitivity / LOQ on a shared method: SCIEX claims exceptional sensitivity and publishes application-specific LOQs, but no LOQ from a controlled head-to-head method against Xevo TQ Absolute is provided. | Waters: Waters publishes application-specific sensitivity for Xevo TQ Absolute, but no LOQ from the same sample preparation, chromatography, transitions, calibration, and processing rules as SCIEX.",https://sciex.com/products/mass-spectrometers/triple-quad-systems/novus-v55-system | https://www.waters.com/nextgen/en/products/mass-spectrometry-systems/xevo-tq-absolute.html,,Unreachable,At least one required source is strictly broken: https://www.waters.com/nextgen/en/products/mass-spectrometry-systems/xevo-tq-absolute.html.,,Product Comparator / Engineering
Technical comparison,sciex-novus-v55-2026::xevo-tq-absolute::1,"Polarity-switching speed: A SCIEX technical note reports 5 ms settling time in a novus V55 pesticide method containing 1,411 positive and negative transitions. | Waters: Waters operating guidance specifies a 15 ms minimum for positive/negative ESI switching and recommends at least 125 ms overall cycle time for reliable long-term use.",https://sciex.com/tech-notes/food-beverage/food-and-beverage/maximizing-throughput-with-accelerated-mrm-aemrm-novus-v55 | https://help.waters.com/content/dam/waters/en/support/usermanuals/2022/715008065/715008065.pdf,,Unreachable,At least one required source is strictly broken: https://help.waters.com/content/dam/waters/en/support/usermanuals/2022/715008065/715008065.pdf.,,Product Comparator / Engineering
Technical comparison,sciex-novus-v55-2026::xevo-tq-absolute::2,"Dwell allocation / points across peak at large MRM panels: SCIEX publishes up to 1,000 MRMs/second; in a pesticide method, 1 ms minimum dwell and at least 10 points across peak were maintained at 369 concurrent transitions. | Waters: Waters publishes 1 ms minimum dwell and Auto-Dwell assignment of dwell, inter-channel, and inter-scan delays to target an optimal number of points across each peak; no matched maximum-panel result is published in the reviewed source.",https://sciex.com/tech-notes/food-beverage/food-and-beverage/maximizing-throughput-with-accelerated-mrm-aemrm-novus-v55 | https://help.waters.com/content/dam/waters/en/support/usermanuals/2022/715008065/715008065.pdf,,Unreachable,At least one required source is strictly broken: https://help.waters.com/content/dam/waters/en/support/usermanuals/2022/715008065/715008065.pdf.,,Product Comparator / Engineering
Technical comparison,sciex-novus-v55-2026::xevo-tq-absolute::3,"Cross-talk: A directly comparable cross-talk value under the shared high-concurrency panel was not found in the reviewed SCIEX primary source. | Waters: A directly comparable cross-talk value under the same transitions, abundance ratios, collision conditions, and timing was not found in the reviewed Waters primary source.",https://sciex.com/products/mass-spectrometers/triple-quad-systems/novus-v55-system | https://www.waters.com/nextgen/en/products/mass-spectrometry-systems/xevo-tq-absolute.html,,Unreachable,At least one required source is strictly broken: https://www.waters.com/nextgen/en/products/mass-spectrometry-systems/xevo-tq-absolute.html.,,Product Comparator / Engineering
Technical comparison,sciex-novus-v55-2026::xevo-tq-absolute::4,"Linear dynamic range: A directly comparable linear dynamic range for the shared analyte panel and calibration model was not found in the reviewed SCIEX primary source. | Waters: Waters publishes six orders of linear dynamic range for a specific MassTrak IVD configuration, not for the same analyte panel and method as SCIEX.",https://sciex.com/products/mass-spectrometers/triple-quad-systems/novus-v55-system | https://www.waters.com/nextgen/us/en/products/in-vitro-diagnostics-solutions/lc-ms-ms-ivd-systems-portfolio/masstrak-acquity-uplc-i-class-plus-xevo-tq-absolute-ivd-system.html,,Unreachable,At least one required source is strictly broken: https://www.waters.com/nextgen/us/en/products/in-vitro-diagnostics-solutions/lc-ms-ms-ivd-systems-portfolio/masstrak-acquity-uplc-i-class-plus-xevo-tq-absolute-ivd-system.html.,,Product Comparator / Engineering
Launch comparison,launch-comparison-agilent-1290-infinity-iii-2024,"agilent-1290-infinity-iii-2024 threat level Medium: This is a direct premium-UHPLC workflow and user-experience challenge. The official launch confirms stronger built-in assistance, automation, sample tracking, predictive feedback, and method compatibility, but it does not demonstrate that ACQUITY Premier is technically inferior.",none,,Unreachable,Strict link result: URL absent from current link inventory.,,Product Comparator
Launch comparison,launch-comparison-shimadzu-nexera-x4-2026,"shimadzu-nexera-x4-2026 threat level High: Shimadzu's newest Nexera signal creates pressure in routine UHPLC replacement and pharma QC. Treat this as a direct LC platform comparison, not a niche application signal.",https://www.shimadzu.com/news/2026/k8iri3_20_z4uvwt.html,SHIMADZU CORPORATION : Next-Generation Model Offers both Industry-Leading Separation Performance and Ultra-Fast Analysis Release of,Partially supported,"The product/launch source resolves; threat level and impact are analyst judgments, not source statements.",,Product Comparator
Launch comparison,launch-comparison-shimadzu-nexera-ic-2026,"shimadzu-nexera-ic-2026 threat level Medium: Nexera IC is an adjacency signal. It may not attack Waters LC directly, but it can influence labs trying to consolidate environmental, food, industrial, and routine testing workflows.",https://www.shimadzu.com/news/2026/t0best6lrz8y0uk9.html,SHIMADZU CORPORATION : Enables Reliable Water Quality Analysis for All Users and Reduces Workload through,Partially supported,"The product/launch source resolves; threat level and impact are analyst judgments, not source statements.",,Product Comparator
Launch comparison,launch-comparison-shimadzu-pl-40-plate-loader-2026,shimadzu-pl-40-plate-loader-2026 threat level Medium: Shimadzu is attaching automation to LC/LC-MS productivity. This matters because sample handling and plate logistics can become buying criteria before customers compare chromatographic performance.,https://www.shimadzu.com/an/products/liquid-chromatography/hplc-components-accessories/plate-loader/index.html,"PL-40, Automation-Compatible Plate Loader for LC/LC-MS Systems : SHIMADZU (Shimadzu Corporation)",Partially supported,"The product/launch source resolves; threat level and impact are analyst judgments, not source statements.",,Product Comparator
Launch comparison,launch-comparison-shimadzu-labsolutions-insight-profiler-2026,"shimadzu-labsolutions-insight-profiler-2026 threat level Medium: Shimadzu is making LC/QTOF data processing easier to explain through a named software workflow. The PM risk is that customers judge the product by end-to-end data interpretation, not only instrument capability.",https://www.shimadzu.com/an/products/software-informatics/labsolutions-series/labsolutions-insight-profiler/index.html,LabSolutions Insight™ Profiler : SHIMADZU (Shimadzu Corporation),Partially supported,"The product/launch source resolves; threat level and impact are analyst judgments, not source statements.",,Product Comparator
Launch comparison,launch-comparison-shimadzu-nexera-cl-lcms-2025,"shimadzu-nexera-cl-lcms-2025 threat level Medium: Nexera CL LCMS shows Shimadzu extending Nexera into clinical and biological-sample workflows. The threat is workflow specialization: maintenance, optional detection paths, and high sample counts.",https://www.shimadzu.com/news/2025/w40jo6pvrivu5s7v.html,"SHIMADZU CORPORATION : Supporting Pharmacopoeia Repeatability Tests, with a Class-Leading Minimum Weight of 13 mg",Partially supported,"The product/launch source resolves; threat level and impact are analyst judgments, not source statements.",,Product Comparator
Launch comparison,launch-comparison-shimadzu-labsolutions-detect-2025,shimadzu-labsolutions-detect-2025 threat level Medium: LabSolutions Detect makes anomaly detection and chromatogram comparison part of the LC value story. This is directly relevant to pharma QC labs trying to reduce review burden.,https://www.shimadzu.com/news/2025/n8e9desqymj7oa4x.html,SHIMADZU CORPORATION : Introducing LabSolutions Detect Automatic (AI) Detection of Impurities to Improve Quality Inspections,Partially supported,"The product/launch source resolves; threat level and impact are analyst judgments, not source statements.",,Product Comparator
Launch comparison,launch-comparison-shimadzu-i-series-2025,"shimadzu-i-series-2025 threat level High: The i-Series refresh targets routine LC decision criteria: reliability, sustainability, lower running cost, diagnostics, maintenance reminders, and reduced downtime.",https://www.shimadzu.com/news/2025/mpnglqbij34_zscf.html,"SHIMADZU CORPORATION : In an Industry First, Achieves High-Reliability Analysis through Automatic Diagnosis of Instrument",Partially supported,"The product/launch source resolves; threat level and impact are analyst judgments, not source statements.",,Product Comparator
Launch comparison,launch-comparison-shimadzu-lcms-8065xe-2025,"shimadzu-lcms-8065xe-2025 threat level High: LCMS-8065XE is a direct regulated quantitation and PFAS/environmental testing signal. It pressures Waters on sensitivity, productivity, and application packaging.",https://www.shimadzu.com/news/2025/6n31zbu4tkmozoh2.html,SHIMADZU CORPORATION :Cultivating the Expanding PFAS Analysis Market through Improved Sensitivity Release of the LCMS-8065XE,Partially supported,"The product/launch source resolves; threat level and impact are analyst judgments, not source statements.",,Product Comparator
Launch comparison,launch-comparison-agilent-1290-infinity-iii-fld-2026,agilent-1290-infinity-iii-fld-2026 threat level Medium: Agilent's detector/module launch is a reminder that modular LC stack refreshes can shift perceived system freshness even without a full new LC platform.,https://www.agilent.com/about/newsroom/presrel/2026/21may-ca26016.html,,Unreachable,Strict link result: login/access or redirect wall.,,Product Comparator
Launch comparison,launch-comparison-agilent-6230c-lctof-2026,"agilent-6230c-lctof-2026 threat level High: Agilent is packaging LC/TOF into a MAM workflow. This competes with Waters at the workflow-offer level, not only the instrument level.",https://www.agilent.com/about/newsroom/presrel/2026/29may-ca26021.html,,Unreachable,Strict link result: login/access or redirect wall.,,Product Comparator
Launch comparison,launch-comparison-sciex-novus-v55-2026,sciex-novus-v55-2026 threat level Medium: SCIEX is pairing hardware and software versioning. The risk is not only a system launch; it is the customer perception that software is part of the instrument value proposition.,https://sciex.com/about-us/press-releases/2026/sciex-launches-its-5th-generation-of-nominal-mass-novus-v55-system-with-sciexos-5-0-software,"SCIEX launches its 5th generation of nominal mass, the novus V55 system with SCIEX OS",Partially supported,"The product/launch source resolves; threat level and impact are analyst judgments, not source statements.",,Product Comparator
Launch comparison,launch-comparison-sciex-zenotof-8600-2025,"sciex-zenotof-8600-2025 threat level High: SCIEX is strengthening high-resolution MS depth and sensitivity. The Waters response should connect LC front end, MS platform, informatics, and biopharma/omics workflow proof.",https://sciex.com/about-us/press-releases/2025/zenotof-8600-system-press-release-5-dot-27-dot-25,SCIEX sets a new standard in accurate mass quantitation with the ZenoTOF 8600 system and,Partially supported,"The product/launch source resolves; threat level and impact are analyst judgments, not source statements.",,Product Comparator
Launch comparison,launch-comparison-sciex-zenotof-7600-plus-2024,sciex-zenotof-7600-plus-2024 threat level Medium: SCIEX platform refresh cadence shows sustained platform development. Waters should protect installed-base confidence with a clear refresh and upgrade story.,https://sciex.com/about-us/press-releases/2024/sciex-launches-the-zenotof-7600-system-at-hupo-world-congress-2024-alongside-three-collaborations-to-further-proteomics-capabilities,"SCIEX launches the ZenoTOF 7600+ system at HUPO World Congress 2024, alongside three collaborations to",Partially supported,"The product/launch source resolves; threat level and impact are analyst judgments, not source statements.",,Product Comparator
Launch comparison,launch-comparison-sciex-7500-plus-2024,"sciex-7500-plus-2024 threat level High: SCIEX continues to pressure regulated quantitation. Waters needs a tight sensitivity, robustness, uptime, and workflow confidence story.",https://sciex.com/about-us/press-releases/2024/sciex-7500plus-system-launches-at-asms2024,The SCIEX 7500+ system launches at ASMS 2024,Partially supported,"The product/launch source resolves; threat level and impact are analyst judgments, not source statements.",,Product Comparator
Launch comparison,launch-comparison-sciex-echo-ms-plus-2024,sciex-echo-ms-plus-2024 threat level Medium: Echo MS+ is a speed and throughput signal. The Waters response should focus on where traditional LC-MS/MS remains stronger and where high-throughput sample-introduction strategy is needed.,https://sciex.com/about-us/press-releases/2024/sciex-expands-high-throughput-screening-solutions-with-echo-ms-system,SCIEX expands high-throughput screening solutions with Echo MS+ system,Partially supported,"The product/launch source resolves; threat level and impact are analyst judgments, not source statements.",,Product Comparator
Launch comparison,launch-comparison-sciex-zenotof-7600-2021,sciex-zenotof-7600-2021 threat level Medium: The older ZenoTOF launch matters because later refreshes show a multi-year platform development pattern.,https://sciex.com/about-us/press-releases/2021/sciex-presents-new-accurate-mass-instrument-the-zenotof-7600-system,"SCIEX presents new accurate mass instrument, the ZenoTOF 7600 system",Partially supported,"The product/launch source resolves; threat level and impact are analyst judgments, not source statements.",,Product Comparator
Journal source,journal-lcgc,LCGC is mapped with 12 dated records; collection partial,https://www.chromatographyonline.com/,,Unreachable,Strict homepage result: HTTP response contains an access-control or bot-challenge page.,,Publication Intelligence
Displayed publication record,journal-record-lcgc-0,UHPLC-MS/MS Reveals Rice PDD's Role in tRNA Tags — 2026-07-30,https://www.chromatographyonline.com/view/uhplc-ms-ms-reveals-rice-pdd-s-role-trna-tags,,Unreachable,Strict link result: HTTP response contains an access-control or bot-challenge page.,,Publication Intelligence
Displayed publication record,journal-record-lcgc-1,LC-MS/MS Links Vitamin D Levels to Sleep Timing — 2026-07-30,https://www.chromatographyonline.com/view/lc-ms-ms-links-vitamin-d-levels-sleep-timing,,Unreachable,Strict link result: HTTP 403.,,Publication Intelligence
Displayed publication record,journal-record-lcgc-2,ISC 2026 Preview — 2026-07-30,https://www.chromatographyonline.com/view/isc-2026-preview,,Unreachable,Strict link result: HTTP 403.,,Publication Intelligence
Displayed publication record,journal-record-lcgc-3,Highlights from the HPLC2026 Conference through the Lens of LC Troubleshooting — 2026-07-30,https://www.chromatographyonline.com/view/highlights-hplc2026-conference-lens-lc-troubleshooting,,Unreachable,Strict link result: HTTP 403.,,Publication Intelligence
Displayed publication record,journal-record-lcgc-4,Py-GC-MS Reveals Microplastics in Playgrounds — 2026-07-29,https://www.chromatographyonline.com/view/py-gc-ms-reveals-microplastics-playgrounds,,Unreachable,Strict link result: HTTP 403.,,Publication Intelligence
Displayed publication record,journal-record-lcgc-5,HPLC Confirms Caffeine Dose to Fight Fatigue — 2026-07-17,https://www.chromatographyonline.com/view/hplc-confirms-caffeine-dose-fight-fatigue,,Unreachable,Strict link result: HTTP 403.,,Publication Intelligence
Displayed publication record,journal-record-lcgc-6,"HPLC-MS/MS Measures PFAS, Breast Density Link — 2026-07-16",https://www.chromatographyonline.com/view/hplc-ms-ms-measures-pfas-breast-density-link,,Unreachable,Strict link result: HTTP 403.,,Publication Intelligence
Displayed publication record,journal-record-lcgc-7,HTC-19 Insights: Capillary Liquid Chromatography: Sustainability and Routine Applications — 2026-07-02,https://www.chromatographyonline.com/view/capillary-liquid-chromatography-sustainability-and-routine-applications,,Unreachable,Strict link result: HTTP 403.,,Publication Intelligence
Displayed publication record,journal-record-lcgc-8,Advancing Miniaturized Column and Instrument Technologies for Capillary Liquid Chromatography — 2026-06-15,https://www.chromatographyonline.com/view/advancing-miniaturized-column-and-instrument-technologies-for-capillary-liquid-chromatography,,Unreachable,Strict link result: HTTP 403.,,Publication Intelligence
Displayed publication record,journal-record-lcgc-9,The Promise and Challenges of Capillary LC: Lessons From Pittcon 2026 Networking Session — 2026-06-09,https://www.chromatographyonline.com/view/promise-challenges-capillary-lc-lessons-pittcon-2026-networking-session,,Unreachable,Strict link result: HTTP 403.,,Publication Intelligence
Displayed publication record,journal-record-lcgc-10,Miniaturized Liquid Sample Preparation for Environmental Analysis — 2026-05-22,https://www.chromatographyonline.com/view/miniaturized-liquid-sample-preparation-environmental-analysis,,Unreachable,Strict link result: HTTP 403.,,Publication Intelligence
Displayed publication record,journal-record-lcgc-11,HPLC 2026 Heads To Indianapolis — 2026-05-12,https://www.chromatographyonline.com/view/hplc-2026-heads-to-indianapolis,,Unreachable,Strict link result: HTTP 403.,,Publication Intelligence
Journal source,journal-biopharma-international,BioPharma International is mapped with 5 dated records; collection extracted,https://www.biopharminternational.com/,"BioPharm International - Biopharmaceutical Science, Business Insights",Partially supported,Homepage identity resolves; extraction count and collection state are pipeline-derived.,,Publication Intelligence
Displayed publication record,journal-record-biopharma-international-0,"FAQ: What You Need to Know About Analytical Method Validation (LOB, LOD, LOQ, Acceptance Criteria, and Equivalence Testing) — 2026-07-31",https://www.biopharminternational.com/view/faq-analytical-validation-lob-lod-loq-acceptance-criteria-equivalence-testing,"FAQ: What You Need to Know About Analytical Method Validation (LOB, LOD, LOQ, Acceptance Criteria,",Verified,,,Publication Intelligence
Displayed publication record,journal-record-biopharma-international-1,Analytics for Bispecific Antibody Product Release — 2026-07-31,https://www.biopharminternational.com/view/analytics-for-bispecific-antibody-product-release,Analytics for Bispecific Antibody Product Release | BioPharm International Analytics for Bispecific Antibody Product Release,Verified,,,Publication Intelligence
Displayed publication record,journal-record-biopharma-international-2,What FDA's AI Warning Letter Tells Us About GMP Accountability — 2026-07-30,https://www.biopharminternational.com/view/what-fda-s-ai-warning-letter-tells-us-about-gmp-accountability,What FDA's AI Warning Letter Tells Us About GMP Accountability | BioPharm International What FDA's,Verified,,,Publication Intelligence
Displayed publication record,journal-record-biopharma-international-3,Viral Safety 2.0: Plant-Ready Actions for ICH Q5A(R2) Compliance — 2026-07-30,https://www.biopharminternational.com/view/viral-safety-2-0-plant-ready-actions-for-ich-q5a-r2-compliance,Viral Safety 2.0: Plant-Ready Actions for ICH Q5A(R2) Compliance | BioPharm International Viral Safety 2.0:,Verified,,,Publication Intelligence
Displayed publication record,journal-record-biopharma-international-4,How Linker Innovation Could Shape the Next Generation of Antibody–Drug Conjugates — 2026-07-29,https://www.biopharminternational.com/view/how-linker-innovation-could-shape-the-next-generation-of-antibody-drug-conjugates,How Linker Innovation Could Shape the Next Generation of Antibody–Drug Conjugates | BioPharm International How,Verified,,,Publication Intelligence
Journal source,journal-separation-science,Separation Science is mapped with 500 dated records; collection extracted,https://www.sepscience.com/,Premier Learning for Analytical Scientists | Separation Science | Separation Science,Partially supported,Homepage identity resolves; extraction count and collection state are pipeline-derived.,,Publication Intelligence
Displayed publication record,journal-record-separation-science-0,Decoding Brain Insulin Resistance With Glp 1 Therapeutics The Frontier Of Ev Biomarkers — 2026-07-31,https://www.sepscience.com/decoding-brain-insulin-resistance-with-glp-1-therapeutics-the-frontier-of-ev-biomarkers-12627,Decoding Brain Insulin Resistance with GLP-1 Therapeutics: The Frontier of EV Biomarkers | Separation Science,Verified,,,Publication Intelligence
Displayed publication record,journal-record-separation-science-1,Slalom Chromatography For The Genomic Era — 2026-07-30,https://www.sepscience.com/slalom-chromatography-for-the-genomic-era-12625,Slalom Chromatography for the Genomic Era | Separation Science Slalom Chromatography for the Genomic Era,Verified,,,Publication Intelligence
Displayed publication record,journal-record-separation-science-2,Redefining ADC Characterization For The Next Generation — 2026-07-30,https://www.sepscience.com/redefining-adc-characterization-for-the-next-generation-12628,Redefining ADC Characterization for the Next Generation | Separation Science Redefining ADC Characterization for the,Verified,,,Publication Intelligence
Displayed publication record,journal-record-separation-science-3,Strategic Pre Fractionation The Role Of Benchtop Column Separation In High Throughput LC Workflows — 2026-07-29,https://www.sepscience.com/strategic-pre-fractionation-the-role-of-benchtop-column-separation-in-high-throughput-lc-workflows-12622,Strategic Pre-Fractionation: The Role of Benchtop Column Separation in High-Throughput LC Workflows | Separation Science,Verified,,,Publication Intelligence
Displayed publication record,journal-record-separation-science-4,Harnessing Explainable AI To Navigate Process Intensification Data With Single Step Mixed Mode Chromatography — 2026-07-29,https://www.sepscience.com/harnessing-explainable-ai-to-navigate-process-intensification-data-with-single-step-mixed-mode-chromatography-12621,Harnessing Explainable AI to Navigate Process Intensification Data with Single-Step Mixed-Mode Chromatography | Separation Science,Verified,,,Publication Intelligence
Displayed publication record,journal-record-separation-science-5,Characterizing Particle Morphology And Solid State Purity In Separation Method Optimization — 2026-07-29,https://www.sepscience.com/characterizing-particle-morphology-and-solid-state-purity-in-separation-method-optimization-12624,Characterizing Particle Morphology and Solid-State Purity in Separation Method Optimization | Separation Science Characterizing Particle,Verified,,,Publication Intelligence
Displayed publication record,journal-record-separation-science-6,Automation And Digital Integration In High Throughput Chromatography Workflows — 2026-07-29,https://www.sepscience.com/automation-and-digital-integration-in-high-throughput-chromatography-workflows-12623,Automation and Digital Integration in High-Throughput Chromatography Workflows | Separation Science Automation and Digital Integration,Verified,,,Publication Intelligence
Displayed publication record,journal-record-separation-science-7,Nist Introduces Nist 26 At Asms A True Breakthrough In The Use Of Mass Spectrometry — 2026-07-26,https://www.sepscience.com/nist-introduces-nist-26-at-asms-a-true-breakthrough-in-the-use-of-mass-spectrometry-12620,NIST Introduces NIST 26 at ASMS: A True Breakthrough in the Use of Mass Spectrometry,Verified,,,Publication Intelligence
Displayed publication record,journal-record-separation-science-8,Chemical Residues In Focus Modern Strategies For Trace Detection Sample Preparation And Data Integrity — 2026-07-24,https://www.sepscience.com/chemical-residues-in-focus-modern-strategies-for-trace-detection-sample-preparation-and-data-integrity-12618,"Chemical Residues in Focus: Modern Strategies for Trace Detection, Sample Preparation, and Data Integrity |",Verified,,,Publication Intelligence
Displayed publication record,journal-record-separation-science-9,The Rise Of Organic Solvent Nanofiltration And Hybrid Membrane Systems — 2026-07-22,https://www.sepscience.com/the-rise-of-organic-solvent-nanofiltration-and-hybrid-membrane-systems-12614,The Rise of Organic Solvent Nanofiltration and Hybrid Membrane Systems | Separation Science The Rise,Verified,,,Publication Intelligence
Displayed publication record,journal-record-separation-science-10,Precision Molecular Recognition How Mofs And Cofs Are Revolutionizing Industrial Separations — 2026-07-22,https://www.sepscience.com/precision-molecular-recognition-how-mofs-and-cofs-are-revolutionizing-industrial-separations-12615,Precision Molecular Recognition: How MOFs and COFs Are Revolutionizing Industrial Separations | Separation Science Precision,Verified,,,Publication Intelligence
Displayed publication record,journal-record-separation-science-11,From Downtime To Data How Long Life LC Columns Transform High Throughput Labs — 2026-07-22,https://www.sepscience.com/from-downtime-to-data-how-long-life-lc-columns-transform-high-throughput-labs-12617,From Downtime to Data: How Long-Life LC Columns Transform High-Throughput Labs | Separation Science From,Verified,,,Publication Intelligence
Journal source,journal-labroots,LabRoots is mapped with 7 dated records; collection extracted,https://www.labroots.com/,"Trending Science News, Webinars &amp; Virtual Events | Labroots",Partially supported,Homepage identity resolves; extraction count and collection state are pipeline-derived.,,Publication Intelligence
Displayed publication record,journal-record-labroots-0,Novel Antibody Effectively Targets Prostate Cancer — 2026-07-21,https://www.labroots.com/trending/cancer/30804/novel-antibody-effectively-targets-prostate-cancer,Novel Antibody Effectively Targets Prostate Cancer | Cancer Novel Antibody Effectively Targets Prostate Cancer,Verified,,,Publication Intelligence
Displayed publication record,journal-record-labroots-1,Choosing Benchtop NMR Spectrometers: Practical Buyer's Guide — 2026-07-20,https://www.labroots.com/trending/chemistry-and-physics/30595/choosing-benchtop-nmr-spectrometers-practical-buyer-s-guide,Choosing Benchtop NMR Spectrometers: Practical Buyer's Guide | Ebooks Selecting Benchtop NMR Spectrometers: A Technical,Verified,,,Publication Intelligence
Displayed publication record,journal-record-labroots-2,Beyond the bead: rethinking small-scale protein purification — 2026-07-15,https://www.labroots.com/trending/sponsored-content/30618/beyond-bead-rethinking-small-scale-protein-purification,Beyond the bead: rethinking small-scale protein purification | Cell And Molecular Biology Beyond the bead:,Verified,,,Publication Intelligence
Displayed publication record,journal-record-labroots-3,Fram2 Crew Captures First Diagnostic X-Rays in Orbit — 2026-07-14,https://www.labroots.com/trending/chemistry-and-physics/30782/fram2-crew-captures-diagnostic-x-rays-orbit-2,Fram2 Crew Captures First Diagnostic X-Rays in Orbit | Space Fram2 Crew Captures First Diagnostic,Verified,,,Publication Intelligence
Displayed publication record,journal-record-labroots-4,From Atlas to Action: Going Deeper in the Next Era of Spatial Biology — 2026-06-19,https://www.labroots.com/trending/sponsored-content/30638/atlas-action-deeper-era-spatial-biology-2,From Atlas to Action: Going Deeper in the Next Era of Spatial Biology | Neuroscience,Verified,,,Publication Intelligence
Displayed publication record,journal-record-labroots-5,Precision Automation Advancing Cardiac Organoid Development — 2026-04-09,https://www.labroots.com/trending/sponsored-content/30350/precision-automation-advancing-cardiac-organoid-development,Precision Automation Advancing Cardiac Organoid Development | Ebooks Precision Automation Advancing Cardiac Organoid Development,Verified,,,Publication Intelligence
Displayed publication record,journal-record-labroots-6,Advancing Rare Disease Research Through Genomics Automation — 2026-03-02,https://www.labroots.com/trending/sponsored-content/30134/advancing-rare-disease-research-genomics-automation,Advancing Rare Disease Research Through Genomics Automation | Diagnostics And Laboratory Medicine Advancing Rare Disease,Verified,,,Publication Intelligence
Journal source,journal-lab-manager,Lab Manager is mapped with 184 dated records; collection extracted,https://www.labmanager.com/,Run Your Lab Like a Business | Lab Manager,Partially supported,Homepage identity resolves; extraction count and collection state are pipeline-derived.,,Publication Intelligence
Displayed publication record,journal-record-lab-manager-0,What Skills Does A Spatial Biology Lab Need — 2026-07-30,https://www.labmanager.com/what-skills-does-a-spatial-biology-lab-need-35753,Skills Needed for a Spatial Biology Lab | Lab Manager What Skills Does a Spatial,Verified,,,Publication Intelligence
Displayed publication record,journal-record-lab-manager-1,Spatial Biology In Regulated And Clinical Labs What Changes — 2026-07-30,https://www.labmanager.com/spatial-biology-in-regulated-and-clinical-labs-what-changes-35757,Spatial Biology in Regulated and Clinical Labs | Lab Manager Spatial Biology in Regulated and,Verified,,,Publication Intelligence
Displayed publication record,journal-record-lab-manager-2,Reproducibility And Standardization In Spatial Biology — 2026-07-30,https://www.labmanager.com/reproducibility-and-standardization-in-spatial-biology-35756,Reproducibility in Spatial Biology | Lab Manager Reproducibility and Standardization in Spatial Biology,Verified,,,Publication Intelligence
Displayed publication record,journal-record-lab-manager-3,Who Analyzes The Data Staffing Bioinformatics For Spatial Biology — 2026-07-29,https://www.labmanager.com/who-analyzes-the-data-staffing-bioinformatics-for-spatial-biology-35752,Staffing Bioinformatics for Spatial Biology | Lab Manager Who Analyzes the Data? Staffing Bioinformatics for,Verified,,,Publication Intelligence
Displayed publication record,journal-record-lab-manager-4,Tissue Quality And QC For Spatial Assays Managing Failure Rates — 2026-07-29,https://www.labmanager.com/tissue-quality-and-qc-for-spatial-assays-managing-failure-rates-35744,Tissue QC for Spatial Assays: Reducing Failures | Lab Manager Tissue Quality and QC for,Verified,,,Publication Intelligence
Displayed publication record,journal-record-lab-manager-5,Scaling Spatial Biology Throughput From Pilot To Production — 2026-07-29,https://www.labmanager.com/scaling-spatial-biology-throughput-from-pilot-to-production-35745,Scaling Spatial Biology: Pilot to Production | Lab Manager Scaling Spatial Biology Throughput: From Pilot,Verified,,,Publication Intelligence
Displayed publication record,journal-record-lab-manager-6,Managing A Spatial Biology Core Facility Scheduling Chargebacks And Access — 2026-07-29,https://www.labmanager.com/managing-a-spatial-biology-core-facility-scheduling-chargebacks-and-access-35746,Managing a Spatial Biology Core Facility | Lab Manager Managing a Spatial Biology Core Facility:,Verified,,,Publication Intelligence
Displayed publication record,journal-record-lab-manager-7,Image Data Formats And Interoperability In Spatial Biology — 2026-07-29,https://www.labmanager.com/image-data-formats-and-interoperability-in-spatial-biology-35751,Spatial Data Formats and Interoperability | Lab Manager Image Data Formats and Interoperability in Spatial,Verified,,,Publication Intelligence
Displayed publication record,journal-record-lab-manager-8,How Big Is Spatial Biology Data Planning Storage And Compute — 2026-07-29,https://www.labmanager.com/how-big-is-spatial-biology-data-planning-storage-and-compute-35748,Spatial Biology Data Size: Storage Planning | Lab Manager How Big Is Spatial Biology Data?,Verified,,,Publication Intelligence
Displayed publication record,journal-record-lab-manager-9,Ffpe Vs Fresh Frozen For Spatial Biology Sample Handling Decisions — 2026-07-29,https://www.labmanager.com/ffpe-vs-fresh-frozen-for-spatial-biology-sample-handling-decisions-35743,FFPE vs. Fresh Frozen for Spatial Biology | Lab Manager FFPE vs. Fresh Frozen for,Verified,,,Publication Intelligence
Displayed publication record,journal-record-lab-manager-10,Building A Spatial Biology Ready Team Skills Training And Change Management — 2026-07-29,https://www.labmanager.com/building-a-spatial-biology-ready-team-skills-training-and-change-management-35742,"Building a Spatial Biology-Ready Team | Lab Manager Building a Spatial Biology-Ready Team: Skills, Training,",Verified,,,Publication Intelligence
Displayed publication record,journal-record-lab-manager-11,Running Spatial Biology In The Lab Workflow Throughput And Sample Management — 2026-07-28,https://www.labmanager.com/running-spatial-biology-in-the-lab-workflow-throughput-and-sample-management-35738,Running Spatial Biology: Workflow and Throughput | Lab Manager Running Spatial Biology in the Lab:,Verified,,,Publication Intelligence
Journal source,journal-pharmaceutical-online,Pharmaceutical Online is mapped with 1 dated records; collection extracted,https://www.pharmaceuticalonline.com/,,Unreachable,Strict homepage result: HTTP response contains an access-control or bot-challenge page.,,Publication Intelligence
Displayed publication record,journal-record-pharmaceutical-online-0,"Amneal's Planned Sterile Facility Creates Opportunity For Aseptic Filling, Isolator, And Automation Suppliers — 2026-07-08",https://www.pharmaceuticalonline.com/doc/amneal-s-planned-sterile-facility-creates-opportunity-for-aseptic-filling-isolator-and-automation-suppliers-0001,,Unreachable,Strict link result: HTTP response contains an access-control or bot-challenge page.,,Publication Intelligence
Journal source,journal-the-analytical-scientist,The Analytical Scientist is mapped with 4 dated records; collection extracted,https://theanalyticalscientist.com/,The Analytical Scientist | The Analytical Scientist,Partially supported,Homepage identity resolves; extraction count and collection state are pipeline-derived.,,Publication Intelligence
Displayed publication record,journal-record-the-analytical-scientist-0,2026 Innovation Awards: Nominate Now — 2026-07-31,https://theanalyticalscientist.com/issues/2026/articles/july/2026-innovation-awards-nominate-now/,The Analytical Scientist | 2026 Innovation Awards: Nominate Now 2026 Innovation Awards: Nominate Now,Verified,,,Publication Intelligence
Displayed publication record,journal-record-the-analytical-scientist-1,The Top 40 Under 40 Power List 2026: Nominations Are Open! — 2026-04-17,https://theanalyticalscientist.com/issues/2026/articles/april/the-top-40-under-40-power-list-2026-nominations-are-open/,The Analytical Scientist | The Top 40 Under 40 Power List 2026 Nominations Are Open,Verified,,,Publication Intelligence
Displayed publication record,journal-record-the-analytical-scientist-2,The Missing Piece in the Dark Metabolome Puzzle? — 2026-04-08,https://theanalyticalscientist.com/issues/2026/articles/april/the-missing-piece-in-the-dark-metabolome-puzzle/,The Analytical Scientist | The Missing Piece in the Dark Metabolome Puzzle The Missing Piece,Verified,,,Publication Intelligence
Displayed publication record,journal-record-the-analytical-scientist-3,The Analytical Scientist Innovation Awards 2025 — 2025-11-17,https://theanalyticalscientist.com/issues/2025/articles/november/the-analytical-scientist-innovation-awards-2025/,The Analytical Scientist | The Analytical Scientist Innovation Awards 2025 The Analytical Scientist Innovation Awards,Verified,,,Publication Intelligence
Journal source,journal-european-pharmaceutical-review,European Pharmaceutical Review is mapped with 26 dated records; collection extracted,https://www.europeanpharmaceuticalreview.com/,,Unreachable,Strict homepage result: HTTP response contains an access-control or bot-challenge page.,,Publication Intelligence
Displayed publication record,journal-record-european-pharmaceutical-review-0,QC Laboratories Preparing For A More Connected Compliant Future — 2026-07-31,https://www.europeanpharmaceuticalreview.com/modernising-pharma-qa/qc-laboratories-preparing-for-a-more-connected-compliant-future/2136119.article,,Unreachable,Strict link result: HTTP response contains an access-control or bot-challenge page.,,Publication Intelligence
Displayed publication record,journal-record-european-pharmaceutical-review-1,Pharma Horizons Process Analytical Technology Pat — 2026-07-31,https://www.europeanpharmaceuticalreview.com/reports/pharma-horizons-process-analytical-technology-pat/2135794.article,Pharma Horizons: Process Analytical Technology (PAT) | European Pharmaceutical Review Pharma Horizons: Process Analytical Technology,Verified,,,Publication Intelligence
Displayed publication record,journal-record-european-pharmaceutical-review-2,Selecting The Right Qpcr Workflow Strategy Task Based Vs Full Automation — 2026-07-24,https://www.europeanpharmaceuticalreview.com/selecting-the-right-qpcr-workflow-strategy-task-based-vs-full-automation/2135547.article,Selecting the right qPCR workflow strategy: task-based vs. full automation | European Pharmaceutical Review Selecting,Verified,,,Publication Intelligence
Displayed publication record,journal-record-european-pharmaceutical-review-3,Implementing Reporter Assay Based Mat For Rapid Pyrogen Detection — 2026-07-24,https://www.europeanpharmaceuticalreview.com/webinars/implementing-reporter-assay-based-mat-for-rapid-pyrogen-detection/2135806.article,Implementing reporter assay-based MAT for rapid pyrogen detection | European Pharmaceutical Review Implementing reporter assay-based,Verified,,,Publication Intelligence
Displayed publication record,journal-record-european-pharmaceutical-review-4,Smarter Raman QC For Biopharma Fill Finish With Scalable Model Transfer — 2026-07-23,https://www.europeanpharmaceuticalreview.com/webinars/smarter-raman-qc-for-biopharma-fill-finish-with-scalable-model-transfer/1131205.article,Smarter Raman QC for biopharma fill-finish with scalable model transfer | Webinar | European Pharmaceutical,Verified,,,Publication Intelligence
Displayed publication record,journal-record-european-pharmaceutical-review-5,Optimising Efficiency And Yield Through Bioprocessing Automation — 2026-07-23,https://www.europeanpharmaceuticalreview.com/webinars/optimising-efficiency-and-yield-through-bioprocessing-automation/1131814.article,Optimising efficiency and yield through bioprocessing automation | Webinar | European Pharmaceutical Review Optimising efficiency,Verified,,,Publication Intelligence
Displayed publication record,journal-record-european-pharmaceutical-review-6,What Annex 22 Spells For AI In GMP Manufacturing — 2026-07-10,https://www.europeanpharmaceuticalreview.com/what-annex-22-spells-for-ai-in-gmp-manufacturing/2135686.article,What Annex 22 spells for AI in GMP manufacturing | European Pharmaceutical Review What Annex,Verified,,,Publication Intelligence
Displayed publication record,journal-record-european-pharmaceutical-review-7,Enhancing Laboratory Workflows With Qpcr Automation — 2026-07-01,https://www.europeanpharmaceuticalreview.com/webinars/enhancing-laboratory-workflows-with-qpcr-automation/2135212.article,Enhancing Laboratory Workflows with qPCR Automation | European Pharmaceutical Review Enhancing Laboratory Workflows with qPCR,Verified,,,Publication Intelligence
Displayed publication record,journal-record-european-pharmaceutical-review-8,The Shift Towards Strategic Adoption Of Intelligent Automation In Pharmaceutical Microbiology — 2026-06-18,https://www.europeanpharmaceuticalreview.com/the-shift-towards-strategic-adoption-of-intelligent-automation-in-pharmaceutical-microbiology/2135328.article,The shift towards strategic adoption of intelligent automation in pharmaceutical microbiology | Article | European,Verified,,,Publication Intelligence
Displayed publication record,journal-record-european-pharmaceutical-review-9,Optimised Semaglutide Formulation Could Advance Peptide Based Oral Delivery — 2026-06-02,https://www.europeanpharmaceuticalreview.com/optimised-semaglutide-formulation-could-advance-peptide-based-oral-delivery/2135528.article,Optimised semaglutide formulation could advance peptide-based oral delivery | News | European Pharmaceutical Review Optimised,Verified,,,Publication Intelligence
Displayed publication record,journal-record-european-pharmaceutical-review-10,Lilly Licenses Hanmis Glp 2 Biologic Sonefpeglutide For 12Bn — 2026-06-02,https://www.europeanpharmaceuticalreview.com/lilly-licenses-hanmis-glp-2-biologic-sonefpeglutide-for-12bn/2135614.article,Lilly licenses Hanmi’s GLP-2 biologic sonefpeglutide for $1.2bn | News | European Pharmaceutical Review Lilly,Verified,,,Publication Intelligence
Displayed publication record,journal-record-european-pharmaceutical-review-11,Pharmaceutical Analysis — 2026-05-28,https://www.europeanpharmaceuticalreview.com/news/day-one-in-focus-rethinking-qa/qc-at-the-future-of-bio/pharmaceutical-analysis-2026/2135510.article,QA/QC Focus: Bio/Pharmaceutical Analysis Summit 2026 Opens With Quality Assurance Sessions | European Pharmaceutical Review,Verified,,,Publication Intelligence
Journal source,journal-american-pharmaceutical-review,American Pharmaceutical Review is mapped with 15 dated records; collection extracted,https://www.americanpharmaceuticalreview.com/,Home | American Pharmaceutical Review,Partially supported,Homepage identity resolves; extraction count and collection state are pipeline-derived.,,Publication Intelligence
Displayed publication record,journal-record-american-pharmaceutical-review-0,USP 41 and 1251 Chapters on Balances — 2026-07-07,https://www.americanpharmaceuticalreview.com/Specialty/Chromatography/Featured-Articles/626623-USP-41-and-1251-Chapters-on-Balances/,Chromatography USP 41 and 1251 Chapters on Balances | American Pharmaceutical Review - The Review,Verified,,,Publication Intelligence
Displayed publication record,journal-record-american-pharmaceutical-review-1,From ‘Rogues’ to ?: Be Careful What You Wish For… …You Just Might Get it! — 2026-06-24,https://www.americanpharmaceuticalreview.com/Specialty/Chromatography/Featured-Articles/626377-From-Rogues-to-Be-Careful-What-You-Wish-For-You-Just-Might-Get-it/,Chromatography From ‘Rogues’ to ?: Be Careful What You Wish For… …You Just Might Get,Verified,,,Publication Intelligence
Displayed publication record,journal-record-american-pharmaceutical-review-2,The GLP-1 Boom is Great for Everyone Except Pharma Safety Teams — 2026-06-16,https://www.americanpharmaceuticalreview.com/Specialty/Chromatography/Featured-Articles/626212-The-GLP-1-Boom-is-Great-for-Everyone-Except-Pharma-Safety-Teams/,Chromatography The GLP-1 Boom is Great for Everyone Except Pharma Safety Teams | American Pharmaceutical,Verified,,,Publication Intelligence
Displayed publication record,journal-record-american-pharmaceutical-review-3,The Asymmetry Advantage: Why Early Chiral Strategy Determines API Success — 2026-06-16,https://www.americanpharmaceuticalreview.com/Specialty/Chromatography/Featured-Articles/626210-The-Asymmetry-Advantage-Why-Early-Chiral-Strategy-Determines-API-Success/,Chromatography The Asymmetry Advantage: Why Early Chiral Strategy Determines API Success | American Pharmaceutical Review,Verified,,,Publication Intelligence
Displayed publication record,journal-record-american-pharmaceutical-review-4,The Misuse of Most-Probable Number in ‘Rogue’ BI Remediation — 2026-06-15,https://www.americanpharmaceuticalreview.com/Specialty/Chromatography/Featured-Articles/626170-The-Misuse-of-Most-Probable-Number-in-Rogue-BI-Remediation/,Chromatography The Misuse of Most-Probable Number in ‘Rogue’ BI Remediation | American Pharmaceutical Review -,Verified,,,Publication Intelligence
Displayed publication record,journal-record-american-pharmaceutical-review-5,Rethinking ADC Payloads From Cytotoxics to Targeted Small Molecules — 2026-06-15,https://www.americanpharmaceuticalreview.com/Specialty/Chromatography/Featured-Articles/626167-Rethinking-ADC-Payloads-From-Cytotoxics-to-Targeted-Small-Molecules/,Chromatography Rethinking ADC Payloads From Cytotoxics to Targeted Small Molecules | American Pharmaceutical Review -,Verified,,,Publication Intelligence
Displayed publication record,journal-record-american-pharmaceutical-review-6,Lyophilization and Next-Generation Therapeutics: The Challenges of Scaling Up — 2026-06-15,https://www.americanpharmaceuticalreview.com/Specialty/Chromatography/Featured-Articles/626169-Lyophilization-and-Next-Generation-Therapeutics-The-Challenges-of-Scaling-Up/,Chromatography Lyophilization and Next-Generation Therapeutics: The Challenges of Scaling Up | American Pharmaceutical Review -,Verified,,,Publication Intelligence
Displayed publication record,journal-record-american-pharmaceutical-review-7,The Use of Mycoplasma Reference Standards in the Light of the Revised Ph. Eur. 2.6.7 — 2026-06-08,https://www.americanpharmaceuticalreview.com/Specialty/Chromatography/Featured-Articles/626030-The-Use-of-Mycoplasma-Reference-Standards-in-the-Light-of-the-Revised-Ph-Eur-2-6-7/,Chromatography The Use of Mycoplasma Reference Standards in the Light of the Revised Ph. Eur.,Verified,,,Publication Intelligence
Displayed publication record,journal-record-american-pharmaceutical-review-8,Comparative Evaluation of the Efficacy of Glycopyrronium Versus Tiotropium as an Adjunct to Formoterol Therapy in COPD: A Questionnaire-Based Investigation at a Tertiary Care Facility — 2026-04-27,https://www.americanpharmaceuticalreview.com/Specialty/Chromatography/Featured-Articles/624927-Comparative-Evaluation-of-the-Efficacy-of-Glycopyrronium-Versus-Tiotropium-as-an-Adjunct-to-Formoterol-Therapy-in-COPD-A-Questionnaire-Based-Investigation-at-a-Tertiary-Care-Facility/,Chromatography Comparative Evaluation of the Efficacy of Glycopyrronium Versus Tiotropium as an Adjunct to Formoterol,Verified,,,Publication Intelligence
Displayed publication record,journal-record-american-pharmaceutical-review-9,Should You Implement Continuous Real-Time Microbial Air Monitoring? — 2026-04-15,https://www.americanpharmaceuticalreview.com/Specialty/Chromatography/Featured-Articles/626270-Should-You-Implement-Continuous-Real-Time-Microbial-Air-Monitoring/,Chromatography Should You Implement Continuous Real-Time Microbial Air Monitoring? | American Pharmaceutical Review - The,Verified,,,Publication Intelligence
Displayed publication record,journal-record-american-pharmaceutical-review-10,Rapid Microbiological Methods – A Cautionary Tale — 2026-04-15,https://www.americanpharmaceuticalreview.com/Specialty/Chromatography/Featured-Articles/626327-Rapid-Microbiological-Methods-A-Cautionary-Tale/,Chromatography Rapid Microbiological Methods – A Cautionary Tale | American Pharmaceutical Review - The Review,Verified,,,Publication Intelligence
Displayed publication record,journal-record-american-pharmaceutical-review-11,Prepacked Chromatography Columns to Support Lean Manufacturing Efforts for Biotherapeutics — 2026-04-15,https://www.americanpharmaceuticalreview.com/Specialty/Chromatography/Featured-Articles/626329-Prepacked-Chromatography-Columns-to-Support-Lean-Manufacturing-Efforts-for-Biotherapeutics/,Chromatography Prepacked Chromatography Columns to Support Lean Manufacturing Efforts for Biotherapeutics | American Pharmaceutical Review,Verified,,,Publication Intelligence
Journal source,journal-analytical-chemistry-acs,Analytical Chemistry is mapped with 2000 dated records; collection extracted,https://pubs.acs.org/journal/ancham,,Unreachable,Strict homepage result: HTTP response contains an access-control or bot-challenge page.,,Publication Intelligence
Displayed publication record,journal-record-analytical-chemistry-acs-0,Supramolecular ICT Modulation in π-Extended 2D-Azeno Nanosheets for Reversible Fluorescence Sensing of Spermine at the Sub-10 nM Level — 2026-07-31,https://doi.org/10.1021/acs.analchem.6c02145,,Unreachable,Strict link result: HTTP 403.,,Publication Intelligence
Displayed publication record,journal-record-analytical-chemistry-acs-1,Issue Editorial Masthead — 2026-07-28,https://doi.org/10.1021/acv098i029_2108270,,Unreachable,Strict link result: HTTP 403.,,Publication Intelligence
Displayed publication record,journal-record-analytical-chemistry-acs-2,Issue Publication Information — 2026-07-28,https://doi.org/10.1021/acv098i029_2108269,,Unreachable,Strict link result: HTTP 403.,,Publication Intelligence
Displayed publication record,journal-record-analytical-chemistry-acs-3,An Electro-Fenton-Driven Self-Ratio Electrochemiluminescence Sensing Platform without a Coreactant for Sensitive and Accurate Monitoring of Antibiotics — 2026-07-27,https://doi.org/10.1021/acs.analchem.6c03275,,Unreachable,Strict link result: HTTP 403.,,Publication Intelligence
Displayed publication record,journal-record-analytical-chemistry-acs-4,Multimodal Raman and Fluorescence Lifetime Imaging: A New Analytical Approach for Resolving Timing-Dependent Metabolic Recovery in Endothelial Dysfunction — 2026-07-27,https://doi.org/10.1021/acs.analchem.6c01681,,Unreachable,Strict link result: HTTP 403.,,Publication Intelligence
Displayed publication record,journal-record-analytical-chemistry-acs-5,A Plasmon-Enhanced Self-Validating Optoelectronic Nanopore for Ultrasensitive and Robust Hydrogen Sulfide Real-Time Monitoring in Single Living Cells — 2026-07-27,https://doi.org/10.1021/acs.analchem.6c01945,,Unreachable,Strict link result: HTTP 403.,,Publication Intelligence
Displayed publication record,journal-record-analytical-chemistry-acs-6,"Long-Lived, Nonenzymatic Signal Generation Chemiluminescence Immunoassay for Pretreatment-Free Detection of Lincomycin in Milk — 2026-07-27",https://doi.org/10.1021/acs.analchem.6c02822,,Unreachable,Strict link result: HTTP 403.,,Publication Intelligence
Displayed publication record,journal-record-analytical-chemistry-acs-7,Rational Design of a Fluorogenic Probe for Sphingosine Based on Precisely Controlled Intramolecular Spirocyclization of Coumarin–Rhodamine Hybrid Dye — 2026-07-27,https://doi.org/10.1021/acs.analchem.6c03695,,Unreachable,Strict link result: HTTP 403.,,Publication Intelligence
Displayed publication record,journal-record-analytical-chemistry-acs-8,On-Site Pooled Screening of Genetically Modified Crops via an Integrated Centrifugal Digital Microfluidic Platform — 2026-07-27,https://doi.org/10.1021/acs.analchem.6c02143,,Unreachable,Strict link result: HTTP 403.,,Publication Intelligence
Displayed publication record,journal-record-analytical-chemistry-acs-9,Programmable Energy Dissipation in a DNA-pNIPAM Hybrid Hydrogel for Ultrastable Actuation-Enhanced Biosensing of Acetamiprid — 2026-07-27,https://doi.org/10.1021/acs.analchem.6c02585,,Unreachable,Strict link result: HTTP 403.,,Publication Intelligence
Displayed publication record,journal-record-analytical-chemistry-acs-10,DNA-Alkyne-Chain Probes Enable N-Glycosite-Resolved GlycoBarcoding of Cell-Surface Proteins — 2026-07-27,https://doi.org/10.1021/acs.analchem.6c02112,,Unreachable,Strict link result: HTTP 403.,,Publication Intelligence
Displayed publication record,journal-record-analytical-chemistry-acs-11,A Fundamental Source of Misclassification in Single-Concentration Binding Screens — 2026-07-27,https://doi.org/10.1021/acs.analchem.6c03234,,Unreachable,Strict link result: HTTP 403.,,Publication Intelligence
Journal source,journal-journal-of-chromatography-a,Journal of Chromatography A is mapped with 990 dated records; collection extracted,https://www.sciencedirect.com/journal/journal-of-chromatography-a,,Unreachable,Strict homepage result: strict access failure.,,Publication Intelligence
Displayed publication record,journal-record-journal-of-chromatography-a-0,GC‑EI‑MS and GC‑CI‑MS characterization of n-Alkenyl mono- and diesters of Alkylphosphonic acids with retention index correlations — 2026-08-01,https://doi.org/10.1016/j.chroma.2026.467148,,Unreachable,Strict link result: login/access or redirect wall.,,Publication Intelligence
Displayed publication record,journal-record-journal-of-chromatography-a-1,Tracking of volatile organic compound emissions from unsaturated polyester resin–based artificial stone using automated static headspace–gas chromatography–mass spectrometry — 2026-08-01,https://doi.org/10.1016/j.chroma.2026.467097,,Unreachable,Strict link result: login/access or redirect wall.,,Publication Intelligence
Displayed publication record,journal-record-journal-of-chromatography-a-2,Corrigendum to “In-line spectroscopic measurement of pH profiles using methyl orange: Application to pH transients in protein A chromatography” [Journal of Chromatography A 1782 (2026) 467106] — 2026-08-01,https://doi.org/10.1016/j.chroma.2026.467168,,Unreachable,Strict link result: login/access or redirect wall.,,Publication Intelligence
Displayed publication record,journal-record-journal-of-chromatography-a-3,Construction of hierarchically porous ZnO@ZIF-8 for enrichment and sensitive detection of bisphenols in environmental matrices — 2026-08-01,https://doi.org/10.1016/j.chroma.2026.467122,,Unreachable,Strict link result: login/access or redirect wall.,,Publication Intelligence
Displayed publication record,journal-record-journal-of-chromatography-a-4,Small-footprint non-suppressed capillary ion chromatography mass spectrometry method for the determination of oxyhalides in water samples — 2026-08-01,https://doi.org/10.1016/j.chroma.2026.467208,,Unreachable,Strict link result: login/access or redirect wall.,,Publication Intelligence
Displayed publication record,journal-record-journal-of-chromatography-a-5,Adsorption dynamics of dipeptides in a column with chiral zwitterionic quinine-based stationary phase — 2026-08-01,https://doi.org/10.1016/j.chroma.2026.467192,,Unreachable,Strict link result: login/access or redirect wall.,,Publication Intelligence
Displayed publication record,journal-record-journal-of-chromatography-a-6,Advanced spent media analytics and multivariate data analysis for AAV production media optimization — 2026-08-01,https://doi.org/10.1016/j.chroma.2026.467188,,Unreachable,Strict link result: login/access or redirect wall.,,Publication Intelligence
Displayed publication record,journal-record-journal-of-chromatography-a-7,An online packing strategy for high volume injection in sensitivity-enhanced UPLC-MS/MS analysis of 30 veterinary drugs in beef — 2026-08-01,https://doi.org/10.1016/j.chroma.2026.467147,,Unreachable,Strict link result: login/access or redirect wall.,,Publication Intelligence
Displayed publication record,journal-record-journal-of-chromatography-a-8,"In-syringe solid-phase extraction coupled with UPLC-MS/MS for simultaneous determination of reducing sugars, animo acids and Amadori compounds in tobacco — 2026-08-01",https://doi.org/10.1016/j.chroma.2026.467068,,Unreachable,Strict link result: login/access or redirect wall.,,Publication Intelligence
Displayed publication record,journal-record-journal-of-chromatography-a-9,Development of multiple heartcutting two-dimensional liquid chromatography with ion-pairing reversed-phase and hydrophilic interaction separations for analysis of impurities in therapeutic oligonucleotides — 2026-08-01,https://doi.org/10.1016/j.chroma.2026.467034,,Unreachable,Strict link result: login/access or redirect wall.,,Publication Intelligence
Displayed publication record,journal-record-journal-of-chromatography-a-10,Interpretable generative machine learning platform for chronological prediction of forensic paper aging via GC-IMS volatiles characterization in judicial authentication — 2026-08-01,https://doi.org/10.1016/j.chroma.2026.467149,,Unreachable,Strict link result: login/access or redirect wall.,,Publication Intelligence
Displayed publication record,journal-record-journal-of-chromatography-a-11,Dual-function deep eutectic solvent for the sustained determination of chromium in water and food samples — 2026-08-01,https://doi.org/10.1016/j.chroma.2026.467186,,Unreachable,Strict link result: login/access or redirect wall.,,Publication Intelligence
Journal source,journal-journal-of-chromatography-b,Journal of Chromatography B is mapped with 356 dated records; collection extracted,https://www.sciencedirect.com/journal/journal-of-chromatography-b,,Unreachable,Strict homepage result: strict access failure.,,Publication Intelligence
Displayed publication record,journal-record-journal-of-chromatography-b-0,Integration of QRM and DoE in a QbD framework for developing a VEER chromatography method of IM-4E in rat plasma: Pharmacokinetic and greenness assessment — 2026-08-01,https://doi.org/10.1016/j.jchromb.2026.125128,,Unreachable,Strict link result: login/access or redirect wall.,,Publication Intelligence
Displayed publication record,journal-record-journal-of-chromatography-b-1,"An integrated approach to identify rare hemoglobin variants using capillary electrophoresis, liquid chromatography and mass spectrometry — 2026-08-01",https://doi.org/10.1016/j.jchromb.2026.125132,,Unreachable,Strict link result: login/access or redirect wall.,,Publication Intelligence
Displayed publication record,journal-record-journal-of-chromatography-b-2,Intact mass and peptide mapping approaches to characterize lipoprotein species of fHbp — 2026-08-01,https://doi.org/10.1016/j.jchromb.2026.125129,,Unreachable,Strict link result: login/access or redirect wall.,,Publication Intelligence
Displayed publication record,journal-record-journal-of-chromatography-b-3,"A synergistic dual-endopeptidase platform for high-yield, homogeneous F(ab′)2 production from polyclonal equine immunoglobulins for therapeutic applications — 2026-08-01",https://doi.org/10.1016/j.jchromb.2026.125111,,Unreachable,Strict link result: login/access or redirect wall.,,Publication Intelligence
Displayed publication record,journal-record-journal-of-chromatography-b-4,Development of HPLC protocol for isolation of MHC class I related protein 1 (MR1) antigens from mycobacteria — 2026-08-01,https://doi.org/10.1016/j.jchromb.2026.125115,,Unreachable,Strict link result: login/access or redirect wall.,,Publication Intelligence
Displayed publication record,journal-record-journal-of-chromatography-b-5,Development and fit-for-purpose validation of human scalp hair analysis using UHPLC-MS/MS for determining exposure to CFTR modulators — 2026-08-01,https://doi.org/10.1016/j.jchromb.2026.125113,,Unreachable,Strict link result: login/access or redirect wall.,,Publication Intelligence
Displayed publication record,journal-record-journal-of-chromatography-b-6,From superficial scholarship to algorithmic slop in analytical chromatography — 2026-08-01,https://doi.org/10.1016/j.jchromb.2026.125130,,Unreachable,Strict link result: login/access or redirect wall.,,Publication Intelligence
Displayed publication record,journal-record-journal-of-chromatography-b-7,Integrated 16S rRNA gene sequencing and LC-MS/MS-based metabolomics to explore potential mechanisms of Coptidis Rhizoma-Aucklandiae Radix herb pair against antibiotic-associated diarrhea — 2026-08-01,https://doi.org/10.1016/j.jchromb.2026.125131,,Unreachable,Strict link result: login/access or redirect wall.,,Publication Intelligence
Displayed publication record,journal-record-journal-of-chromatography-b-8,"Rougan Granules ameliorates liver fibrosis through autophagy regulation: Insights from HPLC-Q-TOF-MS/MS, network pharmacology, and experimental validation — 2026-08-01",https://doi.org/10.1016/j.jchromb.2026.125126,,Unreachable,Strict link result: login/access or redirect wall.,,Publication Intelligence
Displayed publication record,journal-record-journal-of-chromatography-b-9,Editorial Board — 2026-08-01,https://doi.org/10.1016/s1570-0232(26)00244-8,,Unreachable,Strict link result: login/access or redirect wall.,,Publication Intelligence
Displayed publication record,journal-record-journal-of-chromatography-b-10,"A quantifiable grading standard for Codonopsis Radix based on the multidimensional quality evaluation system of phenotype, chemistry, and bioactivity — 2026-08-01",https://doi.org/10.1016/j.jchromb.2026.125125,,Unreachable,Strict link result: login/access or redirect wall.,,Publication Intelligence
Displayed publication record,journal-record-journal-of-chromatography-b-11,A novel β-cyclodextrin-based chiral stationary phase for enantioseparation and evaluation of paclobutrazol enantioselective degradation and bioaccumulation in a soil-earthworm system — 2026-08-01,https://doi.org/10.1016/j.jchromb.2026.125133,,Unreachable,Strict link result: login/access or redirect wall.,,Publication Intelligence
Journal source,journal-jasms,Journal of the American Society for Mass Spectrometry (JASMS) is mapped with 361 dated records; collection extracted,https://pubs.acs.org/journal/jamsef,,Unreachable,Strict homepage result: HTTP response contains an access-control or bot-challenge page.,,Publication Intelligence
Displayed publication record,journal-record-jasms-0,T-ReXing Synthetic Cannabinoids─Unveiling Metabolite Features Suitable for Urine Screening by Trapped Ion Mobility HRMS — 2026-07-27,https://doi.org/10.1021/jasms.6c00160,,Unreachable,Strict link result: HTTP 403.,,Publication Intelligence
Displayed publication record,journal-record-jasms-1,Aziridination-Enabled Structural and Quantitative Lipidomics — 2026-07-26,https://doi.org/10.1021/jasms.6c00107,,Unreachable,Strict link result: HTTP 403.,,Publication Intelligence
Displayed publication record,journal-record-jasms-2,Making Ozonolysis Mass Spectrometry More Accessible: A Simple LC-OzESI-MS Workflow for Carbon–Carbon Double Bond Position Elucidation in Lipids and Natural Products — 2026-07-26,https://doi.org/10.1021/jasms.6c00205,,Unreachable,Strict link result: HTTP 403.,,Publication Intelligence
Displayed publication record,journal-record-jasms-3,Quantifying Protein Temporal Changes with Mass Spectrometry in Plasma Samples from Breast Cancer Patients Undergoing Radiotherapy — 2026-07-25,https://doi.org/10.1021/jasms.6c00168,,Unreachable,Strict link result: HTTP 403.,,Publication Intelligence
Displayed publication record,journal-record-jasms-4,Conformational Landscapes Observed through Controlled Kinetics (CLOCK): Precise Control of Ion Temperatures from Submillisecond to Second Time Scales — 2026-07-21,https://doi.org/10.1021/jasms.6c00218,,Unreachable,Strict link result: HTTP 403.,,Publication Intelligence
Displayed publication record,journal-record-jasms-5,Reference-Free Structure Elucidation of N–O Heterocyclic Ring Systems with Infrared Ion Spectroscopy: A Test Case of the Isoxazoline Insecticide Isocycloseram and Its MS/MS Fragment — 2026-07-21,https://doi.org/10.1021/jasms.6c00213,,Unreachable,Strict link result: HTTP 403.,,Publication Intelligence
Displayed publication record,journal-record-jasms-6,N-Glycan MALDI MSI Differentiates Kidney Glomerular Disease Phenotypes — 2026-07-21,https://doi.org/10.1021/jasms.6c00163,,Unreachable,Strict link result: HTTP 403.,,Publication Intelligence
Displayed publication record,journal-record-jasms-7,Ambient Pressure Laser Desorption Ionization/Postphotoionization Mass Spectrometry Imaging — 2026-07-21,https://doi.org/10.1021/jasms.6c00002,,Unreachable,Strict link result: HTTP 403.,,Publication Intelligence
Displayed publication record,journal-record-jasms-8,Postblast and Postburn Identification of Forensically Relevant Nitrate Salts as Crown Ether Complexes by Paper Spray Ionization Mass Spectrometry — 2026-07-19,https://doi.org/10.1021/jasms.6c00209,,Unreachable,Strict link result: HTTP 403.,,Publication Intelligence
Displayed publication record,journal-record-jasms-9,Immobilized Metal Affinity Beads for Recombinant Protein Analysis by Desorption Electrospray Ionization Mass Spectrometry — 2026-07-17,https://doi.org/10.1021/jasms.6c00155,,Unreachable,Strict link result: HTTP 403.,,Publication Intelligence
Displayed publication record,journal-record-jasms-10,Complementary UV-MALDI and IR-MALDESI Imaging Expand Metabolomic Coverage in the 6-OHDA Rat Model of Parkinson’s Disease — 2026-07-17,https://doi.org/10.1021/jasms.5c00424,,Unreachable,Strict link result: HTTP 403.,,Publication Intelligence
Displayed publication record,journal-record-jasms-11,Improved Protein Identification in Native Ambient Mass Spectrometry by the Integration of Proton Transfer Charge Reduction and Higher-Energy Collision Dissociation (PTCR-HCD MS <sup>3</sup> ) — 2026-07-17,https://doi.org/10.1021/jasms.6c00165,,Unreachable,Strict link result: HTTP 403.,,Publication Intelligence
Journal source,journal-analytical-bioanalytical-chemistry,Analytical and Bioanalytical Chemistry is mapped with 672 dated records; collection extracted,https://link.springer.com/journal/216,Home | Analytical and Bioanalytical Chemistry | Springer Nature Link,Partially supported,Homepage identity resolves; extraction count and collection state are pipeline-derived.,,Publication Intelligence
Displayed publication record,journal-record-analytical-bioanalytical-chemistry-0,Laccase-manganese dioxide nanoflowers with enhanced catalytic activity: colorimetric analysis platform for neurotransmitters — 2026-08-01,https://doi.org/10.1007/s00216-026-06676-y,Laccase-manganese dioxide nanoflowers with enhanced catalytic activity: colorimetric analysis platform for neurotransmitters | Analytical and,Verified,,,Publication Intelligence
Displayed publication record,journal-record-analytical-bioanalytical-chemistry-1,Suspect screening-based LC-HRMS characterization of short-chain peptide hydrolysates from marine macroalgae — 2026-08-01,https://doi.org/10.1007/s00216-026-06701-0,Suspect screening-based LC-HRMS characterization of short-chain peptide hydrolysates from marine macroalgae | Analytical and Bioanalytical,Verified,,,Publication Intelligence
Displayed publication record,journal-record-analytical-bioanalytical-chemistry-2,A sensitive and accurate method for determination of nitrofurans metabolites in food samples by ultra-high performance liquid chromatography-tandem mass spectrometry with a pair of facile isotope-coded derivatization reagents — 2026-07-30,https://doi.org/10.1007/s00216-026-06703-y,A sensitive and accurate method for determination of nitrofurans metabolites in food samples by ultra-high,Verified,,,Publication Intelligence
Displayed publication record,journal-record-analytical-bioanalytical-chemistry-3,"Dual-ligand quantum dot biosensor combining IgY antibodies and DNA aptamers for rapid, on-site detection of staphylococcal enterotoxin A (SEA) in food matrices — 2026-07-30",https://doi.org/10.1007/s00216-026-06700-1,"Dual-ligand quantum dot biosensor combining IgY antibodies and DNA aptamers for rapid, on-site detection of",Verified,,,Publication Intelligence
Displayed publication record,journal-record-analytical-bioanalytical-chemistry-4,The development and use of isotope dilution mass spectrometry methods for the quantification of target proteins in certified reference materials — 2026-07-29,https://doi.org/10.1007/s00216-026-06689-7,The development and use of isotope dilution mass spectrometry methods for the quantification of target,Verified,,,Publication Intelligence
Displayed publication record,journal-record-analytical-bioanalytical-chemistry-5,Spatially and angularly resolved spectroscopy for in situ estimation of particle size and concentration in particle suspensions — 2026-07-29,https://doi.org/10.1007/s00216-026-06696-8,Spatially and angularly resolved spectroscopy for in situ estimation of particle size and concentration in,Verified,,,Publication Intelligence
Displayed publication record,journal-record-analytical-bioanalytical-chemistry-6,A simultaneous quantification method of 22 steroid hormones in human serum based on PP-SPE and ID-LC-MS/MS — 2026-07-28,https://doi.org/10.1007/s00216-026-06587-y,A simultaneous quantification method of 22 steroid hormones in human serum based on PP-SPE and,Verified,,,Publication Intelligence
Displayed publication record,journal-record-analytical-bioanalytical-chemistry-7,Dual-mode integrated electrochemical sensing of E. coli in real matrices enabled by machine learning — 2026-07-28,https://doi.org/10.1007/s00216-026-06693-x,Dual-mode integrated electrochemical sensing of E. coli in real matrices enabled by machine learning |,Verified,,,Publication Intelligence
Displayed publication record,journal-record-analytical-bioanalytical-chemistry-8,High-sensitivity immunochromatographic assay based on time-resolved fluorescence microspheres for the simultaneous detection of mescaline and LSD in hair — 2026-07-28,https://doi.org/10.1007/s00216-026-06706-9,High-sensitivity immunochromatographic assay based on time-resolved fluorescence microspheres for the simultaneous detection of mescaline and,Verified,,,Publication Intelligence
Displayed publication record,journal-record-analytical-bioanalytical-chemistry-9,Permeably enclosed raw matrices direct analysis in real time mass spectrometry (PERM-DART-MS): a novel solution for the analysis of untreated samples — 2026-07-28,https://doi.org/10.1007/s00216-026-06692-y,Permeably enclosed raw matrices direct analysis in real time mass spectrometry (PERM-DART-MS): a novel solution,Verified,,,Publication Intelligence
Displayed publication record,journal-record-analytical-bioanalytical-chemistry-10,Euroanalysis 2025 - Analytics 5.0: Answering societal challenges — 2026-07-28,https://doi.org/10.1007/s00216-026-06704-x,Euroanalysis 2025 - Analytics 5.0: Answering societal challenges | Analytical and Bioanalytical Chemistry | Springer,Verified,,,Publication Intelligence
Displayed publication record,journal-record-analytical-bioanalytical-chemistry-11,Rapid analysis of mercury ion in real samples via ion-imprinted nanoparticle-based test strips — 2026-07-28,https://doi.org/10.1007/s00216-026-06686-w,Rapid analysis of mercury ion in real samples via ion-imprinted nanoparticle-based test strips | Analytical,Verified,,,Publication Intelligence
Journal source,journal-journal-pharmaceutical-biomedical-analysis,Journal of Pharmaceutical and Biomedical Analysis is mapped with 602 dated records; collection extracted,https://www.sciencedirect.com/journal/journal-of-pharmaceutical-and-biomedical-analysis,,Unreachable,Strict homepage result: strict access failure.,,Publication Intelligence
Displayed publication record,journal-record-journal-pharmaceutical-biomedical-analysis-0,Identification of Novel Anti- non-small cell lung cancer (NSCLC) Peptide in toad Skin（Chan Pi） Extract through Integrated Peptidomics and in silico Screening — 2026-08-01,https://doi.org/10.1016/j.jpba.2026.117456,,Unreachable,Strict link result: login/access or redirect wall.,,Publication Intelligence
Displayed publication record,journal-record-journal-pharmaceutical-biomedical-analysis-1,"Polysaccharide-driven quality control of Gastrodia elata Blume: A multidimensional strategy integrating LC-MS/MS-based quantitative analysis, machine learning, and anti-neuroinflammatory bioactivity — 2026-08-01",https://doi.org/10.1016/j.jpba.2026.117457,,Unreachable,Strict link result: login/access or redirect wall.,,Publication Intelligence
Displayed publication record,journal-record-journal-pharmaceutical-biomedical-analysis-2,Simultaneous quantification of active ingredients after the combination of Shenqi Fuzheng injection and docetaxel in vitro and in rabbits — 2026-08-01,https://doi.org/10.1016/j.jpba.2026.117467,,Unreachable,Strict link result: login/access or redirect wall.,,Publication Intelligence
Displayed publication record,journal-record-journal-pharmaceutical-biomedical-analysis-3,Unraveling the phenolic profiles of Clinopodium bolivianum (Benth.) Kuntze and Minthostachys mollis (Benth.) Griseb.: A comprehensive LC-QtoF metabolomic study of underexplored Peruvian medicinal plants — 2026-08-01,https://doi.org/10.1016/j.jpba.2026.117476,,Unreachable,Strict link result: login/access or redirect wall.,,Publication Intelligence
Displayed publication record,journal-record-journal-pharmaceutical-biomedical-analysis-4,"Metabolic profile of 25E-NBOH in human liver microsomes, rat urine, and fungus Cunninghamella elegans — 2026-08-01",https://doi.org/10.1016/j.jpba.2026.117417,,Unreachable,Strict link result: login/access or redirect wall.,,Publication Intelligence
Displayed publication record,journal-record-journal-pharmaceutical-biomedical-analysis-5,A progressive screening strategy by combining UHPLCQTOF-MS and machine learning for distinguishing different varieties of Citri Reticulatae Pericarpium — 2026-08-01,https://doi.org/10.1016/j.jpba.2026.117470,,Unreachable,Strict link result: login/access or redirect wall.,,Publication Intelligence
Displayed publication record,journal-record-journal-pharmaceutical-biomedical-analysis-6,Isolation and identification of the designer benzodiazepine cyclopropylflualprazolam in pressed candies marketed for sleep improvement — 2026-08-01,https://doi.org/10.1016/j.jpba.2026.117459,,Unreachable,Strict link result: login/access or redirect wall.,,Publication Intelligence
Displayed publication record,journal-record-journal-pharmaceutical-biomedical-analysis-7,Detection and quantification of ezetimibe and its major glucuronide in patients with hepatic impairment via liquid chromatography-tandem mass spectrometry — 2026-08-01,https://doi.org/10.1016/j.jpba.2026.117455,,Unreachable,Strict link result: login/access or redirect wall.,,Publication Intelligence
Displayed publication record,journal-record-journal-pharmaceutical-biomedical-analysis-8,Unraveling the heterogeneity of hyperuricemia using untargeted metabolomics and statistical modeling — 2026-08-01,https://doi.org/10.1016/j.jpba.2026.117444,,Unreachable,Strict link result: login/access or redirect wall.,,Publication Intelligence
Displayed publication record,journal-record-journal-pharmaceutical-biomedical-analysis-9,Corrigendum to “Systematic characterization of chemical constituents and in vivo metabolites of Jiuwei Qianghuo Granules by UPLC-Q-TOF-MS/MS” [J. Pharm. Biomed. Anal. 274 (2026) 117443] — 2026-08-01,https://doi.org/10.1016/j.jpba.2026.117447,,Unreachable,Strict link result: login/access or redirect wall.,,Publication Intelligence
Displayed publication record,journal-record-journal-pharmaceutical-biomedical-analysis-10,Microstructural analysis of PLGA-PEG-PLGA copolymer based on NMR spectroscopy using model compounds — 2026-08-01,https://doi.org/10.1016/j.jpba.2026.117458,,Unreachable,Strict link result: login/access or redirect wall.,,Publication Intelligence
Displayed publication record,journal-record-journal-pharmaceutical-biomedical-analysis-11,"LC-MS/MS metabolite profiling, molecular networking and cyclooxygenase inhibition activity of Hornstedtia conoidea and Etlingera elatior extracts: In vitro and in silico insights — 2026-08-01",https://doi.org/10.1016/j.jpba.2026.117469,,Unreachable,Strict link result: login/access or redirect wall.,,Publication Intelligence
Journal source,journal-talanta,Talanta is mapped with 1885 dated records; collection extracted,https://www.sciencedirect.com/journal/talanta,,Unreachable,Strict homepage result: strict access failure.,,Publication Intelligence
Displayed publication record,journal-record-talanta-0,Rapid separation of 99Mo from proton irradiated thorium target for medical application — 2026-08-01,https://doi.org/10.1016/j.talanta.2026.129706,,Unreachable,Strict link result: login/access or redirect wall.,,Publication Intelligence
Displayed publication record,journal-record-talanta-1,Matrix-matched low-concentration internal quality control detects high-sensitivity cardiac troponin T errors missed by commercial controls — 2026-08-01,https://doi.org/10.1016/j.talanta.2026.129705,,Unreachable,Strict link result: login/access or redirect wall.,,Publication Intelligence
Displayed publication record,journal-record-talanta-2,Solvent-triggered dual-emission switching of carbon dots for ratiometric discrimination of methanol and ethanol — 2026-08-01,https://doi.org/10.1016/j.talanta.2026.129638,,Unreachable,Strict link result: login/access or redirect wall.,,Publication Intelligence
Displayed publication record,journal-record-talanta-3,Protein A/G-based microfluidic platform for preparative microseparation of IgG from human serum — 2026-08-01,https://doi.org/10.1016/j.talanta.2026.129682,,Unreachable,Strict link result: login/access or redirect wall.,,Publication Intelligence
Displayed publication record,journal-record-talanta-4,Microscale-patterned SERS substrates with exceptional uniformity: Addressing reproducibility challenges — 2026-08-01,https://doi.org/10.1016/j.talanta.2026.129527,,Unreachable,Strict link result: login/access or redirect wall.,,Publication Intelligence
Displayed publication record,journal-record-talanta-5,A tri-responsive sensor based on co-encapsulated organic probes and multifunctional bimetallic V/Ce-MOF nanozyme in a hydrogel for the detection of l-Serine in saliva — 2026-08-01,https://doi.org/10.1016/j.talanta.2026.129594,,Unreachable,Strict link result: login/access or redirect wall.,,Publication Intelligence
Displayed publication record,journal-record-talanta-6,Design and development of lab-on-a-centrifuge based on liquid-core waveguide enhancement technology for colorimetric detection of soil Cr(VI) from sample-to-answer — 2026-08-01,https://doi.org/10.1016/j.talanta.2026.129673,,Unreachable,Strict link result: login/access or redirect wall.,,Publication Intelligence
Displayed publication record,journal-record-talanta-7,Development of a single-cell ICP-MS method for element analysis in Pisum sativum leaf protoplasts and chloroplasts — 2026-08-01,https://doi.org/10.1016/j.talanta.2026.129645,,Unreachable,Strict link result: login/access or redirect wall.,,Publication Intelligence
Displayed publication record,journal-record-talanta-8,Photonic cavity and graphene modified plasmonic interface for enhanced sensing performance — 2026-08-01,https://doi.org/10.1016/j.talanta.2026.129612,,Unreachable,Strict link result: login/access or redirect wall.,,Publication Intelligence
Displayed publication record,journal-record-talanta-9,Enhanced ethylene glycol sensing using magnesium - modified ZnFe2O4 microspheres: A study on structure–performance correlation — 2026-08-01,https://doi.org/10.1016/j.talanta.2026.129707,,Unreachable,Strict link result: login/access or redirect wall.,,Publication Intelligence
Displayed publication record,journal-record-talanta-10,Construction of nicotinic acid derived bimetallic doped Ce-MOF with switchable dual enzyme-mimic activities for effective colorimetric sensing of chromium(Ⅵ) and fluoride ions — 2026-08-01,https://doi.org/10.1016/j.talanta.2026.129744,,Unreachable,Strict link result: login/access or redirect wall.,,Publication Intelligence
Displayed publication record,journal-record-talanta-11,A novel camphor-based fluorescent probe for sensing thiophenols in food analysis and biological imaging via a PET-TICT integrated mechanism — 2026-08-01,https://doi.org/10.1016/j.talanta.2026.129712,,Unreachable,Strict link result: login/access or redirect wall.,,Publication Intelligence
Market/application source,market-source-crossref-rest-api,Crossref REST API provides Scientific activity beyond biomedicine via Public API,https://www.crossref.org/documentation/retrieve-metadata/rest-api/,REST API - Crossref,Partially supported,Source identity resolves; the described monitoring use is analyst-authored.,,Application Trends / source coverage
Market/application source,market-source-openalex-api,"OpenAlex API provides Research topics, institutions, and funders via Public API",https://developers.openalex.org/,Overview - OpenAlex Developers,Partially supported,Source identity resolves; the described monitoring use is analyst-authored.,,Application Trends / source coverage
Market/application source,market-source-wipo-patentscope,PATENTSCOPE provides Emerging methods and protected workflows via Searchable database,https://www.wipo.int/en/web/patentscope/,PATENTSCOPE,Partially supported,Source identity resolves; the described monitoring use is analyst-authored.,,Application Trends / source coverage
Market/application source,market-source-clinicaltrials-api,ClinicalTrials.gov API provides Active development programs and biomarker work via Public API,https://clinicaltrials.gov/data-api/api,ClinicalTrials.gov,Partially supported,Source identity resolves; the described monitoring use is analyst-authored.,,Application Trends / source coverage
Market/application source,market-source-fda-drug-databases,"FDA Drug Approvals and Databases provides Approvals, dissolution methods, and product guidance via Searchable databases and downloads",https://www.fda.gov/drugs/development-approval-process-drugs/drug-approvals-and-databases,Drug Approvals and Databases | FDA,Partially supported,Source identity resolves; the described monitoring use is analyst-authored.,,Application Trends / source coverage
Market/application source,market-source-fda-ich-q14,ICH Q14 Analytical Procedure Development provides Analytical lifecycle expectations via Official guidance,https://www.fda.gov/media/161202/download,,Partially supported,Source identity resolves; the described monitoring use is analyst-authored.,,Application Trends / source coverage
Market/application source,market-source-ema-quality-guidelines,EMA Quality Guidelines provides European CMC and analytical requirements via Guidance library,https://www.ema.europa.eu/en/human-regulatory-overview/research-development/scientific-guidelines/quality-guidelines,Quality guidelines | European Medicines Agency (EMA),Partially supported,Source identity resolves; the described monitoring use is analyst-authored.,,Application Trends / source coverage
Market/application source,market-source-fda-purple-book,FDA Purple Book provides Licensed biologics and biosimilars via Searchable database,https://www.fda.gov/drugs/therapeutic-biologics-applications-bla/purple-book-lists-licensed-biological-products-reference-product-exclusivity-and-biosimilarity-or,Purple Book: Lists of Licensed Biological Products with Reference Product Exclusivity and Biosimilarity or Interchangeability,Partially supported,Source identity resolves; the described monitoring use is analyst-authored.,,Application Trends / source coverage
Market/application source,market-source-fda-new-biologic-approvals,FDA NME and New Biologic Approvals provides New molecular entities and biologics via Downloadable dataset,https://www.fda.gov/drugs/drug-approvals-and-databases/compilation-cder-new-molecular-entity-nme-drug-and-new-biologic-approvals,Compilation of CDER New Molecular Entity (NME) Drug and New Biologic Approvals | FDA,Partially supported,Source identity resolves; the described monitoring use is analyst-authored.,,Application Trends / source coverage
Market/application source,market-source-ema-medicines,EMA Medicines Database provides European approvals and assessments via Searchable database,https://www.ema.europa.eu/en/medicines,Medicines | European Medicines Agency (EMA),Partially supported,Source identity resolves; the described monitoring use is analyst-authored.,,Application Trends / source coverage
Market/application source,market-source-fda-decrs,FDA Drug Establishments Current Registration Site provides Manufacturing footprint and site activity via Searchable database and download,https://www.fda.gov/drugs/drug-approvals-and-databases/drug-establishments-current-registration-site-decrs,Drug Establishments Current Registration Site (DECRS) | FDA,Partially supported,Source identity resolves; the described monitoring use is analyst-authored.,,Application Trends / source coverage
Market/application source,market-source-fda-dmf-list,"FDA Drug Master File List provides API, excipient, packaging, and process activity via Downloadable spreadsheet",https://www.fda.gov/drugs/drug-master-files-dmfs/list-drug-master-files-dmfs,List of Drug Master Files (DMFs) | FDA,Partially supported,Source identity resolves; the described monitoring use is analyst-authored.,,Application Trends / source coverage
Market/application source,market-source-fda-drug-shortages,FDA Drug Shortages provides Manufacturing and supply pressure via Searchable database,https://www.fda.gov/drugs/drug-safety-and-availability/drug-shortages,Drug Shortages | FDA,Partially supported,Source identity resolves; the described monitoring use is analyst-authored.,,Application Trends / source coverage
Market/application source,market-source-fda-510k,FDA 510(k) Database provides Cleared diagnostic devices and assays via Searchable database and download,https://www.fda.gov/medical-devices/510k-clearances/search-releasable-510k-database,Search the Releasable 510(k) Database | FDA,Partially supported,Source identity resolves; the described monitoring use is analyst-authored.,,Application Trends / source coverage
Market/application source,market-source-cdc-nhanes-lab-data,CDC NHANES Laboratory Data and Methods provides Reference methods and population biomonitoring via Datasets and method documents,https://wwwn.cdc.gov/nchs/nhanes/search/DataPage.aspx?Component=Laboratory&Cycle=2021-2023,August 2021-August 2023 Laboratory Data - Continuous NHANES,Partially supported,Source identity resolves; the described monitoring use is analyst-authored.,,Application Trends / source coverage
Market/application source,market-source-fda-device-databases,"FDA Medical Device Databases provides Device approvals, listings, recalls, and adverse events via Database directory",https://www.fda.gov/medical-devices/device-advice-comprehensive-regulatory-assistance/medical-device-databases,Medical Device Databases | FDA,Partially supported,Source identity resolves; the described monitoring use is analyst-authored.,,Application Trends / source coverage
Market/application source,market-source-nih-reporter-api,NIH RePORTER API provides Funded scientific work and infrastructure via Public API,https://api.reporter.nih.gov/,NIH RePORTER API,Partially supported,Source identity resolves; the described monitoring use is analyst-authored.,,Application Trends / source coverage
Market/application source,market-source-nsf-award-search,NSF Award Search provides Funded research and instrumentation via Searchable database and export,https://www.nsf.gov/funding/award-search,Award Search Overview - Funding at NSF | NSF - U.S. National Science Foundation,Partially supported,Source identity resolves; the described monitoring use is analyst-authored.,,Application Trends / source coverage
Market/application source,market-source-cordis-projects,CORDIS Projects and Results provides EU-funded research and innovation via Searchable database and open data,https://cordis.europa.eu/projects,Projects &amp; results | CORDIS | European Commission,Partially supported,Source identity resolves; the described monitoring use is analyst-authored.,,Application Trends / source coverage
Market/application source,market-source-sam-contracting,SAM.gov Contracting provides Federal opportunities and contract awards via Searchable database and APIs,https://sam.gov/content/contracting,SAM.gov | Home,Partially supported,Source identity resolves; the described monitoring use is analyst-authored.,,Application Trends / source coverage
Market/application source,market-source-usaspending-data,USAspending.gov Data provides Awarded federal spending via Searchable database and API,https://www.usaspending.gov/data,USAspending.gov,Partially supported,Source identity resolves; the described monitoring use is analyst-authored.,,Application Trends / source coverage
Market/application source,market-source-grants-gov-search,Grants.gov Search provides Planned public investment via Searchable database,https://www.grants.gov/search-grants,Search Grants | Grants.gov,Partially supported,Source identity resolves; the described monitoring use is analyst-authored.,,Application Trends / source coverage
Market/application source,market-source-ted-procurement,Tenders Electronic Daily provides European public tenders via Searchable database and data services,https://ted.europa.eu/en/,JavaScript is disabled,Partially supported,Source identity resolves; the described monitoring use is analyst-authored.,,Application Trends / source coverage
Market/application source,market-source-epa-ucmr5,EPA UCMR 5 Data provides PFAS and drinking-water occurrence via Data finder and downloads,https://www.epa.gov/dwucmr/fifth-unregulated-contaminant-monitoring-rule,Fifth Unregulated Contaminant Monitoring Rule | US EPA,Partially supported,Source identity resolves; the described monitoring use is analyst-authored.,,Application Trends / source coverage
Market/application source,market-source-epa-sw846,EPA SW-846 Compendium provides Regulated and validated environmental methods via Living methods catalog,https://www.epa.gov/hw-sw846/sw-846-compendium,The SW-846 Compendium | US EPA,Partially supported,Source identity resolves; the described monitoring use is analyst-authored.,,Application Trends / source coverage
Market/application source,market-source-epa-comptox,EPA CompTox Chemicals Dashboard provides Emerging contaminants and exposure data via Searchable database and downloads,https://comptox.epa.gov/dashboard/,CompTox Chemicals Dashboard,Partially supported,Source identity resolves; the described monitoring use is analyst-authored.,,Application Trends / source coverage
Market/application source,market-source-usda-pdp,"USDA Pesticide Data Program provides Food pesticide residues and laboratory methods via Datasets, reports, and SOPs",https://www.ams.usda.gov/datasets/pdp/pdp-standard-operating-procedures,PDP Standard Operating Procedures | Agricultural Marketing Service,Partially supported,Source identity resolves; the described monitoring use is analyst-authored.,,Application Trends / source coverage
Market/application source,market-source-fda-pam,FDA Pesticide Analytical Manual provides Food pesticide enforcement methods via Official methods manual,https://www.fda.gov/food/laboratory-methods-food/pesticide-analytical-manual-volume-i-pam-3rd-edition,Pesticide Analytical Manual Volume I (PAM) 3rd Edition | FDA,Partially supported,Source identity resolves; the described monitoring use is analyst-authored.,,Application Trends / source coverage
Market/application source,market-source-fda-bam,FDA Bacteriological Analytical Manual provides Foodborne pathogen and toxin methods via Living methods manual,https://www.fda.gov/food/laboratory-methods-food/bacteriological-analytical-manual-bam,Bacteriological Analytical Manual (BAM) | FDA,Partially supported,Source identity resolves; the described monitoring use is analyst-authored.,,Application Trends / source coverage
Market/application source,market-source-eu-rasff,EU Rapid Alert System for Food and Feed provides Food and feed hazards via Searchable portal and reports,https://food.ec.europa.eu/food-safety/rasff_en,RASFF - Food Safety - European Commission,Partially supported,Source identity resolves; the described monitoring use is analyst-authored.,,Application Trends / source coverage
Source catalog health,source-catalog-thermo-news,Thermo Fisher investor relations news health=good; status=verified,https://ir.thermofisher.com/investors/news-events/news/default.aspx,HTTP 200 — Broken,Contradicted,Catalog says good/verified; fresh strict link result is Broken (200).,Major,Public Evidence Library / source coverage
Source catalog health,source-catalog-thermo-ms-products,Thermo Fisher mass spectrometry products health=good; status=200,https://www.thermofisher.com/us/en/home/industrial/mass-spectrometry.html,HTTP 200 — OK,Verified,,,Public Evidence Library / source coverage
Source catalog health,source-catalog-thermo-dionex-ion-chromatography-products,Thermo Dionex ion chromatography product monitoring health=good; status=monitored,https://www.thermofisher.com/sitemap-us-en.xml,HTTP 200 — OK,Verified,,,Public Evidence Library / source coverage
Source catalog health,source-catalog-thermo-vanquish-neo-nano-lc-products,Thermo Vanquish Neo nano-LC product monitoring health=good; status=monitored,https://www.thermofisher.com/sitemap-us-en.xml,HTTP 200 — OK,Verified,,,Public Evidence Library / source coverage
Source catalog health,source-catalog-thermo-lc-insights,Thermo Fisher liquid chromatography insights health=good; status=monitored,https://www.thermofisher.com/blog/analyteguru/liquid-chromatography/feed/,HTTP 200 — OK,Verified,,,Public Evidence Library / source coverage
Source catalog health,source-catalog-thermo-ms-insights,Thermo Fisher mass spectrometry insights health=good; status=monitored,https://www.thermofisher.com/blog/analyteguru/mass-spectrometry/feed/,HTTP 200 — OK,Verified,,,Public Evidence Library / source coverage
Source catalog health,source-catalog-thermo-proteomics-insights,Thermo Fisher proteomics insights health=good; status=monitored,https://www.thermofisher.com/blog/analyteguru/proteomics/feed/,HTTP 200 — OK,Verified,,,Public Evidence Library / source coverage
Source catalog health,source-catalog-agilent-newsroom,Agilent newsroom health=good; status=monitored,https://www.agilent.com/about/newsroom/presrel.html,HTTP 403 — Broken,Contradicted,Catalog says good/monitored; fresh strict link result is Broken (403).,Major,Public Evidence Library / source coverage
Source catalog health,source-catalog-agilent-investor-news,Agilent investor relations news health=good; status=verified,https://www.investor.agilent.com/news-and-events/news/default.aspx,HTTP 200 — OK,Verified,,,Public Evidence Library / source coverage
Source catalog health,source-catalog-agilent-lcms,Agilent product sitemap health=good; status=monitored,https://www.agilent.com/products0.xml,HTTP 200 — OK,Verified,,,Public Evidence Library / source coverage
Source catalog health,source-catalog-shimadzu-news,Shimadzu news health=good; status=200,https://www.shimadzu.com/news/,HTTP 200 — OK,Verified,,,Public Evidence Library / source coverage
Source catalog health,source-catalog-shimadzu-lcms,Shimadzu LC-MS solutions health=good; status=200,https://www.shimadzu.com/an/products/liquid-chromatograph-mass-spectrometry/index.html,HTTP 200 — OK,Verified,,,Public Evidence Library / source coverage
Source catalog health,source-catalog-sciex-news,SCIEX press releases health=good; status=200,https://sciex.com/about-us/press-releases,HTTP 200 — OK,Verified,,,Public Evidence Library / source coverage
Source catalog health,source-catalog-sciex-products,SCIEX mass spectrometers health=good; status=200,https://sciex.com/products/mass-spectrometers,HTTP 200 — OK,Verified,,,Public Evidence Library / source coverage
Source catalog health,source-catalog-perkinelmer-news,PerkinElmer news / corporate announcements health=good; status=verified,https://www.perkinelmer.com/corporate-and-newsroom,HTTP 200 — OK,Verified,,,Public Evidence Library / source coverage
Source catalog health,source-catalog-perkinelmer-lc-products,PerkinElmer liquid chromatography products health=good; status=200,https://www.perkinelmer.com/category/liquid-chromatography,HTTP 200 — OK,Verified,,,Public Evidence Library / source coverage
Source catalog health,source-catalog-pubmed,PubMed E-utilities health=good; status=200,https://pubmed.ncbi.nlm.nih.gov/,HTTP 403 — Broken,Contradicted,Catalog says good/200; fresh strict link result is Broken (403).,Major,Public Evidence Library / source coverage
Source catalog health,source-catalog-sec-search,SEC EDGAR search health=blocked; status=403,https://www.sec.gov/edgar/search/,HTTP 429 — Broken,Verified,,,Public Evidence Library / source coverage
Source catalog health,source-catalog-conferences,Waters Next Gen LC conference source map health=manual; status=source_map_created,data/conference_sources.json,HTTP None — Broken,Verified,,,Public Evidence Library / source coverage
Source catalog health,source-catalog-trade-publications,"LCGC, BioPharma International, Separation Science, LabRoots, Lab Manager, Pharmaceutical Online, The Analytical Scientist, European Pharmaceutical Review, American Pharmaceutical Review health=manual; status=source_map_created",data/journal_sources.json,HTTP None — Broken,Verified,,,Public Evidence Library / source coverage
Source catalog health,source-catalog-customer-voice,"SelectScience, Chromatography Forum, LabWrench, Waters support, Reddit, and public lab communities health=manual; status=source_map_created",data/customer_voice.json,HTTP None — Broken,Verified,,,Public Evidence Library / source coverage
Source catalog health,source-catalog-journal-analytical-chemistry-acs,Analytical Chemistry health=good; status=monitored,https://pubs.acs.org/journal/ancham,HTTP 403 — Broken,Contradicted,Catalog says good/monitored; fresh strict link result is Broken (403).,Major,Public Evidence Library / source coverage
Source catalog health,source-catalog-journal-journal-of-chromatography-a,Journal of Chromatography A health=good; status=monitored,https://www.sciencedirect.com/journal/journal-of-chromatography-a,HTTP 403 — Broken,Contradicted,Catalog says good/monitored; fresh strict link result is Broken (403).,Major,Public Evidence Library / source coverage
Source catalog health,source-catalog-journal-journal-of-chromatography-b,Journal of Chromatography B health=good; status=monitored,https://www.sciencedirect.com/journal/journal-of-chromatography-b,HTTP 403 — Broken,Contradicted,Catalog says good/monitored; fresh strict link result is Broken (403).,Major,Public Evidence Library / source coverage
Source catalog health,source-catalog-journal-jasms,Journal of the American Society for Mass Spectrometry (JASMS) health=good; status=monitored,https://pubs.acs.org/journal/jamsef,HTTP 403 — Broken,Contradicted,Catalog says good/monitored; fresh strict link result is Broken (403).,Major,Public Evidence Library / source coverage
Source catalog health,source-catalog-journal-analytical-bioanalytical-chemistry,Analytical and Bioanalytical Chemistry health=good; status=monitored,https://link.springer.com/journal/216,HTTP 200 — OK,Verified,,,Public Evidence Library / source coverage
Source catalog health,source-catalog-journal-journal-pharmaceutical-biomedical-analysis,Journal of Pharmaceutical and Biomedical Analysis health=good; status=monitored,https://www.sciencedirect.com/journal/journal-of-pharmaceutical-and-biomedical-analysis,HTTP 403 — Broken,Contradicted,Catalog says good/monitored; fresh strict link result is Broken (403).,Major,Public Evidence Library / source coverage
Source catalog health,source-catalog-journal-talanta,Talanta health=good; status=monitored,https://www.sciencedirect.com/journal/talanta,HTTP 403 — Broken,Contradicted,Catalog says good/monitored; fresh strict link result is Broken (403).,Major,Public Evidence Library / source coverage
Source catalog health,source-catalog-conference-asms-2026,ASMS 2026 (American Society for Mass Spectrometry Annual Conference) health=good; status=monitored,https://www.asms.org/conferences/annual-conference,HTTP 200 — OK,Verified,,,Public Evidence Library / source coverage
Source catalog health,source-catalog-conference-hplc-2026,HPLC 2026 (International Symposium on High Performance Liquid Phase Separations and Related Techniques) health=good; status=monitored,https://hplc2026-symposium.org/,HTTP 200 — OK,Verified,,,Public Evidence Library / source coverage
Source catalog health,source-catalog-conference-imsc-2026,IMSC 2026 (International Mass Spectrometry Conference) health=good; status=monitored,https://www.imss.nl/,HTTP 200 — Broken,Contradicted,Catalog says good/monitored; fresh strict link result is Broken (200).,Major,Public Evidence Library / source coverage
Source catalog health,source-catalog-conference-msacl-2026,MSACL 2026 (Mass Spectrometry & Advances in the Clinical Lab) health=good; status=monitored,https://www.msacl.org/,HTTP 200 — OK,Verified,,,Public Evidence Library / source coverage
Source catalog health,source-catalog-conference-ebf-open-symposium-2026,19th European Bioanalysis Forum Open Symposium health=good; status=monitored,https://meetings.e-b-f.eu/open/,HTTP 200 — OK,Verified,,,Public Evidence Library / source coverage
Source catalog health,source-catalog-usp-621-chromatography,USP <621> Chromatography health=review; status=200,https://doi.usp.org/USPNF/USPNF_M99380_06_01.html,HTTP 200 — OK,Contradicted,Catalog says review/200; fresh strict link result is OK (200).,Major,Public Evidence Library / source coverage
Source catalog health,source-catalog-usp-1058-instrument-qualification,USP <1058> Analytical Instrument Qualification health=review; status=200,https://doi.usp.org/USPNF/USPNF_M1124_01_01.html,HTTP 200 — OK,Contradicted,Catalog says review/200; fresh strict link result is OK (200).,Major,Public Evidence Library / source coverage
Source catalog health,source-catalog-ich-q2-r2,ICH Q2(R2) Validation of Analytical Procedures health=good; status=200,https://database.ich.org/sites/default/files/ICH_Q2%28R2%29_Guideline_2023_1130.pdf,HTTP 200 — OK,Verified,,,Public Evidence Library / source coverage
Source catalog health,source-catalog-ich-q14,ICH Q14 Analytical Procedure Development health=good; status=200,https://database.ich.org/sites/default/files/ICH_Q14_Guideline_2023_1116.pdf,HTTP 200 — OK,Verified,,,Public Evidence Library / source coverage
Source catalog health,source-catalog-fda-warning-letters-analytical-findings,FDA Warning Letters health=review; status=200,https://www.fda.gov/inspections-compliance-enforcement-and-criminal-investigations/compliance-actions-and-activities/warning-letters,HTTP 200 — OK,Contradicted,Catalog says review/200; fresh strict link result is OK (200).,Major,Public Evidence Library / source coverage
Source catalog health,source-catalog-fda-form-483-observations,FDA Form 483 Inspection Observations health=review; status=200,https://www.fda.gov/inspections-compliance-enforcement-and-criminal-investigations/inspection-references/inspection-observations,HTTP 200 — OK,Contradicted,Catalog says review/200; fresh strict link result is OK (200).,Major,Public Evidence Library / source coverage
Source catalog health,source-catalog-conference-wcbp-2026,WCBP (Well-Characterized Biological Products) health=good; status=monitored,https://www.casss.org/meetings-and-events/event/2026/01/27/default-calendar/wcbp-2026,HTTP 200 — OK,Verified,,,Public Evidence Library / source coverage
Source catalog health,source-catalog-conference-slas-2026,SLAS 2026 (Society for Laboratory Automation and Screening) health=good; status=monitored,https://www.slas.org/events-calendar/slas2026-international-conference-exhibition/,HTTP 200 — Broken,Contradicted,Catalog says good/monitored; fresh strict link result is Broken (200).,Major,Public Evidence Library / source coverage
Source catalog health,source-catalog-conference-mrna-analytical-development-2026,mRNA Analytical Development & QC Summit health=good; status=monitored,https://mrna-analytical-development.com/,HTTP 200 — OK,Verified,,,Public Evidence Library / source coverage
Source catalog health,source-catalog-conference-bioprocessing-summit-eu-2026,Bioprocessing Summit EU health=good; status=monitored,https://www.bioprocessingeurope.com/,HTTP 200 — OK,Verified,,,Public Evidence Library / source coverage
Source catalog health,source-catalog-conference-acs-spring-2026,ACS Spring (American Chemical Society) health=good; status=monitored,https://www.acs.org/events/all-events/acs-spring-2026.html,HTTP 200 — OK,Verified,,,Public Evidence Library / source coverage
Source catalog health,source-catalog-conference-analytica-2026,Analytica 2026 health=good; status=monitored,https://analytica.de/en/munich/,HTTP 200 — OK,Verified,,,Public Evidence Library / source coverage
Source catalog health,source-catalog-conference-adc-analytical-development-2026,ADC Analytical Development Summit health=good; status=monitored,https://adc-analytical.com/,HTTP 200 — OK,Verified,,,Public Evidence Library / source coverage
Source catalog health,source-catalog-conference-pegs-us-2026,PEGS US health=good; status=monitored,https://www.pegsummit.com/,HTTP 200 — OK,Verified,,,Public Evidence Library / source coverage
Source catalog health,source-catalog-conference-tides-us-2026,TIDES US health=good; status=monitored,https://informaconnect.com/tides/,HTTP 200 — OK,Verified,,,Public Evidence Library / source coverage
Source catalog health,source-catalog-conference-asgct-2026,ASGCT (American Society of Gene and Cell Therapy) health=good; status=monitored,https://annualmeeting.asgct.org/,HTTP 200 — OK,Verified,,,Public Evidence Library / source coverage
Source catalog health,source-catalog-conference-slas-europe-2026,SLAS EU (Society for Laboratory Automation and Screening) health=good; status=monitored,https://www.slas.org/events-calendar/slas-europe-2026-conference-and-exhibition/,HTTP 200 — Broken,Contradicted,Catalog says good/monitored; fresh strict link result is Broken (200).,Major,Public Evidence Library / source coverage
Source catalog health,source-catalog-conference-waters-asms-users-2026,Waters ASMS Users Meeting 2026 health=good; status=monitored,https://cvent.me/lKEada,HTTP 200 — OK,Verified,,,Public Evidence Library / source coverage
Source catalog health,source-catalog-conference-metabolomics-society-2026,Metabolomics Society Conference health=good; status=monitored,https://metabolomicssociety.org/,HTTP 200 — OK,Verified,,,Public Evidence Library / source coverage
Source catalog health,source-catalog-conference-issx-europe-2026,ISSX EU (International Society for the Study of Xenobiotics) health=good; status=monitored,https://issxmeetings.org/2026-euro/home,HTTP 200 — Broken,Contradicted,Catalog says good/monitored; fresh strict link result is Broken (200).,Major,Public Evidence Library / source coverage
Source catalog health,source-catalog-conference-bioprocessing-summit-us-2026,Bioprocessing Summit US health=good; status=monitored,https://www.bioprocessingsummit.com/,HTTP 200 — OK,Verified,,,Public Evidence Library / source coverage
Source catalog health,source-catalog-conference-acs-fall-2026,ACS Fall (American Chemical Society) health=good; status=monitored,https://www.acs.org/events/all-events/acs-fall-2026.html,HTTP 200 — OK,Verified,,,Public Evidence Library / source coverage
Source catalog health,source-catalog-conference-casss-ms-2026,CASSS MS (Practical Applications of Mass Spectrometry) health=good; status=monitored,https://www.casss.org/meetings-and-events/multi-day-symposia/mass-spectrometry,HTTP 200 — OK,Verified,,,Public Evidence Library / source coverage
Source catalog health,source-catalog-conference-lab-of-the-future-eu-2026,Lab of the Future EU health=good; status=monitored,https://www.lab-of-the-future.com/europe/,HTTP 200 — OK,Verified,,,Public Evidence Library / source coverage
Source catalog health,source-catalog-conference-issx-na-2026,ISSX US (International Society for the Study of Xenobiotics) health=good; status=monitored,https://issxmeetings.org/2026-na/home,HTTP 200 — Broken,Contradicted,Catalog says good/monitored; fresh strict link result is Broken (200).,Major,Public Evidence Library / source coverage
Source catalog health,source-catalog-conference-aaps-pharmsci-360-2026,AAPS PharmSci 360 health=good; status=monitored,https://www.aaps.org/pharmsci/annual-meeting,HTTP 200 — OK,Verified,,,Public Evidence Library / source coverage
Source catalog health,source-catalog-conference-tides-eu-2026,TIDES EU health=good; status=monitored,https://informaconnect.com/tides-europe/,HTTP 200 — OK,Verified,,,Public Evidence Library / source coverage
Source catalog health,source-catalog-conference-rafa-2026,RAFA (Symposium on Recent Advances in Food Analysis) health=good; status=monitored,https://www.rafa2026.eu/,HTTP 200 — OK,Verified,,,Public Evidence Library / source coverage
Source catalog health,source-catalog-conference-pegs-eu-2026,PEGS EU health=good; status=monitored,https://www.pegsummiteurope.com/,HTTP 200 — OK,Verified,,,Public Evidence Library / source coverage
Source catalog health,source-catalog-conference-setac-na-2026,SETAC US health=good; status=monitored,https://www.setac.org/discover-events/global-meetings/setac-north-america-47th-annual-meeting/program/daily-schedule.html,HTTP 200 — OK,Verified,,,Public Evidence Library / source coverage
Source catalog health,source-catalog-conference-imsis-2026,IMSIS (International Mass Spectrometry Imaging Society Conference) health=good; status=monitored,https://www.msimaging.science/,HTTP 200 — OK,Verified,,,Public Evidence Library / source coverage
Source catalog health,source-catalog-trade-lcgc,LCGC health=good; status=monitored,https://www.chromatographyonline.com/,HTTP 403 — Broken,Contradicted,Catalog says good/monitored; fresh strict link result is Broken (403).,Major,Public Evidence Library / source coverage
Source catalog health,source-catalog-trade-biopharma-international,BioPharma International health=good; status=monitored,https://www.biopharminternational.com/,HTTP 200 — OK,Verified,,,Public Evidence Library / source coverage
Source catalog health,source-catalog-trade-separation-science,Separation Science health=good; status=monitored,https://www.sepscience.com/,HTTP 200 — OK,Verified,,,Public Evidence Library / source coverage
Source catalog health,source-catalog-trade-labroots,LabRoots health=good; status=monitored,https://www.labroots.com/,HTTP 200 — OK,Verified,,,Public Evidence Library / source coverage
Source catalog health,source-catalog-trade-lab-manager,Lab Manager health=good; status=monitored,https://www.labmanager.com/,HTTP 200 — OK,Verified,,,Public Evidence Library / source coverage
Source catalog health,source-catalog-trade-pharmaceutical-online,Pharmaceutical Online health=good; status=monitored,https://www.pharmaceuticalonline.com/,HTTP 200 — Broken,Contradicted,Catalog says good/monitored; fresh strict link result is Broken (200).,Major,Public Evidence Library / source coverage
Source catalog health,source-catalog-trade-the-analytical-scientist,The Analytical Scientist health=good; status=monitored,https://theanalyticalscientist.com/,HTTP 200 — OK,Verified,,,Public Evidence Library / source coverage
Source catalog health,source-catalog-trade-european-pharmaceutical-review,European Pharmaceutical Review health=good; status=monitored,https://www.europeanpharmaceuticalreview.com/,HTTP 200 — Broken,Contradicted,Catalog says good/monitored; fresh strict link result is Broken (200).,Major,Public Evidence Library / source coverage
Source catalog health,source-catalog-trade-american-pharmaceutical-review,American Pharmaceutical Review health=good; status=monitored,https://www.americanpharmaceuticalreview.com/,HTTP 200 — OK,Verified,,,Public Evidence Library / source coverage
Pipeline source health,source-health-pubmed-eutils,pubmed-eutils collection state is PARTIAL,https://eutils.ncbi.nlm.nih.gov/entrez/eutils/,HTTP 400 — Broken,Partially supported,Aggregate PubMed counts cover every configured horizon; stored item-level evidence is an explicitly labeled representative sample that includes the newest PMID for each theme query.,,Refresh/source status
Pipeline source health,source-health-sec-edgar-submissions,sec-edgar-submissions collection state is CURRENT,https://www.sec.gov/search-filings/edgar-application-programming-interfaces,HTTP 429 — Broken,Contradicted,Pipeline says CURRENT; strict link result is Broken (429).,Major,Refresh/source status
Pipeline source health,source-health-analytical-chemistry-acs,analytical-chemistry-acs collection state is CURRENT,https://api.crossref.org/journals/0003-2700/works,HTTP 200 — OK,Verified,,,Refresh/source status
Pipeline source health,source-health-journal-of-chromatography-a,journal-of-chromatography-a collection state is CURRENT,https://api.crossref.org/journals/0021-9673/works,HTTP 200 — OK,Verified,,,Refresh/source status
Pipeline source health,source-health-journal-of-chromatography-b,journal-of-chromatography-b collection state is CURRENT,https://api.crossref.org/journals/1570-0232/works,HTTP 200 — OK,Verified,,,Refresh/source status
Pipeline source health,source-health-jasms,jasms collection state is CURRENT,https://api.crossref.org/journals/1044-0305/works,HTTP 429 — Broken,Contradicted,Pipeline says CURRENT; strict link result is Broken (429).,Major,Refresh/source status
Pipeline source health,source-health-analytical-bioanalytical-chemistry,analytical-bioanalytical-chemistry collection state is CURRENT,https://api.crossref.org/journals/1618-2642/works,HTTP 429 — Broken,Contradicted,Pipeline says CURRENT; strict link result is Broken (429).,Major,Refresh/source status
Pipeline source health,source-health-journal-pharmaceutical-biomedical-analysis,journal-pharmaceutical-biomedical-analysis collection state is CURRENT,https://api.crossref.org/journals/0731-7085/works,HTTP 429 — Broken,Contradicted,Pipeline says CURRENT; strict link result is Broken (429).,Major,Refresh/source status
Pipeline source health,source-health-talanta,talanta collection state is CURRENT,https://api.crossref.org/journals/0039-9140/works,HTTP 200 — OK,Verified,,,Refresh/source status
Pipeline source health,source-health-lcgc,lcgc collection state is PARTIAL,https://www.chromatographyonline.com/,HTTP 403 — Broken,Partially supported,0 of 1 publisher-owned endpoints reachable; 12 dated public records available. Retained the last verified records because the publisher endpoint did not yield records in this run.,,Refresh/source status
Pipeline source health,source-health-biopharma-international,biopharma-international collection state is PARTIAL,https://www.biopharminternational.com/,HTTP 200 — OK,Partially supported,1 of 1 publisher-owned endpoints reachable; 5 dated public records available.,,Refresh/source status
Pipeline source health,source-health-separation-science,separation-science collection state is PARTIAL,https://www.sepscience.com/,HTTP 200 — OK,Partially supported,1 of 1 publisher-owned endpoints reachable; 500 dated public records available.,,Refresh/source status
Pipeline source health,source-health-labroots,labroots collection state is PARTIAL,https://www.labroots.com/,HTTP 200 — OK,Partially supported,3 of 3 publisher-owned endpoints reachable; 7 dated public records available.,,Refresh/source status
Pipeline source health,source-health-lab-manager,lab-manager collection state is PARTIAL,https://www.labmanager.com/,HTTP 200 — OK,Partially supported,1 of 1 publisher-owned endpoints reachable; 184 dated public records available.,,Refresh/source status
Pipeline source health,source-health-pharmaceutical-online,pharmaceutical-online collection state is PARTIAL,https://www.pharmaceuticalonline.com/,HTTP 200 — Broken,Partially supported,1 of 1 publisher-owned endpoints reachable; 1 dated public records available.,,Refresh/source status
Pipeline source health,source-health-the-analytical-scientist,the-analytical-scientist collection state is PARTIAL,https://theanalyticalscientist.com/,HTTP 200 — OK,Partially supported,1 of 1 publisher-owned endpoints reachable; 4 dated public records available.,,Refresh/source status
Pipeline source health,source-health-european-pharmaceutical-review,european-pharmaceutical-review collection state is PARTIAL,https://www.europeanpharmaceuticalreview.com/,HTTP 200 — Broken,Partially supported,1 of 1 publisher-owned endpoints reachable; 26 dated public records available.,,Refresh/source status
Pipeline source health,source-health-american-pharmaceutical-review,american-pharmaceutical-review collection state is PARTIAL,https://www.americanpharmaceuticalreview.com/,HTTP 200 — OK,Partially supported,1 of 1 publisher-owned endpoints reachable; 15 dated public records available.,,Refresh/source status
Pipeline source health,source-health-selectscience-lc-reviews,selectscience-lc-reviews collection state is CURRENT,https://www.selectscience.net/product/acquity-uplc-r-beh-c18-and-c8-columns,HTTP 200 — OK,Verified,,,Refresh/source status
Pipeline source health,source-health-chromforum-lc-discussions,chromforum-lc-discussions collection state is PARTIAL,https://www.chromforum.org/viewforum.php?f=1,HTTP 200 — OK,Partially supported,Public records were collected through the approved adapter.,,Refresh/source status
Pipeline source health,source-health-labwrench-lc-discussions,labwrench-lc-discussions collection state is PARTIAL,https://www.labwrench.com/forums/,HTTP 200 — Broken,Partially supported,Public records were collected through the approved adapter.,,Refresh/source status
Pipeline source health,source-health-reddit-lc-discussions,reddit-lc-discussions collection state is UNVERIFIED,https://www.reddit.com/dev/api/,HTTP 200 — Broken,Unsupported / Hallucinated,Reddit OAuth credentials are not configured; no API request was made.,Minor,Refresh/source status
Pipeline source health,source-health-fda-regulatory-lab-findings,fda-regulatory-lab-findings collection state is CURRENT,https://www.fda.gov/media/190190/download?attachment,HTTP 200 — OK,Verified,,,Refresh/source status
Pipeline source health,source-health-thermo-products,thermo-products collection state is PARTIAL,https://www.thermofisher.com/sitemap-index.xml,HTTP 200 — OK,Partially supported,Official sitemap index parsed.,,Refresh/source status
Pipeline source health,source-health-thermo-ms-products,thermo-ms-products collection state is CURRENT,https://www.thermofisher.com/sitemap-us-en.xml,HTTP 200 — OK,Verified,,,Refresh/source status
Pipeline source health,source-health-thermo-dionex-ion-chromatography-products,thermo-dionex-ion-chromatography-products collection state is CURRENT,https://www.thermofisher.com/sitemap-us-en.xml,HTTP 200 — OK,Verified,,,Refresh/source status
Pipeline source health,source-health-thermo-vanquish-neo-nano-lc-products,thermo-vanquish-neo-nano-lc-products collection state is CURRENT,https://www.thermofisher.com/sitemap-us-en.xml,HTTP 200 — OK,Verified,,,Refresh/source status
Pipeline source health,source-health-thermo-news,thermo-news collection state is PARTIAL,https://ir.thermofisher.com/investors/news-events/news/default.aspx,HTTP 200 — Broken,Partially supported,Official Thermo Fisher investor-relations feed parsed; 18 dated 2026 corporate releases extracted. Rolling newsroom/feed extraction is not proof of complete history.,,Refresh/source status
Pipeline source health,source-health-thermo-lc-insights,thermo-lc-insights collection state is PARTIAL,https://www.thermofisher.com/blog/analyteguru/liquid-chromatography/feed/,HTTP 200 — OK,Partially supported,Official dated RSS feed parsed; 7 relevant LC/MS records extracted. Rolling newsroom/feed extraction is not proof of complete history.,,Refresh/source status
Pipeline source health,source-health-thermo-ms-insights,thermo-ms-insights collection state is PARTIAL,https://www.thermofisher.com/blog/analyteguru/mass-spectrometry/feed/,HTTP 200 — OK,Partially supported,Official dated RSS feed parsed; 5 relevant LC/MS records extracted. Rolling newsroom/feed extraction is not proof of complete history.,,Refresh/source status
Pipeline source health,source-health-thermo-proteomics-insights,thermo-proteomics-insights collection state is PARTIAL,https://www.thermofisher.com/blog/analyteguru/proteomics/feed/,HTTP 200 — OK,Partially supported,Official dated RSS feed parsed; 7 relevant LC/MS records extracted. Rolling newsroom/feed extraction is not proof of complete history.,,Refresh/source status
Pipeline source health,source-health-shimadzu-lcms,shimadzu-lcms collection state is CURRENT,https://www.shimadzu.com/an/sitemap.xml,HTTP 200 — OK,Verified,,,Refresh/source status
Pipeline source health,source-health-shimadzu-news,shimadzu-news collection state is PARTIAL,https://www.shimadzu.com/news/2026/index.html,HTTP 200 — OK,Partially supported,Official dated news index parsed; 37 relevant releases extracted. Rolling newsroom/feed extraction is not proof of complete history.,,Refresh/source status
Pipeline source health,source-health-sciex-products,sciex-products collection state is CURRENT,https://www.sciex.com/sitemap.xml,HTTP 200 — OK,Verified,,,Refresh/source status
Pipeline source health,source-health-sciex-news,sciex-news collection state is PARTIAL,https://sciex.com/about-us/press-releases/2026,HTTP 200 — OK,Partially supported,Official dated press index parsed; 4 relevant releases extracted. Rolling newsroom/feed extraction is not proof of complete history.,,Refresh/source status
Pipeline source health,source-health-agilent-official-1,agilent-official-1 collection state is PARTIAL,https://www.agilent.com/sitemap.xml,HTTP 200 — OK,Partially supported,Authoritative sitemap index. Endpoint availability alone does not prove record-level completeness.,,Refresh/source status
Pipeline source health,source-health-agilent-official-2,agilent-official-2 collection state is PARTIAL,https://www.agilent.com/pim_commerce01.xml,HTTP 200 — OK,Partially supported,Authoritative product inventory. Endpoint availability alone does not prove record-level completeness.,,Refresh/source status
Pipeline source health,source-health-agilent-official-3,agilent-official-3 collection state is PARTIAL,https://www.agilent.com/pim_commerce1.xml,HTTP 200 — OK,Partially supported,Authoritative product inventory. Endpoint availability alone does not prove record-level completeness.,,Refresh/source status
Pipeline source health,source-health-agilent-official-4,agilent-official-4 collection state is PARTIAL,https://www.agilent.com/products0.xml,HTTP 200 — OK,Partially supported,Authoritative product inventory. Endpoint availability alone does not prove record-level completeness.,,Refresh/source status
Pipeline source health,source-health-agilent-official-5,agilent-official-5 collection state is PARTIAL,https://www.agilent.com/about/newsroom/presrel.html,HTTP 403 — Broken,Partially supported,Authoritative dated press-release index. Endpoint availability alone does not prove record-level completeness.,,Refresh/source status
Pipeline source health,source-health-agilent-official-6,agilent-official-6 collection state is PARTIAL,https://www.investor.agilent.com/news-and-events/news/default.aspx,HTTP 200 — OK,Partially supported,Official Agilent investor-relations news feed; 10-second crawl delay applied. Endpoint availability alone does not prove record-level completeness.,,Refresh/source status
Pipeline source health,source-health-agilent-official-7,agilent-official-7 collection state is PARTIAL,https://www.investor.agilent.com/overview/default.aspx,HTTP 200 — Broken,Partially supported,Investor relations source; 10-second crawl delay applied. Endpoint availability alone does not prove record-level completeness.,,Refresh/source status
Pipeline source health,source-health-agilent-official-8,agilent-official-8 collection state is PARTIAL,https://www.agilent.com/about/newsroom/presrel/2026/29jul-ca26028.html,HTTP 403 — Broken,Partially supported,New release fetched for classification and detail. Endpoint availability alone does not prove record-level completeness.,,Refresh/source status
Pipeline source health,source-health-agilent-official-9,agilent-official-9 collection state is PARTIAL,https://www.agilent.com/about/newsroom/presrel/2026/28jul-gp26015.html,HTTP 403 — Broken,Partially supported,New release fetched for classification and detail. Endpoint availability alone does not prove record-level completeness.,,Refresh/source status
Pipeline source health,source-health-agilent-official-10,agilent-official-10 collection state is BLOCKED,https://www.agilent.com/about/newsroom/presrel/2026/23jul-ca26027.html,HTTP 403 — Broken,Verified,,,Refresh/source status
Pipeline source health,source-health-agilent-official-11,agilent-official-11 collection state is PARTIAL,https://www.agilent.com/about/newsroom/presrel/2026/14jul-ca26026.html,HTTP 403 — Broken,Partially supported,New release fetched for classification and detail. Endpoint availability alone does not prove record-level completeness.,,Refresh/source status
Pipeline source health,source-health-agilent-official-12,agilent-official-12 collection state is BLOCKED,https://www.agilent.com/about/newsroom/presrel/2026/08jul-ca26025.html,HTTP 403 — Broken,Verified,,,Refresh/source status
Pipeline source health,source-health-agilent-official-13,agilent-official-13 collection state is PARTIAL,https://www.agilent.com/about/newsroom/presrel/2026/01jul-ca26024.html,HTTP 403 — Broken,Partially supported,New release fetched for classification and detail. Endpoint availability alone does not prove record-level completeness.,,Refresh/source status
Pipeline source health,source-health-agilent-official-14,agilent-official-14 collection state is BLOCKED,https://www.agilent.com/about/newsroom/presrel/2026/25jun-gp26014.html,HTTP 403 — Broken,Verified,,,Refresh/source status
Pipeline source health,source-health-agilent-official-15,agilent-official-15 collection state is PARTIAL,https://www.agilent.com/about/newsroom/presrel/2026/03jun-gp26013.html,HTTP 403 — Broken,Partially supported,New release fetched for classification and detail. Endpoint availability alone does not prove record-level completeness.,,Refresh/source status
Pipeline source health,source-health-agilent-official-16,agilent-official-16 collection state is BLOCKED,https://www.agilent.com/about/newsroom/presrel/2026/02jun-ca26023.html,HTTP 403 — Broken,Verified,,,Refresh/source status
Pipeline source health,source-health-agilent-official-17,agilent-official-17 collection state is PARTIAL,https://www.agilent.com/about/newsroom/presrel/2026/01jun-ca26022.html,HTTP 403 — Broken,Partially supported,New release fetched for classification and detail. Endpoint availability alone does not prove record-level completeness.,,Refresh/source status
Pipeline source health,source-health-perkinelmer-news,perkinelmer-news collection state is CURRENT,https://www.perkinelmer.com/corporate-and-newsroom,HTTP 200 — OK,Verified,,,Refresh/source status
Pipeline source health,source-health-perkinelmer-lc-products,perkinelmer-lc-products collection state is CURRENT,https://www.perkinelmer.com/category/liquid-chromatography,HTTP 200 — OK,Verified,,,Refresh/source status
Pipeline source health,source-health-conference-asms-2026,conference-asms-2026 collection state is PARTIAL,https://www.asms.org/conferences/annual-conference,HTTP 200 — OK,Partially supported,2 of 2 official endpoints reachable; 37 public program-content links extracted.,,Refresh/source status
Pipeline source health,source-health-conference-hplc-2026,conference-hplc-2026 collection state is PARTIAL,https://hplc2026-symposium.org/,HTTP 200 — OK,Partially supported,2 of 2 official endpoints reachable; 43 public program-content links extracted.,,Refresh/source status
Pipeline source health,source-health-conference-imsc-2026,conference-imsc-2026 collection state is PARTIAL,https://www.imss.nl/,HTTP 200 — Broken,Partially supported,1 of 1 official endpoints reachable; 0 public program-content links extracted.,,Refresh/source status
Pipeline source health,source-health-conference-msacl-2026,conference-msacl-2026 collection state is PARTIAL,https://www.msacl.org/,HTTP 200 — OK,Partially supported,2 of 2 official endpoints reachable; 110 public program-content links extracted.,,Refresh/source status
Pipeline source health,source-health-conference-ebf-open-symposium-2026,conference-ebf-open-symposium-2026 collection state is PARTIAL,https://meetings.e-b-f.eu/open/,HTTP 200 — OK,Partially supported,2 of 2 official endpoints reachable; 7 public program-content links extracted.,,Refresh/source status
Pipeline source health,source-health-usp-621-chromatography,usp-621-chromatography collection state is PARTIAL,https://doi.usp.org/USPNF/USPNF_M99380_06_01.html,HTTP 200 — OK,Partially supported,Endpoint reachability verified separately; it does not prove content freshness.,,Refresh/source status
Pipeline source health,source-health-usp-1058-instrument-qualification,usp-1058-instrument-qualification collection state is PARTIAL,https://doi.usp.org/USPNF/USPNF_M1124_01_01.html,HTTP 200 — OK,Partially supported,Endpoint reachability verified separately; it does not prove content freshness.,,Refresh/source status
Pipeline source health,source-health-ich-q2-r2,ich-q2-r2 collection state is PARTIAL,https://database.ich.org/sites/default/files/ICH_Q2%28R2%29_Guideline_2023_1130.pdf,HTTP 200 — OK,Partially supported,Official public document identifier and content were verified.,,Refresh/source status
Pipeline source health,source-health-ich-q14,ich-q14 collection state is PARTIAL,https://database.ich.org/sites/default/files/ICH_Q14_Guideline_2023_1116.pdf,HTTP 200 — OK,Partially supported,Official public document identifier and content were verified.,,Refresh/source status
Pipeline source health,source-health-fda-warning-letters-analytical-findings,fda-warning-letters-analytical-findings collection state is PARTIAL,https://www.fda.gov/inspections-compliance-enforcement-and-criminal-investigations/compliance-actions-and-activities/warning-letters,HTTP 200 — OK,Partially supported,Endpoint reachability verified separately; it does not prove content freshness.,,Refresh/source status
Pipeline source health,source-health-fda-form-483-observations,fda-form-483-observations collection state is PARTIAL,https://www.fda.gov/inspections-compliance-enforcement-and-criminal-investigations/inspection-references/inspection-observations,HTTP 200 — OK,Partially supported,Endpoint reachability verified separately; it does not prove content freshness.,,Refresh/source status
Pipeline source health,source-health-conference-wcbp-2026,conference-wcbp-2026 collection state is PARTIAL,https://www.casss.org/meetings-and-events/event/2026/01/27/default-calendar/wcbp-2026,HTTP 200 — OK,Partially supported,1 of 1 official endpoints reachable; 7 public program-content links extracted.,,Refresh/source status
Pipeline source health,source-health-conference-slas-2026,conference-slas-2026 collection state is PARTIAL,https://www.slas.org/events-calendar/slas2026-international-conference-exhibition/,HTTP 200 — Broken,Partially supported,1 of 1 official endpoints reachable; 6 public program-content links extracted.,,Refresh/source status
Pipeline source health,source-health-conference-mrna-analytical-development-2026,conference-mrna-analytical-development-2026 collection state is PARTIAL,https://mrna-analytical-development.com/,HTTP 200 — OK,Partially supported,1 of 1 official endpoints reachable; 11 public program-content links extracted.,,Refresh/source status
Pipeline source health,source-health-conference-bioprocessing-summit-eu-2026,conference-bioprocessing-summit-eu-2026 collection state is PARTIAL,https://www.bioprocessingeurope.com/,HTTP 200 — OK,Partially supported,1 of 1 official endpoints reachable; 10 public program-content links extracted.,,Refresh/source status
Pipeline source health,source-health-conference-acs-spring-2026,conference-acs-spring-2026 collection state is PARTIAL,https://www.acs.org/events/all-events/acs-spring-2026.html,HTTP 200 — OK,Partially supported,1 of 1 official endpoints reachable; 0 public program-content links extracted.,,Refresh/source status
Pipeline source health,source-health-conference-analytica-2026,conference-analytica-2026 collection state is PARTIAL,https://analytica.de/en/munich/,HTTP 200 — OK,Partially supported,1 of 1 official endpoints reachable; 13 public program-content links extracted.,,Refresh/source status
Pipeline source health,source-health-conference-adc-analytical-development-2026,conference-adc-analytical-development-2026 collection state is PARTIAL,https://adc-analytical.com/,HTTP 200 — OK,Partially supported,1 of 1 official endpoints reachable; 9 public program-content links extracted.,,Refresh/source status
Pipeline source health,source-health-conference-pegs-us-2026,conference-pegs-us-2026 collection state is PARTIAL,https://www.pegsummit.com/,HTTP 200 — OK,Partially supported,1 of 1 official endpoints reachable; 18 public program-content links extracted.,,Refresh/source status
Pipeline source health,source-health-conference-tides-us-2026,conference-tides-us-2026 collection state is PARTIAL,https://informaconnect.com/tides/,HTTP 200 — OK,Partially supported,1 of 1 official endpoints reachable; 16 public program-content links extracted.,,Refresh/source status
Pipeline source health,source-health-conference-asgct-2026,conference-asgct-2026 collection state is PARTIAL,https://annualmeeting.asgct.org/,HTTP 200 — OK,Partially supported,1 of 1 official endpoints reachable; 12 public program-content links extracted.,,Refresh/source status
Pipeline source health,source-health-conference-slas-europe-2026,conference-slas-europe-2026 collection state is PARTIAL,https://www.slas.org/events-calendar/slas-europe-2026-conference-and-exhibition/,HTTP 200 — Broken,Partially supported,1 of 1 official endpoints reachable; 7 public program-content links extracted.,,Refresh/source status
Pipeline source health,source-health-conference-waters-asms-users-2026,conference-waters-asms-users-2026 collection state is PARTIAL,https://cvent.me/lKEada,HTTP 200 — OK,Partially supported,1 of 1 official endpoints reachable; 0 public program-content links extracted.,,Refresh/source status
Pipeline source health,source-health-conference-metabolomics-society-2026,conference-metabolomics-society-2026 collection state is PARTIAL,https://metabolomicssociety.org/,HTTP 200 — OK,Partially supported,1 of 1 official endpoints reachable; 1 public program-content links extracted.,,Refresh/source status
Pipeline source health,source-health-conference-issx-europe-2026,conference-issx-europe-2026 collection state is PARTIAL,https://issxmeetings.org/2026-euro/home,HTTP 200 — Broken,Partially supported,1 of 1 official endpoints reachable; 9 public program-content links extracted.,,Refresh/source status
Pipeline source health,source-health-conference-bioprocessing-summit-us-2026,conference-bioprocessing-summit-us-2026 collection state is PARTIAL,https://www.bioprocessingsummit.com/,HTTP 200 — OK,Partially supported,1 of 1 official endpoints reachable; 15 public program-content links extracted.,,Refresh/source status
Pipeline source health,source-health-conference-acs-fall-2026,conference-acs-fall-2026 collection state is PARTIAL,https://www.acs.org/events/all-events/acs-fall-2026.html,HTTP 200 — OK,Partially supported,1 of 1 official endpoints reachable; 0 public program-content links extracted.,,Refresh/source status
Pipeline source health,source-health-conference-casss-ms-2026,conference-casss-ms-2026 collection state is PARTIAL,https://www.casss.org/meetings-and-events/multi-day-symposia/mass-spectrometry,HTTP 200 — OK,Partially supported,1 of 1 official endpoints reachable; 24 public program-content links extracted.,,Refresh/source status
Pipeline source health,source-health-conference-lab-of-the-future-eu-2026,conference-lab-of-the-future-eu-2026 collection state is PARTIAL,https://www.lab-of-the-future.com/europe/,HTTP 200 — OK,Partially supported,1 of 1 official endpoints reachable; 5 public program-content links extracted.,,Refresh/source status
Pipeline source health,source-health-conference-issx-na-2026,conference-issx-na-2026 collection state is PARTIAL,https://issxmeetings.org/2026-na/home,HTTP 200 — Broken,Partially supported,1 of 1 official endpoints reachable; 9 public program-content links extracted.,,Refresh/source status
Pipeline source health,source-health-conference-aaps-pharmsci-360-2026,conference-aaps-pharmsci-360-2026 collection state is PARTIAL,https://www.aaps.org/pharmsci/annual-meeting,HTTP 200 — OK,Partially supported,1 of 1 official endpoints reachable; 15 public program-content links extracted.,,Refresh/source status
Pipeline source health,source-health-conference-tides-eu-2026,conference-tides-eu-2026 collection state is PARTIAL,https://informaconnect.com/tides-europe/,HTTP 200 — OK,Partially supported,1 of 1 official endpoints reachable; 17 public program-content links extracted.,,Refresh/source status
Pipeline source health,source-health-conference-rafa-2026,conference-rafa-2026 collection state is PARTIAL,https://www.rafa2026.eu/,HTTP 200 — OK,Partially supported,1 of 1 official endpoints reachable; 11 public program-content links extracted.,,Refresh/source status
Pipeline source health,source-health-conference-pegs-eu-2026,conference-pegs-eu-2026 collection state is PARTIAL,https://www.pegsummiteurope.com/,HTTP 200 — OK,Partially supported,1 of 1 official endpoints reachable; 13 public program-content links extracted.,,Refresh/source status
Pipeline source health,source-health-conference-setac-na-2026,conference-setac-na-2026 collection state is PARTIAL,https://www.setac.org/discover-events/global-meetings/setac-north-america-47th-annual-meeting/program/daily-schedule.html,HTTP 200 — OK,Partially supported,1 of 1 official endpoints reachable; 11 public program-content links extracted.,,Refresh/source status
Pipeline source health,source-health-conference-imsis-2026,conference-imsis-2026 collection state is PARTIAL,https://www.msimaging.science/,HTTP 200 — OK,Partially supported,1 of 1 official endpoints reachable; 3 public program-content links extracted.,,Refresh/source status
Decision / PPTX,decision-pfas-workflow,Decide whether to package a PFAS-ready regulated quantitation workflow has evidence-priority score 54/100 and trend count 325,https://eutils.ncbi.nlm.nih.gov/entrez/eutils/esearch.fcgi?db=pubmed&term=%28%28PFAS+OR+%22per-+and+polyfluoroalkyl%22%29+AND+%28%22LC-MS%22+OR+%22LC-MS%2FMS%22+OR+chromatography%29%29+AND+%28%222025%2F08%2F01%22%5BDate+-+Publication%5D+%3A+%222026%2F08%2F01%22%5BDate+-+Publication%5D%29&retmode=json&retmax=0,<Count>335</Count>,Partially supported,"Fresh exact-query count is 335, not 334.",Major,Decisions Needed / Leadership PPTX
Decision / PPTX,decision-workflow-requirements,Decide whether Next Gen LC and Alliance iS need new end-to-end workflow requirements has evidence-priority score 63/100 and trend count 1125,https://eutils.ncbi.nlm.nih.gov/entrez/eutils/esearch.fcgi?db=pubmed&term=%28%28%22laboratory+automation%22+OR+%22workflow+software%22+OR+%22AI%22%29+AND+%28%22LC-MS%22+OR+chromatography+OR+%22mass+spectrometry%22%29%29+AND+%28%222025%2F08%2F01%22%5BDate+-+Publication%5D+%3A+%222026%2F08%2F01%22%5BDate+-+Publication%5D%29&retmode=json&retmax=0,<Count>1147</Count>,Partially supported,"Fresh exact-query count is 1147, not 1145.",Major,Decisions Needed / Leadership PPTX
Decision / PPTX,decision-oligo-readiness,Decide whether Next Gen LC needs an oligonucleotide method-readiness package has evidence-priority score 58/100 and trend count 647,https://eutils.ncbi.nlm.nih.gov/entrez/eutils/esearch.fcgi?db=pubmed&term=%28%28oligonucleotide+OR+%22nucleic+acid%22+OR+siRNA%29+AND+%28%22LC-MS%22+OR+chromatography+OR+%22mass+spectrometry%22%29%29+AND+%28%222025%2F08%2F01%22%5BDate+-+Publication%5D+%3A+%222026%2F08%2F01%22%5BDate+-+Publication%5D%29&retmode=json&retmax=0,<Count>668</Count>,Partially supported,"Fresh exact-query count is 668, not 665.",Major,Decisions Needed / Leadership PPTX
Product comparator system,product-system-acquity-premier-system,Waters ACQUITY Premier System is a UHPLC comparator,https://www.waters.com/nextgen/us/en/products/chromatography.html,,Unreachable,Strict link result: login/access or redirect wall.,,Product Comparator
Product comparator system,product-system-acquity-uplc-i-class-plus,Waters ACQUITY UPLC I-Class PLUS System is a UHPLC comparator,https://www.sec.gov/Archives/edgar/data/1000697/000119312524094009/d691142dars.pdf,,Unreachable,Strict link result: strict access failure.,,Product Comparator
Product comparator system,product-system-alliance-is-hplc,Waters Alliance iS HPLC System is a LC comparator,https://ir.waters.com/News--Events/newsroom/news-details/2023/Waters-Introduces-Next-Generation-Alliance-iS-HPLC-System-Aimed-at-Reducing-Up-to-40-of-Common-Lab-Errors/default.aspx,,Unreachable,Strict link result: HTTP response contains an access-control or bot-challenge page.,,Product Comparator
Product comparator system,product-system-arc-hplc-system,Waters Arc HPLC System is a LC comparator,https://ir.waters.com/News--Events/newsroom/news-details/2020/Waters-Introduces-the-New-Arc-High-Performance-Liquid-Chromatograph-to-Help-Laboratories-Meet-Quality-and-Production-Targets/default.aspx,,Unreachable,Strict link result: HTTP response contains an access-control or bot-challenge page.,,Product Comparator
Product comparator system,product-system-bioaccord-lcms-system,Waters BioAccord LC-MS System with ACQUITY Premier is a LC-MS comparator,https://ir.waters.com/News--Events/newsroom/news-details/2021/Waters-BioAccord-System-with-ACQUITY-Premier-Brings-Greater-Simplicity-Accuracy-and-Reproducibility-to-Multi-Attribute-Monitoring-of-Biopharmaceuticals/default.aspx,,Unreachable,Strict link result: HTTP response contains an access-control or bot-challenge page.,,Product Comparator
Product comparator system,product-system-xevo-tq-absolute,Waters Xevo TQ Absolute is a LC-MS/MS comparator,https://ir.waters.com/News--Events/newsroom/news-details/2022/Waters-Introduces-Xevo-TQ-Absolute--The-Most-Sensitive-and-Compact-Benchtop-Tandem-Quadrupole-Mass-Spectrometer/default.aspx,,Unreachable,Strict link result: HTTP response contains an access-control or bot-challenge page.,,Product Comparator
Product comparator system,product-system-select-series-mrt,Waters SELECT SERIES MRT is a LC-MS comparator,https://www.sec.gov/Archives/edgar/data/1000697/000119312524094009/d691142dars.pdf,,Unreachable,Strict link result: strict access failure.,,Product Comparator
Product comparator system,product-system-empower-lc-workflow,Waters Empower-connected LC workflow is a Software comparator,https://www.waters.com/nextgen/is/en/about-waters.html,,Unreachable,Strict link result: login/access or redirect wall.,,Product Comparator
Product comparator system,product-system-alliance-2695-legacy,Waters Alliance 2695 Separations Module is a LC comparator,https://help.waters.com/content/dam/waters/it/support/usermanuals/2004/71500269502/71500269502rb.pdf,,Unreachable,Strict link result: login/access or redirect wall.,,Product Comparator
Product comparator system,product-system-agilent-1290-infinity-iii,Agilent 1290 Infinity III LC stack is a UHPLC comparator,none,,Unsupported / Hallucinated,No cited source is attached to this comparator record.,Major,Product Comparator
Product comparator system,product-system-shimadzu-nexera-x4,Shimadzu Nexera X4 Series is a UHPLC comparator,none,,Unsupported / Hallucinated,No cited source is attached to this comparator record.,Major,Product Comparator
Product comparator system,product-system-thermo-vanquish,Thermo Fisher Vanquish UHPLC platform is a UHPLC comparator,none,,Unsupported / Hallucinated,No cited source is attached to this comparator record.,Major,Product Comparator
Product comparator system,product-system-sciex-exionlc,SCIEX ExionLC system is a LC comparator,none,,Unsupported / Hallucinated,No cited source is attached to this comparator record.,Major,Product Comparator
Product comparator system,product-system-perkinelmer-lc-portfolio,PerkinElmer PerkinElmer LC portfolio is a LC comparator,none,,Unsupported / Hallucinated,No cited source is attached to this comparator record.,Major,Product Comparator
