url,classification,httpStatus,finalUrl,title,h1,reason,checkedAt,checkBasis,references
https://aaps2026.eventscribe.net/index.asp,OK,200,https://aaps2026.eventscribe.net/index.asp,2026 PharmSci 360,,,2026-08-02T19:58:06+00:00,fresh direct fetch,[]
https://adc-analytical.com/,OK,200,https://adc-analytical.com/,5th ADC Analytical Summit | DAR &amp; Regulatory,,,2026-08-02T19:43:32+00:00,fresh status plus retained title,"[{""file"": ""data/conference_sources.json"", ""path"": """", ""label"": """"}, {""file"": ""data/conference_sources.json"", ""path"": ""events.6"", ""label"": ""ADC Analytical Development Summit""}]"
https://adc-analytical.com/full-event-guide/,OK,200,https://adc-analytical.com/full-event-guide/,Event Guide | 5th ADC Analytical Development Summit,2026 Full Event Guide,,2026-08-02T19:58:06+00:00,fresh direct fetch,[]
https://adc-analytical.com/speaker/amanda-ampey/,OK,200,https://adc-analytical.com/speaker/amanda-ampey/,Amanda Ampey - 5th ADC Analytical Development Summit,Amanda Ampey,,2026-08-02T19:58:06+00:00,fresh direct fetch,[]
https://adc-analytical.com/speaker/john-valliere-douglass/,OK,200,https://adc-analytical.com/speaker/john-valliere-douglass/,John Valliere-Douglass - 5th ADC Analytical Development Summit,John Valliere-Douglass,,2026-08-02T19:58:06+00:00,fresh direct fetch,[]
https://adc-analytical.com/speaker/kishore-hotha/,OK,200,https://adc-analytical.com/speaker/kishore-hotha/,Kishore hotha - 5th ADC Analytical Development Summit,Kishore hotha,,2026-08-02T19:58:06+00:00,fresh direct fetch,[]
https://adc-analytical.com/speaker/stacey-cummins-bitz/,OK,200,https://adc-analytical.com/speaker/stacey-cummins-bitz/,Stacey Cummins-Bitz - 5th ADC Analytical Development Summit,Stacey Cummins-Bitz,,2026-08-02T19:58:06+00:00,fresh direct fetch,[]
https://adc-analytical.com/speaker/susan-clardy/,OK,200,https://adc-analytical.com/speaker/susan-clardy/,Susan Clardy - 5th ADC Analytical Development Summit,Susan Clardy,,2026-08-02T19:58:06+00:00,fresh direct fetch,[]
https://adc-analytical.com/speaker/zhengqi-zhang/,OK,200,https://adc-analytical.com/speaker/zhengqi-zhang/,Zhengqi Zhang - 5th ADC Analytical Development Summit,Zhengqi Zhang,,2026-08-02T19:58:06+00:00,fresh direct fetch,[]
https://adc-analytical.com/speakers/,OK,200,https://adc-analytical.com/speakers/,Speakers | 5th ADC Analytical Development Summit,2026 Speakers,,2026-08-02T19:58:06+00:00,fresh direct fetch,[]
https://adc-analytical.com/why-partner/,OK,200,https://adc-analytical.com/why-partner/,Why Partner | 5th ADC Analytical Development Summit,Why Partner,,2026-08-02T19:58:06+00:00,fresh direct fetch,[]
https://analytica.de/en/munich/,OK,200,https://analytica.de/en/munich/,analytica Munich World's leading Trade Fair in April 2028,,,2026-08-02T19:43:32+00:00,fresh status plus retained title,"[{""file"": ""data/conference_sources.json"", ""path"": """", ""label"": """"}, {""file"": ""data/conference_sources.json"", ""path"": ""events.5"", ""label"": ""Analytica 2026""}]"
https://analytica.de/en/munich/data/partners-sponsors/,OK,200,https://analytica.de/en/munich/data/partners-sponsors/,Partners and sponsors | analytica,Our partners and sponsors at analytica,,2026-08-02T19:58:06+00:00,fresh direct fetch,[]
https://analytica.de/en/munich/exhibitor-directory/,OK,200,https://analytica.de/en/munich/exhibitor-directory/,Exhibitor directory and list analytica,Exhibitor directory analytica,,2026-08-02T19:58:06+00:00,fresh direct fetch,[]
https://analytica.de/en/munich/exhibitors/advice-contacts/,OK,200,https://analytica.de/en/munich/exhibitors/advice-contacts/,Advice and contact | analytica,Advice and contacts for exhibitors,,2026-08-02T19:58:06+00:00,fresh direct fetch,[]
https://analytica.de/en/munich/exhibitors/advice-contacts/contact-form-exhibitor/,Broken,200,https://analytica.de/en/munich/exhibitors/advice-contacts/contact-form-exhibitor/,,,HTTP response contains an access-control or bot-challenge page,2026-08-02T19:43:33+00:00,fresh data/link_health.json,[]
https://analytica.de/en/munich/exhibitors/application-prices/,OK,200,https://analytica.de/en/munich/exhibitors/application-prices/,Important and useful dates for exhibitors | analytica,Your application for analytica,,2026-08-02T19:58:06+00:00,fresh direct fetch,[]
https://analytica.de/en/munich/exhibitors/exhibitor-shop/,OK,200,https://analytica.de/en/munich/exhibitors/exhibitor-shop/,"Exhibitor Shop, Stand building & Services","Exhibitor Shop, Stand building & Services",,2026-08-02T19:58:06+00:00,fresh direct fetch,[]
https://analytica.de/en/munich/exhibitors/good-reasons-to-exhibit/,OK,200,https://analytica.de/en/munich/exhibitors/good-reasons-to-exhibit/,Your advantages as an exhibitor at analytica Munich,Good reasons to exhibit,,2026-08-02T19:58:06+00:00,fresh direct fetch,[]
https://analytica.de/en/munich/exhibitors/logistics-traffic/,OK,200,https://analytica.de/en/munich/exhibitors/logistics-traffic/,Logistics & Traffic analytica,Logistics & Traffic analytica,,2026-08-02T19:58:06+00:00,fresh direct fetch,[]
https://analytica.de/en/munich/exhibitors/marketing-services/,OK,200,https://analytica.de/en/munich/exhibitors/marketing-services/,Marketing Services for exhibitors analytica,Marketing Services for exhibitors,,2026-08-02T19:58:06+00:00,fresh direct fetch,[]
https://analytica.de/en/munich/exhibitors/overview/,OK,200,https://analytica.de/en/munich/exhibitors/overview/,Everything at a glance analytica,Everything for your trade fair participation at a glance,,2026-08-02T19:58:06+00:00,fresh direct fetch,[]
https://analytica.de/en/munich/exhibitors/tips-dates-deadlines/,OK,200,https://analytica.de/en/munich/exhibitors/tips-dates-deadlines/,"Tips, Dates & Deadlines analytica","Important dates, deadlines, tips and services for analytica exhibitors",,2026-08-02T19:58:06+00:00,fresh direct fetch,[]
https://analytica.de/en/munich/program/forums/,OK,200,https://analytica.de/en/munich/program/forums/,The analytica Forums and focus days,The analytica forums and focus days,,2026-08-02T19:58:06+00:00,fresh direct fetch,[]
https://analytica.de/en/munich/program/special-shows-events/,OK,200,https://analytica.de/en/munich/program/special-shows-events/,Special shows & Events at analytica,Special shows & events at analytica,,2026-08-02T19:58:06+00:00,fresh direct fetch,[]
https://annualmeeting.asgct.org/,OK,200,https://annualmeeting.asgct.org/,Annual Meeting | ASGCT Annual Meeting,,,2026-08-02T19:43:34+00:00,fresh status plus retained title,"[{""file"": ""data/conference_sources.json"", ""path"": """", ""label"": """"}, {""file"": ""data/conference_sources.json"", ""path"": ""events.9"", ""label"": ""ASGCT (American Society of Gene and Cell Therapy)""}]"
https://annualmeeting.asgct.org/abstracts,OK,200,https://annualmeeting.asgct.org/abstracts,Abstracts | ASGCT Annual Meeting,Abstracts,,2026-08-02T19:58:06+00:00,fresh direct fetch,[]
https://annualmeeting.asgct.org/abstracts/review-annual-meeting-abstracts,OK,200,https://annualmeeting.asgct.org/abstracts/review-annual-meeting-abstracts,Volunteer to Review Abstracts | ASGCT Annual Meeting,Volunteer to Review Abstracts,,2026-08-02T19:58:06+00:00,fresh direct fetch,[]
https://annualmeeting.asgct.org/program-workshops,OK,200,https://annualmeeting.asgct.org/program-workshops,Program + Workshops | ASGCT Annual Meeting,Program + Workshops,,2026-08-02T19:58:06+00:00,fresh direct fetch,[]
https://annualmeeting.asgct.org/program-workshops/keynote-speakers,OK,200,https://annualmeeting.asgct.org/program-workshops/keynote-speakers,Keynote Speakers | ASGCT Annual Meeting,Keynotes + General Session Speakers,,2026-08-02T19:58:06+00:00,fresh direct fetch,[]
https://annualmeeting.asgct.org/program-workshops/program-tracks,OK,200,https://annualmeeting.asgct.org/program-workshops/program-tracks,Program Tracks | ASGCT Annual Meeting,Program Tracks,,2026-08-02T19:58:06+00:00,fresh direct fetch,[]
https://annualmeeting.asgct.org/program-workshops/workshops,OK,200,https://annualmeeting.asgct.org/program-workshops/workshops,Workshops | ASGCT Annual Meeting,Workshops,,2026-08-02T19:58:06+00:00,fresh direct fetch,[]
https://annualmeeting.asgct.org/sponsors-exhibitors,OK,200,https://annualmeeting.asgct.org/sponsors-exhibitors,Sponsors + Exhibitors | ASGCT Annual Meeting,Sponsor + Exhibitor Opportunities,,2026-08-02T19:58:06+00:00,fresh direct fetch,[]
https://annualmeeting.asgct.org/sponsors-exhibitors/list-of-sponsors-exhibitors,OK,200,https://annualmeeting.asgct.org/sponsors-exhibitors/list-of-sponsors-exhibitors,List of Sponsors + Exhibitors | ASGCT Annual Meeting,Thank You to Our 2026 Sponsors!,,2026-08-02T19:58:06+00:00,fresh direct fetch,[]
https://api.crossref.org/journals/0003-2700/works,OK,200,https://api.crossref.org/journals/0003-2700/works,,,,2026-08-02T19:58:06+00:00,fresh direct fetch,"[{""file"": ""data/journal_sources.json"", ""path"": """", ""label"": """"}, {""file"": ""data/journal_sources.json"", ""path"": ""sources.9"", ""label"": ""Analytical Chemistry""}, {""file"": ""data/source_catalog.json"", ""path"": """", ""label"": ""Data Source Inventory""}, {""file"": ""data/source_catalog.json"", ""path"": ""sources.20"", ""label"": """"}]"
https://api.crossref.org/journals/0021-9673/works,OK,200,https://api.crossref.org/journals/0021-9673/works,,,,2026-08-02T19:58:06+00:00,fresh direct fetch,"[{""file"": ""data/journal_sources.json"", ""path"": """", ""label"": """"}, {""file"": ""data/journal_sources.json"", ""path"": ""sources.10"", ""label"": ""Journal of Chromatography A""}, {""file"": ""data/source_catalog.json"", ""path"": """", ""label"": ""Data Source Inventory""}, {""file"": ""data/source_catalog.json"", ""path"": ""sources.21"", ""label"": """"}]"
https://api.crossref.org/journals/0039-9140/works,OK,200,https://api.crossref.org/journals/0039-9140/works,,,,2026-08-02T19:58:08+00:00,fresh direct fetch,"[{""file"": ""data/journal_sources.json"", ""path"": """", ""label"": """"}, {""file"": ""data/journal_sources.json"", ""path"": ""sources.15"", ""label"": ""Talanta""}, {""file"": ""data/source_catalog.json"", ""path"": """", ""label"": ""Data Source Inventory""}, {""file"": ""data/source_catalog.json"", ""path"": ""sources.26"", ""label"": """"}]"
https://api.crossref.org/journals/0731-7085/works,Broken,429,https://api.crossref.org/journals/0731-7085/works,,,strict access failure,2026-08-02T19:43:35+00:00,fresh data/link_health.json,"[{""file"": ""data/journal_sources.json"", ""path"": """", ""label"": """"}, {""file"": ""data/journal_sources.json"", ""path"": ""sources.14"", ""label"": ""Journal of Pharmaceutical and Biomedical Analysis""}, {""file"": ""data/source_catalog.json"", ""path"": """", ""label"": ""Data Source Inventory""}, {""file"": ""data/source_catalog.json"", ""path"": ""sources.25"", ""label"": """"}]"
"https://api.crossref.org/journals/0731-7085/works?filter=from-pub-date:2025-07-28,until-pub-date:2026-08-02&sort=published&order=desc&rows=1000&select=DOI,title,published,published-online,published-print,issued,created,URL,container-title,type&cursor=%2A",Broken,429,"https://api.crossref.org/journals/0731-7085/works?filter=from-pub-date:2025-07-28,until-pub-date:2026-08-02&sort=published&order=desc&rows=1000&select=DOI,title,published,published-online,published-print,issued,created,URL,container-title,type&cursor=%2A",,,HTTP 429,2026-08-02T19:58:08+00:00,fresh direct fetch,[]
https://api.crossref.org/journals/1044-0305/works,Broken,429,https://api.crossref.org/journals/1044-0305/works,,,strict access failure,2026-08-02T19:43:35+00:00,fresh data/link_health.json,"[{""file"": ""data/journal_sources.json"", ""path"": """", ""label"": """"}, {""file"": ""data/journal_sources.json"", ""path"": ""sources.12"", ""label"": ""Journal of the American Society for Mass Spectrometry (JASMS)""}, {""file"": ""data/source_catalog.json"", ""path"": """", ""label"": ""Data Source Inventory""}, {""file"": ""data/source_catalog.json"", ""path"": ""sources.23"", ""label"": """"}]"
https://api.crossref.org/journals/1570-0232/works,OK,200,https://api.crossref.org/journals/1570-0232/works,,,,2026-08-02T19:58:08+00:00,fresh direct fetch,"[{""file"": ""data/journal_sources.json"", ""path"": """", ""label"": """"}, {""file"": ""data/journal_sources.json"", ""path"": ""sources.11"", ""label"": ""Journal of Chromatography B""}, {""file"": ""data/source_catalog.json"", ""path"": """", ""label"": ""Data Source Inventory""}, {""file"": ""data/source_catalog.json"", ""path"": ""sources.22"", ""label"": """"}]"
https://api.crossref.org/journals/1618-2642/works,Broken,429,https://api.crossref.org/journals/1618-2642/works,,,strict access failure,2026-08-02T19:43:35+00:00,fresh data/link_health.json,"[{""file"": ""data/journal_sources.json"", ""path"": """", ""label"": """"}, {""file"": ""data/journal_sources.json"", ""path"": ""sources.13"", ""label"": ""Analytical and Bioanalytical Chemistry""}, {""file"": ""data/source_catalog.json"", ""path"": """", ""label"": ""Data Source Inventory""}, {""file"": ""data/source_catalog.json"", ""path"": ""sources.24"", ""label"": """"}]"
https://api.reporter.nih.gov/,OK,200,https://api.reporter.nih.gov/,NIH RePORTER API,,,2026-08-02T19:43:35+00:00,fresh status plus retained title,"[{""file"": ""data/market_application_sources.json"", ""path"": """", ""label"": """"}, {""file"": ""data/market_application_sources.json"", ""path"": ""sources.16"", ""label"": ""NIH RePORTER API""}]"
https://asms.org/docs/default-source/conference/74th-asms-final-program_as-of-may-8-2026.pdf?sfvrsn=1234fc3_0,OK,200,https://asms.org/docs/default-source/conference/74th-asms-final-program_as-of-may-8-2026.pdf?sfvrsn=1234fc3_0,,,,2026-08-02T19:58:08+00:00,fresh direct fetch,[]
https://calendar.yahoo.com/?v=60&title=58th+International+Symposium+on+High+Performance+Liquid+Phase+Separations+and+Related+Techniques&st=20280610&et=20280616&desc=Join+us%2C+as+this+scientific+symposium+series+proudly+stands+as+the+world%27s+foremost+conference+on+liquid+phase+separations+and+related+innovations%2C+featuring+analytical+instrumentation+and+chromatography+innovations.+Delve+into+the+multifaceted+world+of+separation+sciences+in+both+liquid+and+supercritical+fluid+phases.+Discover+multidimensional+chromatography%2C+hyphenated+techniques+with+pioneering+HPLC+detection+technologies%2C+primarily+mass+spectrometry%2C+and+explore+the+latest+in+separation+materials%2C+column+technologies%2C+and+cutting-edge+complex+mixture+analyses.&in_loc=Westgate+Las+Vegas+Resort+%26+Casino,OK,200,https://calendar.yahoo.com/?v=60&title=58th+International+Symposium+on+High+Performance+Liquid+Phase+Separations+and+Related+Techniques&st=20280610&et=20280616&desc=Join+us%2C+as+this+scientific+symposium+series+proudly+stands+as+the+world%27s+foremost+conference+on+liquid+phase+separations+and+related+innovations%2C+featuring+analytical+instrumentation+and+chromatography+innovations.+Delve+into+the+multifaceted+world+of+separation+sciences+in+both+liquid+and+supercritical+fluid+phases.+Discover+multidimensional+chromatography%2C+hyphenated+techniques+with+pioneering+HPLC+detection+technologies%2C+primarily+mass+spectrometry%2C+and+explore+the+latest+in+separation+materials%2C+column+technologies%2C+and+cutting-edge+complex+mixture+analyses.&in_loc=Westgate+Las+Vegas+Resort+%26+Casino,,Yahoo Mail,,2026-08-02T19:58:08+00:00,fresh direct fetch,[]
https://clinicaltrials.gov/data-api/api,OK,200,https://clinicaltrials.gov/data-api/api,ClinicalTrials.gov,,,2026-08-02T19:43:35+00:00,fresh status plus retained title,"[{""file"": ""data/market_application_sources.json"", ""path"": """", ""label"": """"}, {""file"": ""data/market_application_sources.json"", ""path"": ""sources.3"", ""label"": ""ClinicalTrials.gov API""}]"
https://comptox.epa.gov/dashboard/,OK,200,https://comptox.epa.gov/dashboard/,CompTox Chemicals Dashboard,,,2026-08-02T19:43:35+00:00,fresh status plus retained title,"[{""file"": ""data/market_application_sources.json"", ""path"": """", ""label"": """"}, {""file"": ""data/market_application_sources.json"", ""path"": ""sources.25"", ""label"": ""EPA CompTox Chemicals Dashboard""}]"
https://content.perkinelmer.com/sg/library/an-introduction-to-lc-ms-ms.html,OK,200,https://www.perkinelmer.com/sg/library/an-introduction-to-lc-ms-ms.html,An Introduction to LC-MS/MS | PerkinElmer,An Introduction to LC-MS/MS,,2026-08-02T19:58:08+00:00,fresh direct fetch,[]
https://content.perkinelmer.com/sg/library/analysis-of-contaminants-in-food-matrices-by-LC-MSMS.html,OK,200,https://www.perkinelmer.com/sg/library/analysis-of-contaminants-in-food-matrices-by-LC-MSMS.html,"Analysis of Contaminants in Food Matrices (Wine, Milk, Coffee, Chips) by LC/MS/MS | PerkinElmer","Analysis of Contaminants in Food Matrices (Wine, Milk, Coffee, Chips) by LC/MS/MS",,2026-08-02T19:58:08+00:00,fresh direct fetch,[]
https://content.perkinelmer.com/sg/library/basics-of-hplc-troubleshooting.html,OK,200,https://www.perkinelmer.com/sg/library/basics-of-hplc-troubleshooting.html,Basics of HPLC Troubleshooting | PerkinElmer,Basics of HPLC Troubleshooting,,2026-08-02T19:58:08+00:00,fresh direct fetch,[]
https://content.perkinelmer.com/sg/library/choosing-the-right-hplc-columns-webinar.html,OK,200,https://www.perkinelmer.com/sg/library/choosing-the-right-hplc-columns-webinar.html,Choosing The Right HPLC Columns | PerkinElmer,Choosing The Right HPLC Columns,,2026-08-02T19:58:08+00:00,fresh direct fetch,[]
https://content.perkinelmer.com/sg/library/complex-matrices-how-the-perkinelmer-qsight-lc-ms-ms-can-help-tackle-the-toughest-samples.html,OK,200,https://www.perkinelmer.com/sg/library/complex-matrices-how-the-perkinelmer-qsight-lc-ms-ms-can-help-tackle-the-toughest-samples.html,Complex Matrices: How the PerkinElmer QSight LC/MS/MS can help tackle the toughest samples,Complex Matrices: How the PerkinElmer QSight LC/MS/MS can help tackle the toughest samples,,2026-08-02T19:58:08+00:00,fresh direct fetch,[]
https://content.perkinelmer.com/sg/library/customer-lc-ms-ms-spotlight-professor-sabra-botch-jones.html,OK,200,https://www.perkinelmer.com/sg/library/customer-lc-ms-ms-spotlight-professor-sabra-botch-jones.html,Customer LC/MS/MS Spotlight: Professor Sabra Botch-Jones | PerkinElmer,Customer LC/MS/MS Spotlight: Professor Sabra Botch-Jones,,2026-08-02T19:58:08+00:00,fresh direct fetch,[]
https://content.perkinelmer.com/sg/library/determination-of-emerging-contaminants-in-water-by-lc-ms-ms.html,OK,200,https://www.perkinelmer.com/sg/library/determination-of-emerging-contaminants-in-water-by-lc-ms-ms.html,Determination of Emerging Contaminants in Water by LC-MS/MS | PerkinElmer,Determination of Emerging Contaminants in Water by LC-MS/MS,,2026-08-02T19:58:08+00:00,fresh direct fetch,[]
https://content.perkinelmer.com/sg/library/determination-of-urea-content-in-fertilizers-by-hplc.html,OK,200,https://www.perkinelmer.com/sg/library/determination-of-urea-content-in-fertilizers-by-hplc.html,Determination of Urea Content in Fertilizers by HPLC | PerkinElmer,Determination of Urea Content in Fertilizers by HPLC,,2026-08-02T19:58:08+00:00,fresh direct fetch,[]
https://content.perkinelmer.com/sg/library/efficient-robust-and-reliable-performance-for-lc-ms-ms-analysis.html,OK,200,https://www.perkinelmer.com/sg/library/efficient-robust-and-reliable-performance-for-lc-ms-ms-analysis.html,"Efficient, Robust and reliable performance for LC/MS/MS Analysis | PerkinElmer","Efficient, Robust and reliable performance for LC/MS/MS Analysis",,2026-08-02T19:58:08+00:00,fresh direct fetch,[]
https://content.perkinelmer.com/sg/library/food-safety-advances-in-methods-for-determination-of-allergens-in-food-by-lc-ms-ms.html,OK,200,https://www.perkinelmer.com/sg/library/food-safety-advances-in-methods-for-determination-of-allergens-in-food-by-lc-ms-ms.html,Food safety: Advances in methods for determination of allergens in food by LC-MS/MS | PerkinElmer,Food safety: Advances in methods for determination of allergens in food by LC-MS/MS,,2026-08-02T19:58:08+00:00,fresh direct fetch,[]
https://content.perkinelmer.com/sg/library/food-safety-determination-of-mycotoxins-in-food-by-lc-ms-ms.html,OK,200,https://www.perkinelmer.com/sg/library/food-safety-determination-of-mycotoxins-in-food-by-lc-ms-ms.html,Food Safety: Determination of Mycotoxins in food by LC-MS/MS | PerkinElmer,Food Safety: Determination of Mycotoxins in food by LC-MS/MS,,2026-08-02T19:58:08+00:00,fresh direct fetch,[]
https://content.perkinelmer.com/sg/library/food-safety-determination-of-veterinary-drugs-in-food-by-lc-ms-ms.html,OK,200,https://www.perkinelmer.com/sg/library/food-safety-determination-of-veterinary-drugs-in-food-by-lc-ms-ms.html,Food safety: Determination of Veterinary Drugs in Food by LC-MS/MS | PerkinElmer,Food safety: Determination of Veterinary Drugs in Food by LC-MS/MS,,2026-08-02T19:58:08+00:00,fresh direct fetch,[]
https://content.perkinelmer.com/sg/library/foundations-of-speciation-knowing-your-hplc.html,OK,200,https://www.perkinelmer.com/sg/library/foundations-of-speciation-knowing-your-hplc.html,Foundations of Speciation: Knowing your HPLC | PerkinElmer,Foundations of Speciation: Knowing your HPLC,,2026-08-02T19:58:08+00:00,fresh direct fetch,[]
https://content.perkinelmer.com/sg/library/hpcl-to-uhplc-method-transfer-series.html,OK,200,https://www.perkinelmer.com/sg/library/hpcl-to-uhplc-method-transfer-series.html,HPLC to UHPLC Method Transfer Series | PerkinElmer,HPLC to UHPLC Method Transfer Series,,2026-08-02T19:58:08+00:00,fresh direct fetch,[]
https://content.perkinelmer.com/sg/library/hplc-columns-the-foundation-of-great-chromatography.html,OK,200,https://www.perkinelmer.com/sg/library/hplc-columns-the-foundation-of-great-chromatography.html,HPLC Columns: The Foundation of Great Chromatography | PerkinElmer,HPLC Columns: The Foundation of Great Chromatography,,2026-08-02T19:58:08+00:00,fresh direct fetch,[]
https://content.perkinelmer.com/sg/library/hplc-conference-resources.html,OK,200,https://www.perkinelmer.com/sg/library/hplc-conference-resources.html,HPLC Conference Resources | PerkinElmer,HPLC Conference Resources,,2026-08-02T19:58:08+00:00,fresh direct fetch,[]
https://content.perkinelmer.com/sg/library/hplc-troubleshooting-conquering-common-challenges.html,OK,200,https://www.perkinelmer.com/sg/library/hplc-troubleshooting-conquering-common-challenges.html,HPLC Troubleshooting: Conquering Common Challenges | PerkinElmer,HPLC Troubleshooting: Conquering Common Challenges,,2026-08-02T19:58:08+00:00,fresh direct fetch,[]
https://content.perkinelmer.com/sg/library/intro-to-hplc-column-selection.html,OK,200,https://www.perkinelmer.com/sg/library/intro-to-hplc-column-selection.html,Introduction To HPLC Column Selection | PerkinElmer,Introduction To HPLC Column Selection,,2026-08-02T19:58:08+00:00,fresh direct fetch,[]
https://content.perkinelmer.com/sg/library/introduction-to-hplc.html,OK,200,https://www.perkinelmer.com/sg/library/introduction-to-hplc.html,Introduction to HPLC | PerkinElmer,Introduction to HPLC,,2026-08-02T19:58:08+00:00,fresh direct fetch,[]
https://content.perkinelmer.com/sg/library/lc-ms-ms-tour-video-dr-niladri-chatterjee-icar-cift.html,OK,200,https://www.perkinelmer.com/sg/library/lc-ms-ms-tour-video-dr-niladri-chatterjee-icar-cift.html,LC/MS/MS Tour Video - Dr. Niladri Chatterjee - ICAR-CIFT | PerkinElmer,LC/MS/MS Tour Video - Dr. Niladri Chatterjee - ICAR-CIFT,,2026-08-02T19:58:08+00:00,fresh direct fetch,[]
https://content.perkinelmer.com/sg/library/lc-ms-tips-and-tricks.html,OK,200,https://www.perkinelmer.com/sg/library/lc-ms-tips-and-tricks.html,LC-MS Tips & Tricks | PerkinElmer,LC-MS Tips & Tricks,,2026-08-02T19:58:08+00:00,fresh direct fetch,[]
https://content.perkinelmer.com/sg/library/maximizing-your-hplc-method-development.html,OK,200,https://www.perkinelmer.com/sg/library/maximizing-your-hplc-method-development.html,Maximizing Your HPLC Method Development | PerkinElmer,Maximizing Your HPLC Method Development,,2026-08-02T19:58:08+00:00,fresh direct fetch,[]
https://content.perkinelmer.com/sg/library/monitoring-cyanotoxins-in-drinking-water-by-LC-MS-MS.html,OK,200,https://www.perkinelmer.com/sg/library/monitoring-cyanotoxins-in-drinking-water-by-LC-MS-MS.html,What’s in Your Water? Monitoring Cyanotoxins in Drinking Water by LC-MS/MS | PerkinElmer,What’s in Your Water? Monitoring Cyanotoxins in Drinking Water by LC-MS/MS,,2026-08-02T19:58:08+00:00,fresh direct fetch,[]
https://content.perkinelmer.com/sg/library/performance-and-productivity-with-the-lc-300-hplc-and-uhplc-systems-i.html,OK,200,https://www.perkinelmer.com/sg/library/performance-and-productivity-with-the-lc-300-hplc-and-uhplc-systems-i.html,Performance and Productivity with the LC 300 HPLC & UHPLC Systems l | PerkinElmer,Performance and Productivity with the LC 300 HPLC & UHPLC Systems l,,2026-08-02T19:58:08+00:00,fresh direct fetch,[]
https://content.perkinelmer.com/sg/library/preparative-hplc-and-greener-preparative-solutions.html,OK,200,https://www.perkinelmer.com/sg/library/preparative-hplc-and-greener-preparative-solutions.html,Preparative HPLC and Greener Preparative Solutions | PerkinElmer,Preparative HPLC and Greener Preparative Solutions,,2026-08-02T19:58:08+00:00,fresh direct fetch,[]
https://content.perkinelmer.com/sg/library/qsight-lc-ms-ms-in-toxicology-research-at-boston-university.html,OK,200,https://www.perkinelmer.com/sg/library/qsight-lc-ms-ms-in-toxicology-research-at-boston-university.html,QSight LC-MS/MS in Toxicology Research at Boston University | PerkinElmer,QSight LC-MS/MS in Toxicology Research at Boston University,,2026-08-02T19:58:08+00:00,fresh direct fetch,[]
https://content.perkinelmer.com/sg/library/uhplc-method-transfer-basics.html,OK,200,https://www.perkinelmer.com/sg/library/uhplc-method-transfer-basics.html,UHPLC Method Transfer Basics | PerkinElmer,UHPLC Method Transfer Basics,,2026-08-02T19:58:08+00:00,fresh direct fetch,[]
https://content.perkinelmer.com/sg/library/validation-method-for-the-determination-of-pesticides-in-water-by-lc-ms-ms.html,OK,200,https://www.perkinelmer.com/sg/library/validation-method-for-the-determination-of-pesticides-in-water-by-lc-ms-ms.html,Validation Method for the Determination of Pesticides in Water by LC/MS/MS | PerkinElmer,Validation Method for the Determination of Pesticides in Water by LC/MS/MS,,2026-08-02T19:58:09+00:00,fresh direct fetch,[]
https://content.perkinelmer.com/sg/library/water-contaminants-analysis-of-pfas-using-lc-ms-ms-technology.html,OK,200,https://www.perkinelmer.com/sg/library/water-contaminants-analysis-of-pfas-using-lc-ms-ms-technology.html,Water Contaminants: Analysis of PFAS Using LC/MS/MS Technology | PerkinElmer,Water Contaminants: Analysis of PFAS Using LC/MS/MS Technology,,2026-08-02T19:58:09+00:00,fresh direct fetch,[]
https://content.perkinelmer.com/sg/library/water-contaminants-analysis-of-polar-contaminants-and-glyphosate-with-qsight-lc-ms-ms.html,OK,200,https://www.perkinelmer.com/sg/library/water-contaminants-analysis-of-polar-contaminants-and-glyphosate-with-qsight-lc-ms-ms.html,Water Contaminants: Analysis of Polar Contaminants and Glyphosate with QSight® LC-MS/MS,Water Contaminants: Analysis of Polar Contaminants and Glyphosate with QSight® LC-MS/MS,,2026-08-02T19:58:09+00:00,fresh direct fetch,[]
https://cordis.europa.eu/projects,OK,200,https://cordis.europa.eu/projects,Projects &amp; results | CORDIS | European Commission,,,2026-08-02T19:43:48+00:00,fresh status plus retained title,"[{""file"": ""data/market_application_sources.json"", ""path"": """", ""label"": """"}, {""file"": ""data/market_application_sources.json"", ""path"": ""sources.18"", ""label"": ""CORDIS Projects and Results""}]"
https://cvent.me/lKEada,OK,200,https://web.cvent.com/event/aa60970c-53a0-466e-87f7-5af317a3dc9a/summary,Home - Waters ASMS Users Meeting 2026,,,2026-08-02T19:43:49+00:00,fresh status plus retained title,"[{""file"": ""data/conference_sources.json"", ""path"": """", ""label"": """"}, {""file"": ""data/conference_sources.json"", ""path"": ""events.11"", ""label"": ""Waters ASMS Users Meeting 2026""}]"
https://database.ich.org/sites/default/files/ICH_Q14_Guideline_2023_1116.pdf,OK,200,https://database.ich.org/sites/default/files/ICH_Q14_Guideline_2023_1116.pdf,,,,2026-08-02T19:58:09+00:00,fresh direct fetch,"[{""file"": ""data/source_catalog.json"", ""path"": """", ""label"": ""Data Source Inventory""}, {""file"": ""data/source_catalog.json"", ""path"": ""sources.36"", ""label"": """"}]"
https://database.ich.org/sites/default/files/ICH_Q2%28R2%29_Guideline_2023_1130.pdf,OK,200,https://database.ich.org/sites/default/files/ICH_Q2%28R2%29_Guideline_2023_1130.pdf,,,,2026-08-02T19:58:09+00:00,fresh direct fetch,"[{""file"": ""data/source_catalog.json"", ""path"": """", ""label"": ""Data Source Inventory""}, {""file"": ""data/source_catalog.json"", ""path"": ""sources.35"", ""label"": """"}]"
https://developers.openalex.org/,OK,200,https://developers.openalex.org/,Overview - OpenAlex Developers,,,2026-08-02T19:43:50+00:00,fresh status plus retained title,"[{""file"": ""data/market_application_sources.json"", ""path"": """", ""label"": """"}, {""file"": ""data/market_application_sources.json"", ""path"": ""sources.1"", ""label"": ""OpenAlex API""}]"
https://docs.google.com/spreadsheets/d/1v3FVTganoTmDrA2ZdZ0swO0WAyuvcaZxgmnXajvLAiE/edit?usp=sharing,Broken,401,https://docs.google.com/spreadsheets/d/1v3FVTganoTmDrA2ZdZ0swO0WAyuvcaZxgmnXajvLAiE/edit?usp=sharing,,,strict access failure,2026-08-02T19:43:50+00:00,fresh data/link_health.json,[]
https://documents.thermofisher.com/TFS-Assets/CMD/Application-Notes/an-001954-bt-integrated-lc-ms-oligonucleotide-analysis-an001954-na-en.pdf,OK,200,https://documents.thermofisher.com/TFS-Assets/CMD/Application-Notes/an-001954-bt-integrated-lc-ms-oligonucleotide-analysis-an001954-na-en.pdf,,,,2026-08-02T19:58:11+00:00,fresh direct fetch,"[{""file"": ""data/competitor_application_notes.json"", ""path"": """", ""label"": """"}, {""file"": ""data/competitor_application_notes.json"", ""path"": ""notes.6"", ""label"": ""An Integrated LC-MS System Performance Evaluation Test for Oligonucleotide Analysis""}, {""file"": ""data/conference_preparation.json"", ""path"": """", ""label"": """"}, {""file"": ""data/conference_preparation.json"", ""path"": ""events.5"", ""label"": ""TIDES Europe""}, {""file"": ""data/conference_preparation.json"", ""path"": ""events.5.competitorContent.1"", ""label"": """"}]"
https://documents.thermofisher.com/TFS-Assets/CMD/Application-Notes/an-004442-en-pfas-tsq-altis-plus-efox-editon-an004442-em-en.pdf,OK,200,https://documents.thermofisher.com/TFS-Assets/CMD/Application-Notes/an-004442-en-pfas-tsq-altis-plus-efox-editon-an004442-em-en.pdf,,,,2026-08-02T19:58:11+00:00,fresh direct fetch,"[{""file"": ""data/competitor_application_notes.json"", ""path"": """", ""label"": """"}, {""file"": ""data/competitor_application_notes.json"", ""path"": ""notes.4"", ""label"": ""Direct Injection LC-MS/MS Quantification of C1-C4 Ultrashort-Chain PFAS in Drinking Water""}, {""file"": ""data/conference_preparation.json"", ""path"": """", ""label"": """"}, {""file"": ""data/conference_preparation.json"", ""path"": ""events.2"", ""label"": ""ACS Fall 2026""}, {""file"": ""data/conference_preparation.json"", ""path"": ""events.2.competitorContent.1"", ""label"": """"}, {""file"": ""data/conference_preparation.json"", ""path"": ""events.6"", ""label"": ""SETAC North America 2026""}, {""file"": ""data/conference_preparation.json"", ""path"": ""events.6.competitorContent.1"", ""label"": """"}]"
https://documents.thermofisher.com/TFS-Assets/CMD/brochures/in-73065-vanquish-uhplc-platform-in73065-en.pdf,OK,200,https://documents.thermofisher.com/TFS-Assets/CMD/brochures/in-73065-vanquish-uhplc-platform-in73065-en.pdf,,,,2026-08-02T19:58:14+00:00,fresh direct fetch,"[{""file"": ""data/historical_product_catalog.json"", ""path"": """", ""label"": """"}, {""file"": ""data/historical_product_catalog.json"", ""path"": ""products.52"", ""label"": ""Vanquish Horizon UHPLC""}, {""file"": ""data/historical_product_catalog.json"", ""path"": ""products.54"", ""label"": ""Vanquish Charged Aerosol Detector""}]"
https://doi.org/10.1007/s00216-026-06587-y,OK,200,https://link.springer.com/article/10.1007/s00216-026-06587-y,A simultaneous quantification method of 22 steroid hormones in human serum based on PP-SPE and ID-LC-MS/MS | Analytical and Bioanalytical Chemistry | Springer Nature Link,A simultaneous quantification method of 22 steroid hormones in human serum based on PP-SPE and ID-LC-MS/MS,,2026-08-02T19:58:14+00:00,fresh direct fetch,"[{""file"": ""data/journal_sources.json"", ""path"": """", ""label"": """"}, {""file"": ""data/journal_sources.json"", ""path"": ""sources.13"", ""label"": ""Analytical and Bioanalytical Chemistry""}, {""file"": ""data/journal_sources.json"", ""path"": ""sources.13.recentRecords.0"", ""label"": ""A simultaneous quantification method of 22 steroid hormones in human serum based on PP-SPE and ID-LC-MS/MS""}, {""file"": ""data/journal_sources.json"", ""path"": ""Analytical and Bioanalytical Chemistry.recentRecords.6"", ""label"": ""A simultaneous quantification method of 22 steroid hormones in human serum based on PP-SPE and ID-LC-MS/MS""}]"
https://doi.org/10.1007/s00216-026-06676-y,OK,200,https://link.springer.com/article/10.1007/s00216-026-06676-y,Laccase-manganese dioxide nanoflowers with enhanced catalytic activity: colorimetric analysis platform for neurotransmitters | Analytical and Bioanalytical Chemistry | Springer Nature Link,Laccase-manganese dioxide nanoflowers with enhanced catalytic activity: colorimetric analysis platform for neurotransmitters,,2026-08-02T19:58:15+00:00,fresh direct fetch,"[{""file"": ""data/journal_sources.json"", ""path"": ""Analytical and Bioanalytical Chemistry.recentRecords.0"", ""label"": ""Laccase-manganese dioxide nanoflowers with enhanced catalytic activity: colorimetric analysis platform for neurotransmitters""}]"
https://doi.org/10.1007/s00216-026-06686-w,OK,200,https://link.springer.com/article/10.1007/s00216-026-06686-w,Rapid analysis of mercury ion in real samples via ion-imprinted nanoparticle-based test strips | Analytical and Bioanalytical Chemistry | Springer Nature Link,Rapid analysis of mercury ion in real samples via ion-imprinted nanoparticle-based test strips,,2026-08-02T19:58:15+00:00,fresh direct fetch,"[{""file"": ""data/journal_sources.json"", ""path"": """", ""label"": """"}, {""file"": ""data/journal_sources.json"", ""path"": ""sources.13"", ""label"": ""Analytical and Bioanalytical Chemistry""}, {""file"": ""data/journal_sources.json"", ""path"": ""sources.13.recentRecords.5"", ""label"": ""Rapid analysis of mercury ion in real samples via ion-imprinted nanoparticle-based test strips""}, {""file"": ""data/journal_sources.json"", ""path"": ""Analytical and Bioanalytical Chemistry.recentRecords.11"", ""label"": ""Rapid analysis of mercury ion in real samples via ion-imprinted nanoparticle-based test strips""}]"
https://doi.org/10.1007/s00216-026-06689-7,OK,200,https://link.springer.com/article/10.1007/s00216-026-06689-7,The development and use of isotope dilution mass spectrometry methods for the quantification of target proteins in certified reference materials | Analytical and Bioanalytical Chemistry | Springer Nature Link,The development and use of isotope dilution mass spectrometry methods for the quantification of target proteins in certified reference materials,,2026-08-02T19:58:15+00:00,fresh direct fetch,"[{""file"": ""data/journal_sources.json"", ""path"": ""Analytical and Bioanalytical Chemistry.recentRecords.4"", ""label"": ""The development and use of isotope dilution mass spectrometry methods for the quantification of target proteins in certified reference materials""}]"
https://doi.org/10.1007/s00216-026-06692-y,OK,200,https://link.springer.com/article/10.1007/s00216-026-06692-y,Permeably enclosed raw matrices direct analysis in real time mass spectrometry (PERM-DART-MS): a novel solution for the analysis of untreated samples | Analytical and Bioanalytical Chemistry | Springer Nature Link,Permeably enclosed raw matrices direct analysis in real time mass spectrometry (PERM-DART-MS): a novel solution for the analysis of untreated samples,,2026-08-02T19:58:15+00:00,fresh direct fetch,"[{""file"": ""data/journal_sources.json"", ""path"": """", ""label"": """"}, {""file"": ""data/journal_sources.json"", ""path"": ""sources.13"", ""label"": ""Analytical and Bioanalytical Chemistry""}, {""file"": ""data/journal_sources.json"", ""path"": ""sources.13.recentRecords.3"", ""label"": ""Permeably enclosed raw matrices direct analysis in real time mass spectrometry (PERM-DART-MS): a novel solution for the analysis of untreated samples""}, {""file"": ""data/journal_sources.json"", ""path"": ""Analytical and Bioanalytical Chemistry.recentRecords.9"", ""label"": ""Permeably enclosed raw matrices direct analysis in real time mass spectrometry (PERM-DART-MS): a novel solution for the analysis of untreated samples""}]"
https://doi.org/10.1007/s00216-026-06693-x,OK,200,https://link.springer.com/article/10.1007/s00216-026-06693-x,Dual-mode integrated electrochemical sensing of E. coli in real matrices enabled by machine learning | Analytical and Bioanalytical Chemistry | Springer Nature Link,Dual-mode integrated electrochemical sensing of E. coli in real matrices enabled by machine learning,,2026-08-02T19:58:15+00:00,fresh direct fetch,"[{""file"": ""data/journal_sources.json"", ""path"": """", ""label"": """"}, {""file"": ""data/journal_sources.json"", ""path"": ""sources.13"", ""label"": ""Analytical and Bioanalytical Chemistry""}, {""file"": ""data/journal_sources.json"", ""path"": ""sources.13.recentRecords.1"", ""label"": ""Dual-mode integrated electrochemical sensing of E. coli in real matrices enabled by machine learning""}, {""file"": ""data/journal_sources.json"", ""path"": ""Analytical and Bioanalytical Chemistry.recentRecords.7"", ""label"": ""Dual-mode integrated electrochemical sensing of E. coli in real matrices enabled by machine learning""}]"
https://doi.org/10.1007/s00216-026-06696-8,OK,200,https://link.springer.com/article/10.1007/s00216-026-06696-8,Spatially and angularly resolved spectroscopy for in situ estimation of particle size and concentration in particle suspensions | Analytical and Bioanalytical Chemistry | Springer Nature Link,Spatially and angularly resolved spectroscopy for in situ estimation of particle size and concentration in particle suspensions,,2026-08-02T19:58:15+00:00,fresh direct fetch,"[{""file"": ""data/journal_sources.json"", ""path"": ""Analytical and Bioanalytical Chemistry.recentRecords.5"", ""label"": ""Spatially and angularly resolved spectroscopy for in situ estimation of particle size and concentration in particle suspensions""}]"
https://doi.org/10.1007/s00216-026-06700-1,OK,200,https://link.springer.com/article/10.1007/s00216-026-06700-1,"Dual-ligand quantum dot biosensor combining IgY antibodies and DNA aptamers for rapid, on-site detection of staphylococcal enterotoxin A (SEA) in food matrices | Analytical and Bioanalytical Chemistry | Springer Nature Link","Dual-ligand quantum dot biosensor combining IgY antibodies and DNA aptamers for rapid, on-site detection of staphylococcal enterotoxin A (SEA) in food matrices",,2026-08-02T19:58:15+00:00,fresh direct fetch,"[{""file"": ""data/journal_sources.json"", ""path"": ""Analytical and Bioanalytical Chemistry.recentRecords.3"", ""label"": ""Dual-ligand quantum dot biosensor combining IgY antibodies and DNA aptamers for rapid, on-site detection of staphylococcal enterotoxin A (SEA) in food matrices""}]"
https://doi.org/10.1007/s00216-026-06701-0,OK,200,https://link.springer.com/article/10.1007/s00216-026-06701-0,Suspect screening-based LC-HRMS characterization of short-chain peptide hydrolysates from marine macroalgae | Analytical and Bioanalytical Chemistry | Springer Nature Link,Suspect screening-based LC-HRMS characterization of short-chain peptide hydrolysates from marine macroalgae,,2026-08-02T19:58:15+00:00,fresh direct fetch,"[{""file"": ""data/journal_sources.json"", ""path"": ""Analytical and Bioanalytical Chemistry.recentRecords.1"", ""label"": ""Suspect screening-based LC-HRMS characterization of short-chain peptide hydrolysates from marine macroalgae""}]"
https://doi.org/10.1007/s00216-026-06703-y,OK,200,https://link.springer.com/article/10.1007/s00216-026-06703-y,A sensitive and accurate method for determination of nitrofurans metabolites in food samples by ultra-high performance liquid chromatography-tandem mass spectrometry with a pair of facile isotope-coded derivatization reagents | Analytical and Bioanalytical Chemistry | Springer Nature Link,A sensitive and accurate method for determination of nitrofurans metabolites in food samples by ultra-high performance liquid chromatography-tandem mass spectrometry with a pair of facile isotope-coded derivatization reagents,,2026-08-02T19:58:15+00:00,fresh direct fetch,"[{""file"": ""data/journal_sources.json"", ""path"": ""Analytical and Bioanalytical Chemistry.recentRecords.2"", ""label"": ""A sensitive and accurate method for determination of nitrofurans metabolites in food samples by ultra-high performance liquid chromatography-tandem mass spectrometry with a pair of facile isotope-coded derivatization reagents""}]"
https://doi.org/10.1007/s00216-026-06704-x,OK,200,https://link.springer.com/article/10.1007/s00216-026-06704-x,Euroanalysis 2025 - Analytics 5.0: Answering societal challenges | Analytical and Bioanalytical Chemistry | Springer Nature Link,Euroanalysis 2025 - Analytics 5.0: Answering societal challenges,,2026-08-02T19:58:15+00:00,fresh direct fetch,"[{""file"": ""data/journal_sources.json"", ""path"": """", ""label"": """"}, {""file"": ""data/journal_sources.json"", ""path"": ""sources.13"", ""label"": ""Analytical and Bioanalytical Chemistry""}, {""file"": ""data/journal_sources.json"", ""path"": ""sources.13.recentRecords.4"", ""label"": ""Euroanalysis 2025 - Analytics 5.0: Answering societal challenges""}, {""file"": ""data/journal_sources.json"", ""path"": ""Analytical and Bioanalytical Chemistry.recentRecords.10"", ""label"": ""Euroanalysis 2025 - Analytics 5.0: Answering societal challenges""}]"
https://doi.org/10.1007/s00216-026-06706-9,OK,200,https://link.springer.com/article/10.1007/s00216-026-06706-9,High-sensitivity immunochromatographic assay based on time-resolved fluorescence microspheres for the simultaneous detection of mescaline and LSD in hair | Analytical and Bioanalytical Chemistry | Springer Nature Link,High-sensitivity immunochromatographic assay based on time-resolved fluorescence microspheres for the simultaneous detection of mescaline and LSD in hair,,2026-08-02T19:58:15+00:00,fresh direct fetch,"[{""file"": ""data/journal_sources.json"", ""path"": """", ""label"": """"}, {""file"": ""data/journal_sources.json"", ""path"": ""sources.13"", ""label"": ""Analytical and Bioanalytical Chemistry""}, {""file"": ""data/journal_sources.json"", ""path"": ""sources.13.recentRecords.2"", ""label"": ""High-sensitivity immunochromatographic assay based on time-resolved fluorescence microspheres for the simultaneous detection of mescaline and LSD in hair""}, {""file"": ""data/journal_sources.json"", ""path"": ""Analytical and Bioanalytical Chemistry.recentRecords.8"", ""label"": ""High-sensitivity immunochromatographic assay based on time-resolved fluorescence microspheres for the simultaneous detection of mescaline and LSD in hair""}]"
https://doi.org/10.1016/j.chroma.2026.467034,Broken,200,https://linkinghub.elsevier.com/retrieve/pii/S002196732600364X,Redirecting,,login/access or redirect wall,2026-08-02T19:58:15+00:00,fresh direct fetch,"[{""file"": ""data/journal_sources.json"", ""path"": ""Journal of Chromatography A.recentRecords.9"", ""label"": ""Development of multiple heartcutting two-dimensional liquid chromatography with ion-pairing reversed-phase and hydrophilic interaction separations for analysis of impurities in therapeutic oligonucleotides""}]"
https://doi.org/10.1016/j.chroma.2026.467068,Broken,200,https://linkinghub.elsevier.com/retrieve/pii/S0021967326003973,Redirecting,,login/access or redirect wall,2026-08-02T19:58:15+00:00,fresh direct fetch,"[{""file"": ""data/journal_sources.json"", ""path"": ""Journal of Chromatography A.recentRecords.8"", ""label"": ""In-syringe solid-phase extraction coupled with UPLC-MS/MS for simultaneous determination of reducing sugars, animo acids and Amadori compounds in tobacco""}]"
https://doi.org/10.1016/j.chroma.2026.467097,Broken,200,https://linkinghub.elsevier.com/retrieve/pii/S0021967326004267,Redirecting,,login/access or redirect wall,2026-08-02T19:58:15+00:00,fresh direct fetch,"[{""file"": ""data/journal_sources.json"", ""path"": ""Journal of Chromatography A.recentRecords.1"", ""label"": ""Tracking of volatile organic compound emissions from unsaturated polyester resin–based artificial stone using automated static headspace–gas chromatography–mass spectrometry""}]"
https://doi.org/10.1016/j.chroma.2026.467122,Broken,200,https://linkinghub.elsevier.com/retrieve/pii/S0021967326004516,Redirecting,,login/access or redirect wall,2026-08-02T19:58:15+00:00,fresh direct fetch,"[{""file"": ""data/journal_sources.json"", ""path"": ""Journal of Chromatography A.recentRecords.3"", ""label"": ""Construction of hierarchically porous ZnO@ZIF-8 for enrichment and sensitive detection of bisphenols in environmental matrices""}]"
https://doi.org/10.1016/j.chroma.2026.467147,Broken,200,https://linkinghub.elsevier.com/retrieve/pii/S0021967326004760,Redirecting,,login/access or redirect wall,2026-08-02T19:58:15+00:00,fresh direct fetch,"[{""file"": ""data/journal_sources.json"", ""path"": ""Journal of Chromatography A.recentRecords.7"", ""label"": ""An online packing strategy for high volume injection in sensitivity-enhanced UPLC-MS/MS analysis of 30 veterinary drugs in beef""}]"
https://doi.org/10.1016/j.chroma.2026.467148,Broken,200,https://linkinghub.elsevier.com/retrieve/pii/S0021967326004772,Redirecting,,login/access or redirect wall,2026-08-02T19:58:16+00:00,fresh direct fetch,"[{""file"": ""data/journal_sources.json"", ""path"": ""Journal of Chromatography A.recentRecords.0"", ""label"": ""GC‑EI‑MS and GC‑CI‑MS characterization of n-Alkenyl mono- and diesters of Alkylphosphonic acids with retention index correlations""}]"
https://doi.org/10.1016/j.chroma.2026.467149,Broken,200,https://linkinghub.elsevier.com/retrieve/pii/S0021967326004784,Redirecting,,login/access or redirect wall,2026-08-02T19:58:16+00:00,fresh direct fetch,"[{""file"": ""data/journal_sources.json"", ""path"": ""Journal of Chromatography A.recentRecords.10"", ""label"": ""Interpretable generative machine learning platform for chronological prediction of forensic paper aging via GC-IMS volatiles characterization in judicial authentication""}]"
https://doi.org/10.1016/j.chroma.2026.467168,Broken,200,https://linkinghub.elsevier.com/retrieve/pii/S0021967326004978,Redirecting,,login/access or redirect wall,2026-08-02T19:58:16+00:00,fresh direct fetch,"[{""file"": ""data/journal_sources.json"", ""path"": ""Journal of Chromatography A.recentRecords.2"", ""label"": ""Corrigendum to “In-line spectroscopic measurement of pH profiles using methyl orange: Application to pH transients in protein A chromatography” [Journal of Chromatography A 1782 (2026) 467106]""}]"
https://doi.org/10.1016/j.chroma.2026.467186,Broken,200,https://linkinghub.elsevier.com/retrieve/pii/S0021967326005157,Redirecting,,login/access or redirect wall,2026-08-02T19:58:16+00:00,fresh direct fetch,"[{""file"": ""data/journal_sources.json"", ""path"": ""Journal of Chromatography A.recentRecords.11"", ""label"": ""Dual-function deep eutectic solvent for the sustained determination of chromium in water and food samples""}]"
https://doi.org/10.1016/j.chroma.2026.467188,Broken,200,https://linkinghub.elsevier.com/retrieve/pii/S0021967326005170,Redirecting,,login/access or redirect wall,2026-08-02T19:58:16+00:00,fresh direct fetch,"[{""file"": ""data/journal_sources.json"", ""path"": ""Journal of Chromatography A.recentRecords.6"", ""label"": ""Advanced spent media analytics and multivariate data analysis for AAV production media optimization""}]"
https://doi.org/10.1016/j.chroma.2026.467192,Broken,200,https://linkinghub.elsevier.com/retrieve/pii/S0021967326005212,Redirecting,,login/access or redirect wall,2026-08-02T19:58:16+00:00,fresh direct fetch,"[{""file"": ""data/journal_sources.json"", ""path"": ""Journal of Chromatography A.recentRecords.5"", ""label"": ""Adsorption dynamics of dipeptides in a column with chiral zwitterionic quinine-based stationary phase""}]"
https://doi.org/10.1016/j.chroma.2026.467208,Broken,200,https://linkinghub.elsevier.com/retrieve/pii/S0021967326005376,Redirecting,,login/access or redirect wall,2026-08-02T19:58:16+00:00,fresh direct fetch,"[{""file"": ""data/journal_sources.json"", ""path"": ""Journal of Chromatography A.recentRecords.4"", ""label"": ""Small-footprint non-suppressed capillary ion chromatography mass spectrometry method for the determination of oxyhalides in water samples""}]"
https://doi.org/10.1016/j.jchromb.2026.125111,Broken,200,https://linkinghub.elsevier.com/retrieve/pii/S157002322600200X,Redirecting,,login/access or redirect wall,2026-08-02T19:58:16+00:00,fresh direct fetch,"[{""file"": ""data/journal_sources.json"", ""path"": ""Journal of Chromatography B.recentRecords.3"", ""label"": ""A synergistic dual-endopeptidase platform for high-yield, homogeneous F(ab′)2 production from polyclonal equine immunoglobulins for therapeutic applications""}]"
https://doi.org/10.1016/j.jchromb.2026.125113,Broken,200,https://linkinghub.elsevier.com/retrieve/pii/S1570023226002023,Redirecting,,login/access or redirect wall,2026-08-02T19:58:17+00:00,fresh direct fetch,"[{""file"": ""data/journal_sources.json"", ""path"": ""Journal of Chromatography B.recentRecords.5"", ""label"": ""Development and fit-for-purpose validation of human scalp hair analysis using UHPLC-MS/MS for determining exposure to CFTR modulators""}]"
https://doi.org/10.1016/j.jchromb.2026.125115,Broken,200,https://linkinghub.elsevier.com/retrieve/pii/S1570023226002047,Redirecting,,login/access or redirect wall,2026-08-02T19:58:17+00:00,fresh direct fetch,"[{""file"": ""data/journal_sources.json"", ""path"": ""Journal of Chromatography B.recentRecords.4"", ""label"": ""Development of HPLC protocol for isolation of MHC class I related protein 1 (MR1) antigens from mycobacteria""}]"
https://doi.org/10.1016/j.jchromb.2026.125125,Broken,200,https://linkinghub.elsevier.com/retrieve/pii/S157002322600214X,Redirecting,,login/access or redirect wall,2026-08-02T19:58:17+00:00,fresh direct fetch,"[{""file"": ""data/journal_sources.json"", ""path"": ""Journal of Chromatography B.recentRecords.10"", ""label"": ""A quantifiable grading standard for Codonopsis Radix based on the multidimensional quality evaluation system of phenotype, chemistry, and bioactivity""}]"
https://doi.org/10.1016/j.jchromb.2026.125126,Broken,200,https://linkinghub.elsevier.com/retrieve/pii/S1570023226002151,Redirecting,,login/access or redirect wall,2026-08-02T19:58:17+00:00,fresh direct fetch,"[{""file"": ""data/journal_sources.json"", ""path"": ""Journal of Chromatography B.recentRecords.8"", ""label"": ""Rougan Granules ameliorates liver fibrosis through autophagy regulation: Insights from HPLC-Q-TOF-MS/MS, network pharmacology, and experimental validation""}]"
https://doi.org/10.1016/j.jchromb.2026.125128,Broken,200,https://linkinghub.elsevier.com/retrieve/pii/S1570023226002175,Redirecting,,login/access or redirect wall,2026-08-02T19:58:17+00:00,fresh direct fetch,"[{""file"": ""data/journal_sources.json"", ""path"": ""Journal of Chromatography B.recentRecords.0"", ""label"": ""Integration of QRM and DoE in a QbD framework for developing a VEER chromatography method of IM-4E in rat plasma: Pharmacokinetic and greenness assessment""}]"
https://doi.org/10.1016/j.jchromb.2026.125129,Broken,200,https://linkinghub.elsevier.com/retrieve/pii/S1570023226002187,Redirecting,,login/access or redirect wall,2026-08-02T19:58:17+00:00,fresh direct fetch,"[{""file"": ""data/journal_sources.json"", ""path"": ""Journal of Chromatography B.recentRecords.2"", ""label"": ""Intact mass and peptide mapping approaches to characterize lipoprotein species of fHbp""}]"
https://doi.org/10.1016/j.jchromb.2026.125130,Broken,200,https://linkinghub.elsevier.com/retrieve/pii/S1570023226002199,Redirecting,,login/access or redirect wall,2026-08-02T19:58:17+00:00,fresh direct fetch,"[{""file"": ""data/journal_sources.json"", ""path"": ""Journal of Chromatography B.recentRecords.6"", ""label"": ""From superficial scholarship to algorithmic slop in analytical chromatography""}]"
https://doi.org/10.1016/j.jchromb.2026.125131,Broken,200,https://linkinghub.elsevier.com/retrieve/pii/S1570023226002205,Redirecting,,login/access or redirect wall,2026-08-02T19:58:20+00:00,fresh direct fetch,"[{""file"": ""data/journal_sources.json"", ""path"": ""Journal of Chromatography B.recentRecords.7"", ""label"": ""Integrated 16S rRNA gene sequencing and LC-MS/MS-based metabolomics to explore potential mechanisms of Coptidis Rhizoma-Aucklandiae Radix herb pair against antibiotic-associated diarrhea""}]"
https://doi.org/10.1016/j.jchromb.2026.125132,Broken,200,https://linkinghub.elsevier.com/retrieve/pii/S1570023226002217,Redirecting,,login/access or redirect wall,2026-08-02T19:58:20+00:00,fresh direct fetch,"[{""file"": ""data/journal_sources.json"", ""path"": ""Journal of Chromatography B.recentRecords.1"", ""label"": ""An integrated approach to identify rare hemoglobin variants using capillary electrophoresis, liquid chromatography and mass spectrometry""}]"
https://doi.org/10.1016/j.jchromb.2026.125133,Broken,200,https://linkinghub.elsevier.com/retrieve/pii/S1570023226002229,Redirecting,,login/access or redirect wall,2026-08-02T19:58:20+00:00,fresh direct fetch,"[{""file"": ""data/journal_sources.json"", ""path"": ""Journal of Chromatography B.recentRecords.11"", ""label"": ""A novel β-cyclodextrin-based chiral stationary phase for enantioseparation and evaluation of paclobutrazol enantioselective degradation and bioaccumulation in a soil-earthworm system""}]"
https://doi.org/10.1016/j.jpba.2026.117417,Broken,200,https://linkinghub.elsevier.com/retrieve/pii/S0731708526000853,Redirecting,,login/access or redirect wall,2026-08-02T19:58:20+00:00,fresh direct fetch,"[{""file"": ""data/journal_sources.json"", ""path"": ""Journal of Pharmaceutical and Biomedical Analysis.recentRecords.4"", ""label"": ""Metabolic profile of 25E-NBOH in human liver microsomes, rat urine, and fungus Cunninghamella elegans""}]"
https://doi.org/10.1016/j.jpba.2026.117444,Broken,200,https://linkinghub.elsevier.com/retrieve/pii/S0731708526001123,Redirecting,,login/access or redirect wall,2026-08-02T19:58:20+00:00,fresh direct fetch,"[{""file"": ""data/journal_sources.json"", ""path"": ""Journal of Pharmaceutical and Biomedical Analysis.recentRecords.8"", ""label"": ""Unraveling the heterogeneity of hyperuricemia using untargeted metabolomics and statistical modeling""}]"
https://doi.org/10.1016/j.jpba.2026.117447,Broken,200,https://linkinghub.elsevier.com/retrieve/pii/S0731708526001159,Redirecting,,login/access or redirect wall,2026-08-02T19:58:20+00:00,fresh direct fetch,"[{""file"": ""data/journal_sources.json"", ""path"": ""Journal of Pharmaceutical and Biomedical Analysis.recentRecords.9"", ""label"": ""Corrigendum to “Systematic characterization of chemical constituents and in vivo metabolites of Jiuwei Qianghuo Granules by UPLC-Q-TOF-MS/MS” [J. Pharm. Biomed. Anal. 274 (2026) 117443]""}]"
https://doi.org/10.1016/j.jpba.2026.117455,Broken,200,https://linkinghub.elsevier.com/retrieve/pii/S0731708526001238,Redirecting,,login/access or redirect wall,2026-08-02T19:58:20+00:00,fresh direct fetch,"[{""file"": ""data/journal_sources.json"", ""path"": ""Journal of Pharmaceutical and Biomedical Analysis.recentRecords.7"", ""label"": ""Detection and quantification of ezetimibe and its major glucuronide in patients with hepatic impairment via liquid chromatography-tandem mass spectrometry""}]"
https://doi.org/10.1016/j.jpba.2026.117456,Broken,200,https://linkinghub.elsevier.com/retrieve/pii/S073170852600124X,Redirecting,,login/access or redirect wall,2026-08-02T19:58:20+00:00,fresh direct fetch,"[{""file"": ""data/journal_sources.json"", ""path"": ""Journal of Pharmaceutical and Biomedical Analysis.recentRecords.0"", ""label"": ""Identification of Novel Anti- non-small cell lung cancer (NSCLC) Peptide in toad Skin（Chan Pi） Extract through Integrated Peptidomics and in silico Screening""}]"
https://doi.org/10.1016/j.jpba.2026.117457,Broken,200,https://linkinghub.elsevier.com/retrieve/pii/S0731708526001251,Redirecting,,login/access or redirect wall,2026-08-02T19:58:20+00:00,fresh direct fetch,"[{""file"": ""data/journal_sources.json"", ""path"": ""Journal of Pharmaceutical and Biomedical Analysis.recentRecords.1"", ""label"": ""Polysaccharide-driven quality control of Gastrodia elata Blume: A multidimensional strategy integrating LC-MS/MS-based quantitative analysis, machine learning, and anti-neuroinflammatory bioactivity""}]"
https://doi.org/10.1016/j.jpba.2026.117458,Broken,200,https://linkinghub.elsevier.com/retrieve/pii/S0731708526001263,Redirecting,,login/access or redirect wall,2026-08-02T19:58:20+00:00,fresh direct fetch,"[{""file"": ""data/journal_sources.json"", ""path"": ""Journal of Pharmaceutical and Biomedical Analysis.recentRecords.10"", ""label"": ""Microstructural analysis of PLGA-PEG-PLGA copolymer based on NMR spectroscopy using model compounds""}]"
https://doi.org/10.1016/j.jpba.2026.117459,Broken,200,https://linkinghub.elsevier.com/retrieve/pii/S0731708526001275,Redirecting,,login/access or redirect wall,2026-08-02T19:58:20+00:00,fresh direct fetch,"[{""file"": ""data/journal_sources.json"", ""path"": ""Journal of Pharmaceutical and Biomedical Analysis.recentRecords.6"", ""label"": ""Isolation and identification of the designer benzodiazepine cyclopropylflualprazolam in pressed candies marketed for sleep improvement""}]"
https://doi.org/10.1016/j.jpba.2026.117467,Broken,200,https://linkinghub.elsevier.com/retrieve/pii/S0731708526001354,Redirecting,,login/access or redirect wall,2026-08-02T19:58:20+00:00,fresh direct fetch,"[{""file"": ""data/journal_sources.json"", ""path"": ""Journal of Pharmaceutical and Biomedical Analysis.recentRecords.2"", ""label"": ""Simultaneous quantification of active ingredients after the combination of Shenqi Fuzheng injection and docetaxel in vitro and in rabbits""}]"
https://doi.org/10.1016/j.jpba.2026.117469,Broken,200,https://linkinghub.elsevier.com/retrieve/pii/S0731708526001378,Redirecting,,login/access or redirect wall,2026-08-02T19:58:20+00:00,fresh direct fetch,"[{""file"": ""data/journal_sources.json"", ""path"": ""Journal of Pharmaceutical and Biomedical Analysis.recentRecords.11"", ""label"": ""LC-MS/MS metabolite profiling, molecular networking and cyclooxygenase inhibition activity of Hornstedtia conoidea and Etlingera elatior extracts: In vitro and in silico insights""}]"
https://doi.org/10.1016/j.jpba.2026.117470,Broken,200,https://linkinghub.elsevier.com/retrieve/pii/S073170852600138X,Redirecting,,login/access or redirect wall,2026-08-02T19:58:21+00:00,fresh direct fetch,"[{""file"": ""data/journal_sources.json"", ""path"": ""Journal of Pharmaceutical and Biomedical Analysis.recentRecords.5"", ""label"": ""A progressive screening strategy by combining UHPLCQTOF-MS and machine learning for distinguishing different varieties of Citri Reticulatae Pericarpium""}]"
https://doi.org/10.1016/j.jpba.2026.117476,Broken,200,https://linkinghub.elsevier.com/retrieve/pii/S0731708526001445,Redirecting,,login/access or redirect wall,2026-08-02T19:58:21+00:00,fresh direct fetch,"[{""file"": ""data/journal_sources.json"", ""path"": ""Journal of Pharmaceutical and Biomedical Analysis.recentRecords.3"", ""label"": ""Unraveling the phenolic profiles of Clinopodium bolivianum (Benth.) Kuntze and Minthostachys mollis (Benth.) Griseb.: A comprehensive LC-QtoF metabolomic study of underexplored Peruvian medicinal plants""}]"
https://doi.org/10.1016/j.talanta.2026.129527,Broken,200,https://linkinghub.elsevier.com/retrieve/pii/S0039914026001827,Redirecting,,login/access or redirect wall,2026-08-02T19:58:21+00:00,fresh direct fetch,"[{""file"": ""data/journal_sources.json"", ""path"": ""Talanta.recentRecords.4"", ""label"": ""Microscale-patterned SERS substrates with exceptional uniformity: Addressing reproducibility challenges""}]"
https://doi.org/10.1016/j.talanta.2026.129594,Broken,200,https://linkinghub.elsevier.com/retrieve/pii/S0039914026002493,Redirecting,,login/access or redirect wall,2026-08-02T19:58:22+00:00,fresh direct fetch,"[{""file"": ""data/journal_sources.json"", ""path"": ""Talanta.recentRecords.5"", ""label"": ""A tri-responsive sensor based on co-encapsulated organic probes and multifunctional bimetallic V/Ce-MOF nanozyme in a hydrogel for the detection of l-Serine in saliva""}]"
https://doi.org/10.1016/j.talanta.2026.129612,Broken,200,https://linkinghub.elsevier.com/retrieve/pii/S0039914026002675,Redirecting,,login/access or redirect wall,2026-08-02T19:58:22+00:00,fresh direct fetch,"[{""file"": ""data/journal_sources.json"", ""path"": ""Talanta.recentRecords.8"", ""label"": ""Photonic cavity and graphene modified plasmonic interface for enhanced sensing performance""}]"
https://doi.org/10.1016/j.talanta.2026.129638,Broken,200,https://linkinghub.elsevier.com/retrieve/pii/S0039914026002948,Redirecting,,login/access or redirect wall,2026-08-02T19:58:22+00:00,fresh direct fetch,"[{""file"": ""data/journal_sources.json"", ""path"": ""Talanta.recentRecords.2"", ""label"": ""Solvent-triggered dual-emission switching of carbon dots for ratiometric discrimination of methanol and ethanol""}]"
https://doi.org/10.1016/j.talanta.2026.129645,Broken,200,https://linkinghub.elsevier.com/retrieve/pii/S0039914026003012,Redirecting,,login/access or redirect wall,2026-08-02T19:58:22+00:00,fresh direct fetch,"[{""file"": ""data/journal_sources.json"", ""path"": ""Talanta.recentRecords.7"", ""label"": ""Development of a single-cell ICP-MS method for element analysis in Pisum sativum leaf protoplasts and chloroplasts""}]"
https://doi.org/10.1016/j.talanta.2026.129673,Broken,200,https://linkinghub.elsevier.com/retrieve/pii/S0039914026003292,Redirecting,,login/access or redirect wall,2026-08-02T19:58:22+00:00,fresh direct fetch,"[{""file"": ""data/journal_sources.json"", ""path"": ""Talanta.recentRecords.6"", ""label"": ""Design and development of lab-on-a-centrifuge based on liquid-core waveguide enhancement technology for colorimetric detection of soil Cr(VI) from sample-to-answer""}]"
https://doi.org/10.1016/j.talanta.2026.129682,Broken,200,https://linkinghub.elsevier.com/retrieve/pii/S0039914026003383,Redirecting,,login/access or redirect wall,2026-08-02T19:58:22+00:00,fresh direct fetch,"[{""file"": ""data/journal_sources.json"", ""path"": ""Talanta.recentRecords.3"", ""label"": ""Protein A/G-based microfluidic platform for preparative microseparation of IgG from human serum""}]"
https://doi.org/10.1016/j.talanta.2026.129705,Broken,200,https://linkinghub.elsevier.com/retrieve/pii/S0039914026003619,Redirecting,,login/access or redirect wall,2026-08-02T19:58:22+00:00,fresh direct fetch,"[{""file"": ""data/journal_sources.json"", ""path"": ""Talanta.recentRecords.1"", ""label"": ""Matrix-matched low-concentration internal quality control detects high-sensitivity cardiac troponin T errors missed by commercial controls""}]"
https://doi.org/10.1016/j.talanta.2026.129706,Broken,200,https://linkinghub.elsevier.com/retrieve/pii/S0039914026003620,Redirecting,,login/access or redirect wall,2026-08-02T19:58:23+00:00,fresh direct fetch,"[{""file"": ""data/journal_sources.json"", ""path"": ""Talanta.recentRecords.0"", ""label"": ""Rapid separation of 99Mo from proton irradiated thorium target for medical application""}]"
https://doi.org/10.1016/j.talanta.2026.129707,Broken,200,https://linkinghub.elsevier.com/retrieve/pii/S0039914026003632,Redirecting,,login/access or redirect wall,2026-08-02T19:58:23+00:00,fresh direct fetch,"[{""file"": ""data/journal_sources.json"", ""path"": ""Talanta.recentRecords.9"", ""label"": ""Enhanced ethylene glycol sensing using magnesium - modified ZnFe2O4 microspheres: A study on structure–performance correlation""}]"
https://doi.org/10.1016/j.talanta.2026.129712,Broken,200,https://linkinghub.elsevier.com/retrieve/pii/S0039914026003681,Redirecting,,login/access or redirect wall,2026-08-02T19:58:23+00:00,fresh direct fetch,"[{""file"": ""data/journal_sources.json"", ""path"": ""Talanta.recentRecords.11"", ""label"": ""A novel camphor-based fluorescent probe for sensing thiophenols in food analysis and biological imaging via a PET-TICT integrated mechanism""}]"
https://doi.org/10.1016/j.talanta.2026.129744,Broken,200,https://linkinghub.elsevier.com/retrieve/pii/S0039914026004005,Redirecting,,login/access or redirect wall,2026-08-02T19:58:23+00:00,fresh direct fetch,"[{""file"": ""data/journal_sources.json"", ""path"": ""Talanta.recentRecords.10"", ""label"": ""Construction of nicotinic acid derived bimetallic doped Ce-MOF with switchable dual enzyme-mimic activities for effective colorimetric sensing of chromium(Ⅵ) and fluoride ions""}]"
https://doi.org/10.1016/s1570-0232(26)00244-8,Broken,200,https://linkinghub.elsevier.com/retrieve/pii/S1570023226002448,Redirecting,,login/access or redirect wall,2026-08-02T19:58:23+00:00,fresh direct fetch,"[{""file"": ""data/journal_sources.json"", ""path"": ""Journal of Chromatography B.recentRecords.9"", ""label"": ""Editorial Board""}]"
https://doi.org/10.1021/acs.analchem.6c01681,Broken,403,https://pubs.acs.org/doi/10.1021/acs.analchem.6c01681,Just a moment...,,HTTP 403,2026-08-02T19:58:23+00:00,fresh direct fetch,"[{""file"": ""data/journal_sources.json"", ""path"": """", ""label"": """"}, {""file"": ""data/journal_sources.json"", ""path"": ""sources.9"", ""label"": ""Analytical Chemistry""}, {""file"": ""data/journal_sources.json"", ""path"": ""sources.9.recentRecords.1"", ""label"": ""Multimodal Raman and Fluorescence Lifetime Imaging: A New Analytical Approach for Resolving Timing-Dependent Metabolic Recovery in Endothelial Dysfunction""}, {""file"": ""data/journal_sources.json"", ""path"": ""Analytical Chemistry.recentRecords.4"", ""label"": ""Multimodal Raman and Fluorescence Lifetime Imaging: A New Analytical Approach for Resolving Timing-Dependent Metabolic Recovery in Endothelial Dysfunction""}]"
https://doi.org/10.1021/acs.analchem.6c01945,Broken,403,https://pubs.acs.org/doi/10.1021/acs.analchem.6c01945,Just a moment...,,HTTP 403,2026-08-02T19:58:23+00:00,fresh direct fetch,"[{""file"": ""data/journal_sources.json"", ""path"": """", ""label"": """"}, {""file"": ""data/journal_sources.json"", ""path"": ""sources.9"", ""label"": ""Analytical Chemistry""}, {""file"": ""data/journal_sources.json"", ""path"": ""sources.9.recentRecords.2"", ""label"": ""A Plasmon-Enhanced Self-Validating Optoelectronic Nanopore for Ultrasensitive and Robust Hydrogen Sulfide Real-Time Monitoring in Single Living Cells""}, {""file"": ""data/journal_sources.json"", ""path"": ""Analytical Chemistry.recentRecords.5"", ""label"": ""A Plasmon-Enhanced Self-Validating Optoelectronic Nanopore for Ultrasensitive and Robust Hydrogen Sulfide Real-Time Monitoring in Single Living Cells""}]"
https://doi.org/10.1021/acs.analchem.6c02112,Broken,403,https://pubs.acs.org/doi/10.1021/acs.analchem.6c02112,Just a moment...,,HTTP 403,2026-08-02T19:58:23+00:00,fresh direct fetch,"[{""file"": ""data/journal_sources.json"", ""path"": """", ""label"": """"}, {""file"": ""data/journal_sources.json"", ""path"": ""sources.9"", ""label"": ""Analytical Chemistry""}, {""file"": ""data/journal_sources.json"", ""path"": ""sources.9.recentRecords.7"", ""label"": ""DNA-Alkyne-Chain Probes Enable N-Glycosite-Resolved GlycoBarcoding of Cell-Surface Proteins""}, {""file"": ""data/journal_sources.json"", ""path"": ""Analytical Chemistry.recentRecords.10"", ""label"": ""DNA-Alkyne-Chain Probes Enable N-Glycosite-Resolved GlycoBarcoding of Cell-Surface Proteins""}]"
https://doi.org/10.1021/acs.analchem.6c02143,Broken,403,https://pubs.acs.org/doi/10.1021/acs.analchem.6c02143,Just a moment...,,HTTP 403,2026-08-02T19:58:23+00:00,fresh direct fetch,"[{""file"": ""data/journal_sources.json"", ""path"": """", ""label"": """"}, {""file"": ""data/journal_sources.json"", ""path"": ""sources.9"", ""label"": ""Analytical Chemistry""}, {""file"": ""data/journal_sources.json"", ""path"": ""sources.9.recentRecords.5"", ""label"": ""On-Site Pooled Screening of Genetically Modified Crops via an Integrated Centrifugal Digital Microfluidic Platform""}, {""file"": ""data/journal_sources.json"", ""path"": ""Analytical Chemistry.recentRecords.8"", ""label"": ""On-Site Pooled Screening of Genetically Modified Crops via an Integrated Centrifugal Digital Microfluidic Platform""}]"
https://doi.org/10.1021/acs.analchem.6c02145,Broken,403,https://pubs.acs.org/ancham/article/doi/10.1021/acs.analchem.6c02145/5237622/Supramolecular-ICT-Modulation-in-Extended-2D-Azeno,Just a moment...,,HTTP 403,2026-08-02T19:58:23+00:00,fresh direct fetch,"[{""file"": ""data/journal_sources.json"", ""path"": ""Analytical Chemistry.recentRecords.0"", ""label"": ""Supramolecular ICT Modulation in π-Extended 2D-Azeno Nanosheets for Reversible Fluorescence Sensing of Spermine at the Sub-10 nM Level""}]"
https://doi.org/10.1021/acs.analchem.6c02585,Broken,403,https://pubs.acs.org/doi/10.1021/acs.analchem.6c02585,Just a moment...,,HTTP 403,2026-08-02T19:58:23+00:00,fresh direct fetch,"[{""file"": ""data/journal_sources.json"", ""path"": """", ""label"": """"}, {""file"": ""data/journal_sources.json"", ""path"": ""sources.9"", ""label"": ""Analytical Chemistry""}, {""file"": ""data/journal_sources.json"", ""path"": ""sources.9.recentRecords.6"", ""label"": ""Programmable Energy Dissipation in a DNA-pNIPAM Hybrid Hydrogel for Ultrastable Actuation-Enhanced Biosensing of Acetamiprid""}, {""file"": ""data/journal_sources.json"", ""path"": ""Analytical Chemistry.recentRecords.9"", ""label"": ""Programmable Energy Dissipation in a DNA-pNIPAM Hybrid Hydrogel for Ultrastable Actuation-Enhanced Biosensing of Acetamiprid""}]"
https://doi.org/10.1021/acs.analchem.6c02822,Broken,403,https://pubs.acs.org/doi/10.1021/acs.analchem.6c02822,Just a moment...,,HTTP 403,2026-08-02T19:58:23+00:00,fresh direct fetch,"[{""file"": ""data/journal_sources.json"", ""path"": """", ""label"": """"}, {""file"": ""data/journal_sources.json"", ""path"": ""sources.9"", ""label"": ""Analytical Chemistry""}, {""file"": ""data/journal_sources.json"", ""path"": ""sources.9.recentRecords.3"", ""label"": ""Long-Lived, Nonenzymatic Signal Generation Chemiluminescence Immunoassay for Pretreatment-Free Detection of Lincomycin in Milk""}, {""file"": ""data/journal_sources.json"", ""path"": ""Analytical Chemistry.recentRecords.6"", ""label"": ""Long-Lived, Nonenzymatic Signal Generation Chemiluminescence Immunoassay for Pretreatment-Free Detection of Lincomycin in Milk""}]"
https://doi.org/10.1021/acs.analchem.6c03234,Broken,403,https://pubs.acs.org/doi/10.1021/acs.analchem.6c03234,Just a moment...,,HTTP 403,2026-08-02T19:58:23+00:00,fresh direct fetch,"[{""file"": ""data/journal_sources.json"", ""path"": """", ""label"": """"}, {""file"": ""data/journal_sources.json"", ""path"": ""sources.9"", ""label"": ""Analytical Chemistry""}, {""file"": ""data/journal_sources.json"", ""path"": ""sources.9.recentRecords.8"", ""label"": ""A Fundamental Source of Misclassification in Single-Concentration Binding Screens""}, {""file"": ""data/journal_sources.json"", ""path"": ""Analytical Chemistry.recentRecords.11"", ""label"": ""A Fundamental Source of Misclassification in Single-Concentration Binding Screens""}]"
https://doi.org/10.1021/acs.analchem.6c03275,Broken,403,https://pubs.acs.org/doi/10.1021/acs.analchem.6c03275,Just a moment...,,HTTP 403,2026-08-02T19:58:23+00:00,fresh direct fetch,"[{""file"": ""data/journal_sources.json"", ""path"": """", ""label"": """"}, {""file"": ""data/journal_sources.json"", ""path"": ""sources.9"", ""label"": ""Analytical Chemistry""}, {""file"": ""data/journal_sources.json"", ""path"": ""sources.9.recentRecords.0"", ""label"": ""An Electro-Fenton-Driven Self-Ratio Electrochemiluminescence Sensing Platform without a Coreactant for Sensitive and Accurate Monitoring of Antibiotics""}, {""file"": ""data/journal_sources.json"", ""path"": ""Analytical Chemistry.recentRecords.3"", ""label"": ""An Electro-Fenton-Driven Self-Ratio Electrochemiluminescence Sensing Platform without a Coreactant for Sensitive and Accurate Monitoring of Antibiotics""}]"
https://doi.org/10.1021/acs.analchem.6c03695,Broken,403,https://pubs.acs.org/doi/10.1021/acs.analchem.6c03695,Just a moment...,,HTTP 403,2026-08-02T19:58:23+00:00,fresh direct fetch,"[{""file"": ""data/journal_sources.json"", ""path"": """", ""label"": """"}, {""file"": ""data/journal_sources.json"", ""path"": ""sources.9"", ""label"": ""Analytical Chemistry""}, {""file"": ""data/journal_sources.json"", ""path"": ""sources.9.recentRecords.4"", ""label"": ""Rational Design of a Fluorogenic Probe for Sphingosine Based on Precisely Controlled Intramolecular Spirocyclization of Coumarin–Rhodamine Hybrid Dye""}, {""file"": ""data/journal_sources.json"", ""path"": ""Analytical Chemistry.recentRecords.7"", ""label"": ""Rational Design of a Fluorogenic Probe for Sphingosine Based on Precisely Controlled Intramolecular Spirocyclization of Coumarin–Rhodamine Hybrid Dye""}]"
https://doi.org/10.1021/acv098i029_2108269,Broken,403,https://pubs.acs.org/ancham/article/doi/10.1021/acv098i029_2108269/5235407/Issue-Publication-Information,Just a moment...,,HTTP 403,2026-08-02T19:58:23+00:00,fresh direct fetch,"[{""file"": ""data/journal_sources.json"", ""path"": ""Analytical Chemistry.recentRecords.2"", ""label"": ""Issue Publication Information""}]"
https://doi.org/10.1021/acv098i029_2108270,Broken,403,https://pubs.acs.org/ancham/article/doi/10.1021/acv098i029_2108270/5235400/Issue-Editorial-Masthead,Just a moment...,,HTTP 403,2026-08-02T19:58:23+00:00,fresh direct fetch,"[{""file"": ""data/journal_sources.json"", ""path"": ""Analytical Chemistry.recentRecords.1"", ""label"": ""Issue Editorial Masthead""}]"
https://doi.org/10.1021/jasms.5c00424,Broken,403,https://pubs.acs.org/doi/10.1021/jasms.5c00424,Just a moment...,,HTTP 403,2026-08-02T19:58:23+00:00,fresh direct fetch,"[{""file"": ""data/journal_sources.json"", ""path"": """", ""label"": """"}, {""file"": ""data/journal_sources.json"", ""path"": ""sources.12"", ""label"": ""Journal of the American Society for Mass Spectrometry (JASMS)""}, {""file"": ""data/journal_sources.json"", ""path"": ""sources.12.recentRecords.10"", ""label"": ""Complementary UV-MALDI and IR-MALDESI Imaging Expand Metabolomic Coverage in the 6-OHDA Rat Model of Parkinson’s Disease""}, {""file"": ""data/journal_sources.json"", ""path"": ""Journal of the American Society for Mass Spectrometry (JASMS).recentRecords.10"", ""label"": ""Complementary UV-MALDI and IR-MALDESI Imaging Expand Metabolomic Coverage in the 6-OHDA Rat Model of Parkinson’s Disease""}]"
https://doi.org/10.1021/jasms.6c00002,Broken,403,https://pubs.acs.org/doi/10.1021/jasms.6c00002,Just a moment...,,HTTP 403,2026-08-02T19:58:24+00:00,fresh direct fetch,"[{""file"": ""data/journal_sources.json"", ""path"": """", ""label"": """"}, {""file"": ""data/journal_sources.json"", ""path"": ""sources.12"", ""label"": ""Journal of the American Society for Mass Spectrometry (JASMS)""}, {""file"": ""data/journal_sources.json"", ""path"": ""sources.12.recentRecords.7"", ""label"": ""Ambient Pressure Laser Desorption Ionization/Postphotoionization Mass Spectrometry Imaging""}, {""file"": ""data/journal_sources.json"", ""path"": ""Journal of the American Society for Mass Spectrometry (JASMS).recentRecords.7"", ""label"": ""Ambient Pressure Laser Desorption Ionization/Postphotoionization Mass Spectrometry Imaging""}]"
https://doi.org/10.1021/jasms.6c00107,Broken,403,https://pubs.acs.org/doi/10.1021/jasms.6c00107,Just a moment...,,HTTP 403,2026-08-02T19:58:24+00:00,fresh direct fetch,"[{""file"": ""data/journal_sources.json"", ""path"": """", ""label"": """"}, {""file"": ""data/journal_sources.json"", ""path"": ""sources.12"", ""label"": ""Journal of the American Society for Mass Spectrometry (JASMS)""}, {""file"": ""data/journal_sources.json"", ""path"": ""sources.12.recentRecords.1"", ""label"": ""Aziridination-Enabled Structural and Quantitative Lipidomics""}, {""file"": ""data/journal_sources.json"", ""path"": ""Journal of the American Society for Mass Spectrometry (JASMS).recentRecords.1"", ""label"": ""Aziridination-Enabled Structural and Quantitative Lipidomics""}]"
https://doi.org/10.1021/jasms.6c00155,Broken,403,https://pubs.acs.org/doi/10.1021/jasms.6c00155,Just a moment...,,HTTP 403,2026-08-02T19:58:24+00:00,fresh direct fetch,"[{""file"": ""data/journal_sources.json"", ""path"": """", ""label"": """"}, {""file"": ""data/journal_sources.json"", ""path"": ""sources.12"", ""label"": ""Journal of the American Society for Mass Spectrometry (JASMS)""}, {""file"": ""data/journal_sources.json"", ""path"": ""sources.12.recentRecords.9"", ""label"": ""Immobilized Metal Affinity Beads for Recombinant Protein Analysis by Desorption Electrospray Ionization Mass Spectrometry""}, {""file"": ""data/journal_sources.json"", ""path"": ""Journal of the American Society for Mass Spectrometry (JASMS).recentRecords.9"", ""label"": ""Immobilized Metal Affinity Beads for Recombinant Protein Analysis by Desorption Electrospray Ionization Mass Spectrometry""}]"
https://doi.org/10.1021/jasms.6c00160,Broken,403,https://pubs.acs.org/doi/10.1021/jasms.6c00160,Just a moment...,,HTTP 403,2026-08-02T19:58:24+00:00,fresh direct fetch,"[{""file"": ""data/journal_sources.json"", ""path"": """", ""label"": """"}, {""file"": ""data/journal_sources.json"", ""path"": ""sources.12"", ""label"": ""Journal of the American Society for Mass Spectrometry (JASMS)""}, {""file"": ""data/journal_sources.json"", ""path"": ""sources.12.recentRecords.0"", ""label"": ""T-ReXing Synthetic Cannabinoids─Unveiling Metabolite Features Suitable for Urine Screening by Trapped Ion Mobility HRMS""}, {""file"": ""data/journal_sources.json"", ""path"": ""Journal of the American Society for Mass Spectrometry (JASMS).recentRecords.0"", ""label"": ""T-ReXing Synthetic Cannabinoids─Unveiling Metabolite Features Suitable for Urine Screening by Trapped Ion Mobility HRMS""}]"
https://doi.org/10.1021/jasms.6c00163,Broken,403,https://pubs.acs.org/doi/10.1021/jasms.6c00163,Just a moment...,,HTTP 403,2026-08-02T19:58:24+00:00,fresh direct fetch,"[{""file"": ""data/journal_sources.json"", ""path"": """", ""label"": """"}, {""file"": ""data/journal_sources.json"", ""path"": ""sources.12"", ""label"": ""Journal of the American Society for Mass Spectrometry (JASMS)""}, {""file"": ""data/journal_sources.json"", ""path"": ""sources.12.recentRecords.6"", ""label"": ""N-Glycan MALDI MSI Differentiates Kidney Glomerular Disease Phenotypes""}, {""file"": ""data/journal_sources.json"", ""path"": ""Journal of the American Society for Mass Spectrometry (JASMS).recentRecords.6"", ""label"": ""N-Glycan MALDI MSI Differentiates Kidney Glomerular Disease Phenotypes""}]"
https://doi.org/10.1021/jasms.6c00165,Broken,403,https://pubs.acs.org/doi/10.1021/jasms.6c00165,Just a moment...,,HTTP 403,2026-08-02T19:58:24+00:00,fresh direct fetch,"[{""file"": ""data/journal_sources.json"", ""path"": """", ""label"": """"}, {""file"": ""data/journal_sources.json"", ""path"": ""sources.12"", ""label"": ""Journal of the American Society for Mass Spectrometry (JASMS)""}, {""file"": ""data/journal_sources.json"", ""path"": ""sources.12.recentRecords.11"", ""label"": ""Improved Protein Identification in Native Ambient Mass Spectrometry by the Integration of Proton Transfer Charge Reduction and Higher-Energy Collision Dissociation (PTCR-HCD MS <sup>3</sup> )""}, {""file"": ""data/journal_sources.json"", ""path"": ""Journal of the American Society for Mass Spectrometry (JASMS).recentRecords.11"", ""label"": ""Improved Protein Identification in Native Ambient Mass Spectrometry by the Integration of Proton Transfer Charge Reduction and Higher-Energy Collision Dissociation (PTCR-HCD MS <sup>3</sup> )""}]"
https://doi.org/10.1021/jasms.6c00168,Broken,403,https://pubs.acs.org/jamsef/article/doi/10.1021/jasms.6c00168/5232316/Quantifying-Protein-Temporal-Changes-with-Mass,Just a moment...,,HTTP 403,2026-08-02T19:58:25+00:00,fresh direct fetch,"[{""file"": ""data/journal_sources.json"", ""path"": """", ""label"": """"}, {""file"": ""data/journal_sources.json"", ""path"": ""sources.12"", ""label"": ""Journal of the American Society for Mass Spectrometry (JASMS)""}, {""file"": ""data/journal_sources.json"", ""path"": ""sources.12.recentRecords.3"", ""label"": ""Quantifying Protein Temporal Changes with Mass Spectrometry in Plasma Samples from Breast Cancer Patients Undergoing Radiotherapy""}, {""file"": ""data/journal_sources.json"", ""path"": ""Journal of the American Society for Mass Spectrometry (JASMS).recentRecords.3"", ""label"": ""Quantifying Protein Temporal Changes with Mass Spectrometry in Plasma Samples from Breast Cancer Patients Undergoing Radiotherapy""}]"
https://doi.org/10.1021/jasms.6c00205,Broken,403,https://pubs.acs.org/doi/10.1021/jasms.6c00205,Just a moment...,,HTTP 403,2026-08-02T19:58:26+00:00,fresh direct fetch,"[{""file"": ""data/journal_sources.json"", ""path"": """", ""label"": """"}, {""file"": ""data/journal_sources.json"", ""path"": ""sources.12"", ""label"": ""Journal of the American Society for Mass Spectrometry (JASMS)""}, {""file"": ""data/journal_sources.json"", ""path"": ""sources.12.recentRecords.2"", ""label"": ""Making Ozonolysis Mass Spectrometry More Accessible: A Simple LC-OzESI-MS Workflow for Carbon–Carbon Double Bond Position Elucidation in Lipids and Natural Products""}, {""file"": ""data/journal_sources.json"", ""path"": ""Journal of the American Society for Mass Spectrometry (JASMS).recentRecords.2"", ""label"": ""Making Ozonolysis Mass Spectrometry More Accessible: A Simple LC-OzESI-MS Workflow for Carbon–Carbon Double Bond Position Elucidation in Lipids and Natural Products""}]"
https://doi.org/10.1021/jasms.6c00209,Broken,403,https://pubs.acs.org/doi/10.1021/jasms.6c00209,Just a moment...,,HTTP 403,2026-08-02T19:58:26+00:00,fresh direct fetch,"[{""file"": ""data/journal_sources.json"", ""path"": """", ""label"": """"}, {""file"": ""data/journal_sources.json"", ""path"": ""sources.12"", ""label"": ""Journal of the American Society for Mass Spectrometry (JASMS)""}, {""file"": ""data/journal_sources.json"", ""path"": ""sources.12.recentRecords.8"", ""label"": ""Postblast and Postburn Identification of Forensically Relevant Nitrate Salts as Crown Ether Complexes by Paper Spray Ionization Mass Spectrometry""}, {""file"": ""data/journal_sources.json"", ""path"": ""Journal of the American Society for Mass Spectrometry (JASMS).recentRecords.8"", ""label"": ""Postblast and Postburn Identification of Forensically Relevant Nitrate Salts as Crown Ether Complexes by Paper Spray Ionization Mass Spectrometry""}]"
https://doi.org/10.1021/jasms.6c00213,Broken,403,https://pubs.acs.org/doi/10.1021/jasms.6c00213,Just a moment...,,HTTP 403,2026-08-02T19:58:26+00:00,fresh direct fetch,"[{""file"": ""data/journal_sources.json"", ""path"": """", ""label"": """"}, {""file"": ""data/journal_sources.json"", ""path"": ""sources.12"", ""label"": ""Journal of the American Society for Mass Spectrometry (JASMS)""}, {""file"": ""data/journal_sources.json"", ""path"": ""sources.12.recentRecords.5"", ""label"": ""Reference-Free Structure Elucidation of N–O Heterocyclic Ring Systems with Infrared Ion Spectroscopy: A Test Case of the Isoxazoline Insecticide Isocycloseram and Its MS/MS Fragment""}, {""file"": ""data/journal_sources.json"", ""path"": ""Journal of the American Society for Mass Spectrometry (JASMS).recentRecords.5"", ""label"": ""Reference-Free Structure Elucidation of N–O Heterocyclic Ring Systems with Infrared Ion Spectroscopy: A Test Case of the Isoxazoline Insecticide Isocycloseram and Its MS/MS Fragment""}]"
https://doi.org/10.1021/jasms.6c00218,Broken,403,https://pubs.acs.org/doi/10.1021/jasms.6c00218,Just a moment...,,HTTP 403,2026-08-02T19:58:26+00:00,fresh direct fetch,"[{""file"": ""data/journal_sources.json"", ""path"": """", ""label"": """"}, {""file"": ""data/journal_sources.json"", ""path"": ""sources.12"", ""label"": ""Journal of the American Society for Mass Spectrometry (JASMS)""}, {""file"": ""data/journal_sources.json"", ""path"": ""sources.12.recentRecords.4"", ""label"": ""Conformational Landscapes Observed through Controlled Kinetics (CLOCK): Precise Control of Ion Temperatures from Submillisecond to Second Time Scales""}, {""file"": ""data/journal_sources.json"", ""path"": ""Journal of the American Society for Mass Spectrometry (JASMS).recentRecords.4"", ""label"": ""Conformational Landscapes Observed through Controlled Kinetics (CLOCK): Precise Control of Ion Temperatures from Submillisecond to Second Time Scales""}]"
https://doi.usp.org/USPNF/USPNF_M1124_01_01.html,OK,200,https://doi.usp.org/USPNF/USPNF_M1124_01_01.html,〈1058〉 Analytical Instrument Qualification,,,2026-08-02T19:43:51+00:00,fresh status plus retained title,"[{""file"": ""data/source_catalog.json"", ""path"": """", ""label"": ""Data Source Inventory""}, {""file"": ""data/source_catalog.json"", ""path"": ""sources.33"", ""label"": """"}]"
https://doi.usp.org/USPNF/USPNF_M99380_06_01.html,OK,200,https://doi.usp.org/USPNF/USPNF_M99380_06_01.html,〈621〉 Chromatography,,,2026-08-02T19:43:51+00:00,fresh status plus retained title,"[{""file"": ""data/source_catalog.json"", ""path"": """", ""label"": ""Data Source Inventory""}, {""file"": ""data/source_catalog.json"", ""path"": ""sources.32"", ""label"": """"}]"
https://download.asgct.org/2026ASGCTAbstractPublication.pdf,Broken,401,https://download.asgct.org/2026ASGCTAbstractPublication.pdf,,,strict access failure,2026-08-02T19:43:51+00:00,fresh data/link_health.json,[]
https://e-b-f.eu/meetings/,OK,200,https://e-b-f.eu/meetings/,Meetings &#8211; EBF | European Bioanalysis Forum,,,2026-08-02T19:43:51+00:00,fresh status plus retained title,"[{""file"": ""data/conference_sources.json"", ""path"": """", ""label"": """"}, {""file"": ""data/conference_sources.json"", ""path"": ""events.27"", ""label"": ""19th European Bioanalysis Forum Open Symposium""}, {""file"": ""data/conference_sources.json"", ""path"": ""events.27.monitoredEndpoints.0"", ""label"": """"}, {""file"": ""data/source_catalog.json"", ""path"": """", ""label"": ""Data Source Inventory""}, {""file"": ""data/source_catalog.json"", ""path"": ""sources.31"", ""label"": """"}]"
https://eutils.ncbi.nlm.nih.gov/entrez/eutils/,Broken,400,https://eutils.ncbi.nlm.nih.gov/entrez/eutils/,,,strict access failure,2026-08-02T19:43:51+00:00,fresh data/link_health.json,[]
https://eutils.ncbi.nlm.nih.gov/entrez/eutils/esearch.fcgi?db=pubmed&term=%28%22Agilent+1290%22+OR+%22Agilent+InfinityLab%22+OR+%22Agilent+LC%2FMS%22+OR+%22Agilent+6495%22+OR+%22Ultivo%22%29+AND+%28%222021%2F07%2F31%22%5BDate+-+Publication%5D+%3A+%222026%2F07%2F30%22%5BDate+-+Publication%5D%29&retmode=json&retmax=0,OK,200,https://eutils.ncbi.nlm.nih.gov/entrez/eutils/esearch.fcgi?db=pubmed&term=%28%22Agilent+1290%22+OR+%22Agilent+InfinityLab%22+OR+%22Agilent+LC%2FMS%22+OR+%22Agilent+6495%22+OR+%22Ultivo%22%29+AND+%28%222021%2F07%2F31%22%5BDate+-+Publication%5D+%3A+%222026%2F07%2F30%22%5BDate+-+Publication%5D%29&retmode=json&retmax=0,,,,2026-08-02T19:58:26+00:00,fresh direct fetch,[]
https://eutils.ncbi.nlm.nih.gov/entrez/eutils/esearch.fcgi?db=pubmed&term=%28%22Agilent+1290%22+OR+%22Agilent+InfinityLab%22+OR+%22Agilent+LC%2FMS%22+OR+%22Agilent+6495%22+OR+%22Ultivo%22%29+AND+%28%222021%2F08%2F01%22%5BDate+-+Publication%5D+%3A+%222026%2F07%2F31%22%5BDate+-+Publication%5D%29&retmode=json&retmax=0,OK,200,https://eutils.ncbi.nlm.nih.gov/entrez/eutils/esearch.fcgi?db=pubmed&term=%28%22Agilent+1290%22+OR+%22Agilent+InfinityLab%22+OR+%22Agilent+LC%2FMS%22+OR+%22Agilent+6495%22+OR+%22Ultivo%22%29+AND+%28%222021%2F08%2F01%22%5BDate+-+Publication%5D+%3A+%222026%2F07%2F31%22%5BDate+-+Publication%5D%29&retmode=json&retmax=0,,,,2026-08-02T19:58:26+00:00,fresh direct fetch,[]
https://eutils.ncbi.nlm.nih.gov/entrez/eutils/esearch.fcgi?db=pubmed&term=%28%22Agilent+1290%22+OR+%22Agilent+InfinityLab%22+OR+%22Agilent+LC%2FMS%22+OR+%22Agilent+6495%22+OR+%22Ultivo%22%29+AND+%28%222021%2F08%2F02%22%5BDate+-+Publication%5D+%3A+%222026%2F08%2F01%22%5BDate+-+Publication%5D%29&retmode=json&retmax=0,OK,200,https://eutils.ncbi.nlm.nih.gov/entrez/eutils/esearch.fcgi?db=pubmed&term=%28%22Agilent+1290%22+OR+%22Agilent+InfinityLab%22+OR+%22Agilent+LC%2FMS%22+OR+%22Agilent+6495%22+OR+%22Ultivo%22%29+AND+%28%222021%2F08%2F02%22%5BDate+-+Publication%5D+%3A+%222026%2F08%2F01%22%5BDate+-+Publication%5D%29&retmode=json&retmax=0,,,,2026-08-02T19:58:26+00:00,fresh direct fetch,[]
https://eutils.ncbi.nlm.nih.gov/entrez/eutils/esearch.fcgi?db=pubmed&term=%28%22Agilent+1290%22+OR+%22Agilent+InfinityLab%22+OR+%22Agilent+LC%2FMS%22+OR+%22Agilent+6495%22+OR+%22Ultivo%22%29+AND+%28%222023%2F07%2F31%22%5BDate+-+Publication%5D+%3A+%222026%2F07%2F30%22%5BDate+-+Publication%5D%29&retmode=json&retmax=0,Broken,429,https://eutils.ncbi.nlm.nih.gov/entrez/eutils/esearch.fcgi?db=pubmed&term=%28%22Agilent+1290%22+OR+%22Agilent+InfinityLab%22+OR+%22Agilent+LC%2FMS%22+OR+%22Agilent+6495%22+OR+%22Ultivo%22%29+AND+%28%222023%2F07%2F31%22%5BDate+-+Publication%5D+%3A+%222026%2F07%2F30%22%5BDate+-+Publication%5D%29&retmode=json&retmax=0,,,strict access failure,2026-08-02T19:43:51+00:00,fresh data/link_health.json,[]
https://eutils.ncbi.nlm.nih.gov/entrez/eutils/esearch.fcgi?db=pubmed&term=%28%22Agilent+1290%22+OR+%22Agilent+InfinityLab%22+OR+%22Agilent+LC%2FMS%22+OR+%22Agilent+6495%22+OR+%22Ultivo%22%29+AND+%28%222023%2F08%2F01%22%5BDate+-+Publication%5D+%3A+%222026%2F07%2F31%22%5BDate+-+Publication%5D%29&retmode=json&retmax=0,Broken,429,https://eutils.ncbi.nlm.nih.gov/entrez/eutils/esearch.fcgi?db=pubmed&term=%28%22Agilent+1290%22+OR+%22Agilent+InfinityLab%22+OR+%22Agilent+LC%2FMS%22+OR+%22Agilent+6495%22+OR+%22Ultivo%22%29+AND+%28%222023%2F08%2F01%22%5BDate+-+Publication%5D+%3A+%222026%2F07%2F31%22%5BDate+-+Publication%5D%29&retmode=json&retmax=0,,,strict access failure,2026-08-02T19:43:51+00:00,fresh data/link_health.json,[]
https://eutils.ncbi.nlm.nih.gov/entrez/eutils/esearch.fcgi?db=pubmed&term=%28%22Agilent+1290%22+OR+%22Agilent+InfinityLab%22+OR+%22Agilent+LC%2FMS%22+OR+%22Agilent+6495%22+OR+%22Ultivo%22%29+AND+%28%222023%2F08%2F02%22%5BDate+-+Publication%5D+%3A+%222026%2F08%2F01%22%5BDate+-+Publication%5D%29&retmode=json&retmax=0,Broken,429,https://eutils.ncbi.nlm.nih.gov/entrez/eutils/esearch.fcgi?db=pubmed&term=%28%22Agilent+1290%22+OR+%22Agilent+InfinityLab%22+OR+%22Agilent+LC%2FMS%22+OR+%22Agilent+6495%22+OR+%22Ultivo%22%29+AND+%28%222023%2F08%2F02%22%5BDate+-+Publication%5D+%3A+%222026%2F08%2F01%22%5BDate+-+Publication%5D%29&retmode=json&retmax=0,,,strict access failure,2026-08-02T19:43:51+00:00,fresh data/link_health.json,[]
https://eutils.ncbi.nlm.nih.gov/entrez/eutils/esearch.fcgi?db=pubmed&term=%28%22Agilent+1290%22+OR+%22Agilent+InfinityLab%22+OR+%22Agilent+LC%2FMS%22+OR+%22Agilent+6495%22+OR+%22Ultivo%22%29+AND+%28%222025%2F07%2F30%22%5BDate+-+Publication%5D+%3A+%222026%2F07%2F30%22%5BDate+-+Publication%5D%29&retmode=json&retmax=0,Broken,429,https://eutils.ncbi.nlm.nih.gov/entrez/eutils/esearch.fcgi?db=pubmed&term=%28%22Agilent+1290%22+OR+%22Agilent+InfinityLab%22+OR+%22Agilent+LC%2FMS%22+OR+%22Agilent+6495%22+OR+%22Ultivo%22%29+AND+%28%222025%2F07%2F30%22%5BDate+-+Publication%5D+%3A+%222026%2F07%2F30%22%5BDate+-+Publication%5D%29&retmode=json&retmax=0,,,strict access failure,2026-08-02T19:43:51+00:00,fresh data/link_health.json,[]
https://eutils.ncbi.nlm.nih.gov/entrez/eutils/esearch.fcgi?db=pubmed&term=%28%22Agilent+1290%22+OR+%22Agilent+InfinityLab%22+OR+%22Agilent+LC%2FMS%22+OR+%22Agilent+6495%22+OR+%22Ultivo%22%29+AND+%28%222025%2F07%2F31%22%5BDate+-+Publication%5D+%3A+%222026%2F07%2F31%22%5BDate+-+Publication%5D%29&retmode=json&retmax=0,Broken,429,https://eutils.ncbi.nlm.nih.gov/entrez/eutils/esearch.fcgi?db=pubmed&term=%28%22Agilent+1290%22+OR+%22Agilent+InfinityLab%22+OR+%22Agilent+LC%2FMS%22+OR+%22Agilent+6495%22+OR+%22Ultivo%22%29+AND+%28%222025%2F07%2F31%22%5BDate+-+Publication%5D+%3A+%222026%2F07%2F31%22%5BDate+-+Publication%5D%29&retmode=json&retmax=0,,,strict access failure,2026-08-02T19:43:51+00:00,fresh data/link_health.json,[]
https://eutils.ncbi.nlm.nih.gov/entrez/eutils/esearch.fcgi?db=pubmed&term=%28%22Agilent+1290%22+OR+%22Agilent+InfinityLab%22+OR+%22Agilent+LC%2FMS%22+OR+%22Agilent+6495%22+OR+%22Ultivo%22%29+AND+%28%222025%2F08%2F01%22%5BDate+-+Publication%5D+%3A+%222026%2F08%2F01%22%5BDate+-+Publication%5D%29&retmode=json&retmax=0,Broken,429,https://eutils.ncbi.nlm.nih.gov/entrez/eutils/esearch.fcgi?db=pubmed&term=%28%22Agilent+1290%22+OR+%22Agilent+InfinityLab%22+OR+%22Agilent+LC%2FMS%22+OR+%22Agilent+6495%22+OR+%22Ultivo%22%29+AND+%28%222025%2F08%2F01%22%5BDate+-+Publication%5D+%3A+%222026%2F08%2F01%22%5BDate+-+Publication%5D%29&retmode=json&retmax=0,,,strict access failure,2026-08-02T19:43:51+00:00,fresh data/link_health.json,[]
https://eutils.ncbi.nlm.nih.gov/entrez/eutils/esearch.fcgi?db=pubmed&term=%28%22Agilent+1290%22+OR+%22Agilent+InfinityLab%22+OR+%22Agilent+LC%2FMS%22+OR+%22Agilent+6495%22+OR+%22Ultivo%22%29+AND+%28%222026%2F05%2F01%22%5BDate+-+Publication%5D+%3A+%222026%2F07%2F30%22%5BDate+-+Publication%5D%29&retmode=json&retmax=0,Broken,429,https://eutils.ncbi.nlm.nih.gov/entrez/eutils/esearch.fcgi?db=pubmed&term=%28%22Agilent+1290%22+OR+%22Agilent+InfinityLab%22+OR+%22Agilent+LC%2FMS%22+OR+%22Agilent+6495%22+OR+%22Ultivo%22%29+AND+%28%222026%2F05%2F01%22%5BDate+-+Publication%5D+%3A+%222026%2F07%2F30%22%5BDate+-+Publication%5D%29&retmode=json&retmax=0,,,strict access failure,2026-08-02T19:43:52+00:00,fresh data/link_health.json,[]
https://eutils.ncbi.nlm.nih.gov/entrez/eutils/esearch.fcgi?db=pubmed&term=%28%22Agilent+1290%22+OR+%22Agilent+InfinityLab%22+OR+%22Agilent+LC%2FMS%22+OR+%22Agilent+6495%22+OR+%22Ultivo%22%29+AND+%28%222026%2F05%2F02%22%5BDate+-+Publication%5D+%3A+%222026%2F07%2F31%22%5BDate+-+Publication%5D%29&retmode=json&retmax=0,Broken,429,https://eutils.ncbi.nlm.nih.gov/entrez/eutils/esearch.fcgi?db=pubmed&term=%28%22Agilent+1290%22+OR+%22Agilent+InfinityLab%22+OR+%22Agilent+LC%2FMS%22+OR+%22Agilent+6495%22+OR+%22Ultivo%22%29+AND+%28%222026%2F05%2F02%22%5BDate+-+Publication%5D+%3A+%222026%2F07%2F31%22%5BDate+-+Publication%5D%29&retmode=json&retmax=0,,,strict access failure,2026-08-02T19:43:52+00:00,fresh data/link_health.json,[]
https://eutils.ncbi.nlm.nih.gov/entrez/eutils/esearch.fcgi?db=pubmed&term=%28%22Agilent+1290%22+OR+%22Agilent+InfinityLab%22+OR+%22Agilent+LC%2FMS%22+OR+%22Agilent+6495%22+OR+%22Ultivo%22%29+AND+%28%222026%2F05%2F03%22%5BDate+-+Publication%5D+%3A+%222026%2F08%2F01%22%5BDate+-+Publication%5D%29&retmode=json&retmax=0,Broken,429,https://eutils.ncbi.nlm.nih.gov/entrez/eutils/esearch.fcgi?db=pubmed&term=%28%22Agilent+1290%22+OR+%22Agilent+InfinityLab%22+OR+%22Agilent+LC%2FMS%22+OR+%22Agilent+6495%22+OR+%22Ultivo%22%29+AND+%28%222026%2F05%2F03%22%5BDate+-+Publication%5D+%3A+%222026%2F08%2F01%22%5BDate+-+Publication%5D%29&retmode=json&retmax=0,,,strict access failure,2026-08-02T19:43:52+00:00,fresh data/link_health.json,[]
https://eutils.ncbi.nlm.nih.gov/entrez/eutils/esearch.fcgi?db=pubmed&term=%28%22Agilent+1290%22+OR+%22Agilent+InfinityLab%22+OR+%22Agilent+LC%2FMS%22+OR+%22Agilent+6495%22+OR+%22Ultivo%22%29+AND+%28%222026%2F05%2F31%22%5BDate+-+Publication%5D+%3A+%222026%2F07%2F30%22%5BDate+-+Publication%5D%29&retmode=json&retmax=0,Broken,429,https://eutils.ncbi.nlm.nih.gov/entrez/eutils/esearch.fcgi?db=pubmed&term=%28%22Agilent+1290%22+OR+%22Agilent+InfinityLab%22+OR+%22Agilent+LC%2FMS%22+OR+%22Agilent+6495%22+OR+%22Ultivo%22%29+AND+%28%222026%2F05%2F31%22%5BDate+-+Publication%5D+%3A+%222026%2F07%2F30%22%5BDate+-+Publication%5D%29&retmode=json&retmax=0,,,strict access failure,2026-08-02T19:43:52+00:00,fresh data/link_health.json,[]
https://eutils.ncbi.nlm.nih.gov/entrez/eutils/esearch.fcgi?db=pubmed&term=%28%22Agilent+1290%22+OR+%22Agilent+InfinityLab%22+OR+%22Agilent+LC%2FMS%22+OR+%22Agilent+6495%22+OR+%22Ultivo%22%29+AND+%28%222026%2F06%2F01%22%5BDate+-+Publication%5D+%3A+%222026%2F07%2F31%22%5BDate+-+Publication%5D%29&retmode=json&retmax=0,Broken,429,https://eutils.ncbi.nlm.nih.gov/entrez/eutils/esearch.fcgi?db=pubmed&term=%28%22Agilent+1290%22+OR+%22Agilent+InfinityLab%22+OR+%22Agilent+LC%2FMS%22+OR+%22Agilent+6495%22+OR+%22Ultivo%22%29+AND+%28%222026%2F06%2F01%22%5BDate+-+Publication%5D+%3A+%222026%2F07%2F31%22%5BDate+-+Publication%5D%29&retmode=json&retmax=0,,,strict access failure,2026-08-02T19:43:52+00:00,fresh data/link_health.json,[]
https://eutils.ncbi.nlm.nih.gov/entrez/eutils/esearch.fcgi?db=pubmed&term=%28%22Agilent+1290%22+OR+%22Agilent+InfinityLab%22+OR+%22Agilent+LC%2FMS%22+OR+%22Agilent+6495%22+OR+%22Ultivo%22%29+AND+%28%222026%2F06%2F02%22%5BDate+-+Publication%5D+%3A+%222026%2F08%2F01%22%5BDate+-+Publication%5D%29&retmode=json&retmax=0,Broken,429,https://eutils.ncbi.nlm.nih.gov/entrez/eutils/esearch.fcgi?db=pubmed&term=%28%22Agilent+1290%22+OR+%22Agilent+InfinityLab%22+OR+%22Agilent+LC%2FMS%22+OR+%22Agilent+6495%22+OR+%22Ultivo%22%29+AND+%28%222026%2F06%2F02%22%5BDate+-+Publication%5D+%3A+%222026%2F08%2F01%22%5BDate+-+Publication%5D%29&retmode=json&retmax=0,,,strict access failure,2026-08-02T19:43:52+00:00,fresh data/link_health.json,[]
https://eutils.ncbi.nlm.nih.gov/entrez/eutils/esearch.fcgi?db=pubmed&term=%28%22Agilent+1290%22+OR+%22Agilent+InfinityLab%22+OR+%22Agilent+LC%2FMS%22+OR+%22Agilent+6495%22+OR+%22Ultivo%22%29+AND+%28%222026%2F06%2F30%22%5BDate+-+Publication%5D+%3A+%222026%2F07%2F30%22%5BDate+-+Publication%5D%29&retmode=json&retmax=0,Broken,429,https://eutils.ncbi.nlm.nih.gov/entrez/eutils/esearch.fcgi?db=pubmed&term=%28%22Agilent+1290%22+OR+%22Agilent+InfinityLab%22+OR+%22Agilent+LC%2FMS%22+OR+%22Agilent+6495%22+OR+%22Ultivo%22%29+AND+%28%222026%2F06%2F30%22%5BDate+-+Publication%5D+%3A+%222026%2F07%2F30%22%5BDate+-+Publication%5D%29&retmode=json&retmax=0,,,strict access failure,2026-08-02T19:43:52+00:00,fresh data/link_health.json,[]
https://eutils.ncbi.nlm.nih.gov/entrez/eutils/esearch.fcgi?db=pubmed&term=%28%22Agilent+1290%22+OR+%22Agilent+InfinityLab%22+OR+%22Agilent+LC%2FMS%22+OR+%22Agilent+6495%22+OR+%22Ultivo%22%29+AND+%28%222026%2F07%2F01%22%5BDate+-+Publication%5D+%3A+%222026%2F07%2F31%22%5BDate+-+Publication%5D%29&retmode=json&retmax=0,Broken,429,https://eutils.ncbi.nlm.nih.gov/entrez/eutils/esearch.fcgi?db=pubmed&term=%28%22Agilent+1290%22+OR+%22Agilent+InfinityLab%22+OR+%22Agilent+LC%2FMS%22+OR+%22Agilent+6495%22+OR+%22Ultivo%22%29+AND+%28%222026%2F07%2F01%22%5BDate+-+Publication%5D+%3A+%222026%2F07%2F31%22%5BDate+-+Publication%5D%29&retmode=json&retmax=0,,,strict access failure,2026-08-02T19:43:52+00:00,fresh data/link_health.json,[]
https://eutils.ncbi.nlm.nih.gov/entrez/eutils/esearch.fcgi?db=pubmed&term=%28%22Agilent+1290%22+OR+%22Agilent+InfinityLab%22+OR+%22Agilent+LC%2FMS%22+OR+%22Agilent+6495%22+OR+%22Ultivo%22%29+AND+%28%222026%2F07%2F02%22%5BDate+-+Publication%5D+%3A+%222026%2F08%2F01%22%5BDate+-+Publication%5D%29&retmode=json&retmax=0,Broken,429,https://eutils.ncbi.nlm.nih.gov/entrez/eutils/esearch.fcgi?db=pubmed&term=%28%22Agilent+1290%22+OR+%22Agilent+InfinityLab%22+OR+%22Agilent+LC%2FMS%22+OR+%22Agilent+6495%22+OR+%22Ultivo%22%29+AND+%28%222026%2F07%2F02%22%5BDate+-+Publication%5D+%3A+%222026%2F08%2F01%22%5BDate+-+Publication%5D%29&retmode=json&retmax=0,,,strict access failure,2026-08-02T19:43:52+00:00,fresh data/link_health.json,[]
https://eutils.ncbi.nlm.nih.gov/entrez/eutils/esearch.fcgi?db=pubmed&term=%28%22Orbitrap%22+OR+%22Vanquish%22+OR+%22Q+Exactive%22+OR+%22TSQ+Altis%22+OR+%22Thermo+Fisher+Scientific%22%29+AND+%28%222021%2F07%2F31%22%5BDate+-+Publication%5D+%3A+%222026%2F07%2F30%22%5BDate+-+Publication%5D%29&retmode=json&retmax=0,Broken,429,https://eutils.ncbi.nlm.nih.gov/entrez/eutils/esearch.fcgi?db=pubmed&term=%28%22Orbitrap%22+OR+%22Vanquish%22+OR+%22Q+Exactive%22+OR+%22TSQ+Altis%22+OR+%22Thermo+Fisher+Scientific%22%29+AND+%28%222021%2F07%2F31%22%5BDate+-+Publication%5D+%3A+%222026%2F07%2F30%22%5BDate+-+Publication%5D%29&retmode=json&retmax=0,,,strict access failure,2026-08-02T19:43:52+00:00,fresh data/link_health.json,[]
https://eutils.ncbi.nlm.nih.gov/entrez/eutils/esearch.fcgi?db=pubmed&term=%28%22Orbitrap%22+OR+%22Vanquish%22+OR+%22Q+Exactive%22+OR+%22TSQ+Altis%22+OR+%22Thermo+Fisher+Scientific%22%29+AND+%28%222021%2F08%2F01%22%5BDate+-+Publication%5D+%3A+%222026%2F07%2F31%22%5BDate+-+Publication%5D%29&retmode=json&retmax=0,Broken,429,https://eutils.ncbi.nlm.nih.gov/entrez/eutils/esearch.fcgi?db=pubmed&term=%28%22Orbitrap%22+OR+%22Vanquish%22+OR+%22Q+Exactive%22+OR+%22TSQ+Altis%22+OR+%22Thermo+Fisher+Scientific%22%29+AND+%28%222021%2F08%2F01%22%5BDate+-+Publication%5D+%3A+%222026%2F07%2F31%22%5BDate+-+Publication%5D%29&retmode=json&retmax=0,,,strict access failure,2026-08-02T19:43:52+00:00,fresh data/link_health.json,[]
https://eutils.ncbi.nlm.nih.gov/entrez/eutils/esearch.fcgi?db=pubmed&term=%28%22Orbitrap%22+OR+%22Vanquish%22+OR+%22Q+Exactive%22+OR+%22TSQ+Altis%22+OR+%22Thermo+Fisher+Scientific%22%29+AND+%28%222021%2F08%2F02%22%5BDate+-+Publication%5D+%3A+%222026%2F08%2F01%22%5BDate+-+Publication%5D%29&retmode=json&retmax=0,Broken,429,https://eutils.ncbi.nlm.nih.gov/entrez/eutils/esearch.fcgi?db=pubmed&term=%28%22Orbitrap%22+OR+%22Vanquish%22+OR+%22Q+Exactive%22+OR+%22TSQ+Altis%22+OR+%22Thermo+Fisher+Scientific%22%29+AND+%28%222021%2F08%2F02%22%5BDate+-+Publication%5D+%3A+%222026%2F08%2F01%22%5BDate+-+Publication%5D%29&retmode=json&retmax=0,,,strict access failure,2026-08-02T19:43:52+00:00,fresh data/link_health.json,[]
https://eutils.ncbi.nlm.nih.gov/entrez/eutils/esearch.fcgi?db=pubmed&term=%28%22Orbitrap%22+OR+%22Vanquish%22+OR+%22Q+Exactive%22+OR+%22TSQ+Altis%22+OR+%22Thermo+Fisher+Scientific%22%29+AND+%28%222023%2F07%2F31%22%5BDate+-+Publication%5D+%3A+%222026%2F07%2F30%22%5BDate+-+Publication%5D%29&retmode=json&retmax=0,Broken,429,https://eutils.ncbi.nlm.nih.gov/entrez/eutils/esearch.fcgi?db=pubmed&term=%28%22Orbitrap%22+OR+%22Vanquish%22+OR+%22Q+Exactive%22+OR+%22TSQ+Altis%22+OR+%22Thermo+Fisher+Scientific%22%29+AND+%28%222023%2F07%2F31%22%5BDate+-+Publication%5D+%3A+%222026%2F07%2F30%22%5BDate+-+Publication%5D%29&retmode=json&retmax=0,,,strict access failure,2026-08-02T19:43:52+00:00,fresh data/link_health.json,[]
https://eutils.ncbi.nlm.nih.gov/entrez/eutils/esearch.fcgi?db=pubmed&term=%28%22Orbitrap%22+OR+%22Vanquish%22+OR+%22Q+Exactive%22+OR+%22TSQ+Altis%22+OR+%22Thermo+Fisher+Scientific%22%29+AND+%28%222023%2F08%2F01%22%5BDate+-+Publication%5D+%3A+%222026%2F07%2F31%22%5BDate+-+Publication%5D%29&retmode=json&retmax=0,Broken,429,https://eutils.ncbi.nlm.nih.gov/entrez/eutils/esearch.fcgi?db=pubmed&term=%28%22Orbitrap%22+OR+%22Vanquish%22+OR+%22Q+Exactive%22+OR+%22TSQ+Altis%22+OR+%22Thermo+Fisher+Scientific%22%29+AND+%28%222023%2F08%2F01%22%5BDate+-+Publication%5D+%3A+%222026%2F07%2F31%22%5BDate+-+Publication%5D%29&retmode=json&retmax=0,,,strict access failure,2026-08-02T19:43:52+00:00,fresh data/link_health.json,[]
https://eutils.ncbi.nlm.nih.gov/entrez/eutils/esearch.fcgi?db=pubmed&term=%28%22Orbitrap%22+OR+%22Vanquish%22+OR+%22Q+Exactive%22+OR+%22TSQ+Altis%22+OR+%22Thermo+Fisher+Scientific%22%29+AND+%28%222023%2F08%2F02%22%5BDate+-+Publication%5D+%3A+%222026%2F08%2F01%22%5BDate+-+Publication%5D%29&retmode=json&retmax=0,Broken,429,https://eutils.ncbi.nlm.nih.gov/entrez/eutils/esearch.fcgi?db=pubmed&term=%28%22Orbitrap%22+OR+%22Vanquish%22+OR+%22Q+Exactive%22+OR+%22TSQ+Altis%22+OR+%22Thermo+Fisher+Scientific%22%29+AND+%28%222023%2F08%2F02%22%5BDate+-+Publication%5D+%3A+%222026%2F08%2F01%22%5BDate+-+Publication%5D%29&retmode=json&retmax=0,,,strict access failure,2026-08-02T19:43:52+00:00,fresh data/link_health.json,[]
https://eutils.ncbi.nlm.nih.gov/entrez/eutils/esearch.fcgi?db=pubmed&term=%28%22Orbitrap%22+OR+%22Vanquish%22+OR+%22Q+Exactive%22+OR+%22TSQ+Altis%22+OR+%22Thermo+Fisher+Scientific%22%29+AND+%28%222025%2F07%2F30%22%5BDate+-+Publication%5D+%3A+%222026%2F07%2F30%22%5BDate+-+Publication%5D%29&retmode=json&retmax=0,Broken,429,https://eutils.ncbi.nlm.nih.gov/entrez/eutils/esearch.fcgi?db=pubmed&term=%28%22Orbitrap%22+OR+%22Vanquish%22+OR+%22Q+Exactive%22+OR+%22TSQ+Altis%22+OR+%22Thermo+Fisher+Scientific%22%29+AND+%28%222025%2F07%2F30%22%5BDate+-+Publication%5D+%3A+%222026%2F07%2F30%22%5BDate+-+Publication%5D%29&retmode=json&retmax=0,,,HTTP 429,2026-08-02T19:58:26+00:00,fresh direct fetch,[]
https://eutils.ncbi.nlm.nih.gov/entrez/eutils/esearch.fcgi?db=pubmed&term=%28%22Orbitrap%22+OR+%22Vanquish%22+OR+%22Q+Exactive%22+OR+%22TSQ+Altis%22+OR+%22Thermo+Fisher+Scientific%22%29+AND+%28%222025%2F07%2F31%22%5BDate+-+Publication%5D+%3A+%222026%2F07%2F31%22%5BDate+-+Publication%5D%29&retmode=json&retmax=0,Broken,429,https://eutils.ncbi.nlm.nih.gov/entrez/eutils/esearch.fcgi?db=pubmed&term=%28%22Orbitrap%22+OR+%22Vanquish%22+OR+%22Q+Exactive%22+OR+%22TSQ+Altis%22+OR+%22Thermo+Fisher+Scientific%22%29+AND+%28%222025%2F07%2F31%22%5BDate+-+Publication%5D+%3A+%222026%2F07%2F31%22%5BDate+-+Publication%5D%29&retmode=json&retmax=0,,,HTTP 429,2026-08-02T19:58:26+00:00,fresh direct fetch,[]
https://eutils.ncbi.nlm.nih.gov/entrez/eutils/esearch.fcgi?db=pubmed&term=%28%22Orbitrap%22+OR+%22Vanquish%22+OR+%22Q+Exactive%22+OR+%22TSQ+Altis%22+OR+%22Thermo+Fisher+Scientific%22%29+AND+%28%222025%2F08%2F01%22%5BDate+-+Publication%5D+%3A+%222026%2F08%2F01%22%5BDate+-+Publication%5D%29&retmode=json&retmax=0,Broken,429,https://eutils.ncbi.nlm.nih.gov/entrez/eutils/esearch.fcgi?db=pubmed&term=%28%22Orbitrap%22+OR+%22Vanquish%22+OR+%22Q+Exactive%22+OR+%22TSQ+Altis%22+OR+%22Thermo+Fisher+Scientific%22%29+AND+%28%222025%2F08%2F01%22%5BDate+-+Publication%5D+%3A+%222026%2F08%2F01%22%5BDate+-+Publication%5D%29&retmode=json&retmax=0,,,strict access failure,2026-08-02T19:43:52+00:00,fresh data/link_health.json,[]
https://eutils.ncbi.nlm.nih.gov/entrez/eutils/esearch.fcgi?db=pubmed&term=%28%22Orbitrap%22+OR+%22Vanquish%22+OR+%22Q+Exactive%22+OR+%22TSQ+Altis%22+OR+%22Thermo+Fisher+Scientific%22%29+AND+%28%222026%2F05%2F01%22%5BDate+-+Publication%5D+%3A+%222026%2F07%2F30%22%5BDate+-+Publication%5D%29&retmode=json&retmax=0,Broken,429,https://eutils.ncbi.nlm.nih.gov/entrez/eutils/esearch.fcgi?db=pubmed&term=%28%22Orbitrap%22+OR+%22Vanquish%22+OR+%22Q+Exactive%22+OR+%22TSQ+Altis%22+OR+%22Thermo+Fisher+Scientific%22%29+AND+%28%222026%2F05%2F01%22%5BDate+-+Publication%5D+%3A+%222026%2F07%2F30%22%5BDate+-+Publication%5D%29&retmode=json&retmax=0,,,HTTP 429,2026-08-02T19:58:26+00:00,fresh direct fetch,[]
https://eutils.ncbi.nlm.nih.gov/entrez/eutils/esearch.fcgi?db=pubmed&term=%28%22Orbitrap%22+OR+%22Vanquish%22+OR+%22Q+Exactive%22+OR+%22TSQ+Altis%22+OR+%22Thermo+Fisher+Scientific%22%29+AND+%28%222026%2F05%2F02%22%5BDate+-+Publication%5D+%3A+%222026%2F07%2F31%22%5BDate+-+Publication%5D%29&retmode=json&retmax=0,Broken,429,https://eutils.ncbi.nlm.nih.gov/entrez/eutils/esearch.fcgi?db=pubmed&term=%28%22Orbitrap%22+OR+%22Vanquish%22+OR+%22Q+Exactive%22+OR+%22TSQ+Altis%22+OR+%22Thermo+Fisher+Scientific%22%29+AND+%28%222026%2F05%2F02%22%5BDate+-+Publication%5D+%3A+%222026%2F07%2F31%22%5BDate+-+Publication%5D%29&retmode=json&retmax=0,,,strict access failure,2026-08-02T19:43:52+00:00,fresh data/link_health.json,[]
https://eutils.ncbi.nlm.nih.gov/entrez/eutils/esearch.fcgi?db=pubmed&term=%28%22Orbitrap%22+OR+%22Vanquish%22+OR+%22Q+Exactive%22+OR+%22TSQ+Altis%22+OR+%22Thermo+Fisher+Scientific%22%29+AND+%28%222026%2F05%2F03%22%5BDate+-+Publication%5D+%3A+%222026%2F08%2F01%22%5BDate+-+Publication%5D%29&retmode=json&retmax=0,Broken,429,https://eutils.ncbi.nlm.nih.gov/entrez/eutils/esearch.fcgi?db=pubmed&term=%28%22Orbitrap%22+OR+%22Vanquish%22+OR+%22Q+Exactive%22+OR+%22TSQ+Altis%22+OR+%22Thermo+Fisher+Scientific%22%29+AND+%28%222026%2F05%2F03%22%5BDate+-+Publication%5D+%3A+%222026%2F08%2F01%22%5BDate+-+Publication%5D%29&retmode=json&retmax=0,,,strict access failure,2026-08-02T19:43:52+00:00,fresh data/link_health.json,[]
https://eutils.ncbi.nlm.nih.gov/entrez/eutils/esearch.fcgi?db=pubmed&term=%28%22Orbitrap%22+OR+%22Vanquish%22+OR+%22Q+Exactive%22+OR+%22TSQ+Altis%22+OR+%22Thermo+Fisher+Scientific%22%29+AND+%28%222026%2F05%2F31%22%5BDate+-+Publication%5D+%3A+%222026%2F07%2F30%22%5BDate+-+Publication%5D%29&retmode=json&retmax=0,Broken,429,https://eutils.ncbi.nlm.nih.gov/entrez/eutils/esearch.fcgi?db=pubmed&term=%28%22Orbitrap%22+OR+%22Vanquish%22+OR+%22Q+Exactive%22+OR+%22TSQ+Altis%22+OR+%22Thermo+Fisher+Scientific%22%29+AND+%28%222026%2F05%2F31%22%5BDate+-+Publication%5D+%3A+%222026%2F07%2F30%22%5BDate+-+Publication%5D%29&retmode=json&retmax=0,,,strict access failure,2026-08-02T19:43:52+00:00,fresh data/link_health.json,[]
https://eutils.ncbi.nlm.nih.gov/entrez/eutils/esearch.fcgi?db=pubmed&term=%28%22Orbitrap%22+OR+%22Vanquish%22+OR+%22Q+Exactive%22+OR+%22TSQ+Altis%22+OR+%22Thermo+Fisher+Scientific%22%29+AND+%28%222026%2F06%2F01%22%5BDate+-+Publication%5D+%3A+%222026%2F07%2F31%22%5BDate+-+Publication%5D%29&retmode=json&retmax=0,Broken,429,https://eutils.ncbi.nlm.nih.gov/entrez/eutils/esearch.fcgi?db=pubmed&term=%28%22Orbitrap%22+OR+%22Vanquish%22+OR+%22Q+Exactive%22+OR+%22TSQ+Altis%22+OR+%22Thermo+Fisher+Scientific%22%29+AND+%28%222026%2F06%2F01%22%5BDate+-+Publication%5D+%3A+%222026%2F07%2F31%22%5BDate+-+Publication%5D%29&retmode=json&retmax=0,,,strict access failure,2026-08-02T19:43:52+00:00,fresh data/link_health.json,[]
https://eutils.ncbi.nlm.nih.gov/entrez/eutils/esearch.fcgi?db=pubmed&term=%28%22Orbitrap%22+OR+%22Vanquish%22+OR+%22Q+Exactive%22+OR+%22TSQ+Altis%22+OR+%22Thermo+Fisher+Scientific%22%29+AND+%28%222026%2F06%2F02%22%5BDate+-+Publication%5D+%3A+%222026%2F08%2F01%22%5BDate+-+Publication%5D%29&retmode=json&retmax=0,Broken,429,https://eutils.ncbi.nlm.nih.gov/entrez/eutils/esearch.fcgi?db=pubmed&term=%28%22Orbitrap%22+OR+%22Vanquish%22+OR+%22Q+Exactive%22+OR+%22TSQ+Altis%22+OR+%22Thermo+Fisher+Scientific%22%29+AND+%28%222026%2F06%2F02%22%5BDate+-+Publication%5D+%3A+%222026%2F08%2F01%22%5BDate+-+Publication%5D%29&retmode=json&retmax=0,,,strict access failure,2026-08-02T19:43:52+00:00,fresh data/link_health.json,[]
https://eutils.ncbi.nlm.nih.gov/entrez/eutils/esearch.fcgi?db=pubmed&term=%28%22Orbitrap%22+OR+%22Vanquish%22+OR+%22Q+Exactive%22+OR+%22TSQ+Altis%22+OR+%22Thermo+Fisher+Scientific%22%29+AND+%28%222026%2F06%2F30%22%5BDate+-+Publication%5D+%3A+%222026%2F07%2F30%22%5BDate+-+Publication%5D%29&retmode=json&retmax=0,Broken,429,https://eutils.ncbi.nlm.nih.gov/entrez/eutils/esearch.fcgi?db=pubmed&term=%28%22Orbitrap%22+OR+%22Vanquish%22+OR+%22Q+Exactive%22+OR+%22TSQ+Altis%22+OR+%22Thermo+Fisher+Scientific%22%29+AND+%28%222026%2F06%2F30%22%5BDate+-+Publication%5D+%3A+%222026%2F07%2F30%22%5BDate+-+Publication%5D%29&retmode=json&retmax=0,,,strict access failure,2026-08-02T19:43:52+00:00,fresh data/link_health.json,[]
https://eutils.ncbi.nlm.nih.gov/entrez/eutils/esearch.fcgi?db=pubmed&term=%28%22Orbitrap%22+OR+%22Vanquish%22+OR+%22Q+Exactive%22+OR+%22TSQ+Altis%22+OR+%22Thermo+Fisher+Scientific%22%29+AND+%28%222026%2F07%2F01%22%5BDate+-+Publication%5D+%3A+%222026%2F07%2F31%22%5BDate+-+Publication%5D%29&retmode=json&retmax=0,Broken,429,https://eutils.ncbi.nlm.nih.gov/entrez/eutils/esearch.fcgi?db=pubmed&term=%28%22Orbitrap%22+OR+%22Vanquish%22+OR+%22Q+Exactive%22+OR+%22TSQ+Altis%22+OR+%22Thermo+Fisher+Scientific%22%29+AND+%28%222026%2F07%2F01%22%5BDate+-+Publication%5D+%3A+%222026%2F07%2F31%22%5BDate+-+Publication%5D%29&retmode=json&retmax=0,,,strict access failure,2026-08-02T19:43:53+00:00,fresh data/link_health.json,[]
https://eutils.ncbi.nlm.nih.gov/entrez/eutils/esearch.fcgi?db=pubmed&term=%28%22Orbitrap%22+OR+%22Vanquish%22+OR+%22Q+Exactive%22+OR+%22TSQ+Altis%22+OR+%22Thermo+Fisher+Scientific%22%29+AND+%28%222026%2F07%2F02%22%5BDate+-+Publication%5D+%3A+%222026%2F08%2F01%22%5BDate+-+Publication%5D%29&retmode=json&retmax=0,Broken,429,https://eutils.ncbi.nlm.nih.gov/entrez/eutils/esearch.fcgi?db=pubmed&term=%28%22Orbitrap%22+OR+%22Vanquish%22+OR+%22Q+Exactive%22+OR+%22TSQ+Altis%22+OR+%22Thermo+Fisher+Scientific%22%29+AND+%28%222026%2F07%2F02%22%5BDate+-+Publication%5D+%3A+%222026%2F08%2F01%22%5BDate+-+Publication%5D%29&retmode=json&retmax=0,,,strict access failure,2026-08-02T19:43:53+00:00,fresh data/link_health.json,[]
https://eutils.ncbi.nlm.nih.gov/entrez/eutils/esearch.fcgi?db=pubmed&term=%28%22PerkinElmer+QSight%22+OR+%22PerkinElmer+LC%22+OR+%22PerkinElmer+chromatography%22%29+AND+%28%222021%2F07%2F31%22%5BDate+-+Publication%5D+%3A+%222026%2F07%2F30%22%5BDate+-+Publication%5D%29&retmode=json&retmax=0,Broken,429,https://eutils.ncbi.nlm.nih.gov/entrez/eutils/esearch.fcgi?db=pubmed&term=%28%22PerkinElmer+QSight%22+OR+%22PerkinElmer+LC%22+OR+%22PerkinElmer+chromatography%22%29+AND+%28%222021%2F07%2F31%22%5BDate+-+Publication%5D+%3A+%222026%2F07%2F30%22%5BDate+-+Publication%5D%29&retmode=json&retmax=0,,,strict access failure,2026-08-02T19:43:53+00:00,fresh data/link_health.json,[]
https://eutils.ncbi.nlm.nih.gov/entrez/eutils/esearch.fcgi?db=pubmed&term=%28%22PerkinElmer+QSight%22+OR+%22PerkinElmer+LC%22+OR+%22PerkinElmer+chromatography%22%29+AND+%28%222021%2F08%2F01%22%5BDate+-+Publication%5D+%3A+%222026%2F07%2F31%22%5BDate+-+Publication%5D%29&retmode=json&retmax=0,Broken,429,https://eutils.ncbi.nlm.nih.gov/entrez/eutils/esearch.fcgi?db=pubmed&term=%28%22PerkinElmer+QSight%22+OR+%22PerkinElmer+LC%22+OR+%22PerkinElmer+chromatography%22%29+AND+%28%222021%2F08%2F01%22%5BDate+-+Publication%5D+%3A+%222026%2F07%2F31%22%5BDate+-+Publication%5D%29&retmode=json&retmax=0,,,strict access failure,2026-08-02T19:43:53+00:00,fresh data/link_health.json,[]
https://eutils.ncbi.nlm.nih.gov/entrez/eutils/esearch.fcgi?db=pubmed&term=%28%22PerkinElmer+QSight%22+OR+%22PerkinElmer+LC%22+OR+%22PerkinElmer+chromatography%22%29+AND+%28%222021%2F08%2F02%22%5BDate+-+Publication%5D+%3A+%222026%2F08%2F01%22%5BDate+-+Publication%5D%29&retmode=json&retmax=0,Broken,429,https://eutils.ncbi.nlm.nih.gov/entrez/eutils/esearch.fcgi?db=pubmed&term=%28%22PerkinElmer+QSight%22+OR+%22PerkinElmer+LC%22+OR+%22PerkinElmer+chromatography%22%29+AND+%28%222021%2F08%2F02%22%5BDate+-+Publication%5D+%3A+%222026%2F08%2F01%22%5BDate+-+Publication%5D%29&retmode=json&retmax=0,,,strict access failure,2026-08-02T19:43:53+00:00,fresh data/link_health.json,[]
https://eutils.ncbi.nlm.nih.gov/entrez/eutils/esearch.fcgi?db=pubmed&term=%28%22PerkinElmer+QSight%22+OR+%22PerkinElmer+LC%22+OR+%22PerkinElmer+chromatography%22%29+AND+%28%222023%2F07%2F31%22%5BDate+-+Publication%5D+%3A+%222026%2F07%2F30%22%5BDate+-+Publication%5D%29&retmode=json&retmax=0,Broken,429,https://eutils.ncbi.nlm.nih.gov/entrez/eutils/esearch.fcgi?db=pubmed&term=%28%22PerkinElmer+QSight%22+OR+%22PerkinElmer+LC%22+OR+%22PerkinElmer+chromatography%22%29+AND+%28%222023%2F07%2F31%22%5BDate+-+Publication%5D+%3A+%222026%2F07%2F30%22%5BDate+-+Publication%5D%29&retmode=json&retmax=0,,,strict access failure,2026-08-02T19:43:53+00:00,fresh data/link_health.json,[]
https://eutils.ncbi.nlm.nih.gov/entrez/eutils/esearch.fcgi?db=pubmed&term=%28%22PerkinElmer+QSight%22+OR+%22PerkinElmer+LC%22+OR+%22PerkinElmer+chromatography%22%29+AND+%28%222023%2F08%2F01%22%5BDate+-+Publication%5D+%3A+%222026%2F07%2F31%22%5BDate+-+Publication%5D%29&retmode=json&retmax=0,OK,200,https://eutils.ncbi.nlm.nih.gov/entrez/eutils/esearch.fcgi?db=pubmed&term=%28%22PerkinElmer+QSight%22+OR+%22PerkinElmer+LC%22+OR+%22PerkinElmer+chromatography%22%29+AND+%28%222023%2F08%2F01%22%5BDate+-+Publication%5D+%3A+%222026%2F07%2F31%22%5BDate+-+Publication%5D%29&retmode=json&retmax=0,,,,2026-08-02T19:58:26+00:00,fresh direct fetch,[]
https://eutils.ncbi.nlm.nih.gov/entrez/eutils/esearch.fcgi?db=pubmed&term=%28%22PerkinElmer+QSight%22+OR+%22PerkinElmer+LC%22+OR+%22PerkinElmer+chromatography%22%29+AND+%28%222023%2F08%2F02%22%5BDate+-+Publication%5D+%3A+%222026%2F08%2F01%22%5BDate+-+Publication%5D%29&retmode=json&retmax=0,Broken,429,https://eutils.ncbi.nlm.nih.gov/entrez/eutils/esearch.fcgi?db=pubmed&term=%28%22PerkinElmer+QSight%22+OR+%22PerkinElmer+LC%22+OR+%22PerkinElmer+chromatography%22%29+AND+%28%222023%2F08%2F02%22%5BDate+-+Publication%5D+%3A+%222026%2F08%2F01%22%5BDate+-+Publication%5D%29&retmode=json&retmax=0,,,strict access failure,2026-08-02T19:43:53+00:00,fresh data/link_health.json,[]
https://eutils.ncbi.nlm.nih.gov/entrez/eutils/esearch.fcgi?db=pubmed&term=%28%22PerkinElmer+QSight%22+OR+%22PerkinElmer+LC%22+OR+%22PerkinElmer+chromatography%22%29+AND+%28%222025%2F07%2F30%22%5BDate+-+Publication%5D+%3A+%222026%2F07%2F30%22%5BDate+-+Publication%5D%29&retmode=json&retmax=0,Broken,429,https://eutils.ncbi.nlm.nih.gov/entrez/eutils/esearch.fcgi?db=pubmed&term=%28%22PerkinElmer+QSight%22+OR+%22PerkinElmer+LC%22+OR+%22PerkinElmer+chromatography%22%29+AND+%28%222025%2F07%2F30%22%5BDate+-+Publication%5D+%3A+%222026%2F07%2F30%22%5BDate+-+Publication%5D%29&retmode=json&retmax=0,,,strict access failure,2026-08-02T19:43:53+00:00,fresh data/link_health.json,[]
https://eutils.ncbi.nlm.nih.gov/entrez/eutils/esearch.fcgi?db=pubmed&term=%28%22PerkinElmer+QSight%22+OR+%22PerkinElmer+LC%22+OR+%22PerkinElmer+chromatography%22%29+AND+%28%222025%2F07%2F31%22%5BDate+-+Publication%5D+%3A+%222026%2F07%2F31%22%5BDate+-+Publication%5D%29&retmode=json&retmax=0,Broken,429,https://eutils.ncbi.nlm.nih.gov/entrez/eutils/esearch.fcgi?db=pubmed&term=%28%22PerkinElmer+QSight%22+OR+%22PerkinElmer+LC%22+OR+%22PerkinElmer+chromatography%22%29+AND+%28%222025%2F07%2F31%22%5BDate+-+Publication%5D+%3A+%222026%2F07%2F31%22%5BDate+-+Publication%5D%29&retmode=json&retmax=0,,,strict access failure,2026-08-02T19:43:53+00:00,fresh data/link_health.json,[]
https://eutils.ncbi.nlm.nih.gov/entrez/eutils/esearch.fcgi?db=pubmed&term=%28%22PerkinElmer+QSight%22+OR+%22PerkinElmer+LC%22+OR+%22PerkinElmer+chromatography%22%29+AND+%28%222025%2F08%2F01%22%5BDate+-+Publication%5D+%3A+%222026%2F08%2F01%22%5BDate+-+Publication%5D%29&retmode=json&retmax=0,Broken,429,https://eutils.ncbi.nlm.nih.gov/entrez/eutils/esearch.fcgi?db=pubmed&term=%28%22PerkinElmer+QSight%22+OR+%22PerkinElmer+LC%22+OR+%22PerkinElmer+chromatography%22%29+AND+%28%222025%2F08%2F01%22%5BDate+-+Publication%5D+%3A+%222026%2F08%2F01%22%5BDate+-+Publication%5D%29&retmode=json&retmax=0,,,strict access failure,2026-08-02T19:43:53+00:00,fresh data/link_health.json,[]
https://eutils.ncbi.nlm.nih.gov/entrez/eutils/esearch.fcgi?db=pubmed&term=%28%22PerkinElmer+QSight%22+OR+%22PerkinElmer+LC%22+OR+%22PerkinElmer+chromatography%22%29+AND+%28%222026%2F05%2F01%22%5BDate+-+Publication%5D+%3A+%222026%2F07%2F30%22%5BDate+-+Publication%5D%29&retmode=json&retmax=0,Broken,429,https://eutils.ncbi.nlm.nih.gov/entrez/eutils/esearch.fcgi?db=pubmed&term=%28%22PerkinElmer+QSight%22+OR+%22PerkinElmer+LC%22+OR+%22PerkinElmer+chromatography%22%29+AND+%28%222026%2F05%2F01%22%5BDate+-+Publication%5D+%3A+%222026%2F07%2F30%22%5BDate+-+Publication%5D%29&retmode=json&retmax=0,,,HTTP 429,2026-08-02T19:58:27+00:00,fresh direct fetch,[]
https://eutils.ncbi.nlm.nih.gov/entrez/eutils/esearch.fcgi?db=pubmed&term=%28%22PerkinElmer+QSight%22+OR+%22PerkinElmer+LC%22+OR+%22PerkinElmer+chromatography%22%29+AND+%28%222026%2F05%2F02%22%5BDate+-+Publication%5D+%3A+%222026%2F07%2F31%22%5BDate+-+Publication%5D%29&retmode=json&retmax=0,Broken,429,https://eutils.ncbi.nlm.nih.gov/entrez/eutils/esearch.fcgi?db=pubmed&term=%28%22PerkinElmer+QSight%22+OR+%22PerkinElmer+LC%22+OR+%22PerkinElmer+chromatography%22%29+AND+%28%222026%2F05%2F02%22%5BDate+-+Publication%5D+%3A+%222026%2F07%2F31%22%5BDate+-+Publication%5D%29&retmode=json&retmax=0,,,strict access failure,2026-08-02T19:43:53+00:00,fresh data/link_health.json,[]
https://eutils.ncbi.nlm.nih.gov/entrez/eutils/esearch.fcgi?db=pubmed&term=%28%22PerkinElmer+QSight%22+OR+%22PerkinElmer+LC%22+OR+%22PerkinElmer+chromatography%22%29+AND+%28%222026%2F05%2F03%22%5BDate+-+Publication%5D+%3A+%222026%2F08%2F01%22%5BDate+-+Publication%5D%29&retmode=json&retmax=0,Broken,429,https://eutils.ncbi.nlm.nih.gov/entrez/eutils/esearch.fcgi?db=pubmed&term=%28%22PerkinElmer+QSight%22+OR+%22PerkinElmer+LC%22+OR+%22PerkinElmer+chromatography%22%29+AND+%28%222026%2F05%2F03%22%5BDate+-+Publication%5D+%3A+%222026%2F08%2F01%22%5BDate+-+Publication%5D%29&retmode=json&retmax=0,,,strict access failure,2026-08-02T19:43:53+00:00,fresh data/link_health.json,[]
https://eutils.ncbi.nlm.nih.gov/entrez/eutils/esearch.fcgi?db=pubmed&term=%28%22PerkinElmer+QSight%22+OR+%22PerkinElmer+LC%22+OR+%22PerkinElmer+chromatography%22%29+AND+%28%222026%2F05%2F31%22%5BDate+-+Publication%5D+%3A+%222026%2F07%2F30%22%5BDate+-+Publication%5D%29&retmode=json&retmax=0,Broken,429,https://eutils.ncbi.nlm.nih.gov/entrez/eutils/esearch.fcgi?db=pubmed&term=%28%22PerkinElmer+QSight%22+OR+%22PerkinElmer+LC%22+OR+%22PerkinElmer+chromatography%22%29+AND+%28%222026%2F05%2F31%22%5BDate+-+Publication%5D+%3A+%222026%2F07%2F30%22%5BDate+-+Publication%5D%29&retmode=json&retmax=0,,,strict access failure,2026-08-02T19:43:53+00:00,fresh data/link_health.json,[]
https://eutils.ncbi.nlm.nih.gov/entrez/eutils/esearch.fcgi?db=pubmed&term=%28%22PerkinElmer+QSight%22+OR+%22PerkinElmer+LC%22+OR+%22PerkinElmer+chromatography%22%29+AND+%28%222026%2F06%2F01%22%5BDate+-+Publication%5D+%3A+%222026%2F07%2F31%22%5BDate+-+Publication%5D%29&retmode=json&retmax=0,Broken,429,https://eutils.ncbi.nlm.nih.gov/entrez/eutils/esearch.fcgi?db=pubmed&term=%28%22PerkinElmer+QSight%22+OR+%22PerkinElmer+LC%22+OR+%22PerkinElmer+chromatography%22%29+AND+%28%222026%2F06%2F01%22%5BDate+-+Publication%5D+%3A+%222026%2F07%2F31%22%5BDate+-+Publication%5D%29&retmode=json&retmax=0,,,HTTP 429,2026-08-02T19:58:27+00:00,fresh direct fetch,[]
https://eutils.ncbi.nlm.nih.gov/entrez/eutils/esearch.fcgi?db=pubmed&term=%28%22PerkinElmer+QSight%22+OR+%22PerkinElmer+LC%22+OR+%22PerkinElmer+chromatography%22%29+AND+%28%222026%2F06%2F02%22%5BDate+-+Publication%5D+%3A+%222026%2F08%2F01%22%5BDate+-+Publication%5D%29&retmode=json&retmax=0,Broken,429,https://eutils.ncbi.nlm.nih.gov/entrez/eutils/esearch.fcgi?db=pubmed&term=%28%22PerkinElmer+QSight%22+OR+%22PerkinElmer+LC%22+OR+%22PerkinElmer+chromatography%22%29+AND+%28%222026%2F06%2F02%22%5BDate+-+Publication%5D+%3A+%222026%2F08%2F01%22%5BDate+-+Publication%5D%29&retmode=json&retmax=0,,,strict access failure,2026-08-02T19:43:53+00:00,fresh data/link_health.json,[]
https://eutils.ncbi.nlm.nih.gov/entrez/eutils/esearch.fcgi?db=pubmed&term=%28%22PerkinElmer+QSight%22+OR+%22PerkinElmer+LC%22+OR+%22PerkinElmer+chromatography%22%29+AND+%28%222026%2F06%2F30%22%5BDate+-+Publication%5D+%3A+%222026%2F07%2F30%22%5BDate+-+Publication%5D%29&retmode=json&retmax=0,Broken,429,https://eutils.ncbi.nlm.nih.gov/entrez/eutils/esearch.fcgi?db=pubmed&term=%28%22PerkinElmer+QSight%22+OR+%22PerkinElmer+LC%22+OR+%22PerkinElmer+chromatography%22%29+AND+%28%222026%2F06%2F30%22%5BDate+-+Publication%5D+%3A+%222026%2F07%2F30%22%5BDate+-+Publication%5D%29&retmode=json&retmax=0,,,strict access failure,2026-08-02T19:43:53+00:00,fresh data/link_health.json,[]
https://eutils.ncbi.nlm.nih.gov/entrez/eutils/esearch.fcgi?db=pubmed&term=%28%22PerkinElmer+QSight%22+OR+%22PerkinElmer+LC%22+OR+%22PerkinElmer+chromatography%22%29+AND+%28%222026%2F07%2F01%22%5BDate+-+Publication%5D+%3A+%222026%2F07%2F31%22%5BDate+-+Publication%5D%29&retmode=json&retmax=0,Broken,429,https://eutils.ncbi.nlm.nih.gov/entrez/eutils/esearch.fcgi?db=pubmed&term=%28%22PerkinElmer+QSight%22+OR+%22PerkinElmer+LC%22+OR+%22PerkinElmer+chromatography%22%29+AND+%28%222026%2F07%2F01%22%5BDate+-+Publication%5D+%3A+%222026%2F07%2F31%22%5BDate+-+Publication%5D%29&retmode=json&retmax=0,,,strict access failure,2026-08-02T19:43:53+00:00,fresh data/link_health.json,[]
https://eutils.ncbi.nlm.nih.gov/entrez/eutils/esearch.fcgi?db=pubmed&term=%28%22PerkinElmer+QSight%22+OR+%22PerkinElmer+LC%22+OR+%22PerkinElmer+chromatography%22%29+AND+%28%222026%2F07%2F02%22%5BDate+-+Publication%5D+%3A+%222026%2F08%2F01%22%5BDate+-+Publication%5D%29&retmode=json&retmax=0,Broken,429,https://eutils.ncbi.nlm.nih.gov/entrez/eutils/esearch.fcgi?db=pubmed&term=%28%22PerkinElmer+QSight%22+OR+%22PerkinElmer+LC%22+OR+%22PerkinElmer+chromatography%22%29+AND+%28%222026%2F07%2F02%22%5BDate+-+Publication%5D+%3A+%222026%2F08%2F01%22%5BDate+-+Publication%5D%29&retmode=json&retmax=0,,,strict access failure,2026-08-02T19:43:54+00:00,fresh data/link_health.json,[]
https://eutils.ncbi.nlm.nih.gov/entrez/eutils/esearch.fcgi?db=pubmed&term=%28%22SCIEX%22+OR+%22ZenoTOF%22+OR+%22TripleTOF%22+OR+%22QTRAP%22+OR+%22Echo+MS%22%29+AND+%28%222021%2F07%2F31%22%5BDate+-+Publication%5D+%3A+%222026%2F07%2F30%22%5BDate+-+Publication%5D%29&retmode=json&retmax=0,Broken,429,https://eutils.ncbi.nlm.nih.gov/entrez/eutils/esearch.fcgi?db=pubmed&term=%28%22SCIEX%22+OR+%22ZenoTOF%22+OR+%22TripleTOF%22+OR+%22QTRAP%22+OR+%22Echo+MS%22%29+AND+%28%222021%2F07%2F31%22%5BDate+-+Publication%5D+%3A+%222026%2F07%2F30%22%5BDate+-+Publication%5D%29&retmode=json&retmax=0,,,strict access failure,2026-08-02T19:43:54+00:00,fresh data/link_health.json,[]
https://eutils.ncbi.nlm.nih.gov/entrez/eutils/esearch.fcgi?db=pubmed&term=%28%22SCIEX%22+OR+%22ZenoTOF%22+OR+%22TripleTOF%22+OR+%22QTRAP%22+OR+%22Echo+MS%22%29+AND+%28%222021%2F08%2F01%22%5BDate+-+Publication%5D+%3A+%222026%2F07%2F31%22%5BDate+-+Publication%5D%29&retmode=json&retmax=0,Broken,429,https://eutils.ncbi.nlm.nih.gov/entrez/eutils/esearch.fcgi?db=pubmed&term=%28%22SCIEX%22+OR+%22ZenoTOF%22+OR+%22TripleTOF%22+OR+%22QTRAP%22+OR+%22Echo+MS%22%29+AND+%28%222021%2F08%2F01%22%5BDate+-+Publication%5D+%3A+%222026%2F07%2F31%22%5BDate+-+Publication%5D%29&retmode=json&retmax=0,,,strict access failure,2026-08-02T19:43:54+00:00,fresh data/link_health.json,[]
https://eutils.ncbi.nlm.nih.gov/entrez/eutils/esearch.fcgi?db=pubmed&term=%28%22SCIEX%22+OR+%22ZenoTOF%22+OR+%22TripleTOF%22+OR+%22QTRAP%22+OR+%22Echo+MS%22%29+AND+%28%222021%2F08%2F02%22%5BDate+-+Publication%5D+%3A+%222026%2F08%2F01%22%5BDate+-+Publication%5D%29&retmode=json&retmax=0,Broken,429,https://eutils.ncbi.nlm.nih.gov/entrez/eutils/esearch.fcgi?db=pubmed&term=%28%22SCIEX%22+OR+%22ZenoTOF%22+OR+%22TripleTOF%22+OR+%22QTRAP%22+OR+%22Echo+MS%22%29+AND+%28%222021%2F08%2F02%22%5BDate+-+Publication%5D+%3A+%222026%2F08%2F01%22%5BDate+-+Publication%5D%29&retmode=json&retmax=0,,,strict access failure,2026-08-02T19:43:54+00:00,fresh data/link_health.json,[]
https://eutils.ncbi.nlm.nih.gov/entrez/eutils/esearch.fcgi?db=pubmed&term=%28%22SCIEX%22+OR+%22ZenoTOF%22+OR+%22TripleTOF%22+OR+%22QTRAP%22+OR+%22Echo+MS%22%29+AND+%28%222023%2F07%2F31%22%5BDate+-+Publication%5D+%3A+%222026%2F07%2F30%22%5BDate+-+Publication%5D%29&retmode=json&retmax=0,Broken,429,https://eutils.ncbi.nlm.nih.gov/entrez/eutils/esearch.fcgi?db=pubmed&term=%28%22SCIEX%22+OR+%22ZenoTOF%22+OR+%22TripleTOF%22+OR+%22QTRAP%22+OR+%22Echo+MS%22%29+AND+%28%222023%2F07%2F31%22%5BDate+-+Publication%5D+%3A+%222026%2F07%2F30%22%5BDate+-+Publication%5D%29&retmode=json&retmax=0,,,strict access failure,2026-08-02T19:43:54+00:00,fresh data/link_health.json,[]
https://eutils.ncbi.nlm.nih.gov/entrez/eutils/esearch.fcgi?db=pubmed&term=%28%22SCIEX%22+OR+%22ZenoTOF%22+OR+%22TripleTOF%22+OR+%22QTRAP%22+OR+%22Echo+MS%22%29+AND+%28%222023%2F08%2F01%22%5BDate+-+Publication%5D+%3A+%222026%2F07%2F31%22%5BDate+-+Publication%5D%29&retmode=json&retmax=0,Broken,429,https://eutils.ncbi.nlm.nih.gov/entrez/eutils/esearch.fcgi?db=pubmed&term=%28%22SCIEX%22+OR+%22ZenoTOF%22+OR+%22TripleTOF%22+OR+%22QTRAP%22+OR+%22Echo+MS%22%29+AND+%28%222023%2F08%2F01%22%5BDate+-+Publication%5D+%3A+%222026%2F07%2F31%22%5BDate+-+Publication%5D%29&retmode=json&retmax=0,,,strict access failure,2026-08-02T19:43:54+00:00,fresh data/link_health.json,[]
https://eutils.ncbi.nlm.nih.gov/entrez/eutils/esearch.fcgi?db=pubmed&term=%28%22SCIEX%22+OR+%22ZenoTOF%22+OR+%22TripleTOF%22+OR+%22QTRAP%22+OR+%22Echo+MS%22%29+AND+%28%222023%2F08%2F02%22%5BDate+-+Publication%5D+%3A+%222026%2F08%2F01%22%5BDate+-+Publication%5D%29&retmode=json&retmax=0,Broken,429,https://eutils.ncbi.nlm.nih.gov/entrez/eutils/esearch.fcgi?db=pubmed&term=%28%22SCIEX%22+OR+%22ZenoTOF%22+OR+%22TripleTOF%22+OR+%22QTRAP%22+OR+%22Echo+MS%22%29+AND+%28%222023%2F08%2F02%22%5BDate+-+Publication%5D+%3A+%222026%2F08%2F01%22%5BDate+-+Publication%5D%29&retmode=json&retmax=0,,,strict access failure,2026-08-02T19:43:54+00:00,fresh data/link_health.json,[]
https://eutils.ncbi.nlm.nih.gov/entrez/eutils/esearch.fcgi?db=pubmed&term=%28%22SCIEX%22+OR+%22ZenoTOF%22+OR+%22TripleTOF%22+OR+%22QTRAP%22+OR+%22Echo+MS%22%29+AND+%28%222025%2F07%2F30%22%5BDate+-+Publication%5D+%3A+%222026%2F07%2F30%22%5BDate+-+Publication%5D%29&retmode=json&retmax=0,Broken,429,https://eutils.ncbi.nlm.nih.gov/entrez/eutils/esearch.fcgi?db=pubmed&term=%28%22SCIEX%22+OR+%22ZenoTOF%22+OR+%22TripleTOF%22+OR+%22QTRAP%22+OR+%22Echo+MS%22%29+AND+%28%222025%2F07%2F30%22%5BDate+-+Publication%5D+%3A+%222026%2F07%2F30%22%5BDate+-+Publication%5D%29&retmode=json&retmax=0,,,strict access failure,2026-08-02T19:43:54+00:00,fresh data/link_health.json,[]
https://eutils.ncbi.nlm.nih.gov/entrez/eutils/esearch.fcgi?db=pubmed&term=%28%22SCIEX%22+OR+%22ZenoTOF%22+OR+%22TripleTOF%22+OR+%22QTRAP%22+OR+%22Echo+MS%22%29+AND+%28%222025%2F07%2F31%22%5BDate+-+Publication%5D+%3A+%222026%2F07%2F31%22%5BDate+-+Publication%5D%29&retmode=json&retmax=0,Broken,429,https://eutils.ncbi.nlm.nih.gov/entrez/eutils/esearch.fcgi?db=pubmed&term=%28%22SCIEX%22+OR+%22ZenoTOF%22+OR+%22TripleTOF%22+OR+%22QTRAP%22+OR+%22Echo+MS%22%29+AND+%28%222025%2F07%2F31%22%5BDate+-+Publication%5D+%3A+%222026%2F07%2F31%22%5BDate+-+Publication%5D%29&retmode=json&retmax=0,,,strict access failure,2026-08-02T19:43:54+00:00,fresh data/link_health.json,[]
https://eutils.ncbi.nlm.nih.gov/entrez/eutils/esearch.fcgi?db=pubmed&term=%28%22SCIEX%22+OR+%22ZenoTOF%22+OR+%22TripleTOF%22+OR+%22QTRAP%22+OR+%22Echo+MS%22%29+AND+%28%222025%2F08%2F01%22%5BDate+-+Publication%5D+%3A+%222026%2F08%2F01%22%5BDate+-+Publication%5D%29&retmode=json&retmax=0,Broken,429,https://eutils.ncbi.nlm.nih.gov/entrez/eutils/esearch.fcgi?db=pubmed&term=%28%22SCIEX%22+OR+%22ZenoTOF%22+OR+%22TripleTOF%22+OR+%22QTRAP%22+OR+%22Echo+MS%22%29+AND+%28%222025%2F08%2F01%22%5BDate+-+Publication%5D+%3A+%222026%2F08%2F01%22%5BDate+-+Publication%5D%29&retmode=json&retmax=0,,,strict access failure,2026-08-02T19:43:54+00:00,fresh data/link_health.json,[]
https://eutils.ncbi.nlm.nih.gov/entrez/eutils/esearch.fcgi?db=pubmed&term=%28%22SCIEX%22+OR+%22ZenoTOF%22+OR+%22TripleTOF%22+OR+%22QTRAP%22+OR+%22Echo+MS%22%29+AND+%28%222026%2F05%2F01%22%5BDate+-+Publication%5D+%3A+%222026%2F07%2F30%22%5BDate+-+Publication%5D%29&retmode=json&retmax=0,Broken,429,https://eutils.ncbi.nlm.nih.gov/entrez/eutils/esearch.fcgi?db=pubmed&term=%28%22SCIEX%22+OR+%22ZenoTOF%22+OR+%22TripleTOF%22+OR+%22QTRAP%22+OR+%22Echo+MS%22%29+AND+%28%222026%2F05%2F01%22%5BDate+-+Publication%5D+%3A+%222026%2F07%2F30%22%5BDate+-+Publication%5D%29&retmode=json&retmax=0,,,strict access failure,2026-08-02T19:43:54+00:00,fresh data/link_health.json,[]
https://eutils.ncbi.nlm.nih.gov/entrez/eutils/esearch.fcgi?db=pubmed&term=%28%22SCIEX%22+OR+%22ZenoTOF%22+OR+%22TripleTOF%22+OR+%22QTRAP%22+OR+%22Echo+MS%22%29+AND+%28%222026%2F05%2F02%22%5BDate+-+Publication%5D+%3A+%222026%2F07%2F31%22%5BDate+-+Publication%5D%29&retmode=json&retmax=0,Broken,429,https://eutils.ncbi.nlm.nih.gov/entrez/eutils/esearch.fcgi?db=pubmed&term=%28%22SCIEX%22+OR+%22ZenoTOF%22+OR+%22TripleTOF%22+OR+%22QTRAP%22+OR+%22Echo+MS%22%29+AND+%28%222026%2F05%2F02%22%5BDate+-+Publication%5D+%3A+%222026%2F07%2F31%22%5BDate+-+Publication%5D%29&retmode=json&retmax=0,,,strict access failure,2026-08-02T19:43:54+00:00,fresh data/link_health.json,[]
https://eutils.ncbi.nlm.nih.gov/entrez/eutils/esearch.fcgi?db=pubmed&term=%28%22SCIEX%22+OR+%22ZenoTOF%22+OR+%22TripleTOF%22+OR+%22QTRAP%22+OR+%22Echo+MS%22%29+AND+%28%222026%2F05%2F03%22%5BDate+-+Publication%5D+%3A+%222026%2F08%2F01%22%5BDate+-+Publication%5D%29&retmode=json&retmax=0,Broken,429,https://eutils.ncbi.nlm.nih.gov/entrez/eutils/esearch.fcgi?db=pubmed&term=%28%22SCIEX%22+OR+%22ZenoTOF%22+OR+%22TripleTOF%22+OR+%22QTRAP%22+OR+%22Echo+MS%22%29+AND+%28%222026%2F05%2F03%22%5BDate+-+Publication%5D+%3A+%222026%2F08%2F01%22%5BDate+-+Publication%5D%29&retmode=json&retmax=0,,,strict access failure,2026-08-02T19:43:54+00:00,fresh data/link_health.json,[]
https://eutils.ncbi.nlm.nih.gov/entrez/eutils/esearch.fcgi?db=pubmed&term=%28%22SCIEX%22+OR+%22ZenoTOF%22+OR+%22TripleTOF%22+OR+%22QTRAP%22+OR+%22Echo+MS%22%29+AND+%28%222026%2F05%2F31%22%5BDate+-+Publication%5D+%3A+%222026%2F07%2F30%22%5BDate+-+Publication%5D%29&retmode=json&retmax=0,Broken,429,https://eutils.ncbi.nlm.nih.gov/entrez/eutils/esearch.fcgi?db=pubmed&term=%28%22SCIEX%22+OR+%22ZenoTOF%22+OR+%22TripleTOF%22+OR+%22QTRAP%22+OR+%22Echo+MS%22%29+AND+%28%222026%2F05%2F31%22%5BDate+-+Publication%5D+%3A+%222026%2F07%2F30%22%5BDate+-+Publication%5D%29&retmode=json&retmax=0,,,strict access failure,2026-08-02T19:43:54+00:00,fresh data/link_health.json,[]
https://eutils.ncbi.nlm.nih.gov/entrez/eutils/esearch.fcgi?db=pubmed&term=%28%22SCIEX%22+OR+%22ZenoTOF%22+OR+%22TripleTOF%22+OR+%22QTRAP%22+OR+%22Echo+MS%22%29+AND+%28%222026%2F06%2F01%22%5BDate+-+Publication%5D+%3A+%222026%2F07%2F31%22%5BDate+-+Publication%5D%29&retmode=json&retmax=0,Broken,429,https://eutils.ncbi.nlm.nih.gov/entrez/eutils/esearch.fcgi?db=pubmed&term=%28%22SCIEX%22+OR+%22ZenoTOF%22+OR+%22TripleTOF%22+OR+%22QTRAP%22+OR+%22Echo+MS%22%29+AND+%28%222026%2F06%2F01%22%5BDate+-+Publication%5D+%3A+%222026%2F07%2F31%22%5BDate+-+Publication%5D%29&retmode=json&retmax=0,,,strict access failure,2026-08-02T19:43:54+00:00,fresh data/link_health.json,[]
https://eutils.ncbi.nlm.nih.gov/entrez/eutils/esearch.fcgi?db=pubmed&term=%28%22SCIEX%22+OR+%22ZenoTOF%22+OR+%22TripleTOF%22+OR+%22QTRAP%22+OR+%22Echo+MS%22%29+AND+%28%222026%2F06%2F02%22%5BDate+-+Publication%5D+%3A+%222026%2F08%2F01%22%5BDate+-+Publication%5D%29&retmode=json&retmax=0,Broken,429,https://eutils.ncbi.nlm.nih.gov/entrez/eutils/esearch.fcgi?db=pubmed&term=%28%22SCIEX%22+OR+%22ZenoTOF%22+OR+%22TripleTOF%22+OR+%22QTRAP%22+OR+%22Echo+MS%22%29+AND+%28%222026%2F06%2F02%22%5BDate+-+Publication%5D+%3A+%222026%2F08%2F01%22%5BDate+-+Publication%5D%29&retmode=json&retmax=0,,,strict access failure,2026-08-02T19:43:55+00:00,fresh data/link_health.json,[]
https://eutils.ncbi.nlm.nih.gov/entrez/eutils/esearch.fcgi?db=pubmed&term=%28%22SCIEX%22+OR+%22ZenoTOF%22+OR+%22TripleTOF%22+OR+%22QTRAP%22+OR+%22Echo+MS%22%29+AND+%28%222026%2F06%2F30%22%5BDate+-+Publication%5D+%3A+%222026%2F07%2F30%22%5BDate+-+Publication%5D%29&retmode=json&retmax=0,Broken,429,https://eutils.ncbi.nlm.nih.gov/entrez/eutils/esearch.fcgi?db=pubmed&term=%28%22SCIEX%22+OR+%22ZenoTOF%22+OR+%22TripleTOF%22+OR+%22QTRAP%22+OR+%22Echo+MS%22%29+AND+%28%222026%2F06%2F30%22%5BDate+-+Publication%5D+%3A+%222026%2F07%2F30%22%5BDate+-+Publication%5D%29&retmode=json&retmax=0,,,strict access failure,2026-08-02T19:43:55+00:00,fresh data/link_health.json,[]
https://eutils.ncbi.nlm.nih.gov/entrez/eutils/esearch.fcgi?db=pubmed&term=%28%22SCIEX%22+OR+%22ZenoTOF%22+OR+%22TripleTOF%22+OR+%22QTRAP%22+OR+%22Echo+MS%22%29+AND+%28%222026%2F07%2F01%22%5BDate+-+Publication%5D+%3A+%222026%2F07%2F31%22%5BDate+-+Publication%5D%29&retmode=json&retmax=0,Broken,429,https://eutils.ncbi.nlm.nih.gov/entrez/eutils/esearch.fcgi?db=pubmed&term=%28%22SCIEX%22+OR+%22ZenoTOF%22+OR+%22TripleTOF%22+OR+%22QTRAP%22+OR+%22Echo+MS%22%29+AND+%28%222026%2F07%2F01%22%5BDate+-+Publication%5D+%3A+%222026%2F07%2F31%22%5BDate+-+Publication%5D%29&retmode=json&retmax=0,,,strict access failure,2026-08-02T19:43:55+00:00,fresh data/link_health.json,[]
https://eutils.ncbi.nlm.nih.gov/entrez/eutils/esearch.fcgi?db=pubmed&term=%28%22SCIEX%22+OR+%22ZenoTOF%22+OR+%22TripleTOF%22+OR+%22QTRAP%22+OR+%22Echo+MS%22%29+AND+%28%222026%2F07%2F02%22%5BDate+-+Publication%5D+%3A+%222026%2F08%2F01%22%5BDate+-+Publication%5D%29&retmode=json&retmax=0,Broken,429,https://eutils.ncbi.nlm.nih.gov/entrez/eutils/esearch.fcgi?db=pubmed&term=%28%22SCIEX%22+OR+%22ZenoTOF%22+OR+%22TripleTOF%22+OR+%22QTRAP%22+OR+%22Echo+MS%22%29+AND+%28%222026%2F07%2F02%22%5BDate+-+Publication%5D+%3A+%222026%2F08%2F01%22%5BDate+-+Publication%5D%29&retmode=json&retmax=0,,,strict access failure,2026-08-02T19:43:55+00:00,fresh data/link_health.json,[]
https://eutils.ncbi.nlm.nih.gov/entrez/eutils/esearch.fcgi?db=pubmed&term=%28%22Shimadzu+LCMS%22+OR+%22Shimadzu+Nexera%22+OR+%22LCMS-8060%22+OR+%22LCMS-9030%22+OR+%22LCMS-9050%22%29+AND+%28%222021%2F07%2F31%22%5BDate+-+Publication%5D+%3A+%222026%2F07%2F30%22%5BDate+-+Publication%5D%29&retmode=json&retmax=0,Broken,429,https://eutils.ncbi.nlm.nih.gov/entrez/eutils/esearch.fcgi?db=pubmed&term=%28%22Shimadzu+LCMS%22+OR+%22Shimadzu+Nexera%22+OR+%22LCMS-8060%22+OR+%22LCMS-9030%22+OR+%22LCMS-9050%22%29+AND+%28%222021%2F07%2F31%22%5BDate+-+Publication%5D+%3A+%222026%2F07%2F30%22%5BDate+-+Publication%5D%29&retmode=json&retmax=0,,,strict access failure,2026-08-02T19:43:55+00:00,fresh data/link_health.json,[]
https://eutils.ncbi.nlm.nih.gov/entrez/eutils/esearch.fcgi?db=pubmed&term=%28%22Shimadzu+LCMS%22+OR+%22Shimadzu+Nexera%22+OR+%22LCMS-8060%22+OR+%22LCMS-9030%22+OR+%22LCMS-9050%22%29+AND+%28%222021%2F08%2F01%22%5BDate+-+Publication%5D+%3A+%222026%2F07%2F31%22%5BDate+-+Publication%5D%29&retmode=json&retmax=0,Broken,429,https://eutils.ncbi.nlm.nih.gov/entrez/eutils/esearch.fcgi?db=pubmed&term=%28%22Shimadzu+LCMS%22+OR+%22Shimadzu+Nexera%22+OR+%22LCMS-8060%22+OR+%22LCMS-9030%22+OR+%22LCMS-9050%22%29+AND+%28%222021%2F08%2F01%22%5BDate+-+Publication%5D+%3A+%222026%2F07%2F31%22%5BDate+-+Publication%5D%29&retmode=json&retmax=0,,,strict access failure,2026-08-02T19:43:55+00:00,fresh data/link_health.json,[]
https://eutils.ncbi.nlm.nih.gov/entrez/eutils/esearch.fcgi?db=pubmed&term=%28%22Shimadzu+LCMS%22+OR+%22Shimadzu+Nexera%22+OR+%22LCMS-8060%22+OR+%22LCMS-9030%22+OR+%22LCMS-9050%22%29+AND+%28%222021%2F08%2F02%22%5BDate+-+Publication%5D+%3A+%222026%2F08%2F01%22%5BDate+-+Publication%5D%29&retmode=json&retmax=0,Broken,429,https://eutils.ncbi.nlm.nih.gov/entrez/eutils/esearch.fcgi?db=pubmed&term=%28%22Shimadzu+LCMS%22+OR+%22Shimadzu+Nexera%22+OR+%22LCMS-8060%22+OR+%22LCMS-9030%22+OR+%22LCMS-9050%22%29+AND+%28%222021%2F08%2F02%22%5BDate+-+Publication%5D+%3A+%222026%2F08%2F01%22%5BDate+-+Publication%5D%29&retmode=json&retmax=0,,,strict access failure,2026-08-02T19:43:55+00:00,fresh data/link_health.json,[]
https://eutils.ncbi.nlm.nih.gov/entrez/eutils/esearch.fcgi?db=pubmed&term=%28%22Shimadzu+LCMS%22+OR+%22Shimadzu+Nexera%22+OR+%22LCMS-8060%22+OR+%22LCMS-9030%22+OR+%22LCMS-9050%22%29+AND+%28%222023%2F07%2F31%22%5BDate+-+Publication%5D+%3A+%222026%2F07%2F30%22%5BDate+-+Publication%5D%29&retmode=json&retmax=0,Broken,429,https://eutils.ncbi.nlm.nih.gov/entrez/eutils/esearch.fcgi?db=pubmed&term=%28%22Shimadzu+LCMS%22+OR+%22Shimadzu+Nexera%22+OR+%22LCMS-8060%22+OR+%22LCMS-9030%22+OR+%22LCMS-9050%22%29+AND+%28%222023%2F07%2F31%22%5BDate+-+Publication%5D+%3A+%222026%2F07%2F30%22%5BDate+-+Publication%5D%29&retmode=json&retmax=0,,,strict access failure,2026-08-02T19:43:55+00:00,fresh data/link_health.json,[]
https://eutils.ncbi.nlm.nih.gov/entrez/eutils/esearch.fcgi?db=pubmed&term=%28%22Shimadzu+LCMS%22+OR+%22Shimadzu+Nexera%22+OR+%22LCMS-8060%22+OR+%22LCMS-9030%22+OR+%22LCMS-9050%22%29+AND+%28%222023%2F08%2F01%22%5BDate+-+Publication%5D+%3A+%222026%2F07%2F31%22%5BDate+-+Publication%5D%29&retmode=json&retmax=0,Broken,429,https://eutils.ncbi.nlm.nih.gov/entrez/eutils/esearch.fcgi?db=pubmed&term=%28%22Shimadzu+LCMS%22+OR+%22Shimadzu+Nexera%22+OR+%22LCMS-8060%22+OR+%22LCMS-9030%22+OR+%22LCMS-9050%22%29+AND+%28%222023%2F08%2F01%22%5BDate+-+Publication%5D+%3A+%222026%2F07%2F31%22%5BDate+-+Publication%5D%29&retmode=json&retmax=0,,,strict access failure,2026-08-02T19:43:55+00:00,fresh data/link_health.json,[]
https://eutils.ncbi.nlm.nih.gov/entrez/eutils/esearch.fcgi?db=pubmed&term=%28%22Shimadzu+LCMS%22+OR+%22Shimadzu+Nexera%22+OR+%22LCMS-8060%22+OR+%22LCMS-9030%22+OR+%22LCMS-9050%22%29+AND+%28%222023%2F08%2F02%22%5BDate+-+Publication%5D+%3A+%222026%2F08%2F01%22%5BDate+-+Publication%5D%29&retmode=json&retmax=0,Broken,429,https://eutils.ncbi.nlm.nih.gov/entrez/eutils/esearch.fcgi?db=pubmed&term=%28%22Shimadzu+LCMS%22+OR+%22Shimadzu+Nexera%22+OR+%22LCMS-8060%22+OR+%22LCMS-9030%22+OR+%22LCMS-9050%22%29+AND+%28%222023%2F08%2F02%22%5BDate+-+Publication%5D+%3A+%222026%2F08%2F01%22%5BDate+-+Publication%5D%29&retmode=json&retmax=0,,,strict access failure,2026-08-02T19:43:55+00:00,fresh data/link_health.json,[]
https://eutils.ncbi.nlm.nih.gov/entrez/eutils/esearch.fcgi?db=pubmed&term=%28%22Shimadzu+LCMS%22+OR+%22Shimadzu+Nexera%22+OR+%22LCMS-8060%22+OR+%22LCMS-9030%22+OR+%22LCMS-9050%22%29+AND+%28%222025%2F07%2F30%22%5BDate+-+Publication%5D+%3A+%222026%2F07%2F30%22%5BDate+-+Publication%5D%29&retmode=json&retmax=0,Broken,429,https://eutils.ncbi.nlm.nih.gov/entrez/eutils/esearch.fcgi?db=pubmed&term=%28%22Shimadzu+LCMS%22+OR+%22Shimadzu+Nexera%22+OR+%22LCMS-8060%22+OR+%22LCMS-9030%22+OR+%22LCMS-9050%22%29+AND+%28%222025%2F07%2F30%22%5BDate+-+Publication%5D+%3A+%222026%2F07%2F30%22%5BDate+-+Publication%5D%29&retmode=json&retmax=0,,,strict access failure,2026-08-02T19:43:55+00:00,fresh data/link_health.json,[]
https://eutils.ncbi.nlm.nih.gov/entrez/eutils/esearch.fcgi?db=pubmed&term=%28%22Shimadzu+LCMS%22+OR+%22Shimadzu+Nexera%22+OR+%22LCMS-8060%22+OR+%22LCMS-9030%22+OR+%22LCMS-9050%22%29+AND+%28%222025%2F07%2F31%22%5BDate+-+Publication%5D+%3A+%222026%2F07%2F31%22%5BDate+-+Publication%5D%29&retmode=json&retmax=0,Broken,429,https://eutils.ncbi.nlm.nih.gov/entrez/eutils/esearch.fcgi?db=pubmed&term=%28%22Shimadzu+LCMS%22+OR+%22Shimadzu+Nexera%22+OR+%22LCMS-8060%22+OR+%22LCMS-9030%22+OR+%22LCMS-9050%22%29+AND+%28%222025%2F07%2F31%22%5BDate+-+Publication%5D+%3A+%222026%2F07%2F31%22%5BDate+-+Publication%5D%29&retmode=json&retmax=0,,,strict access failure,2026-08-02T19:43:55+00:00,fresh data/link_health.json,[]
https://eutils.ncbi.nlm.nih.gov/entrez/eutils/esearch.fcgi?db=pubmed&term=%28%22Shimadzu+LCMS%22+OR+%22Shimadzu+Nexera%22+OR+%22LCMS-8060%22+OR+%22LCMS-9030%22+OR+%22LCMS-9050%22%29+AND+%28%222025%2F08%2F01%22%5BDate+-+Publication%5D+%3A+%222026%2F08%2F01%22%5BDate+-+Publication%5D%29&retmode=json&retmax=0,Broken,429,https://eutils.ncbi.nlm.nih.gov/entrez/eutils/esearch.fcgi?db=pubmed&term=%28%22Shimadzu+LCMS%22+OR+%22Shimadzu+Nexera%22+OR+%22LCMS-8060%22+OR+%22LCMS-9030%22+OR+%22LCMS-9050%22%29+AND+%28%222025%2F08%2F01%22%5BDate+-+Publication%5D+%3A+%222026%2F08%2F01%22%5BDate+-+Publication%5D%29&retmode=json&retmax=0,,,strict access failure,2026-08-02T19:43:55+00:00,fresh data/link_health.json,[]
https://eutils.ncbi.nlm.nih.gov/entrez/eutils/esearch.fcgi?db=pubmed&term=%28%22Shimadzu+LCMS%22+OR+%22Shimadzu+Nexera%22+OR+%22LCMS-8060%22+OR+%22LCMS-9030%22+OR+%22LCMS-9050%22%29+AND+%28%222026%2F05%2F01%22%5BDate+-+Publication%5D+%3A+%222026%2F07%2F30%22%5BDate+-+Publication%5D%29&retmode=json&retmax=0,Broken,429,https://eutils.ncbi.nlm.nih.gov/entrez/eutils/esearch.fcgi?db=pubmed&term=%28%22Shimadzu+LCMS%22+OR+%22Shimadzu+Nexera%22+OR+%22LCMS-8060%22+OR+%22LCMS-9030%22+OR+%22LCMS-9050%22%29+AND+%28%222026%2F05%2F01%22%5BDate+-+Publication%5D+%3A+%222026%2F07%2F30%22%5BDate+-+Publication%5D%29&retmode=json&retmax=0,,,strict access failure,2026-08-02T19:43:55+00:00,fresh data/link_health.json,[]
https://eutils.ncbi.nlm.nih.gov/entrez/eutils/esearch.fcgi?db=pubmed&term=%28%22Shimadzu+LCMS%22+OR+%22Shimadzu+Nexera%22+OR+%22LCMS-8060%22+OR+%22LCMS-9030%22+OR+%22LCMS-9050%22%29+AND+%28%222026%2F05%2F02%22%5BDate+-+Publication%5D+%3A+%222026%2F07%2F31%22%5BDate+-+Publication%5D%29&retmode=json&retmax=0,Broken,429,https://eutils.ncbi.nlm.nih.gov/entrez/eutils/esearch.fcgi?db=pubmed&term=%28%22Shimadzu+LCMS%22+OR+%22Shimadzu+Nexera%22+OR+%22LCMS-8060%22+OR+%22LCMS-9030%22+OR+%22LCMS-9050%22%29+AND+%28%222026%2F05%2F02%22%5BDate+-+Publication%5D+%3A+%222026%2F07%2F31%22%5BDate+-+Publication%5D%29&retmode=json&retmax=0,,,strict access failure,2026-08-02T19:43:55+00:00,fresh data/link_health.json,[]
https://eutils.ncbi.nlm.nih.gov/entrez/eutils/esearch.fcgi?db=pubmed&term=%28%22Shimadzu+LCMS%22+OR+%22Shimadzu+Nexera%22+OR+%22LCMS-8060%22+OR+%22LCMS-9030%22+OR+%22LCMS-9050%22%29+AND+%28%222026%2F05%2F03%22%5BDate+-+Publication%5D+%3A+%222026%2F08%2F01%22%5BDate+-+Publication%5D%29&retmode=json&retmax=0,Broken,429,https://eutils.ncbi.nlm.nih.gov/entrez/eutils/esearch.fcgi?db=pubmed&term=%28%22Shimadzu+LCMS%22+OR+%22Shimadzu+Nexera%22+OR+%22LCMS-8060%22+OR+%22LCMS-9030%22+OR+%22LCMS-9050%22%29+AND+%28%222026%2F05%2F03%22%5BDate+-+Publication%5D+%3A+%222026%2F08%2F01%22%5BDate+-+Publication%5D%29&retmode=json&retmax=0,,,strict access failure,2026-08-02T19:43:55+00:00,fresh data/link_health.json,[]
https://eutils.ncbi.nlm.nih.gov/entrez/eutils/esearch.fcgi?db=pubmed&term=%28%22Shimadzu+LCMS%22+OR+%22Shimadzu+Nexera%22+OR+%22LCMS-8060%22+OR+%22LCMS-9030%22+OR+%22LCMS-9050%22%29+AND+%28%222026%2F05%2F31%22%5BDate+-+Publication%5D+%3A+%222026%2F07%2F30%22%5BDate+-+Publication%5D%29&retmode=json&retmax=0,Broken,429,https://eutils.ncbi.nlm.nih.gov/entrez/eutils/esearch.fcgi?db=pubmed&term=%28%22Shimadzu+LCMS%22+OR+%22Shimadzu+Nexera%22+OR+%22LCMS-8060%22+OR+%22LCMS-9030%22+OR+%22LCMS-9050%22%29+AND+%28%222026%2F05%2F31%22%5BDate+-+Publication%5D+%3A+%222026%2F07%2F30%22%5BDate+-+Publication%5D%29&retmode=json&retmax=0,,,strict access failure,2026-08-02T19:43:56+00:00,fresh data/link_health.json,[]
https://eutils.ncbi.nlm.nih.gov/entrez/eutils/esearch.fcgi?db=pubmed&term=%28%22Shimadzu+LCMS%22+OR+%22Shimadzu+Nexera%22+OR+%22LCMS-8060%22+OR+%22LCMS-9030%22+OR+%22LCMS-9050%22%29+AND+%28%222026%2F06%2F01%22%5BDate+-+Publication%5D+%3A+%222026%2F07%2F31%22%5BDate+-+Publication%5D%29&retmode=json&retmax=0,Broken,429,https://eutils.ncbi.nlm.nih.gov/entrez/eutils/esearch.fcgi?db=pubmed&term=%28%22Shimadzu+LCMS%22+OR+%22Shimadzu+Nexera%22+OR+%22LCMS-8060%22+OR+%22LCMS-9030%22+OR+%22LCMS-9050%22%29+AND+%28%222026%2F06%2F01%22%5BDate+-+Publication%5D+%3A+%222026%2F07%2F31%22%5BDate+-+Publication%5D%29&retmode=json&retmax=0,,,strict access failure,2026-08-02T19:43:56+00:00,fresh data/link_health.json,[]
https://eutils.ncbi.nlm.nih.gov/entrez/eutils/esearch.fcgi?db=pubmed&term=%28%22Shimadzu+LCMS%22+OR+%22Shimadzu+Nexera%22+OR+%22LCMS-8060%22+OR+%22LCMS-9030%22+OR+%22LCMS-9050%22%29+AND+%28%222026%2F06%2F02%22%5BDate+-+Publication%5D+%3A+%222026%2F08%2F01%22%5BDate+-+Publication%5D%29&retmode=json&retmax=0,Broken,429,https://eutils.ncbi.nlm.nih.gov/entrez/eutils/esearch.fcgi?db=pubmed&term=%28%22Shimadzu+LCMS%22+OR+%22Shimadzu+Nexera%22+OR+%22LCMS-8060%22+OR+%22LCMS-9030%22+OR+%22LCMS-9050%22%29+AND+%28%222026%2F06%2F02%22%5BDate+-+Publication%5D+%3A+%222026%2F08%2F01%22%5BDate+-+Publication%5D%29&retmode=json&retmax=0,,,strict access failure,2026-08-02T19:43:56+00:00,fresh data/link_health.json,[]
https://eutils.ncbi.nlm.nih.gov/entrez/eutils/esearch.fcgi?db=pubmed&term=%28%22Shimadzu+LCMS%22+OR+%22Shimadzu+Nexera%22+OR+%22LCMS-8060%22+OR+%22LCMS-9030%22+OR+%22LCMS-9050%22%29+AND+%28%222026%2F06%2F30%22%5BDate+-+Publication%5D+%3A+%222026%2F07%2F30%22%5BDate+-+Publication%5D%29&retmode=json&retmax=0,Broken,429,https://eutils.ncbi.nlm.nih.gov/entrez/eutils/esearch.fcgi?db=pubmed&term=%28%22Shimadzu+LCMS%22+OR+%22Shimadzu+Nexera%22+OR+%22LCMS-8060%22+OR+%22LCMS-9030%22+OR+%22LCMS-9050%22%29+AND+%28%222026%2F06%2F30%22%5BDate+-+Publication%5D+%3A+%222026%2F07%2F30%22%5BDate+-+Publication%5D%29&retmode=json&retmax=0,,,strict access failure,2026-08-02T19:43:56+00:00,fresh data/link_health.json,[]
https://eutils.ncbi.nlm.nih.gov/entrez/eutils/esearch.fcgi?db=pubmed&term=%28%22Shimadzu+LCMS%22+OR+%22Shimadzu+Nexera%22+OR+%22LCMS-8060%22+OR+%22LCMS-9030%22+OR+%22LCMS-9050%22%29+AND+%28%222026%2F07%2F01%22%5BDate+-+Publication%5D+%3A+%222026%2F07%2F31%22%5BDate+-+Publication%5D%29&retmode=json&retmax=0,Broken,429,https://eutils.ncbi.nlm.nih.gov/entrez/eutils/esearch.fcgi?db=pubmed&term=%28%22Shimadzu+LCMS%22+OR+%22Shimadzu+Nexera%22+OR+%22LCMS-8060%22+OR+%22LCMS-9030%22+OR+%22LCMS-9050%22%29+AND+%28%222026%2F07%2F01%22%5BDate+-+Publication%5D+%3A+%222026%2F07%2F31%22%5BDate+-+Publication%5D%29&retmode=json&retmax=0,,,strict access failure,2026-08-02T19:43:56+00:00,fresh data/link_health.json,[]
https://eutils.ncbi.nlm.nih.gov/entrez/eutils/esearch.fcgi?db=pubmed&term=%28%22Shimadzu+LCMS%22+OR+%22Shimadzu+Nexera%22+OR+%22LCMS-8060%22+OR+%22LCMS-9030%22+OR+%22LCMS-9050%22%29+AND+%28%222026%2F07%2F02%22%5BDate+-+Publication%5D+%3A+%222026%2F08%2F01%22%5BDate+-+Publication%5D%29&retmode=json&retmax=0,Broken,429,https://eutils.ncbi.nlm.nih.gov/entrez/eutils/esearch.fcgi?db=pubmed&term=%28%22Shimadzu+LCMS%22+OR+%22Shimadzu+Nexera%22+OR+%22LCMS-8060%22+OR+%22LCMS-9030%22+OR+%22LCMS-9050%22%29+AND+%28%222026%2F07%2F02%22%5BDate+-+Publication%5D+%3A+%222026%2F08%2F01%22%5BDate+-+Publication%5D%29&retmode=json&retmax=0,,,strict access failure,2026-08-02T19:43:56+00:00,fresh data/link_health.json,[]
https://eutils.ncbi.nlm.nih.gov/entrez/eutils/esearch.fcgi?db=pubmed&term=%28%28%22laboratory+automation%22+OR+%22workflow+software%22+OR+%22AI%22%29+AND+%28%22LC-MS%22+OR+chromatography+OR+%22mass+spectrometry%22%29%29+AND+%28%222021%2F07%2F31%22%5BDate+-+Publication%5D+%3A+%222026%2F07%2F30%22%5BDate+-+Publication%5D%29&retmode=json&retmax=0,Broken,429,https://eutils.ncbi.nlm.nih.gov/entrez/eutils/esearch.fcgi?db=pubmed&term=%28%28%22laboratory+automation%22+OR+%22workflow+software%22+OR+%22AI%22%29+AND+%28%22LC-MS%22+OR+chromatography+OR+%22mass+spectrometry%22%29%29+AND+%28%222021%2F07%2F31%22%5BDate+-+Publication%5D+%3A+%222026%2F07%2F30%22%5BDate+-+Publication%5D%29&retmode=json&retmax=0,,,strict access failure,2026-08-02T19:43:56+00:00,fresh data/link_health.json,[]
https://eutils.ncbi.nlm.nih.gov/entrez/eutils/esearch.fcgi?db=pubmed&term=%28%28%22laboratory+automation%22+OR+%22workflow+software%22+OR+%22AI%22%29+AND+%28%22LC-MS%22+OR+chromatography+OR+%22mass+spectrometry%22%29%29+AND+%28%222021%2F08%2F01%22%5BDate+-+Publication%5D+%3A+%222026%2F07%2F31%22%5BDate+-+Publication%5D%29&retmode=json&retmax=0,Broken,429,https://eutils.ncbi.nlm.nih.gov/entrez/eutils/esearch.fcgi?db=pubmed&term=%28%28%22laboratory+automation%22+OR+%22workflow+software%22+OR+%22AI%22%29+AND+%28%22LC-MS%22+OR+chromatography+OR+%22mass+spectrometry%22%29%29+AND+%28%222021%2F08%2F01%22%5BDate+-+Publication%5D+%3A+%222026%2F07%2F31%22%5BDate+-+Publication%5D%29&retmode=json&retmax=0,,,strict access failure,2026-08-02T19:43:56+00:00,fresh data/link_health.json,[]
https://eutils.ncbi.nlm.nih.gov/entrez/eutils/esearch.fcgi?db=pubmed&term=%28%28%22laboratory+automation%22+OR+%22workflow+software%22+OR+%22AI%22%29+AND+%28%22LC-MS%22+OR+chromatography+OR+%22mass+spectrometry%22%29%29+AND+%28%222021%2F08%2F02%22%5BDate+-+Publication%5D+%3A+%222026%2F08%2F01%22%5BDate+-+Publication%5D%29&retmode=json&retmax=0,Broken,429,https://eutils.ncbi.nlm.nih.gov/entrez/eutils/esearch.fcgi?db=pubmed&term=%28%28%22laboratory+automation%22+OR+%22workflow+software%22+OR+%22AI%22%29+AND+%28%22LC-MS%22+OR+chromatography+OR+%22mass+spectrometry%22%29%29+AND+%28%222021%2F08%2F02%22%5BDate+-+Publication%5D+%3A+%222026%2F08%2F01%22%5BDate+-+Publication%5D%29&retmode=json&retmax=0,,,strict access failure,2026-08-02T19:43:56+00:00,fresh data/link_health.json,[]
https://eutils.ncbi.nlm.nih.gov/entrez/eutils/esearch.fcgi?db=pubmed&term=%28%28%22laboratory+automation%22+OR+%22workflow+software%22+OR+%22AI%22%29+AND+%28%22LC-MS%22+OR+chromatography+OR+%22mass+spectrometry%22%29%29+AND+%28%222023%2F07%2F31%22%5BDate+-+Publication%5D+%3A+%222026%2F07%2F30%22%5BDate+-+Publication%5D%29&retmode=json&retmax=0,Broken,429,https://eutils.ncbi.nlm.nih.gov/entrez/eutils/esearch.fcgi?db=pubmed&term=%28%28%22laboratory+automation%22+OR+%22workflow+software%22+OR+%22AI%22%29+AND+%28%22LC-MS%22+OR+chromatography+OR+%22mass+spectrometry%22%29%29+AND+%28%222023%2F07%2F31%22%5BDate+-+Publication%5D+%3A+%222026%2F07%2F30%22%5BDate+-+Publication%5D%29&retmode=json&retmax=0,,,strict access failure,2026-08-02T19:43:56+00:00,fresh data/link_health.json,[]
https://eutils.ncbi.nlm.nih.gov/entrez/eutils/esearch.fcgi?db=pubmed&term=%28%28%22laboratory+automation%22+OR+%22workflow+software%22+OR+%22AI%22%29+AND+%28%22LC-MS%22+OR+chromatography+OR+%22mass+spectrometry%22%29%29+AND+%28%222023%2F08%2F01%22%5BDate+-+Publication%5D+%3A+%222026%2F07%2F31%22%5BDate+-+Publication%5D%29&retmode=json&retmax=0,Broken,429,https://eutils.ncbi.nlm.nih.gov/entrez/eutils/esearch.fcgi?db=pubmed&term=%28%28%22laboratory+automation%22+OR+%22workflow+software%22+OR+%22AI%22%29+AND+%28%22LC-MS%22+OR+chromatography+OR+%22mass+spectrometry%22%29%29+AND+%28%222023%2F08%2F01%22%5BDate+-+Publication%5D+%3A+%222026%2F07%2F31%22%5BDate+-+Publication%5D%29&retmode=json&retmax=0,,,strict access failure,2026-08-02T19:43:56+00:00,fresh data/link_health.json,[]
https://eutils.ncbi.nlm.nih.gov/entrez/eutils/esearch.fcgi?db=pubmed&term=%28%28%22laboratory+automation%22+OR+%22workflow+software%22+OR+%22AI%22%29+AND+%28%22LC-MS%22+OR+chromatography+OR+%22mass+spectrometry%22%29%29+AND+%28%222023%2F08%2F02%22%5BDate+-+Publication%5D+%3A+%222026%2F08%2F01%22%5BDate+-+Publication%5D%29&retmode=json&retmax=0,Broken,429,https://eutils.ncbi.nlm.nih.gov/entrez/eutils/esearch.fcgi?db=pubmed&term=%28%28%22laboratory+automation%22+OR+%22workflow+software%22+OR+%22AI%22%29+AND+%28%22LC-MS%22+OR+chromatography+OR+%22mass+spectrometry%22%29%29+AND+%28%222023%2F08%2F02%22%5BDate+-+Publication%5D+%3A+%222026%2F08%2F01%22%5BDate+-+Publication%5D%29&retmode=json&retmax=0,,,strict access failure,2026-08-02T19:43:56+00:00,fresh data/link_health.json,[]
https://eutils.ncbi.nlm.nih.gov/entrez/eutils/esearch.fcgi?db=pubmed&term=%28%28%22laboratory+automation%22+OR+%22workflow+software%22+OR+%22AI%22%29+AND+%28%22LC-MS%22+OR+chromatography+OR+%22mass+spectrometry%22%29%29+AND+%28%222025%2F07%2F30%22%5BDate+-+Publication%5D+%3A+%222026%2F07%2F30%22%5BDate+-+Publication%5D%29&retmode=json&retmax=0,Broken,429,https://eutils.ncbi.nlm.nih.gov/entrez/eutils/esearch.fcgi?db=pubmed&term=%28%28%22laboratory+automation%22+OR+%22workflow+software%22+OR+%22AI%22%29+AND+%28%22LC-MS%22+OR+chromatography+OR+%22mass+spectrometry%22%29%29+AND+%28%222025%2F07%2F30%22%5BDate+-+Publication%5D+%3A+%222026%2F07%2F30%22%5BDate+-+Publication%5D%29&retmode=json&retmax=0,,,strict access failure,2026-08-02T19:43:56+00:00,fresh data/link_health.json,[]
https://eutils.ncbi.nlm.nih.gov/entrez/eutils/esearch.fcgi?db=pubmed&term=%28%28%22laboratory+automation%22+OR+%22workflow+software%22+OR+%22AI%22%29+AND+%28%22LC-MS%22+OR+chromatography+OR+%22mass+spectrometry%22%29%29+AND+%28%222025%2F07%2F31%22%5BDate+-+Publication%5D+%3A+%222026%2F07%2F31%22%5BDate+-+Publication%5D%29&retmode=json&retmax=0,Broken,429,https://eutils.ncbi.nlm.nih.gov/entrez/eutils/esearch.fcgi?db=pubmed&term=%28%28%22laboratory+automation%22+OR+%22workflow+software%22+OR+%22AI%22%29+AND+%28%22LC-MS%22+OR+chromatography+OR+%22mass+spectrometry%22%29%29+AND+%28%222025%2F07%2F31%22%5BDate+-+Publication%5D+%3A+%222026%2F07%2F31%22%5BDate+-+Publication%5D%29&retmode=json&retmax=0,,,strict access failure,2026-08-02T19:43:56+00:00,fresh data/link_health.json,[]
https://eutils.ncbi.nlm.nih.gov/entrez/eutils/esearch.fcgi?db=pubmed&term=%28%28%22laboratory+automation%22+OR+%22workflow+software%22+OR+%22AI%22%29+AND+%28%22LC-MS%22+OR+chromatography+OR+%22mass+spectrometry%22%29%29+AND+%28%222025%2F08%2F01%22%5BDate+-+Publication%5D+%3A+%222026%2F08%2F01%22%5BDate+-+Publication%5D%29&retmode=json&retmax=0,Broken,429,https://eutils.ncbi.nlm.nih.gov/entrez/eutils/esearch.fcgi?db=pubmed&term=%28%28%22laboratory+automation%22+OR+%22workflow+software%22+OR+%22AI%22%29+AND+%28%22LC-MS%22+OR+chromatography+OR+%22mass+spectrometry%22%29%29+AND+%28%222025%2F08%2F01%22%5BDate+-+Publication%5D+%3A+%222026%2F08%2F01%22%5BDate+-+Publication%5D%29&retmode=json&retmax=0,,,strict access failure,2026-08-02T19:43:56+00:00,fresh data/link_health.json,[]
https://eutils.ncbi.nlm.nih.gov/entrez/eutils/esearch.fcgi?db=pubmed&term=%28%28%22laboratory+automation%22+OR+%22workflow+software%22+OR+%22AI%22%29+AND+%28%22LC-MS%22+OR+chromatography+OR+%22mass+spectrometry%22%29%29+AND+%28%222026%2F05%2F01%22%5BDate+-+Publication%5D+%3A+%222026%2F07%2F30%22%5BDate+-+Publication%5D%29&retmode=json&retmax=0,Broken,429,https://eutils.ncbi.nlm.nih.gov/entrez/eutils/esearch.fcgi?db=pubmed&term=%28%28%22laboratory+automation%22+OR+%22workflow+software%22+OR+%22AI%22%29+AND+%28%22LC-MS%22+OR+chromatography+OR+%22mass+spectrometry%22%29%29+AND+%28%222026%2F05%2F01%22%5BDate+-+Publication%5D+%3A+%222026%2F07%2F30%22%5BDate+-+Publication%5D%29&retmode=json&retmax=0,,,strict access failure,2026-08-02T19:43:56+00:00,fresh data/link_health.json,[]
https://eutils.ncbi.nlm.nih.gov/entrez/eutils/esearch.fcgi?db=pubmed&term=%28%28%22laboratory+automation%22+OR+%22workflow+software%22+OR+%22AI%22%29+AND+%28%22LC-MS%22+OR+chromatography+OR+%22mass+spectrometry%22%29%29+AND+%28%222026%2F05%2F02%22%5BDate+-+Publication%5D+%3A+%222026%2F07%2F31%22%5BDate+-+Publication%5D%29&retmode=json&retmax=0,Broken,429,https://eutils.ncbi.nlm.nih.gov/entrez/eutils/esearch.fcgi?db=pubmed&term=%28%28%22laboratory+automation%22+OR+%22workflow+software%22+OR+%22AI%22%29+AND+%28%22LC-MS%22+OR+chromatography+OR+%22mass+spectrometry%22%29%29+AND+%28%222026%2F05%2F02%22%5BDate+-+Publication%5D+%3A+%222026%2F07%2F31%22%5BDate+-+Publication%5D%29&retmode=json&retmax=0,,,strict access failure,2026-08-02T19:43:57+00:00,fresh data/link_health.json,[]
https://eutils.ncbi.nlm.nih.gov/entrez/eutils/esearch.fcgi?db=pubmed&term=%28%28%22laboratory+automation%22+OR+%22workflow+software%22+OR+%22AI%22%29+AND+%28%22LC-MS%22+OR+chromatography+OR+%22mass+spectrometry%22%29%29+AND+%28%222026%2F05%2F03%22%5BDate+-+Publication%5D+%3A+%222026%2F08%2F01%22%5BDate+-+Publication%5D%29&retmode=json&retmax=0,Broken,429,https://eutils.ncbi.nlm.nih.gov/entrez/eutils/esearch.fcgi?db=pubmed&term=%28%28%22laboratory+automation%22+OR+%22workflow+software%22+OR+%22AI%22%29+AND+%28%22LC-MS%22+OR+chromatography+OR+%22mass+spectrometry%22%29%29+AND+%28%222026%2F05%2F03%22%5BDate+-+Publication%5D+%3A+%222026%2F08%2F01%22%5BDate+-+Publication%5D%29&retmode=json&retmax=0,,,strict access failure,2026-08-02T19:43:57+00:00,fresh data/link_health.json,[]
https://eutils.ncbi.nlm.nih.gov/entrez/eutils/esearch.fcgi?db=pubmed&term=%28%28%22laboratory+automation%22+OR+%22workflow+software%22+OR+%22AI%22%29+AND+%28%22LC-MS%22+OR+chromatography+OR+%22mass+spectrometry%22%29%29+AND+%28%222026%2F05%2F31%22%5BDate+-+Publication%5D+%3A+%222026%2F07%2F30%22%5BDate+-+Publication%5D%29&retmode=json&retmax=0,Broken,429,https://eutils.ncbi.nlm.nih.gov/entrez/eutils/esearch.fcgi?db=pubmed&term=%28%28%22laboratory+automation%22+OR+%22workflow+software%22+OR+%22AI%22%29+AND+%28%22LC-MS%22+OR+chromatography+OR+%22mass+spectrometry%22%29%29+AND+%28%222026%2F05%2F31%22%5BDate+-+Publication%5D+%3A+%222026%2F07%2F30%22%5BDate+-+Publication%5D%29&retmode=json&retmax=0,,,strict access failure,2026-08-02T19:43:57+00:00,fresh data/link_health.json,[]
https://eutils.ncbi.nlm.nih.gov/entrez/eutils/esearch.fcgi?db=pubmed&term=%28%28%22laboratory+automation%22+OR+%22workflow+software%22+OR+%22AI%22%29+AND+%28%22LC-MS%22+OR+chromatography+OR+%22mass+spectrometry%22%29%29+AND+%28%222026%2F06%2F01%22%5BDate+-+Publication%5D+%3A+%222026%2F07%2F31%22%5BDate+-+Publication%5D%29&retmode=json&retmax=0,Broken,429,https://eutils.ncbi.nlm.nih.gov/entrez/eutils/esearch.fcgi?db=pubmed&term=%28%28%22laboratory+automation%22+OR+%22workflow+software%22+OR+%22AI%22%29+AND+%28%22LC-MS%22+OR+chromatography+OR+%22mass+spectrometry%22%29%29+AND+%28%222026%2F06%2F01%22%5BDate+-+Publication%5D+%3A+%222026%2F07%2F31%22%5BDate+-+Publication%5D%29&retmode=json&retmax=0,,,strict access failure,2026-08-02T19:43:57+00:00,fresh data/link_health.json,[]
https://eutils.ncbi.nlm.nih.gov/entrez/eutils/esearch.fcgi?db=pubmed&term=%28%28%22laboratory+automation%22+OR+%22workflow+software%22+OR+%22AI%22%29+AND+%28%22LC-MS%22+OR+chromatography+OR+%22mass+spectrometry%22%29%29+AND+%28%222026%2F06%2F02%22%5BDate+-+Publication%5D+%3A+%222026%2F08%2F01%22%5BDate+-+Publication%5D%29&retmode=json&retmax=0,Broken,429,https://eutils.ncbi.nlm.nih.gov/entrez/eutils/esearch.fcgi?db=pubmed&term=%28%28%22laboratory+automation%22+OR+%22workflow+software%22+OR+%22AI%22%29+AND+%28%22LC-MS%22+OR+chromatography+OR+%22mass+spectrometry%22%29%29+AND+%28%222026%2F06%2F02%22%5BDate+-+Publication%5D+%3A+%222026%2F08%2F01%22%5BDate+-+Publication%5D%29&retmode=json&retmax=0,,,strict access failure,2026-08-02T19:43:57+00:00,fresh data/link_health.json,[]
https://eutils.ncbi.nlm.nih.gov/entrez/eutils/esearch.fcgi?db=pubmed&term=%28%28%22laboratory+automation%22+OR+%22workflow+software%22+OR+%22AI%22%29+AND+%28%22LC-MS%22+OR+chromatography+OR+%22mass+spectrometry%22%29%29+AND+%28%222026%2F06%2F30%22%5BDate+-+Publication%5D+%3A+%222026%2F07%2F30%22%5BDate+-+Publication%5D%29&retmode=json&retmax=0,Broken,429,https://eutils.ncbi.nlm.nih.gov/entrez/eutils/esearch.fcgi?db=pubmed&term=%28%28%22laboratory+automation%22+OR+%22workflow+software%22+OR+%22AI%22%29+AND+%28%22LC-MS%22+OR+chromatography+OR+%22mass+spectrometry%22%29%29+AND+%28%222026%2F06%2F30%22%5BDate+-+Publication%5D+%3A+%222026%2F07%2F30%22%5BDate+-+Publication%5D%29&retmode=json&retmax=0,,,strict access failure,2026-08-02T19:43:57+00:00,fresh data/link_health.json,[]
https://eutils.ncbi.nlm.nih.gov/entrez/eutils/esearch.fcgi?db=pubmed&term=%28%28%22laboratory+automation%22+OR+%22workflow+software%22+OR+%22AI%22%29+AND+%28%22LC-MS%22+OR+chromatography+OR+%22mass+spectrometry%22%29%29+AND+%28%222026%2F07%2F01%22%5BDate+-+Publication%5D+%3A+%222026%2F07%2F31%22%5BDate+-+Publication%5D%29&retmode=json&retmax=0,Broken,429,https://eutils.ncbi.nlm.nih.gov/entrez/eutils/esearch.fcgi?db=pubmed&term=%28%28%22laboratory+automation%22+OR+%22workflow+software%22+OR+%22AI%22%29+AND+%28%22LC-MS%22+OR+chromatography+OR+%22mass+spectrometry%22%29%29+AND+%28%222026%2F07%2F01%22%5BDate+-+Publication%5D+%3A+%222026%2F07%2F31%22%5BDate+-+Publication%5D%29&retmode=json&retmax=0,,,strict access failure,2026-08-02T19:43:57+00:00,fresh data/link_health.json,[]
https://eutils.ncbi.nlm.nih.gov/entrez/eutils/esearch.fcgi?db=pubmed&term=%28%28%22laboratory+automation%22+OR+%22workflow+software%22+OR+%22AI%22%29+AND+%28%22LC-MS%22+OR+chromatography+OR+%22mass+spectrometry%22%29%29+AND+%28%222026%2F07%2F02%22%5BDate+-+Publication%5D+%3A+%222026%2F08%2F01%22%5BDate+-+Publication%5D%29&retmode=json&retmax=0,Broken,429,https://eutils.ncbi.nlm.nih.gov/entrez/eutils/esearch.fcgi?db=pubmed&term=%28%28%22laboratory+automation%22+OR+%22workflow+software%22+OR+%22AI%22%29+AND+%28%22LC-MS%22+OR+chromatography+OR+%22mass+spectrometry%22%29%29+AND+%28%222026%2F07%2F02%22%5BDate+-+Publication%5D+%3A+%222026%2F08%2F01%22%5BDate+-+Publication%5D%29&retmode=json&retmax=0,,,strict access failure,2026-08-02T19:43:57+00:00,fresh data/link_health.json,[]
https://eutils.ncbi.nlm.nih.gov/entrez/eutils/esearch.fcgi?db=pubmed&term=%28%28%22lipid+nanoparticle%22+OR+LNP+OR+%22RNA+therapeutics%22+OR+mRNA%29+AND+%28%22LC-MS%22+OR+chromatography+OR+%22mass+spectrometry%22%29%29+AND+%28%222021%2F07%2F31%22%5BDate+-+Publication%5D+%3A+%222026%2F07%2F30%22%5BDate+-+Publication%5D%29&retmode=json&retmax=0,Broken,429,https://eutils.ncbi.nlm.nih.gov/entrez/eutils/esearch.fcgi?db=pubmed&term=%28%28%22lipid+nanoparticle%22+OR+LNP+OR+%22RNA+therapeutics%22+OR+mRNA%29+AND+%28%22LC-MS%22+OR+chromatography+OR+%22mass+spectrometry%22%29%29+AND+%28%222021%2F07%2F31%22%5BDate+-+Publication%5D+%3A+%222026%2F07%2F30%22%5BDate+-+Publication%5D%29&retmode=json&retmax=0,,,strict access failure,2026-08-02T19:43:57+00:00,fresh data/link_health.json,[]
https://eutils.ncbi.nlm.nih.gov/entrez/eutils/esearch.fcgi?db=pubmed&term=%28%28%22lipid+nanoparticle%22+OR+LNP+OR+%22RNA+therapeutics%22+OR+mRNA%29+AND+%28%22LC-MS%22+OR+chromatography+OR+%22mass+spectrometry%22%29%29+AND+%28%222021%2F08%2F01%22%5BDate+-+Publication%5D+%3A+%222026%2F07%2F31%22%5BDate+-+Publication%5D%29&retmode=json&retmax=0,Broken,429,https://eutils.ncbi.nlm.nih.gov/entrez/eutils/esearch.fcgi?db=pubmed&term=%28%28%22lipid+nanoparticle%22+OR+LNP+OR+%22RNA+therapeutics%22+OR+mRNA%29+AND+%28%22LC-MS%22+OR+chromatography+OR+%22mass+spectrometry%22%29%29+AND+%28%222021%2F08%2F01%22%5BDate+-+Publication%5D+%3A+%222026%2F07%2F31%22%5BDate+-+Publication%5D%29&retmode=json&retmax=0,,,strict access failure,2026-08-02T19:43:57+00:00,fresh data/link_health.json,[]
https://eutils.ncbi.nlm.nih.gov/entrez/eutils/esearch.fcgi?db=pubmed&term=%28%28%22lipid+nanoparticle%22+OR+LNP+OR+%22RNA+therapeutics%22+OR+mRNA%29+AND+%28%22LC-MS%22+OR+chromatography+OR+%22mass+spectrometry%22%29%29+AND+%28%222021%2F08%2F02%22%5BDate+-+Publication%5D+%3A+%222026%2F08%2F01%22%5BDate+-+Publication%5D%29&retmode=json&retmax=0,Broken,429,https://eutils.ncbi.nlm.nih.gov/entrez/eutils/esearch.fcgi?db=pubmed&term=%28%28%22lipid+nanoparticle%22+OR+LNP+OR+%22RNA+therapeutics%22+OR+mRNA%29+AND+%28%22LC-MS%22+OR+chromatography+OR+%22mass+spectrometry%22%29%29+AND+%28%222021%2F08%2F02%22%5BDate+-+Publication%5D+%3A+%222026%2F08%2F01%22%5BDate+-+Publication%5D%29&retmode=json&retmax=0,,,strict access failure,2026-08-02T19:43:57+00:00,fresh data/link_health.json,[]
https://eutils.ncbi.nlm.nih.gov/entrez/eutils/esearch.fcgi?db=pubmed&term=%28%28%22lipid+nanoparticle%22+OR+LNP+OR+%22RNA+therapeutics%22+OR+mRNA%29+AND+%28%22LC-MS%22+OR+chromatography+OR+%22mass+spectrometry%22%29%29+AND+%28%222023%2F07%2F31%22%5BDate+-+Publication%5D+%3A+%222026%2F07%2F30%22%5BDate+-+Publication%5D%29&retmode=json&retmax=0,Broken,429,https://eutils.ncbi.nlm.nih.gov/entrez/eutils/esearch.fcgi?db=pubmed&term=%28%28%22lipid+nanoparticle%22+OR+LNP+OR+%22RNA+therapeutics%22+OR+mRNA%29+AND+%28%22LC-MS%22+OR+chromatography+OR+%22mass+spectrometry%22%29%29+AND+%28%222023%2F07%2F31%22%5BDate+-+Publication%5D+%3A+%222026%2F07%2F30%22%5BDate+-+Publication%5D%29&retmode=json&retmax=0,,,strict access failure,2026-08-02T19:43:57+00:00,fresh data/link_health.json,[]
https://eutils.ncbi.nlm.nih.gov/entrez/eutils/esearch.fcgi?db=pubmed&term=%28%28%22lipid+nanoparticle%22+OR+LNP+OR+%22RNA+therapeutics%22+OR+mRNA%29+AND+%28%22LC-MS%22+OR+chromatography+OR+%22mass+spectrometry%22%29%29+AND+%28%222023%2F08%2F01%22%5BDate+-+Publication%5D+%3A+%222026%2F07%2F31%22%5BDate+-+Publication%5D%29&retmode=json&retmax=0,Broken,429,https://eutils.ncbi.nlm.nih.gov/entrez/eutils/esearch.fcgi?db=pubmed&term=%28%28%22lipid+nanoparticle%22+OR+LNP+OR+%22RNA+therapeutics%22+OR+mRNA%29+AND+%28%22LC-MS%22+OR+chromatography+OR+%22mass+spectrometry%22%29%29+AND+%28%222023%2F08%2F01%22%5BDate+-+Publication%5D+%3A+%222026%2F07%2F31%22%5BDate+-+Publication%5D%29&retmode=json&retmax=0,,,strict access failure,2026-08-02T19:43:57+00:00,fresh data/link_health.json,[]
https://eutils.ncbi.nlm.nih.gov/entrez/eutils/esearch.fcgi?db=pubmed&term=%28%28%22lipid+nanoparticle%22+OR+LNP+OR+%22RNA+therapeutics%22+OR+mRNA%29+AND+%28%22LC-MS%22+OR+chromatography+OR+%22mass+spectrometry%22%29%29+AND+%28%222023%2F08%2F02%22%5BDate+-+Publication%5D+%3A+%222026%2F08%2F01%22%5BDate+-+Publication%5D%29&retmode=json&retmax=0,Broken,429,https://eutils.ncbi.nlm.nih.gov/entrez/eutils/esearch.fcgi?db=pubmed&term=%28%28%22lipid+nanoparticle%22+OR+LNP+OR+%22RNA+therapeutics%22+OR+mRNA%29+AND+%28%22LC-MS%22+OR+chromatography+OR+%22mass+spectrometry%22%29%29+AND+%28%222023%2F08%2F02%22%5BDate+-+Publication%5D+%3A+%222026%2F08%2F01%22%5BDate+-+Publication%5D%29&retmode=json&retmax=0,,,strict access failure,2026-08-02T19:43:57+00:00,fresh data/link_health.json,[]
https://eutils.ncbi.nlm.nih.gov/entrez/eutils/esearch.fcgi?db=pubmed&term=%28%28%22lipid+nanoparticle%22+OR+LNP+OR+%22RNA+therapeutics%22+OR+mRNA%29+AND+%28%22LC-MS%22+OR+chromatography+OR+%22mass+spectrometry%22%29%29+AND+%28%222025%2F07%2F30%22%5BDate+-+Publication%5D+%3A+%222026%2F07%2F30%22%5BDate+-+Publication%5D%29&retmode=json&retmax=0,Broken,429,https://eutils.ncbi.nlm.nih.gov/entrez/eutils/esearch.fcgi?db=pubmed&term=%28%28%22lipid+nanoparticle%22+OR+LNP+OR+%22RNA+therapeutics%22+OR+mRNA%29+AND+%28%22LC-MS%22+OR+chromatography+OR+%22mass+spectrometry%22%29%29+AND+%28%222025%2F07%2F30%22%5BDate+-+Publication%5D+%3A+%222026%2F07%2F30%22%5BDate+-+Publication%5D%29&retmode=json&retmax=0,,,strict access failure,2026-08-02T19:43:57+00:00,fresh data/link_health.json,[]
https://eutils.ncbi.nlm.nih.gov/entrez/eutils/esearch.fcgi?db=pubmed&term=%28%28%22lipid+nanoparticle%22+OR+LNP+OR+%22RNA+therapeutics%22+OR+mRNA%29+AND+%28%22LC-MS%22+OR+chromatography+OR+%22mass+spectrometry%22%29%29+AND+%28%222025%2F07%2F31%22%5BDate+-+Publication%5D+%3A+%222026%2F07%2F31%22%5BDate+-+Publication%5D%29&retmode=json&retmax=0,Broken,429,https://eutils.ncbi.nlm.nih.gov/entrez/eutils/esearch.fcgi?db=pubmed&term=%28%28%22lipid+nanoparticle%22+OR+LNP+OR+%22RNA+therapeutics%22+OR+mRNA%29+AND+%28%22LC-MS%22+OR+chromatography+OR+%22mass+spectrometry%22%29%29+AND+%28%222025%2F07%2F31%22%5BDate+-+Publication%5D+%3A+%222026%2F07%2F31%22%5BDate+-+Publication%5D%29&retmode=json&retmax=0,,,strict access failure,2026-08-02T19:43:57+00:00,fresh data/link_health.json,[]
https://eutils.ncbi.nlm.nih.gov/entrez/eutils/esearch.fcgi?db=pubmed&term=%28%28%22lipid+nanoparticle%22+OR+LNP+OR+%22RNA+therapeutics%22+OR+mRNA%29+AND+%28%22LC-MS%22+OR+chromatography+OR+%22mass+spectrometry%22%29%29+AND+%28%222025%2F08%2F01%22%5BDate+-+Publication%5D+%3A+%222026%2F08%2F01%22%5BDate+-+Publication%5D%29&retmode=json&retmax=0,Broken,429,https://eutils.ncbi.nlm.nih.gov/entrez/eutils/esearch.fcgi?db=pubmed&term=%28%28%22lipid+nanoparticle%22+OR+LNP+OR+%22RNA+therapeutics%22+OR+mRNA%29+AND+%28%22LC-MS%22+OR+chromatography+OR+%22mass+spectrometry%22%29%29+AND+%28%222025%2F08%2F01%22%5BDate+-+Publication%5D+%3A+%222026%2F08%2F01%22%5BDate+-+Publication%5D%29&retmode=json&retmax=0,,,strict access failure,2026-08-02T19:43:57+00:00,fresh data/link_health.json,[]
https://eutils.ncbi.nlm.nih.gov/entrez/eutils/esearch.fcgi?db=pubmed&term=%28%28%22lipid+nanoparticle%22+OR+LNP+OR+%22RNA+therapeutics%22+OR+mRNA%29+AND+%28%22LC-MS%22+OR+chromatography+OR+%22mass+spectrometry%22%29%29+AND+%28%222026%2F05%2F01%22%5BDate+-+Publication%5D+%3A+%222026%2F07%2F30%22%5BDate+-+Publication%5D%29&retmode=json&retmax=0,Broken,429,https://eutils.ncbi.nlm.nih.gov/entrez/eutils/esearch.fcgi?db=pubmed&term=%28%28%22lipid+nanoparticle%22+OR+LNP+OR+%22RNA+therapeutics%22+OR+mRNA%29+AND+%28%22LC-MS%22+OR+chromatography+OR+%22mass+spectrometry%22%29%29+AND+%28%222026%2F05%2F01%22%5BDate+-+Publication%5D+%3A+%222026%2F07%2F30%22%5BDate+-+Publication%5D%29&retmode=json&retmax=0,,,strict access failure,2026-08-02T19:43:57+00:00,fresh data/link_health.json,[]
https://eutils.ncbi.nlm.nih.gov/entrez/eutils/esearch.fcgi?db=pubmed&term=%28%28%22lipid+nanoparticle%22+OR+LNP+OR+%22RNA+therapeutics%22+OR+mRNA%29+AND+%28%22LC-MS%22+OR+chromatography+OR+%22mass+spectrometry%22%29%29+AND+%28%222026%2F05%2F02%22%5BDate+-+Publication%5D+%3A+%222026%2F07%2F31%22%5BDate+-+Publication%5D%29&retmode=json&retmax=0,Broken,429,https://eutils.ncbi.nlm.nih.gov/entrez/eutils/esearch.fcgi?db=pubmed&term=%28%28%22lipid+nanoparticle%22+OR+LNP+OR+%22RNA+therapeutics%22+OR+mRNA%29+AND+%28%22LC-MS%22+OR+chromatography+OR+%22mass+spectrometry%22%29%29+AND+%28%222026%2F05%2F02%22%5BDate+-+Publication%5D+%3A+%222026%2F07%2F31%22%5BDate+-+Publication%5D%29&retmode=json&retmax=0,,,strict access failure,2026-08-02T19:43:58+00:00,fresh data/link_health.json,[]
https://eutils.ncbi.nlm.nih.gov/entrez/eutils/esearch.fcgi?db=pubmed&term=%28%28%22lipid+nanoparticle%22+OR+LNP+OR+%22RNA+therapeutics%22+OR+mRNA%29+AND+%28%22LC-MS%22+OR+chromatography+OR+%22mass+spectrometry%22%29%29+AND+%28%222026%2F05%2F03%22%5BDate+-+Publication%5D+%3A+%222026%2F08%2F01%22%5BDate+-+Publication%5D%29&retmode=json&retmax=0,Broken,429,https://eutils.ncbi.nlm.nih.gov/entrez/eutils/esearch.fcgi?db=pubmed&term=%28%28%22lipid+nanoparticle%22+OR+LNP+OR+%22RNA+therapeutics%22+OR+mRNA%29+AND+%28%22LC-MS%22+OR+chromatography+OR+%22mass+spectrometry%22%29%29+AND+%28%222026%2F05%2F03%22%5BDate+-+Publication%5D+%3A+%222026%2F08%2F01%22%5BDate+-+Publication%5D%29&retmode=json&retmax=0,,,strict access failure,2026-08-02T19:43:58+00:00,fresh data/link_health.json,[]
https://eutils.ncbi.nlm.nih.gov/entrez/eutils/esearch.fcgi?db=pubmed&term=%28%28%22lipid+nanoparticle%22+OR+LNP+OR+%22RNA+therapeutics%22+OR+mRNA%29+AND+%28%22LC-MS%22+OR+chromatography+OR+%22mass+spectrometry%22%29%29+AND+%28%222026%2F05%2F31%22%5BDate+-+Publication%5D+%3A+%222026%2F07%2F30%22%5BDate+-+Publication%5D%29&retmode=json&retmax=0,Broken,429,https://eutils.ncbi.nlm.nih.gov/entrez/eutils/esearch.fcgi?db=pubmed&term=%28%28%22lipid+nanoparticle%22+OR+LNP+OR+%22RNA+therapeutics%22+OR+mRNA%29+AND+%28%22LC-MS%22+OR+chromatography+OR+%22mass+spectrometry%22%29%29+AND+%28%222026%2F05%2F31%22%5BDate+-+Publication%5D+%3A+%222026%2F07%2F30%22%5BDate+-+Publication%5D%29&retmode=json&retmax=0,,,strict access failure,2026-08-02T19:43:58+00:00,fresh data/link_health.json,[]
https://eutils.ncbi.nlm.nih.gov/entrez/eutils/esearch.fcgi?db=pubmed&term=%28%28%22lipid+nanoparticle%22+OR+LNP+OR+%22RNA+therapeutics%22+OR+mRNA%29+AND+%28%22LC-MS%22+OR+chromatography+OR+%22mass+spectrometry%22%29%29+AND+%28%222026%2F06%2F01%22%5BDate+-+Publication%5D+%3A+%222026%2F07%2F31%22%5BDate+-+Publication%5D%29&retmode=json&retmax=0,Broken,429,https://eutils.ncbi.nlm.nih.gov/entrez/eutils/esearch.fcgi?db=pubmed&term=%28%28%22lipid+nanoparticle%22+OR+LNP+OR+%22RNA+therapeutics%22+OR+mRNA%29+AND+%28%22LC-MS%22+OR+chromatography+OR+%22mass+spectrometry%22%29%29+AND+%28%222026%2F06%2F01%22%5BDate+-+Publication%5D+%3A+%222026%2F07%2F31%22%5BDate+-+Publication%5D%29&retmode=json&retmax=0,,,strict access failure,2026-08-02T19:43:58+00:00,fresh data/link_health.json,[]
https://eutils.ncbi.nlm.nih.gov/entrez/eutils/esearch.fcgi?db=pubmed&term=%28%28%22lipid+nanoparticle%22+OR+LNP+OR+%22RNA+therapeutics%22+OR+mRNA%29+AND+%28%22LC-MS%22+OR+chromatography+OR+%22mass+spectrometry%22%29%29+AND+%28%222026%2F06%2F02%22%5BDate+-+Publication%5D+%3A+%222026%2F08%2F01%22%5BDate+-+Publication%5D%29&retmode=json&retmax=0,Broken,429,https://eutils.ncbi.nlm.nih.gov/entrez/eutils/esearch.fcgi?db=pubmed&term=%28%28%22lipid+nanoparticle%22+OR+LNP+OR+%22RNA+therapeutics%22+OR+mRNA%29+AND+%28%22LC-MS%22+OR+chromatography+OR+%22mass+spectrometry%22%29%29+AND+%28%222026%2F06%2F02%22%5BDate+-+Publication%5D+%3A+%222026%2F08%2F01%22%5BDate+-+Publication%5D%29&retmode=json&retmax=0,,,strict access failure,2026-08-02T19:43:58+00:00,fresh data/link_health.json,[]
https://eutils.ncbi.nlm.nih.gov/entrez/eutils/esearch.fcgi?db=pubmed&term=%28%28%22lipid+nanoparticle%22+OR+LNP+OR+%22RNA+therapeutics%22+OR+mRNA%29+AND+%28%22LC-MS%22+OR+chromatography+OR+%22mass+spectrometry%22%29%29+AND+%28%222026%2F06%2F30%22%5BDate+-+Publication%5D+%3A+%222026%2F07%2F30%22%5BDate+-+Publication%5D%29&retmode=json&retmax=0,Broken,429,https://eutils.ncbi.nlm.nih.gov/entrez/eutils/esearch.fcgi?db=pubmed&term=%28%28%22lipid+nanoparticle%22+OR+LNP+OR+%22RNA+therapeutics%22+OR+mRNA%29+AND+%28%22LC-MS%22+OR+chromatography+OR+%22mass+spectrometry%22%29%29+AND+%28%222026%2F06%2F30%22%5BDate+-+Publication%5D+%3A+%222026%2F07%2F30%22%5BDate+-+Publication%5D%29&retmode=json&retmax=0,,,strict access failure,2026-08-02T19:43:58+00:00,fresh data/link_health.json,[]
https://eutils.ncbi.nlm.nih.gov/entrez/eutils/esearch.fcgi?db=pubmed&term=%28%28%22lipid+nanoparticle%22+OR+LNP+OR+%22RNA+therapeutics%22+OR+mRNA%29+AND+%28%22LC-MS%22+OR+chromatography+OR+%22mass+spectrometry%22%29%29+AND+%28%222026%2F07%2F01%22%5BDate+-+Publication%5D+%3A+%222026%2F07%2F31%22%5BDate+-+Publication%5D%29&retmode=json&retmax=0,Broken,429,https://eutils.ncbi.nlm.nih.gov/entrez/eutils/esearch.fcgi?db=pubmed&term=%28%28%22lipid+nanoparticle%22+OR+LNP+OR+%22RNA+therapeutics%22+OR+mRNA%29+AND+%28%22LC-MS%22+OR+chromatography+OR+%22mass+spectrometry%22%29%29+AND+%28%222026%2F07%2F01%22%5BDate+-+Publication%5D+%3A+%222026%2F07%2F31%22%5BDate+-+Publication%5D%29&retmode=json&retmax=0,,,strict access failure,2026-08-02T19:43:58+00:00,fresh data/link_health.json,[]
https://eutils.ncbi.nlm.nih.gov/entrez/eutils/esearch.fcgi?db=pubmed&term=%28%28%22lipid+nanoparticle%22+OR+LNP+OR+%22RNA+therapeutics%22+OR+mRNA%29+AND+%28%22LC-MS%22+OR+chromatography+OR+%22mass+spectrometry%22%29%29+AND+%28%222026%2F07%2F02%22%5BDate+-+Publication%5D+%3A+%222026%2F08%2F01%22%5BDate+-+Publication%5D%29&retmode=json&retmax=0,Broken,429,https://eutils.ncbi.nlm.nih.gov/entrez/eutils/esearch.fcgi?db=pubmed&term=%28%28%22lipid+nanoparticle%22+OR+LNP+OR+%22RNA+therapeutics%22+OR+mRNA%29+AND+%28%22LC-MS%22+OR+chromatography+OR+%22mass+spectrometry%22%29%29+AND+%28%222026%2F07%2F02%22%5BDate+-+Publication%5D+%3A+%222026%2F08%2F01%22%5BDate+-+Publication%5D%29&retmode=json&retmax=0,,,strict access failure,2026-08-02T19:43:58+00:00,fresh data/link_health.json,[]
https://eutils.ncbi.nlm.nih.gov/entrez/eutils/esearch.fcgi?db=pubmed&term=%28%28PFAS+OR+%22per-+and+polyfluoroalkyl%22%29+AND+%28%22LC-MS%22+OR+%22LC-MS%2FMS%22+OR+chromatography%29%29+AND+%28%222021%2F07%2F31%22%5BDate+-+Publication%5D+%3A+%222026%2F07%2F30%22%5BDate+-+Publication%5D%29&retmode=json&retmax=0,Broken,429,https://eutils.ncbi.nlm.nih.gov/entrez/eutils/esearch.fcgi?db=pubmed&term=%28%28PFAS+OR+%22per-+and+polyfluoroalkyl%22%29+AND+%28%22LC-MS%22+OR+%22LC-MS%2FMS%22+OR+chromatography%29%29+AND+%28%222021%2F07%2F31%22%5BDate+-+Publication%5D+%3A+%222026%2F07%2F30%22%5BDate+-+Publication%5D%29&retmode=json&retmax=0,,,strict access failure,2026-08-02T19:43:58+00:00,fresh data/link_health.json,[]
https://eutils.ncbi.nlm.nih.gov/entrez/eutils/esearch.fcgi?db=pubmed&term=%28%28PFAS+OR+%22per-+and+polyfluoroalkyl%22%29+AND+%28%22LC-MS%22+OR+%22LC-MS%2FMS%22+OR+chromatography%29%29+AND+%28%222021%2F08%2F01%22%5BDate+-+Publication%5D+%3A+%222026%2F07%2F31%22%5BDate+-+Publication%5D%29&retmode=json&retmax=0,Broken,429,https://eutils.ncbi.nlm.nih.gov/entrez/eutils/esearch.fcgi?db=pubmed&term=%28%28PFAS+OR+%22per-+and+polyfluoroalkyl%22%29+AND+%28%22LC-MS%22+OR+%22LC-MS%2FMS%22+OR+chromatography%29%29+AND+%28%222021%2F08%2F01%22%5BDate+-+Publication%5D+%3A+%222026%2F07%2F31%22%5BDate+-+Publication%5D%29&retmode=json&retmax=0,,,strict access failure,2026-08-02T19:43:58+00:00,fresh data/link_health.json,[]
https://eutils.ncbi.nlm.nih.gov/entrez/eutils/esearch.fcgi?db=pubmed&term=%28%28PFAS+OR+%22per-+and+polyfluoroalkyl%22%29+AND+%28%22LC-MS%22+OR+%22LC-MS%2FMS%22+OR+chromatography%29%29+AND+%28%222021%2F08%2F02%22%5BDate+-+Publication%5D+%3A+%222026%2F08%2F01%22%5BDate+-+Publication%5D%29&retmode=json&retmax=0,Broken,429,https://eutils.ncbi.nlm.nih.gov/entrez/eutils/esearch.fcgi?db=pubmed&term=%28%28PFAS+OR+%22per-+and+polyfluoroalkyl%22%29+AND+%28%22LC-MS%22+OR+%22LC-MS%2FMS%22+OR+chromatography%29%29+AND+%28%222021%2F08%2F02%22%5BDate+-+Publication%5D+%3A+%222026%2F08%2F01%22%5BDate+-+Publication%5D%29&retmode=json&retmax=0,,,strict access failure,2026-08-02T19:43:58+00:00,fresh data/link_health.json,[]
https://eutils.ncbi.nlm.nih.gov/entrez/eutils/esearch.fcgi?db=pubmed&term=%28%28PFAS+OR+%22per-+and+polyfluoroalkyl%22%29+AND+%28%22LC-MS%22+OR+%22LC-MS%2FMS%22+OR+chromatography%29%29+AND+%28%222023%2F07%2F31%22%5BDate+-+Publication%5D+%3A+%222026%2F07%2F30%22%5BDate+-+Publication%5D%29&retmode=json&retmax=0,Broken,429,https://eutils.ncbi.nlm.nih.gov/entrez/eutils/esearch.fcgi?db=pubmed&term=%28%28PFAS+OR+%22per-+and+polyfluoroalkyl%22%29+AND+%28%22LC-MS%22+OR+%22LC-MS%2FMS%22+OR+chromatography%29%29+AND+%28%222023%2F07%2F31%22%5BDate+-+Publication%5D+%3A+%222026%2F07%2F30%22%5BDate+-+Publication%5D%29&retmode=json&retmax=0,,,strict access failure,2026-08-02T19:43:58+00:00,fresh data/link_health.json,[]
https://eutils.ncbi.nlm.nih.gov/entrez/eutils/esearch.fcgi?db=pubmed&term=%28%28PFAS+OR+%22per-+and+polyfluoroalkyl%22%29+AND+%28%22LC-MS%22+OR+%22LC-MS%2FMS%22+OR+chromatography%29%29+AND+%28%222023%2F08%2F01%22%5BDate+-+Publication%5D+%3A+%222026%2F07%2F31%22%5BDate+-+Publication%5D%29&retmode=json&retmax=0,Broken,429,https://eutils.ncbi.nlm.nih.gov/entrez/eutils/esearch.fcgi?db=pubmed&term=%28%28PFAS+OR+%22per-+and+polyfluoroalkyl%22%29+AND+%28%22LC-MS%22+OR+%22LC-MS%2FMS%22+OR+chromatography%29%29+AND+%28%222023%2F08%2F01%22%5BDate+-+Publication%5D+%3A+%222026%2F07%2F31%22%5BDate+-+Publication%5D%29&retmode=json&retmax=0,,,strict access failure,2026-08-02T19:43:58+00:00,fresh data/link_health.json,[]
https://eutils.ncbi.nlm.nih.gov/entrez/eutils/esearch.fcgi?db=pubmed&term=%28%28PFAS+OR+%22per-+and+polyfluoroalkyl%22%29+AND+%28%22LC-MS%22+OR+%22LC-MS%2FMS%22+OR+chromatography%29%29+AND+%28%222023%2F08%2F02%22%5BDate+-+Publication%5D+%3A+%222026%2F08%2F01%22%5BDate+-+Publication%5D%29&retmode=json&retmax=0,Broken,429,https://eutils.ncbi.nlm.nih.gov/entrez/eutils/esearch.fcgi?db=pubmed&term=%28%28PFAS+OR+%22per-+and+polyfluoroalkyl%22%29+AND+%28%22LC-MS%22+OR+%22LC-MS%2FMS%22+OR+chromatography%29%29+AND+%28%222023%2F08%2F02%22%5BDate+-+Publication%5D+%3A+%222026%2F08%2F01%22%5BDate+-+Publication%5D%29&retmode=json&retmax=0,,,strict access failure,2026-08-02T19:43:58+00:00,fresh data/link_health.json,[]
https://eutils.ncbi.nlm.nih.gov/entrez/eutils/esearch.fcgi?db=pubmed&term=%28%28PFAS+OR+%22per-+and+polyfluoroalkyl%22%29+AND+%28%22LC-MS%22+OR+%22LC-MS%2FMS%22+OR+chromatography%29%29+AND+%28%222025%2F07%2F30%22%5BDate+-+Publication%5D+%3A+%222026%2F07%2F30%22%5BDate+-+Publication%5D%29&retmode=json&retmax=0,Broken,429,https://eutils.ncbi.nlm.nih.gov/entrez/eutils/esearch.fcgi?db=pubmed&term=%28%28PFAS+OR+%22per-+and+polyfluoroalkyl%22%29+AND+%28%22LC-MS%22+OR+%22LC-MS%2FMS%22+OR+chromatography%29%29+AND+%28%222025%2F07%2F30%22%5BDate+-+Publication%5D+%3A+%222026%2F07%2F30%22%5BDate+-+Publication%5D%29&retmode=json&retmax=0,,,strict access failure,2026-08-02T19:43:58+00:00,fresh data/link_health.json,[]
https://eutils.ncbi.nlm.nih.gov/entrez/eutils/esearch.fcgi?db=pubmed&term=%28%28PFAS+OR+%22per-+and+polyfluoroalkyl%22%29+AND+%28%22LC-MS%22+OR+%22LC-MS%2FMS%22+OR+chromatography%29%29+AND+%28%222025%2F07%2F31%22%5BDate+-+Publication%5D+%3A+%222026%2F07%2F31%22%5BDate+-+Publication%5D%29&retmode=json&retmax=0,Broken,429,https://eutils.ncbi.nlm.nih.gov/entrez/eutils/esearch.fcgi?db=pubmed&term=%28%28PFAS+OR+%22per-+and+polyfluoroalkyl%22%29+AND+%28%22LC-MS%22+OR+%22LC-MS%2FMS%22+OR+chromatography%29%29+AND+%28%222025%2F07%2F31%22%5BDate+-+Publication%5D+%3A+%222026%2F07%2F31%22%5BDate+-+Publication%5D%29&retmode=json&retmax=0,,,strict access failure,2026-08-02T19:43:58+00:00,fresh data/link_health.json,[]
https://eutils.ncbi.nlm.nih.gov/entrez/eutils/esearch.fcgi?db=pubmed&term=%28%28PFAS+OR+%22per-+and+polyfluoroalkyl%22%29+AND+%28%22LC-MS%22+OR+%22LC-MS%2FMS%22+OR+chromatography%29%29+AND+%28%222025%2F08%2F01%22%5BDate+-+Publication%5D+%3A+%222026%2F08%2F01%22%5BDate+-+Publication%5D%29&retmode=json&retmax=0,Broken,429,https://eutils.ncbi.nlm.nih.gov/entrez/eutils/esearch.fcgi?db=pubmed&term=%28%28PFAS+OR+%22per-+and+polyfluoroalkyl%22%29+AND+%28%22LC-MS%22+OR+%22LC-MS%2FMS%22+OR+chromatography%29%29+AND+%28%222025%2F08%2F01%22%5BDate+-+Publication%5D+%3A+%222026%2F08%2F01%22%5BDate+-+Publication%5D%29&retmode=json&retmax=0,,,strict access failure,2026-08-02T19:43:58+00:00,fresh data/link_health.json,[]
https://eutils.ncbi.nlm.nih.gov/entrez/eutils/esearch.fcgi?db=pubmed&term=%28%28PFAS+OR+%22per-+and+polyfluoroalkyl%22%29+AND+%28%22LC-MS%22+OR+%22LC-MS%2FMS%22+OR+chromatography%29%29+AND+%28%222026%2F05%2F01%22%5BDate+-+Publication%5D+%3A+%222026%2F07%2F30%22%5BDate+-+Publication%5D%29&retmode=json&retmax=0,Broken,429,https://eutils.ncbi.nlm.nih.gov/entrez/eutils/esearch.fcgi?db=pubmed&term=%28%28PFAS+OR+%22per-+and+polyfluoroalkyl%22%29+AND+%28%22LC-MS%22+OR+%22LC-MS%2FMS%22+OR+chromatography%29%29+AND+%28%222026%2F05%2F01%22%5BDate+-+Publication%5D+%3A+%222026%2F07%2F30%22%5BDate+-+Publication%5D%29&retmode=json&retmax=0,,,strict access failure,2026-08-02T19:43:58+00:00,fresh data/link_health.json,[]
https://eutils.ncbi.nlm.nih.gov/entrez/eutils/esearch.fcgi?db=pubmed&term=%28%28PFAS+OR+%22per-+and+polyfluoroalkyl%22%29+AND+%28%22LC-MS%22+OR+%22LC-MS%2FMS%22+OR+chromatography%29%29+AND+%28%222026%2F05%2F02%22%5BDate+-+Publication%5D+%3A+%222026%2F07%2F31%22%5BDate+-+Publication%5D%29&retmode=json&retmax=0,Broken,429,https://eutils.ncbi.nlm.nih.gov/entrez/eutils/esearch.fcgi?db=pubmed&term=%28%28PFAS+OR+%22per-+and+polyfluoroalkyl%22%29+AND+%28%22LC-MS%22+OR+%22LC-MS%2FMS%22+OR+chromatography%29%29+AND+%28%222026%2F05%2F02%22%5BDate+-+Publication%5D+%3A+%222026%2F07%2F31%22%5BDate+-+Publication%5D%29&retmode=json&retmax=0,,,strict access failure,2026-08-02T19:43:58+00:00,fresh data/link_health.json,[]
https://eutils.ncbi.nlm.nih.gov/entrez/eutils/esearch.fcgi?db=pubmed&term=%28%28PFAS+OR+%22per-+and+polyfluoroalkyl%22%29+AND+%28%22LC-MS%22+OR+%22LC-MS%2FMS%22+OR+chromatography%29%29+AND+%28%222026%2F05%2F03%22%5BDate+-+Publication%5D+%3A+%222026%2F08%2F01%22%5BDate+-+Publication%5D%29&retmode=json&retmax=0,Broken,429,https://eutils.ncbi.nlm.nih.gov/entrez/eutils/esearch.fcgi?db=pubmed&term=%28%28PFAS+OR+%22per-+and+polyfluoroalkyl%22%29+AND+%28%22LC-MS%22+OR+%22LC-MS%2FMS%22+OR+chromatography%29%29+AND+%28%222026%2F05%2F03%22%5BDate+-+Publication%5D+%3A+%222026%2F08%2F01%22%5BDate+-+Publication%5D%29&retmode=json&retmax=0,,,strict access failure,2026-08-02T19:43:58+00:00,fresh data/link_health.json,[]
https://eutils.ncbi.nlm.nih.gov/entrez/eutils/esearch.fcgi?db=pubmed&term=%28%28PFAS+OR+%22per-+and+polyfluoroalkyl%22%29+AND+%28%22LC-MS%22+OR+%22LC-MS%2FMS%22+OR+chromatography%29%29+AND+%28%222026%2F05%2F31%22%5BDate+-+Publication%5D+%3A+%222026%2F07%2F30%22%5BDate+-+Publication%5D%29&retmode=json&retmax=0,Broken,429,https://eutils.ncbi.nlm.nih.gov/entrez/eutils/esearch.fcgi?db=pubmed&term=%28%28PFAS+OR+%22per-+and+polyfluoroalkyl%22%29+AND+%28%22LC-MS%22+OR+%22LC-MS%2FMS%22+OR+chromatography%29%29+AND+%28%222026%2F05%2F31%22%5BDate+-+Publication%5D+%3A+%222026%2F07%2F30%22%5BDate+-+Publication%5D%29&retmode=json&retmax=0,,,strict access failure,2026-08-02T19:43:59+00:00,fresh data/link_health.json,[]
https://eutils.ncbi.nlm.nih.gov/entrez/eutils/esearch.fcgi?db=pubmed&term=%28%28PFAS+OR+%22per-+and+polyfluoroalkyl%22%29+AND+%28%22LC-MS%22+OR+%22LC-MS%2FMS%22+OR+chromatography%29%29+AND+%28%222026%2F06%2F01%22%5BDate+-+Publication%5D+%3A+%222026%2F07%2F31%22%5BDate+-+Publication%5D%29&retmode=json&retmax=0,Broken,429,https://eutils.ncbi.nlm.nih.gov/entrez/eutils/esearch.fcgi?db=pubmed&term=%28%28PFAS+OR+%22per-+and+polyfluoroalkyl%22%29+AND+%28%22LC-MS%22+OR+%22LC-MS%2FMS%22+OR+chromatography%29%29+AND+%28%222026%2F06%2F01%22%5BDate+-+Publication%5D+%3A+%222026%2F07%2F31%22%5BDate+-+Publication%5D%29&retmode=json&retmax=0,,,strict access failure,2026-08-02T19:43:59+00:00,fresh data/link_health.json,[]
https://eutils.ncbi.nlm.nih.gov/entrez/eutils/esearch.fcgi?db=pubmed&term=%28%28PFAS+OR+%22per-+and+polyfluoroalkyl%22%29+AND+%28%22LC-MS%22+OR+%22LC-MS%2FMS%22+OR+chromatography%29%29+AND+%28%222026%2F06%2F02%22%5BDate+-+Publication%5D+%3A+%222026%2F08%2F01%22%5BDate+-+Publication%5D%29&retmode=json&retmax=0,Broken,429,https://eutils.ncbi.nlm.nih.gov/entrez/eutils/esearch.fcgi?db=pubmed&term=%28%28PFAS+OR+%22per-+and+polyfluoroalkyl%22%29+AND+%28%22LC-MS%22+OR+%22LC-MS%2FMS%22+OR+chromatography%29%29+AND+%28%222026%2F06%2F02%22%5BDate+-+Publication%5D+%3A+%222026%2F08%2F01%22%5BDate+-+Publication%5D%29&retmode=json&retmax=0,,,strict access failure,2026-08-02T19:43:59+00:00,fresh data/link_health.json,[]
https://eutils.ncbi.nlm.nih.gov/entrez/eutils/esearch.fcgi?db=pubmed&term=%28%28PFAS+OR+%22per-+and+polyfluoroalkyl%22%29+AND+%28%22LC-MS%22+OR+%22LC-MS%2FMS%22+OR+chromatography%29%29+AND+%28%222026%2F06%2F30%22%5BDate+-+Publication%5D+%3A+%222026%2F07%2F30%22%5BDate+-+Publication%5D%29&retmode=json&retmax=0,Broken,429,https://eutils.ncbi.nlm.nih.gov/entrez/eutils/esearch.fcgi?db=pubmed&term=%28%28PFAS+OR+%22per-+and+polyfluoroalkyl%22%29+AND+%28%22LC-MS%22+OR+%22LC-MS%2FMS%22+OR+chromatography%29%29+AND+%28%222026%2F06%2F30%22%5BDate+-+Publication%5D+%3A+%222026%2F07%2F30%22%5BDate+-+Publication%5D%29&retmode=json&retmax=0,,,strict access failure,2026-08-02T19:43:59+00:00,fresh data/link_health.json,[]
https://eutils.ncbi.nlm.nih.gov/entrez/eutils/esearch.fcgi?db=pubmed&term=%28%28PFAS+OR+%22per-+and+polyfluoroalkyl%22%29+AND+%28%22LC-MS%22+OR+%22LC-MS%2FMS%22+OR+chromatography%29%29+AND+%28%222026%2F07%2F01%22%5BDate+-+Publication%5D+%3A+%222026%2F07%2F31%22%5BDate+-+Publication%5D%29&retmode=json&retmax=0,Broken,429,https://eutils.ncbi.nlm.nih.gov/entrez/eutils/esearch.fcgi?db=pubmed&term=%28%28PFAS+OR+%22per-+and+polyfluoroalkyl%22%29+AND+%28%22LC-MS%22+OR+%22LC-MS%2FMS%22+OR+chromatography%29%29+AND+%28%222026%2F07%2F01%22%5BDate+-+Publication%5D+%3A+%222026%2F07%2F31%22%5BDate+-+Publication%5D%29&retmode=json&retmax=0,,,strict access failure,2026-08-02T19:43:59+00:00,fresh data/link_health.json,[]
https://eutils.ncbi.nlm.nih.gov/entrez/eutils/esearch.fcgi?db=pubmed&term=%28%28PFAS+OR+%22per-+and+polyfluoroalkyl%22%29+AND+%28%22LC-MS%22+OR+%22LC-MS%2FMS%22+OR+chromatography%29%29+AND+%28%222026%2F07%2F02%22%5BDate+-+Publication%5D+%3A+%222026%2F08%2F01%22%5BDate+-+Publication%5D%29&retmode=json&retmax=0,Broken,429,https://eutils.ncbi.nlm.nih.gov/entrez/eutils/esearch.fcgi?db=pubmed&term=%28%28PFAS+OR+%22per-+and+polyfluoroalkyl%22%29+AND+%28%22LC-MS%22+OR+%22LC-MS%2FMS%22+OR+chromatography%29%29+AND+%28%222026%2F07%2F02%22%5BDate+-+Publication%5D+%3A+%222026%2F08%2F01%22%5BDate+-+Publication%5D%29&retmode=json&retmax=0,,,strict access failure,2026-08-02T19:43:59+00:00,fresh data/link_health.json,[]
https://eutils.ncbi.nlm.nih.gov/entrez/eutils/esearch.fcgi?db=pubmed&term=%28%28oligonucleotide+OR+%22nucleic+acid%22+OR+siRNA%29+AND+%28%22LC-MS%22+OR+chromatography+OR+%22mass+spectrometry%22%29%29+AND+%28%222021%2F07%2F31%22%5BDate+-+Publication%5D+%3A+%222026%2F07%2F30%22%5BDate+-+Publication%5D%29&retmode=json&retmax=0,Broken,429,https://eutils.ncbi.nlm.nih.gov/entrez/eutils/esearch.fcgi?db=pubmed&term=%28%28oligonucleotide+OR+%22nucleic+acid%22+OR+siRNA%29+AND+%28%22LC-MS%22+OR+chromatography+OR+%22mass+spectrometry%22%29%29+AND+%28%222021%2F07%2F31%22%5BDate+-+Publication%5D+%3A+%222026%2F07%2F30%22%5BDate+-+Publication%5D%29&retmode=json&retmax=0,,,strict access failure,2026-08-02T19:43:59+00:00,fresh data/link_health.json,[]
https://eutils.ncbi.nlm.nih.gov/entrez/eutils/esearch.fcgi?db=pubmed&term=%28%28oligonucleotide+OR+%22nucleic+acid%22+OR+siRNA%29+AND+%28%22LC-MS%22+OR+chromatography+OR+%22mass+spectrometry%22%29%29+AND+%28%222021%2F08%2F01%22%5BDate+-+Publication%5D+%3A+%222026%2F07%2F31%22%5BDate+-+Publication%5D%29&retmode=json&retmax=0,Broken,429,https://eutils.ncbi.nlm.nih.gov/entrez/eutils/esearch.fcgi?db=pubmed&term=%28%28oligonucleotide+OR+%22nucleic+acid%22+OR+siRNA%29+AND+%28%22LC-MS%22+OR+chromatography+OR+%22mass+spectrometry%22%29%29+AND+%28%222021%2F08%2F01%22%5BDate+-+Publication%5D+%3A+%222026%2F07%2F31%22%5BDate+-+Publication%5D%29&retmode=json&retmax=0,,,strict access failure,2026-08-02T19:43:59+00:00,fresh data/link_health.json,[]
https://eutils.ncbi.nlm.nih.gov/entrez/eutils/esearch.fcgi?db=pubmed&term=%28%28oligonucleotide+OR+%22nucleic+acid%22+OR+siRNA%29+AND+%28%22LC-MS%22+OR+chromatography+OR+%22mass+spectrometry%22%29%29+AND+%28%222021%2F08%2F02%22%5BDate+-+Publication%5D+%3A+%222026%2F08%2F01%22%5BDate+-+Publication%5D%29&retmode=json&retmax=0,Broken,429,https://eutils.ncbi.nlm.nih.gov/entrez/eutils/esearch.fcgi?db=pubmed&term=%28%28oligonucleotide+OR+%22nucleic+acid%22+OR+siRNA%29+AND+%28%22LC-MS%22+OR+chromatography+OR+%22mass+spectrometry%22%29%29+AND+%28%222021%2F08%2F02%22%5BDate+-+Publication%5D+%3A+%222026%2F08%2F01%22%5BDate+-+Publication%5D%29&retmode=json&retmax=0,,,strict access failure,2026-08-02T19:43:59+00:00,fresh data/link_health.json,[]
https://eutils.ncbi.nlm.nih.gov/entrez/eutils/esearch.fcgi?db=pubmed&term=%28%28oligonucleotide+OR+%22nucleic+acid%22+OR+siRNA%29+AND+%28%22LC-MS%22+OR+chromatography+OR+%22mass+spectrometry%22%29%29+AND+%28%222023%2F07%2F31%22%5BDate+-+Publication%5D+%3A+%222026%2F07%2F30%22%5BDate+-+Publication%5D%29&retmode=json&retmax=0,Broken,429,https://eutils.ncbi.nlm.nih.gov/entrez/eutils/esearch.fcgi?db=pubmed&term=%28%28oligonucleotide+OR+%22nucleic+acid%22+OR+siRNA%29+AND+%28%22LC-MS%22+OR+chromatography+OR+%22mass+spectrometry%22%29%29+AND+%28%222023%2F07%2F31%22%5BDate+-+Publication%5D+%3A+%222026%2F07%2F30%22%5BDate+-+Publication%5D%29&retmode=json&retmax=0,,,strict access failure,2026-08-02T19:43:59+00:00,fresh data/link_health.json,[]
https://eutils.ncbi.nlm.nih.gov/entrez/eutils/esearch.fcgi?db=pubmed&term=%28%28oligonucleotide+OR+%22nucleic+acid%22+OR+siRNA%29+AND+%28%22LC-MS%22+OR+chromatography+OR+%22mass+spectrometry%22%29%29+AND+%28%222023%2F08%2F01%22%5BDate+-+Publication%5D+%3A+%222026%2F07%2F31%22%5BDate+-+Publication%5D%29&retmode=json&retmax=0,Broken,429,https://eutils.ncbi.nlm.nih.gov/entrez/eutils/esearch.fcgi?db=pubmed&term=%28%28oligonucleotide+OR+%22nucleic+acid%22+OR+siRNA%29+AND+%28%22LC-MS%22+OR+chromatography+OR+%22mass+spectrometry%22%29%29+AND+%28%222023%2F08%2F01%22%5BDate+-+Publication%5D+%3A+%222026%2F07%2F31%22%5BDate+-+Publication%5D%29&retmode=json&retmax=0,,,strict access failure,2026-08-02T19:43:59+00:00,fresh data/link_health.json,[]
https://eutils.ncbi.nlm.nih.gov/entrez/eutils/esearch.fcgi?db=pubmed&term=%28%28oligonucleotide+OR+%22nucleic+acid%22+OR+siRNA%29+AND+%28%22LC-MS%22+OR+chromatography+OR+%22mass+spectrometry%22%29%29+AND+%28%222023%2F08%2F02%22%5BDate+-+Publication%5D+%3A+%222026%2F08%2F01%22%5BDate+-+Publication%5D%29&retmode=json&retmax=0,Broken,429,https://eutils.ncbi.nlm.nih.gov/entrez/eutils/esearch.fcgi?db=pubmed&term=%28%28oligonucleotide+OR+%22nucleic+acid%22+OR+siRNA%29+AND+%28%22LC-MS%22+OR+chromatography+OR+%22mass+spectrometry%22%29%29+AND+%28%222023%2F08%2F02%22%5BDate+-+Publication%5D+%3A+%222026%2F08%2F01%22%5BDate+-+Publication%5D%29&retmode=json&retmax=0,,,strict access failure,2026-08-02T19:43:59+00:00,fresh data/link_health.json,[]
https://eutils.ncbi.nlm.nih.gov/entrez/eutils/esearch.fcgi?db=pubmed&term=%28%28oligonucleotide+OR+%22nucleic+acid%22+OR+siRNA%29+AND+%28%22LC-MS%22+OR+chromatography+OR+%22mass+spectrometry%22%29%29+AND+%28%222025%2F07%2F30%22%5BDate+-+Publication%5D+%3A+%222026%2F07%2F30%22%5BDate+-+Publication%5D%29&retmode=json&retmax=0,Broken,429,https://eutils.ncbi.nlm.nih.gov/entrez/eutils/esearch.fcgi?db=pubmed&term=%28%28oligonucleotide+OR+%22nucleic+acid%22+OR+siRNA%29+AND+%28%22LC-MS%22+OR+chromatography+OR+%22mass+spectrometry%22%29%29+AND+%28%222025%2F07%2F30%22%5BDate+-+Publication%5D+%3A+%222026%2F07%2F30%22%5BDate+-+Publication%5D%29&retmode=json&retmax=0,,,strict access failure,2026-08-02T19:43:59+00:00,fresh data/link_health.json,[]
https://eutils.ncbi.nlm.nih.gov/entrez/eutils/esearch.fcgi?db=pubmed&term=%28%28oligonucleotide+OR+%22nucleic+acid%22+OR+siRNA%29+AND+%28%22LC-MS%22+OR+chromatography+OR+%22mass+spectrometry%22%29%29+AND+%28%222025%2F07%2F31%22%5BDate+-+Publication%5D+%3A+%222026%2F07%2F31%22%5BDate+-+Publication%5D%29&retmode=json&retmax=0,Broken,429,https://eutils.ncbi.nlm.nih.gov/entrez/eutils/esearch.fcgi?db=pubmed&term=%28%28oligonucleotide+OR+%22nucleic+acid%22+OR+siRNA%29+AND+%28%22LC-MS%22+OR+chromatography+OR+%22mass+spectrometry%22%29%29+AND+%28%222025%2F07%2F31%22%5BDate+-+Publication%5D+%3A+%222026%2F07%2F31%22%5BDate+-+Publication%5D%29&retmode=json&retmax=0,,,strict access failure,2026-08-02T19:43:59+00:00,fresh data/link_health.json,[]
https://eutils.ncbi.nlm.nih.gov/entrez/eutils/esearch.fcgi?db=pubmed&term=%28%28oligonucleotide+OR+%22nucleic+acid%22+OR+siRNA%29+AND+%28%22LC-MS%22+OR+chromatography+OR+%22mass+spectrometry%22%29%29+AND+%28%222025%2F08%2F01%22%5BDate+-+Publication%5D+%3A+%222026%2F08%2F01%22%5BDate+-+Publication%5D%29&retmode=json&retmax=0,Broken,429,https://eutils.ncbi.nlm.nih.gov/entrez/eutils/esearch.fcgi?db=pubmed&term=%28%28oligonucleotide+OR+%22nucleic+acid%22+OR+siRNA%29+AND+%28%22LC-MS%22+OR+chromatography+OR+%22mass+spectrometry%22%29%29+AND+%28%222025%2F08%2F01%22%5BDate+-+Publication%5D+%3A+%222026%2F08%2F01%22%5BDate+-+Publication%5D%29&retmode=json&retmax=0,,,strict access failure,2026-08-02T19:43:59+00:00,fresh data/link_health.json,[]
https://eutils.ncbi.nlm.nih.gov/entrez/eutils/esearch.fcgi?db=pubmed&term=%28%28oligonucleotide+OR+%22nucleic+acid%22+OR+siRNA%29+AND+%28%22LC-MS%22+OR+chromatography+OR+%22mass+spectrometry%22%29%29+AND+%28%222026%2F05%2F01%22%5BDate+-+Publication%5D+%3A+%222026%2F07%2F30%22%5BDate+-+Publication%5D%29&retmode=json&retmax=0,Broken,429,https://eutils.ncbi.nlm.nih.gov/entrez/eutils/esearch.fcgi?db=pubmed&term=%28%28oligonucleotide+OR+%22nucleic+acid%22+OR+siRNA%29+AND+%28%22LC-MS%22+OR+chromatography+OR+%22mass+spectrometry%22%29%29+AND+%28%222026%2F05%2F01%22%5BDate+-+Publication%5D+%3A+%222026%2F07%2F30%22%5BDate+-+Publication%5D%29&retmode=json&retmax=0,,,strict access failure,2026-08-02T19:43:59+00:00,fresh data/link_health.json,[]
https://eutils.ncbi.nlm.nih.gov/entrez/eutils/esearch.fcgi?db=pubmed&term=%28%28oligonucleotide+OR+%22nucleic+acid%22+OR+siRNA%29+AND+%28%22LC-MS%22+OR+chromatography+OR+%22mass+spectrometry%22%29%29+AND+%28%222026%2F05%2F02%22%5BDate+-+Publication%5D+%3A+%222026%2F07%2F31%22%5BDate+-+Publication%5D%29&retmode=json&retmax=0,Broken,429,https://eutils.ncbi.nlm.nih.gov/entrez/eutils/esearch.fcgi?db=pubmed&term=%28%28oligonucleotide+OR+%22nucleic+acid%22+OR+siRNA%29+AND+%28%22LC-MS%22+OR+chromatography+OR+%22mass+spectrometry%22%29%29+AND+%28%222026%2F05%2F02%22%5BDate+-+Publication%5D+%3A+%222026%2F07%2F31%22%5BDate+-+Publication%5D%29&retmode=json&retmax=0,,,strict access failure,2026-08-02T19:44:00+00:00,fresh data/link_health.json,[]
https://eutils.ncbi.nlm.nih.gov/entrez/eutils/esearch.fcgi?db=pubmed&term=%28%28oligonucleotide+OR+%22nucleic+acid%22+OR+siRNA%29+AND+%28%22LC-MS%22+OR+chromatography+OR+%22mass+spectrometry%22%29%29+AND+%28%222026%2F05%2F03%22%5BDate+-+Publication%5D+%3A+%222026%2F08%2F01%22%5BDate+-+Publication%5D%29&retmode=json&retmax=0,Broken,429,https://eutils.ncbi.nlm.nih.gov/entrez/eutils/esearch.fcgi?db=pubmed&term=%28%28oligonucleotide+OR+%22nucleic+acid%22+OR+siRNA%29+AND+%28%22LC-MS%22+OR+chromatography+OR+%22mass+spectrometry%22%29%29+AND+%28%222026%2F05%2F03%22%5BDate+-+Publication%5D+%3A+%222026%2F08%2F01%22%5BDate+-+Publication%5D%29&retmode=json&retmax=0,,,strict access failure,2026-08-02T19:44:00+00:00,fresh data/link_health.json,[]
https://eutils.ncbi.nlm.nih.gov/entrez/eutils/esearch.fcgi?db=pubmed&term=%28%28oligonucleotide+OR+%22nucleic+acid%22+OR+siRNA%29+AND+%28%22LC-MS%22+OR+chromatography+OR+%22mass+spectrometry%22%29%29+AND+%28%222026%2F05%2F31%22%5BDate+-+Publication%5D+%3A+%222026%2F07%2F30%22%5BDate+-+Publication%5D%29&retmode=json&retmax=0,Broken,429,https://eutils.ncbi.nlm.nih.gov/entrez/eutils/esearch.fcgi?db=pubmed&term=%28%28oligonucleotide+OR+%22nucleic+acid%22+OR+siRNA%29+AND+%28%22LC-MS%22+OR+chromatography+OR+%22mass+spectrometry%22%29%29+AND+%28%222026%2F05%2F31%22%5BDate+-+Publication%5D+%3A+%222026%2F07%2F30%22%5BDate+-+Publication%5D%29&retmode=json&retmax=0,,,strict access failure,2026-08-02T19:44:00+00:00,fresh data/link_health.json,[]
https://eutils.ncbi.nlm.nih.gov/entrez/eutils/esearch.fcgi?db=pubmed&term=%28%28oligonucleotide+OR+%22nucleic+acid%22+OR+siRNA%29+AND+%28%22LC-MS%22+OR+chromatography+OR+%22mass+spectrometry%22%29%29+AND+%28%222026%2F06%2F01%22%5BDate+-+Publication%5D+%3A+%222026%2F07%2F31%22%5BDate+-+Publication%5D%29&retmode=json&retmax=0,Broken,429,https://eutils.ncbi.nlm.nih.gov/entrez/eutils/esearch.fcgi?db=pubmed&term=%28%28oligonucleotide+OR+%22nucleic+acid%22+OR+siRNA%29+AND+%28%22LC-MS%22+OR+chromatography+OR+%22mass+spectrometry%22%29%29+AND+%28%222026%2F06%2F01%22%5BDate+-+Publication%5D+%3A+%222026%2F07%2F31%22%5BDate+-+Publication%5D%29&retmode=json&retmax=0,,,HTTP 429,2026-08-02T19:58:27+00:00,fresh direct fetch,[]
https://eutils.ncbi.nlm.nih.gov/entrez/eutils/esearch.fcgi?db=pubmed&term=%28%28oligonucleotide+OR+%22nucleic+acid%22+OR+siRNA%29+AND+%28%22LC-MS%22+OR+chromatography+OR+%22mass+spectrometry%22%29%29+AND+%28%222026%2F06%2F02%22%5BDate+-+Publication%5D+%3A+%222026%2F08%2F01%22%5BDate+-+Publication%5D%29&retmode=json&retmax=0,Broken,429,https://eutils.ncbi.nlm.nih.gov/entrez/eutils/esearch.fcgi?db=pubmed&term=%28%28oligonucleotide+OR+%22nucleic+acid%22+OR+siRNA%29+AND+%28%22LC-MS%22+OR+chromatography+OR+%22mass+spectrometry%22%29%29+AND+%28%222026%2F06%2F02%22%5BDate+-+Publication%5D+%3A+%222026%2F08%2F01%22%5BDate+-+Publication%5D%29&retmode=json&retmax=0,,,HTTP 429,2026-08-02T19:58:27+00:00,fresh direct fetch,[]
https://eutils.ncbi.nlm.nih.gov/entrez/eutils/esearch.fcgi?db=pubmed&term=%28%28oligonucleotide+OR+%22nucleic+acid%22+OR+siRNA%29+AND+%28%22LC-MS%22+OR+chromatography+OR+%22mass+spectrometry%22%29%29+AND+%28%222026%2F06%2F30%22%5BDate+-+Publication%5D+%3A+%222026%2F07%2F30%22%5BDate+-+Publication%5D%29&retmode=json&retmax=0,Broken,429,https://eutils.ncbi.nlm.nih.gov/entrez/eutils/esearch.fcgi?db=pubmed&term=%28%28oligonucleotide+OR+%22nucleic+acid%22+OR+siRNA%29+AND+%28%22LC-MS%22+OR+chromatography+OR+%22mass+spectrometry%22%29%29+AND+%28%222026%2F06%2F30%22%5BDate+-+Publication%5D+%3A+%222026%2F07%2F30%22%5BDate+-+Publication%5D%29&retmode=json&retmax=0,,,strict access failure,2026-08-02T19:44:00+00:00,fresh data/link_health.json,[]
https://eutils.ncbi.nlm.nih.gov/entrez/eutils/esearch.fcgi?db=pubmed&term=%28%28oligonucleotide+OR+%22nucleic+acid%22+OR+siRNA%29+AND+%28%22LC-MS%22+OR+chromatography+OR+%22mass+spectrometry%22%29%29+AND+%28%222026%2F07%2F01%22%5BDate+-+Publication%5D+%3A+%222026%2F07%2F31%22%5BDate+-+Publication%5D%29&retmode=json&retmax=0,Broken,429,https://eutils.ncbi.nlm.nih.gov/entrez/eutils/esearch.fcgi?db=pubmed&term=%28%28oligonucleotide+OR+%22nucleic+acid%22+OR+siRNA%29+AND+%28%22LC-MS%22+OR+chromatography+OR+%22mass+spectrometry%22%29%29+AND+%28%222026%2F07%2F01%22%5BDate+-+Publication%5D+%3A+%222026%2F07%2F31%22%5BDate+-+Publication%5D%29&retmode=json&retmax=0,,,HTTP 429,2026-08-02T19:58:27+00:00,fresh direct fetch,[]
https://eutils.ncbi.nlm.nih.gov/entrez/eutils/esearch.fcgi?db=pubmed&term=%28%28oligonucleotide+OR+%22nucleic+acid%22+OR+siRNA%29+AND+%28%22LC-MS%22+OR+chromatography+OR+%22mass+spectrometry%22%29%29+AND+%28%222026%2F07%2F02%22%5BDate+-+Publication%5D+%3A+%222026%2F08%2F01%22%5BDate+-+Publication%5D%29&retmode=json&retmax=0,Broken,429,https://eutils.ncbi.nlm.nih.gov/entrez/eutils/esearch.fcgi?db=pubmed&term=%28%28oligonucleotide+OR+%22nucleic+acid%22+OR+siRNA%29+AND+%28%22LC-MS%22+OR+chromatography+OR+%22mass+spectrometry%22%29%29+AND+%28%222026%2F07%2F02%22%5BDate+-+Publication%5D+%3A+%222026%2F08%2F01%22%5BDate+-+Publication%5D%29&retmode=json&retmax=0,,,strict access failure,2026-08-02T19:44:00+00:00,fresh data/link_health.json,[]
https://eutils.ncbi.nlm.nih.gov/entrez/eutils/esearch.fcgi?db=pubmed&term=%28%28proteomics+OR+metabolomics%29+AND+%28%22LC-MS%22+OR+Orbitrap+OR+%22mass+spectrometry%22%29%29+AND+%28%222021%2F07%2F31%22%5BDate+-+Publication%5D+%3A+%222026%2F07%2F30%22%5BDate+-+Publication%5D%29&retmode=json&retmax=0,Broken,429,https://eutils.ncbi.nlm.nih.gov/entrez/eutils/esearch.fcgi?db=pubmed&term=%28%28proteomics+OR+metabolomics%29+AND+%28%22LC-MS%22+OR+Orbitrap+OR+%22mass+spectrometry%22%29%29+AND+%28%222021%2F07%2F31%22%5BDate+-+Publication%5D+%3A+%222026%2F07%2F30%22%5BDate+-+Publication%5D%29&retmode=json&retmax=0,,,strict access failure,2026-08-02T19:44:00+00:00,fresh data/link_health.json,[]
https://eutils.ncbi.nlm.nih.gov/entrez/eutils/esearch.fcgi?db=pubmed&term=%28%28proteomics+OR+metabolomics%29+AND+%28%22LC-MS%22+OR+Orbitrap+OR+%22mass+spectrometry%22%29%29+AND+%28%222021%2F08%2F01%22%5BDate+-+Publication%5D+%3A+%222026%2F07%2F31%22%5BDate+-+Publication%5D%29&retmode=json&retmax=0,Broken,429,https://eutils.ncbi.nlm.nih.gov/entrez/eutils/esearch.fcgi?db=pubmed&term=%28%28proteomics+OR+metabolomics%29+AND+%28%22LC-MS%22+OR+Orbitrap+OR+%22mass+spectrometry%22%29%29+AND+%28%222021%2F08%2F01%22%5BDate+-+Publication%5D+%3A+%222026%2F07%2F31%22%5BDate+-+Publication%5D%29&retmode=json&retmax=0,,,strict access failure,2026-08-02T19:44:00+00:00,fresh data/link_health.json,[]
https://eutils.ncbi.nlm.nih.gov/entrez/eutils/esearch.fcgi?db=pubmed&term=%28%28proteomics+OR+metabolomics%29+AND+%28%22LC-MS%22+OR+Orbitrap+OR+%22mass+spectrometry%22%29%29+AND+%28%222021%2F08%2F02%22%5BDate+-+Publication%5D+%3A+%222026%2F08%2F01%22%5BDate+-+Publication%5D%29&retmode=json&retmax=0,Broken,429,https://eutils.ncbi.nlm.nih.gov/entrez/eutils/esearch.fcgi?db=pubmed&term=%28%28proteomics+OR+metabolomics%29+AND+%28%22LC-MS%22+OR+Orbitrap+OR+%22mass+spectrometry%22%29%29+AND+%28%222021%2F08%2F02%22%5BDate+-+Publication%5D+%3A+%222026%2F08%2F01%22%5BDate+-+Publication%5D%29&retmode=json&retmax=0,,,strict access failure,2026-08-02T19:44:00+00:00,fresh data/link_health.json,[]
https://eutils.ncbi.nlm.nih.gov/entrez/eutils/esearch.fcgi?db=pubmed&term=%28%28proteomics+OR+metabolomics%29+AND+%28%22LC-MS%22+OR+Orbitrap+OR+%22mass+spectrometry%22%29%29+AND+%28%222023%2F07%2F31%22%5BDate+-+Publication%5D+%3A+%222026%2F07%2F30%22%5BDate+-+Publication%5D%29&retmode=json&retmax=0,Broken,429,https://eutils.ncbi.nlm.nih.gov/entrez/eutils/esearch.fcgi?db=pubmed&term=%28%28proteomics+OR+metabolomics%29+AND+%28%22LC-MS%22+OR+Orbitrap+OR+%22mass+spectrometry%22%29%29+AND+%28%222023%2F07%2F31%22%5BDate+-+Publication%5D+%3A+%222026%2F07%2F30%22%5BDate+-+Publication%5D%29&retmode=json&retmax=0,,,strict access failure,2026-08-02T19:44:00+00:00,fresh data/link_health.json,[]
https://eutils.ncbi.nlm.nih.gov/entrez/eutils/esearch.fcgi?db=pubmed&term=%28%28proteomics+OR+metabolomics%29+AND+%28%22LC-MS%22+OR+Orbitrap+OR+%22mass+spectrometry%22%29%29+AND+%28%222023%2F08%2F01%22%5BDate+-+Publication%5D+%3A+%222026%2F07%2F31%22%5BDate+-+Publication%5D%29&retmode=json&retmax=0,Broken,429,https://eutils.ncbi.nlm.nih.gov/entrez/eutils/esearch.fcgi?db=pubmed&term=%28%28proteomics+OR+metabolomics%29+AND+%28%22LC-MS%22+OR+Orbitrap+OR+%22mass+spectrometry%22%29%29+AND+%28%222023%2F08%2F01%22%5BDate+-+Publication%5D+%3A+%222026%2F07%2F31%22%5BDate+-+Publication%5D%29&retmode=json&retmax=0,,,strict access failure,2026-08-02T19:44:00+00:00,fresh data/link_health.json,[]
https://eutils.ncbi.nlm.nih.gov/entrez/eutils/esearch.fcgi?db=pubmed&term=%28%28proteomics+OR+metabolomics%29+AND+%28%22LC-MS%22+OR+Orbitrap+OR+%22mass+spectrometry%22%29%29+AND+%28%222023%2F08%2F02%22%5BDate+-+Publication%5D+%3A+%222026%2F08%2F01%22%5BDate+-+Publication%5D%29&retmode=json&retmax=0,Broken,429,https://eutils.ncbi.nlm.nih.gov/entrez/eutils/esearch.fcgi?db=pubmed&term=%28%28proteomics+OR+metabolomics%29+AND+%28%22LC-MS%22+OR+Orbitrap+OR+%22mass+spectrometry%22%29%29+AND+%28%222023%2F08%2F02%22%5BDate+-+Publication%5D+%3A+%222026%2F08%2F01%22%5BDate+-+Publication%5D%29&retmode=json&retmax=0,,,strict access failure,2026-08-02T19:44:00+00:00,fresh data/link_health.json,[]
https://eutils.ncbi.nlm.nih.gov/entrez/eutils/esearch.fcgi?db=pubmed&term=%28%28proteomics+OR+metabolomics%29+AND+%28%22LC-MS%22+OR+Orbitrap+OR+%22mass+spectrometry%22%29%29+AND+%28%222025%2F07%2F30%22%5BDate+-+Publication%5D+%3A+%222026%2F07%2F30%22%5BDate+-+Publication%5D%29&retmode=json&retmax=0,Broken,429,https://eutils.ncbi.nlm.nih.gov/entrez/eutils/esearch.fcgi?db=pubmed&term=%28%28proteomics+OR+metabolomics%29+AND+%28%22LC-MS%22+OR+Orbitrap+OR+%22mass+spectrometry%22%29%29+AND+%28%222025%2F07%2F30%22%5BDate+-+Publication%5D+%3A+%222026%2F07%2F30%22%5BDate+-+Publication%5D%29&retmode=json&retmax=0,,,strict access failure,2026-08-02T19:44:01+00:00,fresh data/link_health.json,[]
https://eutils.ncbi.nlm.nih.gov/entrez/eutils/esearch.fcgi?db=pubmed&term=%28%28proteomics+OR+metabolomics%29+AND+%28%22LC-MS%22+OR+Orbitrap+OR+%22mass+spectrometry%22%29%29+AND+%28%222025%2F07%2F31%22%5BDate+-+Publication%5D+%3A+%222026%2F07%2F31%22%5BDate+-+Publication%5D%29&retmode=json&retmax=0,Broken,429,https://eutils.ncbi.nlm.nih.gov/entrez/eutils/esearch.fcgi?db=pubmed&term=%28%28proteomics+OR+metabolomics%29+AND+%28%22LC-MS%22+OR+Orbitrap+OR+%22mass+spectrometry%22%29%29+AND+%28%222025%2F07%2F31%22%5BDate+-+Publication%5D+%3A+%222026%2F07%2F31%22%5BDate+-+Publication%5D%29&retmode=json&retmax=0,,,strict access failure,2026-08-02T19:44:01+00:00,fresh data/link_health.json,[]
https://eutils.ncbi.nlm.nih.gov/entrez/eutils/esearch.fcgi?db=pubmed&term=%28%28proteomics+OR+metabolomics%29+AND+%28%22LC-MS%22+OR+Orbitrap+OR+%22mass+spectrometry%22%29%29+AND+%28%222025%2F08%2F01%22%5BDate+-+Publication%5D+%3A+%222026%2F08%2F01%22%5BDate+-+Publication%5D%29&retmode=json&retmax=0,Broken,429,https://eutils.ncbi.nlm.nih.gov/entrez/eutils/esearch.fcgi?db=pubmed&term=%28%28proteomics+OR+metabolomics%29+AND+%28%22LC-MS%22+OR+Orbitrap+OR+%22mass+spectrometry%22%29%29+AND+%28%222025%2F08%2F01%22%5BDate+-+Publication%5D+%3A+%222026%2F08%2F01%22%5BDate+-+Publication%5D%29&retmode=json&retmax=0,,,strict access failure,2026-08-02T19:44:01+00:00,fresh data/link_health.json,[]
https://eutils.ncbi.nlm.nih.gov/entrez/eutils/esearch.fcgi?db=pubmed&term=%28%28proteomics+OR+metabolomics%29+AND+%28%22LC-MS%22+OR+Orbitrap+OR+%22mass+spectrometry%22%29%29+AND+%28%222026%2F05%2F01%22%5BDate+-+Publication%5D+%3A+%222026%2F07%2F30%22%5BDate+-+Publication%5D%29&retmode=json&retmax=0,Broken,429,https://eutils.ncbi.nlm.nih.gov/entrez/eutils/esearch.fcgi?db=pubmed&term=%28%28proteomics+OR+metabolomics%29+AND+%28%22LC-MS%22+OR+Orbitrap+OR+%22mass+spectrometry%22%29%29+AND+%28%222026%2F05%2F01%22%5BDate+-+Publication%5D+%3A+%222026%2F07%2F30%22%5BDate+-+Publication%5D%29&retmode=json&retmax=0,,,strict access failure,2026-08-02T19:44:01+00:00,fresh data/link_health.json,[]
https://eutils.ncbi.nlm.nih.gov/entrez/eutils/esearch.fcgi?db=pubmed&term=%28%28proteomics+OR+metabolomics%29+AND+%28%22LC-MS%22+OR+Orbitrap+OR+%22mass+spectrometry%22%29%29+AND+%28%222026%2F05%2F02%22%5BDate+-+Publication%5D+%3A+%222026%2F07%2F31%22%5BDate+-+Publication%5D%29&retmode=json&retmax=0,Broken,429,https://eutils.ncbi.nlm.nih.gov/entrez/eutils/esearch.fcgi?db=pubmed&term=%28%28proteomics+OR+metabolomics%29+AND+%28%22LC-MS%22+OR+Orbitrap+OR+%22mass+spectrometry%22%29%29+AND+%28%222026%2F05%2F02%22%5BDate+-+Publication%5D+%3A+%222026%2F07%2F31%22%5BDate+-+Publication%5D%29&retmode=json&retmax=0,,,strict access failure,2026-08-02T19:44:01+00:00,fresh data/link_health.json,[]
https://eutils.ncbi.nlm.nih.gov/entrez/eutils/esearch.fcgi?db=pubmed&term=%28%28proteomics+OR+metabolomics%29+AND+%28%22LC-MS%22+OR+Orbitrap+OR+%22mass+spectrometry%22%29%29+AND+%28%222026%2F05%2F03%22%5BDate+-+Publication%5D+%3A+%222026%2F08%2F01%22%5BDate+-+Publication%5D%29&retmode=json&retmax=0,Broken,429,https://eutils.ncbi.nlm.nih.gov/entrez/eutils/esearch.fcgi?db=pubmed&term=%28%28proteomics+OR+metabolomics%29+AND+%28%22LC-MS%22+OR+Orbitrap+OR+%22mass+spectrometry%22%29%29+AND+%28%222026%2F05%2F03%22%5BDate+-+Publication%5D+%3A+%222026%2F08%2F01%22%5BDate+-+Publication%5D%29&retmode=json&retmax=0,,,strict access failure,2026-08-02T19:44:01+00:00,fresh data/link_health.json,[]
https://eutils.ncbi.nlm.nih.gov/entrez/eutils/esearch.fcgi?db=pubmed&term=%28%28proteomics+OR+metabolomics%29+AND+%28%22LC-MS%22+OR+Orbitrap+OR+%22mass+spectrometry%22%29%29+AND+%28%222026%2F05%2F31%22%5BDate+-+Publication%5D+%3A+%222026%2F07%2F30%22%5BDate+-+Publication%5D%29&retmode=json&retmax=0,Broken,429,https://eutils.ncbi.nlm.nih.gov/entrez/eutils/esearch.fcgi?db=pubmed&term=%28%28proteomics+OR+metabolomics%29+AND+%28%22LC-MS%22+OR+Orbitrap+OR+%22mass+spectrometry%22%29%29+AND+%28%222026%2F05%2F31%22%5BDate+-+Publication%5D+%3A+%222026%2F07%2F30%22%5BDate+-+Publication%5D%29&retmode=json&retmax=0,,,strict access failure,2026-08-02T19:44:01+00:00,fresh data/link_health.json,[]
https://eutils.ncbi.nlm.nih.gov/entrez/eutils/esearch.fcgi?db=pubmed&term=%28%28proteomics+OR+metabolomics%29+AND+%28%22LC-MS%22+OR+Orbitrap+OR+%22mass+spectrometry%22%29%29+AND+%28%222026%2F06%2F01%22%5BDate+-+Publication%5D+%3A+%222026%2F07%2F31%22%5BDate+-+Publication%5D%29&retmode=json&retmax=0,Broken,429,https://eutils.ncbi.nlm.nih.gov/entrez/eutils/esearch.fcgi?db=pubmed&term=%28%28proteomics+OR+metabolomics%29+AND+%28%22LC-MS%22+OR+Orbitrap+OR+%22mass+spectrometry%22%29%29+AND+%28%222026%2F06%2F01%22%5BDate+-+Publication%5D+%3A+%222026%2F07%2F31%22%5BDate+-+Publication%5D%29&retmode=json&retmax=0,,,strict access failure,2026-08-02T19:44:01+00:00,fresh data/link_health.json,[]
https://eutils.ncbi.nlm.nih.gov/entrez/eutils/esearch.fcgi?db=pubmed&term=%28%28proteomics+OR+metabolomics%29+AND+%28%22LC-MS%22+OR+Orbitrap+OR+%22mass+spectrometry%22%29%29+AND+%28%222026%2F06%2F02%22%5BDate+-+Publication%5D+%3A+%222026%2F08%2F01%22%5BDate+-+Publication%5D%29&retmode=json&retmax=0,Broken,429,https://eutils.ncbi.nlm.nih.gov/entrez/eutils/esearch.fcgi?db=pubmed&term=%28%28proteomics+OR+metabolomics%29+AND+%28%22LC-MS%22+OR+Orbitrap+OR+%22mass+spectrometry%22%29%29+AND+%28%222026%2F06%2F02%22%5BDate+-+Publication%5D+%3A+%222026%2F08%2F01%22%5BDate+-+Publication%5D%29&retmode=json&retmax=0,,,HTTP 429,2026-08-02T19:58:27+00:00,fresh direct fetch,[]
https://eutils.ncbi.nlm.nih.gov/entrez/eutils/esearch.fcgi?db=pubmed&term=%28%28proteomics+OR+metabolomics%29+AND+%28%22LC-MS%22+OR+Orbitrap+OR+%22mass+spectrometry%22%29%29+AND+%28%222026%2F06%2F30%22%5BDate+-+Publication%5D+%3A+%222026%2F07%2F30%22%5BDate+-+Publication%5D%29&retmode=json&retmax=0,OK,200,https://eutils.ncbi.nlm.nih.gov/entrez/eutils/esearch.fcgi?db=pubmed&term=%28%28proteomics+OR+metabolomics%29+AND+%28%22LC-MS%22+OR+Orbitrap+OR+%22mass+spectrometry%22%29%29+AND+%28%222026%2F06%2F30%22%5BDate+-+Publication%5D+%3A+%222026%2F07%2F30%22%5BDate+-+Publication%5D%29&retmode=json&retmax=0,,,,2026-08-02T19:58:28+00:00,fresh direct fetch,[]
https://eutils.ncbi.nlm.nih.gov/entrez/eutils/esearch.fcgi?db=pubmed&term=%28%28proteomics+OR+metabolomics%29+AND+%28%22LC-MS%22+OR+Orbitrap+OR+%22mass+spectrometry%22%29%29+AND+%28%222026%2F07%2F01%22%5BDate+-+Publication%5D+%3A+%222026%2F07%2F31%22%5BDate+-+Publication%5D%29&retmode=json&retmax=0,Broken,429,https://eutils.ncbi.nlm.nih.gov/entrez/eutils/esearch.fcgi?db=pubmed&term=%28%28proteomics+OR+metabolomics%29+AND+%28%22LC-MS%22+OR+Orbitrap+OR+%22mass+spectrometry%22%29%29+AND+%28%222026%2F07%2F01%22%5BDate+-+Publication%5D+%3A+%222026%2F07%2F31%22%5BDate+-+Publication%5D%29&retmode=json&retmax=0,,,strict access failure,2026-08-02T19:44:01+00:00,fresh data/link_health.json,[]
https://eutils.ncbi.nlm.nih.gov/entrez/eutils/esearch.fcgi?db=pubmed&term=%28%28proteomics+OR+metabolomics%29+AND+%28%22LC-MS%22+OR+Orbitrap+OR+%22mass+spectrometry%22%29%29+AND+%28%222026%2F07%2F02%22%5BDate+-+Publication%5D+%3A+%222026%2F08%2F01%22%5BDate+-+Publication%5D%29&retmode=json&retmax=0,OK,200,https://eutils.ncbi.nlm.nih.gov/entrez/eutils/esearch.fcgi?db=pubmed&term=%28%28proteomics+OR+metabolomics%29+AND+%28%22LC-MS%22+OR+Orbitrap+OR+%22mass+spectrometry%22%29%29+AND+%28%222026%2F07%2F02%22%5BDate+-+Publication%5D+%3A+%222026%2F08%2F01%22%5BDate+-+Publication%5D%29&retmode=json&retmax=0,,,,2026-08-02T19:58:28+00:00,fresh direct fetch,[]
https://exhibitorportal.healthtech.com,OK,200,https://exhibitorportal.healthtech.com/,Home Page - Healthtech Exhibitor Portal,,,2026-08-02T19:58:28+00:00,fresh direct fetch,[]
https://food.ec.europa.eu/food-safety/rasff_en,OK,200,https://food.ec.europa.eu/food-safety/rasff_en,RASFF - Food Safety - European Commission,,,2026-08-02T19:44:01+00:00,fresh status plus retained title,"[{""file"": ""data/market_application_sources.json"", ""path"": """", ""label"": """"}, {""file"": ""data/market_application_sources.json"", ""path"": ""sources.29"", ""label"": ""EU Rapid Alert System for Food and Feed""}]"
https://get.informaconnect.com/tides-europe-agenda/?utm_source=Website&amp;utm_medium=Hero-CTA,Broken,200,https://get.informaconnect.com/tides-europe-agenda/?utm_source=Website&amp;utm_medium=Hero-CTA,,,HTTP response contains an access-control or bot-challenge page,2026-08-02T19:44:01+00:00,fresh data/link_health.json,[]
https://get.informaconnect.com/tides-europe-agenda/?utm_source=Website&amp;utm_medium=Nav-Bar,Broken,200,https://get.informaconnect.com/tides-europe-agenda/?utm_source=Website&amp;utm_medium=Nav-Bar,,,HTTP response contains an access-control or bot-challenge page,2026-08-02T19:44:01+00:00,fresh data/link_health.json,[]
https://get.informaconnect.com/tides-series/sponsorship/?utm_source=CORE&amp;utm_medium=WEB-INQ&amp;utm_campaign=TIDESeurope-home,Broken,200,https://get.informaconnect.com/tides-series/sponsorship/?utm_source=CORE&amp;utm_medium=WEB-INQ&amp;utm_campaign=TIDESeurope-home,,,HTTP response contains an access-control or bot-challenge page,2026-08-02T19:44:01+00:00,fresh data/link_health.json,[]
https://get.informaconnect.com/tides-series/sponsorship/?utm_source=CORE&amp;utm_medium=WEB-INQ&amp;utm_campaign=tidesus_home_floorplan,Broken,200,https://get.informaconnect.com/tides-series/sponsorship/?utm_source=CORE&amp;utm_medium=WEB-INQ&amp;utm_campaign=tidesus_home_floorplan,,,HTTP response contains an access-control or bot-challenge page,2026-08-02T19:44:01+00:00,fresh data/link_health.json,[]
https://get.informaconnect.com/tides-series/sponsorship/?utm_source=organic&amp;utm_medium=CORE&amp;utm_campaign=tidesusa-home,Broken,200,https://get.informaconnect.com/tides-series/sponsorship/?utm_source=organic&amp;utm_medium=CORE&amp;utm_campaign=tidesusa-home,,,HTTP response contains an access-control or bot-challenge page,2026-08-02T19:44:02+00:00,fresh data/link_health.json,[]
https://help.waters.com/content/dam/waters/en/support/releasenotes/2024/715009558/715009558v02.pdf,Broken,403,https://help.waters.com/content/dam/waters/en/support/releasenotes/2024/715009558/715009558v02.pdf,,,HTTP response contains an access-control or bot-challenge page,2026-08-02T19:44:02+00:00,fresh data/link_health.json,[]
https://help.waters.com/content/dam/waters/en/support/usermanuals/2022/715008065/715008065.pdf,Broken,403,https://help.waters.com/content/dam/waters/en/support/usermanuals/2022/715008065/715008065.pdf,Access Denied,,login/access or redirect wall,2026-08-02T19:44:02+00:00,fresh data/link_health.json,"[{""file"": ""data/technical_comparisons.json"", ""path"": """", ""label"": """"}, {""file"": ""data/technical_comparisons.json"", ""path"": ""profiles.4"", ""label"": """"}, {""file"": ""data/technical_comparisons.json"", ""path"": ""profiles.4.rows.1"", ""label"": """"}, {""file"": ""data/technical_comparisons.json"", ""path"": ""profiles.4.rows.2"", ""label"": """"}]"
https://help.waters.com/content/dam/waters/en/support/usermanuals/2024/715007574/715007574v03.pdf,Broken,403,https://help.waters.com/content/dam/waters/en/support/usermanuals/2024/715007574/715007574v03.pdf,,,HTTP response contains an access-control or bot-challenge page,2026-08-02T19:44:02+00:00,fresh data/link_health.json,[]
https://help.waters.com/content/dam/waters/it/support/usermanuals/2004/71500269502/71500269502rb.pdf,Broken,403,https://help.waters.com/content/dam/waters/it/support/usermanuals/2004/71500269502/71500269502rb.pdf,Access Denied,,login/access or redirect wall,2026-08-02T19:44:02+00:00,fresh data/link_health.json,"[{""file"": ""data/product_comparisons.json"", ""path"": """", ""label"": """"}, {""file"": ""data/product_comparisons.json"", ""path"": ""watersSystems.8"", ""label"": ""Alliance 2695 Separations Module""}]"
https://help.waters.com/help/en/product-support/alliance-is-system-support/715008450/80EE6BE.html,Broken,403,https://help.waters.com/help/en/product-support/alliance-is-system-support/715008450/80EE6BE.html,,,HTTP response contains an access-control or bot-challenge page,2026-08-02T19:44:02+00:00,fresh data/link_health.json,[]
https://hplc-symposium.org/2028,OK,200,https://hplc-symposium.org/2028,Home | HPLC 2028,,,2026-08-02T19:44:02+00:00,fresh status plus retained title,"[{""file"": ""data/conference_sources.json"", ""path"": """", ""label"": """"}, {""file"": ""data/conference_sources.json"", ""path"": ""events.13"", ""label"": ""HPLC 2026 (International Symposium on High Performance Liquid Phase Separations and Related Techniques)""}, {""file"": ""data/conference_sources.json"", ""path"": ""events.13.monitoredEndpoints.1"", ""label"": """"}, {""file"": ""data/source_catalog.json"", ""path"": """", ""label"": ""Data Source Inventory""}, {""file"": ""data/source_catalog.json"", ""path"": ""sources.28"", ""label"": """"}]"
https://hplc-symposium.org/2028/about/general-faq,OK,200,https://hplc-symposium.org/2028/about/general-faq,General FAQ | HPLC 2028,General FAQ,,2026-08-02T19:58:28+00:00,fresh direct fetch,[]
https://hplc-symposium.org/2028/about/history,OK,200,https://hplc-symposium.org/2028/about/history,History,History,,2026-08-02T19:58:28+00:00,fresh direct fetch,[]
https://hplc-symposium.org/2028/about/organizing-committee,OK,200,https://hplc-symposium.org/2028/about/organizing-committee,Organizing Committee | HPLC 2028,Organizing Committee,,2026-08-02T19:58:28+00:00,fresh direct fetch,[]
https://hplc-symposium.org/2028/authors/call-for-abstracts,OK,200,https://hplc-symposium.org/2028/authors/call-for-abstracts,Call For Abstracts | HPLC 2028,Call For Abstracts,,2026-08-02T19:58:28+00:00,fresh direct fetch,[]
https://hplc-symposium.org/2028/contacts/adam-woolley,OK,200,https://hplc-symposium.org/2028/contacts/adam-woolley,Adam Woolley | HPLC 2028,Adam Woolley,,2026-08-02T19:58:28+00:00,fresh direct fetch,[]
https://hplc-symposium.org/2028/contacts/claire-folkerts,OK,200,https://hplc-symposium.org/2028/contacts/claire-folkerts,Claire Folkerts | HPLC 2028,Claire Folkerts,,2026-08-02T19:58:28+00:00,fresh direct fetch,[]
https://hplc-symposium.org/2028/contacts/ryan-kelly,OK,200,https://hplc-symposium.org/2028/contacts/ryan-kelly,Ryan Kelly | HPLC 2028,Ryan Kelly,,2026-08-02T19:58:28+00:00,fresh direct fetch,[]
https://hplc-symposium.org/2028/key-dates,OK,200,https://hplc-symposium.org/2028/key-dates,Key Dates | HPLC 2028,Key Dates,,2026-08-02T19:58:28+00:00,fresh direct fetch,[]
https://hplc-symposium.org/2028/travel/avoid-hotel-fraud,OK,200,https://hplc-symposium.org/2028/travel/avoid-hotel-fraud,Avoid Hotel Fraud | HPLC 2028,Avoid Hotel Fraud,,2026-08-02T19:58:28+00:00,fresh direct fetch,[]
https://hplc-symposium.org/2028/travel/venue,OK,200,https://hplc-symposium.org/2028/travel/venue,Venue | HPLC 2028,Venue,,2026-08-02T19:58:28+00:00,fresh direct fetch,[]
https://hplc-symposium.org/2028/travel/visa-invitation-letter,OK,200,https://hplc-symposium.org/2028/travel/visa-invitation-letter,Visa Invitation Letter | HPLC 2028,Visa Invitation Letter,,2026-08-02T19:58:28+00:00,fresh direct fetch,[]
https://hplc-symposium.org/sitemap-hplc28.xml,OK,200,https://hplc-symposium.org/sitemap-hplc28.xml,,,,2026-08-02T19:58:28+00:00,fresh direct fetch,[]
https://hplc2026-symposium.org/,OK,200,https://hplc2026-symposium.org/,"HPLC 2026 | Indianapolis, Indiana, USA",,,2026-08-02T19:44:03+00:00,fresh status plus retained title,"[{""file"": ""data/conference_sources.json"", ""path"": """", ""label"": """"}, {""file"": ""data/conference_sources.json"", ""path"": ""events.13"", ""label"": ""HPLC 2026 (International Symposium on High Performance Liquid Phase Separations and Related Techniques)""}, {""file"": ""data/conference_sources.json"", ""path"": ""events.13.monitoredEndpoints.0"", ""label"": """"}, {""file"": ""data/source_catalog.json"", ""path"": """", ""label"": ""Data Source Inventory""}, {""file"": ""data/source_catalog.json"", ""path"": ""sources.28"", ""label"": """"}]"
https://hplc2026-symposium.org/about/committees,OK,200,https://hplc2026-symposium.org/about/committees,"Committees | HPLC 2026 | Indianapolis, Indiana, USA",Committees,,2026-08-02T19:58:28+00:00,fresh direct fetch,[]
https://hplc2026-symposium.org/about/key-dates,OK,200,https://hplc2026-symposium.org/about/key-dates,"Key Dates | HPLC 2026 | Indianapolis, Indiana, USA",Key Dates,,2026-08-02T19:58:28+00:00,fresh direct fetch,[]
https://hplc2026-symposium.org/authors/call-for-abstracts,OK,200,https://hplc2026-symposium.org/authors/call-for-abstracts,"Call for Abstracts | HPLC 2026 | Indianapolis, Indiana, USA",Call for Abstracts,,2026-08-02T19:58:28+00:00,fresh direct fetch,[]
https://hplc2026-symposium.org/authors/presentation-instructions,OK,200,https://hplc2026-symposium.org/authors/presentation-instructions,"Presentation Instructions | HPLC 2026 | Indianapolis, Indiana, USA",Presentation Instructions,,2026-08-02T19:58:28+00:00,fresh direct fetch,[]
https://hplc2026-symposium.org/awards/best-poster-awards,OK,200,https://hplc2026-symposium.org/awards/best-poster-awards,"Best Poster Awards | HPLC 2026 | Indianapolis, Indiana, USA",Best Poster Awards,,2026-08-02T19:58:28+00:00,fresh direct fetch,[]
https://hplc2026-symposium.org/awards/caca-awards,OK,200,https://hplc2026-symposium.org/awards/caca-awards,"CACA Awards | HPLC 2026 | Indianapolis, Indiana, USA",CACA Awards,,2026-08-02T19:58:28+00:00,fresh direct fetch,[]
https://hplc2026-symposium.org/awards/csaba-horvath-young-scientist-award,OK,200,https://hplc2026-symposium.org/awards/csaba-horvath-young-scientist-award,"Csaba Horváth Young Scientist Award | HPLC 2026 | Indianapolis, Indiana, USA",Csaba Horváth Young Scientist Award,,2026-08-02T19:58:28+00:00,fresh direct fetch,[]
https://hplc2026-symposium.org/awards/jubilee-medal-winner,OK,200,https://hplc2026-symposium.org/awards/jubilee-medal-winner,"Jubilee Medal Winner | HPLC 2026 | Indianapolis, Indiana, USA",Jubilee Medal Winner,,2026-08-02T19:58:28+00:00,fresh direct fetch,[]
https://hplc2026-symposium.org/awards/martin-medal,OK,200,https://hplc2026-symposium.org/awards/martin-medal,"Martin Medal Award | HPLC 2026 | Indianapolis, Indiana, USA",Martin Medal Award,,2026-08-02T19:58:29+00:00,fresh direct fetch,[]
https://hplc2026-symposium.org/awards/uwe-d-neue-award-in-separation-science,OK,200,https://hplc2026-symposium.org/awards/uwe-d-neue-award-in-separation-science,"Uwe D. Neue Award in Separation Science | HPLC 2026 | Indianapolis, Indiana, USA",Uwe D. Neue Award in Separation Science,,2026-08-02T19:58:29+00:00,fresh direct fetch,[]
https://hplc2026-symposium.org/exhibitor-sponsor/exhibit-hall-information,OK,200,https://hplc2026-symposium.org/exhibitor-sponsor/exhibit-hall-information,"Exhibit Hall Information | HPLC 2026 | Indianapolis, Indiana, USA",Exhibit Hall Information,,2026-08-02T19:58:29+00:00,fresh direct fetch,[]
https://hplc2026-symposium.org/exhibitor-sponsor/listing,OK,200,https://hplc2026-symposium.org/exhibitor-sponsor/listing,"Exhibitor/Sponsor Listing | HPLC 2026 | Indianapolis, Indiana, USA",Exhibitor/Sponsor Listing,,2026-08-02T19:58:29+00:00,fresh direct fetch,[]
https://hplc2026-symposium.org/program/conference-dinner,OK,200,https://hplc2026-symposium.org/program/conference-dinner,"Conference Dinner | HPLC 2026 | Indianapolis, Indiana, USA",Conference Dinner,,2026-08-02T19:58:29+00:00,fresh direct fetch,[]
https://hplc2026-symposium.org/program/download-program,OK,200,https://hplc2026-symposium.org/program/download-program,"Download Program | HPLC 2026 | Indianapolis, Indiana, USA",Download Program,,2026-08-02T19:58:30+00:00,fresh direct fetch,[]
https://hplc2026-symposium.org/program/industrial-workshop-the-analytical-laboratory-reimagined,OK,200,https://hplc2026-symposium.org/program/industrial-workshop-the-analytical-laboratory-reimagined,"Industrial Workshop: The Analytical Laboratory, Reimagined | HPLC 2026 | Indianapolis, Indiana, USA","Industrial Workshop: The Analytical Laboratory, Reimagined",,2026-08-02T19:58:30+00:00,fresh direct fetch,[]
https://hplc2026-symposium.org/program/keynote-speakers,OK,200,https://hplc2026-symposium.org/program/keynote-speakers,"Keynote Speakers | HPLC 2026 | Indianapolis, Indiana, USA",Keynote Speakers,,2026-08-02T19:58:30+00:00,fresh direct fetch,[]
https://hplc2026-symposium.org/program/lunch-vendor-seminars,OK,200,https://hplc2026-symposium.org/program/lunch-vendor-seminars,"Lunch Vendor Seminars | HPLC 2026 | Indianapolis, Indiana, USA",Lunch Vendor Seminars,,2026-08-02T19:58:30+00:00,fresh direct fetch,[]
https://hplc2026-symposium.org/program/pete-carr-session,OK,200,https://hplc2026-symposium.org/program/pete-carr-session,"Session in Honor of Professor Pete Carr: Theory and Fundamentals of Chromatography | HPLC 2026 | Indianapolis, Indiana, USA",Session in Honor of Professor Pete Carr: Theory and Fundamentals of Chromatography,,2026-08-02T19:58:30+00:00,fresh direct fetch,[]
https://hplc2026-symposium.org/program/plenary-speakers,OK,200,https://hplc2026-symposium.org/program/plenary-speakers,"Plenary Speakers | HPLC 2026 | Indianapolis, Indiana, USA",Plenary Speakers,,2026-08-02T19:58:30+00:00,fresh direct fetch,[]
https://hplc2026-symposium.org/program/short-courses,OK,200,https://hplc2026-symposium.org/program/short-courses,"Short Courses | HPLC 2026 | Indianapolis, Indiana, USA",Short Courses,,2026-08-02T19:58:30+00:00,fresh direct fetch,[]
https://hplc2026-symposium.org/registration,OK,200,https://hplc2026-symposium.org/registration,"Registration | HPLC 2026 | Indianapolis, Indiana, USA",Registration,,2026-08-02T19:58:30+00:00,fresh direct fetch,[]
https://hplc2026-symposium.org/sponsors/become-a-sponsor,OK,200,https://hplc2026-symposium.org/sponsors/become-a-sponsor,"Become a Sponsor | HPLC 2026 | Indianapolis, Indiana, USA",Become a Sponsor,,2026-08-02T19:58:30+00:00,fresh direct fetch,[]
https://hplc2026-symposium.org/travel-and-venue/student-travel-grants,OK,200,https://hplc2026-symposium.org/travel-and-venue/student-travel-grants,"Student Travel Grants | HPLC 2026 | Indianapolis, Indiana, USA",Student Travel Grants,,2026-08-02T19:58:30+00:00,fresh direct fetch,[]
https://hplc2026-symposium.org/travel-and-venue/venue-information,OK,200,https://hplc2026-symposium.org/travel-and-venue/venue-information,"Venue Information | HPLC 2026 | Indianapolis, Indiana, USA",Venue Information,,2026-08-02T19:58:30+00:00,fresh direct fetch,[]
https://imsisamericas.org/,OK,200,https://imsisamericas.org/,IMSIS Americas,,,2026-08-02T19:58:30+00:00,fresh direct fetch,[]
https://india.newsroom.thermofisher.com/2020-04-22-Thermo-Fisher-Scientific-Reports-First-Quarter-2020-Results,OK,200,https://india.newsroom.thermofisher.com/2020-04-22-Thermo-Fisher-Scientific-Reports-First-Quarter-2020-Results,"Thermo Fisher Scientific Reports First Quarter 2020 Results - Apr 22, 2020",,,2026-08-02T19:44:08+00:00,fresh status plus retained title,"[{""file"": ""data/historical_product_catalog.json"", ""path"": """", ""label"": """"}, {""file"": ""data/historical_product_catalog.json"", ""path"": ""products.67"", ""label"": ""Vanquish Core HPLC""}]"
https://india.newsroom.thermofisher.com/press-releases?item=122601,OK,200,https://india.newsroom.thermofisher.com/press-releases?item=122601,Thermo Fisher Mediaroom India - Press Releases,,,2026-08-02T19:44:08+00:00,fresh status plus retained title,"[{""file"": ""data/historical_product_catalog.json"", ""path"": """", ""label"": """"}, {""file"": ""data/historical_product_catalog.json"", ""path"": ""products.57"", ""label"": ""Dionex Integrion HPIC System""}]"
https://india.newsroom.thermofisher.com/press-releases?item=122743,OK,200,https://india.newsroom.thermofisher.com/press-releases?item=122743,"Thermo Fisher Scientific Launches Integrated Capillary High-Pressure Ion Chromatography System- March 12, 2012",,,2026-08-02T19:44:08+00:00,fresh status plus retained title,"[{""file"": ""data/historical_product_catalog.json"", ""path"": """", ""label"": """"}, {""file"": ""data/historical_product_catalog.json"", ""path"": ""products.51"", ""label"": ""Dionex ICS-4000 Capillary HPIC System""}]"
https://india.newsroom.thermofisher.com/press-releases?item=123138,OK,200,https://india.newsroom.thermofisher.com/press-releases?item=123138,"New High Pressure Ion Chromatography System Designed to Deliver Heightened Performance - Feb 27, 2018",,,2026-08-02T19:44:08+00:00,fresh status plus retained title,"[{""file"": ""data/historical_product_catalog.json"", ""path"": """", ""label"": """"}, {""file"": ""data/historical_product_catalog.json"", ""path"": ""products.63"", ""label"": ""Dionex ICS-6000 HPIC System""}]"
https://informaconnect.com/tides-europe/,OK,200,https://informaconnect.com/tides-europe/,TIDES Europe: Oligonucleotide and Peptide Therapeutics,,,2026-08-02T19:44:08+00:00,fresh status plus retained title,"[{""file"": ""data/conference_preparation.json"", ""path"": """", ""label"": """"}, {""file"": ""data/conference_preparation.json"", ""path"": ""events.5"", ""label"": ""TIDES Europe""}, {""file"": ""data/conference_preparation.json"", ""path"": ""events.5.monitoringLinks.2"", ""label"": ""Event focus""}, {""file"": ""data/conference_sources.json"", ""path"": """", ""label"": """"}, {""file"": ""data/conference_sources.json"", ""path"": ""events.24"", ""label"": ""TIDES EU""}]"
https://informaconnect.com/tides-europe/agenda/,OK,200,https://informaconnect.com/tides-europe/agenda/,Agenda - Pre-Conference Workshops (am) &amp; Main Conference Day 1 Plenary (pm) | TIDES Europe: Oligonucleotide and Peptide Therapeutics,,,2026-08-02T19:44:08+00:00,fresh status plus retained title,"[{""file"": ""data/conference_preparation.json"", ""path"": """", ""label"": """"}, {""file"": ""data/conference_preparation.json"", ""path"": ""events.5"", ""label"": ""TIDES Europe""}, {""file"": ""data/conference_preparation.json"", ""path"": ""events.5.monitoringLinks.0"", ""label"": ""2026 agenda""}]"
https://informaconnect.com/tides-europe/obesity-science-innovation-europe-osi-europe/,OK,200,https://informaconnect.com/tides-europe/obesity-science-innovation-europe-osi-europe/,Post-Event Symposium: Obesity Science & Innovation Europe | TIDES Europe: Oligonucleotide and Peptide Therapeutics,Register for TIDES Europe and add on exclusive access to Obesity Science & Innovation Europe,,2026-08-02T19:58:30+00:00,fresh direct fetch,[]
https://informaconnect.com/tides-europe/poster/,OK,200,https://informaconnect.com/tides-europe/poster/,Present a Poster | TIDES Europe: Oligonucleotide and Peptide Therapeutics,Looking to present your scientific research?,,2026-08-02T19:58:30+00:00,fresh direct fetch,[]
https://informaconnect.com/tides-europe/speakers/,OK,200,https://informaconnect.com/tides-europe/speakers/,Speakers | TIDES Europe: Oligonucleotide and Peptide Therapeutics,TIDES Europe Speakers,,2026-08-02T19:58:30+00:00,fresh direct fetch,[]
https://informaconnect.com/tides-europe/speakers/ashish-sarode-phd/,OK,200,https://informaconnect.com/tides-europe/speakers/ashish-sarode-phd/,"Ashish Sarode, PhD - Sanofi | TIDES Europe: Oligonucleotide and Peptide Therapeutics Speaker","Ashish Sarode, PhD Director, Delivery & Formulations, mRNA Center of Excellence at Sanofi Speaker",,2026-08-02T19:58:30+00:00,fresh direct fetch,[]
https://informaconnect.com/tides-europe/speakers/claudia-hbartner-phd/,OK,200,https://informaconnect.com/tides-europe/speakers/claudia-hbartner-phd/,"Claudia Höbartner, Ph.D. - University of Würzburg | TIDES Europe: Oligonucleotide and Peptide Therapeutics Speaker","Dr. Claudia Höbartner, Ph.D. Professor of Organic Chemistry at University of Würzburg Speaker",,2026-08-02T19:58:30+00:00,fresh direct fetch,[]
https://informaconnect.com/tides-europe/speakers/david-craik-phd/,OK,200,https://informaconnect.com/tides-europe/speakers/david-craik-phd/,"David Craik, PhD - University of Queensland | TIDES Europe: Oligonucleotide and Peptide Therapeutics Speaker","David Craik, PhD Professor of Biomolecular Structure at University of Queensland Speaker",,2026-08-02T19:58:30+00:00,fresh direct fetch,[]
https://informaconnect.com/tides-europe/speakers/el-djouhar-reka-phd/,OK,200,https://informaconnect.com/tides-europe/speakers/el-djouhar-reka-phd/,"El Djouhar Rekaï, PhD - PolyPeptide Group | TIDES Europe: Oligonucleotide and Peptide Therapeutics Speaker","El Djouhar Rekaï, PhD Process & Analytical Development Director at PolyPeptide Group at PolyPeptide Group Speaker",,2026-08-02T19:58:30+00:00,fresh direct fetch,[]
https://informaconnect.com/tides-europe/speakers/federico-di-chiaro/,OK,200,https://informaconnect.com/tides-europe/speakers/federico-di-chiaro/,Federico Di Chiaro - Zealand Pharma | TIDES Europe: Oligonucleotide and Peptide Therapeutics Speaker,Federico Di Chiaro Senior CMC Project Manager at Zealand Pharma Speaker,,2026-08-02T19:58:30+00:00,fresh direct fetch,[]
https://informaconnect.com/tides-europe/speakers/jacob-challand-kofoed-phd/,OK,200,https://informaconnect.com/tides-europe/speakers/jacob-challand-kofoed-phd/,"Jacob Challand Kofoed, PhD - Novo Nordisk A/S | TIDES Europe: Oligonucleotide and Peptide Therapeutics Speaker","Jacob Challand Kofoed, PhD Scientific Director, Peptide Research 1  at Novo Nordisk A/S Speaker",,2026-08-02T19:58:31+00:00,fresh direct fetch,[]
https://informaconnect.com/tides-europe/speakers/michael-kopach-phd/,OK,200,https://informaconnect.com/tides-europe/speakers/michael-kopach-phd/,"Michael Kopach, PhD - Eli Lilly and Company | TIDES Europe: Oligonucleotide and Peptide Therapeutics Speaker","Michael Kopach, PhD Associate Vice President, Synthetic Molecule Design and Development at Eli Lilly and Company Speaker",,2026-08-02T19:58:31+00:00,fresh direct fetch,[]
https://informaconnect.com/tides-europe/speakers/sergey-tsukanov-phd/,OK,200,https://informaconnect.com/tides-europe/speakers/sergey-tsukanov-phd/,"Sergey Tsukanov, PhD - Eli Lilly and Company | TIDES Europe: Oligonucleotide and Peptide Therapeutics Speaker","Dr. Sergey Tsukanov, PhD Senior Director Chemistry at Eli Lilly and Company Speaker",,2026-08-02T19:58:31+00:00,fresh direct fetch,[]
https://informaconnect.com/tides-europe/sponsorship-opportunities/,OK,200,https://informaconnect.com/tides-europe/sponsorship-opportunities/,"Sponsors, Exhibitors & Partners | TIDES Europe: Oligonucleotide and Peptide Therapeutics",,,2026-08-02T19:58:31+00:00,fresh direct fetch,[]
https://informaconnect.com/tides-europe/third-party-partners/,OK,200,https://informaconnect.com/tides-europe/third-party-partners/,Exhibitors and Sponsors,,,2026-08-02T19:44:09+00:00,fresh status plus retained title,"[{""file"": ""data/conference_preparation.json"", ""path"": """", ""label"": """"}, {""file"": ""data/conference_preparation.json"", ""path"": ""events.5"", ""label"": ""TIDES Europe""}, {""file"": ""data/conference_preparation.json"", ""path"": ""events.5.monitoringLinks.1"", ""label"": ""2026 participants""}]"
https://informaconnect.com/tides-europe/why-sponsor/,OK,200,https://informaconnect.com/tides-europe/why-sponsor/,Why Sponsor | TIDES Europe: Oligonucleotide and Peptide Therapeutics,Engage 26k+ TIDES Scientists and Executives,,2026-08-02T19:58:31+00:00,fresh direct fetch,[]
https://informaconnect.com/tides/,OK,200,https://informaconnect.com/tides/,TIDES USA 2027: Oligonucleotide and Peptide Therapeutics,,,2026-08-02T19:44:10+00:00,fresh status plus retained title,"[{""file"": ""data/conference_sources.json"", ""path"": """", ""label"": """"}, {""file"": ""data/conference_sources.json"", ""path"": ""events.8"", ""label"": ""TIDES US""}]"
https://informaconnect.com/tides/agenda/,OK,200,https://informaconnect.com/tides/agenda/,Agenda - Main Conference - Day 1 Keynote Sessions (May 12) | TIDES USA: Oligonucleotide & Peptide Therapeutics,"Main Conference - Day 1 Keynote Sessions (May 12) Tuesday, 12 May 2026",,2026-08-02T19:58:31+00:00,fresh direct fetch,[]
https://informaconnect.com/tides/agenda/2/,OK,200,https://informaconnect.com/tides/agenda/2/,Agenda - Main Conference - Day 1 Keynote Sessions (May 12) | TIDES USA: Oligonucleotide & Peptide Therapeutics,"Main Conference - Day 1 Keynote Sessions (May 12) Tuesday, 12 May 2026",,2026-08-02T19:58:31+00:00,fresh direct fetch,[]
https://informaconnect.com/tides/speakers/,OK,200,https://informaconnect.com/tides/speakers/,Speakers | TIDES USA: Oligonucleotide & Peptide Therapeutics,Speakers,,2026-08-02T19:58:31+00:00,fresh direct fetch,[]
https://informaconnect.com/tides/speakers/anastasia-khvorova-phd/,OK,200,https://informaconnect.com/tides/speakers/anastasia-khvorova-phd/,"Anastasia Khvorova, PhD - UMass Chan Medical School | TIDES USA: Oligonucleotide & Peptide Therapeutics Speaker","Anastasia Khvorova, PhD Professor, RNA Therapeutics Institute at UMass Chan Medical School Speaker",,2026-08-02T19:58:31+00:00,fresh direct fetch,[]
https://informaconnect.com/tides/speakers/ashok-bhandari-phd/,OK,200,https://informaconnect.com/tides/speakers/ashok-bhandari-phd/,"Ashok Bhandari, PhD - Protagonist Therapeutics | TIDES USA: Oligonucleotide & Peptide Therapeutics Speaker","Dr. Ashok Bhandari, PhD Executive Vice President, Chief Discovery Officer at Protagonist Therapeutics Speaker",,2026-08-02T19:58:31+00:00,fresh direct fetch,[]
https://informaconnect.com/tides/speakers/james-powell/,OK,200,https://informaconnect.com/tides/speakers/james-powell/,James Powell - Novo Nordisk | TIDES USA: Oligonucleotide & Peptide Therapeutics Speaker,"James Powell VP, RNAi CMC and Boulder Site Head at Novo Nordisk Speaker",,2026-08-02T19:58:32+00:00,fresh direct fetch,[]
https://informaconnect.com/tides/speakers/kiran-musunuru-md-phd/,OK,200,https://informaconnect.com/tides/speakers/kiran-musunuru-md-phd/,"Kiran Musunuru, MD, PhD - University of Pennsylvania | TIDES USA: Oligonucleotide & Peptide Therapeutics Speaker","Dr. Kiran Musunuru, MD, PhD Barry J. Gertz Professor for Translational Research, Perelman School of Medicine at University of Pennsylvania Speaker",,2026-08-02T19:58:32+00:00,fresh direct fetch,[]
https://informaconnect.com/tides/speakers/laura-sepp-lorenzino-phd/,OK,200,https://informaconnect.com/tides/speakers/laura-sepp-lorenzino-phd/,"Laura Sepp-Lorenzino, PhD - GNMmeds LLC | TIDES USA: Oligonucleotide & Peptide Therapeutics Speaker","Laura Sepp-Lorenzino, PhD Biotech Executive, Board Member and Industry Advisor at GNMmeds LLC Speaker",,2026-08-02T19:58:32+00:00,fresh direct fetch,[]
https://informaconnect.com/tides/speakers/michael-kopach-phd/,OK,200,https://informaconnect.com/tides/speakers/michael-kopach-phd/,"Michael Kopach, PhD - Eli Lilly and Company | TIDES USA: Oligonucleotide & Peptide Therapeutics Speaker","Michael Kopach, PhD Associate Vice President, Synthetic Molecule Design and Development at Eli Lilly and Company Speaker",,2026-08-02T19:58:32+00:00,fresh direct fetch,[]
https://informaconnect.com/tides/speakers/robert-langer-scd/,OK,200,https://informaconnect.com/tides/speakers/robert-langer-scd/,"Robert Langer, ScD - Massachusetts Institute of Technology | TIDES USA: Oligonucleotide & Peptide Therapeutics Speaker","Robert Langer, ScD David H. Koch Institute Professor at Massachusetts Institute of Technology Speaker",,2026-08-02T19:58:32+00:00,fresh direct fetch,[]
https://informaconnect.com/tides/speakers/vadim-dudkin-phd/,OK,200,https://informaconnect.com/tides/speakers/vadim-dudkin-phd/,"Vadim Dudkin, PhD - Soufflé Therapeutics | TIDES USA: Oligonucleotide & Peptide Therapeutics Speaker","Vadim Dudkin, PhD Founding Chief Technology Officer at Soufflé Therapeutics Speaker",,2026-08-02T19:58:32+00:00,fresh direct fetch,[]
https://informaconnect.com/tides/sponsors/,OK,200,https://informaconnect.com/tides/sponsors/,Sponsors | TIDES USA: Oligonucleotide & Peptide Therapeutics,Sponsors and Exhibitors,,2026-08-02T19:58:32+00:00,fresh direct fetch,[]
https://informaconnect.com/tides/why-sponsor/,OK,200,https://informaconnect.com/tides/why-sponsor/,Why Sponsor | TIDES USA,Engage 26k+ TIDES Scientists and Executives,,2026-08-02T19:58:32+00:00,fresh direct fetch,[]
https://informaconnect.com/tides/why-sponsor/?utm_source=organic&amp;utm_medium=CORE&amp;utm_campaign=tidesusa-home-whysponsor,OK,200,https://informaconnect.com/tides/why-sponsor/?utm_source=organic&amp;utm_medium=CORE&amp;utm_campaign=tidesusa-home-whysponsor,Why Sponsor | TIDES USA,Engage 26k+ TIDES Scientists and Executives,,2026-08-02T19:58:32+00:00,fresh direct fetch,[]
https://ir.thermofisher.com/investors/news-events/news/default.aspx,Broken,200,https://ir.thermofisher.com/investors/news-events/news/default.aspx,"Thermo Fisher Scientific Inc. - Investors - News, Events &amp; Presentations - News",,HTTP response contains an access-control or bot-challenge page,2026-08-02T19:44:11+00:00,fresh data/link_health.json,"[{""file"": ""data/competitor_monitors.json"", ""path"": """", ""label"": """"}, {""file"": ""data/competitor_monitors.json"", ""path"": ""competitors"", ""label"": """"}, {""file"": ""data/competitor_monitors.json"", ""path"": ""competitors.Thermo Fisher"", ""label"": """"}, {""file"": ""data/competitor_monitors.json"", ""path"": ""competitors.Thermo Fisher.source_status.4"", ""label"": """"}, {""file"": ""data/intelligence.json"", ""path"": """", ""label"": """"}, {""file"": ""data/intelligence.json"", ""path"": ""sourceHealth.0"", ""label"": ""Just a moment...""}, {""file"": ""data/intelligence.json"", ""path"": ""competitorExtraction"", ""label"": """"}, {""file"": ""data/intelligence.json"", ""path"": ""competitorExtraction.competitors"", ""label"": """"}, {""file"": ""data/intelligence.json"", ""path"": ""competitorExtraction.competitors.Thermo Fisher"", ""label"": """"}, {""file"": ""data/intelligence.json"", ""path"": ""competitorExtraction.competitors.Thermo Fisher.sourceStatus.4"", ""label"": """"}, {""file"": ""data/source_catalog.json"", ""path"": """", ""label"": ""Data Source Inventory""}, {""file"": ""data/source_catalog.json"", ""path"": ""sources.0"", ""label"": """"}]"
https://ir.thermofisher.com/investors/news-events/news/news-details/2011/Thermo-Fisher-Scientific-Launches-New-Cutting-Edge-Mass-Spectrometry-Instruments-at-ASMS-2011-2011-6-6/default.aspx,Broken,200,https://ir.thermofisher.com/investors/news-events/news/news-details/2011/Thermo-Fisher-Scientific-Launches-New-Cutting-Edge-Mass-Spectrometry-Instruments-at-ASMS-2011-2011-6-6/default.aspx,Thermo Fisher Scientific Inc. - Thermo Fisher Scientific Launches New Cutting-Edge Mass Spectrometry Instruments at ASMS 2011,,HTTP response contains an access-control or bot-challenge page,2026-08-02T19:44:11+00:00,fresh data/link_health.json,"[{""file"": ""data/historical_product_catalog.json"", ""path"": """", ""label"": """"}, {""file"": ""data/historical_product_catalog.json"", ""path"": ""products.49"", ""label"": ""Q Exactive Orbitrap Mass Spectrometer""}, {""file"": ""data/historical_product_catalog.json"", ""path"": ""products.50"", ""label"": ""Orbitrap Elite Mass Spectrometer""}]"
https://ir.thermofisher.com/investors/news-events/news/news-details/2014/Thermo-Fisher-Scientific-Strengthens-its-Industry-Leading-Mass-Spectrometry-Portfolio-at-ASMS-2014-2014-6-16/default.aspx,Broken,200,https://ir.thermofisher.com/investors/news-events/news/news-details/2014/Thermo-Fisher-Scientific-Strengthens-its-Industry-Leading-Mass-Spectrometry-Portfolio-at-ASMS-2014-2014-6-16/default.aspx,Thermo Fisher Scientific Inc. - Thermo Fisher Scientific Strengthens its Industry-Leading Mass Spectrometry Portfolio at ASMS 2014,,HTTP response contains an access-control or bot-challenge page,2026-08-02T19:44:11+00:00,fresh data/link_health.json,"[{""file"": ""data/historical_product_catalog.json"", ""path"": """", ""label"": """"}, {""file"": ""data/historical_product_catalog.json"", ""path"": ""products.53"", ""label"": ""Q Exactive HF Orbitrap Mass Spectrometer""}]"
https://ir.thermofisher.com/investors/news-events/news/news-details/2015/Thermo-Fisher-Scientific-Strengthens-Technology-Leadership-in-Applied-Markets-at-Pittcon-2015-2015-3-9/default.aspx,Broken,200,https://ir.thermofisher.com/investors/news-events/news/news-details/2015/Thermo-Fisher-Scientific-Strengthens-Technology-Leadership-in-Applied-Markets-at-Pittcon-2015-2015-3-9/default.aspx,Thermo Fisher Scientific Inc. - Thermo Fisher Scientific Strengthens Technology Leadership in Applied Markets at Pittcon 2015,,HTTP response contains an access-control or bot-challenge page,2026-08-02T19:44:11+00:00,fresh data/link_health.json,"[{""file"": ""data/historical_product_catalog.json"", ""path"": """", ""label"": """"}, {""file"": ""data/historical_product_catalog.json"", ""path"": ""products.55"", ""label"": ""Q Exactive Focus Orbitrap Mass Spectrometer""}]"
https://ir.thermofisher.com/investors/news-events/news/news-details/2016/Thermo-Fisher-Scientific-Strengthens-Life-Sciences-Leadership-with-New-Instruments-Launched-at-ASMS-2016-2016-6-6/default.aspx,Broken,200,https://ir.thermofisher.com/investors/news-events/news/news-details/2016/Thermo-Fisher-Scientific-Strengthens-Life-Sciences-Leadership-with-New-Instruments-Launched-at-ASMS-2016-2016-6-6/default.aspx,Thermo Fisher Scientific Inc. - Thermo Fisher Scientific Strengthens Life Sciences Leadership with New Instruments Launched at ASMS 2016,,HTTP response contains an access-control or bot-challenge page,2026-08-02T19:44:11+00:00,fresh data/link_health.json,"[{""file"": ""data/historical_product_catalog.json"", ""path"": """", ""label"": """"}, {""file"": ""data/historical_product_catalog.json"", ""path"": ""products.56"", ""label"": ""Vanquish Flex UHPLC""}, {""file"": ""data/historical_product_catalog.json"", ""path"": ""products.58"", ""label"": ""Q Exactive BioPharma Mass Spectrometer""}]"
https://ir.thermofisher.com/investors/news-events/news/news-details/2017/Thermo-Fisher-Scientific-Raises-the-Bar-in-Mass-Spectrometry-Innovation-at-ASMS-2017-2017-6-5/default.aspx,Broken,200,https://ir.thermofisher.com/investors/news-events/news/news-details/2017/Thermo-Fisher-Scientific-Raises-the-Bar-in-Mass-Spectrometry-Innovation-at-ASMS-2017-2017-6-5/default.aspx,Thermo Fisher Scientific Inc. - Thermo Fisher Scientific Raises the Bar in Mass Spectrometry Innovation at ASMS 2017,,HTTP response contains an access-control or bot-challenge page,2026-08-02T19:44:11+00:00,fresh data/link_health.json,"[{""file"": ""data/historical_product_catalog.json"", ""path"": """", ""label"": """"}, {""file"": ""data/historical_product_catalog.json"", ""path"": ""products.59"", ""label"": ""Q Exactive HF-X Orbitrap Mass Spectrometer""}, {""file"": ""data/historical_product_catalog.json"", ""path"": ""products.60"", ""label"": ""TSQ Altis Triple Quadrupole Mass Spectrometer""}, {""file"": ""data/historical_product_catalog.json"", ""path"": ""products.61"", ""label"": ""TSQ Quantis Triple Quadrupole Mass Spectrometer""}]"
https://ir.thermofisher.com/investors/news-events/news/news-details/2018/Thermo-Fisher-Scientific-Reports-First-Quarter-2018-Results-2018-4-25/default.aspx,OK,200,https://ir.thermofisher.com/investors/news-events/news/news-details/2018/Thermo-Fisher-Scientific-Reports-First-Quarter-2018-Results-2018-4-25/default.aspx,Thermo Fisher Scientific Inc. - Thermo Fisher Scientific Reports First Quarter 2018 Results,,,2026-08-02T19:44:11+00:00,fresh status plus retained title,"[{""file"": ""data/historical_product_catalog.json"", ""path"": """", ""label"": """"}, {""file"": ""data/historical_product_catalog.json"", ""path"": ""products.62"", ""label"": ""Vanquish Duo UHPLC""}]"
https://ir.thermofisher.com/investors/news-events/news/news-details/2018/Thermo-Fisher-Scientific-Shows-Newest-Mass-Spectrometry-Innovations-at-ASMS-2018-2018-6-4/default.aspx,Broken,200,https://ir.thermofisher.com/investors/news-events/news/news-details/2018/Thermo-Fisher-Scientific-Shows-Newest-Mass-Spectrometry-Innovations-at-ASMS-2018-2018-6-4/default.aspx,Thermo Fisher Scientific Inc. - Thermo Fisher Scientific Shows Newest Mass Spectrometry Innovations at ASMS 2018,,HTTP response contains an access-control or bot-challenge page,2026-08-02T19:44:11+00:00,fresh data/link_health.json,"[{""file"": ""data/historical_product_catalog.json"", ""path"": """", ""label"": """"}, {""file"": ""data/historical_product_catalog.json"", ""path"": ""products.64"", ""label"": ""Q Exactive UHMR Orbitrap Mass Spectrometer""}]"
https://ir.thermofisher.com/investors/news-events/news/news-details/2019/Thermo-Fisher-Scientific-Extends-Industry-leading-Mass-Spectrometry-Portfolio-with-a-New-Generation-of-Intelligence-Driven-Instruments-and-Software-2019-6-3/default.aspx,OK,200,https://ir.thermofisher.com/investors/news-events/news/news-details/2019/Thermo-Fisher-Scientific-Extends-Industry-leading-Mass-Spectrometry-Portfolio-with-a-New-Generation-of-Intelligence-Driven-Instruments-and-Software-2019-6-3/default.aspx,Thermo Fisher Scientific Inc. - Thermo Fisher Scientific Extends Industry-leading Mass Spectrometry Portfolio with a New Generation of Intelligence-Driven Instruments and Software,,,2026-08-02T19:44:11+00:00,fresh status plus retained title,"[{""file"": ""data/historical_product_catalog.json"", ""path"": """", ""label"": """"}, {""file"": ""data/historical_product_catalog.json"", ""path"": ""products.65"", ""label"": ""Orbitrap Exploris 480 Mass Spectrometer""}, {""file"": ""data/historical_product_catalog.json"", ""path"": ""products.66"", ""label"": ""Orbitrap Eclipse Tribrid Mass Spectrometer""}]"
https://ir.thermofisher.com/investors/news-events/news/news-details/2020/Thermo-Fisher-Scientific-to-Showcase-New-Mass-Spectrometry-Systems-and-Software-During-Virtual-ASMS-Event-2020-5-27/default.aspx,OK,200,https://ir.thermofisher.com/investors/news-events/news/news-details/2020/Thermo-Fisher-Scientific-to-Showcase-New-Mass-Spectrometry-Systems-and-Software-During-Virtual-ASMS-Event-2020-5-27/default.aspx,Thermo Fisher Scientific Inc. - Thermo Fisher Scientific to Showcase New Mass Spectrometry Systems and Software During Virtual ASMS Event,,,2026-08-02T19:44:11+00:00,fresh status plus retained title,"[{""file"": ""data/historical_product_catalog.json"", ""path"": """", ""label"": """"}, {""file"": ""data/historical_product_catalog.json"", ""path"": ""products.68"", ""label"": ""Orbitrap Exploris 120 Mass Spectrometer""}, {""file"": ""data/historical_product_catalog.json"", ""path"": ""products.69"", ""label"": ""Orbitrap Exploris 240 Mass Spectrometer""}]"
https://ir.thermofisher.com/investors/news-events/news/news-details/2021/Thermo-Fisher-Scientific-Reports-Third-Quarter-2021-Results/,OK,200,https://ir.thermofisher.com/investors/news-events/news/news-details/2021/Thermo-Fisher-Scientific-Reports-Third-Quarter-2021-Results/,Thermo Fisher Scientific Inc. - Thermo Fisher Scientific Reports Third Quarter 2021 Results,,,2026-08-02T19:44:11+00:00,fresh status plus retained title,"[{""file"": ""data/historical_product_catalog.json"", ""path"": """", ""label"": """"}, {""file"": ""data/historical_product_catalog.json"", ""path"": ""products.70"", ""label"": ""Vanquish Neo UHPLC""}, {""file"": ""data/historical_product_catalog.json"", ""path"": ""products.71"", ""label"": ""TSQ Altis Plus and TSQ Quantis Plus""}]"
https://ir.thermofisher.com/investors/news-events/news/news-details/2022/Thermo-Fisher-Scientific-Reports-Fourth-Quarter-and-Full-Year-2021-Results/default.aspx,OK,200,https://ir.thermofisher.com/investors/news-events/news/news-details/2022/Thermo-Fisher-Scientific-Reports-Fourth-Quarter-and-Full-Year-2021-Results/default.aspx,Thermo Fisher Scientific Inc. - Thermo Fisher Scientific Reports Fourth Quarter and Full Year 2021 Results,,,2026-08-02T19:44:12+00:00,fresh status plus retained title,"[{""file"": ""data/historical_product_catalog.json"", ""path"": """", ""label"": """"}, {""file"": ""data/historical_product_catalog.json"", ""path"": ""products.72"", ""label"": ""Orbitrap Exploris MX Mass Detector""}]"
https://ir.thermofisher.com/investors/news-events/news/news-details/2022/Thermo-Fisher-Scientific-Reports-Third-Quarter-2022-Results/default.aspx,OK,200,https://ir.thermofisher.com/investors/news-events/news/news-details/2022/Thermo-Fisher-Scientific-Reports-Third-Quarter-2022-Results/default.aspx,Thermo Fisher Scientific Inc. - Thermo Fisher Scientific Reports Third Quarter 2022 Results,,,2026-08-02T19:44:12+00:00,fresh status plus retained title,"[{""file"": ""data/historical_product_catalog.json"", ""path"": """", ""label"": """"}, {""file"": ""data/historical_product_catalog.json"", ""path"": ""products.73"", ""label"": ""Orbitrap Ascend Tribrid Mass Spectrometer""}]"
https://ir.thermofisher.com/investors/news-events/news/news-details/2023/Thermo-Fisher-Scientific-Introduces-Groundbreaking-Mass-Spectrometer-to-Revolutionize-Biological-Discovery/default.aspx,Broken,200,https://ir.thermofisher.com/investors/news-events/news/news-details/2023/Thermo-Fisher-Scientific-Introduces-Groundbreaking-Mass-Spectrometer-to-Revolutionize-Biological-Discovery/default.aspx,Thermo Fisher Scientific Inc. - Thermo Fisher Scientific Introduces Groundbreaking Mass Spectrometer to Revolutionize Biological Discovery,,HTTP response contains an access-control or bot-challenge page,2026-08-02T19:44:12+00:00,fresh data/link_health.json,"[{""file"": ""data/historical_product_catalog.json"", ""path"": """", ""label"": """"}, {""file"": ""data/historical_product_catalog.json"", ""path"": ""products.74"", ""label"": ""Orbitrap Astral Mass Spectrometer""}]"
https://ir.thermofisher.com/investors/news-events/news/news-details/2024/Thermo-Fisher-Scientific-Introduces-Innovative-Mass-Spectrometer-to-Advance-Clinical-Research/default.aspx,Broken,200,https://ir.thermofisher.com/investors/news-events/news/news-details/2024/Thermo-Fisher-Scientific-Introduces-Innovative-Mass-Spectrometer-to-Advance-Clinical-Research/default.aspx,Thermo Fisher Scientific Inc. - Thermo Fisher Scientific Introduces Innovative Mass Spectrometer to Advance Clinical Research,,HTTP response contains an access-control or bot-challenge page,2026-08-02T19:44:12+00:00,fresh data/link_health.json,"[{""file"": ""data/historical_product_catalog.json"", ""path"": """", ""label"": """"}, {""file"": ""data/historical_product_catalog.json"", ""path"": ""products.75"", ""label"": ""Stellar Mass Spectrometer""}]"
https://ir.thermofisher.com/investors/news-events/news/news-details/2026/Thermo-Fisher-Scientific-Announces-Quarterly-Dividend-3dcda308b/default.aspx,Broken,200,https://ir.thermofisher.com/investors/news-events/news/news-details/2026/Thermo-Fisher-Scientific-Announces-Quarterly-Dividend-3dcda308b/default.aspx,Thermo Fisher Scientific Inc. - Thermo Fisher Scientific Announces Quarterly Dividend,,HTTP response contains an access-control or bot-challenge page,2026-08-02T19:44:12+00:00,fresh data/link_health.json,"[{""file"": ""data/competitor_monitors.json"", ""path"": """", ""label"": """"}, {""file"": ""data/competitor_monitors.json"", ""path"": ""competitors"", ""label"": """"}, {""file"": ""data/competitor_monitors.json"", ""path"": ""competitors.Thermo Fisher"", ""label"": """"}, {""file"": ""data/competitor_monitors.json"", ""path"": ""competitors.Thermo Fisher.new_press_releases.1"", ""label"": ""Thermo Fisher Scientific Announces Quarterly Dividend""}, {""file"": ""data/intelligence.json"", ""path"": """", ""label"": """"}, {""file"": ""data/intelligence.json"", ""path"": ""signals.165"", ""label"": ""Thermo Fisher Scientific Announces Quarterly Dividend""}]"
https://ir.thermofisher.com/investors/news-events/news/news-details/2026/Thermo-Fisher-Scientific-Announces-Quarterly-Dividend/default.aspx,Broken,200,https://ir.thermofisher.com/investors/news-events/news/news-details/2026/Thermo-Fisher-Scientific-Announces-Quarterly-Dividend/default.aspx,,,HTTP response contains an access-control or bot-challenge page,2026-08-02T19:44:12+00:00,fresh data/link_health.json,[]
https://ir.thermofisher.com/investors/news-events/news/news-details/2026/Thermo-Fisher-Scientific-Expands-Global-Biobank-Leadership-Through-Strategic-Collaboration-with-PRECISE-SG100K-Singapore-to-Advance-Population-Scale-Proteomics/default.aspx,Broken,200,https://ir.thermofisher.com/investors/news-events/news/news-details/2026/Thermo-Fisher-Scientific-Expands-Global-Biobank-Leadership-Through-Strategic-Collaboration-with-PRECISE-SG100K-Singapore-to-Advance-Population-Scale-Proteomics/default.aspx,,,HTTP response contains an access-control or bot-challenge page,2026-08-02T19:44:12+00:00,fresh data/link_health.json,[]
https://ir.thermofisher.com/investors/news-events/news/news-details/2026/Thermo-Fisher-Scientific-Highlights-Industry-Leadership-Growth-Outlook-and-Long-Term-Value-Creation-at-2026-Investor-Day/default.aspx,Broken,200,https://ir.thermofisher.com/investors/news-events/news/news-details/2026/Thermo-Fisher-Scientific-Highlights-Industry-Leadership-Growth-Outlook-and-Long-Term-Value-Creation-at-2026-Investor-Day/default.aspx,,,HTTP response contains an access-control or bot-challenge page,2026-08-02T19:44:12+00:00,fresh data/link_health.json,[]
https://ir.thermofisher.com/investors/news-events/news/news-details/2026/Thermo-Fisher-Scientific-Reports-First-Quarter-2026-Results/default.aspx,OK,200,https://ir.thermofisher.com/investors/news-events/news/news-details/2026/Thermo-Fisher-Scientific-Reports-First-Quarter-2026-Results/default.aspx,Thermo Fisher Scientific Inc. - Thermo Fisher Scientific Reports First Quarter 2026 Results,News Details,,2026-08-02T19:58:32+00:00,fresh direct fetch,[]
https://ir.thermofisher.com/investors/news-events/news/news-details/2026/Thermo-Fisher-Scientific-Reports-Second-Quarter-2026-Results/default.aspx,OK,200,https://ir.thermofisher.com/investors/news-events/news/news-details/2026/Thermo-Fisher-Scientific-Reports-Second-Quarter-2026-Results/default.aspx,Thermo Fisher Scientific Inc. - Thermo Fisher Scientific Reports Second Quarter 2026 Results,,,2026-08-02T19:44:12+00:00,fresh status plus retained title,"[{""file"": ""data/competitor_monitors.json"", ""path"": """", ""label"": """"}, {""file"": ""data/competitor_monitors.json"", ""path"": ""competitors"", ""label"": """"}, {""file"": ""data/competitor_monitors.json"", ""path"": ""competitors.Thermo Fisher"", ""label"": """"}, {""file"": ""data/competitor_monitors.json"", ""path"": ""competitors.Thermo Fisher.new_press_releases.0"", ""label"": ""Thermo Fisher Scientific Reports Second Quarter 2026 Results""}, {""file"": ""data/intelligence.json"", ""path"": """", ""label"": """"}, {""file"": ""data/intelligence.json"", ""path"": ""signals.80"", ""label"": ""Thermo Fisher Scientific Reports Second Quarter 2026 Results""}]"
https://ir.thermofisher.com/investors/news-events/news/news-details/2026/Thermo-Fisher-Scientific-Signs-Agreement-to-Sell-its-Microbiology-Business-to-Astorg/default.aspx,Broken,200,https://ir.thermofisher.com/investors/news-events/news/news-details/2026/Thermo-Fisher-Scientific-Signs-Agreement-to-Sell-its-Microbiology-Business-to-Astorg/default.aspx,,,HTTP response contains an access-control or bot-challenge page,2026-08-02T19:44:12+00:00,fresh data/link_health.json,[]
https://ir.thermofisher.com/investors/news-events/news/news-details/2026/Thermo-Fisher-Scientific-Unveils-Next-generation-Innovations-at-ASMS-2026-to-Accelerate-the-Path-from-Drug-Discovery-to-New-Therapies/default.aspx,Broken,200,https://ir.thermofisher.com/investors/news-events/news/news-details/2026/Thermo-Fisher-Scientific-Unveils-Next-generation-Innovations-at-ASMS-2026-to-Accelerate-the-Path-from-Drug-Discovery-to-New-Therapies/default.aspx,Thermo Fisher Scientific Inc. - Thermo Fisher Scientific Unveils Next-generation Innovations at ASMS 2026 to Accelerate the Path from Drug Discovery to New Therapies,,HTTP response contains an access-control or bot-challenge page,2026-08-02T19:44:12+00:00,fresh data/link_health.json,"[{""file"": ""data/historical_product_catalog.json"", ""path"": """", ""label"": """"}, {""file"": ""data/historical_product_catalog.json"", ""path"": ""products.76"", ""label"": ""Orbitrap Tribrid Apex Mass Spectrometer""}, {""file"": ""data/historical_product_catalog.json"", ""path"": ""products.77"", ""label"": ""Orbitrap Excedion Pro Mass Spectrometer""}]"
https://ir.thermofisher.com/investors/news-events/news/news-details/2026/Thermo-Fisher-Scientific-to-Hold-Earnings-Conference-Call-on-Thursday-July-23-2026/default.aspx,Broken,200,https://ir.thermofisher.com/investors/news-events/news/news-details/2026/Thermo-Fisher-Scientific-to-Hold-Earnings-Conference-Call-on-Thursday-July-23-2026/default.aspx,"Thermo Fisher Scientific Inc. - Thermo Fisher Scientific to Hold Earnings Conference Call on Thursday, July 23, 2026",,HTTP response contains an access-control or bot-challenge page,2026-08-02T19:44:12+00:00,fresh data/link_health.json,"[{""file"": ""data/competitor_monitors.json"", ""path"": """", ""label"": """"}, {""file"": ""data/competitor_monitors.json"", ""path"": ""competitors"", ""label"": """"}, {""file"": ""data/competitor_monitors.json"", ""path"": ""competitors.Thermo Fisher"", ""label"": """"}, {""file"": ""data/competitor_monitors.json"", ""path"": ""competitors.Thermo Fisher.new_press_releases.2"", ""label"": ""Thermo Fisher Scientific to Hold Earnings Conference Call on Thursday, July 23, 2026""}, {""file"": ""data/intelligence.json"", ""path"": """", ""label"": """"}, {""file"": ""data/intelligence.json"", ""path"": ""signals.168"", ""label"": ""Thermo Fisher Scientific to Hold Earnings Conference Call on Thursday, July 23, 2026""}]"
https://ir.thermofisher.com/investors/news-events/news/news-details/2026/Thermo-Fisher-Scientific-to-Host-Investor-Day/default.aspx,Broken,200,https://ir.thermofisher.com/investors/news-events/news/news-details/2026/Thermo-Fisher-Scientific-to-Host-Investor-Day/default.aspx,,,HTTP response contains an access-control or bot-challenge page,2026-08-02T19:44:12+00:00,fresh data/link_health.json,[]
https://ir.waters.com/News--Events/newsroom/news-details/2015/Waters-Introduces-the-New-ACQUITY-Arc-System-Designed-as-a-Bridge-between-HPLC-and-UPLC-Methods/default.aspx,Broken,200,https://ir.waters.com/News--Events/newsroom/news-details/2015/Waters-Introduces-the-New-ACQUITY-Arc-System-Designed-as-a-Bridge-between-HPLC-and-UPLC-Methods/default.aspx,"Waters Introduces the New ACQUITY Arc System, Designed as a Bridge between HPLC and UPLC Methods - Waters",,HTTP response contains an access-control or bot-challenge page,2026-08-02T19:44:12+00:00,fresh data/link_health.json,"[{""file"": ""data/historical_waters_catalog.json"", ""path"": """", ""label"": """"}, {""file"": ""data/historical_waters_catalog.json"", ""path"": ""products.24"", ""label"": ""ACQUITY Arc System""}]"
https://ir.waters.com/News--Events/newsroom/news-details/2020/Waters-Introduces-the-New-Arc-High-Performance-Liquid-Chromatograph-to-Help-Laboratories-Meet-Quality-and-Production-Targets/default.aspx,Broken,200,https://ir.waters.com/News--Events/newsroom/news-details/2020/Waters-Introduces-the-New-Arc-High-Performance-Liquid-Chromatograph-to-Help-Laboratories-Meet-Quality-and-Production-Targets/default.aspx,Waters Introduces the New Arc High-Performance Liquid Chromatograph to Help Laboratories Meet Quality and Production Targets - Waters,,HTTP response contains an access-control or bot-challenge page,2026-08-02T19:44:12+00:00,fresh data/link_health.json,"[{""file"": ""data/product_comparisons.json"", ""path"": """", ""label"": """"}, {""file"": ""data/product_comparisons.json"", ""path"": ""watersSystems.3"", ""label"": ""Arc HPLC System""}]"
https://ir.waters.com/News--Events/newsroom/news-details/2021/Waters-Arc-Premier-System-Delivers-Increased-Precision-and-Certainty-in-Chromatographic-Results/default.aspx,Broken,200,https://ir.waters.com/News--Events/newsroom/news-details/2021/Waters-Arc-Premier-System-Delivers-Increased-Precision-and-Certainty-in-Chromatographic-Results/default.aspx,Waters Arc Premier System Delivers Increased Precision and Certainty in Chromatographic Results - Waters,,HTTP response contains an access-control or bot-challenge page,2026-08-02T19:44:12+00:00,fresh data/link_health.json,"[{""file"": ""data/historical_waters_catalog.json"", ""path"": """", ""label"": """"}, {""file"": ""data/historical_waters_catalog.json"", ""path"": ""products.36"", ""label"": ""Arc Premier System""}]"
https://ir.waters.com/News--Events/newsroom/news-details/2021/Waters-BioAccord-System-with-ACQUITY-Premier-Brings-Greater-Simplicity-Accuracy-and-Reproducibility-to-Multi-Attribute-Monitoring-of-Biopharmaceuticals/default.aspx,Broken,200,https://ir.waters.com/News--Events/newsroom/news-details/2021/Waters-BioAccord-System-with-ACQUITY-Premier-Brings-Greater-Simplicity-Accuracy-and-Reproducibility-to-Multi-Attribute-Monitoring-of-Biopharmaceuticals/default.aspx,"Waters BioAccord System with ACQUITY Premier Brings Greater Simplicity, Accuracy and Reproducibility to Multi-Attribute Monitoring of Biopharmaceuticals - Waters",,HTTP response contains an access-control or bot-challenge page,2026-08-02T19:44:12+00:00,fresh data/link_health.json,"[{""file"": ""data/product_comparisons.json"", ""path"": """", ""label"": """"}, {""file"": ""data/product_comparisons.json"", ""path"": ""watersSystems.4"", ""label"": ""BioAccord LC-MS System with ACQUITY Premier""}]"
https://ir.waters.com/News--Events/newsroom/news-details/2022/Waters-Introduces-Xevo-TQ-Absolute--The-Most-Sensitive-and-Compact-Benchtop-Tandem-Quadrupole-Mass-Spectrometer/default.aspx,Broken,200,https://ir.waters.com/News--Events/newsroom/news-details/2022/Waters-Introduces-Xevo-TQ-Absolute--The-Most-Sensitive-and-Compact-Benchtop-Tandem-Quadrupole-Mass-Spectrometer/default.aspx,Waters Introduces Xevo TQ Absolute &ndash; The Most Sensitive and Compact Benchtop Tandem Quadrupole Mass Spectrometer - Waters,,HTTP response contains an access-control or bot-challenge page,2026-08-02T19:44:12+00:00,fresh data/link_health.json,"[{""file"": ""data/product_comparisons.json"", ""path"": """", ""label"": """"}, {""file"": ""data/product_comparisons.json"", ""path"": ""watersSystems.5"", ""label"": ""Xevo TQ Absolute""}]"
https://ir.waters.com/News--Events/newsroom/news-details/2023/Waters-Introduces-Next-Generation-Alliance-iS-HPLC-System-Aimed-at-Reducing-Up-to-40-of-Common-Lab-Errors/default.aspx,Broken,200,https://ir.waters.com/News--Events/newsroom/news-details/2023/Waters-Introduces-Next-Generation-Alliance-iS-HPLC-System-Aimed-at-Reducing-Up-to-40-of-Common-Lab-Errors/default.aspx,Waters Introduces Next-Generation Alliance iS HPLC System Aimed at Reducing Up to 40% of Common Lab Errors - Waters,,HTTP response contains an access-control or bot-challenge page,2026-08-02T19:44:12+00:00,fresh data/link_health.json,"[{""file"": ""data/product_comparisons.json"", ""path"": """", ""label"": """"}, {""file"": ""data/product_comparisons.json"", ""path"": ""watersSystems.2"", ""label"": ""Alliance iS HPLC System""}]"
https://ir.waters.com/News--Events/newsroom/news-details/2024/Waters-ACQUITY-QDa-II-Mass-Detector-Delivers-Wider-Range-of-Chemical-Analysis-within-Cost-Effective-Lower-Energy-Instrument/default.aspx,Broken,200,https://ir.waters.com/News--Events/newsroom/news-details/2024/Waters-ACQUITY-QDa-II-Mass-Detector-Delivers-Wider-Range-of-Chemical-Analysis-within-Cost-Effective-Lower-Energy-Instrument/default.aspx,"Waters ACQUITY QDa II Mass Detector Delivers Wider Range of Chemical Analysis within Cost-Effective, Lower Energy Instrument - Waters",,HTTP response contains an access-control or bot-challenge page,2026-08-02T19:44:12+00:00,fresh data/link_health.json,"[{""file"": ""data/historical_waters_catalog.json"", ""path"": """", ""label"": """"}, {""file"": ""data/historical_waters_catalog.json"", ""path"": ""products.19"", ""label"": ""ACQUITY QDa Mass Detector""}, {""file"": ""data/historical_waters_catalog.json"", ""path"": ""products.41"", ""label"": ""ACQUITY QDa II Mass Detector""}]"
https://ir.waters.com/News--Events/newsroom/news-details/2024/Waters-Launches-Alliance-iS-Bio-HPLC-System-to-Help-Biopharma-QC-Labs-Increase-Efficiency-and-Reduce-Errors/default.aspx,Broken,200,https://ir.waters.com/News--Events/newsroom/news-details/2024/Waters-Launches-Alliance-iS-Bio-HPLC-System-to-Help-Biopharma-QC-Labs-Increase-Efficiency-and-Reduce-Errors/default.aspx,Waters Launches Alliance iS Bio HPLC System to Help Biopharma QC Labs Increase Efficiency and Reduce Errors - Waters,,HTTP response contains an access-control or bot-challenge page,2026-08-02T19:44:12+00:00,fresh data/link_health.json,"[{""file"": ""data/historical_waters_catalog.json"", ""path"": """", ""label"": """"}, {""file"": ""data/historical_waters_catalog.json"", ""path"": ""products.40"", ""label"": ""Alliance iS Bio HPLC System""}]"
https://ir.waters.com/News--Events/newsroom/news-details/2024/Waters-Sets-New-Standards-for-High-Resolution-Performance-and-Speed-with-Xevo-MRT-Mass-Spectrometer/default.aspx,Broken,200,https://ir.waters.com/News--Events/newsroom/news-details/2024/Waters-Sets-New-Standards-for-High-Resolution-Performance-and-Speed-with-Xevo-MRT-Mass-Spectrometer/default.aspx,Waters Sets New Standards for High Resolution Performance and Speed with Xevo MRT Mass Spectrometer - Waters,,HTTP response contains an access-control or bot-challenge page,2026-08-02T19:44:12+00:00,fresh data/link_health.json,"[{""file"": ""data/historical_waters_catalog.json"", ""path"": """", ""label"": """"}, {""file"": ""data/historical_waters_catalog.json"", ""path"": ""products.42"", ""label"": ""Xevo MRT Mass Spectrometer""}]"
https://ir.waters.com/News--Events/newsroom/news-details/2025/Waters-Sets-a-New-Benchmark-for-Robustness-and-Sensitivity-for-High-Throughput-Labs-with-the-Xevo-TQ-Absolute-XR-Mass-Spectrometer/default.aspx,Broken,200,https://ir.waters.com/News--Events/newsroom/news-details/2025/Waters-Sets-a-New-Benchmark-for-Robustness-and-Sensitivity-for-High-Throughput-Labs-with-the-Xevo-TQ-Absolute-XR-Mass-Spectrometer/default.aspx,Waters Sets a New Benchmark for Robustness and Sensitivity for High-Throughput Labs with the Xevo TQ Absolute XR Mass Spectrometer - Waters,,HTTP response contains an access-control or bot-challenge page,2026-08-02T19:44:12+00:00,fresh data/link_health.json,"[{""file"": ""data/historical_waters_catalog.json"", ""path"": """", ""label"": """"}, {""file"": ""data/historical_waters_catalog.json"", ""path"": ""products.43"", ""label"": ""Xevo TQ Absolute XR Mass Spectrometer""}]"
https://issxmeetings.org/2026-euro/call-for-abstracts,Broken,200,https://issxmeetings.org/2026-euro/call-for-abstracts,,,HTTP response contains an access-control or bot-challenge page,2026-08-02T19:44:13+00:00,fresh data/link_health.json,[]
https://issxmeetings.org/2026-euro/exhibit-and-sponsor,Broken,200,https://issxmeetings.org/2026-euro/exhibit-and-sponsor,,,HTTP response contains an access-control or bot-challenge page,2026-08-02T19:44:13+00:00,fresh data/link_health.json,[]
https://issxmeetings.org/2026-euro/home,Broken,200,https://issxmeetings.org/2026-euro/home,16th European ISSX Meeting &mdash; ISSX Meetings,,HTTP response contains an access-control or bot-challenge page,2026-08-02T19:44:13+00:00,fresh data/link_health.json,"[{""file"": ""data/conference_sources.json"", ""path"": """", ""label"": """"}, {""file"": ""data/conference_sources.json"", ""path"": ""events.15"", ""label"": ""ISSX EU (International Society for the Study of Xenobiotics)""}]"
https://issxmeetings.org/2026-euro/meeting-program,Broken,200,https://issxmeetings.org/2026-euro/meeting-program,,,HTTP response contains an access-control or bot-challenge page,2026-08-02T19:44:13+00:00,fresh data/link_health.json,[]
https://issxmeetings.org/2026-euro/sponsors,Broken,200,https://issxmeetings.org/2026-euro/sponsors,,,HTTP response contains an access-control or bot-challenge page,2026-08-02T19:44:13+00:00,fresh data/link_health.json,[]
https://issxmeetings.org/2026-na/call-for-abstracts,Broken,200,https://issxmeetings.org/2026-na/call-for-abstracts,,,HTTP response contains an access-control or bot-challenge page,2026-08-02T19:44:13+00:00,fresh data/link_health.json,[]
https://issxmeetings.org/2026-na/exhibit-and-sponsor,Broken,200,https://issxmeetings.org/2026-na/exhibit-and-sponsor,,,HTTP response contains an access-control or bot-challenge page,2026-08-02T19:44:13+00:00,fresh data/link_health.json,[]
https://issxmeetings.org/2026-na/home,Broken,200,https://issxmeetings.org/2026-na/home,27th North American ISSX Meeting &mdash; ISSX Meetings,,HTTP response contains an access-control or bot-challenge page,2026-08-02T19:44:13+00:00,fresh data/link_health.json,"[{""file"": ""data/conference_sources.json"", ""path"": """", ""label"": """"}, {""file"": ""data/conference_sources.json"", ""path"": ""events.22"", ""label"": ""ISSX US (International Society for the Study of Xenobiotics)""}]"
https://issxmeetings.org/2026-na/meeting-program,Broken,200,https://issxmeetings.org/2026-na/meeting-program,,,HTTP response contains an access-control or bot-challenge page,2026-08-02T19:44:13+00:00,fresh data/link_health.json,[]
https://link.springer.com/journal/216,OK,200,https://link.springer.com/journal/216,Home | Analytical and Bioanalytical Chemistry | Springer Nature Link,,,2026-08-02T19:44:13+00:00,fresh status plus retained title,"[{""file"": ""data/journal_sources.json"", ""path"": """", ""label"": """"}, {""file"": ""data/journal_sources.json"", ""path"": ""sources.13"", ""label"": ""Analytical and Bioanalytical Chemistry""}, {""file"": ""data/source_catalog.json"", ""path"": """", ""label"": ""Data Source Inventory""}, {""file"": ""data/source_catalog.json"", ""path"": ""sources.24"", ""label"": """"}]"
https://meetings.e-b-f.eu/open/,OK,200,https://meetings.e-b-f.eu/open/,OPEN - EBF,,,2026-08-02T19:44:14+00:00,fresh status plus retained title,"[{""file"": ""data/conference_sources.json"", ""path"": """", ""label"": """"}, {""file"": ""data/conference_sources.json"", ""path"": ""events.27"", ""label"": ""19th European Bioanalysis Forum Open Symposium""}, {""file"": ""data/conference_sources.json"", ""path"": ""events.27.monitoredEndpoints.1"", ""label"": """"}, {""file"": ""data/source_catalog.json"", ""path"": """", ""label"": ""Data Source Inventory""}, {""file"": ""data/source_catalog.json"", ""path"": ""sources.31"", ""label"": """"}]"
https://meetings.e-b-f.eu/wp-content/uploads/2026/02/12th-YSS-agenda-version-19FEB2026.pdf,OK,200,https://meetings.e-b-f.eu/wp-content/uploads/2026/02/12th-YSS-agenda-version-19FEB2026.pdf,,,,2026-08-02T19:58:32+00:00,fresh direct fetch,[]
https://meetings.e-b-f.eu/wp-content/uploads/2026/03/19th-OS-Call-for-Abstracts-1st-announcement.pdf,OK,200,https://meetings.e-b-f.eu/wp-content/uploads/2026/03/19th-OS-Call-for-Abstracts-1st-announcement.pdf,,,,2026-08-02T19:58:32+00:00,fresh direct fetch,[]
https://meetings.e-b-f.eu/wp-content/uploads/2026/03/19th-OS-Session-Goals.pdf,OK,200,https://meetings.e-b-f.eu/wp-content/uploads/2026/03/19th-OS-Session-Goals.pdf,,,,2026-08-02T19:58:32+00:00,fresh direct fetch,[]
https://meetings.e-b-f.eu/wp-content/uploads/2026/03/Abstracts-submission-form-2026-Podium-presentation.docx,OK,200,https://meetings.e-b-f.eu/wp-content/uploads/2026/03/Abstracts-submission-form-2026-Podium-presentation.docx,,,,2026-08-02T19:58:32+00:00,fresh direct fetch,[]
https://meetings.e-b-f.eu/wp-content/uploads/2026/03/Posters-submission-form-2026.docx,OK,200,https://meetings.e-b-f.eu/wp-content/uploads/2026/03/Posters-submission-form-2026.docx,,,,2026-08-02T19:58:32+00:00,fresh direct fetch,[]
https://metabolomicssociety.org/,OK,200,https://metabolomicssociety.org/,Metabolomics Society,,,2026-08-02T19:44:14+00:00,fresh status plus retained title,"[{""file"": ""data/conference_sources.json"", ""path"": """", ""label"": """"}, {""file"": ""data/conference_sources.json"", ""path"": ""events.14"", ""label"": ""Metabolomics Society Conference""}]"
https://metabolomicssociety.org/membership/current-corporate-members/,OK,200,https://metabolomicssociety.org/membership/current-corporate-members/,Corporate Members & Sponsors – Metabolomics Society,Corporate Members & Sponsors,,2026-08-02T19:58:32+00:00,fresh direct fetch,[]
https://mrna-analytical-development.com/,OK,200,https://mrna-analytical-development.com/,5th mRNA Analytical Development &amp; Quality Control,,,2026-08-02T19:44:14+00:00,fresh status plus retained title,"[{""file"": ""data/conference_sources.json"", ""path"": """", ""label"": """"}, {""file"": ""data/conference_sources.json"", ""path"": ""events.2"", ""label"": ""mRNA Analytical Development & QC Summit""}]"
https://mrna-analytical-development.com/full-event-guide/,OK,200,https://mrna-analytical-development.com/full-event-guide/,Full Event Guide - 5th mRNA Analytical Development & Quality Control,Full Event Guide,,2026-08-02T19:58:32+00:00,fresh direct fetch,[]
https://mrna-analytical-development.com/speaker/benjamin-hall/,OK,200,https://mrna-analytical-development.com/speaker/benjamin-hall/,Benjamin Hall - 5th mRNA Analytical Development & Quality Control,Benjamin Hall,,2026-08-02T19:58:32+00:00,fresh direct fetch,[]
https://mrna-analytical-development.com/speaker/bohdan-andreiuk/,OK,200,https://mrna-analytical-development.com/speaker/bohdan-andreiuk/,Bohdan Andreiuk - 5th mRNA Analytical Development & Quality Control,Bohdan Andreiuk,,2026-08-02T19:58:32+00:00,fresh direct fetch,[]
https://mrna-analytical-development.com/speaker/charles-kline/,OK,200,https://mrna-analytical-development.com/speaker/charles-kline/,Charles Kline - 5th mRNA Analytical Development & Quality Control,Charles Kline,,2026-08-02T19:58:32+00:00,fresh direct fetch,[]
https://mrna-analytical-development.com/speaker/diane-mccarthy/,OK,200,https://mrna-analytical-development.com/speaker/diane-mccarthy/,Diane McCarthy - 5th mRNA Analytical Development & Quality Control,Diane McCarthy,,2026-08-02T19:58:32+00:00,fresh direct fetch,[]
https://mrna-analytical-development.com/speaker/jean-francois-dierick/,OK,200,https://mrna-analytical-development.com/speaker/jean-francois-dierick/,Jean-Francois Dierick - 5th mRNA Analytical Development & Quality Control,Jean-Francois Dierick,,2026-08-02T19:58:33+00:00,fresh direct fetch,[]
https://mrna-analytical-development.com/speaker/samuel-valentin/,OK,200,https://mrna-analytical-development.com/speaker/samuel-valentin/,Samuel Valentin - 5th mRNA Analytical Development & Quality Control,Samuel Valentin,,2026-08-02T19:58:33+00:00,fresh direct fetch,[]
https://mrna-analytical-development.com/speaker/stefan-heinz/,OK,200,https://mrna-analytical-development.com/speaker/stefan-heinz/,Stefan Heinz - 5th mRNA Analytical Development & Quality Control,Stefan Heinz,,2026-08-02T19:58:33+00:00,fresh direct fetch,[]
https://mrna-analytical-development.com/speaker/yurong-guo/,OK,200,https://mrna-analytical-development.com/speaker/yurong-guo/,Yurong Guo - 5th mRNA Analytical Development & Quality Control,Yurong Guo,,2026-08-02T19:58:34+00:00,fresh direct fetch,[]
https://mrna-analytical-development.com/speakers/,OK,200,https://mrna-analytical-development.com/speakers/,Speakers - 5th mRNA Analytical Development & Quality Control,Speakers,,2026-08-02T19:58:34+00:00,fresh direct fetch,[]
https://mrna-analytical-development.com/why-partner/,OK,200,https://mrna-analytical-development.com/why-partner/,Why Partner - 5th mRNA Analytical Development & Quality Control,Why Partner,,2026-08-02T19:58:34+00:00,fresh direct fetch,[]
https://outlook.live.com/calendar/0/deeplink/compose?path=/calendar/action/compose&rru=addevent&subject=58th+International+Symposium+on+High+Performance+Liquid+Phase+Separations+and+Related+Techniques&startdt=2028-06-10&enddt=2028-06-16&allday=true&body=Join+us%2C+as+this+scientific+symposium+series+proudly+stands+as+the+world%27s+foremost+conference+on+liquid+phase+separations+and+related+innovations%2C+featuring+analytical+instrumentation+and+chromatography+innovations.+Delve+into+the+multifaceted+world+of+separation+sciences+in+both+liquid+and+supercritical+fluid+phases.+Discover+multidimensional+chromatography%2C+hyphenated+techniques+with+pioneering+HPLC+detection+technologies%2C+primarily+mass+spectrometry%2C+and+explore+the+latest+in+separation+materials%2C+column+technologies%2C+and+cutting-edge+complex+mixture+analyses.&location=Westgate+Las+Vegas+Resort+%26+Casino,OK,200,https://outlook.live.com/calendar/0/deeplink/compose?path=/calendar/action/compose&rru=addevent&subject=58th+International+Symposium+on+High+Performance+Liquid+Phase+Separations+and+Related+Techniques&startdt=2028-06-10&enddt=2028-06-16&allday=true&body=Join+us%2C+as+this+scientific+symposium+series+proudly+stands+as+the+world%27s+foremost+conference+on+liquid+phase+separations+and+related+innovations%2C+featuring+analytical+instrumentation+and+chromatography+innovations.+Delve+into+the+multifaceted+world+of+separation+sciences+in+both+liquid+and+supercritical+fluid+phases.+Discover+multidimensional+chromatography%2C+hyphenated+techniques+with+pioneering+HPLC+detection+technologies%2C+primarily+mass+spectrometry%2C+and+explore+the+latest+in+separation+materials%2C+column+technologies%2C+and+cutting-edge+complex+mixture+analyses.&location=Westgate+Las+Vegas+Resort+%26+Casino,Outlook,,,2026-08-02T19:58:34+00:00,fresh direct fetch,[]
https://outlook.office.com/calendar/0/deeplink/compose?path=/calendar/action/compose&rru=addevent&subject=58th+International+Symposium+on+High+Performance+Liquid+Phase+Separations+and+Related+Techniques&startdt=2028-06-10&enddt=2028-06-16&allday=true&body=Join+us%2C+as+this+scientific+symposium+series+proudly+stands+as+the+world%27s+foremost+conference+on+liquid+phase+separations+and+related+innovations%2C+featuring+analytical+instrumentation+and+chromatography+innovations.+Delve+into+the+multifaceted+world+of+separation+sciences+in+both+liquid+and+supercritical+fluid+phases.+Discover+multidimensional+chromatography%2C+hyphenated+techniques+with+pioneering+HPLC+detection+technologies%2C+primarily+mass+spectrometry%2C+and+explore+the+latest+in+separation+materials%2C+column+technologies%2C+and+cutting-edge+complex+mixture+analyses.&location=Westgate+Las+Vegas+Resort+%26+Casino,OK,200,https://outlook.office.com/calendar/0/deeplink/compose?path=/calendar/action/compose&rru=addevent&subject=58th+International+Symposium+on+High+Performance+Liquid+Phase+Separations+and+Related+Techniques&startdt=2028-06-10&enddt=2028-06-16&allday=true&body=Join+us%2C+as+this+scientific+symposium+series+proudly+stands+as+the+world%27s+foremost+conference+on+liquid+phase+separations+and+related+innovations%2C+featuring+analytical+instrumentation+and+chromatography+innovations.+Delve+into+the+multifaceted+world+of+separation+sciences+in+both+liquid+and+supercritical+fluid+phases.+Discover+multidimensional+chromatography%2C+hyphenated+techniques+with+pioneering+HPLC+detection+technologies%2C+primarily+mass+spectrometry%2C+and+explore+the+latest+in+separation+materials%2C+column+technologies%2C+and+cutting-edge+complex+mixture+analyses.&location=Westgate+Las+Vegas+Resort+%26+Casino,Outlook,,,2026-08-02T19:58:34+00:00,fresh direct fetch,[]
https://pag.virtual-meeting.org/US/asgct2026/en-US/pag?is_sponsored=0&amp;is_highlighted=0&amp;is_on_demand=0&amp;streaming_allowed=0&amp;filterbox=false&amp;legendbox=false&amp;timezone=false&amp;day=2026-05-12&amp;pre_filter=&amp;viewType=calendar&amp;viewSize=L&amp;view=vertical,OK,200,https://pag.virtual-meeting.org/US/asgct2026/en-US/pag?is_sponsored=0&amp;is_highlighted=0&amp;is_on_demand=0&amp;streaming_allowed=0&amp;filterbox=false&amp;legendbox=false&amp;timezone=false&amp;day=2026-05-12&amp;pre_filter=&amp;viewType=calendar&amp;viewSize=L&amp;view=vertical,Programme at a glance,,,2026-08-02T19:58:34+00:00,fresh direct fetch,[]
https://pubmed.ncbi.nlm.nih.gov/,Broken,403,https://pubmed.ncbi.nlm.nih.gov/,403,,strict access failure,2026-08-02T19:44:15+00:00,fresh data/link_health.json,"[{""file"": ""data/intelligence.json"", ""path"": """", ""label"": """"}, {""file"": ""data/intelligence.json"", ""path"": ""sourceHealth.12"", ""label"": ""PubMed Twitter Facebook LinkedIn GitHub Twitter SM-Facebook SM-Youtube""}, {""file"": ""data/intelligence.json"", ""path"": ""signals.6"", ""label"": ""LNP and RNA therapeutics workflows shows 918 PubMed records in the last year""}, {""file"": ""data/intelligence.json"", ""path"": ""signals.7"", ""label"": ""Oligonucleotide and nucleic-acid analytics shows 659 PubMed records in the last year""}, {""file"": ""data/intelligence.json"", ""path"": ""signals.8"", ""label"": ""PFAS and environmental contaminant testing shows 335 PubMed records in the last year""}, {""file"": ""data/intelligence.json"", ""path"": ""signals.9"", ""label"": ""High-resolution proteomics and metabolomics shows 9869 PubMed records in the last year""}, {""file"": ""data/intelligence.json"", ""path"": ""signals.10"", ""label"": ""Lab automation and software-enabled workflows shows 1137 PubMed records in the last year""}, {""file"": ""data/intelligence.json"", ""path"": ""recommendations.0"", ""label"": ""Decide whether to package a PFAS-ready regulated quantitation workflow""}, {""file"": ""data/intelligence.json"", ""path"": ""recommendations.0.evidenceBasis"", ""label"": """"}, {""file"": ""data/intelligence.json"", ""path"": ""recommendations.0.evidenceBasis.links.1"", ""label"": ""PFAS publication trend""}, {""file"": ""data/intelligence.json"", ""path"": ""recommendations.2"", ""label"": ""Decide whether Next Gen LC needs an oligonucleotide method-readiness package""}, {""file"": ""data/intelligence.json"", ""path"": ""recommendations.2.evidenceBasis"", ""label"": """"}, {""file"": ""data/intelligence.json"", ""path"": ""recommendations.2.evidenceBasis.links.0"", ""label"": ""Oligonucleotide publication trend""}, {""file"": ""data/source_catalog.json"", ""path"": """", ""label"": ""Data Source Inventory""}, {""file"": ""data/source_catalog.json"", ""path"": ""sources.15"", ""label"": """"}]"
https://pubmed.ncbi.nlm.nih.gov/38056380/,Broken,403,https://pubmed.ncbi.nlm.nih.gov/38056380/,,,strict access failure,2026-08-02T19:44:15+00:00,fresh data/link_health.json,[]
https://pubmed.ncbi.nlm.nih.gov/38158877/,Broken,403,https://pubmed.ncbi.nlm.nih.gov/38158877/,,,strict access failure,2026-08-02T19:44:15+00:00,fresh data/link_health.json,[]
https://pubmed.ncbi.nlm.nih.gov/38163391/,Broken,403,https://pubmed.ncbi.nlm.nih.gov/38163391/,,,strict access failure,2026-08-02T19:44:15+00:00,fresh data/link_health.json,[]
https://pubmed.ncbi.nlm.nih.gov/38404495/,Broken,403,https://pubmed.ncbi.nlm.nih.gov/38404495/,,,strict access failure,2026-08-02T19:44:15+00:00,fresh data/link_health.json,[]
https://pubmed.ncbi.nlm.nih.gov/38685627/,Broken,403,https://pubmed.ncbi.nlm.nih.gov/38685627/,403,,strict access failure,2026-08-02T19:44:15+00:00,fresh data/link_health.json,"[{""file"": ""data/intelligence.json"", ""path"": """", ""label"": """"}, {""file"": ""data/intelligence.json"", ""path"": ""signals.272"", ""label"": ""Comparison of assay methods for quantifying sex hormone concentrations across the menstrual cycle in rhesus macaques†""}]"
https://pubmed.ncbi.nlm.nih.gov/39126342/,Broken,403,https://pubmed.ncbi.nlm.nih.gov/39126342/,403,,strict access failure,2026-08-02T19:44:15+00:00,fresh data/link_health.json,"[{""file"": ""data/intelligence.json"", ""path"": """", ""label"": """"}, {""file"": ""data/intelligence.json"", ""path"": ""signals.270"", ""label"": ""Simultaneous quantification of icaritin and its novel 3-methylcarbamate prodrug in rat plasma using HPLC-MS/MS and its application to pharmacokinetic study""}]"
https://pubmed.ncbi.nlm.nih.gov/39759287/,Broken,403,https://pubmed.ncbi.nlm.nih.gov/39759287/,403,,strict access failure,2026-08-02T19:44:16+00:00,fresh data/link_health.json,"[{""file"": ""data/intelligence.json"", ""path"": """", ""label"": """"}, {""file"": ""data/intelligence.json"", ""path"": ""signals.264"", ""label"": ""Lipid imbalance and inflammatory oxylipin cascade at the maternal-fetal interface in recurrent spontaneous abortion""}]"
https://pubmed.ncbi.nlm.nih.gov/39884822/,Broken,403,https://pubmed.ncbi.nlm.nih.gov/39884822/,403,,strict access failure,2026-08-02T19:44:16+00:00,fresh data/link_health.json,"[{""file"": ""data/intelligence.json"", ""path"": """", ""label"": """"}, {""file"": ""data/intelligence.json"", ""path"": ""signals.263"", ""label"": ""Efflux transporters in drug disposition during pregnancy""}]"
https://pubmed.ncbi.nlm.nih.gov/39949573/,Broken,403,https://pubmed.ncbi.nlm.nih.gov/39949573/,403,,strict access failure,2026-08-02T19:44:16+00:00,fresh data/link_health.json,"[{""file"": ""data/intelligence.json"", ""path"": """", ""label"": """"}, {""file"": ""data/intelligence.json"", ""path"": ""signals.285"", ""label"": ""Characterization of serum metabolome and respiratory microbiota in children with influenza A virus infection""}]"
https://pubmed.ncbi.nlm.nih.gov/39957899/,Broken,403,https://pubmed.ncbi.nlm.nih.gov/39957899/,403,,strict access failure,2026-08-02T19:44:16+00:00,fresh data/link_health.json,"[{""file"": ""data/intelligence.json"", ""path"": """", ""label"": """"}, {""file"": ""data/intelligence.json"", ""path"": ""signals.261"", ""label"": ""Targeted screening and profiling of massive components of colistimethate sodium by two-dimensional-liquid chromatography-mass spectrometry based on self-constructed compound database""}]"
https://pubmed.ncbi.nlm.nih.gov/40841006/,Broken,403,https://pubmed.ncbi.nlm.nih.gov/40841006/,403,,strict access failure,2026-08-02T19:44:16+00:00,fresh data/link_health.json,"[{""file"": ""data/intelligence.json"", ""path"": """", ""label"": """"}, {""file"": ""data/intelligence.json"", ""path"": ""signals.238"", ""label"": ""Evolution of water-soluble organic aerosol composition from clean days to haze episodes in rural area of North China Plain""}]"
https://pubmed.ncbi.nlm.nih.gov/41111413/,Broken,403,https://pubmed.ncbi.nlm.nih.gov/41111413/,403,,strict access failure,2026-08-02T19:44:16+00:00,fresh data/link_health.json,"[{""file"": ""data/intelligence.json"", ""path"": """", ""label"": """"}, {""file"": ""data/intelligence.json"", ""path"": ""signals.231"", ""label"": ""Effect of Parity and Previous Preeclampsia on Maternal Hemodynamics""}]"
https://pubmed.ncbi.nlm.nih.gov/41355705/,Broken,403,https://pubmed.ncbi.nlm.nih.gov/41355705/,403,,strict access failure,2026-08-02T19:44:16+00:00,fresh data/link_health.json,"[{""file"": ""data/intelligence.json"", ""path"": """", ""label"": """"}, {""file"": ""data/intelligence.json"", ""path"": ""signals.224"", ""label"": ""Angiogenic Biomarkers and Neonatal Outcomes in Suspected Preeclampsia: Retrospective Cohort Study""}]"
https://pubmed.ncbi.nlm.nih.gov/41422727/,Broken,403,https://pubmed.ncbi.nlm.nih.gov/41422727/,,,strict access failure,2026-08-02T19:44:16+00:00,fresh data/link_health.json,[]
https://pubmed.ncbi.nlm.nih.gov/41506022/,Broken,403,https://pubmed.ncbi.nlm.nih.gov/41506022/,,,strict access failure,2026-08-02T19:44:16+00:00,fresh data/link_health.json,[]
https://pubmed.ncbi.nlm.nih.gov/42021604/,Broken,403,https://pubmed.ncbi.nlm.nih.gov/42021604/,,,strict access failure,2026-08-02T19:44:16+00:00,fresh data/link_health.json,[]
https://pubmed.ncbi.nlm.nih.gov/42312152/,Broken,403,https://pubmed.ncbi.nlm.nih.gov/42312152/,403,,strict access failure,2026-08-02T19:44:16+00:00,fresh data/link_health.json,"[{""file"": ""data/intelligence.json"", ""path"": """", ""label"": """"}, {""file"": ""data/intelligence.json"", ""path"": ""signals.234"", ""label"": ""A new frame shift pathogenic variant (c.773dupT) in the BCKDHB gene caused MSUD in an infant from north of Iran""}]"
https://pubmed.ncbi.nlm.nih.gov/42398371/,Broken,403,https://pubmed.ncbi.nlm.nih.gov/42398371/,403,,strict access failure,2026-08-02T19:44:16+00:00,fresh data/link_health.json,"[{""file"": ""data/intelligence.json"", ""path"": """", ""label"": """"}, {""file"": ""data/intelligence.json"", ""path"": ""signals.2"", ""label"": ""A direct SPE clean-up after protein precipitation methodology to remove endogenous steroid sulfate MRM interferences for PFAS analysis of serum samples by isotope dilution LC-MS/MS""}, {""file"": ""data/intelligence.json"", ""path"": ""recommendations.0"", ""label"": ""Decide whether to package a PFAS-ready regulated quantitation workflow""}, {""file"": ""data/intelligence.json"", ""path"": ""recommendations.0.evidenceBasis"", ""label"": """"}, {""file"": ""data/intelligence.json"", ""path"": ""recommendations.0.evidenceBasis.links.0"", ""label"": ""PFAS serum LC-MS/MS method""}]"
https://pubmed.ncbi.nlm.nih.gov/42538613/,Broken,403,https://pubmed.ncbi.nlm.nih.gov/42538613/,,,strict access failure,2026-08-02T19:44:16+00:00,fresh data/link_health.json,[]
https://pubmed.ncbi.nlm.nih.gov/42538907/,Broken,403,https://pubmed.ncbi.nlm.nih.gov/42538907/,,,strict access failure,2026-08-02T19:44:16+00:00,fresh data/link_health.json,[]
https://pubmed.ncbi.nlm.nih.gov/?term=%28%22Agilent+1290%22+OR+%22Agilent+InfinityLab%22+OR+%22Agilent+LC%2FMS%22+OR+%22Agilent+6495%22+OR+%22Ultivo%22%29+AND+%28%222021%2F07%2F31%22%5BDate+-+Publication%5D+%3A+%222026%2F07%2F30%22%5BDate+-+Publication%5D%29,Broken,403,https://pubmed.ncbi.nlm.nih.gov/?term=%28%22Agilent+1290%22+OR+%22Agilent+InfinityLab%22+OR+%22Agilent+LC%2FMS%22+OR+%22Agilent+6495%22+OR+%22Ultivo%22%29+AND+%28%222021%2F07%2F31%22%5BDate+-+Publication%5D+%3A+%222026%2F07%2F30%22%5BDate+-+Publication%5D%29,,,strict access failure,2026-08-02T19:44:16+00:00,fresh data/link_health.json,[]
https://pubmed.ncbi.nlm.nih.gov/?term=%28%22Agilent+1290%22+OR+%22Agilent+InfinityLab%22+OR+%22Agilent+LC%2FMS%22+OR+%22Agilent+6495%22+OR+%22Ultivo%22%29+AND+%28%222021%2F08%2F01%22%5BDate+-+Publication%5D+%3A+%222026%2F07%2F31%22%5BDate+-+Publication%5D%29,Broken,403,https://pubmed.ncbi.nlm.nih.gov/?term=%28%22Agilent+1290%22+OR+%22Agilent+InfinityLab%22+OR+%22Agilent+LC%2FMS%22+OR+%22Agilent+6495%22+OR+%22Ultivo%22%29+AND+%28%222021%2F08%2F01%22%5BDate+-+Publication%5D+%3A+%222026%2F07%2F31%22%5BDate+-+Publication%5D%29,,,strict access failure,2026-08-02T19:44:16+00:00,fresh data/link_health.json,[]
https://pubmed.ncbi.nlm.nih.gov/?term=%28%22Agilent+1290%22+OR+%22Agilent+InfinityLab%22+OR+%22Agilent+LC%2FMS%22+OR+%22Agilent+6495%22+OR+%22Ultivo%22%29+AND+%28%222021%2F08%2F02%22%5BDate+-+Publication%5D+%3A+%222026%2F08%2F01%22%5BDate+-+Publication%5D%29,Broken,403,https://pubmed.ncbi.nlm.nih.gov/?term=%28%22Agilent+1290%22+OR+%22Agilent+InfinityLab%22+OR+%22Agilent+LC%2FMS%22+OR+%22Agilent+6495%22+OR+%22Ultivo%22%29+AND+%28%222021%2F08%2F02%22%5BDate+-+Publication%5D+%3A+%222026%2F08%2F01%22%5BDate+-+Publication%5D%29,,,strict access failure,2026-08-02T19:44:16+00:00,fresh data/link_health.json,[]
https://pubmed.ncbi.nlm.nih.gov/?term=%28%22Agilent+1290%22+OR+%22Agilent+InfinityLab%22+OR+%22Agilent+LC%2FMS%22+OR+%22Agilent+6495%22+OR+%22Ultivo%22%29+AND+%28%222023%2F07%2F31%22%5BDate+-+Publication%5D+%3A+%222026%2F07%2F30%22%5BDate+-+Publication%5D%29,Broken,403,https://pubmed.ncbi.nlm.nih.gov/?term=%28%22Agilent+1290%22+OR+%22Agilent+InfinityLab%22+OR+%22Agilent+LC%2FMS%22+OR+%22Agilent+6495%22+OR+%22Ultivo%22%29+AND+%28%222023%2F07%2F31%22%5BDate+-+Publication%5D+%3A+%222026%2F07%2F30%22%5BDate+-+Publication%5D%29,,,strict access failure,2026-08-02T19:44:16+00:00,fresh data/link_health.json,[]
https://pubmed.ncbi.nlm.nih.gov/?term=%28%22Agilent+1290%22+OR+%22Agilent+InfinityLab%22+OR+%22Agilent+LC%2FMS%22+OR+%22Agilent+6495%22+OR+%22Ultivo%22%29+AND+%28%222023%2F08%2F01%22%5BDate+-+Publication%5D+%3A+%222026%2F07%2F31%22%5BDate+-+Publication%5D%29,Broken,403,https://pubmed.ncbi.nlm.nih.gov/?term=%28%22Agilent+1290%22+OR+%22Agilent+InfinityLab%22+OR+%22Agilent+LC%2FMS%22+OR+%22Agilent+6495%22+OR+%22Ultivo%22%29+AND+%28%222023%2F08%2F01%22%5BDate+-+Publication%5D+%3A+%222026%2F07%2F31%22%5BDate+-+Publication%5D%29,,,strict access failure,2026-08-02T19:44:16+00:00,fresh data/link_health.json,[]
https://pubmed.ncbi.nlm.nih.gov/?term=%28%22Agilent+1290%22+OR+%22Agilent+InfinityLab%22+OR+%22Agilent+LC%2FMS%22+OR+%22Agilent+6495%22+OR+%22Ultivo%22%29+AND+%28%222023%2F08%2F02%22%5BDate+-+Publication%5D+%3A+%222026%2F08%2F01%22%5BDate+-+Publication%5D%29,Broken,403,https://pubmed.ncbi.nlm.nih.gov/?term=%28%22Agilent+1290%22+OR+%22Agilent+InfinityLab%22+OR+%22Agilent+LC%2FMS%22+OR+%22Agilent+6495%22+OR+%22Ultivo%22%29+AND+%28%222023%2F08%2F02%22%5BDate+-+Publication%5D+%3A+%222026%2F08%2F01%22%5BDate+-+Publication%5D%29,,,strict access failure,2026-08-02T19:44:16+00:00,fresh data/link_health.json,[]
https://pubmed.ncbi.nlm.nih.gov/?term=%28%22Agilent+1290%22+OR+%22Agilent+InfinityLab%22+OR+%22Agilent+LC%2FMS%22+OR+%22Agilent+6495%22+OR+%22Ultivo%22%29+AND+%28%222025%2F07%2F30%22%5BDate+-+Publication%5D+%3A+%222026%2F07%2F30%22%5BDate+-+Publication%5D%29,Broken,403,https://pubmed.ncbi.nlm.nih.gov/?term=%28%22Agilent+1290%22+OR+%22Agilent+InfinityLab%22+OR+%22Agilent+LC%2FMS%22+OR+%22Agilent+6495%22+OR+%22Ultivo%22%29+AND+%28%222025%2F07%2F30%22%5BDate+-+Publication%5D+%3A+%222026%2F07%2F30%22%5BDate+-+Publication%5D%29,,,strict access failure,2026-08-02T19:44:17+00:00,fresh data/link_health.json,[]
https://pubmed.ncbi.nlm.nih.gov/?term=%28%22Agilent+1290%22+OR+%22Agilent+InfinityLab%22+OR+%22Agilent+LC%2FMS%22+OR+%22Agilent+6495%22+OR+%22Ultivo%22%29+AND+%28%222025%2F07%2F31%22%5BDate+-+Publication%5D+%3A+%222026%2F07%2F31%22%5BDate+-+Publication%5D%29,Broken,403,https://pubmed.ncbi.nlm.nih.gov/?term=%28%22Agilent+1290%22+OR+%22Agilent+InfinityLab%22+OR+%22Agilent+LC%2FMS%22+OR+%22Agilent+6495%22+OR+%22Ultivo%22%29+AND+%28%222025%2F07%2F31%22%5BDate+-+Publication%5D+%3A+%222026%2F07%2F31%22%5BDate+-+Publication%5D%29,,,strict access failure,2026-08-02T19:44:17+00:00,fresh data/link_health.json,[]
https://pubmed.ncbi.nlm.nih.gov/?term=%28%22Agilent+1290%22+OR+%22Agilent+InfinityLab%22+OR+%22Agilent+LC%2FMS%22+OR+%22Agilent+6495%22+OR+%22Ultivo%22%29+AND+%28%222025%2F08%2F01%22%5BDate+-+Publication%5D+%3A+%222026%2F08%2F01%22%5BDate+-+Publication%5D%29,Broken,403,https://pubmed.ncbi.nlm.nih.gov/?term=%28%22Agilent+1290%22+OR+%22Agilent+InfinityLab%22+OR+%22Agilent+LC%2FMS%22+OR+%22Agilent+6495%22+OR+%22Ultivo%22%29+AND+%28%222025%2F08%2F01%22%5BDate+-+Publication%5D+%3A+%222026%2F08%2F01%22%5BDate+-+Publication%5D%29,,,strict access failure,2026-08-02T19:44:17+00:00,fresh data/link_health.json,[]
https://pubmed.ncbi.nlm.nih.gov/?term=%28%22Agilent+1290%22+OR+%22Agilent+InfinityLab%22+OR+%22Agilent+LC%2FMS%22+OR+%22Agilent+6495%22+OR+%22Ultivo%22%29+AND+%28%222026%2F05%2F01%22%5BDate+-+Publication%5D+%3A+%222026%2F07%2F30%22%5BDate+-+Publication%5D%29,Broken,403,https://pubmed.ncbi.nlm.nih.gov/?term=%28%22Agilent+1290%22+OR+%22Agilent+InfinityLab%22+OR+%22Agilent+LC%2FMS%22+OR+%22Agilent+6495%22+OR+%22Ultivo%22%29+AND+%28%222026%2F05%2F01%22%5BDate+-+Publication%5D+%3A+%222026%2F07%2F30%22%5BDate+-+Publication%5D%29,,,strict access failure,2026-08-02T19:44:17+00:00,fresh data/link_health.json,[]
https://pubmed.ncbi.nlm.nih.gov/?term=%28%22Agilent+1290%22+OR+%22Agilent+InfinityLab%22+OR+%22Agilent+LC%2FMS%22+OR+%22Agilent+6495%22+OR+%22Ultivo%22%29+AND+%28%222026%2F05%2F02%22%5BDate+-+Publication%5D+%3A+%222026%2F07%2F31%22%5BDate+-+Publication%5D%29,Broken,403,https://pubmed.ncbi.nlm.nih.gov/?term=%28%22Agilent+1290%22+OR+%22Agilent+InfinityLab%22+OR+%22Agilent+LC%2FMS%22+OR+%22Agilent+6495%22+OR+%22Ultivo%22%29+AND+%28%222026%2F05%2F02%22%5BDate+-+Publication%5D+%3A+%222026%2F07%2F31%22%5BDate+-+Publication%5D%29,,,strict access failure,2026-08-02T19:44:17+00:00,fresh data/link_health.json,[]
https://pubmed.ncbi.nlm.nih.gov/?term=%28%22Agilent+1290%22+OR+%22Agilent+InfinityLab%22+OR+%22Agilent+LC%2FMS%22+OR+%22Agilent+6495%22+OR+%22Ultivo%22%29+AND+%28%222026%2F05%2F03%22%5BDate+-+Publication%5D+%3A+%222026%2F08%2F01%22%5BDate+-+Publication%5D%29,Broken,403,https://pubmed.ncbi.nlm.nih.gov/?term=%28%22Agilent+1290%22+OR+%22Agilent+InfinityLab%22+OR+%22Agilent+LC%2FMS%22+OR+%22Agilent+6495%22+OR+%22Ultivo%22%29+AND+%28%222026%2F05%2F03%22%5BDate+-+Publication%5D+%3A+%222026%2F08%2F01%22%5BDate+-+Publication%5D%29,,,strict access failure,2026-08-02T19:44:17+00:00,fresh data/link_health.json,[]
https://pubmed.ncbi.nlm.nih.gov/?term=%28%22Agilent+1290%22+OR+%22Agilent+InfinityLab%22+OR+%22Agilent+LC%2FMS%22+OR+%22Agilent+6495%22+OR+%22Ultivo%22%29+AND+%28%222026%2F05%2F31%22%5BDate+-+Publication%5D+%3A+%222026%2F07%2F30%22%5BDate+-+Publication%5D%29,Broken,403,https://pubmed.ncbi.nlm.nih.gov/?term=%28%22Agilent+1290%22+OR+%22Agilent+InfinityLab%22+OR+%22Agilent+LC%2FMS%22+OR+%22Agilent+6495%22+OR+%22Ultivo%22%29+AND+%28%222026%2F05%2F31%22%5BDate+-+Publication%5D+%3A+%222026%2F07%2F30%22%5BDate+-+Publication%5D%29,,,strict access failure,2026-08-02T19:44:17+00:00,fresh data/link_health.json,[]
https://pubmed.ncbi.nlm.nih.gov/?term=%28%22Agilent+1290%22+OR+%22Agilent+InfinityLab%22+OR+%22Agilent+LC%2FMS%22+OR+%22Agilent+6495%22+OR+%22Ultivo%22%29+AND+%28%222026%2F06%2F01%22%5BDate+-+Publication%5D+%3A+%222026%2F07%2F31%22%5BDate+-+Publication%5D%29,Broken,403,https://pubmed.ncbi.nlm.nih.gov/?term=%28%22Agilent+1290%22+OR+%22Agilent+InfinityLab%22+OR+%22Agilent+LC%2FMS%22+OR+%22Agilent+6495%22+OR+%22Ultivo%22%29+AND+%28%222026%2F06%2F01%22%5BDate+-+Publication%5D+%3A+%222026%2F07%2F31%22%5BDate+-+Publication%5D%29,,,strict access failure,2026-08-02T19:44:17+00:00,fresh data/link_health.json,[]
https://pubmed.ncbi.nlm.nih.gov/?term=%28%22Agilent+1290%22+OR+%22Agilent+InfinityLab%22+OR+%22Agilent+LC%2FMS%22+OR+%22Agilent+6495%22+OR+%22Ultivo%22%29+AND+%28%222026%2F06%2F02%22%5BDate+-+Publication%5D+%3A+%222026%2F08%2F01%22%5BDate+-+Publication%5D%29,Broken,403,https://pubmed.ncbi.nlm.nih.gov/?term=%28%22Agilent+1290%22+OR+%22Agilent+InfinityLab%22+OR+%22Agilent+LC%2FMS%22+OR+%22Agilent+6495%22+OR+%22Ultivo%22%29+AND+%28%222026%2F06%2F02%22%5BDate+-+Publication%5D+%3A+%222026%2F08%2F01%22%5BDate+-+Publication%5D%29,,,strict access failure,2026-08-02T19:44:17+00:00,fresh data/link_health.json,[]
https://pubmed.ncbi.nlm.nih.gov/?term=%28%22Agilent+1290%22+OR+%22Agilent+InfinityLab%22+OR+%22Agilent+LC%2FMS%22+OR+%22Agilent+6495%22+OR+%22Ultivo%22%29+AND+%28%222026%2F06%2F30%22%5BDate+-+Publication%5D+%3A+%222026%2F07%2F30%22%5BDate+-+Publication%5D%29,Broken,403,https://pubmed.ncbi.nlm.nih.gov/?term=%28%22Agilent+1290%22+OR+%22Agilent+InfinityLab%22+OR+%22Agilent+LC%2FMS%22+OR+%22Agilent+6495%22+OR+%22Ultivo%22%29+AND+%28%222026%2F06%2F30%22%5BDate+-+Publication%5D+%3A+%222026%2F07%2F30%22%5BDate+-+Publication%5D%29,,,strict access failure,2026-08-02T19:44:17+00:00,fresh data/link_health.json,[]
https://pubmed.ncbi.nlm.nih.gov/?term=%28%22Agilent+1290%22+OR+%22Agilent+InfinityLab%22+OR+%22Agilent+LC%2FMS%22+OR+%22Agilent+6495%22+OR+%22Ultivo%22%29+AND+%28%222026%2F07%2F01%22%5BDate+-+Publication%5D+%3A+%222026%2F07%2F31%22%5BDate+-+Publication%5D%29,Broken,403,https://pubmed.ncbi.nlm.nih.gov/?term=%28%22Agilent+1290%22+OR+%22Agilent+InfinityLab%22+OR+%22Agilent+LC%2FMS%22+OR+%22Agilent+6495%22+OR+%22Ultivo%22%29+AND+%28%222026%2F07%2F01%22%5BDate+-+Publication%5D+%3A+%222026%2F07%2F31%22%5BDate+-+Publication%5D%29,,,strict access failure,2026-08-02T19:44:17+00:00,fresh data/link_health.json,[]
https://pubmed.ncbi.nlm.nih.gov/?term=%28%22Agilent+1290%22+OR+%22Agilent+InfinityLab%22+OR+%22Agilent+LC%2FMS%22+OR+%22Agilent+6495%22+OR+%22Ultivo%22%29+AND+%28%222026%2F07%2F02%22%5BDate+-+Publication%5D+%3A+%222026%2F08%2F01%22%5BDate+-+Publication%5D%29,Broken,403,https://pubmed.ncbi.nlm.nih.gov/?term=%28%22Agilent+1290%22+OR+%22Agilent+InfinityLab%22+OR+%22Agilent+LC%2FMS%22+OR+%22Agilent+6495%22+OR+%22Ultivo%22%29+AND+%28%222026%2F07%2F02%22%5BDate+-+Publication%5D+%3A+%222026%2F08%2F01%22%5BDate+-+Publication%5D%29,,,strict access failure,2026-08-02T19:44:18+00:00,fresh data/link_health.json,[]
https://pubmed.ncbi.nlm.nih.gov/?term=%28%22Orbitrap%22+OR+%22Vanquish%22+OR+%22Q+Exactive%22+OR+%22TSQ+Altis%22+OR+%22Thermo+Fisher+Scientific%22%29+AND+%28%222021%2F07%2F31%22%5BDate+-+Publication%5D+%3A+%222026%2F07%2F30%22%5BDate+-+Publication%5D%29,Broken,403,https://pubmed.ncbi.nlm.nih.gov/?term=%28%22Orbitrap%22+OR+%22Vanquish%22+OR+%22Q+Exactive%22+OR+%22TSQ+Altis%22+OR+%22Thermo+Fisher+Scientific%22%29+AND+%28%222021%2F07%2F31%22%5BDate+-+Publication%5D+%3A+%222026%2F07%2F30%22%5BDate+-+Publication%5D%29,,,strict access failure,2026-08-02T19:44:18+00:00,fresh data/link_health.json,[]
https://pubmed.ncbi.nlm.nih.gov/?term=%28%22Orbitrap%22+OR+%22Vanquish%22+OR+%22Q+Exactive%22+OR+%22TSQ+Altis%22+OR+%22Thermo+Fisher+Scientific%22%29+AND+%28%222021%2F08%2F01%22%5BDate+-+Publication%5D+%3A+%222026%2F07%2F31%22%5BDate+-+Publication%5D%29,Broken,403,https://pubmed.ncbi.nlm.nih.gov/?term=%28%22Orbitrap%22+OR+%22Vanquish%22+OR+%22Q+Exactive%22+OR+%22TSQ+Altis%22+OR+%22Thermo+Fisher+Scientific%22%29+AND+%28%222021%2F08%2F01%22%5BDate+-+Publication%5D+%3A+%222026%2F07%2F31%22%5BDate+-+Publication%5D%29,,,strict access failure,2026-08-02T19:44:18+00:00,fresh data/link_health.json,[]
https://pubmed.ncbi.nlm.nih.gov/?term=%28%22Orbitrap%22+OR+%22Vanquish%22+OR+%22Q+Exactive%22+OR+%22TSQ+Altis%22+OR+%22Thermo+Fisher+Scientific%22%29+AND+%28%222021%2F08%2F02%22%5BDate+-+Publication%5D+%3A+%222026%2F08%2F01%22%5BDate+-+Publication%5D%29,Broken,403,https://pubmed.ncbi.nlm.nih.gov/?term=%28%22Orbitrap%22+OR+%22Vanquish%22+OR+%22Q+Exactive%22+OR+%22TSQ+Altis%22+OR+%22Thermo+Fisher+Scientific%22%29+AND+%28%222021%2F08%2F02%22%5BDate+-+Publication%5D+%3A+%222026%2F08%2F01%22%5BDate+-+Publication%5D%29,,,strict access failure,2026-08-02T19:44:18+00:00,fresh data/link_health.json,[]
https://pubmed.ncbi.nlm.nih.gov/?term=%28%22Orbitrap%22+OR+%22Vanquish%22+OR+%22Q+Exactive%22+OR+%22TSQ+Altis%22+OR+%22Thermo+Fisher+Scientific%22%29+AND+%28%222023%2F07%2F31%22%5BDate+-+Publication%5D+%3A+%222026%2F07%2F30%22%5BDate+-+Publication%5D%29,Broken,403,https://pubmed.ncbi.nlm.nih.gov/?term=%28%22Orbitrap%22+OR+%22Vanquish%22+OR+%22Q+Exactive%22+OR+%22TSQ+Altis%22+OR+%22Thermo+Fisher+Scientific%22%29+AND+%28%222023%2F07%2F31%22%5BDate+-+Publication%5D+%3A+%222026%2F07%2F30%22%5BDate+-+Publication%5D%29,,,strict access failure,2026-08-02T19:44:18+00:00,fresh data/link_health.json,[]
https://pubmed.ncbi.nlm.nih.gov/?term=%28%22Orbitrap%22+OR+%22Vanquish%22+OR+%22Q+Exactive%22+OR+%22TSQ+Altis%22+OR+%22Thermo+Fisher+Scientific%22%29+AND+%28%222023%2F08%2F01%22%5BDate+-+Publication%5D+%3A+%222026%2F07%2F31%22%5BDate+-+Publication%5D%29,Broken,403,https://pubmed.ncbi.nlm.nih.gov/?term=%28%22Orbitrap%22+OR+%22Vanquish%22+OR+%22Q+Exactive%22+OR+%22TSQ+Altis%22+OR+%22Thermo+Fisher+Scientific%22%29+AND+%28%222023%2F08%2F01%22%5BDate+-+Publication%5D+%3A+%222026%2F07%2F31%22%5BDate+-+Publication%5D%29,,,strict access failure,2026-08-02T19:44:18+00:00,fresh data/link_health.json,[]
https://pubmed.ncbi.nlm.nih.gov/?term=%28%22Orbitrap%22+OR+%22Vanquish%22+OR+%22Q+Exactive%22+OR+%22TSQ+Altis%22+OR+%22Thermo+Fisher+Scientific%22%29+AND+%28%222023%2F08%2F02%22%5BDate+-+Publication%5D+%3A+%222026%2F08%2F01%22%5BDate+-+Publication%5D%29,Broken,403,https://pubmed.ncbi.nlm.nih.gov/?term=%28%22Orbitrap%22+OR+%22Vanquish%22+OR+%22Q+Exactive%22+OR+%22TSQ+Altis%22+OR+%22Thermo+Fisher+Scientific%22%29+AND+%28%222023%2F08%2F02%22%5BDate+-+Publication%5D+%3A+%222026%2F08%2F01%22%5BDate+-+Publication%5D%29,,,strict access failure,2026-08-02T19:44:18+00:00,fresh data/link_health.json,[]
https://pubmed.ncbi.nlm.nih.gov/?term=%28%22Orbitrap%22+OR+%22Vanquish%22+OR+%22Q+Exactive%22+OR+%22TSQ+Altis%22+OR+%22Thermo+Fisher+Scientific%22%29+AND+%28%222025%2F07%2F30%22%5BDate+-+Publication%5D+%3A+%222026%2F07%2F30%22%5BDate+-+Publication%5D%29,Broken,403,https://pubmed.ncbi.nlm.nih.gov/?term=%28%22Orbitrap%22+OR+%22Vanquish%22+OR+%22Q+Exactive%22+OR+%22TSQ+Altis%22+OR+%22Thermo+Fisher+Scientific%22%29+AND+%28%222025%2F07%2F30%22%5BDate+-+Publication%5D+%3A+%222026%2F07%2F30%22%5BDate+-+Publication%5D%29,,,strict access failure,2026-08-02T19:44:18+00:00,fresh data/link_health.json,[]
https://pubmed.ncbi.nlm.nih.gov/?term=%28%22Orbitrap%22+OR+%22Vanquish%22+OR+%22Q+Exactive%22+OR+%22TSQ+Altis%22+OR+%22Thermo+Fisher+Scientific%22%29+AND+%28%222025%2F07%2F31%22%5BDate+-+Publication%5D+%3A+%222026%2F07%2F31%22%5BDate+-+Publication%5D%29,Broken,403,https://pubmed.ncbi.nlm.nih.gov/?term=%28%22Orbitrap%22+OR+%22Vanquish%22+OR+%22Q+Exactive%22+OR+%22TSQ+Altis%22+OR+%22Thermo+Fisher+Scientific%22%29+AND+%28%222025%2F07%2F31%22%5BDate+-+Publication%5D+%3A+%222026%2F07%2F31%22%5BDate+-+Publication%5D%29,,,strict access failure,2026-08-02T19:44:18+00:00,fresh data/link_health.json,[]
https://pubmed.ncbi.nlm.nih.gov/?term=%28%22Orbitrap%22+OR+%22Vanquish%22+OR+%22Q+Exactive%22+OR+%22TSQ+Altis%22+OR+%22Thermo+Fisher+Scientific%22%29+AND+%28%222025%2F08%2F01%22%5BDate+-+Publication%5D+%3A+%222026%2F08%2F01%22%5BDate+-+Publication%5D%29,Broken,403,https://pubmed.ncbi.nlm.nih.gov/?term=%28%22Orbitrap%22+OR+%22Vanquish%22+OR+%22Q+Exactive%22+OR+%22TSQ+Altis%22+OR+%22Thermo+Fisher+Scientific%22%29+AND+%28%222025%2F08%2F01%22%5BDate+-+Publication%5D+%3A+%222026%2F08%2F01%22%5BDate+-+Publication%5D%29,,,strict access failure,2026-08-02T19:44:18+00:00,fresh data/link_health.json,[]
https://pubmed.ncbi.nlm.nih.gov/?term=%28%22Orbitrap%22+OR+%22Vanquish%22+OR+%22Q+Exactive%22+OR+%22TSQ+Altis%22+OR+%22Thermo+Fisher+Scientific%22%29+AND+%28%222026%2F05%2F01%22%5BDate+-+Publication%5D+%3A+%222026%2F07%2F30%22%5BDate+-+Publication%5D%29,Broken,403,https://pubmed.ncbi.nlm.nih.gov/?term=%28%22Orbitrap%22+OR+%22Vanquish%22+OR+%22Q+Exactive%22+OR+%22TSQ+Altis%22+OR+%22Thermo+Fisher+Scientific%22%29+AND+%28%222026%2F05%2F01%22%5BDate+-+Publication%5D+%3A+%222026%2F07%2F30%22%5BDate+-+Publication%5D%29,,,strict access failure,2026-08-02T19:44:18+00:00,fresh data/link_health.json,[]
https://pubmed.ncbi.nlm.nih.gov/?term=%28%22Orbitrap%22+OR+%22Vanquish%22+OR+%22Q+Exactive%22+OR+%22TSQ+Altis%22+OR+%22Thermo+Fisher+Scientific%22%29+AND+%28%222026%2F05%2F02%22%5BDate+-+Publication%5D+%3A+%222026%2F07%2F31%22%5BDate+-+Publication%5D%29,Broken,403,https://pubmed.ncbi.nlm.nih.gov/?term=%28%22Orbitrap%22+OR+%22Vanquish%22+OR+%22Q+Exactive%22+OR+%22TSQ+Altis%22+OR+%22Thermo+Fisher+Scientific%22%29+AND+%28%222026%2F05%2F02%22%5BDate+-+Publication%5D+%3A+%222026%2F07%2F31%22%5BDate+-+Publication%5D%29,,,strict access failure,2026-08-02T19:44:18+00:00,fresh data/link_health.json,[]
https://pubmed.ncbi.nlm.nih.gov/?term=%28%22Orbitrap%22+OR+%22Vanquish%22+OR+%22Q+Exactive%22+OR+%22TSQ+Altis%22+OR+%22Thermo+Fisher+Scientific%22%29+AND+%28%222026%2F05%2F03%22%5BDate+-+Publication%5D+%3A+%222026%2F08%2F01%22%5BDate+-+Publication%5D%29,Broken,403,https://pubmed.ncbi.nlm.nih.gov/?term=%28%22Orbitrap%22+OR+%22Vanquish%22+OR+%22Q+Exactive%22+OR+%22TSQ+Altis%22+OR+%22Thermo+Fisher+Scientific%22%29+AND+%28%222026%2F05%2F03%22%5BDate+-+Publication%5D+%3A+%222026%2F08%2F01%22%5BDate+-+Publication%5D%29,,,strict access failure,2026-08-02T19:44:18+00:00,fresh data/link_health.json,[]
https://pubmed.ncbi.nlm.nih.gov/?term=%28%22Orbitrap%22+OR+%22Vanquish%22+OR+%22Q+Exactive%22+OR+%22TSQ+Altis%22+OR+%22Thermo+Fisher+Scientific%22%29+AND+%28%222026%2F05%2F31%22%5BDate+-+Publication%5D+%3A+%222026%2F07%2F30%22%5BDate+-+Publication%5D%29,Broken,403,https://pubmed.ncbi.nlm.nih.gov/?term=%28%22Orbitrap%22+OR+%22Vanquish%22+OR+%22Q+Exactive%22+OR+%22TSQ+Altis%22+OR+%22Thermo+Fisher+Scientific%22%29+AND+%28%222026%2F05%2F31%22%5BDate+-+Publication%5D+%3A+%222026%2F07%2F30%22%5BDate+-+Publication%5D%29,,,strict access failure,2026-08-02T19:44:18+00:00,fresh data/link_health.json,[]
https://pubmed.ncbi.nlm.nih.gov/?term=%28%22Orbitrap%22+OR+%22Vanquish%22+OR+%22Q+Exactive%22+OR+%22TSQ+Altis%22+OR+%22Thermo+Fisher+Scientific%22%29+AND+%28%222026%2F06%2F01%22%5BDate+-+Publication%5D+%3A+%222026%2F07%2F31%22%5BDate+-+Publication%5D%29,Broken,403,https://pubmed.ncbi.nlm.nih.gov/?term=%28%22Orbitrap%22+OR+%22Vanquish%22+OR+%22Q+Exactive%22+OR+%22TSQ+Altis%22+OR+%22Thermo+Fisher+Scientific%22%29+AND+%28%222026%2F06%2F01%22%5BDate+-+Publication%5D+%3A+%222026%2F07%2F31%22%5BDate+-+Publication%5D%29,,,strict access failure,2026-08-02T19:44:19+00:00,fresh data/link_health.json,[]
https://pubmed.ncbi.nlm.nih.gov/?term=%28%22Orbitrap%22+OR+%22Vanquish%22+OR+%22Q+Exactive%22+OR+%22TSQ+Altis%22+OR+%22Thermo+Fisher+Scientific%22%29+AND+%28%222026%2F06%2F02%22%5BDate+-+Publication%5D+%3A+%222026%2F08%2F01%22%5BDate+-+Publication%5D%29,Broken,403,https://pubmed.ncbi.nlm.nih.gov/?term=%28%22Orbitrap%22+OR+%22Vanquish%22+OR+%22Q+Exactive%22+OR+%22TSQ+Altis%22+OR+%22Thermo+Fisher+Scientific%22%29+AND+%28%222026%2F06%2F02%22%5BDate+-+Publication%5D+%3A+%222026%2F08%2F01%22%5BDate+-+Publication%5D%29,,,strict access failure,2026-08-02T19:44:19+00:00,fresh data/link_health.json,[]
https://pubmed.ncbi.nlm.nih.gov/?term=%28%22Orbitrap%22+OR+%22Vanquish%22+OR+%22Q+Exactive%22+OR+%22TSQ+Altis%22+OR+%22Thermo+Fisher+Scientific%22%29+AND+%28%222026%2F06%2F30%22%5BDate+-+Publication%5D+%3A+%222026%2F07%2F30%22%5BDate+-+Publication%5D%29,Broken,403,https://pubmed.ncbi.nlm.nih.gov/?term=%28%22Orbitrap%22+OR+%22Vanquish%22+OR+%22Q+Exactive%22+OR+%22TSQ+Altis%22+OR+%22Thermo+Fisher+Scientific%22%29+AND+%28%222026%2F06%2F30%22%5BDate+-+Publication%5D+%3A+%222026%2F07%2F30%22%5BDate+-+Publication%5D%29,,,strict access failure,2026-08-02T19:44:19+00:00,fresh data/link_health.json,[]
https://pubmed.ncbi.nlm.nih.gov/?term=%28%22Orbitrap%22+OR+%22Vanquish%22+OR+%22Q+Exactive%22+OR+%22TSQ+Altis%22+OR+%22Thermo+Fisher+Scientific%22%29+AND+%28%222026%2F07%2F01%22%5BDate+-+Publication%5D+%3A+%222026%2F07%2F31%22%5BDate+-+Publication%5D%29,Broken,403,https://pubmed.ncbi.nlm.nih.gov/?term=%28%22Orbitrap%22+OR+%22Vanquish%22+OR+%22Q+Exactive%22+OR+%22TSQ+Altis%22+OR+%22Thermo+Fisher+Scientific%22%29+AND+%28%222026%2F07%2F01%22%5BDate+-+Publication%5D+%3A+%222026%2F07%2F31%22%5BDate+-+Publication%5D%29,,,strict access failure,2026-08-02T19:44:19+00:00,fresh data/link_health.json,[]
https://pubmed.ncbi.nlm.nih.gov/?term=%28%22Orbitrap%22+OR+%22Vanquish%22+OR+%22Q+Exactive%22+OR+%22TSQ+Altis%22+OR+%22Thermo+Fisher+Scientific%22%29+AND+%28%222026%2F07%2F02%22%5BDate+-+Publication%5D+%3A+%222026%2F08%2F01%22%5BDate+-+Publication%5D%29,Broken,403,https://pubmed.ncbi.nlm.nih.gov/?term=%28%22Orbitrap%22+OR+%22Vanquish%22+OR+%22Q+Exactive%22+OR+%22TSQ+Altis%22+OR+%22Thermo+Fisher+Scientific%22%29+AND+%28%222026%2F07%2F02%22%5BDate+-+Publication%5D+%3A+%222026%2F08%2F01%22%5BDate+-+Publication%5D%29,,,strict access failure,2026-08-02T19:44:19+00:00,fresh data/link_health.json,[]
https://pubmed.ncbi.nlm.nih.gov/?term=%28%22PerkinElmer+QSight%22+OR+%22PerkinElmer+LC%22+OR+%22PerkinElmer+chromatography%22%29+AND+%28%222021%2F07%2F31%22%5BDate+-+Publication%5D+%3A+%222026%2F07%2F30%22%5BDate+-+Publication%5D%29,Broken,403,https://pubmed.ncbi.nlm.nih.gov/?term=%28%22PerkinElmer+QSight%22+OR+%22PerkinElmer+LC%22+OR+%22PerkinElmer+chromatography%22%29+AND+%28%222021%2F07%2F31%22%5BDate+-+Publication%5D+%3A+%222026%2F07%2F30%22%5BDate+-+Publication%5D%29,,,strict access failure,2026-08-02T19:44:19+00:00,fresh data/link_health.json,[]
https://pubmed.ncbi.nlm.nih.gov/?term=%28%22PerkinElmer+QSight%22+OR+%22PerkinElmer+LC%22+OR+%22PerkinElmer+chromatography%22%29+AND+%28%222021%2F08%2F01%22%5BDate+-+Publication%5D+%3A+%222026%2F07%2F31%22%5BDate+-+Publication%5D%29,Broken,403,https://pubmed.ncbi.nlm.nih.gov/?term=%28%22PerkinElmer+QSight%22+OR+%22PerkinElmer+LC%22+OR+%22PerkinElmer+chromatography%22%29+AND+%28%222021%2F08%2F01%22%5BDate+-+Publication%5D+%3A+%222026%2F07%2F31%22%5BDate+-+Publication%5D%29,,,strict access failure,2026-08-02T19:44:19+00:00,fresh data/link_health.json,[]
https://pubmed.ncbi.nlm.nih.gov/?term=%28%22PerkinElmer+QSight%22+OR+%22PerkinElmer+LC%22+OR+%22PerkinElmer+chromatography%22%29+AND+%28%222021%2F08%2F02%22%5BDate+-+Publication%5D+%3A+%222026%2F08%2F01%22%5BDate+-+Publication%5D%29,Broken,403,https://pubmed.ncbi.nlm.nih.gov/?term=%28%22PerkinElmer+QSight%22+OR+%22PerkinElmer+LC%22+OR+%22PerkinElmer+chromatography%22%29+AND+%28%222021%2F08%2F02%22%5BDate+-+Publication%5D+%3A+%222026%2F08%2F01%22%5BDate+-+Publication%5D%29,,,strict access failure,2026-08-02T19:44:19+00:00,fresh data/link_health.json,[]
https://pubmed.ncbi.nlm.nih.gov/?term=%28%22PerkinElmer+QSight%22+OR+%22PerkinElmer+LC%22+OR+%22PerkinElmer+chromatography%22%29+AND+%28%222023%2F07%2F31%22%5BDate+-+Publication%5D+%3A+%222026%2F07%2F30%22%5BDate+-+Publication%5D%29,Broken,403,https://pubmed.ncbi.nlm.nih.gov/?term=%28%22PerkinElmer+QSight%22+OR+%22PerkinElmer+LC%22+OR+%22PerkinElmer+chromatography%22%29+AND+%28%222023%2F07%2F31%22%5BDate+-+Publication%5D+%3A+%222026%2F07%2F30%22%5BDate+-+Publication%5D%29,,,strict access failure,2026-08-02T19:44:19+00:00,fresh data/link_health.json,[]
https://pubmed.ncbi.nlm.nih.gov/?term=%28%22PerkinElmer+QSight%22+OR+%22PerkinElmer+LC%22+OR+%22PerkinElmer+chromatography%22%29+AND+%28%222023%2F08%2F01%22%5BDate+-+Publication%5D+%3A+%222026%2F07%2F31%22%5BDate+-+Publication%5D%29,Broken,403,https://pubmed.ncbi.nlm.nih.gov/?term=%28%22PerkinElmer+QSight%22+OR+%22PerkinElmer+LC%22+OR+%22PerkinElmer+chromatography%22%29+AND+%28%222023%2F08%2F01%22%5BDate+-+Publication%5D+%3A+%222026%2F07%2F31%22%5BDate+-+Publication%5D%29,,,strict access failure,2026-08-02T19:44:19+00:00,fresh data/link_health.json,[]
https://pubmed.ncbi.nlm.nih.gov/?term=%28%22PerkinElmer+QSight%22+OR+%22PerkinElmer+LC%22+OR+%22PerkinElmer+chromatography%22%29+AND+%28%222023%2F08%2F02%22%5BDate+-+Publication%5D+%3A+%222026%2F08%2F01%22%5BDate+-+Publication%5D%29,Broken,403,https://pubmed.ncbi.nlm.nih.gov/?term=%28%22PerkinElmer+QSight%22+OR+%22PerkinElmer+LC%22+OR+%22PerkinElmer+chromatography%22%29+AND+%28%222023%2F08%2F02%22%5BDate+-+Publication%5D+%3A+%222026%2F08%2F01%22%5BDate+-+Publication%5D%29,,,strict access failure,2026-08-02T19:44:19+00:00,fresh data/link_health.json,[]
https://pubmed.ncbi.nlm.nih.gov/?term=%28%22PerkinElmer+QSight%22+OR+%22PerkinElmer+LC%22+OR+%22PerkinElmer+chromatography%22%29+AND+%28%222025%2F07%2F30%22%5BDate+-+Publication%5D+%3A+%222026%2F07%2F30%22%5BDate+-+Publication%5D%29,Broken,403,https://pubmed.ncbi.nlm.nih.gov/?term=%28%22PerkinElmer+QSight%22+OR+%22PerkinElmer+LC%22+OR+%22PerkinElmer+chromatography%22%29+AND+%28%222025%2F07%2F30%22%5BDate+-+Publication%5D+%3A+%222026%2F07%2F30%22%5BDate+-+Publication%5D%29,,,strict access failure,2026-08-02T19:44:19+00:00,fresh data/link_health.json,[]
https://pubmed.ncbi.nlm.nih.gov/?term=%28%22PerkinElmer+QSight%22+OR+%22PerkinElmer+LC%22+OR+%22PerkinElmer+chromatography%22%29+AND+%28%222025%2F07%2F31%22%5BDate+-+Publication%5D+%3A+%222026%2F07%2F31%22%5BDate+-+Publication%5D%29,Broken,403,https://pubmed.ncbi.nlm.nih.gov/?term=%28%22PerkinElmer+QSight%22+OR+%22PerkinElmer+LC%22+OR+%22PerkinElmer+chromatography%22%29+AND+%28%222025%2F07%2F31%22%5BDate+-+Publication%5D+%3A+%222026%2F07%2F31%22%5BDate+-+Publication%5D%29,,,strict access failure,2026-08-02T19:44:19+00:00,fresh data/link_health.json,[]
https://pubmed.ncbi.nlm.nih.gov/?term=%28%22PerkinElmer+QSight%22+OR+%22PerkinElmer+LC%22+OR+%22PerkinElmer+chromatography%22%29+AND+%28%222025%2F08%2F01%22%5BDate+-+Publication%5D+%3A+%222026%2F08%2F01%22%5BDate+-+Publication%5D%29,Broken,403,https://pubmed.ncbi.nlm.nih.gov/?term=%28%22PerkinElmer+QSight%22+OR+%22PerkinElmer+LC%22+OR+%22PerkinElmer+chromatography%22%29+AND+%28%222025%2F08%2F01%22%5BDate+-+Publication%5D+%3A+%222026%2F08%2F01%22%5BDate+-+Publication%5D%29,,,strict access failure,2026-08-02T19:44:19+00:00,fresh data/link_health.json,[]
https://pubmed.ncbi.nlm.nih.gov/?term=%28%22PerkinElmer+QSight%22+OR+%22PerkinElmer+LC%22+OR+%22PerkinElmer+chromatography%22%29+AND+%28%222026%2F05%2F01%22%5BDate+-+Publication%5D+%3A+%222026%2F07%2F30%22%5BDate+-+Publication%5D%29,Broken,403,https://pubmed.ncbi.nlm.nih.gov/?term=%28%22PerkinElmer+QSight%22+OR+%22PerkinElmer+LC%22+OR+%22PerkinElmer+chromatography%22%29+AND+%28%222026%2F05%2F01%22%5BDate+-+Publication%5D+%3A+%222026%2F07%2F30%22%5BDate+-+Publication%5D%29,,,strict access failure,2026-08-02T19:44:19+00:00,fresh data/link_health.json,[]
https://pubmed.ncbi.nlm.nih.gov/?term=%28%22PerkinElmer+QSight%22+OR+%22PerkinElmer+LC%22+OR+%22PerkinElmer+chromatography%22%29+AND+%28%222026%2F05%2F02%22%5BDate+-+Publication%5D+%3A+%222026%2F07%2F31%22%5BDate+-+Publication%5D%29,Broken,403,https://pubmed.ncbi.nlm.nih.gov/?term=%28%22PerkinElmer+QSight%22+OR+%22PerkinElmer+LC%22+OR+%22PerkinElmer+chromatography%22%29+AND+%28%222026%2F05%2F02%22%5BDate+-+Publication%5D+%3A+%222026%2F07%2F31%22%5BDate+-+Publication%5D%29,,,strict access failure,2026-08-02T19:44:19+00:00,fresh data/link_health.json,[]
https://pubmed.ncbi.nlm.nih.gov/?term=%28%22PerkinElmer+QSight%22+OR+%22PerkinElmer+LC%22+OR+%22PerkinElmer+chromatography%22%29+AND+%28%222026%2F05%2F03%22%5BDate+-+Publication%5D+%3A+%222026%2F08%2F01%22%5BDate+-+Publication%5D%29,Broken,403,https://pubmed.ncbi.nlm.nih.gov/?term=%28%22PerkinElmer+QSight%22+OR+%22PerkinElmer+LC%22+OR+%22PerkinElmer+chromatography%22%29+AND+%28%222026%2F05%2F03%22%5BDate+-+Publication%5D+%3A+%222026%2F08%2F01%22%5BDate+-+Publication%5D%29,,,strict access failure,2026-08-02T19:44:20+00:00,fresh data/link_health.json,[]
https://pubmed.ncbi.nlm.nih.gov/?term=%28%22PerkinElmer+QSight%22+OR+%22PerkinElmer+LC%22+OR+%22PerkinElmer+chromatography%22%29+AND+%28%222026%2F05%2F31%22%5BDate+-+Publication%5D+%3A+%222026%2F07%2F30%22%5BDate+-+Publication%5D%29,Broken,403,https://pubmed.ncbi.nlm.nih.gov/?term=%28%22PerkinElmer+QSight%22+OR+%22PerkinElmer+LC%22+OR+%22PerkinElmer+chromatography%22%29+AND+%28%222026%2F05%2F31%22%5BDate+-+Publication%5D+%3A+%222026%2F07%2F30%22%5BDate+-+Publication%5D%29,,,strict access failure,2026-08-02T19:44:20+00:00,fresh data/link_health.json,[]
https://pubmed.ncbi.nlm.nih.gov/?term=%28%22PerkinElmer+QSight%22+OR+%22PerkinElmer+LC%22+OR+%22PerkinElmer+chromatography%22%29+AND+%28%222026%2F06%2F01%22%5BDate+-+Publication%5D+%3A+%222026%2F07%2F31%22%5BDate+-+Publication%5D%29,Broken,403,https://pubmed.ncbi.nlm.nih.gov/?term=%28%22PerkinElmer+QSight%22+OR+%22PerkinElmer+LC%22+OR+%22PerkinElmer+chromatography%22%29+AND+%28%222026%2F06%2F01%22%5BDate+-+Publication%5D+%3A+%222026%2F07%2F31%22%5BDate+-+Publication%5D%29,,,strict access failure,2026-08-02T19:44:20+00:00,fresh data/link_health.json,[]
https://pubmed.ncbi.nlm.nih.gov/?term=%28%22PerkinElmer+QSight%22+OR+%22PerkinElmer+LC%22+OR+%22PerkinElmer+chromatography%22%29+AND+%28%222026%2F06%2F02%22%5BDate+-+Publication%5D+%3A+%222026%2F08%2F01%22%5BDate+-+Publication%5D%29,Broken,403,https://pubmed.ncbi.nlm.nih.gov/?term=%28%22PerkinElmer+QSight%22+OR+%22PerkinElmer+LC%22+OR+%22PerkinElmer+chromatography%22%29+AND+%28%222026%2F06%2F02%22%5BDate+-+Publication%5D+%3A+%222026%2F08%2F01%22%5BDate+-+Publication%5D%29,,,strict access failure,2026-08-02T19:44:20+00:00,fresh data/link_health.json,[]
https://pubmed.ncbi.nlm.nih.gov/?term=%28%22PerkinElmer+QSight%22+OR+%22PerkinElmer+LC%22+OR+%22PerkinElmer+chromatography%22%29+AND+%28%222026%2F06%2F30%22%5BDate+-+Publication%5D+%3A+%222026%2F07%2F30%22%5BDate+-+Publication%5D%29,Broken,403,https://pubmed.ncbi.nlm.nih.gov/?term=%28%22PerkinElmer+QSight%22+OR+%22PerkinElmer+LC%22+OR+%22PerkinElmer+chromatography%22%29+AND+%28%222026%2F06%2F30%22%5BDate+-+Publication%5D+%3A+%222026%2F07%2F30%22%5BDate+-+Publication%5D%29,,,strict access failure,2026-08-02T19:44:20+00:00,fresh data/link_health.json,[]
https://pubmed.ncbi.nlm.nih.gov/?term=%28%22PerkinElmer+QSight%22+OR+%22PerkinElmer+LC%22+OR+%22PerkinElmer+chromatography%22%29+AND+%28%222026%2F07%2F01%22%5BDate+-+Publication%5D+%3A+%222026%2F07%2F31%22%5BDate+-+Publication%5D%29,Broken,403,https://pubmed.ncbi.nlm.nih.gov/?term=%28%22PerkinElmer+QSight%22+OR+%22PerkinElmer+LC%22+OR+%22PerkinElmer+chromatography%22%29+AND+%28%222026%2F07%2F01%22%5BDate+-+Publication%5D+%3A+%222026%2F07%2F31%22%5BDate+-+Publication%5D%29,,,strict access failure,2026-08-02T19:44:20+00:00,fresh data/link_health.json,[]
https://pubmed.ncbi.nlm.nih.gov/?term=%28%22PerkinElmer+QSight%22+OR+%22PerkinElmer+LC%22+OR+%22PerkinElmer+chromatography%22%29+AND+%28%222026%2F07%2F02%22%5BDate+-+Publication%5D+%3A+%222026%2F08%2F01%22%5BDate+-+Publication%5D%29,Broken,403,https://pubmed.ncbi.nlm.nih.gov/?term=%28%22PerkinElmer+QSight%22+OR+%22PerkinElmer+LC%22+OR+%22PerkinElmer+chromatography%22%29+AND+%28%222026%2F07%2F02%22%5BDate+-+Publication%5D+%3A+%222026%2F08%2F01%22%5BDate+-+Publication%5D%29,,,strict access failure,2026-08-02T19:44:20+00:00,fresh data/link_health.json,[]
https://pubmed.ncbi.nlm.nih.gov/?term=%28%22SCIEX%22+OR+%22ZenoTOF%22+OR+%22TripleTOF%22+OR+%22QTRAP%22+OR+%22Echo+MS%22%29+AND+%28%222021%2F07%2F31%22%5BDate+-+Publication%5D+%3A+%222026%2F07%2F30%22%5BDate+-+Publication%5D%29,Broken,403,https://pubmed.ncbi.nlm.nih.gov/?term=%28%22SCIEX%22+OR+%22ZenoTOF%22+OR+%22TripleTOF%22+OR+%22QTRAP%22+OR+%22Echo+MS%22%29+AND+%28%222021%2F07%2F31%22%5BDate+-+Publication%5D+%3A+%222026%2F07%2F30%22%5BDate+-+Publication%5D%29,,,strict access failure,2026-08-02T19:44:20+00:00,fresh data/link_health.json,[]
https://pubmed.ncbi.nlm.nih.gov/?term=%28%22SCIEX%22+OR+%22ZenoTOF%22+OR+%22TripleTOF%22+OR+%22QTRAP%22+OR+%22Echo+MS%22%29+AND+%28%222021%2F08%2F01%22%5BDate+-+Publication%5D+%3A+%222026%2F07%2F31%22%5BDate+-+Publication%5D%29,Broken,403,https://pubmed.ncbi.nlm.nih.gov/?term=%28%22SCIEX%22+OR+%22ZenoTOF%22+OR+%22TripleTOF%22+OR+%22QTRAP%22+OR+%22Echo+MS%22%29+AND+%28%222021%2F08%2F01%22%5BDate+-+Publication%5D+%3A+%222026%2F07%2F31%22%5BDate+-+Publication%5D%29,,,strict access failure,2026-08-02T19:44:20+00:00,fresh data/link_health.json,[]
https://pubmed.ncbi.nlm.nih.gov/?term=%28%22SCIEX%22+OR+%22ZenoTOF%22+OR+%22TripleTOF%22+OR+%22QTRAP%22+OR+%22Echo+MS%22%29+AND+%28%222021%2F08%2F02%22%5BDate+-+Publication%5D+%3A+%222026%2F08%2F01%22%5BDate+-+Publication%5D%29,Broken,403,https://pubmed.ncbi.nlm.nih.gov/?term=%28%22SCIEX%22+OR+%22ZenoTOF%22+OR+%22TripleTOF%22+OR+%22QTRAP%22+OR+%22Echo+MS%22%29+AND+%28%222021%2F08%2F02%22%5BDate+-+Publication%5D+%3A+%222026%2F08%2F01%22%5BDate+-+Publication%5D%29,,,strict access failure,2026-08-02T19:44:20+00:00,fresh data/link_health.json,[]
https://pubmed.ncbi.nlm.nih.gov/?term=%28%22SCIEX%22+OR+%22ZenoTOF%22+OR+%22TripleTOF%22+OR+%22QTRAP%22+OR+%22Echo+MS%22%29+AND+%28%222023%2F07%2F31%22%5BDate+-+Publication%5D+%3A+%222026%2F07%2F30%22%5BDate+-+Publication%5D%29,Broken,403,https://pubmed.ncbi.nlm.nih.gov/?term=%28%22SCIEX%22+OR+%22ZenoTOF%22+OR+%22TripleTOF%22+OR+%22QTRAP%22+OR+%22Echo+MS%22%29+AND+%28%222023%2F07%2F31%22%5BDate+-+Publication%5D+%3A+%222026%2F07%2F30%22%5BDate+-+Publication%5D%29,,,strict access failure,2026-08-02T19:44:20+00:00,fresh data/link_health.json,[]
https://pubmed.ncbi.nlm.nih.gov/?term=%28%22SCIEX%22+OR+%22ZenoTOF%22+OR+%22TripleTOF%22+OR+%22QTRAP%22+OR+%22Echo+MS%22%29+AND+%28%222023%2F08%2F01%22%5BDate+-+Publication%5D+%3A+%222026%2F07%2F31%22%5BDate+-+Publication%5D%29,Broken,403,https://pubmed.ncbi.nlm.nih.gov/?term=%28%22SCIEX%22+OR+%22ZenoTOF%22+OR+%22TripleTOF%22+OR+%22QTRAP%22+OR+%22Echo+MS%22%29+AND+%28%222023%2F08%2F01%22%5BDate+-+Publication%5D+%3A+%222026%2F07%2F31%22%5BDate+-+Publication%5D%29,,,strict access failure,2026-08-02T19:44:20+00:00,fresh data/link_health.json,[]
https://pubmed.ncbi.nlm.nih.gov/?term=%28%22SCIEX%22+OR+%22ZenoTOF%22+OR+%22TripleTOF%22+OR+%22QTRAP%22+OR+%22Echo+MS%22%29+AND+%28%222023%2F08%2F02%22%5BDate+-+Publication%5D+%3A+%222026%2F08%2F01%22%5BDate+-+Publication%5D%29,Broken,403,https://pubmed.ncbi.nlm.nih.gov/?term=%28%22SCIEX%22+OR+%22ZenoTOF%22+OR+%22TripleTOF%22+OR+%22QTRAP%22+OR+%22Echo+MS%22%29+AND+%28%222023%2F08%2F02%22%5BDate+-+Publication%5D+%3A+%222026%2F08%2F01%22%5BDate+-+Publication%5D%29,,,strict access failure,2026-08-02T19:44:20+00:00,fresh data/link_health.json,[]
https://pubmed.ncbi.nlm.nih.gov/?term=%28%22SCIEX%22+OR+%22ZenoTOF%22+OR+%22TripleTOF%22+OR+%22QTRAP%22+OR+%22Echo+MS%22%29+AND+%28%222025%2F07%2F30%22%5BDate+-+Publication%5D+%3A+%222026%2F07%2F30%22%5BDate+-+Publication%5D%29,Broken,403,https://pubmed.ncbi.nlm.nih.gov/?term=%28%22SCIEX%22+OR+%22ZenoTOF%22+OR+%22TripleTOF%22+OR+%22QTRAP%22+OR+%22Echo+MS%22%29+AND+%28%222025%2F07%2F30%22%5BDate+-+Publication%5D+%3A+%222026%2F07%2F30%22%5BDate+-+Publication%5D%29,,,strict access failure,2026-08-02T19:44:21+00:00,fresh data/link_health.json,[]
https://pubmed.ncbi.nlm.nih.gov/?term=%28%22SCIEX%22+OR+%22ZenoTOF%22+OR+%22TripleTOF%22+OR+%22QTRAP%22+OR+%22Echo+MS%22%29+AND+%28%222025%2F07%2F31%22%5BDate+-+Publication%5D+%3A+%222026%2F07%2F31%22%5BDate+-+Publication%5D%29,Broken,403,https://pubmed.ncbi.nlm.nih.gov/?term=%28%22SCIEX%22+OR+%22ZenoTOF%22+OR+%22TripleTOF%22+OR+%22QTRAP%22+OR+%22Echo+MS%22%29+AND+%28%222025%2F07%2F31%22%5BDate+-+Publication%5D+%3A+%222026%2F07%2F31%22%5BDate+-+Publication%5D%29,,,strict access failure,2026-08-02T19:44:21+00:00,fresh data/link_health.json,[]
https://pubmed.ncbi.nlm.nih.gov/?term=%28%22SCIEX%22+OR+%22ZenoTOF%22+OR+%22TripleTOF%22+OR+%22QTRAP%22+OR+%22Echo+MS%22%29+AND+%28%222025%2F08%2F01%22%5BDate+-+Publication%5D+%3A+%222026%2F08%2F01%22%5BDate+-+Publication%5D%29,Broken,403,https://pubmed.ncbi.nlm.nih.gov/?term=%28%22SCIEX%22+OR+%22ZenoTOF%22+OR+%22TripleTOF%22+OR+%22QTRAP%22+OR+%22Echo+MS%22%29+AND+%28%222025%2F08%2F01%22%5BDate+-+Publication%5D+%3A+%222026%2F08%2F01%22%5BDate+-+Publication%5D%29,,,strict access failure,2026-08-02T19:44:21+00:00,fresh data/link_health.json,[]
https://pubmed.ncbi.nlm.nih.gov/?term=%28%22SCIEX%22+OR+%22ZenoTOF%22+OR+%22TripleTOF%22+OR+%22QTRAP%22+OR+%22Echo+MS%22%29+AND+%28%222026%2F05%2F01%22%5BDate+-+Publication%5D+%3A+%222026%2F07%2F30%22%5BDate+-+Publication%5D%29,Broken,403,https://pubmed.ncbi.nlm.nih.gov/?term=%28%22SCIEX%22+OR+%22ZenoTOF%22+OR+%22TripleTOF%22+OR+%22QTRAP%22+OR+%22Echo+MS%22%29+AND+%28%222026%2F05%2F01%22%5BDate+-+Publication%5D+%3A+%222026%2F07%2F30%22%5BDate+-+Publication%5D%29,,,strict access failure,2026-08-02T19:44:21+00:00,fresh data/link_health.json,[]
https://pubmed.ncbi.nlm.nih.gov/?term=%28%22SCIEX%22+OR+%22ZenoTOF%22+OR+%22TripleTOF%22+OR+%22QTRAP%22+OR+%22Echo+MS%22%29+AND+%28%222026%2F05%2F02%22%5BDate+-+Publication%5D+%3A+%222026%2F07%2F31%22%5BDate+-+Publication%5D%29,Broken,403,https://pubmed.ncbi.nlm.nih.gov/?term=%28%22SCIEX%22+OR+%22ZenoTOF%22+OR+%22TripleTOF%22+OR+%22QTRAP%22+OR+%22Echo+MS%22%29+AND+%28%222026%2F05%2F02%22%5BDate+-+Publication%5D+%3A+%222026%2F07%2F31%22%5BDate+-+Publication%5D%29,,,strict access failure,2026-08-02T19:44:21+00:00,fresh data/link_health.json,[]
https://pubmed.ncbi.nlm.nih.gov/?term=%28%22SCIEX%22+OR+%22ZenoTOF%22+OR+%22TripleTOF%22+OR+%22QTRAP%22+OR+%22Echo+MS%22%29+AND+%28%222026%2F05%2F03%22%5BDate+-+Publication%5D+%3A+%222026%2F08%2F01%22%5BDate+-+Publication%5D%29,Broken,403,https://pubmed.ncbi.nlm.nih.gov/?term=%28%22SCIEX%22+OR+%22ZenoTOF%22+OR+%22TripleTOF%22+OR+%22QTRAP%22+OR+%22Echo+MS%22%29+AND+%28%222026%2F05%2F03%22%5BDate+-+Publication%5D+%3A+%222026%2F08%2F01%22%5BDate+-+Publication%5D%29,,,strict access failure,2026-08-02T19:44:21+00:00,fresh data/link_health.json,[]
https://pubmed.ncbi.nlm.nih.gov/?term=%28%22SCIEX%22+OR+%22ZenoTOF%22+OR+%22TripleTOF%22+OR+%22QTRAP%22+OR+%22Echo+MS%22%29+AND+%28%222026%2F05%2F31%22%5BDate+-+Publication%5D+%3A+%222026%2F07%2F30%22%5BDate+-+Publication%5D%29,Broken,403,https://pubmed.ncbi.nlm.nih.gov/?term=%28%22SCIEX%22+OR+%22ZenoTOF%22+OR+%22TripleTOF%22+OR+%22QTRAP%22+OR+%22Echo+MS%22%29+AND+%28%222026%2F05%2F31%22%5BDate+-+Publication%5D+%3A+%222026%2F07%2F30%22%5BDate+-+Publication%5D%29,,,strict access failure,2026-08-02T19:44:21+00:00,fresh data/link_health.json,[]
https://pubmed.ncbi.nlm.nih.gov/?term=%28%22SCIEX%22+OR+%22ZenoTOF%22+OR+%22TripleTOF%22+OR+%22QTRAP%22+OR+%22Echo+MS%22%29+AND+%28%222026%2F06%2F01%22%5BDate+-+Publication%5D+%3A+%222026%2F07%2F31%22%5BDate+-+Publication%5D%29,Broken,403,https://pubmed.ncbi.nlm.nih.gov/?term=%28%22SCIEX%22+OR+%22ZenoTOF%22+OR+%22TripleTOF%22+OR+%22QTRAP%22+OR+%22Echo+MS%22%29+AND+%28%222026%2F06%2F01%22%5BDate+-+Publication%5D+%3A+%222026%2F07%2F31%22%5BDate+-+Publication%5D%29,,,strict access failure,2026-08-02T19:44:21+00:00,fresh data/link_health.json,[]
https://pubmed.ncbi.nlm.nih.gov/?term=%28%22SCIEX%22+OR+%22ZenoTOF%22+OR+%22TripleTOF%22+OR+%22QTRAP%22+OR+%22Echo+MS%22%29+AND+%28%222026%2F06%2F02%22%5BDate+-+Publication%5D+%3A+%222026%2F08%2F01%22%5BDate+-+Publication%5D%29,Broken,403,https://pubmed.ncbi.nlm.nih.gov/?term=%28%22SCIEX%22+OR+%22ZenoTOF%22+OR+%22TripleTOF%22+OR+%22QTRAP%22+OR+%22Echo+MS%22%29+AND+%28%222026%2F06%2F02%22%5BDate+-+Publication%5D+%3A+%222026%2F08%2F01%22%5BDate+-+Publication%5D%29,,,strict access failure,2026-08-02T19:44:21+00:00,fresh data/link_health.json,[]
https://pubmed.ncbi.nlm.nih.gov/?term=%28%22SCIEX%22+OR+%22ZenoTOF%22+OR+%22TripleTOF%22+OR+%22QTRAP%22+OR+%22Echo+MS%22%29+AND+%28%222026%2F06%2F30%22%5BDate+-+Publication%5D+%3A+%222026%2F07%2F30%22%5BDate+-+Publication%5D%29,Broken,403,https://pubmed.ncbi.nlm.nih.gov/?term=%28%22SCIEX%22+OR+%22ZenoTOF%22+OR+%22TripleTOF%22+OR+%22QTRAP%22+OR+%22Echo+MS%22%29+AND+%28%222026%2F06%2F30%22%5BDate+-+Publication%5D+%3A+%222026%2F07%2F30%22%5BDate+-+Publication%5D%29,,,strict access failure,2026-08-02T19:44:21+00:00,fresh data/link_health.json,[]
https://pubmed.ncbi.nlm.nih.gov/?term=%28%22SCIEX%22+OR+%22ZenoTOF%22+OR+%22TripleTOF%22+OR+%22QTRAP%22+OR+%22Echo+MS%22%29+AND+%28%222026%2F07%2F01%22%5BDate+-+Publication%5D+%3A+%222026%2F07%2F31%22%5BDate+-+Publication%5D%29,Broken,403,https://pubmed.ncbi.nlm.nih.gov/?term=%28%22SCIEX%22+OR+%22ZenoTOF%22+OR+%22TripleTOF%22+OR+%22QTRAP%22+OR+%22Echo+MS%22%29+AND+%28%222026%2F07%2F01%22%5BDate+-+Publication%5D+%3A+%222026%2F07%2F31%22%5BDate+-+Publication%5D%29,,,strict access failure,2026-08-02T19:44:21+00:00,fresh data/link_health.json,[]
https://pubmed.ncbi.nlm.nih.gov/?term=%28%22SCIEX%22+OR+%22ZenoTOF%22+OR+%22TripleTOF%22+OR+%22QTRAP%22+OR+%22Echo+MS%22%29+AND+%28%222026%2F07%2F02%22%5BDate+-+Publication%5D+%3A+%222026%2F08%2F01%22%5BDate+-+Publication%5D%29,Broken,403,https://pubmed.ncbi.nlm.nih.gov/?term=%28%22SCIEX%22+OR+%22ZenoTOF%22+OR+%22TripleTOF%22+OR+%22QTRAP%22+OR+%22Echo+MS%22%29+AND+%28%222026%2F07%2F02%22%5BDate+-+Publication%5D+%3A+%222026%2F08%2F01%22%5BDate+-+Publication%5D%29,,,strict access failure,2026-08-02T19:44:21+00:00,fresh data/link_health.json,[]
https://pubmed.ncbi.nlm.nih.gov/?term=%28%22Shimadzu+LCMS%22+OR+%22Shimadzu+Nexera%22+OR+%22LCMS-8060%22+OR+%22LCMS-9030%22+OR+%22LCMS-9050%22%29+AND+%28%222021%2F07%2F31%22%5BDate+-+Publication%5D+%3A+%222026%2F07%2F30%22%5BDate+-+Publication%5D%29,Broken,403,https://pubmed.ncbi.nlm.nih.gov/?term=%28%22Shimadzu+LCMS%22+OR+%22Shimadzu+Nexera%22+OR+%22LCMS-8060%22+OR+%22LCMS-9030%22+OR+%22LCMS-9050%22%29+AND+%28%222021%2F07%2F31%22%5BDate+-+Publication%5D+%3A+%222026%2F07%2F30%22%5BDate+-+Publication%5D%29,,,strict access failure,2026-08-02T19:44:21+00:00,fresh data/link_health.json,[]
https://pubmed.ncbi.nlm.nih.gov/?term=%28%22Shimadzu+LCMS%22+OR+%22Shimadzu+Nexera%22+OR+%22LCMS-8060%22+OR+%22LCMS-9030%22+OR+%22LCMS-9050%22%29+AND+%28%222021%2F08%2F01%22%5BDate+-+Publication%5D+%3A+%222026%2F07%2F31%22%5BDate+-+Publication%5D%29,Broken,403,https://pubmed.ncbi.nlm.nih.gov/?term=%28%22Shimadzu+LCMS%22+OR+%22Shimadzu+Nexera%22+OR+%22LCMS-8060%22+OR+%22LCMS-9030%22+OR+%22LCMS-9050%22%29+AND+%28%222021%2F08%2F01%22%5BDate+-+Publication%5D+%3A+%222026%2F07%2F31%22%5BDate+-+Publication%5D%29,,,strict access failure,2026-08-02T19:44:21+00:00,fresh data/link_health.json,[]
https://pubmed.ncbi.nlm.nih.gov/?term=%28%22Shimadzu+LCMS%22+OR+%22Shimadzu+Nexera%22+OR+%22LCMS-8060%22+OR+%22LCMS-9030%22+OR+%22LCMS-9050%22%29+AND+%28%222021%2F08%2F02%22%5BDate+-+Publication%5D+%3A+%222026%2F08%2F01%22%5BDate+-+Publication%5D%29,Broken,403,https://pubmed.ncbi.nlm.nih.gov/?term=%28%22Shimadzu+LCMS%22+OR+%22Shimadzu+Nexera%22+OR+%22LCMS-8060%22+OR+%22LCMS-9030%22+OR+%22LCMS-9050%22%29+AND+%28%222021%2F08%2F02%22%5BDate+-+Publication%5D+%3A+%222026%2F08%2F01%22%5BDate+-+Publication%5D%29,,,strict access failure,2026-08-02T19:44:21+00:00,fresh data/link_health.json,[]
https://pubmed.ncbi.nlm.nih.gov/?term=%28%22Shimadzu+LCMS%22+OR+%22Shimadzu+Nexera%22+OR+%22LCMS-8060%22+OR+%22LCMS-9030%22+OR+%22LCMS-9050%22%29+AND+%28%222023%2F07%2F31%22%5BDate+-+Publication%5D+%3A+%222026%2F07%2F30%22%5BDate+-+Publication%5D%29,Broken,403,https://pubmed.ncbi.nlm.nih.gov/?term=%28%22Shimadzu+LCMS%22+OR+%22Shimadzu+Nexera%22+OR+%22LCMS-8060%22+OR+%22LCMS-9030%22+OR+%22LCMS-9050%22%29+AND+%28%222023%2F07%2F31%22%5BDate+-+Publication%5D+%3A+%222026%2F07%2F30%22%5BDate+-+Publication%5D%29,,,strict access failure,2026-08-02T19:44:21+00:00,fresh data/link_health.json,[]
https://pubmed.ncbi.nlm.nih.gov/?term=%28%22Shimadzu+LCMS%22+OR+%22Shimadzu+Nexera%22+OR+%22LCMS-8060%22+OR+%22LCMS-9030%22+OR+%22LCMS-9050%22%29+AND+%28%222023%2F08%2F01%22%5BDate+-+Publication%5D+%3A+%222026%2F07%2F31%22%5BDate+-+Publication%5D%29,Broken,403,https://pubmed.ncbi.nlm.nih.gov/?term=%28%22Shimadzu+LCMS%22+OR+%22Shimadzu+Nexera%22+OR+%22LCMS-8060%22+OR+%22LCMS-9030%22+OR+%22LCMS-9050%22%29+AND+%28%222023%2F08%2F01%22%5BDate+-+Publication%5D+%3A+%222026%2F07%2F31%22%5BDate+-+Publication%5D%29,,,strict access failure,2026-08-02T19:44:22+00:00,fresh data/link_health.json,[]
https://pubmed.ncbi.nlm.nih.gov/?term=%28%22Shimadzu+LCMS%22+OR+%22Shimadzu+Nexera%22+OR+%22LCMS-8060%22+OR+%22LCMS-9030%22+OR+%22LCMS-9050%22%29+AND+%28%222023%2F08%2F02%22%5BDate+-+Publication%5D+%3A+%222026%2F08%2F01%22%5BDate+-+Publication%5D%29,Broken,403,https://pubmed.ncbi.nlm.nih.gov/?term=%28%22Shimadzu+LCMS%22+OR+%22Shimadzu+Nexera%22+OR+%22LCMS-8060%22+OR+%22LCMS-9030%22+OR+%22LCMS-9050%22%29+AND+%28%222023%2F08%2F02%22%5BDate+-+Publication%5D+%3A+%222026%2F08%2F01%22%5BDate+-+Publication%5D%29,,,strict access failure,2026-08-02T19:44:22+00:00,fresh data/link_health.json,[]
https://pubmed.ncbi.nlm.nih.gov/?term=%28%22Shimadzu+LCMS%22+OR+%22Shimadzu+Nexera%22+OR+%22LCMS-8060%22+OR+%22LCMS-9030%22+OR+%22LCMS-9050%22%29+AND+%28%222025%2F07%2F30%22%5BDate+-+Publication%5D+%3A+%222026%2F07%2F30%22%5BDate+-+Publication%5D%29,Broken,403,https://pubmed.ncbi.nlm.nih.gov/?term=%28%22Shimadzu+LCMS%22+OR+%22Shimadzu+Nexera%22+OR+%22LCMS-8060%22+OR+%22LCMS-9030%22+OR+%22LCMS-9050%22%29+AND+%28%222025%2F07%2F30%22%5BDate+-+Publication%5D+%3A+%222026%2F07%2F30%22%5BDate+-+Publication%5D%29,,,strict access failure,2026-08-02T19:44:22+00:00,fresh data/link_health.json,[]
https://pubmed.ncbi.nlm.nih.gov/?term=%28%22Shimadzu+LCMS%22+OR+%22Shimadzu+Nexera%22+OR+%22LCMS-8060%22+OR+%22LCMS-9030%22+OR+%22LCMS-9050%22%29+AND+%28%222025%2F07%2F31%22%5BDate+-+Publication%5D+%3A+%222026%2F07%2F31%22%5BDate+-+Publication%5D%29,Broken,403,https://pubmed.ncbi.nlm.nih.gov/?term=%28%22Shimadzu+LCMS%22+OR+%22Shimadzu+Nexera%22+OR+%22LCMS-8060%22+OR+%22LCMS-9030%22+OR+%22LCMS-9050%22%29+AND+%28%222025%2F07%2F31%22%5BDate+-+Publication%5D+%3A+%222026%2F07%2F31%22%5BDate+-+Publication%5D%29,,,strict access failure,2026-08-02T19:44:22+00:00,fresh data/link_health.json,[]
https://pubmed.ncbi.nlm.nih.gov/?term=%28%22Shimadzu+LCMS%22+OR+%22Shimadzu+Nexera%22+OR+%22LCMS-8060%22+OR+%22LCMS-9030%22+OR+%22LCMS-9050%22%29+AND+%28%222025%2F08%2F01%22%5BDate+-+Publication%5D+%3A+%222026%2F08%2F01%22%5BDate+-+Publication%5D%29,Broken,403,https://pubmed.ncbi.nlm.nih.gov/?term=%28%22Shimadzu+LCMS%22+OR+%22Shimadzu+Nexera%22+OR+%22LCMS-8060%22+OR+%22LCMS-9030%22+OR+%22LCMS-9050%22%29+AND+%28%222025%2F08%2F01%22%5BDate+-+Publication%5D+%3A+%222026%2F08%2F01%22%5BDate+-+Publication%5D%29,,,strict access failure,2026-08-02T19:44:22+00:00,fresh data/link_health.json,[]
https://pubmed.ncbi.nlm.nih.gov/?term=%28%22Shimadzu+LCMS%22+OR+%22Shimadzu+Nexera%22+OR+%22LCMS-8060%22+OR+%22LCMS-9030%22+OR+%22LCMS-9050%22%29+AND+%28%222026%2F05%2F01%22%5BDate+-+Publication%5D+%3A+%222026%2F07%2F30%22%5BDate+-+Publication%5D%29,Broken,403,https://pubmed.ncbi.nlm.nih.gov/?term=%28%22Shimadzu+LCMS%22+OR+%22Shimadzu+Nexera%22+OR+%22LCMS-8060%22+OR+%22LCMS-9030%22+OR+%22LCMS-9050%22%29+AND+%28%222026%2F05%2F01%22%5BDate+-+Publication%5D+%3A+%222026%2F07%2F30%22%5BDate+-+Publication%5D%29,,,strict access failure,2026-08-02T19:44:22+00:00,fresh data/link_health.json,[]
https://pubmed.ncbi.nlm.nih.gov/?term=%28%22Shimadzu+LCMS%22+OR+%22Shimadzu+Nexera%22+OR+%22LCMS-8060%22+OR+%22LCMS-9030%22+OR+%22LCMS-9050%22%29+AND+%28%222026%2F05%2F02%22%5BDate+-+Publication%5D+%3A+%222026%2F07%2F31%22%5BDate+-+Publication%5D%29,Broken,403,https://pubmed.ncbi.nlm.nih.gov/?term=%28%22Shimadzu+LCMS%22+OR+%22Shimadzu+Nexera%22+OR+%22LCMS-8060%22+OR+%22LCMS-9030%22+OR+%22LCMS-9050%22%29+AND+%28%222026%2F05%2F02%22%5BDate+-+Publication%5D+%3A+%222026%2F07%2F31%22%5BDate+-+Publication%5D%29,,,strict access failure,2026-08-02T19:44:22+00:00,fresh data/link_health.json,[]
https://pubmed.ncbi.nlm.nih.gov/?term=%28%22Shimadzu+LCMS%22+OR+%22Shimadzu+Nexera%22+OR+%22LCMS-8060%22+OR+%22LCMS-9030%22+OR+%22LCMS-9050%22%29+AND+%28%222026%2F05%2F03%22%5BDate+-+Publication%5D+%3A+%222026%2F08%2F01%22%5BDate+-+Publication%5D%29,Broken,403,https://pubmed.ncbi.nlm.nih.gov/?term=%28%22Shimadzu+LCMS%22+OR+%22Shimadzu+Nexera%22+OR+%22LCMS-8060%22+OR+%22LCMS-9030%22+OR+%22LCMS-9050%22%29+AND+%28%222026%2F05%2F03%22%5BDate+-+Publication%5D+%3A+%222026%2F08%2F01%22%5BDate+-+Publication%5D%29,,,strict access failure,2026-08-02T19:44:22+00:00,fresh data/link_health.json,[]
https://pubmed.ncbi.nlm.nih.gov/?term=%28%22Shimadzu+LCMS%22+OR+%22Shimadzu+Nexera%22+OR+%22LCMS-8060%22+OR+%22LCMS-9030%22+OR+%22LCMS-9050%22%29+AND+%28%222026%2F05%2F31%22%5BDate+-+Publication%5D+%3A+%222026%2F07%2F30%22%5BDate+-+Publication%5D%29,Broken,403,https://pubmed.ncbi.nlm.nih.gov/?term=%28%22Shimadzu+LCMS%22+OR+%22Shimadzu+Nexera%22+OR+%22LCMS-8060%22+OR+%22LCMS-9030%22+OR+%22LCMS-9050%22%29+AND+%28%222026%2F05%2F31%22%5BDate+-+Publication%5D+%3A+%222026%2F07%2F30%22%5BDate+-+Publication%5D%29,,,strict access failure,2026-08-02T19:44:22+00:00,fresh data/link_health.json,[]
https://pubmed.ncbi.nlm.nih.gov/?term=%28%22Shimadzu+LCMS%22+OR+%22Shimadzu+Nexera%22+OR+%22LCMS-8060%22+OR+%22LCMS-9030%22+OR+%22LCMS-9050%22%29+AND+%28%222026%2F06%2F01%22%5BDate+-+Publication%5D+%3A+%222026%2F07%2F31%22%5BDate+-+Publication%5D%29,Broken,403,https://pubmed.ncbi.nlm.nih.gov/?term=%28%22Shimadzu+LCMS%22+OR+%22Shimadzu+Nexera%22+OR+%22LCMS-8060%22+OR+%22LCMS-9030%22+OR+%22LCMS-9050%22%29+AND+%28%222026%2F06%2F01%22%5BDate+-+Publication%5D+%3A+%222026%2F07%2F31%22%5BDate+-+Publication%5D%29,,,strict access failure,2026-08-02T19:44:22+00:00,fresh data/link_health.json,[]
https://pubmed.ncbi.nlm.nih.gov/?term=%28%22Shimadzu+LCMS%22+OR+%22Shimadzu+Nexera%22+OR+%22LCMS-8060%22+OR+%22LCMS-9030%22+OR+%22LCMS-9050%22%29+AND+%28%222026%2F06%2F02%22%5BDate+-+Publication%5D+%3A+%222026%2F08%2F01%22%5BDate+-+Publication%5D%29,Broken,403,https://pubmed.ncbi.nlm.nih.gov/?term=%28%22Shimadzu+LCMS%22+OR+%22Shimadzu+Nexera%22+OR+%22LCMS-8060%22+OR+%22LCMS-9030%22+OR+%22LCMS-9050%22%29+AND+%28%222026%2F06%2F02%22%5BDate+-+Publication%5D+%3A+%222026%2F08%2F01%22%5BDate+-+Publication%5D%29,,,strict access failure,2026-08-02T19:44:22+00:00,fresh data/link_health.json,[]
https://pubmed.ncbi.nlm.nih.gov/?term=%28%22Shimadzu+LCMS%22+OR+%22Shimadzu+Nexera%22+OR+%22LCMS-8060%22+OR+%22LCMS-9030%22+OR+%22LCMS-9050%22%29+AND+%28%222026%2F06%2F30%22%5BDate+-+Publication%5D+%3A+%222026%2F07%2F30%22%5BDate+-+Publication%5D%29,Broken,403,https://pubmed.ncbi.nlm.nih.gov/?term=%28%22Shimadzu+LCMS%22+OR+%22Shimadzu+Nexera%22+OR+%22LCMS-8060%22+OR+%22LCMS-9030%22+OR+%22LCMS-9050%22%29+AND+%28%222026%2F06%2F30%22%5BDate+-+Publication%5D+%3A+%222026%2F07%2F30%22%5BDate+-+Publication%5D%29,,,strict access failure,2026-08-02T19:44:22+00:00,fresh data/link_health.json,[]
https://pubmed.ncbi.nlm.nih.gov/?term=%28%22Shimadzu+LCMS%22+OR+%22Shimadzu+Nexera%22+OR+%22LCMS-8060%22+OR+%22LCMS-9030%22+OR+%22LCMS-9050%22%29+AND+%28%222026%2F07%2F01%22%5BDate+-+Publication%5D+%3A+%222026%2F07%2F31%22%5BDate+-+Publication%5D%29,Broken,403,https://pubmed.ncbi.nlm.nih.gov/?term=%28%22Shimadzu+LCMS%22+OR+%22Shimadzu+Nexera%22+OR+%22LCMS-8060%22+OR+%22LCMS-9030%22+OR+%22LCMS-9050%22%29+AND+%28%222026%2F07%2F01%22%5BDate+-+Publication%5D+%3A+%222026%2F07%2F31%22%5BDate+-+Publication%5D%29,,,strict access failure,2026-08-02T19:44:22+00:00,fresh data/link_health.json,[]
https://pubmed.ncbi.nlm.nih.gov/?term=%28%22Shimadzu+LCMS%22+OR+%22Shimadzu+Nexera%22+OR+%22LCMS-8060%22+OR+%22LCMS-9030%22+OR+%22LCMS-9050%22%29+AND+%28%222026%2F07%2F02%22%5BDate+-+Publication%5D+%3A+%222026%2F08%2F01%22%5BDate+-+Publication%5D%29,Broken,403,https://pubmed.ncbi.nlm.nih.gov/?term=%28%22Shimadzu+LCMS%22+OR+%22Shimadzu+Nexera%22+OR+%22LCMS-8060%22+OR+%22LCMS-9030%22+OR+%22LCMS-9050%22%29+AND+%28%222026%2F07%2F02%22%5BDate+-+Publication%5D+%3A+%222026%2F08%2F01%22%5BDate+-+Publication%5D%29,,,strict access failure,2026-08-02T19:44:22+00:00,fresh data/link_health.json,[]
https://pubmed.ncbi.nlm.nih.gov/?term=%28%28%22laboratory+automation%22+OR+%22workflow+software%22+OR+%22AI%22%29+AND+%28%22LC-MS%22+OR+chromatography+OR+%22mass+spectrometry%22%29%29+AND+%28%222021%2F07%2F31%22%5BDate+-+Publication%5D+%3A+%222026%2F07%2F30%22%5BDate+-+Publication%5D%29,Broken,403,https://pubmed.ncbi.nlm.nih.gov/?term=%28%28%22laboratory+automation%22+OR+%22workflow+software%22+OR+%22AI%22%29+AND+%28%22LC-MS%22+OR+chromatography+OR+%22mass+spectrometry%22%29%29+AND+%28%222021%2F07%2F31%22%5BDate+-+Publication%5D+%3A+%222026%2F07%2F30%22%5BDate+-+Publication%5D%29,,,strict access failure,2026-08-02T19:44:22+00:00,fresh data/link_health.json,[]
https://pubmed.ncbi.nlm.nih.gov/?term=%28%28%22laboratory+automation%22+OR+%22workflow+software%22+OR+%22AI%22%29+AND+%28%22LC-MS%22+OR+chromatography+OR+%22mass+spectrometry%22%29%29+AND+%28%222021%2F08%2F01%22%5BDate+-+Publication%5D+%3A+%222026%2F07%2F31%22%5BDate+-+Publication%5D%29,Broken,403,https://pubmed.ncbi.nlm.nih.gov/?term=%28%28%22laboratory+automation%22+OR+%22workflow+software%22+OR+%22AI%22%29+AND+%28%22LC-MS%22+OR+chromatography+OR+%22mass+spectrometry%22%29%29+AND+%28%222021%2F08%2F01%22%5BDate+-+Publication%5D+%3A+%222026%2F07%2F31%22%5BDate+-+Publication%5D%29,,,strict access failure,2026-08-02T19:44:22+00:00,fresh data/link_health.json,[]
https://pubmed.ncbi.nlm.nih.gov/?term=%28%28%22laboratory+automation%22+OR+%22workflow+software%22+OR+%22AI%22%29+AND+%28%22LC-MS%22+OR+chromatography+OR+%22mass+spectrometry%22%29%29+AND+%28%222021%2F08%2F02%22%5BDate+-+Publication%5D+%3A+%222026%2F08%2F01%22%5BDate+-+Publication%5D%29,Broken,403,https://pubmed.ncbi.nlm.nih.gov/?term=%28%28%22laboratory+automation%22+OR+%22workflow+software%22+OR+%22AI%22%29+AND+%28%22LC-MS%22+OR+chromatography+OR+%22mass+spectrometry%22%29%29+AND+%28%222021%2F08%2F02%22%5BDate+-+Publication%5D+%3A+%222026%2F08%2F01%22%5BDate+-+Publication%5D%29,,,strict access failure,2026-08-02T19:44:22+00:00,fresh data/link_health.json,[]
https://pubmed.ncbi.nlm.nih.gov/?term=%28%28%22laboratory+automation%22+OR+%22workflow+software%22+OR+%22AI%22%29+AND+%28%22LC-MS%22+OR+chromatography+OR+%22mass+spectrometry%22%29%29+AND+%28%222023%2F07%2F31%22%5BDate+-+Publication%5D+%3A+%222026%2F07%2F30%22%5BDate+-+Publication%5D%29,Broken,403,https://pubmed.ncbi.nlm.nih.gov/?term=%28%28%22laboratory+automation%22+OR+%22workflow+software%22+OR+%22AI%22%29+AND+%28%22LC-MS%22+OR+chromatography+OR+%22mass+spectrometry%22%29%29+AND+%28%222023%2F07%2F31%22%5BDate+-+Publication%5D+%3A+%222026%2F07%2F30%22%5BDate+-+Publication%5D%29,,,strict access failure,2026-08-02T19:44:22+00:00,fresh data/link_health.json,[]
https://pubmed.ncbi.nlm.nih.gov/?term=%28%28%22laboratory+automation%22+OR+%22workflow+software%22+OR+%22AI%22%29+AND+%28%22LC-MS%22+OR+chromatography+OR+%22mass+spectrometry%22%29%29+AND+%28%222023%2F08%2F01%22%5BDate+-+Publication%5D+%3A+%222026%2F07%2F31%22%5BDate+-+Publication%5D%29,Broken,403,https://pubmed.ncbi.nlm.nih.gov/?term=%28%28%22laboratory+automation%22+OR+%22workflow+software%22+OR+%22AI%22%29+AND+%28%22LC-MS%22+OR+chromatography+OR+%22mass+spectrometry%22%29%29+AND+%28%222023%2F08%2F01%22%5BDate+-+Publication%5D+%3A+%222026%2F07%2F31%22%5BDate+-+Publication%5D%29,,,strict access failure,2026-08-02T19:44:22+00:00,fresh data/link_health.json,[]
https://pubmed.ncbi.nlm.nih.gov/?term=%28%28%22laboratory+automation%22+OR+%22workflow+software%22+OR+%22AI%22%29+AND+%28%22LC-MS%22+OR+chromatography+OR+%22mass+spectrometry%22%29%29+AND+%28%222023%2F08%2F02%22%5BDate+-+Publication%5D+%3A+%222026%2F08%2F01%22%5BDate+-+Publication%5D%29,Broken,403,https://pubmed.ncbi.nlm.nih.gov/?term=%28%28%22laboratory+automation%22+OR+%22workflow+software%22+OR+%22AI%22%29+AND+%28%22LC-MS%22+OR+chromatography+OR+%22mass+spectrometry%22%29%29+AND+%28%222023%2F08%2F02%22%5BDate+-+Publication%5D+%3A+%222026%2F08%2F01%22%5BDate+-+Publication%5D%29,,,strict access failure,2026-08-02T19:44:22+00:00,fresh data/link_health.json,[]
https://pubmed.ncbi.nlm.nih.gov/?term=%28%28%22laboratory+automation%22+OR+%22workflow+software%22+OR+%22AI%22%29+AND+%28%22LC-MS%22+OR+chromatography+OR+%22mass+spectrometry%22%29%29+AND+%28%222025%2F07%2F30%22%5BDate+-+Publication%5D+%3A+%222026%2F07%2F30%22%5BDate+-+Publication%5D%29,Broken,403,https://pubmed.ncbi.nlm.nih.gov/?term=%28%28%22laboratory+automation%22+OR+%22workflow+software%22+OR+%22AI%22%29+AND+%28%22LC-MS%22+OR+chromatography+OR+%22mass+spectrometry%22%29%29+AND+%28%222025%2F07%2F30%22%5BDate+-+Publication%5D+%3A+%222026%2F07%2F30%22%5BDate+-+Publication%5D%29,,,strict access failure,2026-08-02T19:44:22+00:00,fresh data/link_health.json,[]
https://pubmed.ncbi.nlm.nih.gov/?term=%28%28%22laboratory+automation%22+OR+%22workflow+software%22+OR+%22AI%22%29+AND+%28%22LC-MS%22+OR+chromatography+OR+%22mass+spectrometry%22%29%29+AND+%28%222025%2F07%2F31%22%5BDate+-+Publication%5D+%3A+%222026%2F07%2F31%22%5BDate+-+Publication%5D%29,Broken,403,https://pubmed.ncbi.nlm.nih.gov/?term=%28%28%22laboratory+automation%22+OR+%22workflow+software%22+OR+%22AI%22%29+AND+%28%22LC-MS%22+OR+chromatography+OR+%22mass+spectrometry%22%29%29+AND+%28%222025%2F07%2F31%22%5BDate+-+Publication%5D+%3A+%222026%2F07%2F31%22%5BDate+-+Publication%5D%29,,,strict access failure,2026-08-02T19:44:22+00:00,fresh data/link_health.json,[]
https://pubmed.ncbi.nlm.nih.gov/?term=%28%28%22laboratory+automation%22+OR+%22workflow+software%22+OR+%22AI%22%29+AND+%28%22LC-MS%22+OR+chromatography+OR+%22mass+spectrometry%22%29%29+AND+%28%222025%2F08%2F01%22%5BDate+-+Publication%5D+%3A+%222026%2F08%2F01%22%5BDate+-+Publication%5D%29,Broken,403,https://pubmed.ncbi.nlm.nih.gov/?term=%28%28%22laboratory+automation%22+OR+%22workflow+software%22+OR+%22AI%22%29+AND+%28%22LC-MS%22+OR+chromatography+OR+%22mass+spectrometry%22%29%29+AND+%28%222025%2F08%2F01%22%5BDate+-+Publication%5D+%3A+%222026%2F08%2F01%22%5BDate+-+Publication%5D%29,,,strict access failure,2026-08-02T19:44:22+00:00,fresh data/link_health.json,[]
https://pubmed.ncbi.nlm.nih.gov/?term=%28%28%22laboratory+automation%22+OR+%22workflow+software%22+OR+%22AI%22%29+AND+%28%22LC-MS%22+OR+chromatography+OR+%22mass+spectrometry%22%29%29+AND+%28%222026%2F05%2F01%22%5BDate+-+Publication%5D+%3A+%222026%2F07%2F30%22%5BDate+-+Publication%5D%29,Broken,403,https://pubmed.ncbi.nlm.nih.gov/?term=%28%28%22laboratory+automation%22+OR+%22workflow+software%22+OR+%22AI%22%29+AND+%28%22LC-MS%22+OR+chromatography+OR+%22mass+spectrometry%22%29%29+AND+%28%222026%2F05%2F01%22%5BDate+-+Publication%5D+%3A+%222026%2F07%2F30%22%5BDate+-+Publication%5D%29,,,strict access failure,2026-08-02T19:44:22+00:00,fresh data/link_health.json,[]
https://pubmed.ncbi.nlm.nih.gov/?term=%28%28%22laboratory+automation%22+OR+%22workflow+software%22+OR+%22AI%22%29+AND+%28%22LC-MS%22+OR+chromatography+OR+%22mass+spectrometry%22%29%29+AND+%28%222026%2F05%2F02%22%5BDate+-+Publication%5D+%3A+%222026%2F07%2F31%22%5BDate+-+Publication%5D%29,Broken,403,https://pubmed.ncbi.nlm.nih.gov/?term=%28%28%22laboratory+automation%22+OR+%22workflow+software%22+OR+%22AI%22%29+AND+%28%22LC-MS%22+OR+chromatography+OR+%22mass+spectrometry%22%29%29+AND+%28%222026%2F05%2F02%22%5BDate+-+Publication%5D+%3A+%222026%2F07%2F31%22%5BDate+-+Publication%5D%29,,,strict access failure,2026-08-02T19:44:22+00:00,fresh data/link_health.json,[]
https://pubmed.ncbi.nlm.nih.gov/?term=%28%28%22laboratory+automation%22+OR+%22workflow+software%22+OR+%22AI%22%29+AND+%28%22LC-MS%22+OR+chromatography+OR+%22mass+spectrometry%22%29%29+AND+%28%222026%2F05%2F03%22%5BDate+-+Publication%5D+%3A+%222026%2F08%2F01%22%5BDate+-+Publication%5D%29,Broken,403,https://pubmed.ncbi.nlm.nih.gov/?term=%28%28%22laboratory+automation%22+OR+%22workflow+software%22+OR+%22AI%22%29+AND+%28%22LC-MS%22+OR+chromatography+OR+%22mass+spectrometry%22%29%29+AND+%28%222026%2F05%2F03%22%5BDate+-+Publication%5D+%3A+%222026%2F08%2F01%22%5BDate+-+Publication%5D%29,,,strict access failure,2026-08-02T19:44:22+00:00,fresh data/link_health.json,[]
https://pubmed.ncbi.nlm.nih.gov/?term=%28%28%22laboratory+automation%22+OR+%22workflow+software%22+OR+%22AI%22%29+AND+%28%22LC-MS%22+OR+chromatography+OR+%22mass+spectrometry%22%29%29+AND+%28%222026%2F05%2F31%22%5BDate+-+Publication%5D+%3A+%222026%2F07%2F30%22%5BDate+-+Publication%5D%29,Broken,403,https://pubmed.ncbi.nlm.nih.gov/?term=%28%28%22laboratory+automation%22+OR+%22workflow+software%22+OR+%22AI%22%29+AND+%28%22LC-MS%22+OR+chromatography+OR+%22mass+spectrometry%22%29%29+AND+%28%222026%2F05%2F31%22%5BDate+-+Publication%5D+%3A+%222026%2F07%2F30%22%5BDate+-+Publication%5D%29,,,strict access failure,2026-08-02T19:44:22+00:00,fresh data/link_health.json,[]
https://pubmed.ncbi.nlm.nih.gov/?term=%28%28%22laboratory+automation%22+OR+%22workflow+software%22+OR+%22AI%22%29+AND+%28%22LC-MS%22+OR+chromatography+OR+%22mass+spectrometry%22%29%29+AND+%28%222026%2F06%2F01%22%5BDate+-+Publication%5D+%3A+%222026%2F07%2F31%22%5BDate+-+Publication%5D%29,Broken,403,https://pubmed.ncbi.nlm.nih.gov/?term=%28%28%22laboratory+automation%22+OR+%22workflow+software%22+OR+%22AI%22%29+AND+%28%22LC-MS%22+OR+chromatography+OR+%22mass+spectrometry%22%29%29+AND+%28%222026%2F06%2F01%22%5BDate+-+Publication%5D+%3A+%222026%2F07%2F31%22%5BDate+-+Publication%5D%29,,,strict access failure,2026-08-02T19:44:22+00:00,fresh data/link_health.json,[]
https://pubmed.ncbi.nlm.nih.gov/?term=%28%28%22laboratory+automation%22+OR+%22workflow+software%22+OR+%22AI%22%29+AND+%28%22LC-MS%22+OR+chromatography+OR+%22mass+spectrometry%22%29%29+AND+%28%222026%2F06%2F02%22%5BDate+-+Publication%5D+%3A+%222026%2F08%2F01%22%5BDate+-+Publication%5D%29,Broken,403,https://pubmed.ncbi.nlm.nih.gov/?term=%28%28%22laboratory+automation%22+OR+%22workflow+software%22+OR+%22AI%22%29+AND+%28%22LC-MS%22+OR+chromatography+OR+%22mass+spectrometry%22%29%29+AND+%28%222026%2F06%2F02%22%5BDate+-+Publication%5D+%3A+%222026%2F08%2F01%22%5BDate+-+Publication%5D%29,,,strict access failure,2026-08-02T19:44:23+00:00,fresh data/link_health.json,[]
https://pubmed.ncbi.nlm.nih.gov/?term=%28%28%22laboratory+automation%22+OR+%22workflow+software%22+OR+%22AI%22%29+AND+%28%22LC-MS%22+OR+chromatography+OR+%22mass+spectrometry%22%29%29+AND+%28%222026%2F06%2F30%22%5BDate+-+Publication%5D+%3A+%222026%2F07%2F30%22%5BDate+-+Publication%5D%29,Broken,403,https://pubmed.ncbi.nlm.nih.gov/?term=%28%28%22laboratory+automation%22+OR+%22workflow+software%22+OR+%22AI%22%29+AND+%28%22LC-MS%22+OR+chromatography+OR+%22mass+spectrometry%22%29%29+AND+%28%222026%2F06%2F30%22%5BDate+-+Publication%5D+%3A+%222026%2F07%2F30%22%5BDate+-+Publication%5D%29,,,strict access failure,2026-08-02T19:44:23+00:00,fresh data/link_health.json,[]
https://pubmed.ncbi.nlm.nih.gov/?term=%28%28%22laboratory+automation%22+OR+%22workflow+software%22+OR+%22AI%22%29+AND+%28%22LC-MS%22+OR+chromatography+OR+%22mass+spectrometry%22%29%29+AND+%28%222026%2F07%2F01%22%5BDate+-+Publication%5D+%3A+%222026%2F07%2F31%22%5BDate+-+Publication%5D%29,Broken,403,https://pubmed.ncbi.nlm.nih.gov/?term=%28%28%22laboratory+automation%22+OR+%22workflow+software%22+OR+%22AI%22%29+AND+%28%22LC-MS%22+OR+chromatography+OR+%22mass+spectrometry%22%29%29+AND+%28%222026%2F07%2F01%22%5BDate+-+Publication%5D+%3A+%222026%2F07%2F31%22%5BDate+-+Publication%5D%29,,,strict access failure,2026-08-02T19:44:23+00:00,fresh data/link_health.json,[]
https://pubmed.ncbi.nlm.nih.gov/?term=%28%28%22laboratory+automation%22+OR+%22workflow+software%22+OR+%22AI%22%29+AND+%28%22LC-MS%22+OR+chromatography+OR+%22mass+spectrometry%22%29%29+AND+%28%222026%2F07%2F02%22%5BDate+-+Publication%5D+%3A+%222026%2F08%2F01%22%5BDate+-+Publication%5D%29,Broken,403,https://pubmed.ncbi.nlm.nih.gov/?term=%28%28%22laboratory+automation%22+OR+%22workflow+software%22+OR+%22AI%22%29+AND+%28%22LC-MS%22+OR+chromatography+OR+%22mass+spectrometry%22%29%29+AND+%28%222026%2F07%2F02%22%5BDate+-+Publication%5D+%3A+%222026%2F08%2F01%22%5BDate+-+Publication%5D%29,,,strict access failure,2026-08-02T19:44:23+00:00,fresh data/link_health.json,[]
https://pubmed.ncbi.nlm.nih.gov/?term=%28%28%22lipid+nanoparticle%22+OR+LNP+OR+%22RNA+therapeutics%22+OR+mRNA%29+AND+%28%22LC-MS%22+OR+chromatography+OR+%22mass+spectrometry%22%29%29+AND+%28%222021%2F07%2F31%22%5BDate+-+Publication%5D+%3A+%222026%2F07%2F30%22%5BDate+-+Publication%5D%29,Broken,403,https://pubmed.ncbi.nlm.nih.gov/?term=%28%28%22lipid+nanoparticle%22+OR+LNP+OR+%22RNA+therapeutics%22+OR+mRNA%29+AND+%28%22LC-MS%22+OR+chromatography+OR+%22mass+spectrometry%22%29%29+AND+%28%222021%2F07%2F31%22%5BDate+-+Publication%5D+%3A+%222026%2F07%2F30%22%5BDate+-+Publication%5D%29,,,strict access failure,2026-08-02T19:44:23+00:00,fresh data/link_health.json,[]
https://pubmed.ncbi.nlm.nih.gov/?term=%28%28%22lipid+nanoparticle%22+OR+LNP+OR+%22RNA+therapeutics%22+OR+mRNA%29+AND+%28%22LC-MS%22+OR+chromatography+OR+%22mass+spectrometry%22%29%29+AND+%28%222021%2F08%2F01%22%5BDate+-+Publication%5D+%3A+%222026%2F07%2F31%22%5BDate+-+Publication%5D%29,Broken,403,https://pubmed.ncbi.nlm.nih.gov/?term=%28%28%22lipid+nanoparticle%22+OR+LNP+OR+%22RNA+therapeutics%22+OR+mRNA%29+AND+%28%22LC-MS%22+OR+chromatography+OR+%22mass+spectrometry%22%29%29+AND+%28%222021%2F08%2F01%22%5BDate+-+Publication%5D+%3A+%222026%2F07%2F31%22%5BDate+-+Publication%5D%29,,,strict access failure,2026-08-02T19:44:23+00:00,fresh data/link_health.json,[]
https://pubmed.ncbi.nlm.nih.gov/?term=%28%28%22lipid+nanoparticle%22+OR+LNP+OR+%22RNA+therapeutics%22+OR+mRNA%29+AND+%28%22LC-MS%22+OR+chromatography+OR+%22mass+spectrometry%22%29%29+AND+%28%222021%2F08%2F02%22%5BDate+-+Publication%5D+%3A+%222026%2F08%2F01%22%5BDate+-+Publication%5D%29,Broken,403,https://pubmed.ncbi.nlm.nih.gov/?term=%28%28%22lipid+nanoparticle%22+OR+LNP+OR+%22RNA+therapeutics%22+OR+mRNA%29+AND+%28%22LC-MS%22+OR+chromatography+OR+%22mass+spectrometry%22%29%29+AND+%28%222021%2F08%2F02%22%5BDate+-+Publication%5D+%3A+%222026%2F08%2F01%22%5BDate+-+Publication%5D%29,,,strict access failure,2026-08-02T19:44:23+00:00,fresh data/link_health.json,[]
https://pubmed.ncbi.nlm.nih.gov/?term=%28%28%22lipid+nanoparticle%22+OR+LNP+OR+%22RNA+therapeutics%22+OR+mRNA%29+AND+%28%22LC-MS%22+OR+chromatography+OR+%22mass+spectrometry%22%29%29+AND+%28%222023%2F07%2F31%22%5BDate+-+Publication%5D+%3A+%222026%2F07%2F30%22%5BDate+-+Publication%5D%29,Broken,403,https://pubmed.ncbi.nlm.nih.gov/?term=%28%28%22lipid+nanoparticle%22+OR+LNP+OR+%22RNA+therapeutics%22+OR+mRNA%29+AND+%28%22LC-MS%22+OR+chromatography+OR+%22mass+spectrometry%22%29%29+AND+%28%222023%2F07%2F31%22%5BDate+-+Publication%5D+%3A+%222026%2F07%2F30%22%5BDate+-+Publication%5D%29,,,strict access failure,2026-08-02T19:44:23+00:00,fresh data/link_health.json,[]
https://pubmed.ncbi.nlm.nih.gov/?term=%28%28%22lipid+nanoparticle%22+OR+LNP+OR+%22RNA+therapeutics%22+OR+mRNA%29+AND+%28%22LC-MS%22+OR+chromatography+OR+%22mass+spectrometry%22%29%29+AND+%28%222023%2F08%2F01%22%5BDate+-+Publication%5D+%3A+%222026%2F07%2F31%22%5BDate+-+Publication%5D%29,Broken,403,https://pubmed.ncbi.nlm.nih.gov/?term=%28%28%22lipid+nanoparticle%22+OR+LNP+OR+%22RNA+therapeutics%22+OR+mRNA%29+AND+%28%22LC-MS%22+OR+chromatography+OR+%22mass+spectrometry%22%29%29+AND+%28%222023%2F08%2F01%22%5BDate+-+Publication%5D+%3A+%222026%2F07%2F31%22%5BDate+-+Publication%5D%29,,,strict access failure,2026-08-02T19:44:23+00:00,fresh data/link_health.json,[]
https://pubmed.ncbi.nlm.nih.gov/?term=%28%28%22lipid+nanoparticle%22+OR+LNP+OR+%22RNA+therapeutics%22+OR+mRNA%29+AND+%28%22LC-MS%22+OR+chromatography+OR+%22mass+spectrometry%22%29%29+AND+%28%222023%2F08%2F02%22%5BDate+-+Publication%5D+%3A+%222026%2F08%2F01%22%5BDate+-+Publication%5D%29,Broken,403,https://pubmed.ncbi.nlm.nih.gov/?term=%28%28%22lipid+nanoparticle%22+OR+LNP+OR+%22RNA+therapeutics%22+OR+mRNA%29+AND+%28%22LC-MS%22+OR+chromatography+OR+%22mass+spectrometry%22%29%29+AND+%28%222023%2F08%2F02%22%5BDate+-+Publication%5D+%3A+%222026%2F08%2F01%22%5BDate+-+Publication%5D%29,,,strict access failure,2026-08-02T19:44:23+00:00,fresh data/link_health.json,[]
https://pubmed.ncbi.nlm.nih.gov/?term=%28%28%22lipid+nanoparticle%22+OR+LNP+OR+%22RNA+therapeutics%22+OR+mRNA%29+AND+%28%22LC-MS%22+OR+chromatography+OR+%22mass+spectrometry%22%29%29+AND+%28%222025%2F07%2F30%22%5BDate+-+Publication%5D+%3A+%222026%2F07%2F30%22%5BDate+-+Publication%5D%29,Broken,403,https://pubmed.ncbi.nlm.nih.gov/?term=%28%28%22lipid+nanoparticle%22+OR+LNP+OR+%22RNA+therapeutics%22+OR+mRNA%29+AND+%28%22LC-MS%22+OR+chromatography+OR+%22mass+spectrometry%22%29%29+AND+%28%222025%2F07%2F30%22%5BDate+-+Publication%5D+%3A+%222026%2F07%2F30%22%5BDate+-+Publication%5D%29,,,strict access failure,2026-08-02T19:44:23+00:00,fresh data/link_health.json,[]
https://pubmed.ncbi.nlm.nih.gov/?term=%28%28%22lipid+nanoparticle%22+OR+LNP+OR+%22RNA+therapeutics%22+OR+mRNA%29+AND+%28%22LC-MS%22+OR+chromatography+OR+%22mass+spectrometry%22%29%29+AND+%28%222025%2F07%2F31%22%5BDate+-+Publication%5D+%3A+%222026%2F07%2F31%22%5BDate+-+Publication%5D%29,Broken,403,https://pubmed.ncbi.nlm.nih.gov/?term=%28%28%22lipid+nanoparticle%22+OR+LNP+OR+%22RNA+therapeutics%22+OR+mRNA%29+AND+%28%22LC-MS%22+OR+chromatography+OR+%22mass+spectrometry%22%29%29+AND+%28%222025%2F07%2F31%22%5BDate+-+Publication%5D+%3A+%222026%2F07%2F31%22%5BDate+-+Publication%5D%29,,,strict access failure,2026-08-02T19:44:23+00:00,fresh data/link_health.json,[]
https://pubmed.ncbi.nlm.nih.gov/?term=%28%28%22lipid+nanoparticle%22+OR+LNP+OR+%22RNA+therapeutics%22+OR+mRNA%29+AND+%28%22LC-MS%22+OR+chromatography+OR+%22mass+spectrometry%22%29%29+AND+%28%222025%2F08%2F01%22%5BDate+-+Publication%5D+%3A+%222026%2F08%2F01%22%5BDate+-+Publication%5D%29,Broken,403,https://pubmed.ncbi.nlm.nih.gov/?term=%28%28%22lipid+nanoparticle%22+OR+LNP+OR+%22RNA+therapeutics%22+OR+mRNA%29+AND+%28%22LC-MS%22+OR+chromatography+OR+%22mass+spectrometry%22%29%29+AND+%28%222025%2F08%2F01%22%5BDate+-+Publication%5D+%3A+%222026%2F08%2F01%22%5BDate+-+Publication%5D%29,,,strict access failure,2026-08-02T19:44:23+00:00,fresh data/link_health.json,[]
https://pubmed.ncbi.nlm.nih.gov/?term=%28%28%22lipid+nanoparticle%22+OR+LNP+OR+%22RNA+therapeutics%22+OR+mRNA%29+AND+%28%22LC-MS%22+OR+chromatography+OR+%22mass+spectrometry%22%29%29+AND+%28%222026%2F05%2F01%22%5BDate+-+Publication%5D+%3A+%222026%2F07%2F30%22%5BDate+-+Publication%5D%29,Broken,403,https://pubmed.ncbi.nlm.nih.gov/?term=%28%28%22lipid+nanoparticle%22+OR+LNP+OR+%22RNA+therapeutics%22+OR+mRNA%29+AND+%28%22LC-MS%22+OR+chromatography+OR+%22mass+spectrometry%22%29%29+AND+%28%222026%2F05%2F01%22%5BDate+-+Publication%5D+%3A+%222026%2F07%2F30%22%5BDate+-+Publication%5D%29,,,strict access failure,2026-08-02T19:44:23+00:00,fresh data/link_health.json,[]
https://pubmed.ncbi.nlm.nih.gov/?term=%28%28%22lipid+nanoparticle%22+OR+LNP+OR+%22RNA+therapeutics%22+OR+mRNA%29+AND+%28%22LC-MS%22+OR+chromatography+OR+%22mass+spectrometry%22%29%29+AND+%28%222026%2F05%2F02%22%5BDate+-+Publication%5D+%3A+%222026%2F07%2F31%22%5BDate+-+Publication%5D%29,Broken,403,https://pubmed.ncbi.nlm.nih.gov/?term=%28%28%22lipid+nanoparticle%22+OR+LNP+OR+%22RNA+therapeutics%22+OR+mRNA%29+AND+%28%22LC-MS%22+OR+chromatography+OR+%22mass+spectrometry%22%29%29+AND+%28%222026%2F05%2F02%22%5BDate+-+Publication%5D+%3A+%222026%2F07%2F31%22%5BDate+-+Publication%5D%29,,,strict access failure,2026-08-02T19:44:23+00:00,fresh data/link_health.json,[]
https://pubmed.ncbi.nlm.nih.gov/?term=%28%28%22lipid+nanoparticle%22+OR+LNP+OR+%22RNA+therapeutics%22+OR+mRNA%29+AND+%28%22LC-MS%22+OR+chromatography+OR+%22mass+spectrometry%22%29%29+AND+%28%222026%2F05%2F03%22%5BDate+-+Publication%5D+%3A+%222026%2F08%2F01%22%5BDate+-+Publication%5D%29,Broken,403,https://pubmed.ncbi.nlm.nih.gov/?term=%28%28%22lipid+nanoparticle%22+OR+LNP+OR+%22RNA+therapeutics%22+OR+mRNA%29+AND+%28%22LC-MS%22+OR+chromatography+OR+%22mass+spectrometry%22%29%29+AND+%28%222026%2F05%2F03%22%5BDate+-+Publication%5D+%3A+%222026%2F08%2F01%22%5BDate+-+Publication%5D%29,,,strict access failure,2026-08-02T19:44:24+00:00,fresh data/link_health.json,[]
https://pubmed.ncbi.nlm.nih.gov/?term=%28%28%22lipid+nanoparticle%22+OR+LNP+OR+%22RNA+therapeutics%22+OR+mRNA%29+AND+%28%22LC-MS%22+OR+chromatography+OR+%22mass+spectrometry%22%29%29+AND+%28%222026%2F05%2F31%22%5BDate+-+Publication%5D+%3A+%222026%2F07%2F30%22%5BDate+-+Publication%5D%29,Broken,403,https://pubmed.ncbi.nlm.nih.gov/?term=%28%28%22lipid+nanoparticle%22+OR+LNP+OR+%22RNA+therapeutics%22+OR+mRNA%29+AND+%28%22LC-MS%22+OR+chromatography+OR+%22mass+spectrometry%22%29%29+AND+%28%222026%2F05%2F31%22%5BDate+-+Publication%5D+%3A+%222026%2F07%2F30%22%5BDate+-+Publication%5D%29,,,strict access failure,2026-08-02T19:44:24+00:00,fresh data/link_health.json,[]
https://pubmed.ncbi.nlm.nih.gov/?term=%28%28%22lipid+nanoparticle%22+OR+LNP+OR+%22RNA+therapeutics%22+OR+mRNA%29+AND+%28%22LC-MS%22+OR+chromatography+OR+%22mass+spectrometry%22%29%29+AND+%28%222026%2F06%2F01%22%5BDate+-+Publication%5D+%3A+%222026%2F07%2F31%22%5BDate+-+Publication%5D%29,Broken,403,https://pubmed.ncbi.nlm.nih.gov/?term=%28%28%22lipid+nanoparticle%22+OR+LNP+OR+%22RNA+therapeutics%22+OR+mRNA%29+AND+%28%22LC-MS%22+OR+chromatography+OR+%22mass+spectrometry%22%29%29+AND+%28%222026%2F06%2F01%22%5BDate+-+Publication%5D+%3A+%222026%2F07%2F31%22%5BDate+-+Publication%5D%29,,,strict access failure,2026-08-02T19:44:24+00:00,fresh data/link_health.json,[]
https://pubmed.ncbi.nlm.nih.gov/?term=%28%28%22lipid+nanoparticle%22+OR+LNP+OR+%22RNA+therapeutics%22+OR+mRNA%29+AND+%28%22LC-MS%22+OR+chromatography+OR+%22mass+spectrometry%22%29%29+AND+%28%222026%2F06%2F02%22%5BDate+-+Publication%5D+%3A+%222026%2F08%2F01%22%5BDate+-+Publication%5D%29,Broken,403,https://pubmed.ncbi.nlm.nih.gov/?term=%28%28%22lipid+nanoparticle%22+OR+LNP+OR+%22RNA+therapeutics%22+OR+mRNA%29+AND+%28%22LC-MS%22+OR+chromatography+OR+%22mass+spectrometry%22%29%29+AND+%28%222026%2F06%2F02%22%5BDate+-+Publication%5D+%3A+%222026%2F08%2F01%22%5BDate+-+Publication%5D%29,,,strict access failure,2026-08-02T19:44:24+00:00,fresh data/link_health.json,[]
https://pubmed.ncbi.nlm.nih.gov/?term=%28%28%22lipid+nanoparticle%22+OR+LNP+OR+%22RNA+therapeutics%22+OR+mRNA%29+AND+%28%22LC-MS%22+OR+chromatography+OR+%22mass+spectrometry%22%29%29+AND+%28%222026%2F06%2F30%22%5BDate+-+Publication%5D+%3A+%222026%2F07%2F30%22%5BDate+-+Publication%5D%29,Broken,403,https://pubmed.ncbi.nlm.nih.gov/?term=%28%28%22lipid+nanoparticle%22+OR+LNP+OR+%22RNA+therapeutics%22+OR+mRNA%29+AND+%28%22LC-MS%22+OR+chromatography+OR+%22mass+spectrometry%22%29%29+AND+%28%222026%2F06%2F30%22%5BDate+-+Publication%5D+%3A+%222026%2F07%2F30%22%5BDate+-+Publication%5D%29,,,strict access failure,2026-08-02T19:44:24+00:00,fresh data/link_health.json,[]
https://pubmed.ncbi.nlm.nih.gov/?term=%28%28%22lipid+nanoparticle%22+OR+LNP+OR+%22RNA+therapeutics%22+OR+mRNA%29+AND+%28%22LC-MS%22+OR+chromatography+OR+%22mass+spectrometry%22%29%29+AND+%28%222026%2F07%2F01%22%5BDate+-+Publication%5D+%3A+%222026%2F07%2F31%22%5BDate+-+Publication%5D%29,Broken,403,https://pubmed.ncbi.nlm.nih.gov/?term=%28%28%22lipid+nanoparticle%22+OR+LNP+OR+%22RNA+therapeutics%22+OR+mRNA%29+AND+%28%22LC-MS%22+OR+chromatography+OR+%22mass+spectrometry%22%29%29+AND+%28%222026%2F07%2F01%22%5BDate+-+Publication%5D+%3A+%222026%2F07%2F31%22%5BDate+-+Publication%5D%29,,,strict access failure,2026-08-02T19:44:24+00:00,fresh data/link_health.json,[]
https://pubmed.ncbi.nlm.nih.gov/?term=%28%28%22lipid+nanoparticle%22+OR+LNP+OR+%22RNA+therapeutics%22+OR+mRNA%29+AND+%28%22LC-MS%22+OR+chromatography+OR+%22mass+spectrometry%22%29%29+AND+%28%222026%2F07%2F02%22%5BDate+-+Publication%5D+%3A+%222026%2F08%2F01%22%5BDate+-+Publication%5D%29,Broken,403,https://pubmed.ncbi.nlm.nih.gov/?term=%28%28%22lipid+nanoparticle%22+OR+LNP+OR+%22RNA+therapeutics%22+OR+mRNA%29+AND+%28%22LC-MS%22+OR+chromatography+OR+%22mass+spectrometry%22%29%29+AND+%28%222026%2F07%2F02%22%5BDate+-+Publication%5D+%3A+%222026%2F08%2F01%22%5BDate+-+Publication%5D%29,,,strict access failure,2026-08-02T19:44:24+00:00,fresh data/link_health.json,[]
https://pubmed.ncbi.nlm.nih.gov/?term=%28%28PFAS+OR+%22per-+and+polyfluoroalkyl%22%29+AND+%28%22LC-MS%22+OR+%22LC-MS%2FMS%22+OR+chromatography%29%29+AND+%28%222021%2F07%2F31%22%5BDate+-+Publication%5D+%3A+%222026%2F07%2F30%22%5BDate+-+Publication%5D%29,Broken,403,https://pubmed.ncbi.nlm.nih.gov/?term=%28%28PFAS+OR+%22per-+and+polyfluoroalkyl%22%29+AND+%28%22LC-MS%22+OR+%22LC-MS%2FMS%22+OR+chromatography%29%29+AND+%28%222021%2F07%2F31%22%5BDate+-+Publication%5D+%3A+%222026%2F07%2F30%22%5BDate+-+Publication%5D%29,,,strict access failure,2026-08-02T19:44:24+00:00,fresh data/link_health.json,[]
https://pubmed.ncbi.nlm.nih.gov/?term=%28%28PFAS+OR+%22per-+and+polyfluoroalkyl%22%29+AND+%28%22LC-MS%22+OR+%22LC-MS%2FMS%22+OR+chromatography%29%29+AND+%28%222021%2F08%2F01%22%5BDate+-+Publication%5D+%3A+%222026%2F07%2F31%22%5BDate+-+Publication%5D%29,Broken,403,https://pubmed.ncbi.nlm.nih.gov/?term=%28%28PFAS+OR+%22per-+and+polyfluoroalkyl%22%29+AND+%28%22LC-MS%22+OR+%22LC-MS%2FMS%22+OR+chromatography%29%29+AND+%28%222021%2F08%2F01%22%5BDate+-+Publication%5D+%3A+%222026%2F07%2F31%22%5BDate+-+Publication%5D%29,,,strict access failure,2026-08-02T19:44:24+00:00,fresh data/link_health.json,[]
https://pubmed.ncbi.nlm.nih.gov/?term=%28%28PFAS+OR+%22per-+and+polyfluoroalkyl%22%29+AND+%28%22LC-MS%22+OR+%22LC-MS%2FMS%22+OR+chromatography%29%29+AND+%28%222021%2F08%2F02%22%5BDate+-+Publication%5D+%3A+%222026%2F08%2F01%22%5BDate+-+Publication%5D%29,Broken,403,https://pubmed.ncbi.nlm.nih.gov/?term=%28%28PFAS+OR+%22per-+and+polyfluoroalkyl%22%29+AND+%28%22LC-MS%22+OR+%22LC-MS%2FMS%22+OR+chromatography%29%29+AND+%28%222021%2F08%2F02%22%5BDate+-+Publication%5D+%3A+%222026%2F08%2F01%22%5BDate+-+Publication%5D%29,,,strict access failure,2026-08-02T19:44:24+00:00,fresh data/link_health.json,[]
https://pubmed.ncbi.nlm.nih.gov/?term=%28%28PFAS+OR+%22per-+and+polyfluoroalkyl%22%29+AND+%28%22LC-MS%22+OR+%22LC-MS%2FMS%22+OR+chromatography%29%29+AND+%28%222023%2F07%2F31%22%5BDate+-+Publication%5D+%3A+%222026%2F07%2F30%22%5BDate+-+Publication%5D%29,Broken,403,https://pubmed.ncbi.nlm.nih.gov/?term=%28%28PFAS+OR+%22per-+and+polyfluoroalkyl%22%29+AND+%28%22LC-MS%22+OR+%22LC-MS%2FMS%22+OR+chromatography%29%29+AND+%28%222023%2F07%2F31%22%5BDate+-+Publication%5D+%3A+%222026%2F07%2F30%22%5BDate+-+Publication%5D%29,,,strict access failure,2026-08-02T19:44:24+00:00,fresh data/link_health.json,[]
https://pubmed.ncbi.nlm.nih.gov/?term=%28%28PFAS+OR+%22per-+and+polyfluoroalkyl%22%29+AND+%28%22LC-MS%22+OR+%22LC-MS%2FMS%22+OR+chromatography%29%29+AND+%28%222023%2F08%2F01%22%5BDate+-+Publication%5D+%3A+%222026%2F07%2F31%22%5BDate+-+Publication%5D%29,Broken,403,https://pubmed.ncbi.nlm.nih.gov/?term=%28%28PFAS+OR+%22per-+and+polyfluoroalkyl%22%29+AND+%28%22LC-MS%22+OR+%22LC-MS%2FMS%22+OR+chromatography%29%29+AND+%28%222023%2F08%2F01%22%5BDate+-+Publication%5D+%3A+%222026%2F07%2F31%22%5BDate+-+Publication%5D%29,,,strict access failure,2026-08-02T19:44:24+00:00,fresh data/link_health.json,[]
https://pubmed.ncbi.nlm.nih.gov/?term=%28%28PFAS+OR+%22per-+and+polyfluoroalkyl%22%29+AND+%28%22LC-MS%22+OR+%22LC-MS%2FMS%22+OR+chromatography%29%29+AND+%28%222023%2F08%2F02%22%5BDate+-+Publication%5D+%3A+%222026%2F08%2F01%22%5BDate+-+Publication%5D%29,Broken,403,https://pubmed.ncbi.nlm.nih.gov/?term=%28%28PFAS+OR+%22per-+and+polyfluoroalkyl%22%29+AND+%28%22LC-MS%22+OR+%22LC-MS%2FMS%22+OR+chromatography%29%29+AND+%28%222023%2F08%2F02%22%5BDate+-+Publication%5D+%3A+%222026%2F08%2F01%22%5BDate+-+Publication%5D%29,,,strict access failure,2026-08-02T19:44:24+00:00,fresh data/link_health.json,[]
https://pubmed.ncbi.nlm.nih.gov/?term=%28%28PFAS+OR+%22per-+and+polyfluoroalkyl%22%29+AND+%28%22LC-MS%22+OR+%22LC-MS%2FMS%22+OR+chromatography%29%29+AND+%28%222025%2F07%2F30%22%5BDate+-+Publication%5D+%3A+%222026%2F07%2F30%22%5BDate+-+Publication%5D%29,Broken,403,https://pubmed.ncbi.nlm.nih.gov/?term=%28%28PFAS+OR+%22per-+and+polyfluoroalkyl%22%29+AND+%28%22LC-MS%22+OR+%22LC-MS%2FMS%22+OR+chromatography%29%29+AND+%28%222025%2F07%2F30%22%5BDate+-+Publication%5D+%3A+%222026%2F07%2F30%22%5BDate+-+Publication%5D%29,,,strict access failure,2026-08-02T19:44:24+00:00,fresh data/link_health.json,[]
https://pubmed.ncbi.nlm.nih.gov/?term=%28%28PFAS+OR+%22per-+and+polyfluoroalkyl%22%29+AND+%28%22LC-MS%22+OR+%22LC-MS%2FMS%22+OR+chromatography%29%29+AND+%28%222025%2F07%2F31%22%5BDate+-+Publication%5D+%3A+%222026%2F07%2F31%22%5BDate+-+Publication%5D%29,Broken,403,https://pubmed.ncbi.nlm.nih.gov/?term=%28%28PFAS+OR+%22per-+and+polyfluoroalkyl%22%29+AND+%28%22LC-MS%22+OR+%22LC-MS%2FMS%22+OR+chromatography%29%29+AND+%28%222025%2F07%2F31%22%5BDate+-+Publication%5D+%3A+%222026%2F07%2F31%22%5BDate+-+Publication%5D%29,,,strict access failure,2026-08-02T19:44:25+00:00,fresh data/link_health.json,[]
https://pubmed.ncbi.nlm.nih.gov/?term=%28%28PFAS+OR+%22per-+and+polyfluoroalkyl%22%29+AND+%28%22LC-MS%22+OR+%22LC-MS%2FMS%22+OR+chromatography%29%29+AND+%28%222025%2F08%2F01%22%5BDate+-+Publication%5D+%3A+%222026%2F08%2F01%22%5BDate+-+Publication%5D%29,Broken,403,https://pubmed.ncbi.nlm.nih.gov/?term=%28%28PFAS+OR+%22per-+and+polyfluoroalkyl%22%29+AND+%28%22LC-MS%22+OR+%22LC-MS%2FMS%22+OR+chromatography%29%29+AND+%28%222025%2F08%2F01%22%5BDate+-+Publication%5D+%3A+%222026%2F08%2F01%22%5BDate+-+Publication%5D%29,,,strict access failure,2026-08-02T19:44:25+00:00,fresh data/link_health.json,[]
https://pubmed.ncbi.nlm.nih.gov/?term=%28%28PFAS+OR+%22per-+and+polyfluoroalkyl%22%29+AND+%28%22LC-MS%22+OR+%22LC-MS%2FMS%22+OR+chromatography%29%29+AND+%28%222026%2F05%2F01%22%5BDate+-+Publication%5D+%3A+%222026%2F07%2F30%22%5BDate+-+Publication%5D%29,Broken,403,https://pubmed.ncbi.nlm.nih.gov/?term=%28%28PFAS+OR+%22per-+and+polyfluoroalkyl%22%29+AND+%28%22LC-MS%22+OR+%22LC-MS%2FMS%22+OR+chromatography%29%29+AND+%28%222026%2F05%2F01%22%5BDate+-+Publication%5D+%3A+%222026%2F07%2F30%22%5BDate+-+Publication%5D%29,,,strict access failure,2026-08-02T19:44:25+00:00,fresh data/link_health.json,[]
https://pubmed.ncbi.nlm.nih.gov/?term=%28%28PFAS+OR+%22per-+and+polyfluoroalkyl%22%29+AND+%28%22LC-MS%22+OR+%22LC-MS%2FMS%22+OR+chromatography%29%29+AND+%28%222026%2F05%2F02%22%5BDate+-+Publication%5D+%3A+%222026%2F07%2F31%22%5BDate+-+Publication%5D%29,Broken,403,https://pubmed.ncbi.nlm.nih.gov/?term=%28%28PFAS+OR+%22per-+and+polyfluoroalkyl%22%29+AND+%28%22LC-MS%22+OR+%22LC-MS%2FMS%22+OR+chromatography%29%29+AND+%28%222026%2F05%2F02%22%5BDate+-+Publication%5D+%3A+%222026%2F07%2F31%22%5BDate+-+Publication%5D%29,,,strict access failure,2026-08-02T19:44:25+00:00,fresh data/link_health.json,[]
https://pubmed.ncbi.nlm.nih.gov/?term=%28%28PFAS+OR+%22per-+and+polyfluoroalkyl%22%29+AND+%28%22LC-MS%22+OR+%22LC-MS%2FMS%22+OR+chromatography%29%29+AND+%28%222026%2F05%2F03%22%5BDate+-+Publication%5D+%3A+%222026%2F08%2F01%22%5BDate+-+Publication%5D%29,Broken,403,https://pubmed.ncbi.nlm.nih.gov/?term=%28%28PFAS+OR+%22per-+and+polyfluoroalkyl%22%29+AND+%28%22LC-MS%22+OR+%22LC-MS%2FMS%22+OR+chromatography%29%29+AND+%28%222026%2F05%2F03%22%5BDate+-+Publication%5D+%3A+%222026%2F08%2F01%22%5BDate+-+Publication%5D%29,,,strict access failure,2026-08-02T19:44:25+00:00,fresh data/link_health.json,[]
https://pubmed.ncbi.nlm.nih.gov/?term=%28%28PFAS+OR+%22per-+and+polyfluoroalkyl%22%29+AND+%28%22LC-MS%22+OR+%22LC-MS%2FMS%22+OR+chromatography%29%29+AND+%28%222026%2F05%2F31%22%5BDate+-+Publication%5D+%3A+%222026%2F07%2F30%22%5BDate+-+Publication%5D%29,Broken,403,https://pubmed.ncbi.nlm.nih.gov/?term=%28%28PFAS+OR+%22per-+and+polyfluoroalkyl%22%29+AND+%28%22LC-MS%22+OR+%22LC-MS%2FMS%22+OR+chromatography%29%29+AND+%28%222026%2F05%2F31%22%5BDate+-+Publication%5D+%3A+%222026%2F07%2F30%22%5BDate+-+Publication%5D%29,,,strict access failure,2026-08-02T19:44:25+00:00,fresh data/link_health.json,[]
https://pubmed.ncbi.nlm.nih.gov/?term=%28%28PFAS+OR+%22per-+and+polyfluoroalkyl%22%29+AND+%28%22LC-MS%22+OR+%22LC-MS%2FMS%22+OR+chromatography%29%29+AND+%28%222026%2F06%2F01%22%5BDate+-+Publication%5D+%3A+%222026%2F07%2F31%22%5BDate+-+Publication%5D%29,Broken,403,https://pubmed.ncbi.nlm.nih.gov/?term=%28%28PFAS+OR+%22per-+and+polyfluoroalkyl%22%29+AND+%28%22LC-MS%22+OR+%22LC-MS%2FMS%22+OR+chromatography%29%29+AND+%28%222026%2F06%2F01%22%5BDate+-+Publication%5D+%3A+%222026%2F07%2F31%22%5BDate+-+Publication%5D%29,,,strict access failure,2026-08-02T19:44:25+00:00,fresh data/link_health.json,[]
https://pubmed.ncbi.nlm.nih.gov/?term=%28%28PFAS+OR+%22per-+and+polyfluoroalkyl%22%29+AND+%28%22LC-MS%22+OR+%22LC-MS%2FMS%22+OR+chromatography%29%29+AND+%28%222026%2F06%2F02%22%5BDate+-+Publication%5D+%3A+%222026%2F08%2F01%22%5BDate+-+Publication%5D%29,Broken,403,https://pubmed.ncbi.nlm.nih.gov/?term=%28%28PFAS+OR+%22per-+and+polyfluoroalkyl%22%29+AND+%28%22LC-MS%22+OR+%22LC-MS%2FMS%22+OR+chromatography%29%29+AND+%28%222026%2F06%2F02%22%5BDate+-+Publication%5D+%3A+%222026%2F08%2F01%22%5BDate+-+Publication%5D%29,,,strict access failure,2026-08-02T19:44:25+00:00,fresh data/link_health.json,[]
https://pubmed.ncbi.nlm.nih.gov/?term=%28%28PFAS+OR+%22per-+and+polyfluoroalkyl%22%29+AND+%28%22LC-MS%22+OR+%22LC-MS%2FMS%22+OR+chromatography%29%29+AND+%28%222026%2F06%2F30%22%5BDate+-+Publication%5D+%3A+%222026%2F07%2F30%22%5BDate+-+Publication%5D%29,Broken,403,https://pubmed.ncbi.nlm.nih.gov/?term=%28%28PFAS+OR+%22per-+and+polyfluoroalkyl%22%29+AND+%28%22LC-MS%22+OR+%22LC-MS%2FMS%22+OR+chromatography%29%29+AND+%28%222026%2F06%2F30%22%5BDate+-+Publication%5D+%3A+%222026%2F07%2F30%22%5BDate+-+Publication%5D%29,,,strict access failure,2026-08-02T19:44:25+00:00,fresh data/link_health.json,[]
https://pubmed.ncbi.nlm.nih.gov/?term=%28%28PFAS+OR+%22per-+and+polyfluoroalkyl%22%29+AND+%28%22LC-MS%22+OR+%22LC-MS%2FMS%22+OR+chromatography%29%29+AND+%28%222026%2F07%2F01%22%5BDate+-+Publication%5D+%3A+%222026%2F07%2F31%22%5BDate+-+Publication%5D%29,Broken,403,https://pubmed.ncbi.nlm.nih.gov/?term=%28%28PFAS+OR+%22per-+and+polyfluoroalkyl%22%29+AND+%28%22LC-MS%22+OR+%22LC-MS%2FMS%22+OR+chromatography%29%29+AND+%28%222026%2F07%2F01%22%5BDate+-+Publication%5D+%3A+%222026%2F07%2F31%22%5BDate+-+Publication%5D%29,,,strict access failure,2026-08-02T19:44:25+00:00,fresh data/link_health.json,[]
https://pubmed.ncbi.nlm.nih.gov/?term=%28%28PFAS+OR+%22per-+and+polyfluoroalkyl%22%29+AND+%28%22LC-MS%22+OR+%22LC-MS%2FMS%22+OR+chromatography%29%29+AND+%28%222026%2F07%2F02%22%5BDate+-+Publication%5D+%3A+%222026%2F08%2F01%22%5BDate+-+Publication%5D%29,Broken,403,https://pubmed.ncbi.nlm.nih.gov/?term=%28%28PFAS+OR+%22per-+and+polyfluoroalkyl%22%29+AND+%28%22LC-MS%22+OR+%22LC-MS%2FMS%22+OR+chromatography%29%29+AND+%28%222026%2F07%2F02%22%5BDate+-+Publication%5D+%3A+%222026%2F08%2F01%22%5BDate+-+Publication%5D%29,,,strict access failure,2026-08-02T19:44:25+00:00,fresh data/link_health.json,[]
https://pubmed.ncbi.nlm.nih.gov/?term=%28%28oligonucleotide+OR+%22nucleic+acid%22+OR+siRNA%29+AND+%28%22LC-MS%22+OR+chromatography+OR+%22mass+spectrometry%22%29%29+AND+%28%222021%2F07%2F31%22%5BDate+-+Publication%5D+%3A+%222026%2F07%2F30%22%5BDate+-+Publication%5D%29,Broken,403,https://pubmed.ncbi.nlm.nih.gov/?term=%28%28oligonucleotide+OR+%22nucleic+acid%22+OR+siRNA%29+AND+%28%22LC-MS%22+OR+chromatography+OR+%22mass+spectrometry%22%29%29+AND+%28%222021%2F07%2F31%22%5BDate+-+Publication%5D+%3A+%222026%2F07%2F30%22%5BDate+-+Publication%5D%29,,,strict access failure,2026-08-02T19:44:25+00:00,fresh data/link_health.json,[]
https://pubmed.ncbi.nlm.nih.gov/?term=%28%28oligonucleotide+OR+%22nucleic+acid%22+OR+siRNA%29+AND+%28%22LC-MS%22+OR+chromatography+OR+%22mass+spectrometry%22%29%29+AND+%28%222021%2F08%2F01%22%5BDate+-+Publication%5D+%3A+%222026%2F07%2F31%22%5BDate+-+Publication%5D%29,Broken,403,https://pubmed.ncbi.nlm.nih.gov/?term=%28%28oligonucleotide+OR+%22nucleic+acid%22+OR+siRNA%29+AND+%28%22LC-MS%22+OR+chromatography+OR+%22mass+spectrometry%22%29%29+AND+%28%222021%2F08%2F01%22%5BDate+-+Publication%5D+%3A+%222026%2F07%2F31%22%5BDate+-+Publication%5D%29,,,strict access failure,2026-08-02T19:44:25+00:00,fresh data/link_health.json,[]
https://pubmed.ncbi.nlm.nih.gov/?term=%28%28oligonucleotide+OR+%22nucleic+acid%22+OR+siRNA%29+AND+%28%22LC-MS%22+OR+chromatography+OR+%22mass+spectrometry%22%29%29+AND+%28%222021%2F08%2F02%22%5BDate+-+Publication%5D+%3A+%222026%2F08%2F01%22%5BDate+-+Publication%5D%29,Broken,403,https://pubmed.ncbi.nlm.nih.gov/?term=%28%28oligonucleotide+OR+%22nucleic+acid%22+OR+siRNA%29+AND+%28%22LC-MS%22+OR+chromatography+OR+%22mass+spectrometry%22%29%29+AND+%28%222021%2F08%2F02%22%5BDate+-+Publication%5D+%3A+%222026%2F08%2F01%22%5BDate+-+Publication%5D%29,,,strict access failure,2026-08-02T19:44:25+00:00,fresh data/link_health.json,[]
https://pubmed.ncbi.nlm.nih.gov/?term=%28%28oligonucleotide+OR+%22nucleic+acid%22+OR+siRNA%29+AND+%28%22LC-MS%22+OR+chromatography+OR+%22mass+spectrometry%22%29%29+AND+%28%222023%2F07%2F31%22%5BDate+-+Publication%5D+%3A+%222026%2F07%2F30%22%5BDate+-+Publication%5D%29,Broken,403,https://pubmed.ncbi.nlm.nih.gov/?term=%28%28oligonucleotide+OR+%22nucleic+acid%22+OR+siRNA%29+AND+%28%22LC-MS%22+OR+chromatography+OR+%22mass+spectrometry%22%29%29+AND+%28%222023%2F07%2F31%22%5BDate+-+Publication%5D+%3A+%222026%2F07%2F30%22%5BDate+-+Publication%5D%29,,,strict access failure,2026-08-02T19:44:25+00:00,fresh data/link_health.json,[]
https://pubmed.ncbi.nlm.nih.gov/?term=%28%28oligonucleotide+OR+%22nucleic+acid%22+OR+siRNA%29+AND+%28%22LC-MS%22+OR+chromatography+OR+%22mass+spectrometry%22%29%29+AND+%28%222023%2F08%2F01%22%5BDate+-+Publication%5D+%3A+%222026%2F07%2F31%22%5BDate+-+Publication%5D%29,Broken,403,https://pubmed.ncbi.nlm.nih.gov/?term=%28%28oligonucleotide+OR+%22nucleic+acid%22+OR+siRNA%29+AND+%28%22LC-MS%22+OR+chromatography+OR+%22mass+spectrometry%22%29%29+AND+%28%222023%2F08%2F01%22%5BDate+-+Publication%5D+%3A+%222026%2F07%2F31%22%5BDate+-+Publication%5D%29,,,strict access failure,2026-08-02T19:44:26+00:00,fresh data/link_health.json,[]
https://pubmed.ncbi.nlm.nih.gov/?term=%28%28oligonucleotide+OR+%22nucleic+acid%22+OR+siRNA%29+AND+%28%22LC-MS%22+OR+chromatography+OR+%22mass+spectrometry%22%29%29+AND+%28%222023%2F08%2F02%22%5BDate+-+Publication%5D+%3A+%222026%2F08%2F01%22%5BDate+-+Publication%5D%29,Broken,403,https://pubmed.ncbi.nlm.nih.gov/?term=%28%28oligonucleotide+OR+%22nucleic+acid%22+OR+siRNA%29+AND+%28%22LC-MS%22+OR+chromatography+OR+%22mass+spectrometry%22%29%29+AND+%28%222023%2F08%2F02%22%5BDate+-+Publication%5D+%3A+%222026%2F08%2F01%22%5BDate+-+Publication%5D%29,,,strict access failure,2026-08-02T19:44:26+00:00,fresh data/link_health.json,[]
https://pubmed.ncbi.nlm.nih.gov/?term=%28%28oligonucleotide+OR+%22nucleic+acid%22+OR+siRNA%29+AND+%28%22LC-MS%22+OR+chromatography+OR+%22mass+spectrometry%22%29%29+AND+%28%222025%2F07%2F30%22%5BDate+-+Publication%5D+%3A+%222026%2F07%2F30%22%5BDate+-+Publication%5D%29,Broken,403,https://pubmed.ncbi.nlm.nih.gov/?term=%28%28oligonucleotide+OR+%22nucleic+acid%22+OR+siRNA%29+AND+%28%22LC-MS%22+OR+chromatography+OR+%22mass+spectrometry%22%29%29+AND+%28%222025%2F07%2F30%22%5BDate+-+Publication%5D+%3A+%222026%2F07%2F30%22%5BDate+-+Publication%5D%29,,,strict access failure,2026-08-02T19:44:26+00:00,fresh data/link_health.json,[]
https://pubmed.ncbi.nlm.nih.gov/?term=%28%28oligonucleotide+OR+%22nucleic+acid%22+OR+siRNA%29+AND+%28%22LC-MS%22+OR+chromatography+OR+%22mass+spectrometry%22%29%29+AND+%28%222025%2F07%2F31%22%5BDate+-+Publication%5D+%3A+%222026%2F07%2F31%22%5BDate+-+Publication%5D%29,Broken,403,https://pubmed.ncbi.nlm.nih.gov/?term=%28%28oligonucleotide+OR+%22nucleic+acid%22+OR+siRNA%29+AND+%28%22LC-MS%22+OR+chromatography+OR+%22mass+spectrometry%22%29%29+AND+%28%222025%2F07%2F31%22%5BDate+-+Publication%5D+%3A+%222026%2F07%2F31%22%5BDate+-+Publication%5D%29,,,strict access failure,2026-08-02T19:44:26+00:00,fresh data/link_health.json,[]
https://pubmed.ncbi.nlm.nih.gov/?term=%28%28oligonucleotide+OR+%22nucleic+acid%22+OR+siRNA%29+AND+%28%22LC-MS%22+OR+chromatography+OR+%22mass+spectrometry%22%29%29+AND+%28%222025%2F08%2F01%22%5BDate+-+Publication%5D+%3A+%222026%2F08%2F01%22%5BDate+-+Publication%5D%29,Broken,403,https://pubmed.ncbi.nlm.nih.gov/?term=%28%28oligonucleotide+OR+%22nucleic+acid%22+OR+siRNA%29+AND+%28%22LC-MS%22+OR+chromatography+OR+%22mass+spectrometry%22%29%29+AND+%28%222025%2F08%2F01%22%5BDate+-+Publication%5D+%3A+%222026%2F08%2F01%22%5BDate+-+Publication%5D%29,,,strict access failure,2026-08-02T19:44:26+00:00,fresh data/link_health.json,[]
https://pubmed.ncbi.nlm.nih.gov/?term=%28%28oligonucleotide+OR+%22nucleic+acid%22+OR+siRNA%29+AND+%28%22LC-MS%22+OR+chromatography+OR+%22mass+spectrometry%22%29%29+AND+%28%222026%2F05%2F01%22%5BDate+-+Publication%5D+%3A+%222026%2F07%2F30%22%5BDate+-+Publication%5D%29,Broken,403,https://pubmed.ncbi.nlm.nih.gov/?term=%28%28oligonucleotide+OR+%22nucleic+acid%22+OR+siRNA%29+AND+%28%22LC-MS%22+OR+chromatography+OR+%22mass+spectrometry%22%29%29+AND+%28%222026%2F05%2F01%22%5BDate+-+Publication%5D+%3A+%222026%2F07%2F30%22%5BDate+-+Publication%5D%29,,,strict access failure,2026-08-02T19:44:26+00:00,fresh data/link_health.json,[]
https://pubmed.ncbi.nlm.nih.gov/?term=%28%28oligonucleotide+OR+%22nucleic+acid%22+OR+siRNA%29+AND+%28%22LC-MS%22+OR+chromatography+OR+%22mass+spectrometry%22%29%29+AND+%28%222026%2F05%2F02%22%5BDate+-+Publication%5D+%3A+%222026%2F07%2F31%22%5BDate+-+Publication%5D%29,Broken,403,https://pubmed.ncbi.nlm.nih.gov/?term=%28%28oligonucleotide+OR+%22nucleic+acid%22+OR+siRNA%29+AND+%28%22LC-MS%22+OR+chromatography+OR+%22mass+spectrometry%22%29%29+AND+%28%222026%2F05%2F02%22%5BDate+-+Publication%5D+%3A+%222026%2F07%2F31%22%5BDate+-+Publication%5D%29,,,strict access failure,2026-08-02T19:44:26+00:00,fresh data/link_health.json,[]
https://pubmed.ncbi.nlm.nih.gov/?term=%28%28oligonucleotide+OR+%22nucleic+acid%22+OR+siRNA%29+AND+%28%22LC-MS%22+OR+chromatography+OR+%22mass+spectrometry%22%29%29+AND+%28%222026%2F05%2F03%22%5BDate+-+Publication%5D+%3A+%222026%2F08%2F01%22%5BDate+-+Publication%5D%29,Broken,403,https://pubmed.ncbi.nlm.nih.gov/?term=%28%28oligonucleotide+OR+%22nucleic+acid%22+OR+siRNA%29+AND+%28%22LC-MS%22+OR+chromatography+OR+%22mass+spectrometry%22%29%29+AND+%28%222026%2F05%2F03%22%5BDate+-+Publication%5D+%3A+%222026%2F08%2F01%22%5BDate+-+Publication%5D%29,,,strict access failure,2026-08-02T19:44:26+00:00,fresh data/link_health.json,[]
https://pubmed.ncbi.nlm.nih.gov/?term=%28%28oligonucleotide+OR+%22nucleic+acid%22+OR+siRNA%29+AND+%28%22LC-MS%22+OR+chromatography+OR+%22mass+spectrometry%22%29%29+AND+%28%222026%2F05%2F31%22%5BDate+-+Publication%5D+%3A+%222026%2F07%2F30%22%5BDate+-+Publication%5D%29,Broken,403,https://pubmed.ncbi.nlm.nih.gov/?term=%28%28oligonucleotide+OR+%22nucleic+acid%22+OR+siRNA%29+AND+%28%22LC-MS%22+OR+chromatography+OR+%22mass+spectrometry%22%29%29+AND+%28%222026%2F05%2F31%22%5BDate+-+Publication%5D+%3A+%222026%2F07%2F30%22%5BDate+-+Publication%5D%29,,,strict access failure,2026-08-02T19:44:26+00:00,fresh data/link_health.json,[]
https://pubmed.ncbi.nlm.nih.gov/?term=%28%28oligonucleotide+OR+%22nucleic+acid%22+OR+siRNA%29+AND+%28%22LC-MS%22+OR+chromatography+OR+%22mass+spectrometry%22%29%29+AND+%28%222026%2F06%2F01%22%5BDate+-+Publication%5D+%3A+%222026%2F07%2F31%22%5BDate+-+Publication%5D%29,Broken,403,https://pubmed.ncbi.nlm.nih.gov/?term=%28%28oligonucleotide+OR+%22nucleic+acid%22+OR+siRNA%29+AND+%28%22LC-MS%22+OR+chromatography+OR+%22mass+spectrometry%22%29%29+AND+%28%222026%2F06%2F01%22%5BDate+-+Publication%5D+%3A+%222026%2F07%2F31%22%5BDate+-+Publication%5D%29,,,strict access failure,2026-08-02T19:44:26+00:00,fresh data/link_health.json,[]
https://pubmed.ncbi.nlm.nih.gov/?term=%28%28oligonucleotide+OR+%22nucleic+acid%22+OR+siRNA%29+AND+%28%22LC-MS%22+OR+chromatography+OR+%22mass+spectrometry%22%29%29+AND+%28%222026%2F06%2F02%22%5BDate+-+Publication%5D+%3A+%222026%2F08%2F01%22%5BDate+-+Publication%5D%29,Broken,403,https://pubmed.ncbi.nlm.nih.gov/?term=%28%28oligonucleotide+OR+%22nucleic+acid%22+OR+siRNA%29+AND+%28%22LC-MS%22+OR+chromatography+OR+%22mass+spectrometry%22%29%29+AND+%28%222026%2F06%2F02%22%5BDate+-+Publication%5D+%3A+%222026%2F08%2F01%22%5BDate+-+Publication%5D%29,,,strict access failure,2026-08-02T19:44:26+00:00,fresh data/link_health.json,[]
https://pubmed.ncbi.nlm.nih.gov/?term=%28%28oligonucleotide+OR+%22nucleic+acid%22+OR+siRNA%29+AND+%28%22LC-MS%22+OR+chromatography+OR+%22mass+spectrometry%22%29%29+AND+%28%222026%2F06%2F30%22%5BDate+-+Publication%5D+%3A+%222026%2F07%2F30%22%5BDate+-+Publication%5D%29,Broken,403,https://pubmed.ncbi.nlm.nih.gov/?term=%28%28oligonucleotide+OR+%22nucleic+acid%22+OR+siRNA%29+AND+%28%22LC-MS%22+OR+chromatography+OR+%22mass+spectrometry%22%29%29+AND+%28%222026%2F06%2F30%22%5BDate+-+Publication%5D+%3A+%222026%2F07%2F30%22%5BDate+-+Publication%5D%29,,,strict access failure,2026-08-02T19:44:26+00:00,fresh data/link_health.json,[]
https://pubmed.ncbi.nlm.nih.gov/?term=%28%28oligonucleotide+OR+%22nucleic+acid%22+OR+siRNA%29+AND+%28%22LC-MS%22+OR+chromatography+OR+%22mass+spectrometry%22%29%29+AND+%28%222026%2F07%2F01%22%5BDate+-+Publication%5D+%3A+%222026%2F07%2F31%22%5BDate+-+Publication%5D%29,Broken,403,https://pubmed.ncbi.nlm.nih.gov/?term=%28%28oligonucleotide+OR+%22nucleic+acid%22+OR+siRNA%29+AND+%28%22LC-MS%22+OR+chromatography+OR+%22mass+spectrometry%22%29%29+AND+%28%222026%2F07%2F01%22%5BDate+-+Publication%5D+%3A+%222026%2F07%2F31%22%5BDate+-+Publication%5D%29,,,strict access failure,2026-08-02T19:44:26+00:00,fresh data/link_health.json,[]
https://pubmed.ncbi.nlm.nih.gov/?term=%28%28oligonucleotide+OR+%22nucleic+acid%22+OR+siRNA%29+AND+%28%22LC-MS%22+OR+chromatography+OR+%22mass+spectrometry%22%29%29+AND+%28%222026%2F07%2F02%22%5BDate+-+Publication%5D+%3A+%222026%2F08%2F01%22%5BDate+-+Publication%5D%29,Broken,403,https://pubmed.ncbi.nlm.nih.gov/?term=%28%28oligonucleotide+OR+%22nucleic+acid%22+OR+siRNA%29+AND+%28%22LC-MS%22+OR+chromatography+OR+%22mass+spectrometry%22%29%29+AND+%28%222026%2F07%2F02%22%5BDate+-+Publication%5D+%3A+%222026%2F08%2F01%22%5BDate+-+Publication%5D%29,,,strict access failure,2026-08-02T19:44:26+00:00,fresh data/link_health.json,[]
https://pubmed.ncbi.nlm.nih.gov/?term=%28%28proteomics+OR+metabolomics%29+AND+%28%22LC-MS%22+OR+Orbitrap+OR+%22mass+spectrometry%22%29%29+AND+%28%222021%2F07%2F31%22%5BDate+-+Publication%5D+%3A+%222026%2F07%2F30%22%5BDate+-+Publication%5D%29,Broken,403,https://pubmed.ncbi.nlm.nih.gov/?term=%28%28proteomics+OR+metabolomics%29+AND+%28%22LC-MS%22+OR+Orbitrap+OR+%22mass+spectrometry%22%29%29+AND+%28%222021%2F07%2F31%22%5BDate+-+Publication%5D+%3A+%222026%2F07%2F30%22%5BDate+-+Publication%5D%29,,,strict access failure,2026-08-02T19:44:26+00:00,fresh data/link_health.json,[]
https://pubmed.ncbi.nlm.nih.gov/?term=%28%28proteomics+OR+metabolomics%29+AND+%28%22LC-MS%22+OR+Orbitrap+OR+%22mass+spectrometry%22%29%29+AND+%28%222021%2F08%2F01%22%5BDate+-+Publication%5D+%3A+%222026%2F07%2F31%22%5BDate+-+Publication%5D%29,Broken,403,https://pubmed.ncbi.nlm.nih.gov/?term=%28%28proteomics+OR+metabolomics%29+AND+%28%22LC-MS%22+OR+Orbitrap+OR+%22mass+spectrometry%22%29%29+AND+%28%222021%2F08%2F01%22%5BDate+-+Publication%5D+%3A+%222026%2F07%2F31%22%5BDate+-+Publication%5D%29,,,strict access failure,2026-08-02T19:44:26+00:00,fresh data/link_health.json,[]
https://pubmed.ncbi.nlm.nih.gov/?term=%28%28proteomics+OR+metabolomics%29+AND+%28%22LC-MS%22+OR+Orbitrap+OR+%22mass+spectrometry%22%29%29+AND+%28%222021%2F08%2F02%22%5BDate+-+Publication%5D+%3A+%222026%2F08%2F01%22%5BDate+-+Publication%5D%29,Broken,403,https://pubmed.ncbi.nlm.nih.gov/?term=%28%28proteomics+OR+metabolomics%29+AND+%28%22LC-MS%22+OR+Orbitrap+OR+%22mass+spectrometry%22%29%29+AND+%28%222021%2F08%2F02%22%5BDate+-+Publication%5D+%3A+%222026%2F08%2F01%22%5BDate+-+Publication%5D%29,,,strict access failure,2026-08-02T19:44:26+00:00,fresh data/link_health.json,[]
https://pubmed.ncbi.nlm.nih.gov/?term=%28%28proteomics+OR+metabolomics%29+AND+%28%22LC-MS%22+OR+Orbitrap+OR+%22mass+spectrometry%22%29%29+AND+%28%222023%2F07%2F31%22%5BDate+-+Publication%5D+%3A+%222026%2F07%2F30%22%5BDate+-+Publication%5D%29,Broken,403,https://pubmed.ncbi.nlm.nih.gov/?term=%28%28proteomics+OR+metabolomics%29+AND+%28%22LC-MS%22+OR+Orbitrap+OR+%22mass+spectrometry%22%29%29+AND+%28%222023%2F07%2F31%22%5BDate+-+Publication%5D+%3A+%222026%2F07%2F30%22%5BDate+-+Publication%5D%29,,,strict access failure,2026-08-02T19:44:27+00:00,fresh data/link_health.json,[]
https://pubmed.ncbi.nlm.nih.gov/?term=%28%28proteomics+OR+metabolomics%29+AND+%28%22LC-MS%22+OR+Orbitrap+OR+%22mass+spectrometry%22%29%29+AND+%28%222023%2F08%2F01%22%5BDate+-+Publication%5D+%3A+%222026%2F07%2F31%22%5BDate+-+Publication%5D%29,Broken,403,https://pubmed.ncbi.nlm.nih.gov/?term=%28%28proteomics+OR+metabolomics%29+AND+%28%22LC-MS%22+OR+Orbitrap+OR+%22mass+spectrometry%22%29%29+AND+%28%222023%2F08%2F01%22%5BDate+-+Publication%5D+%3A+%222026%2F07%2F31%22%5BDate+-+Publication%5D%29,,,strict access failure,2026-08-02T19:44:27+00:00,fresh data/link_health.json,[]
https://pubmed.ncbi.nlm.nih.gov/?term=%28%28proteomics+OR+metabolomics%29+AND+%28%22LC-MS%22+OR+Orbitrap+OR+%22mass+spectrometry%22%29%29+AND+%28%222023%2F08%2F02%22%5BDate+-+Publication%5D+%3A+%222026%2F08%2F01%22%5BDate+-+Publication%5D%29,Broken,403,https://pubmed.ncbi.nlm.nih.gov/?term=%28%28proteomics+OR+metabolomics%29+AND+%28%22LC-MS%22+OR+Orbitrap+OR+%22mass+spectrometry%22%29%29+AND+%28%222023%2F08%2F02%22%5BDate+-+Publication%5D+%3A+%222026%2F08%2F01%22%5BDate+-+Publication%5D%29,,,strict access failure,2026-08-02T19:44:27+00:00,fresh data/link_health.json,[]
https://pubmed.ncbi.nlm.nih.gov/?term=%28%28proteomics+OR+metabolomics%29+AND+%28%22LC-MS%22+OR+Orbitrap+OR+%22mass+spectrometry%22%29%29+AND+%28%222025%2F07%2F30%22%5BDate+-+Publication%5D+%3A+%222026%2F07%2F30%22%5BDate+-+Publication%5D%29,Broken,403,https://pubmed.ncbi.nlm.nih.gov/?term=%28%28proteomics+OR+metabolomics%29+AND+%28%22LC-MS%22+OR+Orbitrap+OR+%22mass+spectrometry%22%29%29+AND+%28%222025%2F07%2F30%22%5BDate+-+Publication%5D+%3A+%222026%2F07%2F30%22%5BDate+-+Publication%5D%29,,,strict access failure,2026-08-02T19:44:27+00:00,fresh data/link_health.json,[]
https://pubmed.ncbi.nlm.nih.gov/?term=%28%28proteomics+OR+metabolomics%29+AND+%28%22LC-MS%22+OR+Orbitrap+OR+%22mass+spectrometry%22%29%29+AND+%28%222025%2F07%2F31%22%5BDate+-+Publication%5D+%3A+%222026%2F07%2F31%22%5BDate+-+Publication%5D%29,Broken,403,https://pubmed.ncbi.nlm.nih.gov/?term=%28%28proteomics+OR+metabolomics%29+AND+%28%22LC-MS%22+OR+Orbitrap+OR+%22mass+spectrometry%22%29%29+AND+%28%222025%2F07%2F31%22%5BDate+-+Publication%5D+%3A+%222026%2F07%2F31%22%5BDate+-+Publication%5D%29,,,strict access failure,2026-08-02T19:44:27+00:00,fresh data/link_health.json,[]
https://pubmed.ncbi.nlm.nih.gov/?term=%28%28proteomics+OR+metabolomics%29+AND+%28%22LC-MS%22+OR+Orbitrap+OR+%22mass+spectrometry%22%29%29+AND+%28%222025%2F08%2F01%22%5BDate+-+Publication%5D+%3A+%222026%2F08%2F01%22%5BDate+-+Publication%5D%29,Broken,403,https://pubmed.ncbi.nlm.nih.gov/?term=%28%28proteomics+OR+metabolomics%29+AND+%28%22LC-MS%22+OR+Orbitrap+OR+%22mass+spectrometry%22%29%29+AND+%28%222025%2F08%2F01%22%5BDate+-+Publication%5D+%3A+%222026%2F08%2F01%22%5BDate+-+Publication%5D%29,,,strict access failure,2026-08-02T19:44:27+00:00,fresh data/link_health.json,[]
https://pubmed.ncbi.nlm.nih.gov/?term=%28%28proteomics+OR+metabolomics%29+AND+%28%22LC-MS%22+OR+Orbitrap+OR+%22mass+spectrometry%22%29%29+AND+%28%222026%2F05%2F01%22%5BDate+-+Publication%5D+%3A+%222026%2F07%2F30%22%5BDate+-+Publication%5D%29,Broken,403,https://pubmed.ncbi.nlm.nih.gov/?term=%28%28proteomics+OR+metabolomics%29+AND+%28%22LC-MS%22+OR+Orbitrap+OR+%22mass+spectrometry%22%29%29+AND+%28%222026%2F05%2F01%22%5BDate+-+Publication%5D+%3A+%222026%2F07%2F30%22%5BDate+-+Publication%5D%29,,,strict access failure,2026-08-02T19:44:27+00:00,fresh data/link_health.json,[]
https://pubmed.ncbi.nlm.nih.gov/?term=%28%28proteomics+OR+metabolomics%29+AND+%28%22LC-MS%22+OR+Orbitrap+OR+%22mass+spectrometry%22%29%29+AND+%28%222026%2F05%2F02%22%5BDate+-+Publication%5D+%3A+%222026%2F07%2F31%22%5BDate+-+Publication%5D%29,Broken,403,https://pubmed.ncbi.nlm.nih.gov/?term=%28%28proteomics+OR+metabolomics%29+AND+%28%22LC-MS%22+OR+Orbitrap+OR+%22mass+spectrometry%22%29%29+AND+%28%222026%2F05%2F02%22%5BDate+-+Publication%5D+%3A+%222026%2F07%2F31%22%5BDate+-+Publication%5D%29,,,strict access failure,2026-08-02T19:44:27+00:00,fresh data/link_health.json,[]
https://pubmed.ncbi.nlm.nih.gov/?term=%28%28proteomics+OR+metabolomics%29+AND+%28%22LC-MS%22+OR+Orbitrap+OR+%22mass+spectrometry%22%29%29+AND+%28%222026%2F05%2F03%22%5BDate+-+Publication%5D+%3A+%222026%2F08%2F01%22%5BDate+-+Publication%5D%29,Broken,403,https://pubmed.ncbi.nlm.nih.gov/?term=%28%28proteomics+OR+metabolomics%29+AND+%28%22LC-MS%22+OR+Orbitrap+OR+%22mass+spectrometry%22%29%29+AND+%28%222026%2F05%2F03%22%5BDate+-+Publication%5D+%3A+%222026%2F08%2F01%22%5BDate+-+Publication%5D%29,,,strict access failure,2026-08-02T19:44:27+00:00,fresh data/link_health.json,[]
https://pubmed.ncbi.nlm.nih.gov/?term=%28%28proteomics+OR+metabolomics%29+AND+%28%22LC-MS%22+OR+Orbitrap+OR+%22mass+spectrometry%22%29%29+AND+%28%222026%2F05%2F31%22%5BDate+-+Publication%5D+%3A+%222026%2F07%2F30%22%5BDate+-+Publication%5D%29,Broken,403,https://pubmed.ncbi.nlm.nih.gov/?term=%28%28proteomics+OR+metabolomics%29+AND+%28%22LC-MS%22+OR+Orbitrap+OR+%22mass+spectrometry%22%29%29+AND+%28%222026%2F05%2F31%22%5BDate+-+Publication%5D+%3A+%222026%2F07%2F30%22%5BDate+-+Publication%5D%29,,,strict access failure,2026-08-02T19:44:27+00:00,fresh data/link_health.json,[]
https://pubmed.ncbi.nlm.nih.gov/?term=%28%28proteomics+OR+metabolomics%29+AND+%28%22LC-MS%22+OR+Orbitrap+OR+%22mass+spectrometry%22%29%29+AND+%28%222026%2F06%2F01%22%5BDate+-+Publication%5D+%3A+%222026%2F07%2F31%22%5BDate+-+Publication%5D%29,Broken,403,https://pubmed.ncbi.nlm.nih.gov/?term=%28%28proteomics+OR+metabolomics%29+AND+%28%22LC-MS%22+OR+Orbitrap+OR+%22mass+spectrometry%22%29%29+AND+%28%222026%2F06%2F01%22%5BDate+-+Publication%5D+%3A+%222026%2F07%2F31%22%5BDate+-+Publication%5D%29,,,strict access failure,2026-08-02T19:44:27+00:00,fresh data/link_health.json,[]
https://pubmed.ncbi.nlm.nih.gov/?term=%28%28proteomics+OR+metabolomics%29+AND+%28%22LC-MS%22+OR+Orbitrap+OR+%22mass+spectrometry%22%29%29+AND+%28%222026%2F06%2F02%22%5BDate+-+Publication%5D+%3A+%222026%2F08%2F01%22%5BDate+-+Publication%5D%29,Broken,403,https://pubmed.ncbi.nlm.nih.gov/?term=%28%28proteomics+OR+metabolomics%29+AND+%28%22LC-MS%22+OR+Orbitrap+OR+%22mass+spectrometry%22%29%29+AND+%28%222026%2F06%2F02%22%5BDate+-+Publication%5D+%3A+%222026%2F08%2F01%22%5BDate+-+Publication%5D%29,,,strict access failure,2026-08-02T19:44:27+00:00,fresh data/link_health.json,[]
https://pubmed.ncbi.nlm.nih.gov/?term=%28%28proteomics+OR+metabolomics%29+AND+%28%22LC-MS%22+OR+Orbitrap+OR+%22mass+spectrometry%22%29%29+AND+%28%222026%2F06%2F30%22%5BDate+-+Publication%5D+%3A+%222026%2F07%2F30%22%5BDate+-+Publication%5D%29,Broken,403,https://pubmed.ncbi.nlm.nih.gov/?term=%28%28proteomics+OR+metabolomics%29+AND+%28%22LC-MS%22+OR+Orbitrap+OR+%22mass+spectrometry%22%29%29+AND+%28%222026%2F06%2F30%22%5BDate+-+Publication%5D+%3A+%222026%2F07%2F30%22%5BDate+-+Publication%5D%29,,,strict access failure,2026-08-02T19:44:27+00:00,fresh data/link_health.json,[]
https://pubmed.ncbi.nlm.nih.gov/?term=%28%28proteomics+OR+metabolomics%29+AND+%28%22LC-MS%22+OR+Orbitrap+OR+%22mass+spectrometry%22%29%29+AND+%28%222026%2F07%2F01%22%5BDate+-+Publication%5D+%3A+%222026%2F07%2F31%22%5BDate+-+Publication%5D%29,Broken,403,https://pubmed.ncbi.nlm.nih.gov/?term=%28%28proteomics+OR+metabolomics%29+AND+%28%22LC-MS%22+OR+Orbitrap+OR+%22mass+spectrometry%22%29%29+AND+%28%222026%2F07%2F01%22%5BDate+-+Publication%5D+%3A+%222026%2F07%2F31%22%5BDate+-+Publication%5D%29,,,strict access failure,2026-08-02T19:44:27+00:00,fresh data/link_health.json,[]
https://pubmed.ncbi.nlm.nih.gov/?term=%28%28proteomics+OR+metabolomics%29+AND+%28%22LC-MS%22+OR+Orbitrap+OR+%22mass+spectrometry%22%29%29+AND+%28%222026%2F07%2F02%22%5BDate+-+Publication%5D+%3A+%222026%2F08%2F01%22%5BDate+-+Publication%5D%29,Broken,403,https://pubmed.ncbi.nlm.nih.gov/?term=%28%28proteomics+OR+metabolomics%29+AND+%28%22LC-MS%22+OR+Orbitrap+OR+%22mass+spectrometry%22%29%29+AND+%28%222026%2F07%2F02%22%5BDate+-+Publication%5D+%3A+%222026%2F08%2F01%22%5BDate+-+Publication%5D%29,,,strict access failure,2026-08-02T19:44:28+00:00,fresh data/link_health.json,[]
https://pubs.acs.org/journal/ancham,Broken,403,https://pubs.acs.org/journal/ancham,Just a moment...,,HTTP response contains an access-control or bot-challenge page,2026-08-02T19:44:28+00:00,fresh data/link_health.json,"[{""file"": ""data/journal_sources.json"", ""path"": """", ""label"": """"}, {""file"": ""data/journal_sources.json"", ""path"": ""sources.9"", ""label"": ""Analytical Chemistry""}, {""file"": ""data/source_catalog.json"", ""path"": """", ""label"": ""Data Source Inventory""}, {""file"": ""data/source_catalog.json"", ""path"": ""sources.20"", ""label"": """"}]"
https://pubs.acs.org/journal/jamsef,Broken,403,https://pubs.acs.org/journal/jamsef,Just a moment...,,HTTP response contains an access-control or bot-challenge page,2026-08-02T19:44:28+00:00,fresh data/link_health.json,"[{""file"": ""data/journal_sources.json"", ""path"": """", ""label"": """"}, {""file"": ""data/journal_sources.json"", ""path"": ""sources.12"", ""label"": ""Journal of the American Society for Mass Spectrometry (JASMS)""}, {""file"": ""data/source_catalog.json"", ""path"": """", ""label"": ""Data Source Inventory""}, {""file"": ""data/source_catalog.json"", ""path"": ""sources.23"", ""label"": """"}]"
https://registrations.e-b-f.eu/19th-ebf-open-symposium-academy-2026/,OK,200,https://registrations.e-b-f.eu/19th-ebf-open-symposium-academy-2026/,19th EBF Open Symposium (Academy) – 2026 – EBF Registrations,Closed…,,2026-08-02T19:58:34+00:00,fresh direct fetch,[]
https://registrations.e-b-f.eu/19th-ebf-open-symposium-industry-2026/,OK,200,https://registrations.e-b-f.eu/19th-ebf-open-symposium-industry-2026/,19th EBF Open Symposium (Industry) – 2026 – EBF Registrations,Closed…,,2026-08-02T19:58:34+00:00,fresh direct fetch,[]
https://s7.goeshow.com/aaps/pharmsci/2026/exhibitors_sponsors.cfm,OK,200,https://s7.goeshow.com/aaps/pharmsci/2026/exhibitors_sponsors.cfm,Exhibitors & Sponsors,Exhibitors & Sponsors,,2026-08-02T19:58:34+00:00,fresh direct fetch,[]
https://sam.gov/content/contracting,OK,200,https://sam.gov/content/contracting,SAM.gov | Home,,,2026-08-02T19:44:28+00:00,fresh status plus retained title,"[{""file"": ""data/market_application_sources.json"", ""path"": """", ""label"": """"}, {""file"": ""data/market_application_sources.json"", ""path"": ""sources.19"", ""label"": ""SAM.gov Contracting""}]"
https://sciex.com/about-us/press-releases,OK,200,https://sciex.com/about-us/press-releases,Press Releases,,,2026-08-02T19:44:28+00:00,fresh status plus retained title,"[{""file"": ""data/intelligence.json"", ""path"": """", ""label"": """"}, {""file"": ""data/intelligence.json"", ""path"": ""sourceHealth.9"", ""label"": ""Press Releases""}, {""file"": ""data/source_catalog.json"", ""path"": """", ""label"": ""Data Source Inventory""}, {""file"": ""data/source_catalog.json"", ""path"": ""sources.11"", ""label"": """"}]"
https://sciex.com/about-us/press-releases/2010,OK,200,https://sciex.com/about-us/press-releases/2010,2010 Press Releases,,,2026-08-02T19:44:28+00:00,fresh status plus retained title,"[{""file"": ""data/historical_product_catalog.json"", ""path"": """", ""label"": """"}, {""file"": ""data/historical_product_catalog.json"", ""path"": ""products.81"", ""label"": ""TripleTOF 5600 System""}]"
https://sciex.com/about-us/press-releases/2014,OK,200,https://sciex.com/about-us/press-releases/2014,2014 Press Releases,,,2026-08-02T19:44:28+00:00,fresh status plus retained title,"[{""file"": ""data/historical_product_catalog.json"", ""path"": """", ""label"": """"}, {""file"": ""data/historical_product_catalog.json"", ""path"": ""products.85"", ""label"": ""Triple Quad 3500 System""}, {""file"": ""data/historical_product_catalog.json"", ""path"": ""products.86"", ""label"": ""TripleTOF 6600 System""}]"
https://sciex.com/about-us/press-releases/2015/sciex-launches-brand-new-high-resolution-mass-spec-system-designed-exclusively-for-routine-testing-use,OK,200,https://sciex.com/about-us/press-releases/2015/sciex-launches-brand-new-high-resolution-mass-spec-system-designed-exclusively-for-routine-testing-use,SCIEX Launches Brand New High Resolution Mass Spec System Designed Exclusively for Routine Testing Use,,,2026-08-02T19:44:28+00:00,fresh status plus retained title,"[{""file"": ""data/historical_product_catalog.json"", ""path"": """", ""label"": """"}, {""file"": ""data/historical_product_catalog.json"", ""path"": ""products.87"", ""label"": ""X500R QTOF System""}]"
https://sciex.com/about-us/press-releases/2019,OK,200,https://sciex.com/about-us/press-releases/2019,2019,,,2026-08-02T19:44:28+00:00,fresh status plus retained title,"[{""file"": ""data/historical_product_catalog.json"", ""path"": """", ""label"": """"}, {""file"": ""data/historical_product_catalog.json"", ""path"": ""products.89"", ""label"": ""5500+ System""}, {""file"": ""data/historical_product_catalog.json"", ""path"": ""products.90"", ""label"": ""TripleTOF 6600+ System""}]"
https://sciex.com/about-us/press-releases/2020,OK,200,https://sciex.com/about-us/press-releases/2020,2020,,,2026-08-02T19:44:28+00:00,fresh status plus retained title,"[{""file"": ""data/historical_product_catalog.json"", ""path"": """", ""label"": """"}, {""file"": ""data/historical_product_catalog.json"", ""path"": ""products.91"", ""label"": ""Echo MS System""}, {""file"": ""data/historical_product_catalog.json"", ""path"": ""products.92"", ""label"": ""SCIEX 7500 System""}, {""file"": ""data/historical_product_catalog.json"", ""path"": ""products.93"", ""label"": ""SCIEX OS Software Platform""}]"
https://sciex.com/about-us/press-releases/2021/sciex-presents-new-accurate-mass-instrument-the-zenotof-7600-system,OK,200,https://sciex.com/about-us/press-releases/2021/sciex-presents-new-accurate-mass-instrument-the-zenotof-7600-system,"SCIEX presents new accurate mass instrument, the ZenoTOF 7600 system",,,2026-08-02T19:44:28+00:00,fresh status plus retained title,"[{""file"": ""data/product_launches.json"", ""path"": """", ""label"": """"}, {""file"": ""data/product_launches.json"", ""path"": ""launches.13"", ""label"": ""ZenoTOF 7600 System""}]"
https://sciex.com/about-us/press-releases/2024/sciex-7500plus-system-launches-at-asms2024,OK,200,https://sciex.com/about-us/press-releases/2024/sciex-7500plus-system-launches-at-asms2024,The SCIEX 7500+ system launches at ASMS 2024,,,2026-08-02T19:44:28+00:00,fresh status plus retained title,"[{""file"": ""data/product_launches.json"", ""path"": """", ""label"": """"}, {""file"": ""data/product_launches.json"", ""path"": ""launches.11"", ""label"": ""SCIEX 7500+ System""}]"
https://sciex.com/about-us/press-releases/2024/sciex-expands-high-throughput-screening-solutions-with-echo-ms-system,OK,200,https://sciex.com/about-us/press-releases/2024/sciex-expands-high-throughput-screening-solutions-with-echo-ms-system,SCIEX expands high-throughput screening solutions with Echo MS+ system,,,2026-08-02T19:44:29+00:00,fresh status plus retained title,"[{""file"": ""data/product_launches.json"", ""path"": """", ""label"": """"}, {""file"": ""data/product_launches.json"", ""path"": ""launches.12"", ""label"": ""Echo MS+ System""}]"
https://sciex.com/about-us/press-releases/2024/sciex-launches-the-zenotof-7600-system-at-hupo-world-congress-2024-alongside-three-collaborations-to-further-proteomics-capabilities,OK,200,https://sciex.com/about-us/press-releases/2024/sciex-launches-the-zenotof-7600-system-at-hupo-world-congress-2024-alongside-three-collaborations-to-further-proteomics-capabilities,"SCIEX launches the ZenoTOF 7600+ system at HUPO World Congress 2024, alongside three collaborations to further proteomics capabilities",,,2026-08-02T19:44:29+00:00,fresh status plus retained title,"[{""file"": ""data/product_launches.json"", ""path"": """", ""label"": """"}, {""file"": ""data/product_launches.json"", ""path"": ""launches.10"", ""label"": ""ZenoTOF 7600+ System""}]"
https://sciex.com/about-us/press-releases/2025/zenotof-8600-system-press-release-5-dot-27-dot-25,OK,200,https://sciex.com/about-us/press-releases/2025/zenotof-8600-system-press-release-5-dot-27-dot-25,SCIEX sets a new standard in accurate mass quantitation with the ZenoTOF 8600 system and new software collaborations,,,2026-08-02T19:44:29+00:00,fresh status plus retained title,"[{""file"": ""data/product_launches.json"", ""path"": """", ""label"": """"}, {""file"": ""data/product_launches.json"", ""path"": ""launches.9"", ""label"": ""ZenoTOF 8600 System""}]"
https://sciex.com/about-us/press-releases/2026,OK,200,https://sciex.com/about-us/press-releases/2026,2026 Press Releases,,,2026-08-02T19:44:29+00:00,fresh status plus retained title,"[{""file"": ""data/competitor_monitors.json"", ""path"": """", ""label"": """"}, {""file"": ""data/competitor_monitors.json"", ""path"": ""competitors"", ""label"": """"}, {""file"": ""data/competitor_monitors.json"", ""path"": ""competitors.SCIEX"", ""label"": """"}, {""file"": ""data/competitor_monitors.json"", ""path"": ""competitors.SCIEX.source_status.1"", ""label"": """"}, {""file"": ""data/intelligence.json"", ""path"": """", ""label"": """"}, {""file"": ""data/intelligence.json"", ""path"": ""competitorExtraction"", ""label"": """"}, {""file"": ""data/intelligence.json"", ""path"": ""competitorExtraction.competitors"", ""label"": """"}, {""file"": ""data/intelligence.json"", ""path"": ""competitorExtraction.competitors.SCIEX"", ""label"": """"}, {""file"": ""data/intelligence.json"", ""path"": ""competitorExtraction.competitors.SCIEX.sourceStatus.1"", ""label"": """"}]"
https://sciex.com/about-us/press-releases/2026/sciex-launches-its-5th-generation-of-nominal-mass-novus-v55-system-with-sciexos-5-0-software,OK,200,https://sciex.com/about-us/press-releases/2026/sciex-launches-its-5th-generation-of-nominal-mass-novus-v55-system-with-sciexos-5-0-software,"SCIEX launches its 5th generation of nominal mass, the novus V55 system with SCIEX OS 5.0 software",,,2026-08-02T19:44:29+00:00,fresh status plus retained title,"[{""file"": ""data/intelligence.json"", ""path"": """", ""label"": """"}, {""file"": ""data/intelligence.json"", ""path"": ""signals.183"", ""label"": ""SCIEX launches the novus V55 system with SCIEX OS 5.0 software and AI enablement tools""}, {""file"": ""data/intelligence.json"", ""path"": ""recommendations.1"", ""label"": ""Decide whether Next Gen LC and Alliance iS need new end-to-end workflow requirements""}, {""file"": ""data/intelligence.json"", ""path"": ""recommendations.1.urgency"", ""label"": """"}, {""file"": ""data/intelligence.json"", ""path"": ""recommendations.1.urgency.competitorActions.1"", ""label"": """"}, {""file"": ""data/intelligence.json"", ""path"": ""recommendations.1.evidenceBasis"", ""label"": """"}, {""file"": ""data/intelligence.json"", ""path"": ""recommendations.1.evidenceBasis.links.2"", ""label"": ""SCIEX novus V55 and SCIEX OS 5.0 release""}, {""file"": ""data/product_launches.json"", ""path"": """", ""label"": """"}, {""file"": ""data/product_launches.json"", ""path"": ""launches.8"", ""label"": ""novus V55 System with SCIEX OS 5.0""}]"
https://sciex.com/about-us/press-releases/2026/sciex-launches-its-5th-generation-of-nominal-mass-novus-v55-system-with-sciexos-5-0-software#:~:text=New%20SCIEX%20OS%205.0%20software%20introduces%20new%20features%20including%3A,OK,200,https://sciex.com/about-us/press-releases/2026/sciex-launches-its-5th-generation-of-nominal-mass-novus-v55-system-with-sciexos-5-0-software#:~:text=New%20SCIEX%20OS%205.0%20software%20introduces%20new%20features%20including%3A,"SCIEX launches its 5th generation of nominal mass, the novus V55 system with SCIEX OS 5.0 software",,,2026-08-02T19:44:29+00:00,fresh status plus retained title,"[{""file"": ""data/product_launches.json"", ""path"": """", ""label"": """"}, {""file"": ""data/product_launches.json"", ""path"": ""launches.8"", ""label"": ""novus V55 System with SCIEX OS 5.0""}]"
https://sciex.com/about-us/press-releases/2026/sciex-software-solutions-advance-workflow-efficiency-with-six-industry-collaborations,OK,200,https://sciex.com/about-us/press-releases/2026/sciex-software-solutions-advance-workflow-efficiency-with-six-industry-collaborations,SCIEX software solutions advance workflow efficiency with six industry collaborations,,,2026-08-02T19:58:34+00:00,fresh direct fetch,[]
https://sciex.com/about-us/press-releases/2026/the-echor-ms-system-integration-with-the-zenotof-8600-system-delivers-enhanced-sensitivity-for-high-throughput-screening,OK,200,https://sciex.com/about-us/press-releases/2026/the-echor-ms-system-integration-with-the-zenotof-8600-system-delivers-enhanced-sensitivity-for-high-throughput-screening,The Echo® MS+ system integration with the ZenoTOF 8600 system delivers enhanced sensitivity for high-throughput screening,,,2026-08-02T19:44:29+00:00,fresh status plus retained title,"[{""file"": ""data/intelligence.json"", ""path"": """", ""label"": """"}, {""file"": ""data/intelligence.json"", ""path"": ""signals.229"", ""label"": ""The Echo® MS+ system integration with the ZenoTOF 8600 system delivers enhanced sensitivity for high-throughput screening""}]"
https://sciex.com/about-us/press-releases/2026/zenotof-unlock,OK,200,https://sciex.com/about-us/press-releases/2026/zenotof-unlock,"SCIEX advances the ZenoTOF line with platform-wide expansions in software, integrations, and key collaborations",,,2026-08-02T19:44:29+00:00,fresh status plus retained title,"[{""file"": ""data/intelligence.json"", ""path"": """", ""label"": """"}, {""file"": ""data/intelligence.json"", ""path"": ""signals.184"", ""label"": ""SCIEX advances the ZenoTOF line with platform-wide expansions in software, integrations, and key collaborations""}]"
https://sciex.com/br/about-us/press-releases/2012/6500-series,OK,200,https://sciex.com/br/about-us/press-releases/2012/6500-series,SCIEX Launches the Worlds Most Sensitive Mass Spectrometer to Achieve the Lowest Limits of Quantitation in Complex Matrices,,,2026-08-02T19:44:29+00:00,fresh status plus retained title,"[{""file"": ""data/historical_product_catalog.json"", ""path"": """", ""label"": """"}, {""file"": ""data/historical_product_catalog.json"", ""path"": ""products.82"", ""label"": ""6500 Series LC-MS/MS Systems""}]"
https://sciex.com/content/dam/SCIEX/pdf/flyers/cn/sciex-ms-product-roadmap-zh.pdf,OK,200,https://sciex.com/content/dam/SCIEX/pdf/flyers/cn/sciex-ms-product-roadmap-zh.pdf,,,,2026-08-02T19:58:34+00:00,fresh direct fetch,"[{""file"": ""data/historical_product_catalog.json"", ""path"": """", ""label"": """"}, {""file"": ""data/historical_product_catalog.json"", ""path"": ""products.78"", ""label"": ""API 4000 LC-MS/MS System""}, {""file"": ""data/historical_product_catalog.json"", ""path"": ""products.79"", ""label"": ""QTRAP Linear Ion Trap Platform""}, {""file"": ""data/historical_product_catalog.json"", ""path"": ""products.80"", ""label"": ""API 5000 LC-MS/MS System""}, {""file"": ""data/historical_product_catalog.json"", ""path"": ""products.83"", ""label"": ""4500 Series LC-MS/MS Systems""}, {""file"": ""data/historical_product_catalog.json"", ""path"": ""products.84"", ""label"": ""TripleTOF 5600+ System""}, {""file"": ""data/historical_product_catalog.json"", ""path"": ""products.88"", ""label"": ""QTRAP 6500+ System""}]"
https://sciex.com/products/hplc-products/exionlc-2,OK,200,https://sciex.com/products/hplc-products/exionlc-2,ExionLC™ 2.0 System for UHPLC,,,2026-08-02T19:44:29+00:00,fresh status plus retained title,"[{""file"": ""data/intelligence.json"", ""path"": """", ""label"": """"}, {""file"": ""data/intelligence.json"", ""path"": ""signals.52"", ""label"": ""SCIEX added Exionlc 2""}]"
https://sciex.com/products/hplc-products/exionlc-ae,OK,200,https://sciex.com/products/hplc-products/exionlc-ae,ExionLC AE system for UHPLC,,,2026-08-02T19:44:29+00:00,fresh status plus retained title,"[{""file"": ""data/intelligence.json"", ""path"": """", ""label"": """"}, {""file"": ""data/intelligence.json"", ""path"": ""signals.53"", ""label"": ""SCIEX added Exionlc Ae""}]"
https://sciex.com/products/hplc-products/microlc-products,OK,200,https://sciex.com/products/hplc-products/microlc-products,Micro-LC Products,,,2026-08-02T19:44:29+00:00,fresh status plus retained title,"[{""file"": ""data/intelligence.json"", ""path"": """", ""label"": """"}, {""file"": ""data/intelligence.json"", ""path"": ""signals.44"", ""label"": ""SCIEX added Microlc Products""}]"
https://sciex.com/products/hplc-products/microlc-products/m5-microlc,OK,200,https://sciex.com/products/hplc-products/microlc-products/m5-microlc,M5 MicroLC: See More with Microflow LC-MS,,,2026-08-02T19:44:29+00:00,fresh status plus retained title,"[{""file"": ""data/intelligence.json"", ""path"": """", ""label"": """"}, {""file"": ""data/intelligence.json"", ""path"": ""signals.46"", ""label"": ""SCIEX added M5 Microlc""}]"
https://sciex.com/products/hplc-products/microlc-products/micro-hplc-columns,OK,200,https://sciex.com/products/hplc-products/microlc-products/micro-hplc-columns,Micro HPLC Columns,,,2026-08-02T19:44:29+00:00,fresh status plus retained title,"[{""file"": ""data/intelligence.json"", ""path"": """", ""label"": """"}, {""file"": ""data/intelligence.json"", ""path"": ""signals.45"", ""label"": ""SCIEX added Micro Hplc Columns""}]"
https://sciex.com/products/hplc-products/nanolc-products,OK,200,https://sciex.com/products/hplc-products/nanolc-products,NanoFlow LC,,,2026-08-02T19:44:29+00:00,fresh status plus retained title,"[{""file"": ""data/intelligence.json"", ""path"": """", ""label"": """"}, {""file"": ""data/intelligence.json"", ""path"": ""signals.47"", ""label"": ""SCIEX added Nanolc Products""}]"
https://sciex.com/products/hplc-products/nanolc-products/chiplc-system,OK,200,https://sciex.com/products/hplc-products/nanolc-products/chiplc-system,cHiPLC System,,,2026-08-02T19:44:29+00:00,fresh status plus retained title,"[{""file"": ""data/intelligence.json"", ""path"": """", ""label"": """"}, {""file"": ""data/intelligence.json"", ""path"": ""signals.50"", ""label"": ""SCIEX added Chiplc System""}]"
https://sciex.com/products/hplc-products/nanolc-products/micro-chiplc-columns,OK,200,https://sciex.com/products/hplc-products/nanolc-products/micro-chiplc-columns,Micro cHiPLC Columns,,,2026-08-02T19:44:29+00:00,fresh status plus retained title,"[{""file"": ""data/intelligence.json"", ""path"": """", ""label"": """"}, {""file"": ""data/intelligence.json"", ""path"": ""signals.51"", ""label"": ""SCIEX added Micro Chiplc Columns""}]"
https://sciex.com/products/hplc-products/nanolc-products/nano-chiplc-columns,OK,200,https://sciex.com/products/hplc-products/nanolc-products/nano-chiplc-columns,Nano cHiPLC Columns,,,2026-08-02T19:44:29+00:00,fresh status plus retained title,"[{""file"": ""data/intelligence.json"", ""path"": """", ""label"": """"}, {""file"": ""data/intelligence.json"", ""path"": ""signals.49"", ""label"": ""SCIEX added Nano Chiplc Columns""}]"
https://sciex.com/products/hplc-products/nanolc-products/nanolc-400,OK,200,https://sciex.com/products/hplc-products/nanolc-products/nanolc-400,NanoLC 400,,,2026-08-02T19:44:29+00:00,fresh status plus retained title,"[{""file"": ""data/intelligence.json"", ""path"": """", ""label"": """"}, {""file"": ""data/intelligence.json"", ""path"": ""signals.48"", ""label"": ""SCIEX added Nanolc 400""}]"
https://sciex.com/products/integrated-solutions/echo-ms-plus,OK,200,https://sciex.com/products/integrated-solutions/echo-ms-plus,Echo® MS+ system,,,2026-08-02T19:44:30+00:00,fresh status plus retained title,"[{""file"": ""data/product_launches.json"", ""path"": """", ""label"": """"}, {""file"": ""data/product_launches.json"", ""path"": ""launches.12"", ""label"": ""Echo MS+ System""}]"
https://sciex.com/products/mass-spectrometers,OK,200,https://sciex.com/products/mass-spectrometers,Liquid Chromatography Mass Spectrometers (LC-MS),,,2026-08-02T19:44:30+00:00,fresh status plus retained title,"[{""file"": ""data/intelligence.json"", ""path"": """", ""label"": """"}, {""file"": ""data/intelligence.json"", ""path"": ""sourceHealth.10"", ""label"": ""Liquid Chromatography Mass Spectrometers (LC-MS)""}, {""file"": ""data/source_catalog.json"", ""path"": """", ""label"": ""Data Source Inventory""}, {""file"": ""data/source_catalog.json"", ""path"": ""sources.12"", ""label"": """"}]"
https://sciex.com/products/mass-spectrometers/novus-v55-roi-calculator,OK,200,https://sciex.com/products/mass-spectrometers/novus-v55-roi-calculator,novus V55 ROI calculator,,,2026-08-02T19:44:30+00:00,fresh status plus retained title,"[{""file"": ""data/intelligence.json"", ""path"": """", ""label"": """"}, {""file"": ""data/intelligence.json"", ""path"": ""signals.43"", ""label"": ""SCIEX added Novus V55 Roi Calculator""}]"
https://sciex.com/products/mass-spectrometers/qtof-systems,OK,200,https://sciex.com/products/mass-spectrometers/qtof-systems,QTOF Systems,,,2026-08-02T19:44:30+00:00,fresh status plus retained title,"[{""file"": ""data/intelligence.json"", ""path"": """", ""label"": """"}, {""file"": ""data/intelligence.json"", ""path"": ""signals.12"", ""label"": ""SCIEX added Qtof Systems""}]"
https://sciex.com/products/mass-spectrometers/qtof-systems/7600-plus-system,OK,200,https://sciex.com/products/mass-spectrometers/qtof-systems/7600-plus-system,ZenoTOF 7600+ system,,,2026-08-02T19:44:30+00:00,fresh status plus retained title,"[{""file"": ""data/intelligence.json"", ""path"": """", ""label"": """"}, {""file"": ""data/intelligence.json"", ""path"": ""signals.20"", ""label"": ""SCIEX added 7600 Plus System""}, {""file"": ""data/product_launches.json"", ""path"": """", ""label"": """"}, {""file"": ""data/product_launches.json"", ""path"": ""launches.10"", ""label"": ""ZenoTOF 7600+ System""}]"
https://sciex.com/products/mass-spectrometers/qtof-systems/8600-system,OK,200,https://sciex.com/products/mass-spectrometers/qtof-systems/8600-system,ZenoTOF 8600 system | QTOF mass spectrometry for confident workflows,,,2026-08-02T19:44:30+00:00,fresh status plus retained title,"[{""file"": ""data/intelligence.json"", ""path"": """", ""label"": """"}, {""file"": ""data/intelligence.json"", ""path"": ""signals.21"", ""label"": ""SCIEX added 8600 System""}, {""file"": ""data/product_launches.json"", ""path"": """", ""label"": """"}, {""file"": ""data/product_launches.json"", ""path"": ""launches.9"", ""label"": ""ZenoTOF 8600 System""}]"
https://sciex.com/products/mass-spectrometers/qtof-systems/tripletof-systems,OK,200,https://sciex.com/products/mass-spectrometers/qtof-systems,QTOF Systems,,,2026-08-02T19:44:30+00:00,fresh status plus retained title,"[{""file"": ""data/intelligence.json"", ""path"": """", ""label"": """"}, {""file"": ""data/intelligence.json"", ""path"": ""signals.16"", ""label"": ""SCIEX added Tripletof Systems""}]"
https://sciex.com/products/mass-spectrometers/qtof-systems/tripletof-systems/tripletof-6600-system,OK,200,https://sciex.com/products/mass-spectrometers/qtof-systems/zenotof-7600-system,ZenoTOF 7600 system,,,2026-08-02T19:44:30+00:00,fresh status plus retained title,"[{""file"": ""data/intelligence.json"", ""path"": """", ""label"": """"}, {""file"": ""data/intelligence.json"", ""path"": ""signals.17"", ""label"": ""SCIEX added Tripletof 6600 System""}]"
https://sciex.com/products/mass-spectrometers/qtof-systems/tripletof-systems/tripletof-6600plus-system,OK,200,https://sciex.com/products/mass-spectrometers/qtof-systems,QTOF Systems,,,2026-08-02T19:44:30+00:00,fresh status plus retained title,"[{""file"": ""data/intelligence.json"", ""path"": """", ""label"": """"}, {""file"": ""data/intelligence.json"", ""path"": ""signals.18"", ""label"": ""SCIEX added Tripletof 6600Plus System""}]"
https://sciex.com/products/mass-spectrometers/qtof-systems/x-series-qtof-systems,OK,200,https://sciex.com/products/mass-spectrometers/qtof-systems/x-series-qtof-systems,X-Series QTOF Systems,,,2026-08-02T19:44:30+00:00,fresh status plus retained title,"[{""file"": ""data/intelligence.json"", ""path"": """", ""label"": """"}, {""file"": ""data/intelligence.json"", ""path"": ""signals.13"", ""label"": ""SCIEX added X Series Qtof Systems""}]"
https://sciex.com/products/mass-spectrometers/qtof-systems/x-series-qtof-systems/x500b-qtof-system,OK,200,https://sciex.com/products/mass-spectrometers/qtof-systems/x-series-qtof-systems/x500b-qtof-system,X500B: A Quadrupole Time-of-Flight Mass Spec for Biologics,,,2026-08-02T19:44:30+00:00,fresh status plus retained title,"[{""file"": ""data/intelligence.json"", ""path"": """", ""label"": """"}, {""file"": ""data/intelligence.json"", ""path"": ""signals.15"", ""label"": ""SCIEX added X500B Qtof System""}]"
https://sciex.com/products/mass-spectrometers/qtof-systems/x-series-qtof-systems/x500r-qtof-system,OK,200,https://sciex.com/products/mass-spectrometers/qtof-systems/x-series-qtof-systems/x500r-qtof-system,X500R QTOF System,,,2026-08-02T19:44:30+00:00,fresh status plus retained title,"[{""file"": ""data/intelligence.json"", ""path"": """", ""label"": """"}, {""file"": ""data/intelligence.json"", ""path"": ""signals.14"", ""label"": ""SCIEX added X500R Qtof System""}]"
https://sciex.com/products/mass-spectrometers/qtof-systems/zenotof-7600-system,OK,200,https://sciex.com/products/mass-spectrometers/qtof-systems/zenotof-7600-system,ZenoTOF 7600 system,,,2026-08-02T19:44:30+00:00,fresh status plus retained title,"[{""file"": ""data/intelligence.json"", ""path"": """", ""label"": """"}, {""file"": ""data/intelligence.json"", ""path"": ""signals.19"", ""label"": ""SCIEX added Zenotof 7600 System""}, {""file"": ""data/product_launches.json"", ""path"": """", ""label"": """"}, {""file"": ""data/product_launches.json"", ""path"": ""launches.13"", ""label"": ""ZenoTOF 7600 System""}]"
https://sciex.com/products/mass-spectrometers/qtrap-systems,OK,200,https://sciex.com/products/mass-spectrometers/qtrap-systems,QTRAP LC-MS/MS Systems,,,2026-08-02T19:44:30+00:00,fresh status plus retained title,"[{""file"": ""data/intelligence.json"", ""path"": """", ""label"": """"}, {""file"": ""data/intelligence.json"", ""path"": ""signals.22"", ""label"": ""SCIEX added Qtrap Systems""}]"
https://sciex.com/products/mass-spectrometers/qtrap-systems/qtrap-3200-system,OK,200,https://sciex.com/products/mass-spectrometers/qtrap-systems/qtrap-3200-system,3200 QTRAP LC-MS/MS System,,,2026-08-02T19:44:30+00:00,fresh status plus retained title,"[{""file"": ""data/intelligence.json"", ""path"": """", ""label"": """"}, {""file"": ""data/intelligence.json"", ""path"": ""signals.28"", ""label"": ""SCIEX added Qtrap 3200 System""}]"
https://sciex.com/products/mass-spectrometers/qtrap-systems/qtrap-4000-system,OK,200,https://sciex.com/products/mass-spectrometers/qtrap-systems/qtrap-4000-system,4000 QTRAP LC-MS/MS System,,,2026-08-02T19:44:30+00:00,fresh status plus retained title,"[{""file"": ""data/intelligence.json"", ""path"": """", ""label"": """"}, {""file"": ""data/intelligence.json"", ""path"": ""signals.27"", ""label"": ""SCIEX added Qtrap 4000 System""}]"
https://sciex.com/products/mass-spectrometers/qtrap-systems/qtrap-4500-system,OK,200,https://sciex.com/products/mass-spectrometers/qtrap-systems/qtrap-4500-system,QTRAP 4500 LC-MS/MS System,,,2026-08-02T19:44:30+00:00,fresh status plus retained title,"[{""file"": ""data/intelligence.json"", ""path"": """", ""label"": """"}, {""file"": ""data/intelligence.json"", ""path"": ""signals.26"", ""label"": ""SCIEX added Qtrap 4500 System""}]"
https://sciex.com/products/mass-spectrometers/qtrap-systems/qtrap-5500-system,OK,200,https://sciex.com/products/mass-spectrometers/triple-quad-systems/triple-quad-5500-plus-system,QTRAP 5500 System,,,2026-08-02T19:44:31+00:00,fresh status plus retained title,"[{""file"": ""data/intelligence.json"", ""path"": """", ""label"": """"}, {""file"": ""data/intelligence.json"", ""path"": ""signals.25"", ""label"": ""SCIEX added Qtrap 5500 System""}]"
https://sciex.com/products/mass-spectrometers/qtrap-systems/qtrap-6500-system,OK,200,https://sciex.com/products/mass-spectrometers/qtrap-systems/qtrap-6500-system,QTRAP 6500 LC-MS/MS Systems,,,2026-08-02T19:44:31+00:00,fresh status plus retained title,"[{""file"": ""data/intelligence.json"", ""path"": """", ""label"": """"}, {""file"": ""data/intelligence.json"", ""path"": ""signals.24"", ""label"": ""SCIEX added Qtrap 6500 System""}]"
https://sciex.com/products/mass-spectrometers/qtrap-systems/qtrap-6500plus-system,OK,200,https://sciex.com/products/mass-spectrometers/qtrap-systems/qtrap-6500plus-system,QTRAP 6500plus System,,,2026-08-02T19:44:31+00:00,fresh status plus retained title,"[{""file"": ""data/intelligence.json"", ""path"": """", ""label"": """"}, {""file"": ""data/intelligence.json"", ""path"": ""signals.23"", ""label"": ""SCIEX added Qtrap 6500Plus System""}]"
https://sciex.com/products/mass-spectrometers/tof-tof-systems,OK,200,https://sciex.com/products/mass-spectrometers/tof-tof-systems,TOF/TOF Systems,,,2026-08-02T19:44:31+00:00,fresh status plus retained title,"[{""file"": ""data/intelligence.json"", ""path"": """", ""label"": """"}, {""file"": ""data/intelligence.json"", ""path"": ""signals.41"", ""label"": ""SCIEX added Tof Tof Systems""}]"
https://sciex.com/products/mass-spectrometers/tof-tof-systems/tof-tof-5800-system,OK,200,https://sciex.com/products/mass-spectrometers/tof-tof-systems/tof-tof-5800-system,TOF/TOF™ 5800 System,,,2026-08-02T19:44:31+00:00,fresh status plus retained title,"[{""file"": ""data/intelligence.json"", ""path"": """", ""label"": """"}, {""file"": ""data/intelligence.json"", ""path"": ""signals.42"", ""label"": ""SCIEX added Tof Tof 5800 System""}]"
https://sciex.com/products/mass-spectrometers/triple-quad-systems,OK,200,https://sciex.com/products/mass-spectrometers/triple-quad-systems,Triple Quad™ LC-MS/MS Systems,,,2026-08-02T19:44:31+00:00,fresh status plus retained title,"[{""file"": ""data/intelligence.json"", ""path"": """", ""label"": """"}, {""file"": ""data/intelligence.json"", ""path"": ""signals.29"", ""label"": ""SCIEX added Triple Quad Systems""}]"
https://sciex.com/products/mass-spectrometers/triple-quad-systems/api-3200-system,OK,200,https://sciex.com/products/mass-spectrometers/triple-quad-systems/api-3200-system,API 3200 System,,,2026-08-02T19:44:31+00:00,fresh status plus retained title,"[{""file"": ""data/intelligence.json"", ""path"": """", ""label"": """"}, {""file"": ""data/intelligence.json"", ""path"": ""signals.34"", ""label"": ""SCIEX added Api 3200 System""}]"
https://sciex.com/products/mass-spectrometers/triple-quad-systems/api-4000-system,OK,200,https://sciex.com/products/mass-spectrometers/triple-quad-systems/api-4000-system,API 4000 System,,,2026-08-02T19:44:31+00:00,fresh status plus retained title,"[{""file"": ""data/intelligence.json"", ""path"": """", ""label"": """"}, {""file"": ""data/intelligence.json"", ""path"": ""signals.36"", ""label"": ""SCIEX added Api 4000 System""}]"
https://sciex.com/products/mass-spectrometers/triple-quad-systems/novus-v55-system,OK,200,https://sciex.com/products/mass-spectrometers/triple-quad-systems/novus-v55-system,novus V55 system,,,2026-08-02T19:44:31+00:00,fresh status plus retained title,"[{""file"": ""data/intelligence.json"", ""path"": """", ""label"": """"}, {""file"": ""data/intelligence.json"", ""path"": ""signals.39"", ""label"": ""SCIEX added Novus V55 System""}, {""file"": ""data/product_launches.json"", ""path"": """", ""label"": """"}, {""file"": ""data/product_launches.json"", ""path"": ""launches.8"", ""label"": ""novus V55 System with SCIEX OS 5.0""}, {""file"": ""data/technical_comparisons.json"", ""path"": """", ""label"": """"}, {""file"": ""data/technical_comparisons.json"", ""path"": ""profiles.4"", ""label"": """"}, {""file"": ""data/technical_comparisons.json"", ""path"": ""profiles.4.rows.0"", ""label"": """"}, {""file"": ""data/technical_comparisons.json"", ""path"": ""profiles.4.rows.3"", ""label"": """"}, {""file"": ""data/technical_comparisons.json"", ""path"": ""profiles.4.rows.4"", ""label"": """"}]"
https://sciex.com/products/mass-spectrometers/triple-quad-systems/triple-quad-3500-system,OK,200,https://sciex.com/products/mass-spectrometers/triple-quad-systems/triple-quad-3500-system,Triple Quad 3500 System,,,2026-08-02T19:44:31+00:00,fresh status plus retained title,"[{""file"": ""data/intelligence.json"", ""path"": """", ""label"": """"}, {""file"": ""data/intelligence.json"", ""path"": ""signals.33"", ""label"": ""SCIEX added Triple Quad 3500 System""}]"
https://sciex.com/products/mass-spectrometers/triple-quad-systems/triple-quad-4500-system,OK,200,https://sciex.com/products/mass-spectrometers/triple-quad-systems/triple-quad-4500-system,Triple Quad 4500 System,,,2026-08-02T19:44:31+00:00,fresh status plus retained title,"[{""file"": ""data/intelligence.json"", ""path"": """", ""label"": """"}, {""file"": ""data/intelligence.json"", ""path"": ""signals.32"", ""label"": ""SCIEX added Triple Quad 4500 System""}]"
https://sciex.com/products/mass-spectrometers/triple-quad-systems/triple-quad-5500-plus-system,OK,200,https://sciex.com/products/mass-spectrometers/triple-quad-systems/triple-quad-5500-plus-system,Triple Quad 5500 Plus System,,,2026-08-02T19:44:31+00:00,fresh status plus retained title,"[{""file"": ""data/intelligence.json"", ""path"": """", ""label"": """"}, {""file"": ""data/intelligence.json"", ""path"": ""signals.40"", ""label"": ""SCIEX added Triple Quad 5500 Plus System""}]"
https://sciex.com/products/mass-spectrometers/triple-quad-systems/triple-quad-5500-system,OK,200,https://sciex.com/products/mass-spectrometers/triple-quad-systems/triple-quad-5500-system,Triple Quad 5500 System,,,2026-08-02T19:44:31+00:00,fresh status plus retained title,"[{""file"": ""data/intelligence.json"", ""path"": """", ""label"": """"}, {""file"": ""data/intelligence.json"", ""path"": ""signals.31"", ""label"": ""SCIEX added Triple Quad 5500 System""}]"
https://sciex.com/products/mass-spectrometers/triple-quad-systems/triple-quad-6500-system,OK,200,https://sciex.com/products/mass-spectrometers/triple-quad-systems/triple-quad-6500-system,Triple Quad 6500 System,,,2026-08-02T19:44:31+00:00,fresh status plus retained title,"[{""file"": ""data/intelligence.json"", ""path"": """", ""label"": """"}, {""file"": ""data/intelligence.json"", ""path"": ""signals.35"", ""label"": ""SCIEX added Triple Quad 6500 System""}]"
https://sciex.com/products/mass-spectrometers/triple-quad-systems/triple-quad-6500plus-system,OK,200,https://sciex.com/products/mass-spectrometers/triple-quad-systems/triple-quad-6500plus-system,Triple Quad 6500+ System,,,2026-08-02T19:44:31+00:00,fresh status plus retained title,"[{""file"": ""data/intelligence.json"", ""path"": """", ""label"": """"}, {""file"": ""data/intelligence.json"", ""path"": ""signals.30"", ""label"": ""SCIEX added Triple Quad 6500Plus System""}]"
https://sciex.com/products/mass-spectrometers/triple-quad-systems/triple-quad-7500-plus-system,OK,200,https://sciex.com/products/mass-spectrometers/triple-quad-systems/triple-quad-7500-plus-system,Triple Quad 7500 Plus System,,,2026-08-02T19:44:31+00:00,fresh status plus retained title,"[{""file"": ""data/intelligence.json"", ""path"": """", ""label"": """"}, {""file"": ""data/intelligence.json"", ""path"": ""signals.38"", ""label"": ""SCIEX added Triple Quad 7500 Plus System""}, {""file"": ""data/product_launches.json"", ""path"": """", ""label"": """"}, {""file"": ""data/product_launches.json"", ""path"": ""launches.11"", ""label"": ""SCIEX 7500+ System""}]"
https://sciex.com/products/mass-spectrometers/triple-quad-systems/triple-quad-7500-system,OK,200,https://sciex.com/products/mass-spectrometers/triple-quad-systems/triple-quad-7500-plus-system,Triple Quad 7500 Plus System,,,2026-08-02T19:44:31+00:00,fresh status plus retained title,"[{""file"": ""data/intelligence.json"", ""path"": """", ""label"": """"}, {""file"": ""data/intelligence.json"", ""path"": ""signals.37"", ""label"": ""SCIEX added Triple Quad 7500 System""}]"
https://sciex.com/products/software/analyst-software,OK,200,https://sciex.com/products/software/analyst-software,Analyst Software,,,2026-08-02T19:44:31+00:00,fresh status plus retained title,"[{""file"": ""data/intelligence.json"", ""path"": """", ""label"": """"}, {""file"": ""data/intelligence.json"", ""path"": ""signals.54"", ""label"": ""SCIEX added Analyst Software""}]"
https://sciex.com/products/software/analyst-tf-software,OK,200,https://sciex.com/products/software/analyst-tf-software,Analyst Software,,,2026-08-02T19:44:31+00:00,fresh status plus retained title,"[{""file"": ""data/intelligence.json"", ""path"": """", ""label"": """"}, {""file"": ""data/intelligence.json"", ""path"": ""signals.55"", ""label"": ""SCIEX added Analyst Tf Software""}]"
https://sciex.com/products/software/artificial-intelligence-quant,OK,200,https://sciex.com/products/software/artificial-intelligence-quant,AI Quantitation software,,,2026-08-02T19:44:31+00:00,fresh status plus retained title,"[{""file"": ""data/intelligence.json"", ""path"": """", ""label"": """"}, {""file"": ""data/intelligence.json"", ""path"": ""signals.74"", ""label"": ""SCIEX added Artificial Intelligence Quant""}]"
https://sciex.com/products/software/bio-tool-kit-software,OK,200,https://sciex.com/products/software/bio-tool-kit-software,Bio Tool Kit Software,,,2026-08-02T19:44:31+00:00,fresh status plus retained title,"[{""file"": ""data/intelligence.json"", ""path"": """", ""label"": """"}, {""file"": ""data/intelligence.json"", ""path"": ""signals.57"", ""label"": ""SCIEX added Bio Tool Kit Software""}]"
https://sciex.com/products/software/biologics-explorer-software,OK,200,https://sciex.com/products/software/biologics-explorer-software,Biologics Explorer Software | SCIEX,,,2026-08-02T19:44:31+00:00,fresh status plus retained title,"[{""file"": ""data/intelligence.json"", ""path"": """", ""label"": """"}, {""file"": ""data/intelligence.json"", ""path"": ""signals.72"", ""label"": ""SCIEX added Biologics Explorer Software""}]"
https://sciex.com/products/software/biopharmaview-software,OK,200,https://sciex.com/products/software/biologics-explorer-software,Biologics Explorer Software | SCIEX,,,2026-08-02T19:44:31+00:00,fresh status plus retained title,"[{""file"": ""data/intelligence.json"", ""path"": """", ""label"": """"}, {""file"": ""data/intelligence.json"", ""path"": ""signals.56"", ""label"": ""SCIEX added Biopharmaview Software""}]"
https://sciex.com/products/software/chemoview-software,OK,200,https://sciex.com/products/software/chemoview-software,ChemoView software,,,2026-08-02T19:44:31+00:00,fresh status plus retained title,"[{""file"": ""data/intelligence.json"", ""path"": """", ""label"": """"}, {""file"": ""data/intelligence.json"", ""path"": ""signals.58"", ""label"": ""SCIEX added Chemoview Software""}]"
https://sciex.com/products/software/cliquid-software,OK,200,https://sciex.com/products/software/cliquid-software,Cliquid Software,,,2026-08-02T19:44:31+00:00,fresh status plus retained title,"[{""file"": ""data/intelligence.json"", ""path"": """", ""label"": """"}, {""file"": ""data/intelligence.json"", ""path"": ""signals.60"", ""label"": ""SCIEX added Cliquid Software""}]"
https://sciex.com/products/software/discoveryquant-software,OK,200,https://sciex.com/products/software/discoveryquant-software,DiscoveryQuant Software,,,2026-08-02T19:44:31+00:00,fresh status plus retained title,"[{""file"": ""data/intelligence.json"", ""path"": """", ""label"": """"}, {""file"": ""data/intelligence.json"", ""path"": ""signals.59"", ""label"": ""SCIEX added Discoveryquant Software""}]"
https://sciex.com/products/software/lightsight-software,OK,200,https://sciex.com/products/software/lightsight-software,LightSight software,,,2026-08-02T19:44:31+00:00,fresh status plus retained title,"[{""file"": ""data/intelligence.json"", ""path"": """", ""label"": """"}, {""file"": ""data/intelligence.json"", ""path"": ""signals.61"", ""label"": ""SCIEX added Lightsight Software""}]"
https://sciex.com/products/software/lipidview-software,OK,200,https://sciex.com/products/software/lipidview-software,LipidView software,,,2026-08-02T19:44:31+00:00,fresh status plus retained title,"[{""file"": ""data/intelligence.json"", ""path"": """", ""label"": """"}, {""file"": ""data/intelligence.json"", ""path"": ""signals.62"", ""label"": ""SCIEX added Lipidview Software""}]"
https://sciex.com/products/software/markerview-software,OK,200,https://sciex.com/products/software/markerview-software,MarkerView Software,,,2026-08-02T19:44:31+00:00,fresh status plus retained title,"[{""file"": ""data/intelligence.json"", ""path"": """", ""label"": """"}, {""file"": ""data/intelligence.json"", ""path"": ""signals.63"", ""label"": ""SCIEX added Markerview Software""}]"
https://sciex.com/products/software/mass-spectrometry-software-solutions,OK,200,https://sciex.com/products/software,Software,,,2026-08-02T19:44:31+00:00,fresh status plus retained title,"[{""file"": ""data/intelligence.json"", ""path"": """", ""label"": """"}, {""file"": ""data/intelligence.json"", ""path"": ""signals.69"", ""label"": ""SCIEX added Mass Spectrometry Software Solutions""}]"
https://sciex.com/products/software/metabolitepilot-software,OK,200,https://sciex.com/products/software/molecule-profiler-software,Molecule Profiler,,,2026-08-02T19:44:31+00:00,fresh status plus retained title,"[{""file"": ""data/intelligence.json"", ""path"": """", ""label"": """"}, {""file"": ""data/intelligence.json"", ""path"": ""signals.64"", ""label"": ""SCIEX added Metabolitepilot Software""}]"
https://sciex.com/products/software/molecule-profiler-software,OK,200,https://sciex.com/products/software/molecule-profiler-software,Molecule Profiler,,,2026-08-02T19:44:31+00:00,fresh status plus retained title,"[{""file"": ""data/intelligence.json"", ""path"": """", ""label"": """"}, {""file"": ""data/intelligence.json"", ""path"": ""signals.71"", ""label"": ""SCIEX added Molecule Profiler Software""}]"
https://sciex.com/products/software/mpx-software,OK,200,https://sciex.com/products/software/mpx-software,MPX Software,,,2026-08-02T19:44:31+00:00,fresh status plus retained title,"[{""file"": ""data/intelligence.json"", ""path"": """", ""label"": """"}, {""file"": ""data/intelligence.json"", ""path"": ""signals.65"", ""label"": ""SCIEX added Mpx Software""}]"
https://sciex.com/products/software/multiquant-software,OK,200,https://sciex.com/products/software/multiquant-software,MultiQuant Software,,,2026-08-02T19:44:32+00:00,fresh status plus retained title,"[{""file"": ""data/intelligence.json"", ""path"": """", ""label"": """"}, {""file"": ""data/intelligence.json"", ""path"": ""signals.66"", ""label"": ""SCIEX added Multiquant Software""}]"
https://sciex.com/products/software/oneomics,OK,200,https://sciex.com/products/software/oneomics,OneOmics,,,2026-08-02T19:44:32+00:00,fresh status plus retained title,"[{""file"": ""data/intelligence.json"", ""path"": """", ""label"": """"}, {""file"": ""data/intelligence.json"", ""path"": ""signals.70"", ""label"": ""SCIEX added Oneomics""}]"
https://sciex.com/products/software/os-software-roi-calculator,OK,200,https://sciex.com/products/software/os-software-roi-calculator,OS Software ROI Calculator,,,2026-08-02T19:44:32+00:00,fresh status plus retained title,"[{""file"": ""data/intelligence.json"", ""path"": """", ""label"": """"}, {""file"": ""data/intelligence.json"", ""path"": ""signals.73"", ""label"": ""SCIEX added Os Software Roi Calculator""}]"
https://sciex.com/products/software/partner-software,OK,200,https://sciex.com/products/software/partner-software,Partner Testimonials,,,2026-08-02T19:44:32+00:00,fresh status plus retained title,"[{""file"": ""data/intelligence.json"", ""path"": """", ""label"": """"}, {""file"": ""data/intelligence.json"", ""path"": ""signals.77"", ""label"": ""SCIEX added Partner Software""}]"
https://sciex.com/products/software/peakview-software,OK,200,https://sciex.com/products/software/peakview-software,PeakView Software,,,2026-08-02T19:44:32+00:00,fresh status plus retained title,"[{""file"": ""data/intelligence.json"", ""path"": """", ""label"": """"}, {""file"": ""data/intelligence.json"", ""path"": ""signals.67"", ""label"": ""SCIEX added Peakview Software""}]"
https://sciex.com/products/software/proteinpilot-software,OK,200,https://sciex.com/products/software/proteinpilot-software,ProteinPilot - Next-Level Quantification &amp;amp; Identification,,,2026-08-02T19:44:32+00:00,fresh status plus retained title,"[{""file"": ""data/intelligence.json"", ""path"": """", ""label"": """"}, {""file"": ""data/intelligence.json"", ""path"": ""signals.68"", ""label"": ""SCIEX added Proteinpilot Software""}]"
https://sciex.com/products/software/sciex-os-software,OK,200,https://sciex.com/products/software/sciex-os-software,SCIEX OS Software,,,2026-08-02T19:44:32+00:00,fresh status plus retained title,"[{""file"": ""data/intelligence.json"", ""path"": """", ""label"": """"}, {""file"": ""data/intelligence.json"", ""path"": ""signals.75"", ""label"": ""SCIEX added Sciex Os Software""}]"
https://sciex.com/products/software/sciex-os-software/sciex-os-tips-and-tricks,OK,200,https://sciex.com/products/software/sciex-os-software/sciex-os-tips-and-tricks,SCIEX OS tips and tricks,,,2026-08-02T19:44:32+00:00,fresh status plus retained title,"[{""file"": ""data/intelligence.json"", ""path"": """", ""label"": """"}, {""file"": ""data/intelligence.json"", ""path"": ""signals.76"", ""label"": ""SCIEX added Sciex Os Tips And Tricks""}]"
https://sciex.com/tech-notes/environmental-industrial/water-and-soil/fast-and-ultra-sensitive-method-for-analysis-of-tfa,OK,200,https://sciex.com/tech-notes/environmental-industrial/water-and-soil/fast-and-ultra-sensitive-method-for-analysis-of-tfa,A fast and ultra-sensitive method for analysis of TFA in multiple water sources,,,2026-08-02T19:44:32+00:00,fresh status plus retained title,"[{""file"": ""data/competitor_application_notes.json"", ""path"": """", ""label"": """"}, {""file"": ""data/competitor_application_notes.json"", ""path"": ""notes.13"", ""label"": ""A Fast and Ultra-Sensitive Method for Analysis of TFA in Multiple Water Sources""}]"
https://sciex.com/tech-notes/environmental-industrial/water-and-soil/routine-application-of-epa-method-environmental-samples-using-the-novusv55,OK,200,https://sciex.com/tech-notes/environmental-industrial/water-and-soil/routine-application-of-epa-method-environmental-samples-using-the-novusv55,Routine application of EPA Method 1633A to environmental samples using the novus V55 system,,,2026-08-02T19:44:32+00:00,fresh status plus retained title,"[{""file"": ""data/competitor_application_notes.json"", ""path"": """", ""label"": """"}, {""file"": ""data/competitor_application_notes.json"", ""path"": ""notes.10"", ""label"": ""Routine Application of EPA Method 1633A to Environmental Samples Using the novus V55 System""}, {""file"": ""data/conference_preparation.json"", ""path"": """", ""label"": """"}, {""file"": ""data/conference_preparation.json"", ""path"": ""events.6"", ""label"": ""SETAC North America 2026""}, {""file"": ""data/conference_preparation.json"", ""path"": ""events.6.competitorContent.0"", ""label"": """"}]"
https://sciex.com/tech-notes/food-beverage/food-and-beverage/maximizing-throughput-with-accelerated-mrm-aemrm-novus-v55,OK,200,https://sciex.com/tech-notes/food-beverage/food-and-beverage/maximizing-throughput-with-accelerated-mrm-aemrm-novus-v55,Maximizing throughput with accelerated MRM (aeMRM) on the novus V55 system,,,2026-08-02T19:44:32+00:00,fresh status plus retained title,"[{""file"": ""data/technical_comparisons.json"", ""path"": """", ""label"": """"}, {""file"": ""data/technical_comparisons.json"", ""path"": ""profiles.4"", ""label"": """"}, {""file"": ""data/technical_comparisons.json"", ""path"": ""profiles.4.rows.1"", ""label"": """"}, {""file"": ""data/technical_comparisons.json"", ""path"": ""profiles.4.rows.2"", ""label"": """"}]"
https://sciex.com/tech-notes/life-science-research/metabolomics/zt-scan-dia-3-0-metabolomics-analysis-reduces-chimeric-spectral-overlap-to-improve-metabolic-coverage-and-quantitative-analysis,OK,200,https://sciex.com/tech-notes/life-science-research/metabolomics/zt-scan-dia-3-0-metabolomics-analysis-reduces-chimeric-spectral-overlap-to-improve-metabolic-coverage-and-quantitative-analysis,ZT Scan DIA 3.0 metabolomics analysis reduces chimeric spectral overlap to improve metabolic coverage and quantitative analysis,,,2026-08-02T19:44:32+00:00,fresh status plus retained title,"[{""file"": ""data/competitor_application_notes.json"", ""path"": """", ""label"": """"}, {""file"": ""data/competitor_application_notes.json"", ""path"": ""notes.12"", ""label"": ""ZT Scan DIA 3.0 Metabolomics Analysis""}]"
https://sciex.com/tech-notes/life-science-research/proteomics/narrow-window-scanning-dia-for-unbiased-label-free-quantitation,OK,200,https://sciex.com/tech-notes/life-science-research/proteomics/narrow-window-scanning-dia-for-unbiased-label-free-quantitation,Narrow-window scanning DIA for unbiased label-free quantitation: Improved protein group ratio accuracy with ZT Scan DIA 3.0 on the ZenoTOF 8600 system,,,2026-08-02T19:44:32+00:00,fresh status plus retained title,"[{""file"": ""data/competitor_application_notes.json"", ""path"": """", ""label"": """"}, {""file"": ""data/competitor_application_notes.json"", ""path"": ""notes.11"", ""label"": ""Narrow-Window Scanning DIA for Unbiased Label-Free Quantitation""}]"
https://shop.perkinelmer.com/product/BC003382,Broken,200,https://shop.perkinelmer.com/product/BC003382,,,HTTP response contains an access-control or bot-challenge page,2026-08-02T19:44:32+00:00,fresh data/link_health.json,"[{""file"": ""data/historical_product_catalog.json"", ""path"": """", ""label"": """"}, {""file"": ""data/historical_product_catalog.json"", ""path"": ""products.98"", ""label"": ""QSight 110 Triple Quadrupole LC-MS/MS""}, {""file"": ""data/historical_product_catalog.json"", ""path"": ""products.99"", ""label"": ""QSight 210 Triple Quadrupole LC-MS/MS""}, {""file"": ""data/historical_product_catalog.json"", ""path"": ""products.100"", ""label"": ""QSight 220 Triple Quadrupole LC-MS/MS""}, {""file"": ""data/historical_product_catalog.json"", ""path"": ""products.101"", ""label"": ""QSight 420 Triple Quadrupole LC-MS/MS""}]"
https://spex-cii.com/,OK,200,https://spex-cii.com/,CII Sponsor and Exhibitor Portal,,,2026-08-02T19:58:34+00:00,fresh direct fetch,[]
https://support.waters.com/%40api/deki/files/28009/Premier_specs_720007029en.pdf?revision=1,Broken,502,https://support.waters.com/%40api/deki/files/28009/Premier_specs_720007029en.pdf?revision=1,,,strict access failure,2026-08-02T19:44:32+00:00,fresh data/link_health.json,[]
https://support.waters.com/KB_Inst/Chromatography/WKB193162_Carryover_solution_that_can_be_performed_by_user_with_ACQUITY_UPLC_H-Class,OK,200,https://support.waters.com/KB_Inst/Chromatography/WKB193162_Carryover_solution_that_can_be_performed_by_user_with_ACQUITY_UPLC_H-Class,Carryover solution that can be performed by user with ACQUITY UPLC H-Class - WKB193162 - Waters,,,2026-08-02T19:44:32+00:00,fresh status plus retained title,"[{""file"": ""data/customer_voice_validation_cache.json"", ""path"": """", ""label"": """"}, {""file"": ""data/customer_voice_validation_cache.json"", ""path"": ""sources.2"", ""label"": """"}]"
https://support.waters.com/KB_Inst/Chromatography/WKB4833_ACQUITY_BSM_or_QSM_Unstable_Pressure,OK,200,https://support.waters.com/KB_Inst/Chromatography/WKB4833_ACQUITY_BSM_or_QSM_Unstable_Pressure,ACQUITY UPLC BSM or QSM pressure fluctuates - WKB4833 - Waters,,,2026-08-02T19:44:32+00:00,fresh status plus retained title,"[{""file"": ""data/customer_voice_validation_cache.json"", ""path"": """", ""label"": """"}, {""file"": ""data/customer_voice_validation_cache.json"", ""path"": ""sources.0"", ""label"": """"}]"
https://support.waters.com/KB_Inst/Chromatography/WKB97891_Are_there_any_differences_in_the_specifications_of_ACQUITY_UPLC_I-Class_and_I-Class_PLUS,OK,200,https://support.waters.com/KB_Inst/Chromatography/WKB97891_Are_there_any_differences_in_the_specifications_of_ACQUITY_UPLC_I-Class_and_I-Class_PLUS,Are there differences between the specifications of ACQUITY UPLC I-Class and I-Class PLUS? - WKB97891 - Waters,,,2026-08-02T19:44:33+00:00,fresh status plus retained title,"[{""file"": ""data/technical_comparisons.json"", ""path"": """", ""label"": """"}, {""file"": ""data/technical_comparisons.json"", ""path"": ""profiles.2"", ""label"": """"}, {""file"": ""data/technical_comparisons.json"", ""path"": ""profiles.2.rows.2"", ""label"": """"}, {""file"": ""data/technical_comparisons.json"", ""path"": ""profiles.2.rows.3"", ""label"": """"}]"
https://ted.europa.eu/en/,OK,202,https://ted.europa.eu/en/,,JavaScript is disabled,,2026-08-02T19:58:34+00:00,fresh direct fetch,"[{""file"": ""data/market_application_sources.json"", ""path"": """", ""label"": """"}, {""file"": ""data/market_application_sources.json"", ""path"": ""sources.22"", ""label"": ""Tenders Electronic Daily""}]"
https://theanalyticalscientist.com/,OK,200,https://theanalyticalscientist.com/,The Analytical Scientist | The Analytical Scientist,,,2026-08-02T19:44:33+00:00,fresh status plus retained title,"[{""file"": ""data/journal_sources.json"", ""path"": """", ""label"": """"}, {""file"": ""data/journal_sources.json"", ""path"": ""sources.6"", ""label"": ""The Analytical Scientist""}]"
https://theanalyticalscientist.com/issues/2025/articles/november/the-analytical-scientist-innovation-awards-2025/,OK,200,https://theanalyticalscientist.com/issues/2025/articles/november/the-analytical-scientist-innovation-awards-2025/,The Analytical Scientist | The Analytical Scientist Innovation Awards 2025,The Analytical Scientist Innovation Awards 2025,,2026-08-02T19:58:34+00:00,fresh direct fetch,"[{""file"": ""data/journal_sources.json"", ""path"": ""The Analytical Scientist.recentRecords.3"", ""label"": ""The Analytical Scientist Innovation Awards 2025""}]"
https://theanalyticalscientist.com/issues/2026/articles/april/the-missing-piece-in-the-dark-metabolome-puzzle/,OK,200,https://theanalyticalscientist.com/issues/2026/articles/april/the-missing-piece-in-the-dark-metabolome-puzzle/,The Analytical Scientist | The Missing Piece in the Dark Metabolome Puzzle,The Missing Piece in the Dark Metabolome Puzzle?,,2026-08-02T19:58:34+00:00,fresh direct fetch,"[{""file"": ""data/journal_sources.json"", ""path"": ""The Analytical Scientist.recentRecords.2"", ""label"": ""The Missing Piece in the Dark Metabolome Puzzle?""}]"
https://theanalyticalscientist.com/issues/2026/articles/april/the-top-40-under-40-power-list-2026-nominations-are-open/,OK,200,https://theanalyticalscientist.com/issues/2026/articles/april/the-top-40-under-40-power-list-2026-nominations-are-open/,The Analytical Scientist | The Top 40 Under 40 Power List 2026 Nominations Are Open,The Top 40 Under 40 Power List 2026: Nominations Are Open!,,2026-08-02T19:58:34+00:00,fresh direct fetch,"[{""file"": ""data/journal_sources.json"", ""path"": ""The Analytical Scientist.recentRecords.1"", ""label"": ""The Top 40 Under 40 Power List 2026: Nominations Are Open!""}]"
https://theanalyticalscientist.com/issues/2026/articles/july/2026-innovation-awards-nominate-now/,OK,200,https://theanalyticalscientist.com/issues/2026/articles/july/2026-innovation-awards-nominate-now/,The Analytical Scientist | 2026 Innovation Awards: Nominate Now,2026 Innovation Awards: Nominate Now,,2026-08-02T19:58:34+00:00,fresh direct fetch,"[{""file"": ""data/journal_sources.json"", ""path"": ""The Analytical Scientist.recentRecords.0"", ""label"": ""2026 Innovation Awards: Nominate Now""}]"
https://virtual.oxfordabstracts.com/,OK,200,https://virtual.oxfordabstracts.com/,OA Virtual conferences,Connection error.,,2026-08-02T19:58:34+00:00,fresh direct fetch,[]
https://virtual.oxfordabstracts.com/event/76939/program,OK,200,https://virtual.oxfordabstracts.com/event/76939/program,OA Virtual conferences,,,2026-08-02T19:44:33+00:00,fresh status plus retained title,"[{""file"": ""data/conference_preparation.json"", ""path"": """", ""label"": """"}, {""file"": ""data/conference_preparation.json"", ""path"": ""events.3"", ""label"": ""CASSS Mass Spec 2026""}, {""file"": ""data/conference_preparation.json"", ""path"": ""events.3.monitoringLinks.1"", ""label"": ""Scientific program""}]"
https://www.aaps.org/career-development/mentoring,OK,200,https://www.aaps.org/membership-and-community/mentoring,Mentoring Program - American Association of Pharmaceutical Scientists,Mentoring Program,,2026-08-02T19:58:34+00:00,fresh direct fetch,[]
https://www.aaps.org/education-and-research/workshops,OK,200,https://science360.aaps.org/science360/?menu=26&browseby=9&sortby=1&trend=27610#!*menu=26*browseby=9*sortby=1*trend=27610,AAPS Science360,AAPS Science360,,2026-08-02T19:58:34+00:00,fresh direct fetch,[]
https://www.aaps.org/membership-and-community/mentoring,OK,200,https://www.aaps.org/membership-and-community/mentoring,Mentoring Program - American Association of Pharmaceutical Scientists,Mentoring Program,,2026-08-02T19:58:34+00:00,fresh direct fetch,[]
https://www.aaps.org/nbc/nbcexhibitors,OK,200,https://s7.goeshow.com/aaps/nbc/2027/exhibitors_sponsors.cfm,Exhibitors & Sponsors,Exhibitors & Sponsors,,2026-08-02T19:58:34+00:00,fresh direct fetch,[]
https://www.aaps.org/nbc/nbcposters,OK,200,https://www.aaps.org/nbc/nbcposters,2026 Posters & Abstracts - American Association of Pharmaceutical Scientists,2026 Posters & Abstracts,,2026-08-02T19:58:34+00:00,fresh direct fetch,[]
https://www.aaps.org/nbc/submitprogram,OK,200,https://nbc2026.eventscribe.net/index.asp?launcher=1,2026 National Biotechnology Conference,,,2026-08-02T19:58:34+00:00,fresh direct fetch,[]
https://www.aaps.org/pharmsci/2024-exhibitor,OK,200,https://s7.goeshow.com/aaps/pharmsci/2026/exhibitors_sponsors.cfm,Exhibitors & Sponsors,Exhibitors & Sponsors,,2026-08-02T19:58:34+00:00,fresh direct fetch,[]
https://www.aaps.org/pharmsci/annual-meeting,OK,200,https://www.aaps.org/pharmsci/annual-meeting,PharmSci 360 - American Association of Pharmaceutical Scientists,PharmSci 360,,2026-08-02T19:58:34+00:00,fresh direct fetch,[]
https://www.aaps.org/pharmsci/new-page,OK,200,https://science360.aaps.org/science360/#!*menu=6*browseby=3*sortby=2*ce_id=2860,AAPS Science360,AAPS Science360,,2026-08-02T19:58:35+00:00,fresh direct fetch,[]
https://www.aaps.org/pharmsci/posters,OK,200,https://www.aaps.org/pharmsci/posters,2026 Abstracts & Posters - American Association of Pharmaceutical Scientists,2026 Abstracts & Posters,,2026-08-02T19:58:35+00:00,fresh direct fetch,[]
https://www.aaps.org/pharmsci/program,Broken,,,,,fetch error,2026-08-02T19:58:35+00:00,fresh direct fetch,[]
https://www.aaps.org/ssf/exhibitors,OK,200,https://s7.goeshow.com/aaps/summer/2026/exhibitors_sponsors.cfm,Exhibitors & Sponsors,Exhibitors & Sponsors,,2026-08-02T19:58:36+00:00,fresh direct fetch,[]
https://www.aaps.org/ssf/ssf-program,OK,200,https://ssf2026.eventscribe.net/index.asp?launcher=1,AAPS 2026 Summer Scientific Forum,,,2026-08-02T19:58:36+00:00,fresh direct fetch,[]
https://www.aaps.org/ssf/ssf-programmingsubmission,OK,200,https://www.aaps.org/ssf/ssf-programmingsubmission,2026 Programming Submission - American Association of Pharmaceutical Scientists,2026 Programming Submission,,2026-08-02T19:58:36+00:00,fresh direct fetch,[]
https://www.acs.org/events/all-events/acs-fall-2026.html,OK,200,https://www.acs.org/events/all-events/acs-fall-2026.html,,,,2026-08-02T19:58:36+00:00,fresh direct fetch,"[{""file"": ""data/conference_preparation.json"", ""path"": """", ""label"": """"}, {""file"": ""data/conference_preparation.json"", ""path"": ""events.2"", ""label"": ""ACS Fall 2026""}, {""file"": ""data/conference_preparation.json"", ""path"": ""events.2.monitoringLinks.0"", ""label"": ""2026 meeting""}, {""file"": ""data/conference_sources.json"", ""path"": """", ""label"": """"}, {""file"": ""data/conference_sources.json"", ""path"": ""events.18"", ""label"": ""ACS Fall (American Chemical Society)""}]"
https://www.acs.org/events/all-events/acs-spring-2026.html,OK,200,https://www.acs.org/events/all-events/acs-spring-2026.html,,,,2026-08-02T19:58:36+00:00,fresh direct fetch,"[{""file"": ""data/conference_sources.json"", ""path"": """", ""label"": """"}, {""file"": ""data/conference_sources.json"", ""path"": ""events.4"", ""label"": ""ACS Spring (American Chemical Society)""}]"
https://www.acs.org/events/fall/exhibit.html,OK,200,https://www.acs.org/events/fall/exhibit.html,,,,2026-08-02T19:58:36+00:00,fresh direct fetch,"[{""file"": ""data/conference_preparation.json"", ""path"": """", ""label"": """"}, {""file"": ""data/conference_preparation.json"", ""path"": ""events.2"", ""label"": ""ACS Fall 2026""}, {""file"": ""data/conference_preparation.json"", ""path"": ""events.2.monitoringLinks.1"", ""label"": ""Expo and exhibitors""}]"
https://www.agilent.com/about/companyinfo/history/Agilent-history-timeline.pdf,Broken,403,https://www.agilent.com/about/companyinfo/history/Agilent-history-timeline.pdf,Access Denied,,login/access or redirect wall,2026-08-02T19:44:34+00:00,fresh data/link_health.json,"[{""file"": ""data/historical_product_catalog.json"", ""path"": """", ""label"": """"}, {""file"": ""data/historical_product_catalog.json"", ""path"": ""products.0"", ""label"": ""HP 1100 Series HPLC""}]"
https://www.agilent.com/about/newsroom/presrel.html,Broken,403,https://www.agilent.com/about/newsroom/presrel.html,Access Denied,,login/access or redirect wall,2026-08-02T19:44:34+00:00,fresh data/link_health.json,"[{""file"": ""data/agilent_monitor.json"", ""path"": """", ""label"": """"}, {""file"": ""data/agilent_monitor.json"", ""path"": ""source_status.4"", ""label"": """"}, {""file"": ""data/intelligence.json"", ""path"": """", ""label"": """"}, {""file"": ""data/intelligence.json"", ""path"": ""sourceHealth.5"", ""label"": ""Access Denied""}, {""file"": ""data/intelligence.json"", ""path"": ""agilentMonitor"", ""label"": """"}, {""file"": ""data/intelligence.json"", ""path"": ""agilentMonitor.sourceStatus.4"", ""label"": """"}, {""file"": ""data/source_catalog.json"", ""path"": """", ""label"": ""Data Source Inventory""}, {""file"": ""data/source_catalog.json"", ""path"": ""sources.7"", ""label"": """"}]"
https://www.agilent.com/about/newsroom/presrel/2007/05apr-ca07020.html,Broken,403,https://www.agilent.com/about/newsroom/presrel/2007/05apr-ca07020.html,Access Denied,,login/access or redirect wall,2026-08-02T19:44:34+00:00,fresh data/link_health.json,"[{""file"": ""data/historical_product_catalog.json"", ""path"": """", ""label"": """"}, {""file"": ""data/historical_product_catalog.json"", ""path"": ""products.2"", ""label"": ""6100 Series Single Quadrupole LC/MS""}, {""file"": ""data/historical_product_catalog.json"", ""path"": ""products.3"", ""label"": ""6210 TOF LC/MS""}, {""file"": ""data/historical_product_catalog.json"", ""path"": ""products.4"", ""label"": ""6410 Triple Quadrupole LC/MS""}, {""file"": ""data/historical_product_catalog.json"", ""path"": ""products.5"", ""label"": ""6510 Q-TOF LC/MS""}]"
https://www.agilent.com/about/newsroom/presrel/2008/07apr-ca08025.html,Broken,403,https://www.agilent.com/about/newsroom/presrel/2008/07apr-ca08025.html,Access Denied,,login/access or redirect wall,2026-08-02T19:44:34+00:00,fresh data/link_health.json,"[{""file"": ""data/historical_product_catalog.json"", ""path"": """", ""label"": """"}, {""file"": ""data/historical_product_catalog.json"", ""path"": ""products.6"", ""label"": ""6220 TOF LC/MS""}]"
https://www.agilent.com/about/newsroom/presrel/2019/03jun-ca19014.html,Broken,403,https://www.agilent.com/about/newsroom/presrel/2019/03jun-ca19014.html,Access Denied,,login/access or redirect wall,2026-08-02T19:44:34+00:00,fresh data/link_health.json,"[{""file"": ""data/historical_product_catalog.json"", ""path"": """", ""label"": """"}, {""file"": ""data/historical_product_catalog.json"", ""path"": ""products.15"", ""label"": ""InfinityLab LC/MSD iQ""}]"
https://www.agilent.com/about/newsroom/presrel/2019/15apr-ca19010.html,Broken,403,https://www.agilent.com/about/newsroom/presrel/2019/15apr-ca19010.html,Access Denied,,login/access or redirect wall,2026-08-02T19:44:35+00:00,fresh data/link_health.json,"[{""file"": ""data/historical_product_catalog.json"", ""path"": """", ""label"": """"}, {""file"": ""data/historical_product_catalog.json"", ""path"": ""products.14"", ""label"": ""6546 LC/Q-TOF""}]"
https://www.agilent.com/about/newsroom/presrel/2020/01jun-ca20017.html,Broken,403,https://www.agilent.com/about/newsroom/presrel/2020/01jun-ca20017.html,Access Denied,,login/access or redirect wall,2026-08-02T19:44:35+00:00,fresh data/link_health.json,"[{""file"": ""data/historical_product_catalog.json"", ""path"": """", ""label"": """"}, {""file"": ""data/historical_product_catalog.json"", ""path"": ""products.16"", ""label"": ""6470B Triple Quadrupole LC/MS""}, {""file"": ""data/historical_product_catalog.json"", ""path"": ""products.17"", ""label"": ""RapidFire 400 High-Throughput MS System""}]"
https://www.agilent.com/about/newsroom/presrel/2022/06jun-ca22017.html,Broken,403,https://www.agilent.com/about/newsroom/presrel/2022/06jun-ca22017.html,Access Denied,,login/access or redirect wall,2026-08-02T19:44:35+00:00,fresh data/link_health.json,"[{""file"": ""data/historical_product_catalog.json"", ""path"": """", ""label"": """"}, {""file"": ""data/historical_product_catalog.json"", ""path"": ""products.18"", ""label"": ""6475 Triple Quadrupole LC/MS""}]"
https://www.agilent.com/about/newsroom/presrel/2023/05jun-ca23023.html,Broken,403,https://www.agilent.com/about/newsroom/presrel/2023/05jun-ca23023.html,Access Denied,,login/access or redirect wall,2026-08-02T19:44:35+00:00,fresh data/link_health.json,"[{""file"": ""data/historical_product_catalog.json"", ""path"": """", ""label"": """"}, {""file"": ""data/historical_product_catalog.json"", ""path"": ""products.19"", ""label"": ""6495D Triple Quadrupole LC/MS""}, {""file"": ""data/historical_product_catalog.json"", ""path"": ""products.20"", ""label"": ""Revident LC/Q-TOF""}]"
https://www.agilent.com/about/newsroom/presrel/2024/21oct-ca24026.html,Broken,403,https://www.agilent.com/about/newsroom/presrel/2024/21oct-ca24026.html,Access Denied,,login/access or redirect wall,2026-08-02T19:44:35+00:00,fresh data/link_health.json,"[{""file"": ""data/historical_product_catalog.json"", ""path"": """", ""label"": """"}, {""file"": ""data/historical_product_catalog.json"", ""path"": ""products.21"", ""label"": ""1260 Infinity III LC""}, {""file"": ""data/historical_product_catalog.json"", ""path"": ""products.22"", ""label"": ""1260 Infinity III Prime LC""}, {""file"": ""data/historical_product_catalog.json"", ""path"": ""products.23"", ""label"": ""1290 Infinity III LC""}]"
https://www.agilent.com/about/newsroom/presrel/2026/01jul-ca26024.html,Broken,403,https://www.agilent.com/about/newsroom/presrel/2026/01jul-ca26024.html,,,HTTP response contains an access-control or bot-challenge page,2026-08-02T19:44:35+00:00,fresh data/link_health.json,[]
https://www.agilent.com/about/newsroom/presrel/2026/01jun-ca26022.html,Broken,403,https://www.agilent.com/about/newsroom/presrel/2026/01jun-ca26022.html,Access Denied,,login/access or redirect wall,2026-08-02T19:44:35+00:00,fresh data/link_health.json,"[{""file"": ""data/intelligence.json"", ""path"": """", ""label"": """"}, {""file"": ""data/intelligence.json"", ""path"": ""signals.182"", ""label"": ""Agilent and Sound Analytics collaborate on LC/MS workflows for DMPK""}]"
https://www.agilent.com/about/newsroom/presrel/2026/02apr-ca26011.html,Broken,403,https://www.agilent.com/about/newsroom/presrel/2026/02apr-ca26011.html,Access Denied,,login/access or redirect wall,2026-08-02T19:44:35+00:00,fresh data/link_health.json,"[{""file"": ""data/intelligence.json"", ""path"": """", ""label"": """"}, {""file"": ""data/intelligence.json"", ""path"": ""signals.216"", ""label"": ""Agilent opens Customer Experience Center in Mumbai""}]"
https://www.agilent.com/about/newsroom/presrel/2026/02jun-ca26023.html,Broken,403,https://www.agilent.com/about/newsroom/presrel/2026/02jun-ca26023.html,,,HTTP response contains an access-control or bot-challenge page,2026-08-02T19:44:35+00:00,fresh data/link_health.json,[]
https://www.agilent.com/about/newsroom/presrel/2026/03jun-gp26013.html,Broken,403,https://www.agilent.com/about/newsroom/presrel/2026/03jun-gp26013.html,Access Denied,,login/access or redirect wall,2026-08-02T19:44:35+00:00,fresh data/link_health.json,"[{""file"": ""data/intelligence.json"", ""path"": """", ""label"": """"}, {""file"": ""data/intelligence.json"", ""path"": ""signals.180"", ""label"": ""Agilent, OpenAI, and BCG collaborate on AI-driven scientific innovation""}]"
https://www.agilent.com/about/newsroom/presrel/2026/08jul-ca26025.html,Broken,403,https://www.agilent.com/about/newsroom/presrel/2026/08jul-ca26025.html,,,HTTP response contains an access-control or bot-challenge page,2026-08-02T19:44:35+00:00,fresh data/link_health.json,[]
https://www.agilent.com/about/newsroom/presrel/2026/14apr-ca26012.html,Broken,403,https://www.agilent.com/about/newsroom/presrel/2026/14apr-ca26012.html,Access Denied,,login/access or redirect wall,2026-08-02T19:44:35+00:00,fresh data/link_health.json,"[{""file"": ""data/intelligence.json"", ""path"": """", ""label"": """"}, {""file"": ""data/intelligence.json"", ""path"": ""signals.213"", ""label"": ""Agilent partners with OmixAI on AI-driven proteomics in South Korea""}]"
https://www.agilent.com/about/newsroom/presrel/2026/14jul-ca26026.html,Broken,403,https://www.agilent.com/about/newsroom/presrel/2026/14jul-ca26026.html,,,HTTP response contains an access-control or bot-challenge page,2026-08-02T19:44:35+00:00,fresh data/link_health.json,[]
https://www.agilent.com/about/newsroom/presrel/2026/20may-ca26014.html,Broken,403,https://www.agilent.com/about/newsroom/presrel/2026/20may-ca26014.html,Access Denied,,login/access or redirect wall,2026-08-02T19:44:35+00:00,fresh data/link_health.json,"[{""file"": ""data/intelligence.json"", ""path"": """", ""label"": """"}, {""file"": ""data/intelligence.json"", ""path"": ""signals.195"", ""label"": ""Agilent opens ORCA biopharma research hub in South Korea""}]"
https://www.agilent.com/about/newsroom/presrel/2026/20may-ca26015.html,Broken,403,https://www.agilent.com/about/newsroom/presrel/2026/20may-ca26015.html,Access Denied,,login/access or redirect wall,2026-08-02T19:44:36+00:00,fresh data/link_health.json,"[{""file"": ""data/intelligence.json"", ""path"": """", ""label"": """"}, {""file"": ""data/intelligence.json"", ""path"": ""signals.194"", ""label"": ""Agilent and Singapore NATi partner on lipid-conjugated oligonucleotide research""}, {""file"": ""data/intelligence.json"", ""path"": ""recommendations.2"", ""label"": ""Decide whether Next Gen LC needs an oligonucleotide method-readiness package""}, {""file"": ""data/intelligence.json"", ""path"": ""recommendations.2.urgency"", ""label"": """"}, {""file"": ""data/intelligence.json"", ""path"": ""recommendations.2.urgency.competitorActions.0"", ""label"": """"}, {""file"": ""data/intelligence.json"", ""path"": ""recommendations.2.evidenceBasis"", ""label"": """"}, {""file"": ""data/intelligence.json"", ""path"": ""recommendations.2.evidenceBasis.links.1"", ""label"": ""Agilent and NATi oligonucleotide partnership""}]"
https://www.agilent.com/about/newsroom/presrel/2026/21may-ca26016.html,Broken,403,https://www.agilent.com/about/newsroom/presrel/2026/21may-ca26016.html,Access Denied,,login/access or redirect wall,2026-08-02T19:44:36+00:00,fresh data/link_health.json,"[{""file"": ""data/product_launches.json"", ""path"": """", ""label"": """"}, {""file"": ""data/product_launches.json"", ""path"": ""launches.15"", ""label"": ""1290 Infinity III Fluorescence Detector""}]"
https://www.agilent.com/about/newsroom/presrel/2026/23jul-ca26027.html,Broken,403,https://www.agilent.com/about/newsroom/presrel/2026/23jul-ca26027.html,Access Denied,,login/access or redirect wall,2026-08-02T19:44:36+00:00,fresh data/link_health.json,"[{""file"": ""data/intelligence.json"", ""path"": """", ""label"": """"}, {""file"": ""data/intelligence.json"", ""path"": ""signals.78"", ""label"": ""Agilent Receives EU Approval for PD-L1 IHC 22C3 pharmDx in Epithelial Ovarian, Fallopian Tube, or Primary Peritoneal Carcinoma""}]"
https://www.agilent.com/about/newsroom/presrel/2026/25jun-gp26014.html,Broken,403,https://www.agilent.com/about/newsroom/presrel/2026/25jun-gp26014.html,,,HTTP response contains an access-control or bot-challenge page,2026-08-02T19:44:36+00:00,fresh data/link_health.json,[]
https://www.agilent.com/about/newsroom/presrel/2026/28jul-gp26015.html,Broken,403,https://www.agilent.com/about/newsroom/presrel/2026/28jul-gp26015.html,Access Denied,,login/access or redirect wall,2026-08-02T19:44:36+00:00,fresh data/link_health.json,"[{""file"": ""data/agilent_monitor.json"", ""path"": """", ""label"": """"}, {""file"": ""data/agilent_monitor.json"", ""path"": ""new_press_releases.0"", ""label"": ""Agilent to Announce Third-Quarter Fiscal Year 2026 Financial Results on Aug. 26""}, {""file"": ""data/agilent_monitor.json"", ""path"": ""source_status.6"", ""label"": """"}, {""file"": ""data/intelligence.json"", ""path"": """", ""label"": """"}, {""file"": ""data/intelligence.json"", ""path"": ""signals.11"", ""label"": ""Agilent to Announce Third-Quarter Fiscal Year 2026 Financial Results on Aug. 26""}, {""file"": ""data/intelligence.json"", ""path"": ""agilentMonitor"", ""label"": """"}, {""file"": ""data/intelligence.json"", ""path"": ""agilentMonitor.sourceStatus.6"", ""label"": """"}]"
https://www.agilent.com/about/newsroom/presrel/2026/28may-ca26020.html,Broken,403,https://www.agilent.com/about/newsroom/presrel/2026/28may-ca26020.html,Access Denied,,login/access or redirect wall,2026-08-02T19:44:36+00:00,fresh data/link_health.json,"[{""file"": ""data/conference_preparation.json"", ""path"": """", ""label"": """"}, {""file"": ""data/conference_preparation.json"", ""path"": ""events.4"", ""label"": ""Lab of the Future Europe""}, {""file"": ""data/conference_preparation.json"", ""path"": ""events.4.competitorContent.1"", ""label"": """"}, {""file"": ""data/intelligence.json"", ""path"": """", ""label"": """"}, {""file"": ""data/intelligence.json"", ""path"": ""signals.186"", ""label"": ""Agilent introduces OpenLab Sync with USP MethodConnect integration""}]"
https://www.agilent.com/about/newsroom/presrel/2026/29jul-ca26028.html,Broken,403,https://www.agilent.com/about/newsroom/presrel/2026/29jul-ca26028.html,,,HTTP response contains an access-control or bot-challenge page,2026-08-02T19:44:36+00:00,fresh data/link_health.json,[]
https://www.agilent.com/about/newsroom/presrel/2026/29may-ca26021.html,Broken,403,https://www.agilent.com/about/newsroom/presrel/2026/29may-ca26021.html,Access Denied,,login/access or redirect wall,2026-08-02T19:44:36+00:00,fresh data/link_health.json,"[{""file"": ""data/conference_preparation.json"", ""path"": """", ""label"": """"}, {""file"": ""data/conference_preparation.json"", ""path"": ""events.3"", ""label"": ""CASSS Mass Spec 2026""}, {""file"": ""data/conference_preparation.json"", ""path"": ""events.3.competitorContent.0"", ""label"": """"}, {""file"": ""data/product_launches.json"", ""path"": """", ""label"": """"}, {""file"": ""data/product_launches.json"", ""path"": ""launches.14"", ""label"": ""6230C LC/TOF Mass Spectrometer in MAM workflow""}]"
https://www.agilent.com/cn/about/newsroom/presrel/2017/0308.html,Broken,403,https://www.agilent.com/cn/about/newsroom/presrel/2017/0308.html,Access Denied,,login/access or redirect wall,2026-08-02T19:44:36+00:00,fresh data/link_health.json,"[{""file"": ""data/historical_product_catalog.json"", ""path"": """", ""label"": """"}, {""file"": ""data/historical_product_catalog.json"", ""path"": ""products.13"", ""label"": ""6495B Triple Quadrupole LC/MS""}]"
https://www.agilent.com/cs/library/applications/an-infinitylab-quick-change-nitrosamines-analysis-lc-ms-ms-5994-9264en-agilent.pdf,Broken,403,https://www.agilent.com/cs/library/applications/an-infinitylab-quick-change-nitrosamines-analysis-lc-ms-ms-5994-9264en-agilent.pdf,Access Denied,,login/access or redirect wall,2026-08-02T19:44:36+00:00,fresh data/link_health.json,"[{""file"": ""data/competitor_application_notes.json"", ""path"": """", ""label"": """"}, {""file"": ""data/competitor_application_notes.json"", ""path"": ""notes.0"", ""label"": ""Enhanced Data Quality in LC-MS/MS Analysis of Nitrosamines""}]"
https://www.agilent.com/cs/library/applications/an-pesticide-screening-revident-lc-qtof-5994-8751en-agilent.pdf,Broken,403,https://www.agilent.com/cs/library/applications/an-pesticide-screening-revident-lc-qtof-5994-8751en-agilent.pdf,Access Denied,,login/access or redirect wall,2026-08-02T19:44:36+00:00,fresh data/link_health.json,"[{""file"": ""data/competitor_application_notes.json"", ""path"": """", ""label"": """"}, {""file"": ""data/competitor_application_notes.json"", ""path"": ""notes.2"", ""label"": ""Pesticide Screening with Fast Polarity Switching Using Agilent Revident LC/Q-TOF""}, {""file"": ""data/conference_preparation.json"", ""path"": """", ""label"": """"}, {""file"": ""data/conference_preparation.json"", ""path"": ""events.2"", ""label"": ""ACS Fall 2026""}, {""file"": ""data/conference_preparation.json"", ""path"": ""events.2.competitorContent.0"", ""label"": """"}]"
https://www.agilent.com/cs/library/slidepresentation/public/Discover_the_Efficiency_Advantage_in_your_LC_Phoenix07012017.pdf,Broken,403,https://www.agilent.com/cs/library/slidepresentation/public/Discover_the_Efficiency_Advantage_in_your_LC_Phoenix07012017.pdf,Access Denied,,login/access or redirect wall,2026-08-02T19:44:36+00:00,fresh data/link_health.json,"[{""file"": ""data/historical_product_catalog.json"", ""path"": """", ""label"": """"}, {""file"": ""data/historical_product_catalog.json"", ""path"": ""products.1"", ""label"": ""1200 Series LC""}, {""file"": ""data/historical_product_catalog.json"", ""path"": ""products.7"", ""label"": ""1290 Infinity LC""}, {""file"": ""data/historical_product_catalog.json"", ""path"": ""products.8"", ""label"": ""1260 Infinity LC""}, {""file"": ""data/historical_product_catalog.json"", ""path"": ""products.9"", ""label"": ""1290 Infinity 2D-LC""}, {""file"": ""data/historical_product_catalog.json"", ""path"": ""products.10"", ""label"": ""1290 Infinity II LC""}]"
https://www.agilent.com/cs/library/usermanuals/public/G7104ASystem.pdf,Broken,403,https://www.agilent.com/cs/library/usermanuals/public/G7104ASystem.pdf,,,HTTP response contains an access-control or bot-challenge page,2026-08-02T19:44:36+00:00,fresh data/link_health.json,[]
https://www.agilent.com/cs/library/usermanuals/public/G7123-Fluorescence-Detector-UseMa-en-D0129488.pdf,Broken,403,https://www.agilent.com/cs/library/usermanuals/public/G7123-Fluorescence-Detector-UseMa-en-D0129488.pdf,Access Denied,,login/access or redirect wall,2026-08-02T19:44:36+00:00,fresh data/link_health.json,"[{""file"": ""data/technical_comparisons.json"", ""path"": """", ""label"": """"}, {""file"": ""data/technical_comparisons.json"", ""path"": ""profiles.0"", ""label"": """"}, {""file"": ""data/technical_comparisons.json"", ""path"": ""profiles.0.rows.1"", ""label"": """"}, {""file"": ""data/technical_comparisons.json"", ""path"": ""profiles.0.rows.2"", ""label"": """"}, {""file"": ""data/technical_comparisons.json"", ""path"": ""profiles.0.rows.3"", ""label"": """"}, {""file"": ""data/technical_comparisons.json"", ""path"": ""profiles.0.rows.4"", ""label"": """"}, {""file"": ""data/technical_comparisons.json"", ""path"": ""profiles.0.rows.5"", ""label"": """"}, {""file"": ""data/technical_comparisons.json"", ""path"": ""profiles.0.rows.6"", ""label"": """"}, {""file"": ""data/technical_comparisons.json"", ""path"": ""profiles.0.rows.7"", ""label"": """"}]"
https://www.agilent.com/cs/library/usermanuals/public/InfinityLab-Hybrid-Multisamplers-UseMa-en-D0029905.pdf,Broken,403,https://www.agilent.com/cs/library/usermanuals/public/InfinityLab-Hybrid-Multisamplers-UseMa-en-D0029905.pdf,Access Denied,,login/access or redirect wall,2026-08-02T19:44:37+00:00,fresh data/link_health.json,"[{""file"": ""data/technical_comparisons.json"", ""path"": """", ""label"": """"}, {""file"": ""data/technical_comparisons.json"", ""path"": ""profiles.1"", ""label"": """"}, {""file"": ""data/technical_comparisons.json"", ""path"": ""profiles.1.rows.2"", ""label"": """"}]"
https://www.agilent.com/en/product/liquid-chromatography-mass-spectrometry-lc-ms/lc-ms-instruments/quadrupole-time-of-flight-lc-ms/revident-lc-q-tof,Broken,403,https://www.agilent.com/en/product/liquid-chromatography-mass-spectrometry-lc-ms/lc-ms-instruments/quadrupole-time-of-flight-lc-ms/revident-lc-q-tof,Access Denied,,login/access or redirect wall,2026-08-02T19:44:37+00:00,fresh data/link_health.json,"[{""file"": ""data/competitor_application_notes.json"", ""path"": """", ""label"": """"}, {""file"": ""data/competitor_application_notes.json"", ""path"": ""notes.1"", ""label"": ""Drug Metabolite Identification with a Streamlined Software Workflow""}]"
https://www.agilent.com/en/product/liquid-chromatography-mass-spectrometry-lc-ms/lc-ms-instruments/time-of-flight-lc-ms/6230-time-of-flight-tof-lc-ms,Broken,403,https://www.agilent.com/en/product/liquid-chromatography-mass-spectrometry-lc-ms/lc-ms-instruments/time-of-flight-lc-ms/6230-time-of-flight-tof-lc-ms,Access Denied,,login/access or redirect wall,2026-08-02T19:44:37+00:00,fresh data/link_health.json,"[{""file"": ""data/product_launches.json"", ""path"": """", ""label"": """"}, {""file"": ""data/product_launches.json"", ""path"": ""launches.14"", ""label"": ""6230C LC/TOF Mass Spectrometer in MAM workflow""}, {""file"": ""data/technical_comparisons.json"", ""path"": """", ""label"": """"}, {""file"": ""data/technical_comparisons.json"", ""path"": ""profiles.3"", ""label"": """"}, {""file"": ""data/technical_comparisons.json"", ""path"": ""profiles.3.rows.0"", ""label"": """"}, {""file"": ""data/technical_comparisons.json"", ""path"": ""profiles.3.rows.1"", ""label"": """"}, {""file"": ""data/technical_comparisons.json"", ""path"": ""profiles.3.rows.2"", ""label"": """"}, {""file"": ""data/technical_comparisons.json"", ""path"": ""profiles.3.rows.3"", ""label"": """"}, {""file"": ""data/technical_comparisons.json"", ""path"": ""profiles.3.rows.4"", ""label"": """"}]"
https://www.agilent.com/en/product/liquid-chromatography/hplc-components-accessories/hplc-detectors/1290-fluorescence-detector,Broken,403,https://www.agilent.com/en/product/liquid-chromatography/hplc-components-accessories/hplc-detectors/1290-fluorescence-detector,Access Denied,,login/access or redirect wall,2026-08-02T19:44:37+00:00,fresh data/link_health.json,"[{""file"": ""data/product_launches.json"", ""path"": """", ""label"": """"}, {""file"": ""data/product_launches.json"", ""path"": ""launches.15"", ""label"": ""1290 Infinity III Fluorescence Detector""}, {""file"": ""data/technical_comparisons.json"", ""path"": """", ""label"": """"}, {""file"": ""data/technical_comparisons.json"", ""path"": ""profiles.0"", ""label"": """"}, {""file"": ""data/technical_comparisons.json"", ""path"": ""profiles.0.rows.0"", ""label"": """"}]"
https://www.agilent.com/en/product/liquid-chromatography/hplc-components-accessories/hplc-pumps/1290-high-speed-pump,Broken,403,https://www.agilent.com/en/product/liquid-chromatography/hplc-components-accessories/hplc-pumps/1290-high-speed-pump,Access Denied,,login/access or redirect wall,2026-08-02T19:44:37+00:00,fresh data/link_health.json,"[{""file"": ""data/technical_comparisons.json"", ""path"": """", ""label"": """"}, {""file"": ""data/technical_comparisons.json"", ""path"": ""profiles.1"", ""label"": """"}, {""file"": ""data/technical_comparisons.json"", ""path"": ""profiles.1.rows.0"", ""label"": """"}]"
https://www.agilent.com/en/product/liquid-chromatography/hplc-systems/analytical-hplc-systems/1290-lc-system,Broken,403,https://www.agilent.com/en/product/liquid-chromatography/hplc-systems/analytical-hplc-systems/1290-lc-system,Access Denied,,login/access or redirect wall,2026-08-02T19:44:37+00:00,fresh data/link_health.json,"[{""file"": ""data/technical_comparisons.json"", ""path"": """", ""label"": """"}, {""file"": ""data/technical_comparisons.json"", ""path"": ""profiles.1"", ""label"": """"}, {""file"": ""data/technical_comparisons.json"", ""path"": ""profiles.1.rows.1"", ""label"": """"}]"
https://www.agilent.com/en/product/small-molecule-columns/reversed-phase-hplc-columns/infinitylab-poroshell-120,Broken,403,https://www.agilent.com/en/product/small-molecule-columns/reversed-phase-hplc-columns/infinitylab-poroshell-120,Access Denied,,login/access or redirect wall,2026-08-02T19:44:37+00:00,fresh data/link_health.json,"[{""file"": ""data/technical_comparisons.json"", ""path"": """", ""label"": """"}, {""file"": ""data/technical_comparisons.json"", ""path"": ""profiles.1"", ""label"": """"}, {""file"": ""data/technical_comparisons.json"", ""path"": ""profiles.1.rows.6"", ""label"": """"}]"
https://www.agilent.com/en/product/software-informatics/chromatography-software/chromatography-add-on/oligo-analysis-accelerator-for-openlab-cds,Broken,403,https://www.agilent.com/en/product/software-informatics/chromatography-software/chromatography-add-on/oligo-analysis-accelerator-for-openlab-cds,Access Denied,,login/access or redirect wall,2026-08-02T19:44:37+00:00,fresh data/link_health.json,"[{""file"": ""data/competitor_application_notes.json"", ""path"": """", ""label"": """"}, {""file"": ""data/competitor_application_notes.json"", ""path"": ""notes.3"", ""label"": ""Automated LC/MS Quality Control of Anti-Sense Oligonucleotides""}, {""file"": ""data/conference_preparation.json"", ""path"": """", ""label"": """"}, {""file"": ""data/conference_preparation.json"", ""path"": ""events.5"", ""label"": ""TIDES Europe""}, {""file"": ""data/conference_preparation.json"", ""path"": ""events.5.competitorContent.0"", ""label"": """"}]"
https://www.agilent.com/en/products/liquid-chromatography/infinitylab-lc-series-modules/lc-injection-systems/1290-infinity-ii-multisampler,Broken,403,https://www.agilent.com/en/products/liquid-chromatography/infinitylab-lc-series-modules/lc-injection-systems/1290-infinity-ii-multisampler,Access Denied,,login/access or redirect wall,2026-08-02T19:44:37+00:00,fresh data/link_health.json,"[{""file"": ""data/technical_comparisons.json"", ""path"": """", ""label"": """"}, {""file"": ""data/technical_comparisons.json"", ""path"": ""profiles.1"", ""label"": """"}, {""file"": ""data/technical_comparisons.json"", ""path"": ""profiles.1.rows.3"", ""label"": """"}]"
https://www.agilent.com/newsjp/presrel/fy2016/ca05_1260infinity.shtml,Broken,403,https://www.agilent.com/newsjp/presrel/fy2016/ca05_1260infinity.shtml,Access Denied,,login/access or redirect wall,2026-08-02T19:44:37+00:00,fresh data/link_health.json,"[{""file"": ""data/historical_product_catalog.json"", ""path"": """", ""label"": """"}, {""file"": ""data/historical_product_catalog.json"", ""path"": ""products.11"", ""label"": ""1220 Infinity II LC""}, {""file"": ""data/historical_product_catalog.json"", ""path"": ""products.12"", ""label"": ""1260 Infinity II LC""}]"
https://www.agilent.com/pim_commerce01.xml,OK,200,https://www.agilent.com/pim_commerce01.xml,,,,2026-08-02T19:58:36+00:00,fresh direct fetch,"[{""file"": ""data/agilent_monitor.json"", ""path"": """", ""label"": """"}, {""file"": ""data/agilent_monitor.json"", ""path"": ""source_status.1"", ""label"": """"}, {""file"": ""data/intelligence.json"", ""path"": """", ""label"": """"}, {""file"": ""data/intelligence.json"", ""path"": ""agilentMonitor"", ""label"": """"}, {""file"": ""data/intelligence.json"", ""path"": ""agilentMonitor.sourceStatus.1"", ""label"": """"}]"
https://www.agilent.com/pim_commerce1.xml,OK,200,https://www.agilent.com/pim_commerce1.xml,,,,2026-08-02T19:58:36+00:00,fresh direct fetch,"[{""file"": ""data/agilent_monitor.json"", ""path"": """", ""label"": """"}, {""file"": ""data/agilent_monitor.json"", ""path"": ""source_status.2"", ""label"": """"}, {""file"": ""data/intelligence.json"", ""path"": """", ""label"": """"}, {""file"": ""data/intelligence.json"", ""path"": ""agilentMonitor"", ""label"": """"}, {""file"": ""data/intelligence.json"", ""path"": ""agilentMonitor.sourceStatus.2"", ""label"": """"}]"
https://www.agilent.com/products0.xml,OK,200,https://www.agilent.com/products0.xml,,,,2026-08-02T19:58:36+00:00,fresh direct fetch,"[{""file"": ""data/agilent_monitor.json"", ""path"": """", ""label"": """"}, {""file"": ""data/agilent_monitor.json"", ""path"": ""source_status.3"", ""label"": """"}, {""file"": ""data/intelligence.json"", ""path"": """", ""label"": """"}, {""file"": ""data/intelligence.json"", ""path"": ""sourceHealth.6"", ""label"": """"}, {""file"": ""data/intelligence.json"", ""path"": ""agilentMonitor"", ""label"": """"}, {""file"": ""data/intelligence.json"", ""path"": ""agilentMonitor.sourceStatus.3"", ""label"": """"}, {""file"": ""data/source_catalog.json"", ""path"": """", ""label"": ""Data Source Inventory""}, {""file"": ""data/source_catalog.json"", ""path"": ""sources.8"", ""label"": """"}]"
https://www.agilent.com/sitemap.xml,OK,200,https://www.agilent.com/sitemap.xml,,,,2026-08-02T19:58:36+00:00,fresh direct fetch,"[{""file"": ""data/agilent_monitor.json"", ""path"": """", ""label"": """"}, {""file"": ""data/agilent_monitor.json"", ""path"": ""source_status.0"", ""label"": """"}, {""file"": ""data/intelligence.json"", ""path"": """", ""label"": """"}, {""file"": ""data/intelligence.json"", ""path"": ""agilentMonitor"", ""label"": """"}, {""file"": ""data/intelligence.json"", ""path"": ""agilentMonitor.sourceStatus.0"", ""label"": """"}]"
https://www.agilent.com/sites/Satellite?c=Page&cid=1419316050655&d=Touch&pagename=Agilent%2FPage%2FFirmwareDownload%2FLayout&whid=99818,Broken,403,https://www.agilent.com/sites/Satellite?c=Page&cid=1419316050655&d=Touch&pagename=Agilent%2FPage%2FFirmwareDownload%2FLayout&whid=99818,,,HTTP response contains an access-control or bot-challenge page,2026-08-02T19:44:37+00:00,fresh data/link_health.json,[]
https://www.agilent.com/store/en_US/Prod-959758-902/959758-902,Broken,403,https://www.agilent.com/store/en_US/Prod-959758-902/959758-902,Access Denied,,login/access or redirect wall,2026-08-02T19:44:37+00:00,fresh data/link_health.json,"[{""file"": ""data/technical_comparisons.json"", ""path"": """", ""label"": """"}, {""file"": ""data/technical_comparisons.json"", ""path"": ""profiles.1"", ""label"": """"}, {""file"": ""data/technical_comparisons.json"", ""path"": ""profiles.1.rows.4"", ""label"": """"}, {""file"": ""data/technical_comparisons.json"", ""path"": ""profiles.1.rows.5"", ""label"": """"}, {""file"": ""data/technical_comparisons.json"", ""path"": ""profiles.1.rows.7"", ""label"": """"}]"
https://www.americanpharmaceuticalreview.com/,OK,200,https://www.americanpharmaceuticalreview.com/,Home | American Pharmaceutical Review,,,2026-08-02T19:44:37+00:00,fresh status plus retained title,"[{""file"": ""data/journal_sources.json"", ""path"": """", ""label"": """"}, {""file"": ""data/journal_sources.json"", ""path"": ""sources.8"", ""label"": ""American Pharmaceutical Review""}]"
https://www.americanpharmaceuticalreview.com/Specialty/Chromatography/1444-Article-Archives/,OK,200,https://www.americanpharmaceuticalreview.com/Specialty/Chromatography/1444-Article-Archives/,Chromatography Article Archives | American Pharmaceutical Review - The Review of American Pharmaceutical Business & Technology,Article Archives,,2026-08-02T19:58:36+00:00,fresh direct fetch,[]
https://www.americanpharmaceuticalreview.com/Specialty/Chromatography/Featured-Articles/624927-Comparative-Evaluation-of-the-Efficacy-of-Glycopyrronium-Versus-Tiotropium-as-an-Adjunct-to-Formoterol-Therapy-in-COPD-A-Questionnaire-Based-Investigation-at-a-Tertiary-Care-Facility/,OK,200,https://www.americanpharmaceuticalreview.com/Specialty/Chromatography/Featured-Articles/624927-Comparative-Evaluation-of-the-Efficacy-of-Glycopyrronium-Versus-Tiotropium-as-an-Adjunct-to-Formoterol-Therapy-in-COPD-A-Questionnaire-Based-Investigation-at-a-Tertiary-Care-Facility/,Chromatography Comparative Evaluation of the Efficacy of Glycopyrronium Versus Tiotropium as an Adjunct to Formoterol Therapy in COPD: A Questionnaire-Based Investigation at a Tertiary Care Facility | American Pharmaceutical Review - The Review of American Pharmaceutical Business & Technology,Comparative Evaluation of the Efficacy of Glycopyrronium Versus Tiotropium as an Adjunct to Formoterol Therapy in COPD: A Questionnaire-Based Investigation at a Tertiary Care Facility,,2026-08-02T19:58:36+00:00,fresh direct fetch,"[{""file"": ""data/journal_sources.json"", ""path"": ""American Pharmaceutical Review.recentRecords.8"", ""label"": ""Comparative Evaluation of the Efficacy of Glycopyrronium Versus Tiotropium as an Adjunct to Formoterol Therapy in COPD: A Questionnaire-Based Investigation at a Tertiary Care Facility""}]"
https://www.americanpharmaceuticalreview.com/Specialty/Chromatography/Featured-Articles/626030-The-Use-of-Mycoplasma-Reference-Standards-in-the-Light-of-the-Revised-Ph-Eur-2-6-7/,OK,200,https://www.americanpharmaceuticalreview.com/Specialty/Chromatography/Featured-Articles/626030-The-Use-of-Mycoplasma-Reference-Standards-in-the-Light-of-the-Revised-Ph-Eur-2-6-7/,Chromatography The Use of Mycoplasma Reference Standards in the Light of the Revised Ph. Eur. 2.6.7 | American Pharmaceutical Review - The Review of American Pharmaceutical Business & Technology,The Use of Mycoplasma Reference Standards in the Light of the Revised Ph. Eur. 2.6.7,,2026-08-02T19:58:36+00:00,fresh direct fetch,"[{""file"": ""data/journal_sources.json"", ""path"": ""American Pharmaceutical Review.recentRecords.7"", ""label"": ""The Use of Mycoplasma Reference Standards in the Light of the Revised Ph. Eur. 2.6.7""}]"
https://www.americanpharmaceuticalreview.com/Specialty/Chromatography/Featured-Articles/626167-Rethinking-ADC-Payloads-From-Cytotoxics-to-Targeted-Small-Molecules/,OK,200,https://www.americanpharmaceuticalreview.com/Specialty/Chromatography/Featured-Articles/626167-Rethinking-ADC-Payloads-From-Cytotoxics-to-Targeted-Small-Molecules/,Chromatography Rethinking ADC Payloads From Cytotoxics to Targeted Small Molecules | American Pharmaceutical Review - The Review of American Pharmaceutical Business & Technology,Rethinking ADC Payloads From Cytotoxics to Targeted Small Molecules,,2026-08-02T19:58:36+00:00,fresh direct fetch,"[{""file"": ""data/journal_sources.json"", ""path"": ""American Pharmaceutical Review.recentRecords.5"", ""label"": ""Rethinking ADC Payloads From Cytotoxics to Targeted Small Molecules""}]"
https://www.americanpharmaceuticalreview.com/Specialty/Chromatography/Featured-Articles/626169-Lyophilization-and-Next-Generation-Therapeutics-The-Challenges-of-Scaling-Up/,OK,200,https://www.americanpharmaceuticalreview.com/Specialty/Chromatography/Featured-Articles/626169-Lyophilization-and-Next-Generation-Therapeutics-The-Challenges-of-Scaling-Up/,Chromatography Lyophilization and Next-Generation Therapeutics: The Challenges of Scaling Up | American Pharmaceutical Review - The Review of American Pharmaceutical Business & Technology,Lyophilization and Next-Generation Therapeutics: The Challenges of Scaling Up,,2026-08-02T19:58:36+00:00,fresh direct fetch,"[{""file"": ""data/journal_sources.json"", ""path"": ""American Pharmaceutical Review.recentRecords.6"", ""label"": ""Lyophilization and Next-Generation Therapeutics: The Challenges of Scaling Up""}]"
https://www.americanpharmaceuticalreview.com/Specialty/Chromatography/Featured-Articles/626170-The-Misuse-of-Most-Probable-Number-in-Rogue-BI-Remediation/,OK,200,https://www.americanpharmaceuticalreview.com/Specialty/Chromatography/Featured-Articles/626170-The-Misuse-of-Most-Probable-Number-in-Rogue-BI-Remediation/,Chromatography The Misuse of Most-Probable Number in ‘Rogue’ BI Remediation | American Pharmaceutical Review - The Review of American Pharmaceutical Business & Technology,The Misuse of Most-Probable Number in ‘Rogue’ BI Remediation,,2026-08-02T19:58:36+00:00,fresh direct fetch,"[{""file"": ""data/journal_sources.json"", ""path"": ""American Pharmaceutical Review.recentRecords.4"", ""label"": ""The Misuse of Most-Probable Number in ‘Rogue’ BI Remediation""}]"
https://www.americanpharmaceuticalreview.com/Specialty/Chromatography/Featured-Articles/626210-The-Asymmetry-Advantage-Why-Early-Chiral-Strategy-Determines-API-Success/,OK,200,https://www.americanpharmaceuticalreview.com/Specialty/Chromatography/Featured-Articles/626210-The-Asymmetry-Advantage-Why-Early-Chiral-Strategy-Determines-API-Success/,Chromatography The Asymmetry Advantage: Why Early Chiral Strategy Determines API Success | American Pharmaceutical Review - The Review of American Pharmaceutical Business & Technology,The Asymmetry Advantage: Why Early Chiral Strategy Determines API Success,,2026-08-02T19:58:36+00:00,fresh direct fetch,"[{""file"": ""data/journal_sources.json"", ""path"": ""American Pharmaceutical Review.recentRecords.3"", ""label"": ""The Asymmetry Advantage: Why Early Chiral Strategy Determines API Success""}]"
https://www.americanpharmaceuticalreview.com/Specialty/Chromatography/Featured-Articles/626212-The-GLP-1-Boom-is-Great-for-Everyone-Except-Pharma-Safety-Teams/,OK,200,https://www.americanpharmaceuticalreview.com/Specialty/Chromatography/Featured-Articles/626212-The-GLP-1-Boom-is-Great-for-Everyone-Except-Pharma-Safety-Teams/,Chromatography The GLP-1 Boom is Great for Everyone Except Pharma Safety Teams | American Pharmaceutical Review - The Review of American Pharmaceutical Business & Technology,The GLP-1 Boom is Great for Everyone Except Pharma Safety Teams,,2026-08-02T19:58:36+00:00,fresh direct fetch,"[{""file"": ""data/journal_sources.json"", ""path"": ""American Pharmaceutical Review.recentRecords.2"", ""label"": ""The GLP-1 Boom is Great for Everyone Except Pharma Safety Teams""}]"
https://www.americanpharmaceuticalreview.com/Specialty/Chromatography/Featured-Articles/626270-Should-You-Implement-Continuous-Real-Time-Microbial-Air-Monitoring/,OK,200,https://www.americanpharmaceuticalreview.com/Specialty/Chromatography/Featured-Articles/626270-Should-You-Implement-Continuous-Real-Time-Microbial-Air-Monitoring/,Chromatography Should You Implement Continuous Real-Time Microbial Air Monitoring? | American Pharmaceutical Review - The Review of American Pharmaceutical Business & Technology,Should You Implement Continuous Real-Time Microbial Air Monitoring?,,2026-08-02T19:58:36+00:00,fresh direct fetch,"[{""file"": ""data/journal_sources.json"", ""path"": ""American Pharmaceutical Review.recentRecords.9"", ""label"": ""Should You Implement Continuous Real-Time Microbial Air Monitoring?""}]"
https://www.americanpharmaceuticalreview.com/Specialty/Chromatography/Featured-Articles/626327-Rapid-Microbiological-Methods-A-Cautionary-Tale/,OK,200,https://www.americanpharmaceuticalreview.com/Specialty/Chromatography/Featured-Articles/626327-Rapid-Microbiological-Methods-A-Cautionary-Tale/,Chromatography Rapid Microbiological Methods – A Cautionary Tale | American Pharmaceutical Review - The Review of American Pharmaceutical Business & Technology,Rapid Microbiological Methods – A Cautionary Tale,,2026-08-02T19:58:37+00:00,fresh direct fetch,"[{""file"": ""data/journal_sources.json"", ""path"": ""American Pharmaceutical Review.recentRecords.10"", ""label"": ""Rapid Microbiological Methods – A Cautionary Tale""}]"
https://www.americanpharmaceuticalreview.com/Specialty/Chromatography/Featured-Articles/626329-Prepacked-Chromatography-Columns-to-Support-Lean-Manufacturing-Efforts-for-Biotherapeutics/,OK,200,https://www.americanpharmaceuticalreview.com/Specialty/Chromatography/Featured-Articles/626329-Prepacked-Chromatography-Columns-to-Support-Lean-Manufacturing-Efforts-for-Biotherapeutics/,Chromatography Prepacked Chromatography Columns to Support Lean Manufacturing Efforts for Biotherapeutics | American Pharmaceutical Review - The Review of American Pharmaceutical Business & Technology,Prepacked Chromatography Columns to Support Lean Manufacturing Efforts for Biotherapeutics,,2026-08-02T19:58:37+00:00,fresh direct fetch,"[{""file"": ""data/journal_sources.json"", ""path"": ""American Pharmaceutical Review.recentRecords.11"", ""label"": ""Prepacked Chromatography Columns to Support Lean Manufacturing Efforts for Biotherapeutics""}]"
https://www.americanpharmaceuticalreview.com/Specialty/Chromatography/Featured-Articles/626377-From-Rogues-to-Be-Careful-What-You-Wish-For-You-Just-Might-Get-it/,OK,200,https://www.americanpharmaceuticalreview.com/Specialty/Chromatography/Featured-Articles/626377-From-Rogues-to-Be-Careful-What-You-Wish-For-You-Just-Might-Get-it/,Chromatography From ‘Rogues’ to ?: Be Careful What You Wish For… …You Just Might Get it! | American Pharmaceutical Review - The Review of American Pharmaceutical Business & Technology,From ‘Rogues’ to ?: Be Careful What You Wish For… …You Just Might Get it!,,2026-08-02T19:58:37+00:00,fresh direct fetch,"[{""file"": ""data/journal_sources.json"", ""path"": ""American Pharmaceutical Review.recentRecords.1"", ""label"": ""From ‘Rogues’ to ?: Be Careful What You Wish For… …You Just Might Get it!""}]"
https://www.americanpharmaceuticalreview.com/Specialty/Chromatography/Featured-Articles/626623-USP-41-and-1251-Chapters-on-Balances/,OK,200,https://www.americanpharmaceuticalreview.com/Specialty/Chromatography/Featured-Articles/626623-USP-41-and-1251-Chapters-on-Balances/,Chromatography USP 41 and 1251 Chapters on Balances | American Pharmaceutical Review - The Review of American Pharmaceutical Business & Technology,USP 41 and 1251 Chapters on Balances,,2026-08-02T19:58:37+00:00,fresh direct fetch,"[{""file"": ""data/journal_sources.json"", ""path"": ""American Pharmaceutical Review.recentRecords.0"", ""label"": ""USP 41 and 1251 Chapters on Balances""}]"
https://www.ams.usda.gov/datasets/pdp/pdp-standard-operating-procedures,OK,200,https://www.ams.usda.gov/datasets/pdp/pdp-standard-operating-procedures,PDP Standard Operating Procedures | Agricultural Marketing Service,,,2026-08-02T19:44:38+00:00,fresh status plus retained title,"[{""file"": ""data/market_application_sources.json"", ""path"": """", ""label"": """"}, {""file"": ""data/market_application_sources.json"", ""path"": ""sources.26"", ""label"": ""USDA Pesticide Data Program""}]"
https://www.asgct.org/education-career-resources/abstracts/abstract-faq,OK,200,https://www.asgct.org/education-career-resources/abstracts/abstract-faq,Abstract FAQ | ASGCT,Abstract FAQ,,2026-08-02T19:58:37+00:00,fresh direct fetch,[]
https://www.asms.org/about-asms-awards/discussion-group-speaker-travel,OK,200,https://www.asms.org/about-asms-awards/discussion-group-speaker-travel,Discussion Group Speaker Travel Support,Discussion Group Speaker Travel,,2026-08-02T19:58:37+00:00,fresh direct fetch,[]
https://www.asms.org/about-mass-spec/what-is-mass-spectrometry-poster,OK,200,https://www.asms.org/about-mass-spec/what-is-mass-spectrometry-poster,What is Mass Spectrometry Poster,What is Mass Spectrometry Poster,,2026-08-02T19:58:37+00:00,fresh direct fetch,[]
https://www.asms.org/about/history/history-posters,OK,200,https://www.asms.org/about/history/history-posters,History Posters,History Posters,,2026-08-02T19:58:37+00:00,fresh direct fetch,[]
https://www.asms.org/conferences/annual-conference,OK,200,https://www.asms.org/conferences/annual-conference,Annual Conference Homepage,,,2026-08-02T19:44:38+00:00,fresh status plus retained title,"[{""file"": ""data/conference_sources.json"", ""path"": """", ""label"": """"}, {""file"": ""data/conference_sources.json"", ""path"": ""events.12"", ""label"": ""ASMS 2026 (American Society for Mass Spectrometry Annual Conference)""}, {""file"": ""data/conference_sources.json"", ""path"": ""events.12.monitoredEndpoints.0"", ""label"": """"}, {""file"": ""data/source_catalog.json"", ""path"": """", ""label"": ""Data Source Inventory""}, {""file"": ""data/source_catalog.json"", ""path"": ""sources.27"", ""label"": """"}]"
https://www.asms.org/conferences/annual-conference/conference-program,OK,200,https://www.asms.org/conferences/annual-conference/conference-program,Conference Program,,,2026-08-02T19:44:38+00:00,fresh status plus retained title,"[{""file"": ""data/conference_sources.json"", ""path"": """", ""label"": """"}, {""file"": ""data/conference_sources.json"", ""path"": ""events.12"", ""label"": ""ASMS 2026 (American Society for Mass Spectrometry Annual Conference)""}, {""file"": ""data/conference_sources.json"", ""path"": ""events.12.monitoredEndpoints.1"", ""label"": """"}, {""file"": ""data/source_catalog.json"", ""path"": """", ""label"": ""Data Source Inventory""}, {""file"": ""data/source_catalog.json"", ""path"": ""sources.27"", ""label"": """"}]"
https://www.asms.org/conferences/annual-conference/conference-program/abstracts,OK,200,https://www.asms.org/conferences/annual-conference/conference-program/abstracts,Abstracts,Abstracts,,2026-08-02T19:58:37+00:00,fresh direct fetch,[]
https://www.asms.org/conferences/annual-conference/conference-program/abstracts/changes-for-abstract-submission,OK,200,https://www.asms.org/conferences/annual-conference/conference-program/abstracts/changes-for-abstract-submission,Changes for Abstract Submission,Changes for Abstract Submission,,2026-08-02T19:58:37+00:00,fresh direct fetch,[]
https://www.asms.org/conferences/annual-conference/conference-program/abstracts/oral-and-poster-submission-topics,OK,200,https://www.asms.org/conferences/annual-conference/conference-program/abstracts/oral-and-poster-submission-topics,Oral and Poster Submission Topics,Oral and Poster Submission Topics,,2026-08-02T19:58:37+00:00,fresh direct fetch,[]
https://www.asms.org/conferences/annual-conference/conference-program/workshops,Broken,200,https://www.asms.org/error404,Error404,Error404,soft 404,2026-08-02T19:58:37+00:00,fresh direct fetch,[]
https://www.asms.org/conferences/annual-conference/exhibitors,OK,200,https://www.asms.org/conferences/annual-conference/exhibitors,Exhibitor Toolkit,Exhibitor Toolkit,,2026-08-02T19:58:38+00:00,fresh direct fetch,[]
https://www.asms.org/conferences/annual-conference/exhibitors/corporate-members-2025,OK,200,https://www.asms.org/conferences/annual-conference/exhibitors/corporate-members-2025,Corporate Members and Exhibitors,Corporate Members 2026,,2026-08-02T19:58:38+00:00,fresh direct fetch,[]
https://www.asms.org/conferences/annual-conference/exhibitors/exhibitor-toolkit,OK,200,https://www.asms.org/conferences/annual-conference/exhibitors/exhibitor-toolkit,Exhibitor Toolkit,Exhibitor Toolkit,,2026-08-02T19:58:38+00:00,fresh direct fetch,[]
https://www.asms.org/conferences/annual-conference/poster-reprint-request-posterbridge,OK,200,https://www.asms.org/conferences/annual-conference/poster-reprint-request-posterbridge,Poster Reprint Requests,Poster Reprint Requests,,2026-08-02T19:58:38+00:00,fresh direct fetch,[]
https://www.asms.org/conferences/annual-conference/presenter-guidelines/how-to-prepare-a-poster,OK,200,https://www.asms.org/conferences/annual-conference/presenter-guidelines/how-to-prepare-a-poster,How To Prepare a Research Poster,How To Prepare a Research Poster,,2026-08-02T19:58:38+00:00,fresh direct fetch,[]
https://www.asms.org/conferences/annual-conference/presenter-guidelines/poster-presenters,OK,200,https://www.asms.org/conferences/annual-conference/presenter-guidelines/poster-presenters,Poster Presenters,Poster Presenters,,2026-08-02T19:58:38+00:00,fresh direct fetch,[]
https://www.asms.org/conferences/asilomar-conference/abstract-submission,OK,200,https://www.asms.org/conferences/asilomar-conference/abstract-submission,Abstract Submission,Abstract Submission,,2026-08-02T19:58:38+00:00,fresh direct fetch,[]
https://www.asms.org/conferences/asilomar-conference/corporate-support,OK,200,https://www.asms.org/conferences/asilomar-conference/corporate-support,Corporate Sponsors,Corporate Sponsors,,2026-08-02T19:58:38+00:00,fresh direct fetch,[]
https://www.asms.org/conferences/asilomar-conference/program,OK,200,https://www.asms.org/conferences/asilomar-conference/program,ASMS Asilomar Conference Program,Program,,2026-08-02T19:58:38+00:00,fresh direct fetch,[]
https://www.asms.org/conferences/asilomar-conference/program/presenter-guidelines,OK,200,https://www.asms.org/conferences/asilomar-conference/program/presenter-guidelines,ASMS Asilomar Presenter Guidelines,Presenter Guidelines,,2026-08-02T19:58:38+00:00,fresh direct fetch,[]
https://www.asms.org/conferences/asilomar-conference/program/schedule-overview,OK,200,https://www.asms.org/conferences/asilomar-conference/program/schedule-overview,ASMS Asilomar Conference Schedule,Schedule Overview,,2026-08-02T19:58:38+00:00,fresh direct fetch,[]
https://www.asms.org/conferences/fall-workshop,OK,200,https://www.asms.org/conferences/fall-workshop,Fall Workshop Homepage,Fall Workshop Homepage,,2026-08-02T19:58:38+00:00,fresh direct fetch,[]
https://www.asms.org/conferences/fall-workshop/beware-of-email-scams,OK,200,https://www.asms.org/about/beware-of-email-scams,Beware of Email Scams,Beware of Email Scams,,2026-08-02T19:58:39+00:00,fresh direct fetch,[]
https://www.asms.org/conferences/fall-workshop/corporate-support,OK,200,https://www.asms.org/conferences/fall-workshop/corporate-support,ASMS Fall Workshop Corporate Support,Corporate Support,,2026-08-02T19:58:39+00:00,fresh direct fetch,[]
https://www.asms.org/conferences/fall-workshop/fall-workshop-homepage,OK,200,https://www.asms.org/conferences/fall-workshop/fall-workshop-homepage,Fall Workshop Homepage,Fall Workshop Homepage,,2026-08-02T19:58:39+00:00,fresh direct fetch,[]
https://www.asms.org/conferences/fall-workshop/lodging-travel,OK,200,https://www.asms.org/conferences/fall-workshop/lodging-travel,Lodging - Travel,Lodging & Travel,,2026-08-02T19:58:39+00:00,fresh direct fetch,[]
https://www.asms.org/conferences/fall-workshop/past-fall-workshops,OK,200,https://www.asms.org/conferences/past-conferences,Past Conferences,Past Conferences,,2026-08-02T19:58:39+00:00,fresh direct fetch,[]
https://www.asms.org/conferences/fall-workshop/program,OK,200,https://www.asms.org/conferences/fall-workshop/program,ASMS Fall Workshop Program,Preliminary Program,,2026-08-02T19:58:39+00:00,fresh direct fetch,[]
https://www.asms.org/conferences/fall-workshop/registration,OK,200,https://www.asms.org/conferences/fall-workshop/registration,ASMS Fall Workshop Registration,Registration,,2026-08-02T19:58:39+00:00,fresh direct fetch,[]
https://www.asms.org/conferences/fall-workshop/student-post-doc-travel-stipends,OK,200,https://www.asms.org/conferences/fall-workshop/student-post-doc-travel-stipends,Student-Post-Doc Travel Stipends,Student/Post-Doc Travel Stipends,,2026-08-02T19:58:39+00:00,fresh direct fetch,[]
https://www.asms.org/conferences/fall-workshop/suggest-a-topic,OK,200,https://www.asms.org/conferences/suggest-a-topic,Submit a Proposal or Suggest a Topic,Submit a Proposal or Suggest a Topic,,2026-08-02T19:58:39+00:00,fresh direct fetch,[]
https://www.asms.org/conferences/fall-workshop/travel-invitation-letter,OK,200,https://www.asms.org/conferences/fall-workshop/travel-invitation-letter,Travel Invitation Letter,Travel Invitation Letter,,2026-08-02T19:58:39+00:00,fresh direct fetch,[]
https://www.asms.org/conferences/winter-conference/abstract-submission,OK,200,https://www.asms.org/conferences/winter-conference/abstract-submission,Abstract Submission,Abstract Submission,,2026-08-02T19:58:39+00:00,fresh direct fetch,[]
https://www.asms.org/conferences/winter-conference/corporate-sponsors,OK,200,https://www.asms.org/conferences/winter-conference/corporate-sponsors,Corporate Sponsors,Corporate Sponsors,,2026-08-02T19:58:39+00:00,fresh direct fetch,[]
https://www.asms.org/conferences/winter-conference/preliminary-program-topics-speakers,OK,200,https://www.asms.org/conferences/winter-conference/preliminary-program-topics-speakers,Session Topics & Speakers,Session Topics & Speakers,,2026-08-02T19:58:39+00:00,fresh direct fetch,[]
https://www.asms.org/member-services/mock-interviews-career-mentoring,OK,200,https://www.asms.org/member-services/mock-interviews-career-mentoring,Career Mentoring Program,Career Mentoring Program,,2026-08-02T19:58:39+00:00,fresh direct fetch,[]
https://www.asms.org/publications/abstracts-and-proceedings,OK,200,https://www.asms.org/publications/abstracts-and-proceedings,Abstracts and Proceedings,Abstracts and Proceedings,,2026-08-02T19:58:39+00:00,fresh direct fetch,[]
https://www.asms.org/publications/abstracts-and-proceedings/new-search-tool,OK,200,https://www.asms.org/publications/abstracts-and-proceedings/new-search-tool,About the Search Tools,About the Search Tools,,2026-08-02T19:58:39+00:00,fresh direct fetch,[]
https://www.biopharminternational.com/,OK,200,https://www.biopharminternational.com/,"BioPharm International - Biopharmaceutical Science, Business Insights",,,2026-08-02T19:44:40+00:00,fresh status plus retained title,"[{""file"": ""data/journal_sources.json"", ""path"": """", ""label"": """"}, {""file"": ""data/journal_sources.json"", ""path"": ""sources.1"", ""label"": ""BioPharma International""}]"
https://www.biopharminternational.com/rss.xml,OK,200,https://www.biopharminternational.com/rss.xml,,,,2026-08-02T19:58:39+00:00,fresh direct fetch,[]
https://www.biopharminternational.com/view/analytics-for-bispecific-antibody-product-release,OK,200,https://www.biopharminternational.com/view/analytics-for-bispecific-antibody-product-release,Analytics for Bispecific Antibody Product Release | BioPharm International,Analytics for Bispecific Antibody Product Release,,2026-08-02T19:58:39+00:00,fresh direct fetch,"[{""file"": ""data/journal_sources.json"", ""path"": ""BioPharma International.recentRecords.1"", ""label"": ""Analytics for Bispecific Antibody Product Release""}]"
https://www.biopharminternational.com/view/faq-analytical-validation-lob-lod-loq-acceptance-criteria-equivalence-testing,OK,200,https://www.biopharminternational.com/view/faq-analytical-validation-lob-lod-loq-acceptance-criteria-equivalence-testing,"FAQ: What You Need to Know About Analytical Method Validation (LOB, LOD, LOQ, Acceptance Criteria, and Equivalence Testing) | BioPharm International","FAQ: What You Need to Know About Analytical Method Validation (LOB, LOD, LOQ, Acceptance Criteria, and Equivalence Testing)",,2026-08-02T19:58:39+00:00,fresh direct fetch,"[{""file"": ""data/journal_sources.json"", ""path"": ""BioPharma International.recentRecords.0"", ""label"": ""FAQ: What You Need to Know About Analytical Method Validation (LOB, LOD, LOQ, Acceptance Criteria, and Equivalence Testing)""}]"
https://www.biopharminternational.com/view/how-linker-innovation-could-shape-the-next-generation-of-antibody-drug-conjugates,OK,200,https://www.biopharminternational.com/view/how-linker-innovation-could-shape-the-next-generation-of-antibody-drug-conjugates,How Linker Innovation Could Shape the Next Generation of Antibody–Drug Conjugates | BioPharm International,How Linker Innovation Could Shape the Next Generation of Antibody–Drug Conjugates,,2026-08-02T19:58:40+00:00,fresh direct fetch,"[{""file"": ""data/journal_sources.json"", ""path"": ""BioPharma International.recentRecords.4"", ""label"": ""How Linker Innovation Could Shape the Next Generation of Antibody–Drug Conjugates""}]"
https://www.biopharminternational.com/view/viral-safety-2-0-plant-ready-actions-for-ich-q5a-r2-compliance,OK,200,https://www.biopharminternational.com/view/viral-safety-2-0-plant-ready-actions-for-ich-q5a-r2-compliance,Viral Safety 2.0: Plant-Ready Actions for ICH Q5A(R2) Compliance | BioPharm International,Viral Safety 2.0: Plant-Ready Actions for ICH Q5A(R2) Compliance,,2026-08-02T19:58:40+00:00,fresh direct fetch,"[{""file"": ""data/journal_sources.json"", ""path"": ""BioPharma International.recentRecords.3"", ""label"": ""Viral Safety 2.0: Plant-Ready Actions for ICH Q5A(R2) Compliance""}]"
https://www.biopharminternational.com/view/what-fda-s-ai-warning-letter-tells-us-about-gmp-accountability,OK,200,https://www.biopharminternational.com/view/what-fda-s-ai-warning-letter-tells-us-about-gmp-accountability,What FDA's AI Warning Letter Tells Us About GMP Accountability | BioPharm International,What FDA's AI Warning Letter Tells Us About GMP Accountability,,2026-08-02T19:58:41+00:00,fresh direct fetch,"[{""file"": ""data/journal_sources.json"", ""path"": ""BioPharma International.recentRecords.2"", ""label"": ""What FDA's AI Warning Letter Tells Us About GMP Accountability""}]"
https://www.bioprocessingeurope.com/,OK,200,https://www.bioprocessingeurope.com/,"Bioprocessing Summit Europe | March 10-12, 2026 | Barcelona",,,2026-08-02T19:44:40+00:00,fresh status plus retained title,"[{""file"": ""data/conference_sources.json"", ""path"": """", ""label"": """"}, {""file"": ""data/conference_sources.json"", ""path"": ""events.3"", ""label"": ""Bioprocessing Summit EU""}]"
https://www.bioprocessingeurope.com/exhibitor-prospectus-download-form,OK,200,https://www.bioprocessingeurope.com/exhibitor-prospectus-download-form,Exhibitor Prospectus Download - Bioprocessing Summit Europe,PDF Download,,2026-08-02T19:58:41+00:00,fresh direct fetch,[]
https://www.bioprocessingeurope.com/poster-titles,OK,200,https://www.bioprocessingeurope.com/poster-titles,Poster Titles - Bioprocessing Summit Europe,2026 POSTER PRESENTATIONS,,2026-08-02T19:58:41+00:00,fresh direct fetch,[]
https://www.bioprocessingeurope.com/posters,OK,200,https://www.bioprocessingeurope.com/posters,Posters - Bioprocessing Summit Europe,Poster Information,,2026-08-02T19:58:41+00:00,fresh direct fetch,[]
https://www.bioprocessingeurope.com/programs,OK,200,https://www.bioprocessingeurope.com/programs,Bioprocessing Summit Europe's Programs | 18-20 March 2025,Europe’s Leading Forum for Bioprocessing Innovation and Collaboration,,2026-08-02T19:58:41+00:00,fresh direct fetch,[]
https://www.bioprocessingeurope.com/search,OK,200,https://www.bioprocessingeurope.com/search,"Search Agenda | Bioprocessing Summit Europe - 10-12 Mar, 2026",,,2026-08-02T19:58:41+00:00,fresh direct fetch,[]
https://www.bioprocessingeurope.com/speaker-biographies,OK,200,https://www.bioprocessingeurope.com/speaker-biographies,Speaker Biographies | Bioprocessing Summit Europe | 10-12 March 2026,Speaker Biographies,,2026-08-02T19:58:41+00:00,fresh direct fetch,[]
https://www.bioprocessingeurope.com/sponsors,OK,200,https://www.bioprocessingeurope.com/sponsors,Current Sponsors - Bioprocessing Summit Europe,Current Sponsors,,2026-08-02T19:58:41+00:00,fresh direct fetch,[]
https://www.bioprocessingeurope.com/sponsorship-opportunities,OK,200,https://www.bioprocessingeurope.com/sponsorship-opportunities,Sponsorship Opportunities - Bioprocessing Summit Europe,Sponsorship Opportunities,,2026-08-02T19:58:41+00:00,fresh direct fetch,[]
https://www.bioprocessingsummit.com/,OK,200,https://www.bioprocessingsummit.com/,"The Bioprocessing Summit | August 10-13, 2026 | Boston, MA &amp; Virtual",,,2026-08-02T19:44:41+00:00,fresh status plus retained title,"[{""file"": ""data/conference_preparation.json"", ""path"": """", ""label"": """"}, {""file"": ""data/conference_preparation.json"", ""path"": ""events.0"", ""label"": ""Bioprocessing Summit US""}, {""file"": ""data/conference_preparation.json"", ""path"": ""events.0.monitoringLinks.0"", ""label"": ""2026 program""}, {""file"": ""data/conference_sources.json"", ""path"": """", ""label"": """"}, {""file"": ""data/conference_sources.json"", ""path"": ""events.16"", ""label"": ""Bioprocessing Summit US""}]"
https://www.bioprocessingsummit.com/Exhibitor-prospectus-download-form,OK,200,https://www.bioprocessingsummit.com/Exhibitor-prospectus-download-form,Exhibitor Prospectus Download Form | The Bioprocessing Summit,PDF Download,,2026-08-02T19:58:41+00:00,fresh direct fetch,[]
https://www.bioprocessingsummit.com/Speaker-Biographies,OK,200,https://www.bioprocessingsummit.com/Speaker-Biographies,"Speaker Biographies | The Bioprocessing Summit | August 10-13, 2026",Speaker Biographies,,2026-08-02T19:58:41+00:00,fresh direct fetch,[]
https://www.bioprocessingsummit.com/exhibitor-faq,OK,200,https://www.bioprocessingsummit.com/exhibitor-faq,"FAQs | The Bioprocessing Summit | August 10-13, 2026",Frequently Asked Questions,,2026-08-02T19:58:41+00:00,fresh direct fetch,[]
https://www.bioprocessingsummit.com/plenary-keynotes,OK,200,https://www.bioprocessingsummit.com/plenary-keynotes,"Plenary Keynote Sessions | The Bioprocessing Summit | August 10-13, 2026",Plenary Keynote Sessions,,2026-08-02T19:58:41+00:00,fresh direct fetch,[]
https://www.bioprocessingsummit.com/poster-titles,OK,200,https://www.bioprocessingsummit.com/poster-titles,"Poster Titles | The Bioprocessing Summit | August 10-13, 2026",2026 Poster Presentations,,2026-08-02T19:58:41+00:00,fresh direct fetch,[]
https://www.bioprocessingsummit.com/poster-winners,OK,200,https://www.bioprocessingsummit.com/poster-winners,"Poster Winners | The Bioprocessing Summit | August 10-13, 2026",Congratulations to the 2025 Poster Winners!,,2026-08-02T19:58:41+00:00,fresh direct fetch,[]
https://www.bioprocessingsummit.com/posters,OK,200,https://www.bioprocessingsummit.com/posters,"Poster Information | The Bioprocessing Summit | August 10-13, 2026",Poster Information,,2026-08-02T19:58:41+00:00,fresh direct fetch,[]
https://www.bioprocessingsummit.com/programs,OK,200,https://www.bioprocessingsummit.com/programs,"The Bioprocessing Summit Programs | August 10-13, 2026 | Boston, MA & Virtual",Where Global Bioprocess Experts Converge to Drive Innovation and Productivity,,2026-08-02T19:58:41+00:00,fresh direct fetch,[]
https://www.bioprocessingsummit.com/search,OK,200,https://www.bioprocessingsummit.com/search,"Search Agenda | The Bioprocessing Summit | August 10-13, 2026",,,2026-08-02T19:58:41+00:00,fresh direct fetch,[]
https://www.bioprocessingsummit.com/sponsor,OK,200,https://www.bioprocessingsummit.com/sponsor,"Sponsorship, Exhibit and Lead Generation | The Bioprocessing Summit | August 10-13, 2026",,,2026-08-02T19:58:41+00:00,fresh direct fetch,[]
https://www.bioprocessingsummit.com/sponsor-exhibitor/best-of-show-awards,OK,200,https://www.bioprocessingsummit.com/sponsor-exhibitor/best-of-show-awards,"Best of Show Awards | The Bioprocessing Summit | August 10-13, 2026",Best of Show Awards,,2026-08-02T19:58:41+00:00,fresh direct fetch,[]
https://www.bioprocessingsummit.com/sponsors,OK,200,https://www.bioprocessingsummit.com/sponsors,"View All Sponsors | The Bioprocessing Summit | August 10-13, 2026",,,2026-08-02T19:44:41+00:00,fresh status plus retained title,"[{""file"": ""data/conference_preparation.json"", ""path"": """", ""label"": """"}, {""file"": ""data/conference_preparation.json"", ""path"": ""events.0"", ""label"": ""Bioprocessing Summit US""}, {""file"": ""data/conference_preparation.json"", ""path"": ""events.0.competitorContent.0"", ""label"": """"}, {""file"": ""data/conference_preparation.json"", ""path"": ""events.0.monitoringLinks.1"", ""label"": ""2026 sponsors""}]"
https://www.bioprocessingsummit.com/sponsorship-opportunities,OK,200,https://www.bioprocessingsummit.com/sponsorship-opportunities,"Sponsorship Opportunities | The Bioprocessing Summit | August 10-13, 2026",,,2026-08-02T19:58:41+00:00,fresh direct fetch,[]
https://www.bruker.com/en/landingpages/bdal/imsc.html,OK,200,https://www.bruker.com/en/landingpages/bdal/imsc.html,IMSC 2026 | Bruker,,,2026-08-02T19:44:41+00:00,fresh status plus retained title,"[{""file"": ""data/conference_preparation.json"", ""path"": """", ""label"": """"}, {""file"": ""data/conference_preparation.json"", ""path"": ""events.1"", ""label"": ""IMSC 2026""}, {""file"": ""data/conference_preparation.json"", ""path"": ""events.1.competitorContent.0"", ""label"": """"}, {""file"": ""data/conference_preparation.json"", ""path"": ""events.1.monitoringLinks.2"", ""label"": ""Bruker seminar""}]"
https://www.casss.org/docs/default-source/mass-spec/2025-speaker-presentations/carillo-sara-nibrt-2025.pdf?sfvrsn=7c6c05d8_5,OK,200,https://www.casss.org/docs/default-source/mass-spec/2025-speaker-presentations/carillo-sara-nibrt-2025.pdf?sfvrsn=7c6c05d8_5,,,,2026-08-02T19:58:42+00:00,fresh direct fetch,[]
https://www.casss.org/docs/default-source/mass-spec/2025-speaker-presentations/cazy-aaron-eli-lilly-and-company-2025.pdf?sfvrsn=d61f5a58_3,OK,200,https://www.casss.org/docs/default-source/mass-spec/2025-speaker-presentations/cazy-aaron-eli-lilly-and-company-2025.pdf?sfvrsn=d61f5a58_3,,,,2026-08-02T19:58:42+00:00,fresh direct fetch,[]
https://www.casss.org/docs/default-source/mass-spec/2025-speaker-presentations/chilmonczyk-mason-andson-biotech-2025.pdf?sfvrsn=e1754c40_5,OK,200,https://www.casss.org/docs/default-source/mass-spec/2025-speaker-presentations/chilmonczyk-mason-andson-biotech-2025.pdf?sfvrsn=e1754c40_5,,,,2026-08-02T19:58:42+00:00,fresh direct fetch,[]
https://www.casss.org/docs/default-source/mass-spec/2025-speaker-presentations/crowe-adam-cytiva-2025.pdf?sfvrsn=fb10bc76_5,OK,200,https://www.casss.org/docs/default-source/mass-spec/2025-speaker-presentations/crowe-adam-cytiva-2025.pdf?sfvrsn=fb10bc76_5,,,,2026-08-02T19:58:42+00:00,fresh direct fetch,[]
https://www.casss.org/docs/default-source/mass-spec/2025-speaker-presentations/gorre-elsa-johnson-johnson-2025.pdf?sfvrsn=84467e_5,OK,200,https://www.casss.org/docs/default-source/mass-spec/2025-speaker-presentations/gorre-elsa-johnson-johnson-2025.pdf?sfvrsn=84467e_5,,,,2026-08-02T19:58:42+00:00,fresh direct fetch,[]
https://www.casss.org/docs/default-source/mass-spec/2025-speaker-presentations/jiang-tingting-merck-co-inc-2025.pdf?sfvrsn=2aee4f82_5,OK,200,https://www.casss.org/docs/default-source/mass-spec/2025-speaker-presentations/jiang-tingting-merck-co-inc-2025.pdf?sfvrsn=2aee4f82_5,,,,2026-08-02T19:58:42+00:00,fresh direct fetch,[]
https://www.casss.org/docs/default-source/mass-spec/2025-speaker-presentations/johnson-alex-aldevron-llc-2025.pdf?sfvrsn=d74f1472_5,OK,200,https://www.casss.org/docs/default-source/mass-spec/2025-speaker-presentations/johnson-alex-aldevron-llc-2025.pdf?sfvrsn=d74f1472_5,,,,2026-08-02T19:58:42+00:00,fresh direct fetch,[]
https://www.casss.org/docs/default-source/mass-spec/2025-speaker-presentations/kuang-xinyi-cynthia-washington-university-in-st-louis-2025.pdf?sfvrsn=75312f8d_5,OK,200,https://www.casss.org/docs/default-source/mass-spec/2025-speaker-presentations/kuang-xinyi-cynthia-washington-university-in-st-louis-2025.pdf?sfvrsn=75312f8d_5,,,,2026-08-02T19:58:42+00:00,fresh direct fetch,[]
https://www.casss.org/docs/default-source/mass-spec/2025-speaker-presentations/lucas-tiffany-eliquent-life-sciences-2025.pdf?sfvrsn=63188a0a_5,OK,200,https://www.casss.org/docs/default-source/mass-spec/2025-speaker-presentations/lucas-tiffany-eliquent-life-sciences-2025.pdf?sfvrsn=63188a0a_5,,,,2026-08-02T19:58:42+00:00,fresh direct fetch,[]
https://www.casss.org/docs/default-source/mass-spec/2025-speaker-presentations/ma-yiran-silvia-eli-lilly-and-company-2025.pdf?sfvrsn=4a79fcb2_5,OK,200,https://www.casss.org/docs/default-source/mass-spec/2025-speaker-presentations/ma-yiran-silvia-eli-lilly-and-company-2025.pdf?sfvrsn=4a79fcb2_5,,,,2026-08-02T19:58:42+00:00,fresh direct fetch,[]
https://www.casss.org/docs/default-source/mass-spec/2025-speaker-presentations/mcgee-jack-immpro-inc-2025.pdf?sfvrsn=b5c02f5b_5,OK,200,https://www.casss.org/docs/default-source/mass-spec/2025-speaker-presentations/mcgee-jack-immpro-inc-2025.pdf?sfvrsn=b5c02f5b_5,,,,2026-08-02T19:58:42+00:00,fresh direct fetch,[]
https://www.casss.org/docs/default-source/mass-spec/2025-speaker-presentations/merkle-patrick-novartis-pharma-ag-2025.pdf?sfvrsn=7781c3d2_5,OK,200,https://www.casss.org/docs/default-source/mass-spec/2025-speaker-presentations/merkle-patrick-novartis-pharma-ag-2025.pdf?sfvrsn=7781c3d2_5,,,,2026-08-02T19:58:42+00:00,fresh direct fetch,[]
https://www.casss.org/docs/default-source/mass-spec/2025-speaker-presentations/nanda-hirsh-johnson-johnson-2025.pdf?sfvrsn=735ec26e_5,OK,200,https://www.casss.org/docs/default-source/mass-spec/2025-speaker-presentations/nanda-hirsh-johnson-johnson-2025.pdf?sfvrsn=735ec26e_5,,,,2026-08-02T19:58:42+00:00,fresh direct fetch,[]
https://www.casss.org/docs/default-source/mass-spec/2025-speaker-presentations/pomerantz-steven-c-johnson-johnson-2025.pdf?sfvrsn=51d30aa7_5,OK,200,https://www.casss.org/docs/default-source/mass-spec/2025-speaker-presentations/pomerantz-steven-c-johnson-johnson-2025.pdf?sfvrsn=51d30aa7_5,,,,2026-08-02T19:58:42+00:00,fresh direct fetch,[]
https://www.casss.org/docs/default-source/mass-spec/2025-speaker-presentations/sahasrabuddhe-aniruddha-amgen-inc-2025.pdf?sfvrsn=96a80e14_5,OK,200,https://www.casss.org/docs/default-source/mass-spec/2025-speaker-presentations/sahasrabuddhe-aniruddha-amgen-inc-2025.pdf?sfvrsn=96a80e14_5,,,,2026-08-02T19:58:42+00:00,fresh direct fetch,[]
https://www.casss.org/docs/default-source/mass-spec/2025-speaker-presentations/whitty-l&,Broken,400,https://www.casss.org/docs/default-source/mass-spec/2025-speaker-presentations/whitty-l&,,,strict access failure,2026-08-02T19:44:42+00:00,fresh data/link_health.json,[]
https://www.casss.org/docs/default-source/mass-spec/2025-speaker-presentations/xiao-yongsheng-wuxi-biologics-2025.pdf?sfvrsn=34940646_5,OK,200,https://www.casss.org/docs/default-source/mass-spec/2025-speaker-presentations/xiao-yongsheng-wuxi-biologics-2025.pdf?sfvrsn=34940646_5,,,,2026-08-02T19:58:42+00:00,fresh direct fetch,[]
https://www.casss.org/docs/default-source/mass-spec/final-program/mass-spec-2025-scientific-program.pdf?sfvrsn=894b9b9b_3,OK,200,https://www.casss.org/docs/default-source/mass-spec/final-program/mass-spec-2025-scientific-program.pdf?sfvrsn=894b9b9b_3,,,,2026-08-02T19:58:42+00:00,fresh direct fetch,[]
https://www.casss.org/footer/exhibitors,OK,200,https://www.casss.org/partnership-opportunities/exhibitors,Exhibitors,Exhibit with CASSS,,2026-08-02T19:58:42+00:00,fresh direct fetch,[]
https://www.casss.org/footer/program-partners,OK,200,https://www.casss.org/partnership-opportunities/pharma-program-partners,Pharma Program Partners,Become a Pharma Program Partner,,2026-08-02T19:58:42+00:00,fresh direct fetch,[]
https://www.casss.org/mass-spectrometry/attend,OK,200,https://www.casss.org/mass-spectrometry/attend,Mass Spec Attendee Resources,,,2026-08-02T19:44:43+00:00,fresh status plus retained title,"[{""file"": ""data/conference_preparation.json"", ""path"": """", ""label"": """"}, {""file"": ""data/conference_preparation.json"", ""path"": ""events.3"", ""label"": ""CASSS Mass Spec 2026""}, {""file"": ""data/conference_preparation.json"", ""path"": ""events.3.monitoringLinks.0"", ""label"": ""2026 topics""}]"
https://www.casss.org/meetings-and-events/case-studies-workshops,OK,200,https://www.casss.org/meetings-and-events/case-studies-workshops,Case Studies/Workshops,Case Studies/Workshops,,2026-08-02T19:58:42+00:00,fresh direct fetch,[]
https://www.casss.org/meetings-and-events/event/2026/01/27/default-calendar/wcbp-2026,OK,200,https://www.casss.org/meetings-and-events/event/2026/01/27/default-calendar/wcbp-2026,WCBP,,,2026-08-02T19:44:43+00:00,fresh status plus retained title,"[{""file"": ""data/conference_sources.json"", ""path"": """", ""label"": """"}, {""file"": ""data/conference_sources.json"", ""path"": ""events.0"", ""label"": ""WCBP (Well-Characterized Biological Products)""}]"
https://www.casss.org/meetings-and-events/exhibitor-webinars-2026,OK,200,https://www.casss.org/exhibitor-webinars,Exhibitor Webinars,Welcome to the Exhibitor Webinars,,2026-08-02T19:58:42+00:00,fresh direct fetch,[]
https://www.casss.org/meetings-and-events/multi-day-symposia/mass-spectrometry,OK,200,https://www.casss.org/meetings-and-events/symposia/mass-spectrometry,Mass Spectrometry,,,2026-08-02T19:44:43+00:00,fresh status plus retained title,"[{""file"": ""data/conference_sources.json"", ""path"": """", ""label"": """"}, {""file"": ""data/conference_sources.json"", ""path"": ""events.19"", ""label"": ""CASSS MS (Practical Applications of Mass Spectrometry)""}]"
https://www.casss.org/meetings-and-events/symposia/mass-spectrometry,OK,200,https://www.casss.org/meetings-and-events/symposia/mass-spectrometry,Mass Spectrometry,Mass Spectrometry,,2026-08-02T19:58:42+00:00,fresh direct fetch,[]
https://www.casss.org/partnership-opportunities/exhibitors,OK,200,https://www.casss.org/partnership-opportunities/exhibitors,Exhibitors,Exhibit with CASSS,,2026-08-02T19:58:42+00:00,fresh direct fetch,[]
https://www.casss.org/partnership-opportunities/pharma-program-partners,OK,200,https://www.casss.org/partnership-opportunities/pharma-program-partners,Pharma Program Partners,Become a Pharma Program Partner,,2026-08-02T19:58:43+00:00,fresh direct fetch,[]
https://www.cell.com/molecular-therapy-family/molecular-therapy/fulltext/S1525-0016(26)00312-6,Broken,403,https://www.cell.com/molecular-therapy-family/molecular-therapy/fulltext/S1525-0016(26)00312-6,,,HTTP response contains an access-control or bot-challenge page,2026-08-02T19:44:44+00:00,fresh data/link_health.json,[]
https://www.chromatographyonline.com/,Broken,403,https://www.chromatographyonline.com/,Just a moment...,,HTTP response contains an access-control or bot-challenge page,2026-08-02T19:44:44+00:00,fresh data/link_health.json,"[{""file"": ""data/journal_sources.json"", ""path"": """", ""label"": """"}, {""file"": ""data/journal_sources.json"", ""path"": ""sources.0"", ""label"": ""LCGC""}]"
https://www.chromatographyonline.com/rss.xml,Broken,403,https://www.chromatographyonline.com/rss.xml,,,HTTP response contains an access-control or bot-challenge page,2026-08-02T19:44:44+00:00,fresh data/link_health.json,[]
https://www.chromatographyonline.com/view/advancing-miniaturized-column-and-instrument-technologies-for-capillary-liquid-chromatography,Broken,403,https://www.chromatographyonline.com/view/advancing-miniaturized-column-and-instrument-technologies-for-capillary-liquid-chromatography,Just a moment...,,HTTP 403,2026-08-02T19:58:43+00:00,fresh direct fetch,"[{""file"": ""data/journal_sources.json"", ""path"": ""LCGC.recentRecords.8"", ""label"": ""Advancing Miniaturized Column and Instrument Technologies for Capillary Liquid Chromatography""}]"
https://www.chromatographyonline.com/view/capillary-liquid-chromatography-sustainability-and-routine-applications,Broken,403,https://www.chromatographyonline.com/view/capillary-liquid-chromatography-sustainability-and-routine-applications,Just a moment...,,HTTP 403,2026-08-02T19:58:43+00:00,fresh direct fetch,"[{""file"": ""data/journal_sources.json"", ""path"": ""LCGC.recentRecords.7"", ""label"": ""HTC-19 Insights: Capillary Liquid Chromatography: Sustainability and Routine Applications""}]"
https://www.chromatographyonline.com/view/highlights-hplc2026-conference-lens-lc-troubleshooting,Broken,403,https://www.chromatographyonline.com/view/highlights-hplc2026-conference-lens-lc-troubleshooting,Just a moment...,,HTTP 403,2026-08-02T19:58:43+00:00,fresh direct fetch,"[{""file"": ""data/journal_sources.json"", ""path"": ""LCGC.recentRecords.3"", ""label"": ""Highlights from the HPLC2026 Conference through the Lens of LC Troubleshooting""}]"
https://www.chromatographyonline.com/view/hplc-2026-heads-to-indianapolis,Broken,403,https://www.chromatographyonline.com/view/hplc-2026-heads-to-indianapolis,Just a moment...,,HTTP 403,2026-08-02T19:58:43+00:00,fresh direct fetch,"[{""file"": ""data/journal_sources.json"", ""path"": ""LCGC.recentRecords.11"", ""label"": ""HPLC 2026 Heads To Indianapolis""}]"
https://www.chromatographyonline.com/view/hplc-confirms-caffeine-dose-fight-fatigue,Broken,403,https://www.chromatographyonline.com/view/hplc-confirms-caffeine-dose-fight-fatigue,Just a moment...,,HTTP 403,2026-08-02T19:58:43+00:00,fresh direct fetch,"[{""file"": ""data/journal_sources.json"", ""path"": ""LCGC.recentRecords.5"", ""label"": ""HPLC Confirms Caffeine Dose to Fight Fatigue""}]"
https://www.chromatographyonline.com/view/hplc-ms-ms-measures-pfas-breast-density-link,Broken,403,https://www.chromatographyonline.com/view/hplc-ms-ms-measures-pfas-breast-density-link,Just a moment...,,HTTP 403,2026-08-02T19:58:43+00:00,fresh direct fetch,"[{""file"": ""data/journal_sources.json"", ""path"": ""LCGC.recentRecords.6"", ""label"": ""HPLC-MS/MS Measures PFAS, Breast Density Link""}]"
https://www.chromatographyonline.com/view/isc-2026-preview,Broken,403,https://www.chromatographyonline.com/view/isc-2026-preview,Just a moment...,,HTTP 403,2026-08-02T19:58:44+00:00,fresh direct fetch,"[{""file"": ""data/journal_sources.json"", ""path"": ""LCGC.recentRecords.2"", ""label"": ""ISC 2026 Preview""}]"
https://www.chromatographyonline.com/view/lc-ms-ms-links-vitamin-d-levels-sleep-timing,Broken,403,https://www.chromatographyonline.com/view/lc-ms-ms-links-vitamin-d-levels-sleep-timing,Just a moment...,,HTTP 403,2026-08-02T19:58:44+00:00,fresh direct fetch,"[{""file"": ""data/journal_sources.json"", ""path"": ""LCGC.recentRecords.1"", ""label"": ""LC-MS/MS Links Vitamin D Levels to Sleep Timing""}]"
https://www.chromatographyonline.com/view/miniaturized-liquid-sample-preparation-environmental-analysis,Broken,403,https://www.chromatographyonline.com/view/miniaturized-liquid-sample-preparation-environmental-analysis,Just a moment...,,HTTP 403,2026-08-02T19:58:44+00:00,fresh direct fetch,"[{""file"": ""data/journal_sources.json"", ""path"": ""LCGC.recentRecords.10"", ""label"": ""Miniaturized Liquid Sample Preparation for Environmental Analysis""}]"
https://www.chromatographyonline.com/view/promise-challenges-capillary-lc-lessons-pittcon-2026-networking-session,Broken,403,https://www.chromatographyonline.com/view/promise-challenges-capillary-lc-lessons-pittcon-2026-networking-session,Just a moment...,,HTTP 403,2026-08-02T19:58:44+00:00,fresh direct fetch,"[{""file"": ""data/journal_sources.json"", ""path"": ""LCGC.recentRecords.9"", ""label"": ""The Promise and Challenges of Capillary LC: Lessons From Pittcon 2026 Networking Session""}]"
https://www.chromatographyonline.com/view/py-gc-ms-reveals-microplastics-playgrounds,Broken,403,https://www.chromatographyonline.com/view/py-gc-ms-reveals-microplastics-playgrounds,Just a moment...,,HTTP 403,2026-08-02T19:58:44+00:00,fresh direct fetch,"[{""file"": ""data/journal_sources.json"", ""path"": ""LCGC.recentRecords.4"", ""label"": ""Py-GC-MS Reveals Microplastics in Playgrounds""}]"
https://www.chromatographyonline.com/view/uhplc-ms-ms-reveals-rice-pdd-s-role-trna-tags,Broken,403,https://www.chromatographyonline.com/view/uhplc-ms-ms-reveals-rice-pdd-s-role-trna-tags,,,HTTP response contains an access-control or bot-challenge page,2026-08-02T19:44:44+00:00,fresh data/link_health.json,"[{""file"": ""data/journal_sources.json"", ""path"": ""LCGC.recentRecords.0"", ""label"": ""UHPLC-MS/MS Reveals Rice PDD's Role in tRNA Tags""}]"
https://www.chromforum.org/viewforum.php?f=1,OK,200,https://www.chromforum.org/viewforum.php?f=1,Liquid Chromatography - Chromatography Forum,,,2026-08-02T19:44:44+00:00,fresh status plus retained title,"[{""file"": ""data/customer_voice.json"", ""path"": """", ""label"": """"}, {""file"": ""data/customer_voice.json"", ""path"": ""sources.1"", ""label"": ""Chromatography Forum""}]"
https://www.chromforum.org/viewtopic.php?p=455950,OK,200,https://www.chromforum.org/viewtopic.php?p=455950,Sudden Unknown Peak During HPLC Validation – Need Advice - Chromatography Forum,,,2026-08-02T19:58:44+00:00,fresh direct fetch,[]
https://www.chromforum.org/viewtopic.php?p=463296,OK,200,https://www.chromforum.org/viewtopic.php?p=463296,Large water dip on ICS-6000 - Chromatography Forum,,,2026-08-02T19:58:44+00:00,fresh direct fetch,[]
https://www.chromforum.org/viewtopic.php?t=119394,OK,200,https://www.chromforum.org/viewtopic.php?t=119394,Manual Injection: Bigger carryover peaks & diluted samples - Chromatography Forum,,,2026-08-02T19:58:44+00:00,fresh direct fetch,[]
https://www.chromforum.org/viewtopic.php?t=12125,OK,200,https://www.chromforum.org/viewtopic.php?t=12125,LCMS data export to Matlab - Chromatography Forum,,,2026-08-02T19:58:44+00:00,fresh direct fetch,[]
https://www.chromforum.org/viewtopic.php?t=122288,OK,200,https://www.chromforum.org/viewtopic.php?t=122288,Quick question about tubing in Waters 600 - Chromatography Forum,,,2026-08-02T19:58:44+00:00,fresh direct fetch,[]
https://www.chromforum.org/viewtopic.php?t=122309,OK,200,https://www.chromforum.org/viewtopic.php?t=122309,Shimadzu SIL-40C XS Autosampler error - Chromatography Forum,,,2026-08-02T19:58:44+00:00,fresh direct fetch,[]
https://www.chromforum.org/viewtopic.php?t=122324,OK,200,https://www.chromforum.org/viewtopic.php?t=122324,Agilent 1100 overpressure purge open - Chromatography Forum,,,2026-08-02T19:58:44+00:00,fresh direct fetch,[]
https://www.chromforum.org/viewtopic.php?t=122334,OK,200,https://www.chromforum.org/viewtopic.php?t=122334,Agilent 1100 multiple detector configuration - Chromatography Forum,,,2026-08-02T19:58:44+00:00,fresh direct fetch,[]
https://www.chromforum.org/viewtopic.php?t=122404,OK,200,https://www.chromforum.org/viewtopic.php?t=122404,Need help troubleshoot Waters 2410 and 2414 - Chromatography Forum,,,2026-08-02T19:44:44+00:00,fresh status plus retained title,"[{""file"": ""data/customer_voice.json"", ""path"": """", ""label"": """"}, {""file"": ""data/customer_voice.json"", ""path"": ""feedback.29"", ""label"": ""Waters LC/LC-MS portfolio""}, {""file"": ""data/customer_voice.json"", ""path"": ""feedback.29.evidenceRecords.0"", ""label"": ""Chromatography Forum: Need help troubleshoot Waters 2410 and 2414""}]"
https://www.chromforum.org/viewtopic.php?t=122410,OK,200,https://www.chromforum.org/viewtopic.php?t=122410,Preparative HPLC of peptides - Agilent 1100 - Chromatography Forum,,,2026-08-02T19:58:44+00:00,fresh direct fetch,[]
https://www.chromforum.org/viewtopic.php?t=122419,OK,200,https://www.chromforum.org/viewtopic.php?t=122419,Shimadzu HPLC - Turning off Gas Detector? - Chromatography Forum,,,2026-08-02T19:58:44+00:00,fresh direct fetch,[]
https://www.chromforum.org/viewtopic.php?t=122420,OK,200,https://www.chromforum.org/viewtopic.php?t=122420,Cell tag in an Agilent Max light - Chromatography Forum,,,2026-08-02T19:58:44+00:00,fresh direct fetch,[]
https://www.chromforum.org/viewtopic.php?t=122426,OK,200,https://www.chromforum.org/viewtopic.php?t=122426,Agilent MWD / DAD noise test fail UV and Vis - Chromatography Forum,,,2026-08-02T19:44:44+00:00,fresh status plus retained title,"[{""file"": ""data/customer_voice.json"", ""path"": """", ""label"": """"}, {""file"": ""data/customer_voice.json"", ""path"": ""feedback.30"", ""label"": ""Agilent LC/LC-MS portfolio""}, {""file"": ""data/customer_voice.json"", ""path"": ""feedback.30.evidenceRecords.0"", ""label"": ""Chromatography Forum: Agilent MWD / DAD noise test fail UV and Vis""}]"
https://www.chromforum.org/viewtopic.php?t=122460,OK,200,https://www.chromforum.org/viewtopic.php?t=122460,repairing screen in Waters 2695 - Chromatography Forum,,,2026-08-02T19:58:44+00:00,fresh direct fetch,[]
https://www.chromforum.org/viewtopic.php?t=122479,OK,200,https://www.chromforum.org/viewtopic.php?t=122479,Shimadzu HPLCs? - Chromatography Forum,,,2026-08-02T19:58:44+00:00,fresh direct fetch,[]
https://www.chromforum.org/viewtopic.php?t=122481,OK,200,https://www.chromforum.org/viewtopic.php?t=122481,Agilent LCMSMS 6470B vs 6475 - Chromatography Forum,,,2026-08-02T19:44:44+00:00,fresh status plus retained title,"[{""file"": ""data/customer_voice.json"", ""path"": """", ""label"": """"}, {""file"": ""data/customer_voice.json"", ""path"": ""feedback.28"", ""label"": ""Agilent LC/LC-MS portfolio""}, {""file"": ""data/customer_voice.json"", ""path"": ""feedback.28.evidenceRecords.0"", ""label"": ""Chromatography Forum: Agilent LCMSMS 6470B vs 6475""}]"
https://www.chromforum.org/viewtopic.php?t=23778,OK,200,https://www.chromforum.org/viewtopic.php?t=23778,Shimadzu preparative HPLC - PDA Standby problem - Chromatography Forum,,,2026-08-02T19:58:44+00:00,fresh direct fetch,[]
https://www.chromforum.org/viewtopic.php?t=24303,OK,200,https://www.chromforum.org/viewtopic.php?t=24303,"Agilent 1100, ICF, Labview; If not Agilent, then what? - Chromatography Forum",,,2026-08-02T19:58:45+00:00,fresh direct fetch,[]
https://www.chromforum.org/viewtopic.php?t=3574,OK,200,https://www.chromforum.org/viewtopic.php?t=3574,Retention time drift - Chromatography Forum,,,2026-08-02T19:58:45+00:00,fresh direct fetch,[]
https://www.chromforum.org/viewtopic.php?t=45171,OK,200,https://www.chromforum.org/viewtopic.php?t=45171,Software (data import) - Chromatography Forum,,,2026-08-02T19:58:45+00:00,fresh direct fetch,[]
https://www.chromforum.org/viewtopic.php?t=46491,OK,200,https://www.chromforum.org/viewtopic.php?t=46491,HPLC vs UHPLC quantification - Chromatography Forum,,,2026-08-02T19:58:45+00:00,fresh direct fetch,[]
https://www.chromforum.org/viewtopic.php?t=8508,OK,200,https://www.chromforum.org/viewtopic.php?t=8508,"Agilent 1200 (RRS), Waters UPLC, or ThermoFisher Fast System - Chromatography Forum",,,2026-08-02T19:44:45+00:00,fresh status plus retained title,"[{""file"": ""data/customer_voice.json"", ""path"": """", ""label"": """"}, {""file"": ""data/customer_voice.json"", ""path"": ""feedback.5"", ""label"": ""ACQUITY UPLC""}, {""file"": ""data/customer_voice.json"", ""path"": ""feedback.5.evidenceRecords.1"", ""label"": ""Chromatography Forum: Agilent 1200 (RRS), Waters UPLC, or ThermoFisher Fast System""}, {""file"": ""data/customer_voice_validation_cache.json"", ""path"": """", ""label"": """"}, {""file"": ""data/customer_voice_validation_cache.json"", ""path"": ""sources.11"", ""label"": """"}]"
https://www.crossref.org/documentation/retrieve-metadata/rest-api/,OK,200,https://www.crossref.org/documentation/retrieve-metadata/rest-api/,REST API - Crossref,,,2026-08-02T19:44:45+00:00,fresh status plus retained title,"[{""file"": ""data/market_application_sources.json"", ""path"": """", ""label"": """"}, {""file"": ""data/market_application_sources.json"", ""path"": ""sources.0"", ""label"": ""Crossref REST API""}]"
https://www.ema.europa.eu/en/human-regulatory-overview/research-development/scientific-guidelines/quality-guidelines,OK,200,https://www.ema.europa.eu/en/human-regulatory-overview/research-development/scientific-guidelines/quality-guidelines,Quality guidelines | European Medicines Agency (EMA),,,2026-08-02T19:44:45+00:00,fresh status plus retained title,"[{""file"": ""data/market_application_sources.json"", ""path"": """", ""label"": """"}, {""file"": ""data/market_application_sources.json"", ""path"": ""sources.6"", ""label"": ""EMA Quality Guidelines""}]"
https://www.ema.europa.eu/en/medicines,OK,200,https://www.ema.europa.eu/en/medicines,Medicines | European Medicines Agency (EMA),,,2026-08-02T19:44:45+00:00,fresh status plus retained title,"[{""file"": ""data/market_application_sources.json"", ""path"": """", ""label"": """"}, {""file"": ""data/market_application_sources.json"", ""path"": ""sources.9"", ""label"": ""EMA Medicines Database""}]"
https://www.epa.gov/dwucmr/fifth-unregulated-contaminant-monitoring-rule,OK,200,https://www.epa.gov/dwucmr/fifth-unregulated-contaminant-monitoring-rule,Fifth Unregulated Contaminant Monitoring Rule | US EPA,,,2026-08-02T19:44:45+00:00,fresh status plus retained title,"[{""file"": ""data/market_application_sources.json"", ""path"": """", ""label"": """"}, {""file"": ""data/market_application_sources.json"", ""path"": ""sources.23"", ""label"": ""EPA UCMR 5 Data""}]"
https://www.epa.gov/hw-sw846/sw-846-compendium,OK,200,https://www.epa.gov/hw-sw846/sw-846-compendium,The SW-846 Compendium | US EPA,,,2026-08-02T19:44:45+00:00,fresh status plus retained title,"[{""file"": ""data/market_application_sources.json"", ""path"": """", ""label"": """"}, {""file"": ""data/market_application_sources.json"", ""path"": ""sources.24"", ""label"": ""EPA SW-846 Compendium""}]"
https://www.europeanpharmaceuticalreview.com/,Broken,200,https://www.europeanpharmaceuticalreview.com/,European Pharmaceutical Review,,HTTP response contains an access-control or bot-challenge page,2026-08-02T19:44:45+00:00,fresh data/link_health.json,"[{""file"": ""data/journal_sources.json"", ""path"": """", ""label"": """"}, {""file"": ""data/journal_sources.json"", ""path"": ""sources.7"", ""label"": ""European Pharmaceutical Review""}]"
https://www.europeanpharmaceuticalreview.com/googlesitemap.aspx?year=2026,OK,200,https://www.europeanpharmaceuticalreview.com/googlesitemap.aspx?year=2026,,,,2026-08-02T19:58:45+00:00,fresh direct fetch,[]
https://www.europeanpharmaceuticalreview.com/lilly-licenses-hanmis-glp-2-biologic-sonefpeglutide-for-12bn/2135614.article,OK,200,https://www.europeanpharmaceuticalreview.com/lilly-licenses-hanmis-glp-2-biologic-sonefpeglutide-for-12bn/2135614.article,Lilly licenses Hanmi’s GLP-2 biologic sonefpeglutide for $1.2bn | News | European Pharmaceutical Review,Lilly licenses Hanmi’s GLP-2 biologic sonefpeglutide for $1.2bn,,2026-08-02T19:58:45+00:00,fresh direct fetch,"[{""file"": ""data/journal_sources.json"", ""path"": ""European Pharmaceutical Review.recentRecords.10"", ""label"": ""Lilly Licenses Hanmis Glp 2 Biologic Sonefpeglutide For 12Bn""}]"
https://www.europeanpharmaceuticalreview.com/modernising-pharma-qa/qc-laboratories-preparing-for-a-more-connected-compliant-future/2136119.article,Broken,200,https://www.europeanpharmaceuticalreview.com/modernising-pharma-qa/qc-laboratories-preparing-for-a-more-connected-compliant-future/2136119.article,,,HTTP response contains an access-control or bot-challenge page,2026-08-02T19:44:45+00:00,fresh data/link_health.json,"[{""file"": ""data/journal_sources.json"", ""path"": ""European Pharmaceutical Review.recentRecords.0"", ""label"": ""QC Laboratories Preparing For A More Connected Compliant Future""}]"
https://www.europeanpharmaceuticalreview.com/news/day-one-in-focus-rethinking-qa/qc-at-the-future-of-bio/pharmaceutical-analysis-2026/2135510.article,OK,200,https://www.europeanpharmaceuticalreview.com/news/day-one-in-focus-rethinking-qa/qc-at-the-future-of-bio/pharmaceutical-analysis-2026/2135510.article,QA/QC Focus: Bio/Pharmaceutical Analysis Summit 2026 Opens With Quality Assurance Sessions | European Pharmaceutical Review,"Environmental Monitoring, Endotoxin Testing and Contamination Control Lead Opening Day of Virtual Summit’s Quality-Focused Programme",,2026-08-02T19:58:45+00:00,fresh direct fetch,"[{""file"": ""data/journal_sources.json"", ""path"": ""European Pharmaceutical Review.recentRecords.11"", ""label"": ""Pharmaceutical Analysis""}]"
https://www.europeanpharmaceuticalreview.com/optimised-semaglutide-formulation-could-advance-peptide-based-oral-delivery/2135528.article,OK,200,https://www.europeanpharmaceuticalreview.com/optimised-semaglutide-formulation-could-advance-peptide-based-oral-delivery/2135528.article,Optimised semaglutide formulation could advance peptide-based oral delivery | News | European Pharmaceutical Review,Optimised semaglutide formulation could advance peptide-based oral delivery,,2026-08-02T19:58:45+00:00,fresh direct fetch,"[{""file"": ""data/journal_sources.json"", ""path"": ""European Pharmaceutical Review.recentRecords.9"", ""label"": ""Optimised Semaglutide Formulation Could Advance Peptide Based Oral Delivery""}]"
https://www.europeanpharmaceuticalreview.com/reports/pharma-horizons-process-analytical-technology-pat/2135794.article,OK,200,https://www.europeanpharmaceuticalreview.com/reports/pharma-horizons-process-analytical-technology-pat/2135794.article,Pharma Horizons: Process Analytical Technology (PAT) | European Pharmaceutical Review,Pharma Horizons: Process Analytical Technology (PAT),,2026-08-02T19:58:45+00:00,fresh direct fetch,"[{""file"": ""data/journal_sources.json"", ""path"": ""European Pharmaceutical Review.recentRecords.1"", ""label"": ""Pharma Horizons Process Analytical Technology Pat""}]"
https://www.europeanpharmaceuticalreview.com/selecting-the-right-qpcr-workflow-strategy-task-based-vs-full-automation/2135547.article,OK,200,https://www.europeanpharmaceuticalreview.com/selecting-the-right-qpcr-workflow-strategy-task-based-vs-full-automation/2135547.article,Selecting the right qPCR workflow strategy: task-based vs. full automation | European Pharmaceutical Review,Selecting the right qPCR workflow strategy: task-based vs. full automation,,2026-08-02T19:58:45+00:00,fresh direct fetch,"[{""file"": ""data/journal_sources.json"", ""path"": ""European Pharmaceutical Review.recentRecords.2"", ""label"": ""Selecting The Right Qpcr Workflow Strategy Task Based Vs Full Automation""}]"
https://www.europeanpharmaceuticalreview.com/the-shift-towards-strategic-adoption-of-intelligent-automation-in-pharmaceutical-microbiology/2135328.article,OK,200,https://www.europeanpharmaceuticalreview.com/the-shift-towards-strategic-adoption-of-intelligent-automation-in-pharmaceutical-microbiology/2135328.article,The shift towards strategic adoption of intelligent automation in pharmaceutical microbiology | Article | European Pharmaceutical Review,The shift towards strategic adoption of intelligent automation in pharmaceutical microbiology,,2026-08-02T19:58:45+00:00,fresh direct fetch,"[{""file"": ""data/journal_sources.json"", ""path"": ""European Pharmaceutical Review.recentRecords.8"", ""label"": ""The Shift Towards Strategic Adoption Of Intelligent Automation In Pharmaceutical Microbiology""}]"
https://www.europeanpharmaceuticalreview.com/webinars/enhancing-laboratory-workflows-with-qpcr-automation/2135212.article,OK,200,https://www.europeanpharmaceuticalreview.com/webinars/enhancing-laboratory-workflows-with-qpcr-automation/2135212.article,Enhancing Laboratory Workflows with qPCR Automation | European Pharmaceutical Review,Enhancing Laboratory Workflows with qPCR Automation,,2026-08-02T19:58:45+00:00,fresh direct fetch,"[{""file"": ""data/journal_sources.json"", ""path"": ""European Pharmaceutical Review.recentRecords.7"", ""label"": ""Enhancing Laboratory Workflows With Qpcr Automation""}]"
https://www.europeanpharmaceuticalreview.com/webinars/implementing-reporter-assay-based-mat-for-rapid-pyrogen-detection/2135806.article,OK,200,https://www.europeanpharmaceuticalreview.com/webinars/implementing-reporter-assay-based-mat-for-rapid-pyrogen-detection/2135806.article,Implementing reporter assay-based MAT for rapid pyrogen detection | European Pharmaceutical Review,Implementing reporter assay-based MAT for rapid pyrogen detection,,2026-08-02T19:58:45+00:00,fresh direct fetch,"[{""file"": ""data/journal_sources.json"", ""path"": ""European Pharmaceutical Review.recentRecords.3"", ""label"": ""Implementing Reporter Assay Based Mat For Rapid Pyrogen Detection""}]"
https://www.europeanpharmaceuticalreview.com/webinars/optimising-efficiency-and-yield-through-bioprocessing-automation/1131814.article,OK,200,https://www.europeanpharmaceuticalreview.com/webinars/optimising-efficiency-and-yield-through-bioprocessing-automation/1131814.article,Optimising efficiency and yield through bioprocessing automation | Webinar | European Pharmaceutical Review,Optimising efficiency and yield through bioprocessing automation,,2026-08-02T19:58:45+00:00,fresh direct fetch,"[{""file"": ""data/journal_sources.json"", ""path"": ""European Pharmaceutical Review.recentRecords.5"", ""label"": ""Optimising Efficiency And Yield Through Bioprocessing Automation""}]"
https://www.europeanpharmaceuticalreview.com/webinars/smarter-raman-qc-for-biopharma-fill-finish-with-scalable-model-transfer/1131205.article,OK,200,https://www.europeanpharmaceuticalreview.com/webinars/smarter-raman-qc-for-biopharma-fill-finish-with-scalable-model-transfer/1131205.article,Smarter Raman QC for biopharma fill-finish with scalable model transfer | Webinar | European Pharmaceutical Review,Smarter Raman QC for biopharma fill-finish with scalable model transfer,,2026-08-02T19:58:45+00:00,fresh direct fetch,"[{""file"": ""data/journal_sources.json"", ""path"": ""European Pharmaceutical Review.recentRecords.4"", ""label"": ""Smarter Raman QC For Biopharma Fill Finish With Scalable Model Transfer""}]"
https://www.europeanpharmaceuticalreview.com/what-annex-22-spells-for-ai-in-gmp-manufacturing/2135686.article,OK,200,https://www.europeanpharmaceuticalreview.com/what-annex-22-spells-for-ai-in-gmp-manufacturing/2135686.article,What Annex 22 spells for AI in GMP manufacturing | European Pharmaceutical Review,What Annex 22 spells for AI in GMP manufacturing,,2026-08-02T19:58:46+00:00,fresh direct fetch,"[{""file"": ""data/journal_sources.json"", ""path"": ""European Pharmaceutical Review.recentRecords.6"", ""label"": ""What Annex 22 Spells For AI In GMP Manufacturing""}]"
https://www.fda.gov/drugs/development-approval-process-drugs/drug-approvals-and-databases,OK,200,https://www.fda.gov/drugs/development-approval-process-drugs/drug-approvals-and-databases,Drug Approvals and Databases | FDA,,,2026-08-02T19:44:45+00:00,fresh status plus retained title,"[{""file"": ""data/market_application_sources.json"", ""path"": """", ""label"": """"}, {""file"": ""data/market_application_sources.json"", ""path"": ""sources.4"", ""label"": ""FDA Drug Approvals and Databases""}]"
https://www.fda.gov/drugs/drug-approvals-and-databases/compilation-cder-new-molecular-entity-nme-drug-and-new-biologic-approvals,OK,200,https://www.fda.gov/drugs/drug-approvals-and-databases/compilation-cder-new-molecular-entity-nme-drug-and-new-biologic-approvals,Compilation of CDER New Molecular Entity (NME) Drug and New Biologic Approvals | FDA,,,2026-08-02T19:44:45+00:00,fresh status plus retained title,"[{""file"": ""data/market_application_sources.json"", ""path"": """", ""label"": """"}, {""file"": ""data/market_application_sources.json"", ""path"": ""sources.8"", ""label"": ""FDA NME and New Biologic Approvals""}]"
https://www.fda.gov/drugs/drug-approvals-and-databases/drug-establishments-current-registration-site-decrs,OK,200,https://www.fda.gov/drugs/drug-approvals-and-databases/drug-establishments-current-registration-site-decrs,Drug Establishments Current Registration Site (DECRS) | FDA,,,2026-08-02T19:44:45+00:00,fresh status plus retained title,"[{""file"": ""data/market_application_sources.json"", ""path"": """", ""label"": """"}, {""file"": ""data/market_application_sources.json"", ""path"": ""sources.10"", ""label"": ""FDA Drug Establishments Current Registration Site""}]"
https://www.fda.gov/drugs/drug-master-files-dmfs/list-drug-master-files-dmfs,OK,200,https://www.fda.gov/drugs/drug-master-files-dmfs/list-drug-master-files-dmfs,List of Drug Master Files (DMFs) | FDA,,,2026-08-02T19:44:45+00:00,fresh status plus retained title,"[{""file"": ""data/market_application_sources.json"", ""path"": """", ""label"": """"}, {""file"": ""data/market_application_sources.json"", ""path"": ""sources.11"", ""label"": ""FDA Drug Master File List""}]"
https://www.fda.gov/drugs/drug-safety-and-availability/drug-shortages,OK,200,https://www.fda.gov/drugs/drug-safety-and-availability/drug-shortages,Drug Shortages | FDA,,,2026-08-02T19:44:45+00:00,fresh status plus retained title,"[{""file"": ""data/market_application_sources.json"", ""path"": """", ""label"": """"}, {""file"": ""data/market_application_sources.json"", ""path"": ""sources.12"", ""label"": ""FDA Drug Shortages""}]"
https://www.fda.gov/drugs/therapeutic-biologics-applications-bla/purple-book-lists-licensed-biological-products-reference-product-exclusivity-and-biosimilarity-or,OK,200,https://www.fda.gov/drugs/therapeutic-biologics-applications-bla/purple-book-lists-licensed-biological-products-reference-product-exclusivity-and-biosimilarity-or,Purple Book: Lists of Licensed Biological Products with Reference Product Exclusivity and Biosimilarity or Interchangeability Evaluations | FDA,,,2026-08-02T19:44:46+00:00,fresh status plus retained title,"[{""file"": ""data/market_application_sources.json"", ""path"": """", ""label"": """"}, {""file"": ""data/market_application_sources.json"", ""path"": ""sources.7"", ""label"": ""FDA Purple Book""}]"
https://www.fda.gov/food/laboratory-methods-food/bacteriological-analytical-manual-bam,OK,200,https://www.fda.gov/food/laboratory-methods-food/bacteriological-analytical-manual-bam,Bacteriological Analytical Manual (BAM) | FDA,,,2026-08-02T19:44:46+00:00,fresh status plus retained title,"[{""file"": ""data/market_application_sources.json"", ""path"": """", ""label"": """"}, {""file"": ""data/market_application_sources.json"", ""path"": ""sources.28"", ""label"": ""FDA Bacteriological Analytical Manual""}]"
https://www.fda.gov/food/laboratory-methods-food/pesticide-analytical-manual-volume-i-pam-3rd-edition,OK,200,https://www.fda.gov/food/laboratory-methods-food/pesticide-analytical-manual-volume-i-pam-3rd-edition,Pesticide Analytical Manual Volume I (PAM) 3rd Edition | FDA,,,2026-08-02T19:44:46+00:00,fresh status plus retained title,"[{""file"": ""data/market_application_sources.json"", ""path"": """", ""label"": """"}, {""file"": ""data/market_application_sources.json"", ""path"": ""sources.27"", ""label"": ""FDA Pesticide Analytical Manual""}]"
https://www.fda.gov/inspections-compliance-enforcement-and-criminal-investigations/compliance-actions-and-activities/warning-letters,OK,200,https://www.fda.gov/inspections-compliance-enforcement-and-criminal-investigations/compliance-actions-and-activities/warning-letters,Warning Letters | FDA,,,2026-08-02T19:44:46+00:00,fresh status plus retained title,"[{""file"": ""data/source_catalog.json"", ""path"": """", ""label"": ""Data Source Inventory""}, {""file"": ""data/source_catalog.json"", ""path"": ""sources.37"", ""label"": """"}]"
https://www.fda.gov/inspections-compliance-enforcement-and-criminal-investigations/compliance-actions-and-activities/warning-letters/datatables-data?_format=xlsx&page=0,OK,200,https://www.fda.gov/inspections-compliance-enforcement-and-criminal-investigations/compliance-actions-and-activities/warning-letters/datatables-data?_format=xlsx&page=0,,,,2026-08-02T19:58:46+00:00,fresh direct fetch,"[{""file"": ""data/customer_voice.json"", ""path"": """", ""label"": """"}, {""file"": ""data/customer_voice.json"", ""path"": ""feedback.32"", ""label"": ""Regulated LC/QC laboratories""}, {""file"": ""data/customer_voice.json"", ""path"": ""feedback.32.evidenceRecords.0"", ""label"": ""FDA Warning Letter index: analytical and laboratory operators""}]"
https://www.fda.gov/inspections-compliance-enforcement-and-criminal-investigations/inspection-references/inspection-observations,OK,200,https://www.fda.gov/inspections-compliance-enforcement-and-criminal-investigations/inspection-references/inspection-observations,Inspection Observations | FDA,,,2026-08-02T19:44:46+00:00,fresh status plus retained title,"[{""file"": ""data/source_catalog.json"", ""path"": """", ""label"": ""Data Source Inventory""}, {""file"": ""data/source_catalog.json"", ""path"": ""sources.38"", ""label"": """"}]"
https://www.fda.gov/media/161202/download,OK,200,https://www.fda.gov/media/161202/download,,,,2026-08-02T19:58:46+00:00,fresh direct fetch,"[{""file"": ""data/market_application_sources.json"", ""path"": """", ""label"": """"}, {""file"": ""data/market_application_sources.json"", ""path"": ""sources.5"", ""label"": ""ICH Q14 Analytical Procedure Development""}]"
https://www.fda.gov/media/190190/download?attachment,OK,200,https://www.fda.gov/media/190190/download?attachment,,,,2026-08-02T19:58:46+00:00,fresh direct fetch,"[{""file"": ""data/customer_voice.json"", ""path"": """", ""label"": """"}, {""file"": ""data/customer_voice.json"", ""path"": ""sources.6"", ""label"": ""FDA official bulk regulatory data""}]"
https://www.fda.gov/media/190190/download?attachment=,OK,200,https://www.fda.gov/media/190190/download?attachment=,,,,2026-08-02T19:58:46+00:00,fresh direct fetch,"[{""file"": ""data/customer_voice.json"", ""path"": """", ""label"": """"}, {""file"": ""data/customer_voice.json"", ""path"": ""feedback.33"", ""label"": ""Regulated LC/QC laboratories""}, {""file"": ""data/customer_voice.json"", ""path"": ""feedback.33.evidenceRecords.0"", ""label"": ""FDA FY2025 Form 483: regulated laboratory and data-control findings""}]"
https://www.fda.gov/medical-devices/510k-clearances/search-releasable-510k-database,OK,200,https://www.fda.gov/medical-devices/510k-clearances/search-releasable-510k-database,Search the Releasable 510(k) Database | FDA,,,2026-08-02T19:44:46+00:00,fresh status plus retained title,"[{""file"": ""data/market_application_sources.json"", ""path"": """", ""label"": """"}, {""file"": ""data/market_application_sources.json"", ""path"": ""sources.13"", ""label"": ""FDA 510(k) Database""}]"
https://www.fda.gov/medical-devices/device-advice-comprehensive-regulatory-assistance/medical-device-databases,OK,200,https://www.fda.gov/medical-devices/device-advice-comprehensive-regulatory-assistance/medical-device-databases,Medical Device Databases | FDA,,,2026-08-02T19:44:46+00:00,fresh status plus retained title,"[{""file"": ""data/market_application_sources.json"", ""path"": """", ""label"": """"}, {""file"": ""data/market_application_sources.json"", ""path"": ""sources.15"", ""label"": ""FDA Medical Device Databases""}]"
https://www.google.com/calendar/render?action=TEMPLATE&text=58th+International+Symposium+on+High+Performance+Liquid+Phase+Separations+and+Related+Techniques&dates=20280610/20280616&details=Join+us%2C+as+this+scientific+symposium+series+proudly+stands+as+the+world%27s+foremost+conference+on+liquid+phase+separations+and+related+innovations%2C+featuring+analytical+instrumentation+and+chromatography+innovations.+Delve+into+the+multifaceted+world+of+separation+sciences+in+both+liquid+and+supercritical+fluid+phases.+Discover+multidimensional+chromatography%2C+hyphenated+techniques+with+pioneering+HPLC+detection+technologies%2C+primarily+mass+spectrometry%2C+and+explore+the+latest+in+separation+materials%2C+column+technologies%2C+and+cutting-edge+complex+mixture+analyses.&location=Westgate+Las+Vegas+Resort+%26+Casino,OK,200,https://workspace.google.com/intl/en-US/products/calendar/,Shareable Online Calendar and Scheduling - Google Calendar,Shareable online calendar,,2026-08-02T19:58:46+00:00,fresh direct fetch,[]
https://www.grants.gov/search-grants,OK,200,https://www.grants.gov/search-grants,Search Grants | Grants.gov,,,2026-08-02T19:44:46+00:00,fresh status plus retained title,"[{""file"": ""data/market_application_sources.json"", ""path"": """", ""label"": """"}, {""file"": ""data/market_application_sources.json"", ""path"": ""sources.21"", ""label"": ""Grants.gov Search""}]"
https://www.imss.nl/,Broken,200,https://www.imss.nl/,International Mass Spectrometry Foundation,,HTTP response contains an access-control or bot-challenge page,2026-08-02T19:44:46+00:00,fresh data/link_health.json,"[{""file"": ""data/conference_preparation.json"", ""path"": """", ""label"": """"}, {""file"": ""data/conference_preparation.json"", ""path"": ""events.1"", ""label"": ""IMSC 2026""}, {""file"": ""data/conference_preparation.json"", ""path"": ""events.1.monitoringLinks.0"", ""label"": ""Conference overview""}, {""file"": ""data/conference_sources.json"", ""path"": """", ""label"": """"}, {""file"": ""data/conference_sources.json"", ""path"": ""events.17"", ""label"": ""IMSC 2026 (International Mass Spectrometry Conference)""}, {""file"": ""data/conference_sources.json"", ""path"": ""events.17.monitoredEndpoints.0"", ""label"": """"}, {""file"": ""data/source_catalog.json"", ""path"": """", ""label"": ""Data Source Inventory""}, {""file"": ""data/source_catalog.json"", ""path"": ""sources.29"", ""label"": """"}]"
https://www.intheorious.com/chi/pub/bpd2026b_pub/,OK,200,https://www.intheorious.com/chi/pub/bpd2026b_pub/,The Bioprocessing Summit,,,2026-08-02T19:58:46+00:00,fresh direct fetch,[]
https://www.intheorious.com/chi/pub/pegs2026b_pub/,OK,200,https://www.intheorious.com/chi/pub/pegs2026b_pub/,PEGS Boston: The Essential Protein & Antibody Engineering Summit,,,2026-08-02T19:58:46+00:00,fresh direct fetch,[]
https://www.intheorious.com/chi/pub/pge2026b_pub/,OK,200,https://www.intheorious.com/chi/pub/pge2026b_pub/,PEGS EUROPE,,,2026-08-02T19:58:46+00:00,fresh direct fetch,[]
https://www.investor.agilent.com/news-and-events/news/default.aspx,OK,200,https://www.investor.agilent.com/news-and-events/news/default.aspx,"Agilent Technologies, Inc. - News & Events - News",News,,2026-08-02T19:58:46+00:00,fresh direct fetch,[]
https://www.investor.agilent.com/news-and-events/news/news-details/2026/Agilent-Announces-Cash-Dividend-of-25-5-Cents-per-Share-cd1e68595/default.aspx,OK,200,https://www.investor.agilent.com/news-and-events/news/news-details/2026/Agilent-Announces-Cash-Dividend-of-25-5-Cents-per-Share-cd1e68595/default.aspx,"Agilent Technologies, Inc. - Agilent Announces Cash Dividend of 25.5 Cents per Share",News Details,,2026-08-02T19:58:46+00:00,fresh direct fetch,[]
https://www.investor.agilent.com/news-and-events/news/news-details/2026/Agilent-Introduces-OpenLab-Sync-to-Support-Guided-Digital-Execution-in-the-Laboratory/default.aspx,OK,200,https://www.investor.agilent.com/news-and-events/news/news-details/2026/Agilent-Introduces-OpenLab-Sync-to-Support-Guided-Digital-Execution-in-the-Laboratory/default.aspx,"Agilent Technologies, Inc. - Agilent Introduces OpenLab Sync to Support Guided, Digital Execution in the Laboratory",News Details,,2026-08-02T19:58:46+00:00,fresh direct fetch,[]
https://www.investor.agilent.com/news-and-events/news/news-details/2026/Agilent-Launches-1290-Infinity-III-Fluorescence-Detector-for-Confident-Trace-Analysis-at-UHPLC-Speed/default.aspx,OK,200,https://www.investor.agilent.com/news-and-events/news/news-details/2026/Agilent-Launches-1290-Infinity-III-Fluorescence-Detector-for-Confident-Trace-Analysis-at-UHPLC-Speed/default.aspx,"Agilent Technologies, Inc. - Agilent Launches 1290 Infinity III Fluorescence Detector for Confident Trace Analysis at UHPLC Speed",News Details,,2026-08-02T19:58:46+00:00,fresh direct fetch,[]
https://www.investor.agilent.com/news-and-events/news/news-details/2026/Agilent-Launches-Multi-Attribute-Method-MAM-Solution-for-BioPharma-Quality-Control/default.aspx,OK,200,https://www.investor.agilent.com/news-and-events/news/news-details/2026/Agilent-Launches-Multi-Attribute-Method-MAM-Solution-for-BioPharma-Quality-Control/default.aspx,"Agilent Technologies, Inc. - Agilent Launches Multi-Attribute Method (MAM) Solution for BioPharma Quality Control",News Details,,2026-08-02T19:58:46+00:00,fresh direct fetch,[]
https://www.investor.agilent.com/news-and-events/news/news-details/2026/Agilent-Launches-New-GC-Systems-with-GC-Assist-to-Improve-Laboratory-Efficiency-and-Data-Quality/default.aspx,OK,200,https://www.investor.agilent.com/news-and-events/news/news-details/2026/Agilent-Launches-New-GC-Systems-with-GC-Assist-to-Improve-Laboratory-Efficiency-and-Data-Quality/default.aspx,"Agilent Technologies, Inc. - Agilent Launches New GC Systems with GC Assist to Improve Laboratory Efficiency and Data Quality",News Details,,2026-08-02T19:58:46+00:00,fresh direct fetch,[]
https://www.investor.agilent.com/news-and-events/news/news-details/2026/Agilent-Names-Michael-Buckner-as-Chief-Legal-Officer/default.aspx,OK,200,https://www.investor.agilent.com/news-and-events/news/news-details/2026/Agilent-Names-Michael-Buckner-as-Chief-Legal-Officer/default.aspx,"Agilent Technologies, Inc. - Agilent Names Michael Buckner as Chief Legal Officer",News Details,,2026-08-02T19:58:47+00:00,fresh direct fetch,[]
https://www.investor.agilent.com/news-and-events/news/news-details/2026/Agilent-Reports-First-Quarter-Fiscal-Year-2026-Financial-Results/default.aspx,OK,200,https://www.investor.agilent.com/news-and-events/news/news-details/2026/Agilent-Reports-First-Quarter-Fiscal-Year-2026-Financial-Results/default.aspx,"Agilent Technologies, Inc. - Agilent Reports First-Quarter Fiscal Year 2026 Financial Results",News Details,,2026-08-02T19:58:47+00:00,fresh direct fetch,[]
https://www.investor.agilent.com/news-and-events/news/news-details/2026/Agilent-Reports-Second-Quarter-Fiscal-Year-2026-Financial-Results/default.aspx,OK,200,https://www.investor.agilent.com/news-and-events/news/news-details/2026/Agilent-Reports-Second-Quarter-Fiscal-Year-2026-Financial-Results/default.aspx,"Agilent Technologies, Inc. - Agilent Reports Second-Quarter Fiscal Year 2026 Financial Results",News Details,,2026-08-02T19:58:48+00:00,fresh direct fetch,[]
https://www.investor.agilent.com/news-and-events/news/news-details/2026/Agilent-Showcases-Cancer-Research-Solutions-at-AACR-2026/default.aspx,OK,200,https://www.investor.agilent.com/news-and-events/news/news-details/2026/Agilent-Showcases-Cancer-Research-Solutions-at-AACR-2026/default.aspx,"Agilent Technologies, Inc. - Agilent Showcases Cancer Research Solutions at AACR 2026",News Details,,2026-08-02T19:58:48+00:00,fresh direct fetch,[]
https://www.investor.agilent.com/news-and-events/news/news-details/2026/Agilent-Unveils-the-9500-ICP-MS-Redefining-Trace-Element-Analysis/default.aspx,OK,200,https://www.investor.agilent.com/news-and-events/news/news-details/2026/Agilent-Unveils-the-9500-ICP-MS-Redefining-Trace-Element-Analysis/default.aspx,"Agilent Technologies, Inc. - Agilent Unveils the 9500 ICP-MS: Redefining Trace Element Analysis",News Details,,2026-08-02T19:58:48+00:00,fresh direct fetch,[]
https://www.investor.agilent.com/news-and-events/news/news-details/2026/Agilent-to-Announce-Second-Quarter-Fiscal-Year-2026-Financial-Results-on-May-27/default.aspx,Broken,200,https://www.investor.agilent.com/news-and-events/news/news-details/2026/Agilent-to-Announce-Second-Quarter-Fiscal-Year-2026-Financial-Results-on-May-27/default.aspx,,,HTTP response contains an access-control or bot-challenge page,2026-08-02T19:44:47+00:00,fresh data/link_health.json,[]
https://www.investor.agilent.com/news-and-events/news/news-details/2026/Agilent-to-Participate-in-Jefferies-Global-Healthcare-Conference/default.aspx,Broken,200,https://www.investor.agilent.com/news-and-events/news/news-details/2026/Agilent-to-Participate-in-Jefferies-Global-Healthcare-Conference/default.aspx,,,HTTP response contains an access-control or bot-challenge page,2026-08-02T19:44:47+00:00,fresh data/link_health.json,[]
https://www.investor.agilent.com/news-and-events/news/news-details/2026/Agilent-to-Supply-Next-Generation-Alarm-Resolution-Technology-to-U-S--Airport-Security-Screening-Checkpoints-ahead-of-FIFA-World-Cup-2026/default.aspx,OK,200,https://www.investor.agilent.com/news-and-events/news/news-details/2026/Agilent-to-Supply-Next-Generation-Alarm-Resolution-Technology-to-U-S--Airport-Security-Screening-Checkpoints-ahead-of-FIFA-World-Cup-2026/default.aspx,"Agilent Technologies, Inc. - Agilent to Supply Next Generation Alarm Resolution Technology to U.S. Airport Security Screening Checkpoints ahead of FIFA World Cup 2026",News Details,,2026-08-02T19:58:48+00:00,fresh direct fetch,[]
https://www.investor.agilent.com/overview/default.aspx,Broken,200,https://www.investor.agilent.com/overview/default.aspx,"Agilent Technologies, Inc. - Investor Overview",,HTTP response contains an access-control or bot-challenge page,2026-08-02T19:44:47+00:00,fresh data/link_health.json,"[{""file"": ""data/agilent_monitor.json"", ""path"": """", ""label"": """"}, {""file"": ""data/agilent_monitor.json"", ""path"": ""source_status.5"", ""label"": """"}, {""file"": ""data/intelligence.json"", ""path"": """", ""label"": """"}, {""file"": ""data/intelligence.json"", ""path"": ""agilentMonitor"", ""label"": """"}, {""file"": ""data/intelligence.json"", ""path"": ""agilentMonitor.sourceStatus.5"", ""label"": """"}]"
https://www.issx.org/resource/resmgr/meetings_-_general/2026_euro/marketing_kits/Euro_2026_Exhibitors_Market.docx,Broken,403,https://www.issx.org/resource/resmgr/meetings_-_general/2026_euro/marketing_kits/Euro_2026_Exhibitors_Market.docx,,,HTTP response contains an access-control or bot-challenge page,2026-08-02T19:44:47+00:00,fresh data/link_health.json,[]
https://www.issx.org/resource/resmgr/meetings_-_general/2026_euro/marketing_kits/Euro_2026_Speaker_Marketing.docx,Broken,403,https://www.issx.org/resource/resmgr/meetings_-_general/2026_euro/marketing_kits/Euro_2026_Speaker_Marketing.docx,,,HTTP response contains an access-control or bot-challenge page,2026-08-02T19:44:47+00:00,fresh data/link_health.json,[]
https://www.issx.org/resource/resmgr/meetings_-_general/2026_na/marketing_toolkits/NA_2026_Marketing_Kit_-_Exh.docx,Broken,403,https://www.issx.org/resource/resmgr/meetings_-_general/2026_na/marketing_toolkits/NA_2026_Marketing_Kit_-_Exh.docx,,,HTTP response contains an access-control or bot-challenge page,2026-08-02T19:44:47+00:00,fresh data/link_health.json,[]
https://www.issx.org/resource/resmgr/meetings_-_general/2026_na/marketing_toolkits/NA_2026_Marketing_Kit_-_Spe.docx,Broken,403,https://www.issx.org/resource/resmgr/meetings_-_general/2026_na/marketing_toolkits/NA_2026_Marketing_Kit_-_Spe.docx,,,HTTP response contains an access-control or bot-challenge page,2026-08-02T19:44:47+00:00,fresh data/link_health.json,[]
https://www.lab-of-the-future.com/europe/,OK,200,https://www.lab-of-the-future.com/europe/,Lab of the Future Europe,,,2026-08-02T19:44:48+00:00,fresh status plus retained title,"[{""file"": ""data/conference_preparation.json"", ""path"": """", ""label"": """"}, {""file"": ""data/conference_preparation.json"", ""path"": ""events.4"", ""label"": ""Lab of the Future Europe""}, {""file"": ""data/conference_sources.json"", ""path"": """", ""label"": """"}, {""file"": ""data/conference_sources.json"", ""path"": ""events.20"", ""label"": ""Lab of the Future EU""}]"
https://www.lab-of-the-future.com/europe/agenda/,OK,200,https://www.lab-of-the-future.com/europe/agenda/,Agenda - Lab of the Future Europe,,,2026-08-02T19:44:48+00:00,fresh status plus retained title,"[{""file"": ""data/conference_preparation.json"", ""path"": """", ""label"": """"}, {""file"": ""data/conference_preparation.json"", ""path"": ""events.4"", ""label"": ""Lab of the Future Europe""}, {""file"": ""data/conference_preparation.json"", ""path"": ""events.4.competitorContent.0"", ""label"": """"}, {""file"": ""data/conference_preparation.json"", ""path"": ""events.4.monitoringLinks.1"", ""label"": ""2026 agenda""}]"
https://www.lab-of-the-future.com/europe/congress-sponsors/,OK,200,https://www.lab-of-the-future.com/europe/congress-sponsors/,Sponsors - Lab of the Future Europe,Sponsors,,2026-08-02T19:58:48+00:00,fresh direct fetch,[]
https://www.lab-of-the-future.com/europe/congress-themes/,OK,200,https://www.lab-of-the-future.com/europe/congress-themes/,Congress Themes - Lab of the Future Europe,,,2026-08-02T19:44:48+00:00,fresh status plus retained title,"[{""file"": ""data/conference_preparation.json"", ""path"": """", ""label"": """"}, {""file"": ""data/conference_preparation.json"", ""path"": ""events.4"", ""label"": ""Lab of the Future Europe""}, {""file"": ""data/conference_preparation.json"", ""path"": ""events.4.monitoringLinks.0"", ""label"": ""2026 themes""}]"
https://www.lab-of-the-future.com/europe/speaker-interviews/,OK,200,https://www.lab-of-the-future.com/europe/speaker-interviews/,Speaker Interviews - Lab of the Future Europe,Speaker Interviews,,2026-08-02T19:58:48+00:00,fresh direct fetch,[]
https://www.lab-of-the-future.com/europe/speakers/,OK,200,https://www.lab-of-the-future.com/europe/speakers/,Speakers - Lab of the Future Europe,,,2026-08-02T19:44:48+00:00,fresh status plus retained title,"[{""file"": ""data/conference_preparation.json"", ""path"": """", ""label"": """"}, {""file"": ""data/conference_preparation.json"", ""path"": ""events.4"", ""label"": ""Lab of the Future Europe""}, {""file"": ""data/conference_preparation.json"", ""path"": ""events.4.monitoringLinks.2"", ""label"": ""2026 speakers""}]"
https://www.lab-of-the-future.com/europe/sponsor-portal-page/,OK,200,https://www.lab-of-the-future.com/europe/sponsor-portal-page/,Sponsor Portal Page - Lab of the Future Europe,Protected: Sponsor Portal Page,,2026-08-02T19:58:48+00:00,fresh direct fetch,[]
https://www.labmanager.com/,OK,200,https://www.labmanager.com/,Run Your Lab Like a Business | Lab Manager,,,2026-08-02T19:44:48+00:00,fresh status plus retained title,"[{""file"": ""data/journal_sources.json"", ""path"": """", ""label"": """"}, {""file"": ""data/journal_sources.json"", ""path"": ""sources.4"", ""label"": ""Lab Manager""}]"
https://www.labmanager.com/building-a-spatial-biology-ready-team-skills-training-and-change-management-35742,OK,200,https://www.labmanager.com/building-a-spatial-biology-ready-team-skills-training-and-change-management-35742,Building a Spatial Biology-Ready Team | Lab Manager,"Building a Spatial Biology-Ready Team: Skills, Training, and Change Management",,2026-08-02T19:58:48+00:00,fresh direct fetch,"[{""file"": ""data/journal_sources.json"", ""path"": ""Lab Manager.recentRecords.10"", ""label"": ""Building A Spatial Biology Ready Team Skills Training And Change Management""}]"
https://www.labmanager.com/ffpe-vs-fresh-frozen-for-spatial-biology-sample-handling-decisions-35743,OK,200,https://www.labmanager.com/ffpe-vs-fresh-frozen-for-spatial-biology-sample-handling-decisions-35743,FFPE vs. Fresh Frozen for Spatial Biology | Lab Manager,FFPE vs. Fresh Frozen for Spatial Biology: Sample Handling Decisions,,2026-08-02T19:58:48+00:00,fresh direct fetch,"[{""file"": ""data/journal_sources.json"", ""path"": ""Lab Manager.recentRecords.9"", ""label"": ""Ffpe Vs Fresh Frozen For Spatial Biology Sample Handling Decisions""}]"
https://www.labmanager.com/how-big-is-spatial-biology-data-planning-storage-and-compute-35748,OK,200,https://www.labmanager.com/how-big-is-spatial-biology-data-planning-storage-and-compute-35748,Spatial Biology Data Size: Storage Planning | Lab Manager,How Big Is Spatial Biology Data? Planning Storage and Compute,,2026-08-02T19:58:48+00:00,fresh direct fetch,"[{""file"": ""data/journal_sources.json"", ""path"": ""Lab Manager.recentRecords.8"", ""label"": ""How Big Is Spatial Biology Data Planning Storage And Compute""}]"
https://www.labmanager.com/image-data-formats-and-interoperability-in-spatial-biology-35751,OK,200,https://www.labmanager.com/image-data-formats-and-interoperability-in-spatial-biology-35751,Spatial Data Formats and Interoperability | Lab Manager,Image Data Formats and Interoperability in Spatial Biology,,2026-08-02T19:58:48+00:00,fresh direct fetch,"[{""file"": ""data/journal_sources.json"", ""path"": ""Lab Manager.recentRecords.7"", ""label"": ""Image Data Formats And Interoperability In Spatial Biology""}]"
https://www.labmanager.com/managing-a-spatial-biology-core-facility-scheduling-chargebacks-and-access-35746,OK,200,https://www.labmanager.com/managing-a-spatial-biology-core-facility-scheduling-chargebacks-and-access-35746,Managing a Spatial Biology Core Facility | Lab Manager,"Managing a Spatial Biology Core Facility: Scheduling, Chargebacks, and Access",,2026-08-02T19:58:48+00:00,fresh direct fetch,"[{""file"": ""data/journal_sources.json"", ""path"": ""Lab Manager.recentRecords.6"", ""label"": ""Managing A Spatial Biology Core Facility Scheduling Chargebacks And Access""}]"
https://www.labmanager.com/reproducibility-and-standardization-in-spatial-biology-35756,OK,200,https://www.labmanager.com/reproducibility-and-standardization-in-spatial-biology-35756,Reproducibility in Spatial Biology | Lab Manager,Reproducibility and Standardization in Spatial Biology,,2026-08-02T19:58:48+00:00,fresh direct fetch,"[{""file"": ""data/journal_sources.json"", ""path"": ""Lab Manager.recentRecords.2"", ""label"": ""Reproducibility And Standardization In Spatial Biology""}]"
https://www.labmanager.com/running-spatial-biology-in-the-lab-workflow-throughput-and-sample-management-35738,OK,200,https://www.labmanager.com/running-spatial-biology-in-the-lab-workflow-throughput-and-sample-management-35738,Running Spatial Biology: Workflow and Throughput | Lab Manager,"Running Spatial Biology in the Lab: Workflow, Throughput, and Sample Management",,2026-08-02T19:58:48+00:00,fresh direct fetch,"[{""file"": ""data/journal_sources.json"", ""path"": ""Lab Manager.recentRecords.11"", ""label"": ""Running Spatial Biology In The Lab Workflow Throughput And Sample Management""}]"
https://www.labmanager.com/scaling-spatial-biology-throughput-from-pilot-to-production-35745,OK,200,https://www.labmanager.com/scaling-spatial-biology-throughput-from-pilot-to-production-35745,Scaling Spatial Biology: Pilot to Production | Lab Manager,Scaling Spatial Biology Throughput: From Pilot to Production,,2026-08-02T19:58:48+00:00,fresh direct fetch,"[{""file"": ""data/journal_sources.json"", ""path"": ""Lab Manager.recentRecords.5"", ""label"": ""Scaling Spatial Biology Throughput From Pilot To Production""}]"
https://www.labmanager.com/sitemap/sitemap-articles-1.xml,OK,200,https://www.labmanager.com/sitemap/sitemap-articles-1.xml,,,,2026-08-02T19:58:48+00:00,fresh direct fetch,[]
https://www.labmanager.com/spatial-biology-in-regulated-and-clinical-labs-what-changes-35757,OK,200,https://www.labmanager.com/spatial-biology-in-regulated-and-clinical-labs-what-changes-35757,Spatial Biology in Regulated and Clinical Labs | Lab Manager,Spatial Biology in Regulated and Clinical Labs: What Changes,,2026-08-02T19:58:48+00:00,fresh direct fetch,"[{""file"": ""data/journal_sources.json"", ""path"": ""Lab Manager.recentRecords.1"", ""label"": ""Spatial Biology In Regulated And Clinical Labs What Changes""}]"
https://www.labmanager.com/tissue-quality-and-qc-for-spatial-assays-managing-failure-rates-35744,OK,200,https://www.labmanager.com/tissue-quality-and-qc-for-spatial-assays-managing-failure-rates-35744,Tissue QC for Spatial Assays: Reducing Failures | Lab Manager,Tissue Quality and QC for Spatial Assays: Managing Failure Rates,,2026-08-02T19:58:48+00:00,fresh direct fetch,"[{""file"": ""data/journal_sources.json"", ""path"": ""Lab Manager.recentRecords.4"", ""label"": ""Tissue Quality And QC For Spatial Assays Managing Failure Rates""}]"
https://www.labmanager.com/what-skills-does-a-spatial-biology-lab-need-35753,OK,200,https://www.labmanager.com/what-skills-does-a-spatial-biology-lab-need-35753,Skills Needed for a Spatial Biology Lab | Lab Manager,What Skills Does a Spatial Biology Lab Need?,,2026-08-02T19:58:48+00:00,fresh direct fetch,"[{""file"": ""data/journal_sources.json"", ""path"": ""Lab Manager.recentRecords.0"", ""label"": ""What Skills Does A Spatial Biology Lab Need""}]"
https://www.labmanager.com/who-analyzes-the-data-staffing-bioinformatics-for-spatial-biology-35752,OK,200,https://www.labmanager.com/who-analyzes-the-data-staffing-bioinformatics-for-spatial-biology-35752,Staffing Bioinformatics for Spatial Biology | Lab Manager,Who Analyzes the Data? Staffing Bioinformatics for Spatial Biology,,2026-08-02T19:58:48+00:00,fresh direct fetch,"[{""file"": ""data/journal_sources.json"", ""path"": ""Lab Manager.recentRecords.3"", ""label"": ""Who Analyzes The Data Staffing Bioinformatics For Spatial Biology""}]"
https://www.labroots.com/,OK,200,https://www.labroots.com/,"Trending Science News, Webinars &amp; Virtual Events | Labroots",,,2026-08-02T19:44:48+00:00,fresh status plus retained title,"[{""file"": ""data/journal_sources.json"", ""path"": """", ""label"": """"}, {""file"": ""data/journal_sources.json"", ""path"": ""sources.3"", ""label"": ""LabRoots""}]"
https://www.labroots.com/rss/trending,OK,200,https://www.labroots.com/rss/trending,Labroots | Your Source for the Trending Science News,,,2026-08-02T19:58:48+00:00,fresh direct fetch,[]
https://www.labroots.com/rss/trending/chemistry-and-physics,OK,200,https://www.labroots.com/rss/trending/chemistry-and-physics,Labroots | Your Source for the Trending Science News | Chemistry & Physics,,,2026-08-02T19:58:48+00:00,fresh direct fetch,[]
https://www.labroots.com/rss/trending/sponsored-content,OK,200,https://www.labroots.com/rss/trending/sponsored-content,Labroots | Your Source for the Trending Science News | Sponsored Content,,,2026-08-02T19:58:48+00:00,fresh direct fetch,[]
https://www.labroots.com/trending/cancer/30804/novel-antibody-effectively-targets-prostate-cancer,OK,200,https://www.labroots.com/trending/cancer/30804/novel-antibody-effectively-targets-prostate-cancer,Novel Antibody Effectively Targets Prostate Cancer | Cancer,Novel Antibody Effectively Targets Prostate Cancer,,2026-08-02T19:58:48+00:00,fresh direct fetch,"[{""file"": ""data/journal_sources.json"", ""path"": ""LabRoots.recentRecords.0"", ""label"": ""Novel Antibody Effectively Targets Prostate Cancer""}]"
https://www.labroots.com/trending/chemistry-and-physics/30595/choosing-benchtop-nmr-spectrometers-practical-buyer-s-guide,OK,200,https://www.labroots.com/trending/ebooks/30595/choosing-benchtop-nmr-spectrometers-practical-buyer-s-guide,Choosing Benchtop NMR Spectrometers: Practical Buyer's Guide | Ebooks,Selecting Benchtop NMR Spectrometers: A Technical Guide,,2026-08-02T19:58:48+00:00,fresh direct fetch,"[{""file"": ""data/journal_sources.json"", ""path"": ""LabRoots.recentRecords.1"", ""label"": ""Choosing Benchtop NMR Spectrometers: Practical Buyer's Guide""}]"
https://www.labroots.com/trending/chemistry-and-physics/30782/fram2-crew-captures-diagnostic-x-rays-orbit-2,OK,200,https://www.labroots.com/trending/space/30782/fram2-crew-captures-diagnostic-x-rays-orbit-2,Fram2 Crew Captures First Diagnostic X-Rays in Orbit | Space,Fram2 Crew Captures First Diagnostic X-Rays in Orbit,,2026-08-02T19:58:48+00:00,fresh direct fetch,"[{""file"": ""data/journal_sources.json"", ""path"": ""LabRoots.recentRecords.3"", ""label"": ""Fram2 Crew Captures First Diagnostic X-Rays in Orbit""}]"
https://www.labroots.com/trending/sponsored-content/30134/advancing-rare-disease-research-genomics-automation,OK,200,https://www.labroots.com/trending/diagnostics-and-laboratory-medicine/30134/advancing-rare-disease-research-genomics-automation,Advancing Rare Disease Research Through Genomics Automation | Diagnostics And Laboratory Medicine,Advancing Rare Disease Research Through Genomics Automation,,2026-08-02T19:58:48+00:00,fresh direct fetch,"[{""file"": ""data/journal_sources.json"", ""path"": ""LabRoots.recentRecords.6"", ""label"": ""Advancing Rare Disease Research Through Genomics Automation""}]"
https://www.labroots.com/trending/sponsored-content/30350/precision-automation-advancing-cardiac-organoid-development,OK,200,https://www.labroots.com/trending/ebooks/30350/precision-automation-advancing-cardiac-organoid-development,Precision Automation Advancing Cardiac Organoid Development | Ebooks,Precision Automation Advancing Cardiac Organoid Development,,2026-08-02T19:58:48+00:00,fresh direct fetch,"[{""file"": ""data/journal_sources.json"", ""path"": ""LabRoots.recentRecords.5"", ""label"": ""Precision Automation Advancing Cardiac Organoid Development""}]"
https://www.labroots.com/trending/sponsored-content/30618/beyond-bead-rethinking-small-scale-protein-purification,OK,200,https://www.labroots.com/trending/cell-and-molecular-biology/30618/beyond-bead-rethinking-small-scale-protein-purification,Beyond the bead: rethinking small-scale protein purification | Cell And Molecular Biology,Beyond the bead: rethinking small-scale protein purification,,2026-08-02T19:58:49+00:00,fresh direct fetch,"[{""file"": ""data/journal_sources.json"", ""path"": ""LabRoots.recentRecords.2"", ""label"": ""Beyond the bead: rethinking small-scale protein purification""}]"
https://www.labroots.com/trending/sponsored-content/30638/atlas-action-deeper-era-spatial-biology-2,OK,200,https://www.labroots.com/trending/neuroscience-and-nervous-system/30638/atlas-action-deeper-era-spatial-biology-2,From Atlas to Action: Going Deeper in the Next Era of Spatial Biology | Neuroscience And Nervous System,From Atlas to Action: Going Deeper in the Next Era of Spatial Biology,,2026-08-02T19:58:50+00:00,fresh direct fetch,"[{""file"": ""data/journal_sources.json"", ""path"": ""LabRoots.recentRecords.4"", ""label"": ""From Atlas to Action: Going Deeper in the Next Era of Spatial Biology""}]"
https://www.labwrench.com/,Broken,200,https://www.labwrench.com/,LabWrench,,HTTP response contains an access-control or bot-challenge page,2026-08-02T19:44:49+00:00,fresh data/link_health.json,"[{""file"": ""data/customer_voice.json"", ""path"": """", ""label"": """"}, {""file"": ""data/customer_voice.json"", ""path"": ""sources.2"", ""label"": ""LabWrench equipment pages and Q&A""}]"
https://www.labwrench.com/forums/,Broken,200,https://www.labwrench.com/forums/,Laboratory Equipment Forums | LabWrench,,HTTP response contains an access-control or bot-challenge page,2026-08-02T19:44:49+00:00,fresh data/link_health.json,"[{""file"": ""data/customer_voice.json"", ""path"": """", ""label"": """"}, {""file"": ""data/customer_voice.json"", ""path"": ""sources.4"", ""label"": ""LabWrench""}]"
https://www.labwrench.com/thread/112979/no-signal-in-the-els-detector,Broken,200,https://www.labwrench.com/thread/112979/no-signal-in-the-els-detector,,,HTTP response contains an access-control or bot-challenge page,2026-08-02T19:44:49+00:00,fresh data/link_health.json,[]
https://www.labwrench.com/thread/12858/serious-software-and-pump-problems,Broken,200,https://www.labwrench.com/thread/12858/serious-software-and-pump-problems,,,HTTP response contains an access-control or bot-challenge page,2026-08-02T19:44:49+00:00,fresh data/link_health.json,[]
https://www.labwrench.com/thread/135698/hplc-pump-and-autosampler-preventative-performance-maintenance,Broken,200,https://www.labwrench.com/thread/135698/hplc-pump-and-autosampler-preventative-performance-maintenance,HPLC pump and autosampler preventative/performance maintenance | LabWrench,,HTTP response contains an access-control or bot-challenge page,2026-08-02T19:44:49+00:00,fresh data/link_health.json,"[{""file"": ""data/customer_voice.json"", ""path"": """", ""label"": """"}, {""file"": ""data/customer_voice.json"", ""path"": ""feedback.3"", ""label"": ""Alliance HPLC / e2695""}, {""file"": ""data/customer_voice.json"", ""path"": ""feedback.3.evidenceRecords.0"", ""label"": ""LabWrench: HPLC pump and autosampler preventative/performance maintenance""}, {""file"": ""data/customer_voice_validation_cache.json"", ""path"": """", ""label"": """"}, {""file"": ""data/customer_voice_validation_cache.json"", ""path"": ""sources.6"", ""label"": """"}]"
https://www.labwrench.com/thread/13625/hplc-problems-rt-off-compounds-missing-not-seperating,Broken,200,https://www.labwrench.com/thread/13625/hplc-problems-rt-off-compounds-missing-not-seperating,,,HTTP response contains an access-control or bot-challenge page,2026-08-02T19:44:49+00:00,fresh data/link_health.json,[]
https://www.labwrench.com/thread/187926/waters-alliance-2695-seal-wash-pump-on-during-operation,Broken,200,https://www.labwrench.com/thread/187926/waters-alliance-2695-seal-wash-pump-on-during-operation,Waters Alliance 2695 seal wash pump on during operation - Waters 2695 | LabWrench,,HTTP response contains an access-control or bot-challenge page,2026-08-02T19:44:49+00:00,fresh data/link_health.json,"[{""file"": ""data/customer_voice.json"", ""path"": """", ""label"": """"}, {""file"": ""data/customer_voice.json"", ""path"": ""feedback.3"", ""label"": ""Alliance HPLC / e2695""}, {""file"": ""data/customer_voice.json"", ""path"": ""feedback.3.evidenceRecords.1"", ""label"": ""LabWrench: Waters Alliance 2695 seal wash pump on during operation""}, {""file"": ""data/customer_voice_validation_cache.json"", ""path"": """", ""label"": """"}, {""file"": ""data/customer_voice_validation_cache.json"", ""path"": ""sources.7"", ""label"": """"}]"
https://www.labwrench.com/thread/260254/flow-stoppage,Broken,200,https://www.labwrench.com/thread/260254/flow-stoppage,,,HTTP response contains an access-control or bot-challenge page,2026-08-02T19:44:49+00:00,fresh data/link_health.json,[]
https://www.labwrench.com/thread/821/trying-to-compare-to-waters-uplc,Broken,200,https://www.labwrench.com/thread/821/trying-to-compare-to-waters-uplc,,,HTTP response contains an access-control or bot-challenge page,2026-08-02T19:44:49+00:00,fresh data/link_health.json,[]
https://www.msacl.org/,OK,200,https://www.msacl.org/,MSACL - Mass Spectrometry & Advances in the Clinical Lab,,,2026-08-02T19:44:49+00:00,fresh status plus retained title,"[{""file"": ""data/conference_sources.json"", ""path"": """", ""label"": """"}, {""file"": ""data/conference_sources.json"", ""path"": ""events.21"", ""label"": ""MSACL 2026 (Mass Spectrometry & Advances in the Clinical Lab)""}, {""file"": ""data/conference_sources.json"", ""path"": ""events.21.monitoredEndpoints.0"", ""label"": """"}, {""file"": ""data/source_catalog.json"", ""path"": """", ""label"": ""Data Source Inventory""}, {""file"": ""data/source_catalog.json"", ""path"": ""sources.30"", ""label"": """"}]"
https://www.msacl.org/index.php?header=Connect&tab=For_Vendors,OK,200,https://www.msacl.org/index.php?header=Connect&tab=For_Vendors,MSACL - Mass Spectrometry & Advances in the Clinical Lab,Connect,,2026-08-02T19:58:50+00:00,fresh direct fetch,[]
https://www.msacl.org/index.php?header=Connect&tab=For_Vendors&subtab=Overview,OK,200,https://www.msacl.org/index.php?header=Connect&tab=For_Vendors&subtab=Overview,MSACL - Mass Spectrometry & Advances in the Clinical Lab,Connect,,2026-08-02T19:58:50+00:00,fresh direct fetch,[]
https://www.msacl.org/index.php?header=Events&tab=Past&subtab=MSACL_Asia_2025_Workshop,OK,200,https://www.msacl.org/index.php?header=Events&tab=Past&subtab=MSACL_Asia_2025_Workshop,MSACL - Mass Spectrometry & Advances in the Clinical Lab,Events,,2026-08-02T19:58:50+00:00,fresh direct fetch,[]
https://www.msacl.org/index.php?header=Learning_Center&tab=Fundamentals&subtab=Structured_Abstract_Format,OK,200,https://www.msacl.org/index.php?header=Learning_Center&tab=Fundamentals&subtab=Structured_Abstract_Format,MSACL - Mass Spectrometry & Advances in the Clinical Lab,Learning Center,,2026-08-02T19:58:50+00:00,fresh direct fetch,[]
https://www.msacl.org/index.php?header=MSACL_2020_US&tab=For_Vendors&subtab=Sponsorship,OK,200,https://www.msacl.org/index.php?header=MSACL_2020_US&tab=For_Vendors&subtab=Sponsorship,MSACL - Mass Spectrometry & Advances in the Clinical Lab,MSACL 2020 US,,2026-08-02T19:58:50+00:00,fresh direct fetch,[]
https://www.msacl.org/index.php?header=MSACL_2026&tab=Abstract_Info,OK,200,https://www.msacl.org/index.php?header=MSACL_2026&tab=Abstract_Info,MSACL - Mass Spectrometry & Advances in the Clinical Lab,MSACL 2026,,2026-08-02T19:58:50+00:00,fresh direct fetch,[]
https://www.msacl.org/index.php?header=MSACL_2026&tab=Abstract_Info&subtab=Manage_Abstract,OK,200,https://www.msacl.org/index.php?header=MSACL_2026&tab=Abstract_Info&subtab=Manage_Abstract,MSACL - Mass Spectrometry & Advances in the Clinical Lab,MSACL 2026,,2026-08-02T19:58:50+00:00,fresh direct fetch,[]
https://www.msacl.org/index.php?header=MSACL_2026&tab=Abstract_Info&subtab=Presenter_Info,OK,200,https://www.msacl.org/index.php?header=MSACL_2026&tab=Abstract_Info&subtab=Presenter_Info,MSACL - Mass Spectrometry & Advances in the Clinical Lab,MSACL 2026,,2026-08-02T19:58:50+00:00,fresh direct fetch,[]
https://www.msacl.org/index.php?header=MSACL_2026&tab=Abstract_Info&subtab=Slide_Upload_for_CME_Review,OK,200,https://www.msacl.org/index.php?header=MSACL_2026&tab=Abstract_Info&subtab=Slide_Upload_for_CME_Review,MSACL - Mass Spectrometry & Advances in the Clinical Lab,MSACL 2026,,2026-08-02T19:58:50+00:00,fresh direct fetch,[]
https://www.msacl.org/index.php?header=MSACL_2026&tab=Abstract_Info&subtab=Submission_Guidelines,OK,200,https://www.msacl.org/index.php?header=MSACL_2026&tab=Abstract_Info&subtab=Submission_Guidelines,MSACL - Mass Spectrometry & Advances in the Clinical Lab,MSACL 2026,,2026-08-02T19:58:50+00:00,fresh direct fetch,[]
https://www.msacl.org/index.php?header=MSACL_2026&tab=Abstract_Info&subtab=Submit_Abstract,OK,200,https://www.msacl.org/index.php?header=MSACL_2026&tab=Abstract_Info&subtab=Submit_Abstract,MSACL - Mass Spectrometry & Advances in the Clinical Lab,MSACL 2026,,2026-08-02T19:58:50+00:00,fresh direct fetch,[]
https://www.msacl.org/index.php?header=MSACL_2026&tab=Agenda,OK,200,https://www.msacl.org/index.php?header=MSACL_2026&tab=Agenda,MSACL - Mass Spectrometry & Advances in the Clinical Lab,MSACL 2026,,2026-08-02T19:58:50+00:00,fresh direct fetch,[]
https://www.msacl.org/index.php?header=MSACL_2026&tab=Agenda&subtab=FRI_October_9,OK,200,https://www.msacl.org/index.php?header=MSACL_2026&tab=Agenda&subtab=FRI_October_9,MSACL - Mass Spectrometry & Advances in the Clinical Lab,MSACL 2026,,2026-08-02T19:58:50+00:00,fresh direct fetch,[]
https://www.msacl.org/index.php?header=MSACL_2026&tab=Agenda&subtab=MON_October_5,OK,200,https://www.msacl.org/index.php?header=MSACL_2026&tab=Agenda&subtab=MON_October_5,MSACL - Mass Spectrometry & Advances in the Clinical Lab,MSACL 2026,,2026-08-02T19:58:50+00:00,fresh direct fetch,[]
https://www.msacl.org/index.php?header=MSACL_2026&tab=Agenda&subtab=SUN_October_4,OK,200,https://www.msacl.org/index.php?header=MSACL_2026&tab=Agenda&subtab=SUN_October_4,MSACL - Mass Spectrometry & Advances in the Clinical Lab,MSACL 2026,,2026-08-02T19:58:50+00:00,fresh direct fetch,[]
https://www.msacl.org/index.php?header=MSACL_2026&tab=Agenda&subtab=THU_October_8,OK,200,https://www.msacl.org/index.php?header=MSACL_2026&tab=Agenda&subtab=THU_October_8,MSACL - Mass Spectrometry & Advances in the Clinical Lab,MSACL 2026,,2026-08-02T19:58:50+00:00,fresh direct fetch,[]
https://www.msacl.org/index.php?header=MSACL_2026&tab=Agenda&subtab=TUE_October_6,OK,200,https://www.msacl.org/index.php?header=MSACL_2026&tab=Agenda&subtab=TUE_October_6,MSACL - Mass Spectrometry & Advances in the Clinical Lab,MSACL 2026,,2026-08-02T19:58:50+00:00,fresh direct fetch,[]
https://www.msacl.org/index.php?header=MSACL_2026&tab=Agenda&subtab=WED_October_7,OK,200,https://www.msacl.org/index.php?header=MSACL_2026&tab=Agenda&subtab=WED_October_7,MSACL - Mass Spectrometry & Advances in the Clinical Lab,MSACL 2026,,2026-08-02T19:58:50+00:00,fresh direct fetch,[]
https://www.msacl.org/index.php?header=MSACL_2026&tab=Call_for_...&subtab=Abstract_Submissions,OK,200,https://www.msacl.org/index.php?header=MSACL_2026&tab=Abstract_Info,MSACL - Mass Spectrometry & Advances in the Clinical Lab,MSACL 2026,,2026-08-02T19:58:50+00:00,fresh direct fetch,[]
https://www.msacl.org/index.php?header=MSACL_2026&tab=Call_for_...&subtab=Workshop_Proposals,OK,200,https://www.msacl.org/index.php?header=MSACL_2026&tab=Call_for_...&subtab=Workshop_Proposals,MSACL - Mass Spectrometry & Advances in the Clinical Lab,MSACL 2026,,2026-08-02T19:58:50+00:00,fresh direct fetch,[]
https://www.msacl.org/index.php?header=MSACL_2026&tab=Details&subtab=Abstracts,OK,200,https://www.msacl.org/index.php?header=MSACL_2026&tab=Abstract_Info,MSACL - Mass Spectrometry & Advances in the Clinical Lab,MSACL 2026,,2026-08-02T19:58:50+00:00,fresh direct fetch,[]
https://www.msacl.org/index.php?header=MSACL_2026&tab=Details&subtab=Guided_Poster_and_Booth_Tours,OK,200,https://www.msacl.org/index.php?header=MSACL_2026&tab=Details&subtab=Guided_Poster_and_Booth_Tours,MSACL - Mass Spectrometry & Advances in the Clinical Lab,MSACL 2026,,2026-08-02T19:58:50+00:00,fresh direct fetch,[]
https://www.msacl.org/index.php?header=MSACL_2026&tab=Details&subtab=Invited_Speakers,OK,200,https://www.msacl.org/index.php?header=MSACL_2026&tab=Details&subtab=Invited_Speakers,MSACL - Mass Spectrometry & Advances in the Clinical Lab,MSACL 2026,,2026-08-02T19:58:51+00:00,fresh direct fetch,[]
https://www.msacl.org/index.php?header=MSACL_2026&tab=Details&subtab=Poster_Contest,OK,200,https://www.msacl.org/index.php?header=MSACL_2026&tab=Details&subtab=Poster_Contest,MSACL - Mass Spectrometry & Advances in the Clinical Lab,MSACL 2026,,2026-08-02T19:58:51+00:00,fresh direct fetch,[]
https://www.msacl.org/index.php?header=MSACL_2026&tab=Details&subtab=Workshops_:_Academic,OK,200,https://www.msacl.org/index.php?header=MSACL_2026&tab=Details&subtab=Workshops_:_Academic,MSACL - Mass Spectrometry & Advances in the Clinical Lab,MSACL 2026,,2026-08-02T19:58:51+00:00,fresh direct fetch,[]
https://www.msacl.org/index.php?header=MSACL_2026&tab=Details&subtab=Workshops_:_Industry,OK,200,https://www.msacl.org/index.php?header=MSACL_2026&tab=Details&subtab=Workshops_:_Industry,MSACL - Mass Spectrometry & Advances in the Clinical Lab,MSACL 2026,,2026-08-02T19:58:51+00:00,fresh direct fetch,[]
https://www.msacl.org/index.php?header=MSACL_2026&tab=For_Exhibitors,OK,200,https://www.msacl.org/index.php?header=MSACL_2026&tab=For_Exhibitors,MSACL - Mass Spectrometry & Advances in the Clinical Lab,MSACL 2026,,2026-08-02T19:58:51+00:00,fresh direct fetch,[]
https://www.msacl.org/index.php?header=MSACL_2026&tab=For_Exhibitors&subtab=::Update_Company_Summary,OK,200,https://www.msacl.org/index.php?header=MSACL_2026&tab=For_Exhibitors&subtab=::Update_Company_Summary,MSACL - Mass Spectrometry & Advances in the Clinical Lab,MSACL 2026,,2026-08-02T19:58:51+00:00,fresh direct fetch,[]
https://www.msacl.org/index.php?header=MSACL_2026&tab=For_Exhibitors&subtab=::Update_Workshop_Summary,OK,200,https://www.msacl.org/index.php?header=MSACL_2026&tab=For_Exhibitors&subtab=::Update_Workshop_Summary,MSACL - Mass Spectrometry & Advances in the Clinical Lab,MSACL 2026,,2026-08-02T19:58:51+00:00,fresh direct fetch,[]
https://www.msacl.org/index.php?header=MSACL_2026&tab=For_Exhibitors&subtab=Customs_Info,OK,200,https://www.msacl.org/index.php?header=MSACL_2026&tab=For_Exhibitors&subtab=Customs_Info,MSACL - Mass Spectrometry & Advances in the Clinical Lab,MSACL 2026,,2026-08-02T19:58:52+00:00,fresh direct fetch,[]
https://www.msacl.org/index.php?header=MSACL_2026&tab=For_Exhibitors&subtab=Educational_Grants,OK,200,https://www.msacl.org/index.php?header=MSACL_2026&tab=For_Exhibitors&subtab=Educational_Grants,MSACL - Mass Spectrometry & Advances in the Clinical Lab,MSACL 2026,,2026-08-02T19:58:52+00:00,fresh direct fetch,[]
https://www.msacl.org/index.php?header=MSACL_2026&tab=For_Exhibitors&subtab=Exhibitor_Overview,OK,200,https://www.msacl.org/index.php?header=MSACL_2026&tab=For_Exhibitors&subtab=Exhibitor_Overview,MSACL - Mass Spectrometry & Advances in the Clinical Lab,MSACL 2026,,2026-08-02T19:58:53+00:00,fresh direct fetch,[]
https://www.msacl.org/index.php?header=MSACL_2026&tab=For_Exhibitors&subtab=Exhibits,OK,200,https://www.msacl.org/index.php?header=MSACL_2026&tab=For_Exhibitors&subtab=Exhibits,MSACL - Mass Spectrometry & Advances in the Clinical Lab,MSACL 2026,,2026-08-02T19:58:53+00:00,fresh direct fetch,[]
https://www.msacl.org/index.php?header=MSACL_2026&tab=For_Exhibitors&subtab=Industry_Workshops,OK,200,https://www.msacl.org/index.php?header=MSACL_2026&tab=For_Exhibitors&subtab=Industry_Workshops,MSACL - Mass Spectrometry & Advances in the Clinical Lab,MSACL 2026,,2026-08-02T19:58:53+00:00,fresh direct fetch,[]
https://www.msacl.org/index.php?header=MSACL_2026&tab=For_Exhibitors&subtab=Lead_Capture,OK,200,https://www.msacl.org/index.php?header=MSACL_2026&tab=For_Exhibitors&subtab=Lead_Capture,MSACL - Mass Spectrometry & Advances in the Clinical Lab,MSACL 2026,,2026-08-02T19:58:53+00:00,fresh direct fetch,[]
https://www.msacl.org/index.php?header=MSACL_2026&tab=For_Exhibitors&subtab=Petite_Suites,OK,200,https://www.msacl.org/index.php?header=MSACL_2026&tab=For_Exhibitors&subtab=Petite_Suites,MSACL - Mass Spectrometry & Advances in the Clinical Lab,MSACL 2026,,2026-08-02T19:58:53+00:00,fresh direct fetch,[]
https://www.msacl.org/index.php?header=MSACL_2026&tab=For_Exhibitors&subtab=Space_Detail,OK,200,https://www.msacl.org/index.php?header=MSACL_2026&tab=For_Exhibitors&subtab=Space_Detail,MSACL - Mass Spectrometry & Advances in the Clinical Lab,MSACL 2026,,2026-08-02T19:58:53+00:00,fresh direct fetch,[]
https://www.msacl.org/index.php?header=MSACL_2026&tab=For_Exhibitors&subtab=Sponsorship,OK,200,https://www.msacl.org/index.php?header=MSACL_2026&tab=For_Exhibitors&subtab=Sponsorship,MSACL - Mass Spectrometry & Advances in the Clinical Lab,MSACL 2026,,2026-08-02T19:58:53+00:00,fresh direct fetch,[]
https://www.msacl.org/index.php?header=MSACL_2026&tab=For_Exhibitors&subtab=Travel_USA_-_Canada,OK,200,https://www.msacl.org/index.php?header=MSACL_2026&tab=For_Exhibitors&subtab=Travel_USA_-_Canada,MSACL - Mass Spectrometry & Advances in the Clinical Lab,MSACL 2026,,2026-08-02T19:58:53+00:00,fresh direct fetch,[]
https://www.msacl.org/program/,OK,200,https://www.msacl.org/program/,MSACL 2026 Program,,,2026-08-02T19:44:55+00:00,fresh status plus retained title,"[{""file"": ""data/conference_sources.json"", ""path"": """", ""label"": """"}, {""file"": ""data/conference_sources.json"", ""path"": ""events.21"", ""label"": ""MSACL 2026 (Mass Spectrometry & Advances in the Clinical Lab)""}, {""file"": ""data/conference_sources.json"", ""path"": ""events.21.monitoredEndpoints.1"", ""label"": """"}, {""file"": ""data/source_catalog.json"", ""path"": """", ""label"": ""Data Source Inventory""}, {""file"": ""data/source_catalog.json"", ""path"": ""sources.30"", ""label"": """"}]"
https://www.msacl.org/program/?event=2026,OK,200,https://www.msacl.org/program/?event=2026,MSACL 2026 Program,MSACL 2026 : Conference Program,,2026-08-02T19:58:53+00:00,fresh direct fetch,[]
https://www.msacl.org/view_abstract/view_abstract_in_program.php?id=2747&event=2026,OK,200,https://www.msacl.org/view_abstract/view_abstract_in_program.php?id=2747&event=2026,MSACL 2026 : Habler,MSACL 2026 Abstract,,2026-08-02T19:58:53+00:00,fresh direct fetch,[]
https://www.msacl.org/view_abstract/view_abstract_in_program.php?id=2748&event=2026,OK,200,https://www.msacl.org/view_abstract/view_abstract_in_program.php?id=2748&event=2026,MSACL 2026 : Ladwig,MSACL 2026 Abstract,,2026-08-02T19:58:53+00:00,fresh direct fetch,[]
https://www.msacl.org/view_abstract/view_abstract_in_program.php?id=2757&event=2026,OK,200,https://www.msacl.org/view_abstract/view_abstract_in_program.php?id=2757&event=2026,MSACL 2026 : Wegwerth,MSACL 2026 Abstract,,2026-08-02T19:58:54+00:00,fresh direct fetch,[]
https://www.msacl.org/view_abstract/view_abstract_in_program.php?id=2758&event=2026,OK,200,https://www.msacl.org/view_abstract/view_abstract_in_program.php?id=2758&event=2026,MSACL 2026 : Chai,MSACL 2026 Abstract,,2026-08-02T19:58:54+00:00,fresh direct fetch,[]
https://www.msacl.org/view_abstract/view_abstract_in_program.php?id=2767&event=2026,OK,200,https://www.msacl.org/view_abstract/view_abstract_in_program.php?id=2767&event=2026,MSACL 2026 : Luo,MSACL 2026 Abstract,,2026-08-02T19:58:54+00:00,fresh direct fetch,[]
https://www.msacl.org/view_abstract/view_abstract_in_program.php?id=2768&event=2026,OK,200,https://www.msacl.org/view_abstract/view_abstract_in_program.php?id=2768&event=2026,MSACL 2026 : Poisson,MSACL 2026 Abstract,,2026-08-02T19:58:54+00:00,fresh direct fetch,[]
https://www.msacl.org/view_abstract/view_abstract_in_program.php?id=2769&event=2026,OK,200,https://www.msacl.org/view_abstract/view_abstract_in_program.php?id=2769&event=2026,MSACL 2026 : Habler,MSACL 2026 Abstract,,2026-08-02T19:58:54+00:00,fresh direct fetch,[]
https://www.msacl.org/view_abstract/view_abstract_in_program.php?id=2770&event=2026,OK,200,https://www.msacl.org/view_abstract/view_abstract_in_program.php?id=2770&event=2026,MSACL 2026 : Yeung,MSACL 2026 Abstract,,2026-08-02T19:58:54+00:00,fresh direct fetch,[]
https://www.msacl.org/view_abstract/view_abstract_in_program.php?id=2771&event=2026,OK,200,https://www.msacl.org/view_abstract/view_abstract_in_program.php?id=2771&event=2026,MSACL 2026 : Kushnir,MSACL 2026 Abstract,,2026-08-02T19:58:54+00:00,fresh direct fetch,[]
https://www.msacl.org/view_abstract/view_abstract_in_program.php?id=2775&event=2026,OK,200,https://www.msacl.org/view_abstract/view_abstract_in_program.php?id=2775&event=2026,MSACL 2026 : Demeuse,MSACL 2026 Abstract,,2026-08-02T19:58:54+00:00,fresh direct fetch,[]
https://www.msacl.org/view_abstract/view_abstract_in_program.php?id=2783&event=2026,OK,200,https://www.msacl.org/view_abstract/view_abstract_in_program.php?id=2783&event=2026,MSACL 2026 : Vandenbroucke,MSACL 2026 Abstract,,2026-08-02T19:58:54+00:00,fresh direct fetch,[]
https://www.msacl.org/view_abstract/view_abstract_in_program.php?id=2785&event=2026,OK,200,https://www.msacl.org/view_abstract/view_abstract_in_program.php?id=2785&event=2026,MSACL 2026 : Foy,MSACL 2026 Abstract,,2026-08-02T19:58:54+00:00,fresh direct fetch,[]
https://www.msacl.org/view_abstract/view_abstract_in_program.php?id=2787&event=2026,OK,200,https://www.msacl.org/view_abstract/view_abstract_in_program.php?id=2787&event=2026,MSACL 2026 : Treger,MSACL 2026 Abstract,,2026-08-02T19:58:54+00:00,fresh direct fetch,[]
https://www.msacl.org/view_abstract/view_abstract_in_program.php?id=2790&event=2026,OK,200,https://www.msacl.org/view_abstract/view_abstract_in_program.php?id=2790&event=2026,MSACL 2026 : Karin,MSACL 2026 Abstract,,2026-08-02T19:58:54+00:00,fresh direct fetch,[]
https://www.msacl.org/view_abstract/view_abstract_in_program.php?id=2792&event=2026,OK,200,https://www.msacl.org/view_abstract/view_abstract_in_program.php?id=2792&event=2026,MSACL 2026 : Chen,MSACL 2026 Abstract,,2026-08-02T19:58:54+00:00,fresh direct fetch,[]
https://www.msacl.org/view_abstract/view_abstract_in_program.php?id=2798&event=2026,OK,200,https://www.msacl.org/view_abstract/view_abstract_in_program.php?id=2798&event=2026,MSACL 2026 : Hill,MSACL 2026 Abstract,,2026-08-02T19:58:55+00:00,fresh direct fetch,[]
https://www.msacl.org/view_abstract/view_abstract_in_program.php?id=2802&event=2026,OK,200,https://www.msacl.org/view_abstract/view_abstract_in_program.php?id=2802&event=2026,MSACL 2026 : Kubiniok,MSACL 2026 Abstract,,2026-08-02T19:58:55+00:00,fresh direct fetch,[]
https://www.msacl.org/view_abstract/view_abstract_in_program.php?id=2806&event=2026,OK,200,https://www.msacl.org/view_abstract/view_abstract_in_program.php?id=2806&event=2026,MSACL 2026 : Hill,MSACL 2026 Abstract,,2026-08-02T19:58:55+00:00,fresh direct fetch,[]
https://www.msacl.org/view_abstract/view_abstract_in_program.php?id=2807&event=2026,OK,200,https://www.msacl.org/view_abstract/view_abstract_in_program.php?id=2807&event=2026,MSACL 2026 : Cho,MSACL 2026 Abstract,,2026-08-02T19:58:55+00:00,fresh direct fetch,[]
https://www.msacl.org/view_abstract/view_abstract_in_program.php?id=2808&event=2026,OK,200,https://www.msacl.org/view_abstract/view_abstract_in_program.php?id=2808&event=2026,MSACL 2026 : Ponzetto,MSACL 2026 Abstract,,2026-08-02T19:58:55+00:00,fresh direct fetch,[]
https://www.msacl.org/view_abstract/view_abstract_in_program.php?id=2811&event=2026,OK,200,https://www.msacl.org/view_abstract/view_abstract_in_program.php?id=2811&event=2026,MSACL 2026 : Hau,MSACL 2026 Abstract,,2026-08-02T19:58:55+00:00,fresh direct fetch,[]
https://www.msacl.org/view_abstract/view_abstract_in_program.php?id=2813&event=2026,OK,200,https://www.msacl.org/view_abstract/view_abstract_in_program.php?id=2813&event=2026,MSACL 2026 : Stefanuto,MSACL 2026 Abstract,,2026-08-02T19:58:55+00:00,fresh direct fetch,[]
https://www.msacl.org/view_abstract/view_abstract_in_program.php?id=2815&event=2026,OK,200,https://www.msacl.org/view_abstract/view_abstract_in_program.php?id=2815&event=2026,MSACL 2026 : Myridakis,MSACL 2026 Abstract,,2026-08-02T19:58:55+00:00,fresh direct fetch,[]
https://www.msacl.org/view_abstract/view_abstract_in_program.php?id=2818&event=2026,OK,200,https://www.msacl.org/view_abstract/view_abstract_in_program.php?id=2818&event=2026,MSACL 2026 : Yang,MSACL 2026 Abstract,,2026-08-02T19:58:55+00:00,fresh direct fetch,[]
https://www.msacl.org/view_abstract/view_abstract_in_program.php?id=2819&event=2026,OK,200,https://www.msacl.org/view_abstract/view_abstract_in_program.php?id=2819&event=2026,MSACL 2026 : Kim,MSACL 2026 Abstract,,2026-08-02T19:58:55+00:00,fresh direct fetch,[]
https://www.msacl.org/view_abstract/view_abstract_in_program.php?id=2825&event=2026,OK,200,https://www.msacl.org/view_abstract/view_abstract_in_program.php?id=2825&event=2026,MSACL 2026 : van Eyk,MSACL 2026 Abstract,,2026-08-02T19:58:55+00:00,fresh direct fetch,[]
https://www.msacl.org/view_abstract/view_abstract_in_program.php?id=2826&event=2026,OK,200,https://www.msacl.org/view_abstract/view_abstract_in_program.php?id=2826&event=2026,MSACL 2026 : Yates,MSACL 2026 Abstract,,2026-08-02T19:58:55+00:00,fresh direct fetch,[]
https://www.msacl.org/view_abstract/view_abstract_in_program.php?id=2832&event=2026,OK,200,https://www.msacl.org/view_abstract/view_abstract_in_program.php?id=2832&event=2026,MSACL 2026 : Kaufmann,MSACL 2026 Abstract,,2026-08-02T19:58:55+00:00,fresh direct fetch,[]
https://www.msacl.org/view_abstract/view_abstract_in_program.php?id=2835&event=2026,OK,200,https://www.msacl.org/view_abstract/view_abstract_in_program.php?id=2835&event=2026,MSACL 2026 : Luna,MSACL 2026 Abstract,,2026-08-02T19:58:55+00:00,fresh direct fetch,[]
https://www.msacl.org/view_abstract/view_abstract_in_program.php?id=2846&event=2026,OK,200,https://www.msacl.org/view_abstract/view_abstract_in_program.php?id=2846&event=2026,MSACL 2026 : Zirem,MSACL 2026 Abstract,,2026-08-02T19:58:55+00:00,fresh direct fetch,[]
https://www.msacl.org/view_abstract/view_abstract_in_program.php?id=2847&event=2026,OK,200,https://www.msacl.org/view_abstract/view_abstract_in_program.php?id=2847&event=2026,MSACL 2026 : Horkovics-Kováts,MSACL 2026 Abstract,,2026-08-02T19:58:55+00:00,fresh direct fetch,[]
https://www.msacl.org/view_abstract/view_abstract_in_program.php?id=2848&event=2026,OK,200,https://www.msacl.org/view_abstract/view_abstract_in_program.php?id=2848&event=2026,MSACL 2026 : Belluomo,MSACL 2026 Abstract,,2026-08-02T19:58:55+00:00,fresh direct fetch,[]
https://www.msacl.org/view_abstract/view_abstract_in_program.php?id=2849&event=2026,OK,200,https://www.msacl.org/view_abstract/view_abstract_in_program.php?id=2849&event=2026,MSACL 2026 : Seeley,MSACL 2026 Abstract,,2026-08-02T19:58:56+00:00,fresh direct fetch,[]
https://www.msacl.org/view_abstract/view_abstract_in_program.php?id=2851&event=2026,OK,200,https://www.msacl.org/view_abstract/view_abstract_in_program.php?id=2851&event=2026,MSACL 2026 : Schmauder,MSACL 2026 Abstract,,2026-08-02T19:58:56+00:00,fresh direct fetch,[]
https://www.msacl.org/view_abstract/view_abstract_in_program.php?id=2853&event=2026,OK,200,https://www.msacl.org/view_abstract/view_abstract_in_program.php?id=2853&event=2026,MSACL 2026 : Chouinard,MSACL 2026 Abstract,,2026-08-02T19:58:56+00:00,fresh direct fetch,[]
https://www.msacl.org/view_abstract/view_abstract_in_program.php?id=2860&event=2026,OK,200,https://www.msacl.org/view_abstract/view_abstract_in_program.php?id=2860&event=2026,MSACL 2026 : Fontes,MSACL 2026 Abstract,,2026-08-02T19:58:56+00:00,fresh direct fetch,[]
https://www.msacl.org/view_abstract/view_abstract_in_program.php?id=2862&event=2026,OK,200,https://www.msacl.org/view_abstract/view_abstract_in_program.php?id=2862&event=2026,MSACL 2026 : Iaboni,MSACL 2026 Abstract,,2026-08-02T19:58:56+00:00,fresh direct fetch,[]
https://www.msacl.org/view_abstract/view_abstract_in_program.php?id=2863&event=2026,OK,200,https://www.msacl.org/view_abstract/view_abstract_in_program.php?id=2863&event=2026,MSACL 2026 : Arnarson,MSACL 2026 Abstract,,2026-08-02T19:58:56+00:00,fresh direct fetch,[]
https://www.msacl.org/view_abstract/view_abstract_in_program.php?id=2866&event=2026,OK,200,https://www.msacl.org/view_abstract/view_abstract_in_program.php?id=2866&event=2026,MSACL 2026 : Jamzad,MSACL 2026 Abstract,,2026-08-02T19:58:56+00:00,fresh direct fetch,[]
https://www.msacl.org/view_abstract/view_abstract_in_program.php?id=2867&event=2026,OK,200,https://www.msacl.org/view_abstract/view_abstract_in_program.php?id=2867&event=2026,MSACL 2026 : Brown,MSACL 2026 Abstract,,2026-08-02T19:58:57+00:00,fresh direct fetch,[]
https://www.msacl.org/view_abstract/view_abstract_in_program.php?id=2871&event=2026,OK,200,https://www.msacl.org/view_abstract/view_abstract_in_program.php?id=2871&event=2026,MSACL 2026 : Glunde,MSACL 2026 Abstract,,2026-08-02T19:58:57+00:00,fresh direct fetch,[]
https://www.msacl.org/view_abstract/view_abstract_in_program.php?id=2872&event=2026,OK,200,https://www.msacl.org/view_abstract/view_abstract_in_program.php?id=2872&event=2026,MSACL 2026 : Gatein,MSACL 2026 Abstract,,2026-08-02T19:58:57+00:00,fresh direct fetch,[]
https://www.msacl.org/view_abstract/view_abstract_in_program.php?id=2873&event=2026,OK,200,https://www.msacl.org/view_abstract/view_abstract_in_program.php?id=2873&event=2026,MSACL 2026 : Goss,MSACL 2026 Abstract,,2026-08-02T19:58:57+00:00,fresh direct fetch,[]
https://www.msacl.org/view_abstract/view_abstract_in_program.php?id=2874&event=2026,OK,200,https://www.msacl.org/view_abstract/view_abstract_in_program.php?id=2874&event=2026,MSACL 2026 : Ray,MSACL 2026 Abstract,,2026-08-02T19:58:57+00:00,fresh direct fetch,[]
https://www.msacl.org/view_abstract/view_abstract_in_program.php?id=2875&event=2026,OK,200,https://www.msacl.org/view_abstract/view_abstract_in_program.php?id=2875&event=2026,MSACL 2026 : Hartmann,MSACL 2026 Abstract,,2026-08-02T19:58:57+00:00,fresh direct fetch,[]
https://www.msacl.org/view_abstract/view_abstract_in_program.php?id=2876&event=2026,OK,200,https://www.msacl.org/view_abstract/view_abstract_in_program.php?id=2876&event=2026,MSACL 2026 : Kandala,MSACL 2026 Abstract,,2026-08-02T19:58:58+00:00,fresh direct fetch,[]
https://www.msacl.org/view_abstract/view_abstract_in_program.php?id=2881&event=2026,OK,200,https://www.msacl.org/view_abstract/view_abstract_in_program.php?id=2881&event=2026,MSACL 2026 : Kyle,MSACL 2026 Abstract,,2026-08-02T19:58:58+00:00,fresh direct fetch,[]
https://www.msacl.org/view_abstract/view_abstract_in_program.php?id=2885&event=2026,OK,200,https://www.msacl.org/view_abstract/view_abstract_in_program.php?id=2885&event=2026,MSACL 2026 : Rexroad,MSACL 2026 Abstract,,2026-08-02T19:58:58+00:00,fresh direct fetch,[]
https://www.msacl.org/view_abstract/view_abstract_in_program.php?id=2890&event=2026,OK,200,https://www.msacl.org/view_abstract/view_abstract_in_program.php?id=2890&event=2026,MSACL 2026 : Ford,MSACL 2026 Abstract,,2026-08-02T19:58:58+00:00,fresh direct fetch,[]
https://www.msacl.org/view_abstract/view_abstract_in_program.php?id=2891&event=2026,OK,200,https://www.msacl.org/view_abstract/view_abstract_in_program.php?id=2891&event=2026,MSACL 2026 : Choucair,MSACL 2026 Abstract,,2026-08-02T19:58:58+00:00,fresh direct fetch,[]
https://www.msacl.org/view_abstract/view_abstract_in_program.php?id=2892&event=2026,OK,200,https://www.msacl.org/view_abstract/view_abstract_in_program.php?id=2892&event=2026,MSACL 2026 : Mohanty,MSACL 2026 Abstract,,2026-08-02T19:58:58+00:00,fresh direct fetch,[]
https://www.msacl.org/view_abstract/view_abstract_in_program.php?id=2894&event=2026,OK,200,https://www.msacl.org/view_abstract/view_abstract_in_program.php?id=2894&event=2026,MSACL 2026 : Thompson,MSACL 2026 Abstract,,2026-08-02T19:58:58+00:00,fresh direct fetch,[]
https://www.msacl.org/view_abstract/view_abstract_in_program.php?id=2895&event=2026,OK,200,https://www.msacl.org/view_abstract/view_abstract_in_program.php?id=2895&event=2026,MSACL 2026 : Seferovic,MSACL 2026 Abstract,,2026-08-02T19:58:58+00:00,fresh direct fetch,[]
https://www.msacl.org/view_abstract/view_abstract_in_program.php?id=2899&event=2026,OK,200,https://www.msacl.org/view_abstract/view_abstract_in_program.php?id=2899&event=2026,MSACL 2026 : Maneta-Stavrakaki,MSACL 2026 Abstract,,2026-08-02T19:58:58+00:00,fresh direct fetch,[]
https://www.msacl.org/view_abstract/view_abstract_in_program.php?id=2901&event=2026,OK,200,https://www.msacl.org/view_abstract/view_abstract_in_program.php?id=2901&event=2026,MSACL 2026 : Crawford,MSACL 2026 Abstract,,2026-08-02T19:58:58+00:00,fresh direct fetch,[]
https://www.msacl.org/view_abstract/view_abstract_in_program.php?id=2902&event=2026,OK,200,https://www.msacl.org/view_abstract/view_abstract_in_program.php?id=2902&event=2026,MSACL 2026 : Grant,MSACL 2026 Abstract,,2026-08-02T19:58:58+00:00,fresh direct fetch,[]
https://www.msacl.org/view_abstract/view_abstract_in_program.php?id=2903&event=2026,OK,200,https://www.msacl.org/view_abstract/view_abstract_in_program.php?id=2903&event=2026,MSACL 2026 : Prentice,MSACL 2026 Abstract,,2026-08-02T19:58:58+00:00,fresh direct fetch,[]
https://www.msacl.org/view_abstract/view_abstract_in_program.php?id=2906&event=2026,OK,200,https://www.msacl.org/view_abstract/view_abstract_in_program.php?id=2906&event=2026,MSACL 2026 : Rappold,MSACL 2026 Abstract,,2026-08-02T19:58:59+00:00,fresh direct fetch,[]
https://www.msacl.org/view_abstract/view_abstract_in_program.php?id=2909&event=2026,OK,200,https://www.msacl.org/view_abstract/view_abstract_in_program.php?id=2909&event=2026,MSACL 2026 : Spies,MSACL 2026 Abstract,,2026-08-02T19:58:59+00:00,fresh direct fetch,[]
https://www.msacl.org/view_abstract/view_abstract_in_program.php?id=2910&event=2026,OK,200,https://www.msacl.org/view_abstract/view_abstract_in_program.php?id=2910&event=2026,MSACL 2026 : Dee,MSACL 2026 Abstract,,2026-08-02T19:58:59+00:00,fresh direct fetch,[]
https://www.msacl.org/view_abstract/view_abstract_in_program.php?id=2914&event=2026,OK,200,https://www.msacl.org/view_abstract/view_abstract_in_program.php?id=2914&event=2026,MSACL 2026 : Auray-Blais,MSACL 2026 Abstract,,2026-08-02T19:58:59+00:00,fresh direct fetch,[]
https://www.msacl.org/view_abstract/view_abstract_in_program.php?id=2917&event=2026,OK,200,https://www.msacl.org/view_abstract/view_abstract_in_program.php?id=2917&event=2026,MSACL 2026 : Wahl,MSACL 2026 Abstract,,2026-08-02T19:58:59+00:00,fresh direct fetch,[]
https://www.msacl.org/view_abstract/view_abstract_in_program.php?id=2924&event=2026,OK,200,https://www.msacl.org/view_abstract/view_abstract_in_program.php?id=2924&event=2026,MSACL 2026 : Boeuf,MSACL 2026 Abstract,,2026-08-02T19:58:59+00:00,fresh direct fetch,[]
https://www.msacl.org/view_abstract/view_abstract_in_program.php?id=2925&event=2026,OK,200,https://www.msacl.org/view_abstract/view_abstract_in_program.php?id=2925&event=2026,MSACL 2026 : Molina,MSACL 2026 Abstract,,2026-08-02T19:58:59+00:00,fresh direct fetch,[]
https://www.msacl.org/view_abstract/view_abstract_in_program.php?id=2934&event=2026,OK,200,https://www.msacl.org/view_abstract/view_abstract_in_program.php?id=2934&event=2026,MSACL 2026 : Richard,MSACL 2026 Abstract,,2026-08-02T19:58:59+00:00,fresh direct fetch,[]
https://www.msacl.org/view_abstract/view_abstract_in_program.php?id=2940&event=2026,OK,200,https://www.msacl.org/view_abstract/view_abstract_in_program.php?id=2940&event=2026,MSACL 2026 : Petritis,MSACL 2026 Abstract,,2026-08-02T19:58:59+00:00,fresh direct fetch,[]
https://www.msacl.org/view_abstract/view_abstract_in_program.php?id=2946&event=2026,OK,200,https://www.msacl.org/view_abstract/view_abstract_in_program.php?id=2946&event=2026,MSACL 2026 : Riley,MSACL 2026 Abstract,,2026-08-02T19:58:59+00:00,fresh direct fetch,[]
https://www.msacl.org/view_abstract/view_abstract_in_program.php?id=2952&event=2026,OK,200,https://www.msacl.org/view_abstract/view_abstract_in_program.php?id=2952&event=2026,MSACL 2026 : Ernst,MSACL 2026 Abstract,,2026-08-02T19:58:59+00:00,fresh direct fetch,[]
https://www.msacl.org/workshop_presentation_summary.php?workshop_id=190&presenter_id=16,OK,200,https://www.msacl.org/workshop_presentation_summary.php?workshop_id=190&presenter_id=16,MSACL 2026 : Clarke,MSACL 2026 Industry Workshop Presentation,,2026-08-02T19:58:59+00:00,fresh direct fetch,[]
https://www.msimaging.science/,OK,200,https://www.msimaging.science/,Home - IMSIS,,,2026-08-02T19:44:59+00:00,fresh status plus retained title,"[{""file"": ""data/conference_sources.json"", ""path"": """", ""label"": """"}, {""file"": ""data/conference_sources.json"", ""path"": ""events.29"", ""label"": ""IMSIS (International Mass Spectrometry Imaging Society Conference)""}]"
https://www.msimaging.science/region-americas/americas-events/imsis-americas-vu-workshop-2026/,OK,200,https://www.msimaging.science/region-americas/americas-events/imsis-americas-vu-workshop-2026/,IMSIS Americas VU Workshop 2026 - IMSIS,IMSIS Americas Summer Workshop 2026,,2026-08-02T19:58:59+00:00,fresh direct fetch,[]
https://www.msimaging.science/region-americas/americas-events/madison-workshop-2024/,OK,200,https://www.msimaging.science/region-americas/americas-events/madison-workshop-2024/,Madison Workshop 2024 - IMSIS,UNIVERSITY OF WISCONSIN-MADISON SUMMER WORKSHOP,,2026-08-02T19:58:59+00:00,fresh direct fetch,[]
https://www.nsf.gov/funding/award-search,OK,200,https://www.nsf.gov/funding/award-search,Award Search Overview - Funding at NSF | NSF - U.S. National Science Foundation,,,2026-08-02T19:44:59+00:00,fresh status plus retained title,"[{""file"": ""data/market_application_sources.json"", ""path"": """", ""label"": """"}, {""file"": ""data/market_application_sources.json"", ""path"": ""sources.17"", ""label"": ""NSF Award Search""}]"
https://www.pegsummit.com/,OK,200,https://www.pegsummit.com/,"PEGS Boston - Protein &amp; Antibody Engineering Summit | May 11-15, 2026 | Boston, MA",,,2026-08-02T19:44:59+00:00,fresh status plus retained title,"[{""file"": ""data/conference_sources.json"", ""path"": """", ""label"": """"}, {""file"": ""data/conference_sources.json"", ""path"": ""events.7"", ""label"": ""PEGS US""}]"
https://www.pegsummit.com/Sponsor,OK,200,https://www.pegsummit.com/Sponsor,"Attendee Demographics + Event Features | PEGS Boston Summit 2026 | May 11-15, 2026 | Boston, MA","Sponsor, Exhibit and Lead Generation",,2026-08-02T19:58:59+00:00,fresh direct fetch,[]
https://www.pegsummit.com/conference-streams,OK,200,https://www.pegsummit.com/conference-streams,"PEGS Boston Summit | 2026 Programs | May 11-15, 2026",Conference Programs to Accelerate Your Biologics Research,,2026-08-02T19:58:59+00:00,fresh direct fetch,[]
https://www.pegsummit.com/exhibitor-prospectus-form,OK,200,https://www.pegsummit.com/exhibitor-prospectus-form,Exhibitor Prospectus - Protein Engineering Summit,PDF Download,,2026-08-02T19:58:59+00:00,fresh direct fetch,[]
https://www.pegsummit.com/media-sponsors,OK,200,https://www.pegsummit.com/media-sponsors,Media Partners - Protein Engineering Summit,Media Partners,,2026-08-02T19:58:59+00:00,fresh direct fetch,[]
https://www.pegsummit.com/plenary-keynotes,OK,200,https://www.pegsummit.com/plenary-keynotes,"Plenary Keynote Sessions | PEGS Boston Summit 2026 | May 11-15, 2026 | Boston, MA",Plenary Keynote Sessions,,2026-08-02T19:58:59+00:00,fresh direct fetch,[]
https://www.pegsummit.com/poster-titles,OK,200,https://www.pegsummit.com/poster-titles,Poster Titles at PEGS Boston Summit,2026 POSTER PRESENTATIONS,,2026-08-02T19:58:59+00:00,fresh direct fetch,[]
https://www.pegsummit.com/poster-winners,OK,200,https://www.pegsummit.com/poster-winners,Poster Winners at PEGS Boston Summit,Congratulations to the PEGS Boston Summit Poster Winners,,2026-08-02T19:58:59+00:00,fresh direct fetch,[]
https://www.pegsummit.com/posters,OK,200,https://www.pegsummit.com/posters,Posters at the PEGS Boston Summit,Posters,,2026-08-02T19:58:59+00:00,fresh direct fetch,[]
https://www.pegsummit.com/search,OK,200,https://www.pegsummit.com/search,"Search | PEGS Boston | May 11-15, 2026",,,2026-08-02T19:59:00+00:00,fresh direct fetch,[]
https://www.pegsummit.com/speaker-biographies,OK,200,https://www.pegsummit.com/speaker-biographies,"View Speaker Biographies | PEGS Boston Summit 2026 | May 11-15, 2026 | Boston, MA",Speaker Biographies,,2026-08-02T19:59:00+00:00,fresh direct fetch,[]
https://www.pegsummit.com/speaker-interviews,OK,200,https://www.pegsummit.com/speaker-interviews,Exclusive Speaker Insights | PEGS Summit Interview Series,Interviews,,2026-08-02T19:59:00+00:00,fresh direct fetch,[]
https://www.pegsummit.com/sponsor-exhibitor/best-of-show-awards,OK,200,https://www.pegsummit.com/sponsor-exhibitor/best-of-show-awards,"Best of Show Awards | PEGS Boston Summit 2026 | May 11-15, 2026 | Boston, MA",,,2026-08-02T19:59:00+00:00,fresh direct fetch,[]
https://www.pegsummit.com/sponsor-exhibitor/innovation-showcase,OK,200,https://www.pegsummit.com/sponsor-exhibitor/innovation-showcase,"Innovation Showcase | PEGS Boston Summit 2026 | May 11-15, 2026 | Boston, MA",,,2026-08-02T19:59:00+00:00,fresh direct fetch,[]
https://www.pegsummit.com/sponsors,OK,200,https://www.pegsummit.com/sponsors,"Current Sponsors | PEGS Boston Summit 2026 | May 11-15, 2026 | Boston, MA",Current Sponsors,,2026-08-02T19:59:00+00:00,fresh direct fetch,[]
https://www.pegsummit.com/sponsorship-opportunities,OK,200,https://www.pegsummit.com/sponsorship-opportunities,"Sponsorship Opportunities | PEGS Boston Summit 2026 | May 11-15, 2026 | Boston, MA",Sponsorship Opportunities,,2026-08-02T19:59:00+00:00,fresh direct fetch,[]
https://www.pegsummiteurope.com/,OK,200,https://www.pegsummiteurope.com/,PEGS Europe | Protein &amp; Antibody Engineering Summit | 16-19 November 2026,,,2026-08-02T19:45:01+00:00,fresh status plus retained title,"[{""file"": ""data/conference_sources.json"", ""path"": """", ""label"": """"}, {""file"": ""data/conference_sources.json"", ""path"": ""events.26"", ""label"": ""PEGS EU""}]"
https://www.pegsummiteurope.com/2026-brochure-download-short-form,OK,200,https://www.pegsummiteurope.com/2026-brochure-download-short-form,2026 Brochure Short Form,PDF Download,,2026-08-02T19:59:00+00:00,fresh direct fetch,[]
https://www.pegsummiteurope.com/exhibitor-prospectus-form,OK,200,https://www.pegsummiteurope.com/sponsorship-prospectus-form,Sponsorship Prospectus | Protein & Antibody Engineering Summit | 16-19 November 2026,PDF Download,,2026-08-02T19:59:00+00:00,fresh direct fetch,[]
https://www.pegsummiteurope.com/poster-titles,OK,200,https://www.pegsummiteurope.com/poster-titles,Poster Titles | PEGS Europe | 16-19 November 2026,2026 Poster Presentations Coming in October,,2026-08-02T19:59:00+00:00,fresh direct fetch,[]
https://www.pegsummiteurope.com/posters,OK,200,https://www.pegsummiteurope.com/posters,"Posters | Protein & Antibody Engineering Summit | Lisbon, Portugal",Poster Information,,2026-08-02T19:59:00+00:00,fresh direct fetch,[]
https://www.pegsummiteurope.com/programs,OK,200,https://www.pegsummiteurope.com/programs,Conference Programs | Protein & Antibody Engineering Summit | 16-19 November 2026,"""The Best Biologics Technology Meeting in Europe""",,2026-08-02T19:59:00+00:00,fresh direct fetch,[]
https://www.pegsummiteurope.com/speaker-biographies,OK,200,https://www.pegsummiteurope.com/speaker-biographies,Speaker Biographies | Protein & Antibody Engineering Summit | 16-19 November 2026,Speaker Biographies,,2026-08-02T19:59:00+00:00,fresh direct fetch,[]
https://www.pegsummiteurope.com/sponsor,OK,200,https://www.pegsummiteurope.com/sponsor,Attendee Demographics + Event Features | Protein & Antibody Engineering Summit | 16-19 November 2026,"Sponsorship, Exhibit and Lead Generation",,2026-08-02T19:59:00+00:00,fresh direct fetch,[]
https://www.pegsummiteurope.com/sponsor-exhibit/best-of-show,OK,200,https://www.pegsummiteurope.com/sponsor-exhibit/best-of-show,Best of Show,,,2026-08-02T19:59:00+00:00,fresh direct fetch,[]
https://www.pegsummiteurope.com/sponsors,OK,200,https://www.pegsummiteurope.com/sponsors,Current Sponsors | Protein & Antibody Engineering Summit | 16-19 November 2026,Sponsors,,2026-08-02T19:59:00+00:00,fresh direct fetch,[]
https://www.pegsummiteurope.com/sponsorship-opportunities,OK,200,https://www.pegsummiteurope.com/sponsorship-opportunities,Sponsorship Opportunities| Protein & Antibody Engineering Summit | 16-19 November 2026,,,2026-08-02T19:59:00+00:00,fresh direct fetch,[]
https://www.pegsummiteurope.com/sponsorship-prospectus-form,OK,200,https://www.pegsummiteurope.com/sponsorship-prospectus-form,Sponsorship Prospectus | Protein & Antibody Engineering Summit | 16-19 November 2026,PDF Download,,2026-08-02T19:59:00+00:00,fresh direct fetch,[]
https://www.perkinelmer.com/au/library/app-rapid-uhplc-determination-of-nine-common-herbicides-in-drinking-water.html,OK,200,https://www.perkinelmer.com/au/library/app-rapid-uhplc-determination-of-nine-common-herbicides-in-drinking-water.html,Rapid UHPLC Determination of Nine Common Herbicides in Drinking Water with the PerkinElmer Flexar FX,,,2026-08-02T19:45:02+00:00,fresh status plus retained title,"[{""file"": ""data/historical_product_catalog.json"", ""path"": """", ""label"": """"}, {""file"": ""data/historical_product_catalog.json"", ""path"": ""products.95"", ""label"": ""Flexar HPLC""}, {""file"": ""data/historical_product_catalog.json"", ""path"": ""products.96"", ""label"": ""Flexar FX-10 UHPLC""}, {""file"": ""data/historical_product_catalog.json"", ""path"": ""products.97"", ""label"": ""Flexar FX-15 UHPLC""}]"
https://www.perkinelmer.com/au/newsletter/environmental-april,OK,200,https://www.perkinelmer.com/au/newsletter/environmental-april,Environmental Newsletter April 2021 Edition | PerkinElmer,,,2026-08-02T19:45:02+00:00,fresh status plus retained title,"[{""file"": ""data/historical_product_catalog.json"", ""path"": """", ""label"": """"}, {""file"": ""data/historical_product_catalog.json"", ""path"": ""products.102"", ""label"": ""LC 300 HPLC""}, {""file"": ""data/historical_product_catalog.json"", ""path"": ""products.103"", ""label"": ""LC 300 UHPLC""}]"
https://www.perkinelmer.com/au/perkinelmer-inaugurates-expanded-taicang-facility-power-china-china-and-beyond-strategy,OK,200,https://www.perkinelmer.com/au/perkinelmer-inaugurates-expanded-taicang-facility-power-china-china-and-beyond-strategy,"PerkinElmer Inaugurates Expanded Taicang Facility to Power “In China, For China – and Beyond”",,,2026-08-02T19:45:02+00:00,fresh status plus retained title,"[{""file"": ""data/intelligence.json"", ""path"": """", ""label"": """"}, {""file"": ""data/intelligence.json"", ""path"": ""signals.251"", ""label"": ""PerkinElmer expands Taicang manufacturing and R&D facility for China strategy""}]"
https://www.perkinelmer.com/category/liquid-chromatography,OK,200,https://www.perkinelmer.com/category/liquid-chromatography,Liquid Chromatography (LC) Systems &amp; HPLC Solutions,,,2026-08-02T19:45:02+00:00,fresh status plus retained title,"[{""file"": ""data/intelligence.json"", ""path"": """", ""label"": """"}, {""file"": ""data/intelligence.json"", ""path"": ""sourceHealth.11"", ""label"": ""Liquid Chromatography (LC) Systems & HPLC Solutions""}, {""file"": ""data/source_catalog.json"", ""path"": """", ""label"": ""Data Source Inventory""}, {""file"": ""data/source_catalog.json"", ""path"": ""sources.14"", ""label"": """"}]"
https://www.perkinelmer.com/corporate-and-newsroom,OK,200,https://www.perkinelmer.com/corporate-and-newsroom,Newsroom PerkinElmer,,,2026-08-02T19:45:02+00:00,fresh status plus retained title,"[{""file"": ""data/source_catalog.json"", ""path"": """", ""label"": ""Data Source Inventory""}, {""file"": ""data/source_catalog.json"", ""path"": ""sources.13"", ""label"": """"}]"
https://www.perkinelmer.com/corporate-and-newsroom/covaris-introduces-trucollect-solution-decentralized-whole-blood-collection-and-dna-extraction,OK,200,https://www.perkinelmer.com/corporate-and-newsroom/covaris-introduces-trucollect-solution-decentralized-whole-blood-collection-and-dna-extraction,PerkinElmer Appoints Michael Stubblefield as Chief Executive Officer,PerkinElmer Sites,,2026-08-02T19:59:00+00:00,fresh direct fetch,[]
https://www.perkinelmer.com/corporate-and-newsroom/lactoscope-500-delivers-next-level-dairy-analysis-greater-accuracy-stability-and-operational,OK,200,https://www.perkinelmer.com/corporate-and-newsroom/lactoscope-500-delivers-next-level-dairy-analysis-greater-accuracy-stability-and-operational,"LactoScope 500 Delivers Next-Level Dairy Analysis, for Greater Accuracy, Stability, and Operational",PerkinElmer Sites,,2026-08-02T19:59:00+00:00,fresh direct fetch,[]
https://www.perkinelmer.com/corporate-and-newsroom/pacbio-and-covaris-announce-joint-workflow-enabling-hifi-sequencing-ffpe-tumor-samples,OK,200,https://www.perkinelmer.com/corporate-and-newsroom/pacbio-and-covaris-announce-joint-workflow-enabling-hifi-sequencing-ffpe-tumor-samples,PacBio and Covaris Announce Joint Workflow Enabling HiFi Sequencing of FFPE Tumor Samples,PerkinElmer Sites,,2026-08-02T19:59:00+00:00,fresh direct fetch,[]
https://www.perkinelmer.com/corporate-and-newsroom/perkinelmer-and-covalent-announce-strategic-collaboration,OK,200,https://www.perkinelmer.com/corporate-and-newsroom/perkinelmer-and-covalent-announce-strategic-collaboration,PerkinElmer and Covalent Announce Strategic Collaboration to Advance Failure Analysis and Materials,PerkinElmer Sites,,2026-08-02T19:59:01+00:00,fresh direct fetch,[]
https://www.perkinelmer.com/corporate-and-newsroom/perkinelmer-and-shandong-university-school-public-health-sign-cooperation-project-mass-spectrometry,OK,200,https://www.perkinelmer.com/corporate-and-newsroom/perkinelmer-and-shandong-university-school-public-health-sign-cooperation-project-mass-spectrometry,PerkinElmer and Shandong University School of Public Health Sign Cooperation Project on Mass,PerkinElmer Sites,,2026-08-02T19:59:01+00:00,fresh direct fetch,[]
https://www.perkinelmer.com/corporate-and-newsroom/perkinelmer-ceo-michael-stubblefield-joins-us-china-business-council-board-directors,OK,200,https://www.perkinelmer.com/corporate-and-newsroom/perkinelmer-ceo-michael-stubblefield-joins-us-china-business-council-board-directors,PerkinElmer CEO Michael Stubblefield Joins US-China Business Council Board of Directors,PerkinElmer Sites,,2026-08-02T19:59:01+00:00,fresh direct fetch,[]
https://www.perkinelmer.com/corporate-and-newsroom/perkinelmer-partners-exxpedition-advance-ocean-science-and-more-sustainable-future,OK,200,https://www.perkinelmer.com/corporate-and-newsroom/perkinelmer-partners-exxpedition-advance-ocean-science-and-more-sustainable-future,PerkinElmer Partners with eXXpedition to Advance Ocean Science and a More Sustainable Future,PerkinElmer Partners with eXXpedition to Advance Ocean Science and a More Sustainable Future,,2026-08-02T19:59:01+00:00,fresh direct fetch,[]
https://www.perkinelmer.com/corporate-and-newsroom/perkinelmer-publishes-2025-sustainability-report-advancing-its-commitment-cleaner-science-and-more-sustainable-future,OK,200,https://www.perkinelmer.com/corporate-and-newsroom/perkinelmer-publishes-2025-sustainability-report-advancing-its-commitment-cleaner-science-and-more-sustainable-future,"PerkinElmer Publishes 2025 Sustainability Report, Advancing its Commitment to Cleaner Science and a",PerkinElmer Sites,,2026-08-02T19:59:01+00:00,fresh direct fetch,[]
https://www.perkinelmer.com/corporate-and-newsroom/project-farma-expands-pmis-offering-oracle-primavera-cloud,OK,200,https://www.perkinelmer.com/corporate-and-newsroom/project-farma-expands-pmis-offering-oracle-primavera-cloud,Project Farma Partners with Valkit.ai - Modernizing Digital Validation with AI,,,2026-08-02T19:45:04+00:00,fresh status plus retained title,"[{""file"": ""data/intelligence.json"", ""path"": """", ""label"": """"}, {""file"": ""data/intelligence.json"", ""path"": ""signals.179"", ""label"": ""PerkinElmer Project Farma expands PMIS offering with Oracle Primavera Cloud""}]"
https://www.perkinelmer.com/corporate-and-newsroom/project-farma-partners-valkitai,OK,200,https://www.perkinelmer.com/corporate-and-newsroom/project-farma-partners-valkitai,Project Farma Partners with Valkit.ai - Modernizing Digital Validation with AI,,,2026-08-02T19:45:06+00:00,fresh status plus retained title,"[{""file"": ""data/intelligence.json"", ""path"": """", ""label"": """"}, {""file"": ""data/intelligence.json"", ""path"": ""signals.187"", ""label"": ""PerkinElmer Project Farma partners with Valkit.ai on AI-powered validation""}]"
https://www.perkinelmer.com/corporate-and-newsroom/strategic-partnership-between-covaris-and-hamilton-empowers-labs-with-sonication-star,OK,200,https://www.perkinelmer.com/corporate-and-newsroom/strategic-partnership-between-covaris-and-hamilton-empowers-labs-with-sonication-star,Strategic Partnership between Covaris and Hamilton Empowers Labs with Sonication STAR,,,2026-08-02T19:45:06+00:00,fresh status plus retained title,"[{""file"": ""data/intelligence.json"", ""path"": """", ""label"": """"}, {""file"": ""data/intelligence.json"", ""path"": ""signals.249"", ""label"": ""PerkinElmer Covaris and Hamilton partner on automated FFPE nucleic-acid extraction""}, {""file"": ""data/intelligence.json"", ""path"": ""recommendations.2"", ""label"": ""Decide whether Next Gen LC needs an oligonucleotide method-readiness package""}, {""file"": ""data/intelligence.json"", ""path"": ""recommendations.2.evidenceBasis"", ""label"": """"}, {""file"": ""data/intelligence.json"", ""path"": ""recommendations.2.evidenceBasis.links.2"", ""label"": ""PerkinElmer, Covaris, and Hamilton nucleic-acid automation""}]"
https://www.perkinelmer.com/in/library/abr-determination-of-antimony-speciation-in-soil-using-hplc-icp-ms.html,OK,200,https://www.perkinelmer.com/in/library/abr-determination-of-antimony-speciation-in-soil-using-hplc-icp-ms.html,Determination of Antimony Speciation in Soil Using HPLC-ICP-MS | PerkinElmer,Determination of Antimony Speciation in Soil Using HPLC-ICP-MS,,2026-08-02T19:59:01+00:00,fresh direct fetch,[]
https://www.perkinelmer.com/in/library/alt-driving-lab-efficiency-performance-lc-ms-ms.html,OK,200,https://www.perkinelmer.com/in/library/alt-driving-lab-efficiency-performance-lc-ms-ms.html,Driving Lab Efficiency and Performance Acceleration with LC/MS/MS | PerkinElmer,Driving Lab Efficiency and Performance Acceleration with LC/MS/MS,,2026-08-02T19:59:01+00:00,fresh direct fetch,[]
https://www.perkinelmer.com/in/library/app-automated-vet-drugs-analysis-in-chicken-by-spme-uhplc-ms-ms.html,OK,200,https://www.perkinelmer.com/in/library/app-automated-vet-drugs-analysis-in-chicken-by-spme-uhplc-ms-ms.html,Automated High Throughput Method for Analysis of Veterinary Drugs in Chicken by SPME-UHPLC/MS/MS,Automated High Throughput Method for Analysis of Veterinary Drugs in Chicken by SPME-UHPLC/MS/MS,,2026-08-02T19:59:01+00:00,fresh direct fetch,[]
https://www.perkinelmer.com/in/library/app-determination-of-sulfonamides-in-milk-by-uplc-ms-ms.html,OK,200,https://www.perkinelmer.com/in/library/app-determination-of-sulfonamides-in-milk-by-uplc-ms-ms.html,Determination of Sulfonamides in milk by Ultra-Performance Liquid Chromatography coupled with Tandem,Determination of Sulfonamides in milk by Ultra-Performance Liquid Chromatography coupled with Tandem Mass Spectrometry (QSight™),,2026-08-02T19:59:01+00:00,fresh direct fetch,[]
https://www.perkinelmer.com/in/library/app-fast-reliable-honey-authenticity-testing-for-3-methoxytyramine-analysis-on-the-qsight-500-lc-msms.html,OK,200,https://www.perkinelmer.com/in/library/app-fast-reliable-honey-authenticity-testing-for-3-methoxytyramine-analysis-on-the-qsight-500-lc-msms.html,"Fast, Reliable Honey Authenticity Testing for 3-Methoxytyramine Analysis on the QSight 500 LC-MS/MS","Fast, Reliable Honey Authenticity Testing for 3-Methoxytyramine Analysis on the QSight 500 LC-MS/MS",,2026-08-02T19:59:01+00:00,fresh direct fetch,[]
https://www.perkinelmer.com/in/library/app-reliable-and-robus-lc-msms-workflow-for-fosetyl-ai-and-metabolites-in-fruit-matrices.html,OK,200,https://www.perkinelmer.com/in/library/app-reliable-and-robus-lc-msms-workflow-for-fosetyl-ai-and-metabolites-in-fruit-matrices.html,Reliable and Robust LC-MS/MS Workflow for Fosetyl-Al and Metabolites in Fruit Matrices,Reliable and Robust LC-MS/MS Workflow for Fosetyl-Al and Metabolites in Fruit Matrices,,2026-08-02T19:59:01+00:00,fresh direct fetch,[]
https://www.perkinelmer.com/in/library/atl-lc-ms-ms-basics-how-it-works-design-enhancements-key-applications.html,OK,200,https://www.perkinelmer.com/in/library/atl-lc-ms-ms-basics-how-it-works-design-enhancements-key-applications.html,"LC/MS/MS Basics: How It Works, Design Enhancements, and Key Applications | PerkinElmer","LC/MS/MS Basics: How It Works, Design Enhancements, and Key Applications",,2026-08-02T19:59:01+00:00,fresh direct fetch,[]
https://www.perkinelmer.com/in/library/bro-enhancing-food-testing-productivity-lc-ms-ms.html,OK,200,https://www.perkinelmer.com/in/library/bro-enhancing-food-testing-productivity-lc-ms-ms.html,Enhancing Food Testing Productivity with LC/MS/MS | PerkinElmer,Enhancing Food Testing Productivity with LC/MS/MS,,2026-08-02T19:59:01+00:00,fresh direct fetch,[]
https://www.perkinelmer.com/in/library/bro-lc-300-hplc-uhplc-systems-interactive-brochure.html,OK,200,https://www.perkinelmer.com/in/library/bro-lc-300-hplc-uhplc-systems-interactive-brochure.html,LC 300 HPLC and UHPLC Systems Interactive Brochure | PerkinElmer,LC 300 HPLC and UHPLC Systems Interactive Brochure,,2026-08-02T19:59:01+00:00,fresh direct fetch,[]
https://www.perkinelmer.com/in/library/bro-nexsar-hplc-icp-ms-speciation-solution.html,OK,200,https://www.perkinelmer.com/in/library/bro-nexsar-hplc-icp-ms-speciation-solution.html,NexSAR HPLC-ICP-MS Speciation Solution,NexSAR HPLC-ICP-MS Speciation Solution,,2026-08-02T19:59:01+00:00,fresh direct fetch,[]
https://www.perkinelmer.com/in/library/bro-productivity-power-two-qsight-lc-ms-ms-system.html,OK,200,https://www.perkinelmer.com/in/library/bro-productivity-power-two-qsight-lc-ms-ms-system.html,Productivity to the Power of Two - QSight LC/MS/MS System Brochure | PerkinElmer,Productivity to the Power of Two - QSight LC/MS/MS System Brochure,,2026-08-02T19:59:01+00:00,fresh direct fetch,[]
https://www.perkinelmer.com/in/library/cus-how-tera-environnement-is-shaping-the-future-of-pfas-air-monitoring-with-the-qsight-lcmsms.html,OK,200,https://www.perkinelmer.com/in/library/cus-how-tera-environnement-is-shaping-the-future-of-pfas-air-monitoring-with-the-qsight-lcmsms.html,How TERA Environnement is Shaping the Future of PFAS Air Monitoring with the QSight LC/MS/MS,How TERA Environnement is Shaping the Future of PFAS Air Monitoring with the QSight LC/MS/MS,,2026-08-02T19:59:01+00:00,fresh direct fetch,[]
https://www.perkinelmer.com/in/library/fly-perkinelmer-pfas-qsight-lc-ms-quantitative-workflow.html,OK,200,https://www.perkinelmer.com/in/library/fly-perkinelmer-pfas-qsight-lc-ms-quantitative-workflow.html,PerkinElmer PFAS QSight LC/MS Quantitative Workflow,PerkinElmer PFAS QSight LC/MS Quantitative Workflow,,2026-08-02T19:59:01+00:00,fresh direct fetch,[]
https://www.perkinelmer.com/in/library/gde-hplc-guide-choosing-right-detector.html,OK,200,https://www.perkinelmer.com/in/library/gde-hplc-guide-choosing-right-detector.html,How to Guide for HPLC: Choosing the Right Detector | PerkinElmer,How to Guide for HPLC: Choosing the Right Detector,,2026-08-02T19:59:01+00:00,fresh direct fetch,[]
https://www.perkinelmer.com/lab-products-and-services/resources/chromatography-data-systems.html,OK,200,https://www.perkinelmer.com/lab-products-and-services/resources/chromatography-data-systems.html,Chromatography Data Systems | PerkinElmer,,,2026-08-02T19:45:11+00:00,fresh status plus retained title,"[{""file"": ""data/historical_product_catalog.json"", ""path"": """", ""label"": """"}, {""file"": ""data/historical_product_catalog.json"", ""path"": ""products.94"", ""label"": ""Series 200 HPLC""}]"
https://www.perkinelmer.com/library/app-determination-of-ochratoxin-a-in-wine-by-lc-ms.html,OK,200,https://www.perkinelmer.com/library/app-determination-of-ochratoxin-a-in-wine-by-lc-ms.html,Simple and Sensitive Method for Determination of Ochratoxin A in Wine by LC/ MS Using QSight,Simple and Sensitive Method for Determination of Ochratoxin A in Wine by LC/ MS Using QSight Technology,,2026-08-02T19:59:01+00:00,fresh direct fetch,[]
https://www.perkinelmer.com/library/app-hplc-acrylate-monomers-final.html,OK,200,https://www.perkinelmer.com/library/app-hplc-acrylate-monomers-final.html,HPLC: Analysis of Acrylate Monomers | PerkinElmer,HPLC: Analysis of Acrylate Monomers,,2026-08-02T19:59:01+00:00,fresh direct fetch,[]
https://www.perkinelmer.com/library/app-hplc-analysis-of-ibuprofen-purity-using-lc-300-in-accordance-with-usp.html,OK,200,https://www.perkinelmer.com/library/app-hplc-analysis-of-ibuprofen-purity-using-lc-300-in-accordance-with-usp.html,HPLC Analysis of Ibuprofen Purity Using LC 300 in Accordance with USP | PerkinElmer,HPLC Analysis of Ibuprofen Purity Using LC 300 in Accordance with USP,,2026-08-02T19:59:01+00:00,fresh direct fetch,[]
https://www.perkinelmer.com/library/app-hplc-analysis-of-mrna-with-pda-detection.html,OK,200,https://www.perkinelmer.com/library/app-hplc-analysis-of-mrna-with-pda-detection.html,HPLC: Analysis of mRNA with PDA Detection | PerkinElmer,HPLC: Analysis of mRNA with PDA Detection,,2026-08-02T19:59:01+00:00,fresh direct fetch,[]
https://www.perkinelmer.com/library/app-hplc-deternination-of-urea-content-in-urea-based-fertilizers.html,OK,200,https://www.perkinelmer.com/library/app-hplc-deternination-of-urea-content-in-urea-based-fertilizers.html,HPLC: Determination of Urea Content in Urea- Based Fertilizers in Accordance with AOAC Official,HPLC: Determination of Urea Content in Urea- Based Fertilizers in Accordance with AOAC Official Method 2003.14,,2026-08-02T19:59:01+00:00,fresh direct fetch,[]
https://www.perkinelmer.com/library/app-hplc-phenolitic-antioxidants-in-editblefats-and-oils.html,OK,200,https://www.perkinelmer.com/library/app-hplc-phenolitic-antioxidants-in-editblefats-and-oils.html,HPLC Analysis of Phenolic Antioxidants in Edible Fats and Oils supporting Food Quality Control and,HPLC Analysis of Phenolic Antioxidants in Edible Fats and Oils supporting Food Quality Control and Label Transparency,,2026-08-02T19:59:02+00:00,fresh direct fetch,[]
https://www.perkinelmer.com/library/app-hplc-rapid-quantitation-of-vitamins.html,OK,200,https://www.perkinelmer.com/library/app-hplc-rapid-quantitation-of-vitamins.html,HPLC: Rapid Quantitation of Vitamins in Biological Fluids using HPLC and IVD-CE Certified Kits,HPLC: Rapid Quantitation of Vitamins in Biological Fluids using HPLC and IVD-CE Certified Kits,,2026-08-02T19:59:02+00:00,fresh direct fetch,[]
https://www.perkinelmer.com/library/app-lc-ms-ms-nitrosamines-in-tobacco-products.html,OK,200,https://www.perkinelmer.com/library/app-lc-ms-ms-nitrosamines-in-tobacco-products.html,LC/MS/MS: Determination of Nitrosamines in Tobacco Products | PerkinElmer,LC/MS/MS: Determination of Nitrosamines in Tobacco Products,,2026-08-02T19:59:02+00:00,fresh direct fetch,[]
https://www.perkinelmer.com/library/app-lc-ms-ms-pfas-analysis-aqueous-samples-by-epa-method-1633.html,OK,200,https://www.perkinelmer.com/library/app-lc-ms-ms-pfas-analysis-aqueous-samples-by-epa-method-1633.html,LC/MS/MS: Analysis of Perfluoroalkyl and Polyfluoroalkyl Substances in Aqueous Samples by EPA Method,LC/MS/MS: Analysis of Perfluoroalkyl and Polyfluoroalkyl Substances in Aqueous Samples by EPA Method 1633,,2026-08-02T19:59:02+00:00,fresh direct fetch,[]
https://www.perkinelmer.com/library/app-lc-ms-pesticides-application-notes-compendium.html,OK,200,https://www.perkinelmer.com/library/app-lc-ms-pesticides-application-notes-compendium.html,Application Compendium - Analytical Solutions for Pesticides Analysis | PerkinElmer,Application Compendium - Analytical Solutions for Pesticides Analysis,,2026-08-02T19:59:02+00:00,fresh direct fetch,[]
https://www.perkinelmer.com/library/app-nexsar-hplc-icp-ms-hg-speciation-in-fish.html,OK,200,https://www.perkinelmer.com/library/app-nexsar-hplc-icp-ms-hg-speciation-in-fish.html,Determination of Methyl and Inorganic Mercury in Fish with the NexSAR HPLC-ICP-MS Speciation,Determination of Methyl and Inorganic Mercury in Fish with the NexSAR HPLC-ICP-MS Speciation Solution,,2026-08-02T19:59:02+00:00,fresh direct fetch,[]
https://www.perkinelmer.com/library/bro-qsight-500-lc-ms-ms.html,OK,200,https://www.perkinelmer.com/library/bro-qsight-500-lc-ms-ms.html,QSight 500 LC/MS/MS System Brochure,QSight 500 LC/MS/MS System,,2026-08-02T19:59:02+00:00,fresh direct fetch,[]
https://www.perkinelmer.com/library/pp-lc-ms-ms-improved-throughput-and-flexibility-for-compliant-drinking-water.html,OK,200,https://www.perkinelmer.com/library/pp-lc-ms-ms-improved-throughput-and-flexibility-for-compliant-drinking-water.html,LC/MS/MS: Improved Throughput and Flexibility for Compliant Drinking Water Analysis with Dual Source,LC/MS/MS: Improved Throughput and Flexibility for Compliant Drinking Water Analysis with Dual Source Capability,,2026-08-02T19:59:02+00:00,fresh direct fetch,[]
https://www.perkinelmer.com/library/qsight-500-lc-msms-system-video.html,OK,200,https://www.perkinelmer.com/library/qsight-500-lc-msms-system-video.html,QSight 500 LC/MS/MS System | PerkinElmer,QSight 500 LC/MS/MS System,,2026-08-02T19:59:02+00:00,fresh direct fetch,[]
https://www.perkinelmer.com/library/spc-qsight-500-lc-ms-ms.html,OK,200,https://www.perkinelmer.com/library/spc-qsight-500-lc-ms-ms.html,QSight 500 LC/MS/MS,QSight 500 LC/MS/MS,,2026-08-02T19:59:02+00:00,fresh direct fetch,[]
https://www.perkinelmer.com/perkinelmer-launches-qsightr-500-lcmsms-pittcon-2025-empowering-labs-speed-accuracy-and-unmatched,OK,200,https://www.perkinelmer.com/perkinelmer-launches-qsightr-500-lcmsms-pittcon-2025-empowering-labs-speed-accuracy-and-unmatched,PerkinElmer Launches the QSight® 500 LC/MS/MS at Pittcon 2025,,,2026-08-02T19:45:17+00:00,fresh status plus retained title,"[{""file"": ""data/historical_product_catalog.json"", ""path"": """", ""label"": """"}, {""file"": ""data/historical_product_catalog.json"", ""path"": ""products.104"", ""label"": ""QSight 500 LC-MS/MS""}]"
https://www.perkinelmer.com/sg/library/abr-determination-of-organotin-in-tap-water-by-hplc-icp-ms.html,OK,200,https://www.perkinelmer.com/sg/library/abr-determination-of-organotin-in-tap-water-by-hplc-icp-ms.html,Determination of Organotin in Tap Water by HPLC-ICP-MS in Accordance with Chinese Method HJ,Determination of Organotin in Tap Water by HPLC-ICP-MS in Accordance with Chinese Method HJ 1074-2019,,2026-08-02T19:59:02+00:00,fresh direct fetch,[]
https://www.perkinelmer.com/sg/library/abr-hplc-analysis-of-betamethasone-dipropionate.html,OK,200,https://www.perkinelmer.com/sg/library/abr-hplc-analysis-of-betamethasone-dipropionate.html,HPLC Analysis of Betamethasone Dipropionate Using LC 300 in Accordance with the USP,HPLC Analysis of Betamethasone Dipropionate Using LC 300 in Accordance with the USP,,2026-08-02T19:59:02+00:00,fresh direct fetch,[]
https://www.perkinelmer.com/sg/library/abr-hplc-analysis-of-finasteride-using-lc-300-in-accordance-with-the-usp.html,OK,200,https://www.perkinelmer.com/sg/library/abr-hplc-analysis-of-finasteride-using-lc-300-in-accordance-with-the-usp.html,HPLC Analysis of Finasteride Using LC 300 in Accordance with the USP,HPLC Analysis of Finasteride Using LC 300 in Accordance with the USP,,2026-08-02T19:59:02+00:00,fresh direct fetch,[]
https://www.perkinelmer.com/sg/library/abr-hplc-analysis-of-lamotrigine-using-lc300-in-accordance-with-usp.html,OK,200,https://www.perkinelmer.com/sg/library/abr-hplc-analysis-of-lamotrigine-using-lc300-in-accordance-with-usp.html,HPLC Analysis of Lamotrigine Using LC 300 in Accordance With USP,HPLC Analysis of Lamotrigine Using LC 300 in Accordance With USP,,2026-08-02T19:59:02+00:00,fresh direct fetch,[]
https://www.perkinelmer.com/sg/library/abr-hplc-analysis-of-levetiracetam-using-lc-300-in-accordance-with-usp.html,OK,200,https://www.perkinelmer.com/sg/library/abr-hplc-analysis-of-levetiracetam-using-lc-300-in-accordance-with-usp.html,HPLC Analysis of Levetiracetam Using LC 300 in Accordance With USP,HPLC Analysis of Levetiracetam Using LC 300 in Accordance With USP,,2026-08-02T19:59:02+00:00,fresh direct fetch,[]
https://www.perkinelmer.com/sg/library/abr-hplc-analysis-of-meloxicam.html,OK,200,https://www.perkinelmer.com/sg/library/abr-hplc-analysis-of-meloxicam.html,HPLC Analysis of Meloxicam,HPLC Analysis of Meloxicam,,2026-08-02T19:59:02+00:00,fresh direct fetch,[]
https://www.perkinelmer.com/sg/library/abr-hplc-analysis-of-omeprazole-using-lc-300-in-accordance-with-usp.html,OK,200,https://www.perkinelmer.com/sg/library/abr-hplc-analysis-of-omeprazole-using-lc-300-in-accordance-with-usp.html,HPLC Analysis of Omeprazole Using LC 300 in Accordance with USP,HPLC Analysis of Omeprazole Using LC 300 in Accordance with USP,,2026-08-02T19:59:02+00:00,fresh direct fetch,[]
https://www.perkinelmer.com/sg/library/abr-hplc-analysis-of-pregabalin-using-lc-300-in-accordance-with-usp.html,OK,200,https://www.perkinelmer.com/sg/library/abr-hplc-analysis-of-pregabalin-using-lc-300-in-accordance-with-usp.html,HPLC Analysis of Pregabalin Using LC 300 in Accordance With USP,HPLC Analysis of Pregabalin Using LC 300 in Accordance With USP,,2026-08-02T19:59:02+00:00,fresh direct fetch,[]
https://www.perkinelmer.com/sg/library/abr-hplc-analysis-of-vitamin-c-using-quasar-biphenyl-column.html,OK,200,https://www.perkinelmer.com/sg/library/abr-hplc-analysis-of-vitamin-c-using-quasar-biphenyl-column.html,HPLC Analysis of Vitamin C Using Quasar Biphenyl Column,HPLC Analysis of Vitamin C Using Quasar Biphenyl Column,,2026-08-02T19:59:02+00:00,fresh direct fetch,[]
https://www.perkinelmer.com/sg/library/abr-hplc-assay-of-risperidone-impurities-using-lc-300-in-accordance-with-usp.html,OK,200,https://www.perkinelmer.com/sg/library/abr-hplc-assay-of-risperidone-impurities-using-lc-300-in-accordance-with-usp.html,HPLC Assay of Risperidone Impurities Using LC 300 in Accordance With USP,HPLC Assay of Risperidone Impurities Using LC 300 in Accordance With USP,,2026-08-02T19:59:03+00:00,fresh direct fetch,[]
https://www.perkinelmer.com/sg/library/abr-hplc-assay-of-risperidone-using-lc-300-in-accordance-with-usp.html,OK,200,https://www.perkinelmer.com/sg/library/abr-hplc-assay-of-risperidone-using-lc-300-in-accordance-with-usp.html,HPLC Assay of Risperidone Using LC 300 in Accordance With USP,HPLC Assay of Risperidone Using LC 300 in Accordance With USP,,2026-08-02T19:59:03+00:00,fresh direct fetch,[]
https://www.perkinelmer.com/sg/library/abr-optimizing-the-separation-of-fourtocopherols-and-fourtocotrienols-via-rp-hplc.html,OK,200,https://www.perkinelmer.com/sg/library/abr-optimizing-the-separation-of-fourtocopherols-and-fourtocotrienols-via-rp-hplc.html,Optimizing the Separation of Four Tocopherols and Four Tocotrienols via RP-HPLC,Optimizing the Separation of Four Tocopherols and Four Tocotrienols via RP-HPLC,,2026-08-02T19:59:03+00:00,fresh direct fetch,[]
https://www.perkinelmer.com/sg/library/abr-warfarin-analysis-using-a-quasar-aq-uhplc-column.html,OK,200,https://www.perkinelmer.com/sg/library/abr-warfarin-analysis-using-a-quasar-aq-uhplc-column.html,Warfarin Analysis Using a Quasar AQ UHPLC Column,Warfarin Analysis Using a Quasar AQ UHPLC Column,,2026-08-02T19:59:04+00:00,fresh direct fetch,[]
https://www.perkinelmer.com/sg/library/app-ferulic-acid-analysis-in-angelica-sinensis-radix-by-hplc.html,OK,200,https://www.perkinelmer.com/sg/library/app-ferulic-acid-analysis-in-angelica-sinensis-radix-by-hplc.html,Ferulic Acid Analysis in Angelica Sinensis Radix by HPLC,Ferulic Acid Analysis in Angelica Sinensis Radix by HPLC,,2026-08-02T19:59:04+00:00,fresh direct fetch,[]
https://www.perkinelmer.com/sg/library/app-hplc-analysis-of-oleanolic-acid-and-ursonic-acid-in-eriobotrya-japonica-leaf.html,OK,200,https://www.perkinelmer.com/sg/library/app-hplc-analysis-of-oleanolic-acid-and-ursonic-acid-in-eriobotrya-japonica-leaf.html,HPLC Analysis of Oleanolic Acid and Ursonic Acid in Eriobotrya Japonica Leaf,HPLC Analysis of Oleanolic Acid and Ursonic Acid in Eriobotrya Japonica Leaf,,2026-08-02T19:59:04+00:00,fresh direct fetch,[]
https://www.perkinelmer.com/sg/library/best-practices-for-hplc-to-uhplc-method-transfer.html,OK,200,https://www.perkinelmer.com/sg/library/best-practices-for-hplc-to-uhplc-method-transfer.html,Best Practices for HPLC to UHPLC Method Transfer | PerkinElmer,Best Practices for HPLC to UHPLC Method Transfer,,2026-08-02T19:59:04+00:00,fresh direct fetch,[]
https://www.perkinelmer.com/sg/library/case-study-in-uhplc-method-transfer.html,OK,200,https://www.perkinelmer.com/sg/library/case-study-in-uhplc-method-transfer.html,Case Study in UHPLC Method Transfer | PerkinElmer,Case Study in UHPLC Method Transfer,,2026-08-02T19:59:04+00:00,fresh direct fetch,[]
https://www.perkinelmer.com/sg/library/chromatography-simplified-liquid-chromatography-basics.html,OK,200,https://www.perkinelmer.com/sg/library/chromatography-simplified-liquid-chromatography-basics.html,Chromatography Simplified – Liquid Chromatography Basics | PerkinElmer,Chromatography Simplified – Liquid Chromatography Basics,,2026-08-02T19:59:04+00:00,fresh direct fetch,[]
https://www.perkinelmer.com/sg/library/gde-basics-hplc-uhplc-lc-columns-training.html,OK,200,https://www.perkinelmer.com/sg/library/gde-basics-hplc-uhplc-lc-columns-training.html,The Basics of HPLC/UHPLC and LC Columns Training Guide,The Basics of HPLC/UHPLC and LC Columns Training Guide,,2026-08-02T19:59:04+00:00,fresh direct fetch,[]
https://www.perkinelmer.com/sg/library/gde-selecting-hplc-columns-going-under-the-hood.html,OK,200,https://www.perkinelmer.com/sg/library/gde-selecting-hplc-columns-going-under-the-hood.html,Selecting HPLC Columns: Going Under the Hood,Selecting HPLC Columns: Going Under the Hood,,2026-08-02T19:59:04+00:00,fresh direct fetch,[]
https://www.perkinelmer.com/sg/library/monitoring-pharmaceuticals-and-personal-care-products-in-drinking-water-by-lc-ms-ms.html,OK,200,https://www.perkinelmer.com/sg/library/monitoring-pharmaceuticals-and-personal-care-products-in-drinking-water-by-lc-ms-ms.html,What’s in Your Water? Monitoring Pharmaceuticals and Personal Care Products in Drinking Water by,What’s in Your Water? Monitoring Pharmaceuticals and Personal Care Products in Drinking Water by LC-MS/MS,,2026-08-02T19:59:04+00:00,fresh direct fetch,[]
https://www.perkinelmer.com/sg/library/navigating-the-labyrinth-of-lc-ms-ms-contamination.html,OK,200,https://www.perkinelmer.com/sg/library/navigating-the-labyrinth-of-lc-ms-ms-contamination.html,Navigating the Labyrinth of LC/MS/MS Contamination,Navigating the Labyrinth of LC/MS/MS Contamination,,2026-08-02T19:59:04+00:00,fresh direct fetch,[]
https://www.perkinelmer.com/sg/library/pst-aflatoxins-food-matrices-fluorescence-hplc-analysis.html,OK,200,https://www.perkinelmer.com/sg/library/pst-aflatoxins-food-matrices-fluorescence-hplc-analysis.html,"Analysis of Sugars in Soft Drinks by HILIC with RI Detection, Using Epic Amino HD column and Ethanol",Determination of Aflatoxins in Various Food Matrices by Fluorescence HPLC Analysis,,2026-08-02T19:59:04+00:00,fresh direct fetch,[]
https://www.perkinelmer.com/sg/library/wht-fast-and-efficient-hplc-separations-with-superficially-porous-particles.html,OK,200,https://www.perkinelmer.com/sg/library/wht-fast-and-efficient-hplc-separations-with-superficially-porous-particles.html,Advantages and Applications of Superficially Porous Particle Columns in Liquid Chromatography,Advantages and Applications of Superficially Porous Particle Columns in Liquid Chromatography,,2026-08-02T19:59:04+00:00,fresh direct fetch,[]
https://www.perkinelmer.com/sg/library/wht-uhplc-instrumentation-and-method-transfer-guidelines.html,OK,200,https://www.perkinelmer.com/sg/library/wht-uhplc-instrumentation-and-method-transfer-guidelines.html,UHPLC Instrument and Method Transfer Guidelines Whitepaper,UHPLC Instrument and Method Transfer Guidelines Whitepaper,,2026-08-02T19:59:04+00:00,fresh direct fetch,[]
https://www.pharmaceuticalonline.com/,Broken,200,https://www.pharmaceuticalonline.com/,Pharmaceutical Manufacturing Resource,,HTTP response contains an access-control or bot-challenge page,2026-08-02T19:45:28+00:00,fresh data/link_health.json,"[{""file"": ""data/journal_sources.json"", ""path"": """", ""label"": """"}, {""file"": ""data/journal_sources.json"", ""path"": ""sources.5"", ""label"": ""Pharmaceutical Online""}]"
https://www.pharmaceuticalonline.com/doc/amneal-s-planned-sterile-facility-creates-opportunity-for-aseptic-filling-isolator-and-automation-suppliers-0001,Broken,200,https://www.pharmaceuticalonline.com/doc/amneal-s-planned-sterile-facility-creates-opportunity-for-aseptic-filling-isolator-and-automation-suppliers-0001,,,HTTP response contains an access-control or bot-challenge page,2026-08-02T19:45:28+00:00,fresh data/link_health.json,"[{""file"": ""data/journal_sources.json"", ""path"": ""Pharmaceutical Online.recentRecords.0"", ""label"": ""Amneal's Planned Sterile Facility Creates Opportunity For Aseptic Filling, Isolator, And Automation Suppliers""}]"
https://www.rafa2024.eu/book_of_abstracts.html,OK,200,https://www.rafa2024.eu/book_of_abstracts.html,RAFA 2024,Book of Abstracts,,2026-08-02T19:59:04+00:00,fresh direct fetch,[]
https://www.rafa2024.eu/poster_awards.html,OK,200,https://www.rafa2024.eu/poster_awards.html,RAFA 2024,RAFA 2024 Poster awards,,2026-08-02T19:59:04+00:00,fresh direct fetch,[]
https://www.rafa2024.eu/scientific_programme.html,OK,200,https://www.rafa2024.eu/scientific_programme.html,RAFA 2024,Scientific programme,,2026-08-02T19:59:04+00:00,fresh direct fetch,[]
https://www.rafa2026.eu/,OK,200,https://www.rafa2026.eu/,RAFA 2026,,,2026-08-02T19:45:29+00:00,fresh status plus retained title,"[{""file"": ""data/conference_sources.json"", ""path"": """", ""label"": """"}, {""file"": ""data/conference_sources.json"", ""path"": ""events.25"", ""label"": ""RAFA (Symposium on Recent Advances in Food Analysis)""}]"
https://www.rafa2026.eu/about_sponsors_exhibitors_partners.html,OK,200,https://www.rafa2026.eu/about_sponsors_exhibitors_partners.html,RAFA 2026,,,2026-08-02T19:59:04+00:00,fresh direct fetch,[]
https://www.rafa2026.eu/abstracts_submission.html,OK,200,https://www.rafa2026.eu/abstracts_submission.html,RAFA 2026,,,2026-08-02T19:59:04+00:00,fresh direct fetch,[]
https://www.rafa2026.eu/invited_speakers.html,OK,200,https://www.rafa2026.eu/invited_speakers.html,RAFA 2026,,,2026-08-02T19:59:04+00:00,fresh direct fetch,[]
https://www.rafa2026.eu/programme_at_a_glance.html,OK,200,https://www.rafa2026.eu/programme_at_a_glance.html,RAFA 2026,,,2026-08-02T19:59:04+00:00,fresh direct fetch,[]
https://www.rafa2026.eu/scientific_programme.html,OK,200,https://www.rafa2026.eu/scientific_programme.html,RAFA 2026,,,2026-08-02T19:59:04+00:00,fresh direct fetch,[]
https://www.rafa2026.eu/social_programme.html,OK,200,https://www.rafa2026.eu/social_programme.html,RAFA 2026,,,2026-08-02T19:59:04+00:00,fresh direct fetch,[]
https://www.rafa2026.eu/sponsors_exhibitors_media_partners_info.html,OK,200,https://www.rafa2026.eu/sponsors_exhibitors_media_partners_info.html,RAFA 2026,,,2026-08-02T19:59:04+00:00,fresh direct fetch,[]
https://www.reddit.com/dev/api/,Broken,200,https://www.reddit.com/dev/api/,,,HTTP response contains an access-control or bot-challenge page,2026-08-02T19:45:30+00:00,fresh data/link_health.json,"[{""file"": ""data/customer_voice.json"", ""path"": """", ""label"": """"}, {""file"": ""data/customer_voice.json"", ""path"": ""sources.5"", ""label"": ""Reddit official OAuth API""}]"
https://www.reddit.com/r/CHROMATOGRAPHY/comments/14w7fxn/lcms_help_sciex_6500/,Broken,200,https://www.reddit.com/r/CHROMATOGRAPHY/comments/14w7fxn/lcms_help_sciex_6500/,Reddit - Please wait for verification,,login/access or redirect wall,2026-08-02T19:45:31+00:00,fresh status plus retained title,"[{""file"": ""data/customer_voice.json"", ""path"": """", ""label"": """"}, {""file"": ""data/customer_voice.json"", ""path"": ""feedback.12"", ""label"": ""ExionLC""}, {""file"": ""data/customer_voice.json"", ""path"": ""feedback.12.evidenceRecords.1"", ""label"": ""Reddit discussion: LC/MS help for SCIEX 6500""}, {""file"": ""data/customer_voice_validation_cache.json"", ""path"": """", ""label"": """"}, {""file"": ""data/customer_voice_validation_cache.json"", ""path"": ""sources.19"", ""label"": """"}]"
https://www.reddit.com/r/CHROMATOGRAPHY/comments/17v4dij/shimadzu_nexera_xs_inert_vs_agilent_1290_bio/,Broken,200,https://www.reddit.com/r/CHROMATOGRAPHY/comments/17v4dij/shimadzu_nexera_xs_inert_vs_agilent_1290_bio/,Reddit - Please wait for verification,,login/access or redirect wall,2026-08-02T19:45:31+00:00,fresh status plus retained title,"[{""file"": ""data/customer_voice.json"", ""path"": """", ""label"": """"}, {""file"": ""data/customer_voice.json"", ""path"": ""feedback.10"", ""label"": ""Nexera / Prominence""}, {""file"": ""data/customer_voice.json"", ""path"": ""feedback.10.evidenceRecords.1"", ""label"": ""Reddit discussion: Shimadzu Nexera XS inert versus Agilent 1290 Bio""}, {""file"": ""data/customer_voice_validation_cache.json"", ""path"": """", ""label"": """"}, {""file"": ""data/customer_voice_validation_cache.json"", ""path"": ""sources.16"", ""label"": """"}]"
https://www.reddit.com/r/CHROMATOGRAPHY/comments/1cdniok/agilent_1260_repair_pm/,Broken,200,https://www.reddit.com/r/CHROMATOGRAPHY/comments/1cdniok/agilent_1260_repair_pm/,Reddit - Please wait for verification,,login/access or redirect wall,2026-08-02T19:45:31+00:00,fresh status plus retained title,"[{""file"": ""data/customer_voice.json"", ""path"": """", ""label"": """"}, {""file"": ""data/customer_voice.json"", ""path"": ""feedback.7"", ""label"": ""InfinityLab LC + OpenLab workflows""}, {""file"": ""data/customer_voice.json"", ""path"": ""feedback.7.evidenceRecords.1"", ""label"": ""Reddit discussion: Agilent 1260 repair""}, {""file"": ""data/customer_voice_validation_cache.json"", ""path"": """", ""label"": """"}, {""file"": ""data/customer_voice_validation_cache.json"", ""path"": ""sources.14"", ""label"": """"}]"
https://www.reddit.com/r/CHROMATOGRAPHY/comments/1e3y2sy/getting_started_with_empower_3/,Broken,200,https://www.reddit.com/r/CHROMATOGRAPHY/comments/1e3y2sy/getting_started_with_empower_3/,Reddit - Please wait for verification,,login/access or redirect wall,2026-08-02T19:45:31+00:00,fresh status plus retained title,"[{""file"": ""data/customer_voice.json"", ""path"": """", ""label"": """"}, {""file"": ""data/customer_voice.json"", ""path"": ""feedback.2"", ""label"": ""Empower / Breeze-connected LC workflows""}, {""file"": ""data/customer_voice.json"", ""path"": ""feedback.2.evidenceRecords.0"", ""label"": ""Reddit discussion: Getting started with Empower 3""}, {""file"": ""data/customer_voice_validation_cache.json"", ""path"": """", ""label"": """"}, {""file"": ""data/customer_voice_validation_cache.json"", ""path"": ""sources.4"", ""label"": """"}]"
https://www.reddit.com/r/CHROMATOGRAPHY/comments/1f4airi/which_hplcmsms/,Broken,200,https://www.reddit.com/r/CHROMATOGRAPHY/comments/1f4airi/which_hplcmsms/,Reddit - Please wait for verification,,login/access or redirect wall,2026-08-02T19:45:31+00:00,fresh status plus retained title,"[{""file"": ""data/customer_voice.json"", ""path"": """", ""label"": """"}, {""file"": ""data/customer_voice.json"", ""path"": ""feedback.12"", ""label"": ""ExionLC""}, {""file"": ""data/customer_voice.json"", ""path"": ""feedback.12.evidenceRecords.0"", ""label"": ""Reddit discussion: Which HPLC-MS/MS?""}, {""file"": ""data/customer_voice_validation_cache.json"", ""path"": """", ""label"": """"}, {""file"": ""data/customer_voice_validation_cache.json"", ""path"": ""sources.18"", ""label"": """"}]"
https://www.reddit.com/r/CHROMATOGRAPHY/comments/1h1i93y/waters_acquity_uplc_beh_17_um_21_x_100_mm_column/,Broken,200,https://www.reddit.com/r/CHROMATOGRAPHY/comments/1h1i93y/waters_acquity_uplc_beh_17_um_21_x_100_mm_column/,Reddit - Please wait for verification,,login/access or redirect wall,2026-08-02T19:45:31+00:00,fresh status plus retained title,"[{""file"": ""data/customer_voice.json"", ""path"": """", ""label"": """"}, {""file"": ""data/customer_voice.json"", ""path"": ""feedback.1"", ""label"": ""ACQUITY UPLC / LC modules""}, {""file"": ""data/customer_voice.json"", ""path"": ""feedback.1.evidenceRecords.0"", ""label"": ""Reddit discussion: Waters ACQUITY UPLC column or needle issues""}, {""file"": ""data/customer_voice_validation_cache.json"", ""path"": """", ""label"": """"}, {""file"": ""data/customer_voice_validation_cache.json"", ""path"": ""sources.3"", ""label"": """"}]"
https://www.reddit.com/r/CHROMATOGRAPHY/comments/1h6lnr0/agilent_1260_hplc_vs_thermo_vanquish_flex/,Broken,200,https://www.reddit.com/r/CHROMATOGRAPHY/comments/1h6lnr0/agilent_1260_hplc_vs_thermo_vanquish_flex/,Reddit - Please wait for verification,,login/access or redirect wall,2026-08-02T19:45:31+00:00,fresh status plus retained title,"[{""file"": ""data/customer_voice.json"", ""path"": """", ""label"": """"}, {""file"": ""data/customer_voice.json"", ""path"": ""feedback.6"", ""label"": ""InfinityLab 1260/1290""}, {""file"": ""data/customer_voice.json"", ""path"": ""feedback.6.evidenceRecords.1"", ""label"": ""Reddit discussion: Agilent 1260 HPLC versus Thermo Vanquish Flex""}, {""file"": ""data/customer_voice.json"", ""path"": ""feedback.8"", ""label"": ""Vanquish / UltiMate LC""}, {""file"": ""data/customer_voice.json"", ""path"": ""feedback.8.evidenceRecords.0"", ""label"": ""Reddit discussion: Agilent 1260 HPLC versus Thermo Vanquish Flex""}, {""file"": ""data/customer_voice.json"", ""path"": ""feedback.9"", ""label"": ""Vanquish / Chromeleon workflows""}, {""file"": ""data/customer_voice.json"", ""path"": ""feedback.9.evidenceRecords.1"", ""label"": ""Reddit discussion: Agilent 1260 HPLC versus Thermo Vanquish Flex""}, {""file"": ""data/customer_voice_validation_cache.json"", ""path"": """", ""label"": """"}, {""file"": ""data/customer_voice_validation_cache.json"", ""path"": ""sources.13"", ""label"": """"}]"
https://www.reddit.com/r/CHROMATOGRAPHY/comments/1i7ixun/lab_solutions_frustration/,Broken,200,https://www.reddit.com/r/CHROMATOGRAPHY/comments/1i7ixun/lab_solutions_frustration/,Reddit - Please wait for verification,,login/access or redirect wall,2026-08-02T19:45:31+00:00,fresh status plus retained title,"[{""file"": ""data/customer_voice.json"", ""path"": """", ""label"": """"}, {""file"": ""data/customer_voice.json"", ""path"": ""feedback.11"", ""label"": ""Nexera / LabSolutions workflows""}, {""file"": ""data/customer_voice.json"", ""path"": ""feedback.11.evidenceRecords.0"", ""label"": ""Reddit discussion: Lab Solutions frustration""}, {""file"": ""data/customer_voice_validation_cache.json"", ""path"": """", ""label"": """"}, {""file"": ""data/customer_voice_validation_cache.json"", ""path"": ""sources.17"", ""label"": """"}]"
https://www.reddit.com/r/CHROMATOGRAPHY/comments/1ion27e/is_getting_training_from_waters_worth_it/,Broken,200,https://www.reddit.com/r/CHROMATOGRAPHY/comments/1ion27e/is_getting_training_from_waters_worth_it/,Reddit - Prove your humanity,,login/access or redirect wall,2026-08-02T19:45:31+00:00,fresh status plus retained title,"[{""file"": ""data/customer_voice.json"", ""path"": """", ""label"": """"}, {""file"": ""data/customer_voice.json"", ""path"": ""feedback.2"", ""label"": ""Empower / Breeze-connected LC workflows""}, {""file"": ""data/customer_voice.json"", ""path"": ""feedback.2.evidenceRecords.1"", ""label"": ""Reddit discussion: Is Waters training worth it?""}, {""file"": ""data/customer_voice.json"", ""path"": ""feedback.13"", ""label"": ""LC / UHPLC systems""}, {""file"": ""data/customer_voice.json"", ""path"": ""feedback.13.evidenceRecords.1"", ""label"": ""Reddit discussion: Is Waters training worth it?""}, {""file"": ""data/customer_voice_validation_cache.json"", ""path"": """", ""label"": """"}, {""file"": ""data/customer_voice_validation_cache.json"", ""path"": ""sources.5"", ""label"": """"}]"
https://www.reddit.com/r/CHROMATOGRAPHY/comments/1onikdf/looking_for_a_hplc_machine/,Broken,200,https://www.reddit.com/r/CHROMATOGRAPHY/comments/1onikdf/looking_for_a_hplc_machine/,Reddit - Please wait for verification,,login/access or redirect wall,2026-08-02T19:45:32+00:00,fresh status plus retained title,"[{""file"": ""data/customer_voice.json"", ""path"": """", ""label"": """"}, {""file"": ""data/customer_voice.json"", ""path"": ""feedback.14"", ""label"": ""LC / UHPLC systems""}, {""file"": ""data/customer_voice.json"", ""path"": ""feedback.14.evidenceRecords.1"", ""label"": ""Reddit discussion: Looking for an HPLC machine""}, {""file"": ""data/customer_voice_validation_cache.json"", ""path"": """", ""label"": """"}, {""file"": ""data/customer_voice_validation_cache.json"", ""path"": ""sources.21"", ""label"": """"}]"
https://www.reddit.com/r/CHROMATOGRAPHY/comments/1peddhs/who_consistently_gives_the_best_highest_quality/,Broken,200,https://www.reddit.com/r/CHROMATOGRAPHY/comments/1peddhs/who_consistently_gives_the_best_highest_quality/,Reddit - Please wait for verification,,login/access or redirect wall,2026-08-02T19:45:32+00:00,fresh status plus retained title,"[{""file"": ""data/customer_voice.json"", ""path"": """", ""label"": """"}, {""file"": ""data/customer_voice.json"", ""path"": ""feedback.27"", ""label"": ""Multi-vendor chromatography service""}, {""file"": ""data/customer_voice.json"", ""path"": ""feedback.27.evidenceRecords.0"", ""label"": ""Reddit discussion: Best service and preventive maintenance""}, {""file"": ""data/customer_voice_validation_cache.json"", ""path"": """", ""label"": """"}, {""file"": ""data/customer_voice_validation_cache.json"", ""path"": ""sources.34"", ""label"": """"}]"
https://www.reddit.com/r/CHROMATOGRAPHY/comments/1q24noh/reccomendations_for_new_hplc_system_for_routine/,Broken,200,https://www.reddit.com/r/CHROMATOGRAPHY/comments/1q24noh/reccomendations_for_new_hplc_system_for_routine/,Reddit - Please wait for verification,,login/access or redirect wall,2026-08-02T19:45:32+00:00,fresh status plus retained title,"[{""file"": ""data/customer_voice.json"", ""path"": """", ""label"": """"}, {""file"": ""data/customer_voice.json"", ""path"": ""feedback.6"", ""label"": ""InfinityLab 1260/1290""}, {""file"": ""data/customer_voice.json"", ""path"": ""feedback.6.evidenceRecords.0"", ""label"": ""Reddit discussion: New HPLC system for routine work""}, {""file"": ""data/customer_voice.json"", ""path"": ""feedback.7"", ""label"": ""InfinityLab LC + OpenLab workflows""}, {""file"": ""data/customer_voice.json"", ""path"": ""feedback.7.evidenceRecords.0"", ""label"": ""Reddit discussion: New HPLC system for routine work""}, {""file"": ""data/customer_voice.json"", ""path"": ""feedback.9"", ""label"": ""Vanquish / Chromeleon workflows""}, {""file"": ""data/customer_voice.json"", ""path"": ""feedback.9.evidenceRecords.0"", ""label"": ""Reddit discussion: New HPLC system for routine work""}, {""file"": ""data/customer_voice.json"", ""path"": ""feedback.10"", ""label"": ""Nexera / Prominence""}, {""file"": ""data/customer_voice.json"", ""path"": ""feedback.10.evidenceRecords.0"", ""label"": ""Reddit discussion: New HPLC system for routine work""}, {""file"": ""data/customer_voice.json"", ""path"": ""feedback.11"", ""label"": ""Nexera / LabSolutions workflows""}, {""file"": ""data/customer_voice.json"", ""path"": ""feedback.11.evidenceRecords.1"", ""label"": ""Reddit discussion: New HPLC system for routine work""}, {""file"": ""data/customer_voice.json"", ""path"": ""feedback.13"", ""label"": ""LC / UHPLC systems""}, {""file"": ""data/customer_voice.json"", ""path"": ""feedback.13.evidenceRecords.0"", ""label"": ""Reddit discussion: New HPLC system for routine work""}, {""file"": ""data/customer_voice_validation_cache.json"", ""path"": """", ""label"": """"}, {""file"": ""data/customer_voice_validation_cache.json"", ""path"": ""sources.12"", ""label"": """"}]"
https://www.reddit.com/r/CHROMATOGRAPHY/comments/1sbtsdx/comparing_vendors_and_systems_thoughts/,Broken,200,https://www.reddit.com/r/CHROMATOGRAPHY/comments/1sbtsdx/comparing_vendors_and_systems_thoughts/,Reddit - Prove your humanity,,login/access or redirect wall,2026-08-02T19:45:32+00:00,fresh status plus retained title,"[{""file"": ""data/customer_voice.json"", ""path"": """", ""label"": """"}, {""file"": ""data/customer_voice.json"", ""path"": ""feedback.19"", ""label"": ""LC / UHPLC vendor experience""}, {""file"": ""data/customer_voice.json"", ""path"": ""feedback.19.evidenceRecords.0"", ""label"": ""Reddit discussion: Comparing vendors and systems""}, {""file"": ""data/customer_voice_validation_cache.json"", ""path"": """", ""label"": """"}, {""file"": ""data/customer_voice_validation_cache.json"", ""path"": ""sources.26"", ""label"": """"}]"
https://www.reddit.com/r/CHROMATOGRAPHY/comments/1somxpf/waters_acquity_arc_lcms_214_nm_uv_baseline/,Broken,200,https://www.reddit.com/r/CHROMATOGRAPHY/comments/1somxpf/waters_acquity_arc_lcms_214_nm_uv_baseline/,Reddit - Prove your humanity,,login/access or redirect wall,2026-08-02T19:45:32+00:00,fresh data/link_health.json,"[{""file"": ""data/customer_voice.json"", ""path"": """", ""label"": """"}, {""file"": ""data/customer_voice.json"", ""path"": ""feedback.4"", ""label"": ""Arc HPLC""}, {""file"": ""data/customer_voice.json"", ""path"": ""feedback.4.evidenceRecords.0"", ""label"": ""Reddit discussion: Waters ACQUITY Arc LCMS UV baseline oscillations""}, {""file"": ""data/customer_voice_validation_cache.json"", ""path"": """", ""label"": """"}, {""file"": ""data/customer_voice_validation_cache.json"", ""path"": ""sources.8"", ""label"": """"}]"
https://www.reddit.com/r/CHROMATOGRAPHY/comments/1tk17h8/how_to_solve_the_problem_of_compatibility_between/,Broken,200,https://www.reddit.com/r/CHROMATOGRAPHY/comments/1tk17h8/how_to_solve_the_problem_of_compatibility_between/,Reddit - Prove your humanity,,login/access or redirect wall,2026-08-02T19:45:32+00:00,fresh data/link_health.json,"[{""file"": ""data/customer_voice.json"", ""path"": """", ""label"": """"}, {""file"": ""data/customer_voice.json"", ""path"": ""feedback.4"", ""label"": ""Arc HPLC""}, {""file"": ""data/customer_voice.json"", ""path"": ""feedback.4.evidenceRecords.1"", ""label"": ""Reddit discussion: compatibility between Waters and Agilent testing methods""}, {""file"": ""data/customer_voice_validation_cache.json"", ""path"": """", ""label"": """"}, {""file"": ""data/customer_voice_validation_cache.json"", ""path"": ""sources.9"", ""label"": """"}]"
https://www.reddit.com/r/CHROMATOGRAPHY/comments/1uk333s/update_uplc_waters_high_pressure_problem/,Broken,200,https://www.reddit.com/r/CHROMATOGRAPHY/comments/1uk333s/update_uplc_waters_high_pressure_problem/,Reddit - Prove your humanity,,login/access or redirect wall,2026-08-02T19:45:32+00:00,fresh data/link_health.json,"[{""file"": ""data/customer_voice.json"", ""path"": """", ""label"": """"}, {""file"": ""data/customer_voice.json"", ""path"": ""feedback.0"", ""label"": ""ACQUITY UPLC""}, {""file"": ""data/customer_voice.json"", ""path"": ""feedback.0.evidenceRecords.0"", ""label"": ""Reddit discussion: UPLC Waters high-pressure problem""}, {""file"": ""data/customer_voice_validation_cache.json"", ""path"": """", ""label"": """"}, {""file"": ""data/customer_voice_validation_cache.json"", ""path"": ""sources.1"", ""label"": """"}]"
https://www.reddit.com/r/CHROMATOGRAPHY/comments/1uu27p8/which_lc_ms_brand_is_reliable_and_affordable/,Broken,200,https://www.reddit.com/r/CHROMATOGRAPHY/comments/1uu27p8/which_lc_ms_brand_is_reliable_and_affordable/,Reddit - Prove your humanity,,login/access or redirect wall,2026-08-02T19:45:32+00:00,fresh data/link_health.json,"[{""file"": ""data/customer_voice.json"", ""path"": """", ""label"": """"}, {""file"": ""data/customer_voice.json"", ""path"": ""feedback.14"", ""label"": ""LC / UHPLC systems""}, {""file"": ""data/customer_voice.json"", ""path"": ""feedback.14.evidenceRecords.0"", ""label"": ""Reddit discussion: Which LC-MS brand is reliable and affordable?""}, {""file"": ""data/customer_voice_validation_cache.json"", ""path"": """", ""label"": """"}, {""file"": ""data/customer_voice_validation_cache.json"", ""path"": ""sources.20"", ""label"": """"}]"
https://www.reddit.com/r/CHROMATOGRAPHY/comments/xlr4pf/best_uhplc_on_the_market/,Broken,200,https://www.reddit.com/r/CHROMATOGRAPHY/comments/xlr4pf/best_uhplc_on_the_market/,Reddit - Prove your humanity,,login/access or redirect wall,2026-08-02T19:45:32+00:00,fresh data/link_health.json,"[{""file"": ""data/customer_voice.json"", ""path"": """", ""label"": """"}, {""file"": ""data/customer_voice.json"", ""path"": ""feedback.5"", ""label"": ""ACQUITY UPLC""}, {""file"": ""data/customer_voice.json"", ""path"": ""feedback.5.evidenceRecords.0"", ""label"": ""Reddit discussion: Best UHPLC on the market?""}, {""file"": ""data/customer_voice_validation_cache.json"", ""path"": """", ""label"": """"}, {""file"": ""data/customer_voice_validation_cache.json"", ""path"": ""sources.10"", ""label"": """"}]"
https://www.reddit.com/r/Chempros/comments/157qppk/purchase_of_watersthermo_lcms_system/,Broken,200,https://www.reddit.com/r/Chempros/comments/157qppk/purchase_of_watersthermo_lcms_system/,Reddit - Prove your humanity,,login/access or redirect wall,2026-08-02T19:45:32+00:00,fresh data/link_health.json,"[{""file"": ""data/customer_voice.json"", ""path"": """", ""label"": """"}, {""file"": ""data/customer_voice.json"", ""path"": ""feedback.8"", ""label"": ""Vanquish / UltiMate LC""}, {""file"": ""data/customer_voice.json"", ""path"": ""feedback.8.evidenceRecords.1"", ""label"": ""Reddit discussion: Purchase of Waters/Thermo LC-MS system""}, {""file"": ""data/customer_voice_validation_cache.json"", ""path"": """", ""label"": """"}, {""file"": ""data/customer_voice_validation_cache.json"", ""path"": ""sources.15"", ""label"": """"}]"
https://www.reddit.com/r/massspectrometry/comments/1mzna4c/a_record_of_fixing_a_secondhand_agilent_ms/,Broken,200,https://www.reddit.com/r/massspectrometry/comments/1mzna4c/a_record_of_fixing_a_secondhand_agilent_ms/,Reddit - Prove your humanity,,login/access or redirect wall,2026-08-02T19:45:32+00:00,fresh data/link_health.json,"[{""file"": ""data/customer_voice.json"", ""path"": """", ""label"": """"}, {""file"": ""data/customer_voice.json"", ""path"": ""feedback.26"", ""label"": ""Agilent 6550 Q-TOF""}, {""file"": ""data/customer_voice.json"", ""path"": ""feedback.26.evidenceRecords.0"", ""label"": ""Reddit discussion: Repairing a second-hand Agilent 6550""}, {""file"": ""data/customer_voice_validation_cache.json"", ""path"": """", ""label"": """"}, {""file"": ""data/customer_voice_validation_cache.json"", ""path"": ""sources.33"", ""label"": """"}]"
https://www.reddit.com/r/massspectrometry/comments/1nlcb3p/new_lab_ms_option_help/,Broken,200,https://www.reddit.com/r/massspectrometry/comments/1nlcb3p/new_lab_ms_option_help/,Reddit - Prove your humanity,,login/access or redirect wall,2026-08-02T19:45:32+00:00,fresh data/link_health.json,"[{""file"": ""data/customer_voice.json"", ""path"": """", ""label"": """"}, {""file"": ""data/customer_voice.json"", ""path"": ""feedback.25"", ""label"": ""HRMS / TOF platform selection""}, {""file"": ""data/customer_voice.json"", ""path"": ""feedback.25.evidenceRecords.0"", ""label"": ""Reddit discussion: New lab mass-spectrometer options""}, {""file"": ""data/customer_voice_validation_cache.json"", ""path"": """", ""label"": """"}, {""file"": ""data/customer_voice_validation_cache.json"", ""path"": ""sources.32"", ""label"": """"}]"
https://www.reddit.com/r/massspectrometry/comments/1p15xrz/which_company_ranked_1_for_lcms/,Broken,200,https://www.reddit.com/r/massspectrometry/comments/1p15xrz/which_company_ranked_1_for_lcms/,Reddit - Prove your humanity,,login/access or redirect wall,2026-08-02T19:45:32+00:00,fresh data/link_health.json,"[{""file"": ""data/customer_voice.json"", ""path"": """", ""label"": """"}, {""file"": ""data/customer_voice.json"", ""path"": ""feedback.23"", ""label"": ""LC-MS vendor selection""}, {""file"": ""data/customer_voice.json"", ""path"": ""feedback.23.evidenceRecords.0"", ""label"": ""Reddit discussion: Which company ranks first for LC-MS?""}, {""file"": ""data/customer_voice_validation_cache.json"", ""path"": """", ""label"": """"}, {""file"": ""data/customer_voice_validation_cache.json"", ""path"": ""sources.30"", ""label"": """"}]"
https://www.reddit.com/r/massspectrometry/comments/1pw3739/sciex_or_thermo_for_proteomics/,Broken,200,https://www.reddit.com/r/massspectrometry/comments/1pw3739/sciex_or_thermo_for_proteomics/,Reddit - Prove your humanity,,login/access or redirect wall,2026-08-02T19:45:32+00:00,fresh data/link_health.json,"[{""file"": ""data/customer_voice.json"", ""path"": """", ""label"": """"}, {""file"": ""data/customer_voice.json"", ""path"": ""feedback.24"", ""label"": ""Orbitrap / Vanquish Flex versus SCIEX ZenoTOF""}, {""file"": ""data/customer_voice.json"", ""path"": ""feedback.24.evidenceRecords.0"", ""label"": ""Reddit discussion: SCIEX or Thermo for proteomics""}, {""file"": ""data/customer_voice_validation_cache.json"", ""path"": """", ""label"": """"}, {""file"": ""data/customer_voice_validation_cache.json"", ""path"": ""sources.31"", ""label"": """"}]"
https://www.reddit.com/r/massspectrometry/comments/1rembme/imms_options/,Broken,200,https://www.reddit.com/r/massspectrometry/comments/1rembme/imms_options/,Reddit - Prove your humanity,,login/access or redirect wall,2026-08-02T19:45:32+00:00,fresh data/link_health.json,"[{""file"": ""data/customer_voice.json"", ""path"": """", ""label"": """"}, {""file"": ""data/customer_voice.json"", ""path"": ""feedback.21"", ""label"": ""UNIFI / waters_connect ion-mobility workflows""}, {""file"": ""data/customer_voice.json"", ""path"": ""feedback.21.evidenceRecords.0"", ""label"": ""Reddit discussion: IM-MS options""}, {""file"": ""data/customer_voice_validation_cache.json"", ""path"": """", ""label"": """"}, {""file"": ""data/customer_voice_validation_cache.json"", ""path"": ""sources.28"", ""label"": """"}]"
https://www.reddit.com/r/massspectrometry/comments/1sognqt/what_is_the_fastest_way_to_convert_raw_files_to/,Broken,200,https://www.reddit.com/r/massspectrometry/comments/1sognqt/what_is_the_fastest_way_to_convert_raw_files_to/,Reddit - Prove your humanity,,login/access or redirect wall,2026-08-02T19:45:32+00:00,fresh data/link_health.json,"[{""file"": ""data/customer_voice.json"", ""path"": """", ""label"": """"}, {""file"": ""data/customer_voice.json"", ""path"": ""feedback.20"", ""label"": ""MassLynx raw-data workflows""}, {""file"": ""data/customer_voice.json"", ""path"": ""feedback.20.evidenceRecords.0"", ""label"": ""Reddit discussion: Converting Waters raw files to mzML""}, {""file"": ""data/customer_voice_validation_cache.json"", ""path"": """", ""label"": """"}, {""file"": ""data/customer_voice_validation_cache.json"", ""path"": ""sources.27"", ""label"": """"}]"
https://www.reddit.com/r/massspectrometry/comments/1tausv5/ms_is_half_the_equation/,Broken,200,https://www.reddit.com/r/massspectrometry/comments/1tausv5/ms_is_half_the_equation/,Reddit - Prove your humanity,,login/access or redirect wall,2026-08-02T19:45:32+00:00,fresh data/link_health.json,"[{""file"": ""data/customer_voice.json"", ""path"": """", ""label"": """"}, {""file"": ""data/customer_voice.json"", ""path"": ""feedback.22"", ""label"": ""LC systems, columns, and mixed-vendor drivers""}, {""file"": ""data/customer_voice.json"", ""path"": ""feedback.22.evidenceRecords.0"", ""label"": ""Reddit discussion: MS is half the equation""}, {""file"": ""data/customer_voice_validation_cache.json"", ""path"": """", ""label"": """"}, {""file"": ""data/customer_voice_validation_cache.json"", ""path"": ""sources.29"", ""label"": """"}]"
https://www.reddit.com/r/massspectrometry/comments/1u1dpq6/synapt_nonresponsive_fluidics_purge_issue/,Broken,200,https://www.reddit.com/r/massspectrometry/comments/1u1dpq6/synapt_nonresponsive_fluidics_purge_issue/,Reddit - Prove your humanity,,login/access or redirect wall,2026-08-02T19:45:32+00:00,fresh data/link_health.json,"[{""file"": ""data/customer_voice.json"", ""path"": """", ""label"": """"}, {""file"": ""data/customer_voice.json"", ""path"": ""feedback.17"", ""label"": ""SYNAPT G2-Si""}, {""file"": ""data/customer_voice.json"", ""path"": ""feedback.17.evidenceRecords.0"", ""label"": ""Reddit discussion: SYNAPT non-responsive fluidics purge issue""}, {""file"": ""data/customer_voice_validation_cache.json"", ""path"": """", ""label"": """"}, {""file"": ""data/customer_voice_validation_cache.json"", ""path"": ""sources.24"", ""label"": """"}]"
https://www.reddit.com/r/massspectrometry/comments/1up1dlw/best_software_to_use_agilent_g3540a_gc_with/,Broken,200,https://www.reddit.com/r/massspectrometry/comments/1up1dlw/best_software_to_use_agilent_g3540a_gc_with/,Reddit - Prove your humanity,,login/access or redirect wall,2026-08-02T19:45:32+00:00,fresh data/link_health.json,"[{""file"": ""data/customer_voice.json"", ""path"": """", ""label"": """"}, {""file"": ""data/customer_voice.json"", ""path"": ""feedback.18"", ""label"": ""Xevo TQ-S with third-party chromatography""}, {""file"": ""data/customer_voice.json"", ""path"": ""feedback.18.evidenceRecords.0"", ""label"": ""Reddit discussion: Software for Agilent chromatography with Waters Xevo""}, {""file"": ""data/customer_voice_validation_cache.json"", ""path"": """", ""label"": """"}, {""file"": ""data/customer_voice_validation_cache.json"", ""path"": ""sources.25"", ""label"": """"}]"
https://www.reddit.com/r/massspectrometry/comments/1ux1imr/most_frustrating_thing_about_mass_spectrometry/,Broken,200,https://www.reddit.com/r/massspectrometry/comments/1ux1imr/most_frustrating_thing_about_mass_spectrometry/,Reddit - Prove your humanity,,login/access or redirect wall,2026-08-02T19:45:33+00:00,fresh data/link_health.json,"[{""file"": ""data/customer_voice.json"", ""path"": """", ""label"": """"}, {""file"": ""data/customer_voice.json"", ""path"": ""feedback.16"", ""label"": ""UNIFI / waters_connect / MassLynx""}, {""file"": ""data/customer_voice.json"", ""path"": ""feedback.16.evidenceRecords.0"", ""label"": ""Reddit discussion: Most frustrating thing about mass spectrometry""}, {""file"": ""data/customer_voice_validation_cache.json"", ""path"": """", ""label"": """"}, {""file"": ""data/customer_voice_validation_cache.json"", ""path"": ""sources.23"", ""label"": """"}]"
https://www.reddit.com/r/massspectrometry/comments/1uxyipd/efficient_quant_workflow_for_targetlynx/,Broken,200,https://www.reddit.com/r/massspectrometry/comments/1uxyipd/efficient_quant_workflow_for_targetlynx/,Reddit - Prove your humanity,,login/access or redirect wall,2026-08-02T19:45:33+00:00,fresh data/link_health.json,"[{""file"": ""data/customer_voice.json"", ""path"": """", ""label"": """"}, {""file"": ""data/customer_voice.json"", ""path"": ""feedback.15"", ""label"": ""MassLynx / TargetLynx / waters_connect""}, {""file"": ""data/customer_voice.json"", ""path"": ""feedback.15.evidenceRecords.0"", ""label"": ""Reddit discussion: Efficient quantitation workflow for TargetLynx""}, {""file"": ""data/customer_voice_validation_cache.json"", ""path"": """", ""label"": """"}, {""file"": ""data/customer_voice_validation_cache.json"", ""path"": ""sources.22"", ""label"": """"}]"
https://www.reddit.com/search/?q=Waters%20ACQUITY%20UPLC%20HPLC,Broken,200,https://www.reddit.com/search/?q=Waters%20ACQUITY%20UPLC%20HPLC,Reddit - Prove your humanity,,login/access or redirect wall,2026-08-02T19:45:33+00:00,fresh data/link_health.json,"[{""file"": ""data/customer_voice.json"", ""path"": """", ""label"": """"}, {""file"": ""data/customer_voice.json"", ""path"": ""sources.3"", ""label"": ""Reddit lab/science communities""}]"
https://www.sciencedirect.com/journal/journal-of-chromatography-a,Broken,403,https://www.sciencedirect.com/journal/journal-of-chromatography-a,ScienceDirect,,strict access failure,2026-08-02T19:45:33+00:00,fresh data/link_health.json,"[{""file"": ""data/journal_sources.json"", ""path"": """", ""label"": """"}, {""file"": ""data/journal_sources.json"", ""path"": ""sources.10"", ""label"": ""Journal of Chromatography A""}, {""file"": ""data/source_catalog.json"", ""path"": """", ""label"": ""Data Source Inventory""}, {""file"": ""data/source_catalog.json"", ""path"": ""sources.21"", ""label"": """"}]"
https://www.sciencedirect.com/journal/journal-of-chromatography-b,Broken,403,https://www.sciencedirect.com/journal/journal-of-chromatography-b,ScienceDirect,,strict access failure,2026-08-02T19:45:33+00:00,fresh data/link_health.json,"[{""file"": ""data/journal_sources.json"", ""path"": """", ""label"": """"}, {""file"": ""data/journal_sources.json"", ""path"": ""sources.11"", ""label"": ""Journal of Chromatography B""}, {""file"": ""data/source_catalog.json"", ""path"": """", ""label"": ""Data Source Inventory""}, {""file"": ""data/source_catalog.json"", ""path"": ""sources.22"", ""label"": """"}]"
https://www.sciencedirect.com/journal/journal-of-pharmaceutical-and-biomedical-analysis,Broken,403,https://www.sciencedirect.com/journal/journal-of-pharmaceutical-and-biomedical-analysis,ScienceDirect,,strict access failure,2026-08-02T19:45:33+00:00,fresh data/link_health.json,"[{""file"": ""data/journal_sources.json"", ""path"": """", ""label"": """"}, {""file"": ""data/journal_sources.json"", ""path"": ""sources.14"", ""label"": ""Journal of Pharmaceutical and Biomedical Analysis""}, {""file"": ""data/source_catalog.json"", ""path"": """", ""label"": ""Data Source Inventory""}, {""file"": ""data/source_catalog.json"", ""path"": ""sources.25"", ""label"": """"}]"
https://www.sciencedirect.com/journal/talanta,Broken,403,https://www.sciencedirect.com/journal/talanta,ScienceDirect,,strict access failure,2026-08-02T19:45:33+00:00,fresh data/link_health.json,"[{""file"": ""data/journal_sources.json"", ""path"": """", ""label"": """"}, {""file"": ""data/journal_sources.json"", ""path"": ""sources.15"", ""label"": ""Talanta""}, {""file"": ""data/source_catalog.json"", ""path"": """", ""label"": ""Data Source Inventory""}, {""file"": ""data/source_catalog.json"", ""path"": ""sources.26"", ""label"": """"}]"
https://www.sciex.com/sitemap.xml,OK,200,https://www.sciex.com/sitemap.xml,,,,2026-08-02T19:59:04+00:00,fresh direct fetch,"[{""file"": ""data/competitor_monitors.json"", ""path"": """", ""label"": """"}, {""file"": ""data/competitor_monitors.json"", ""path"": ""competitors"", ""label"": """"}, {""file"": ""data/competitor_monitors.json"", ""path"": ""competitors.SCIEX"", ""label"": """"}, {""file"": ""data/competitor_monitors.json"", ""path"": ""competitors.SCIEX.source_status.0"", ""label"": """"}, {""file"": ""data/intelligence.json"", ""path"": """", ""label"": """"}, {""file"": ""data/intelligence.json"", ""path"": ""competitorExtraction"", ""label"": """"}, {""file"": ""data/intelligence.json"", ""path"": ""competitorExtraction.competitors"", ""label"": """"}, {""file"": ""data/intelligence.json"", ""path"": ""competitorExtraction.competitors.SCIEX"", ""label"": """"}, {""file"": ""data/intelligence.json"", ""path"": ""competitorExtraction.competitors.SCIEX.sourceStatus.0"", ""label"": """"}]"
https://www.sec.gov/Archives/edgar/data/1000697/000095013504001254/b48994wce10vk.htm,Broken,403,https://www.sec.gov/Archives/edgar/data/1000697/000095013504001254/b48994wce10vk.htm,SEC.gov | Your Request Originates from an Undeclared Automated Tool,,strict access failure,2026-08-02T19:45:33+00:00,fresh data/link_health.json,"[{""file"": ""data/historical_waters_catalog.json"", ""path"": """", ""label"": """"}, {""file"": ""data/historical_waters_catalog.json"", ""path"": ""products.1"", ""label"": ""Quattro Premier Tandem Quadrupole""}, {""file"": ""data/historical_waters_catalog.json"", ""path"": ""products.2"", ""label"": ""LCT Premier TOF Mass Spectrometer""}]"
https://www.sec.gov/Archives/edgar/data/1000697/000095013505001421/b53305wce10vk.htm,Broken,403,https://www.sec.gov/Archives/edgar/data/1000697/000095013505001421/b53305wce10vk.htm,SEC.gov | Your Request Originates from an Undeclared Automated Tool,,strict access failure,2026-08-02T19:45:33+00:00,fresh data/link_health.json,"[{""file"": ""data/historical_waters_catalog.json"", ""path"": """", ""label"": """"}, {""file"": ""data/historical_waters_catalog.json"", ""path"": ""products.4"", ""label"": ""Q-Tof Premier Mass Spectrometer""}]"
https://www.sec.gov/Archives/edgar/data/1000697/000095013507001300/b63656wce10vk.htm,Broken,403,https://www.sec.gov/Archives/edgar/data/1000697/000095013507001300/b63656wce10vk.htm,SEC.gov | Your Request Originates from an Undeclared Automated Tool,,strict access failure,2026-08-02T19:45:33+00:00,fresh data/link_health.json,"[{""file"": ""data/historical_waters_catalog.json"", ""path"": """", ""label"": """"}, {""file"": ""data/historical_waters_catalog.json"", ""path"": ""products.5"", ""label"": ""SQ Detector""}, {""file"": ""data/historical_waters_catalog.json"", ""path"": ""products.6"", ""label"": ""TQ Detector""}, {""file"": ""data/historical_waters_catalog.json"", ""path"": ""products.7"", ""label"": ""SYNAPT HDMS System""}]"
https://www.sec.gov/Archives/edgar/data/1000697/000095013509001331/b72903wce10vk.htm,Broken,403,https://www.sec.gov/Archives/edgar/data/1000697/000095013509001331/b72903wce10vk.htm,SEC.gov | Your Request Originates from an Undeclared Automated Tool,,strict access failure,2026-08-02T19:45:33+00:00,fresh data/link_health.json,"[{""file"": ""data/historical_waters_catalog.json"", ""path"": """", ""label"": """"}, {""file"": ""data/historical_waters_catalog.json"", ""path"": ""products.8"", ""label"": ""SYNAPT MS System""}, {""file"": ""data/historical_waters_catalog.json"", ""path"": ""products.9"", ""label"": ""Xevo Q-Tof Mass Spectrometer""}, {""file"": ""data/historical_waters_catalog.json"", ""path"": ""products.10"", ""label"": ""SYNAPT G2 HDMS System""}]"
https://www.sec.gov/Archives/edgar/data/1000697/000119312512077126/d274872d10k.htm,Broken,403,https://www.sec.gov/Archives/edgar/data/1000697/000119312512077126/d274872d10k.htm,SEC.gov | Your Request Originates from an Undeclared Automated Tool,,strict access failure,2026-08-02T19:45:33+00:00,fresh data/link_health.json,"[{""file"": ""data/historical_waters_catalog.json"", ""path"": """", ""label"": """"}, {""file"": ""data/historical_waters_catalog.json"", ""path"": ""products.11"", ""label"": ""ACQUITY UPLC H-Class System""}, {""file"": ""data/historical_waters_catalog.json"", ""path"": ""products.12"", ""label"": ""Xevo TQ-S Mass Spectrometer""}, {""file"": ""data/historical_waters_catalog.json"", ""path"": ""products.13"", ""label"": ""Xevo G2 Q-Tof Mass Spectrometer""}, {""file"": ""data/historical_waters_catalog.json"", ""path"": ""products.14"", ""label"": ""SYNAPT G2-S HDMS System""}]"
https://www.sec.gov/Archives/edgar/data/1000697/000119312514072515/d644127d10k.htm,Broken,403,https://www.sec.gov/Archives/edgar/data/1000697/000119312514072515/d644127d10k.htm,SEC.gov | Your Request Originates from an Undeclared Automated Tool,,strict access failure,2026-08-02T19:45:33+00:00,fresh data/link_health.json,"[{""file"": ""data/historical_waters_catalog.json"", ""path"": """", ""label"": """"}, {""file"": ""data/historical_waters_catalog.json"", ""path"": ""products.15"", ""label"": ""Xevo G2-S QTof Mass Spectrometer""}, {""file"": ""data/historical_waters_catalog.json"", ""path"": ""products.16"", ""label"": ""Xevo G2-S Tof Mass Spectrometer""}, {""file"": ""data/historical_waters_catalog.json"", ""path"": ""products.17"", ""label"": ""ACQUITY UPC2 System""}, {""file"": ""data/historical_waters_catalog.json"", ""path"": ""products.18"", ""label"": ""ACQUITY Advanced Polymer Chromatography System""}]"
https://www.sec.gov/Archives/edgar/data/1000697/000119312515067900/d849246d10k.htm,Broken,403,https://www.sec.gov/Archives/edgar/data/1000697/000119312515067900/d849246d10k.htm,SEC.gov | Your Request Originates from an Undeclared Automated Tool,,strict access failure,2026-08-02T19:45:33+00:00,fresh data/link_health.json,"[{""file"": ""data/historical_waters_catalog.json"", ""path"": """", ""label"": """"}, {""file"": ""data/historical_waters_catalog.json"", ""path"": ""products.20"", ""label"": ""ACQUITY UPLC M-Class System""}]"
https://www.sec.gov/Archives/edgar/data/1000697/000119312516480594/d108530d10k.htm,Broken,403,https://www.sec.gov/Archives/edgar/data/1000697/000119312516480594/d108530d10k.htm,SEC.gov | Your Request Originates from an Undeclared Automated Tool,,strict access failure,2026-08-02T19:45:33+00:00,fresh data/link_health.json,"[{""file"": ""data/historical_waters_catalog.json"", ""path"": """", ""label"": """"}, {""file"": ""data/historical_waters_catalog.json"", ""path"": ""products.21"", ""label"": ""ionKey/MS System""}, {""file"": ""data/historical_waters_catalog.json"", ""path"": ""products.22"", ""label"": ""Xevo G2-XS QTof Mass Spectrometer""}, {""file"": ""data/historical_waters_catalog.json"", ""path"": ""products.23"", ""label"": ""Xevo TQ-S micro Mass Spectrometer""}]"
https://www.sec.gov/Archives/edgar/data/1000697/000119312517056239/d268303d10k.htm,Broken,403,https://www.sec.gov/Archives/edgar/data/1000697/000119312517056239/d268303d10k.htm,SEC.gov | Your Request Originates from an Undeclared Automated Tool,,strict access failure,2026-08-02T19:45:33+00:00,fresh data/link_health.json,"[{""file"": ""data/historical_waters_catalog.json"", ""path"": """", ""label"": """"}, {""file"": ""data/historical_waters_catalog.json"", ""path"": ""products.25"", ""label"": ""Vion IMS QTof Mass Spectrometer""}, {""file"": ""data/historical_waters_catalog.json"", ""path"": ""products.26"", ""label"": ""Xevo TQ-XS Mass Spectrometer""}]"
https://www.sec.gov/Archives/edgar/data/1000697/000119312524094009/d691142dars.pdf,Broken,403,https://www.sec.gov/Archives/edgar/data/1000697/000119312524094009/d691142dars.pdf,SEC.gov | Your Request Originates from an Undeclared Automated Tool,,strict access failure,2026-08-02T19:45:33+00:00,fresh data/link_health.json,"[{""file"": ""data/historical_waters_catalog.json"", ""path"": """", ""label"": """"}, {""file"": ""data/historical_waters_catalog.json"", ""path"": ""products.27"", ""label"": ""ACQUITY Arc Bio System""}, {""file"": ""data/historical_waters_catalog.json"", ""path"": ""products.28"", ""label"": ""ACQUITY UPLC H-Class PLUS System""}, {""file"": ""data/historical_waters_catalog.json"", ""path"": ""products.29"", ""label"": ""ACQUITY UPLC H-Class PLUS Bio System""}, {""file"": ""data/historical_waters_catalog.json"", ""path"": ""products.30"", ""label"": ""BioAccord LC-MS System""}, {""file"": ""data/historical_waters_catalog.json"", ""path"": ""products.31"", ""label"": ""SELECT SERIES Cyclic IMS""}, {""file"": ""data/historical_waters_catalog.json"", ""path"": ""products.32"", ""label"": ""SYNAPT XS Mass Spectrometer""}, {""file"": ""data/historical_waters_catalog.json"", ""path"": ""products.33"", ""label"": ""Xevo TQ-S cronos Mass Spectrometer""}, {""file"": ""data/historical_waters_catalog.json"", ""path"": ""products.34"", ""label"": ""waters_connect Software Platform""}, {""file"": ""data/historical_waters_catalog.json"", ""path"": ""products.35"", ""label"": ""Radian ASAP Mass Detector""}, {""file"": ""data/historical_waters_catalog.json"", ""path"": ""products.37"", ""label"": ""ACQUITY RDa Detector""}, {""file"": ""data/historical_waters_catalog.json"", ""path"": ""products.38"", ""label"": ""Xevo G3 QTof Mass Spectrometer""}, {""file"": ""data/historical_waters_catalog.json"", ""path"": ""products.39"", ""label"": ""Xevo TQ Absolute IVD System""}, {""file"": ""data/product_comparisons.json"", ""path"": """", ""label"": """"}, {""file"": ""data/product_comparisons.json"", ""path"": ""watersSystems.1"", ""label"": ""ACQUITY UPLC I-Class PLUS System""}, {""file"": ""data/product_comparisons.json"", ""path"": ""watersSystems.6"", ""label"": ""SELECT SERIES MRT""}]"
https://www.sec.gov/Archives/edgar/data/1000697/000119312526062604/d778470d10k.htm,Broken,403,https://www.sec.gov/Archives/edgar/data/1000697/000119312526062604/d778470d10k.htm,SEC.gov | Your Request Originates from an Undeclared Automated Tool,,strict access failure,2026-08-02T19:45:33+00:00,fresh data/link_health.json,"[{""file"": ""data/historical_waters_catalog.json"", ""path"": """", ""label"": """"}, {""file"": ""data/historical_waters_catalog.json"", ""path"": ""products.44"", ""label"": ""Xevo Charge Detection Mass Spectrometer""}]"
https://www.sec.gov/Archives/edgar/data/1090872/000095012324003692/a-20240501.htm,Broken,403,https://www.sec.gov/Archives/edgar/data/1090872/000095012324003692/a-20240501.htm,,,strict access failure,2026-08-02T19:45:33+00:00,fresh data/link_health.json,[]
https://www.sec.gov/Archives/edgar/data/1090872/000095017023046178/a-20230901.htm,Broken,403,https://www.sec.gov/Archives/edgar/data/1090872/000095017023046178/a-20230901.htm,,,strict access failure,2026-08-02T19:45:33+00:00,fresh data/link_health.json,[]
https://www.sec.gov/Archives/edgar/data/1090872/000095017023057148/a-20231026.htm,Broken,403,https://www.sec.gov/Archives/edgar/data/1090872/000095017023057148/a-20231026.htm,,,strict access failure,2026-08-02T19:45:33+00:00,fresh data/link_health.json,[]
https://www.sec.gov/Archives/edgar/data/1090872/000095017023071756/a-20231220.htm,Broken,403,https://www.sec.gov/Archives/edgar/data/1090872/000095017023071756/a-20231220.htm,,,strict access failure,2026-08-02T19:45:34+00:00,fresh data/link_health.json,[]
https://www.sec.gov/Archives/edgar/data/1090872/000095017024017940/a-20240220.htm,Broken,403,https://www.sec.gov/Archives/edgar/data/1090872/000095017024017940/a-20240220.htm,,,strict access failure,2026-08-02T19:45:34+00:00,fresh data/link_health.json,[]
https://www.sec.gov/Archives/edgar/data/1090872/000095017024032163/a-20240314.htm,Broken,403,https://www.sec.gov/Archives/edgar/data/1090872/000095017024032163/a-20240314.htm,,,strict access failure,2026-08-02T19:45:34+00:00,fresh data/link_health.json,[]
https://www.sec.gov/Archives/edgar/data/1090872/000095017024064091/a-20240522.htm,Broken,403,https://www.sec.gov/Archives/edgar/data/1090872/000095017024064091/a-20240522.htm,,,strict access failure,2026-08-02T19:45:34+00:00,fresh data/link_health.json,[]
https://www.sec.gov/Archives/edgar/data/1090872/000095017025040344/a-20250313.htm,Broken,403,https://www.sec.gov/Archives/edgar/data/1090872/000095017025040344/a-20250313.htm,,,strict access failure,2026-08-02T19:45:34+00:00,fresh data/link_health.json,[]
https://www.sec.gov/Archives/edgar/data/1090872/000095017025049516/a-20250327.htm,Broken,403,https://www.sec.gov/Archives/edgar/data/1090872/000095017025049516/a-20250327.htm,,,strict access failure,2026-08-02T19:45:34+00:00,fresh data/link_health.json,[]
https://www.sec.gov/Archives/edgar/data/1090872/000095017025075587/a-20250520.htm,Broken,403,https://www.sec.gov/Archives/edgar/data/1090872/000095017025075587/a-20250520.htm,,,strict access failure,2026-08-02T19:45:34+00:00,fresh data/link_health.json,[]
https://www.sec.gov/Archives/edgar/data/1090872/000109087223000013/a-20230815.htm,Broken,403,https://www.sec.gov/Archives/edgar/data/1090872/000109087223000013/a-20230815.htm,,,strict access failure,2026-08-02T19:45:34+00:00,fresh data/link_health.json,[]
https://www.sec.gov/Archives/edgar/data/1090872/000109087223000015/a-20230731.htm,Broken,403,https://www.sec.gov/Archives/edgar/data/1090872/000109087223000015/a-20230731.htm,SEC.gov | Your Request Originates from an Undeclared Automated Tool,,strict access failure,2026-08-02T19:45:34+00:00,fresh data/link_health.json,"[{""file"": ""data/intelligence.json"", ""path"": """", ""label"": """"}, {""file"": ""data/intelligence.json"", ""path"": ""signals.291"", ""label"": ""Agilent filed 10-Q""}]"
https://www.sec.gov/Archives/edgar/data/1090872/000109087223000018/a-20231120.htm,Broken,403,https://www.sec.gov/Archives/edgar/data/1090872/000109087223000018/a-20231120.htm,,,strict access failure,2026-08-02T19:45:34+00:00,fresh data/link_health.json,[]
https://www.sec.gov/Archives/edgar/data/1090872/000109087223000020/a-20231031.htm,Broken,403,https://www.sec.gov/Archives/edgar/data/1090872/000109087223000020/a-20231031.htm,SEC.gov | Your Request Originates from an Undeclared Automated Tool,,strict access failure,2026-08-02T19:45:34+00:00,fresh data/link_health.json,"[{""file"": ""data/intelligence.json"", ""path"": """", ""label"": """"}, {""file"": ""data/intelligence.json"", ""path"": ""signals.286"", ""label"": ""Agilent filed 10-K""}]"
https://www.sec.gov/Archives/edgar/data/1090872/000109087224000003/a-20240105.htm,Broken,403,https://www.sec.gov/Archives/edgar/data/1090872/000109087224000003/a-20240105.htm,,,strict access failure,2026-08-02T19:45:34+00:00,fresh data/link_health.json,[]
https://www.sec.gov/Archives/edgar/data/1090872/000109087224000006/a-20240227.htm,Broken,403,https://www.sec.gov/Archives/edgar/data/1090872/000109087224000006/a-20240227.htm,,,strict access failure,2026-08-02T19:45:34+00:00,fresh data/link_health.json,[]
https://www.sec.gov/Archives/edgar/data/1090872/000109087224000011/a-20240131.htm,Broken,403,https://www.sec.gov/Archives/edgar/data/1090872/000109087224000011/a-20240131.htm,SEC.gov | Your Request Originates from an Undeclared Automated Tool,,strict access failure,2026-08-02T19:45:34+00:00,fresh data/link_health.json,"[{""file"": ""data/intelligence.json"", ""path"": """", ""label"": """"}, {""file"": ""data/intelligence.json"", ""path"": ""signals.280"", ""label"": ""Agilent filed 10-Q""}]"
https://www.sec.gov/Archives/edgar/data/1090872/000109087224000017/a-20240529.htm,Broken,403,https://www.sec.gov/Archives/edgar/data/1090872/000109087224000017/a-20240529.htm,,,strict access failure,2026-08-02T19:45:34+00:00,fresh data/link_health.json,[]
https://www.sec.gov/Archives/edgar/data/1090872/000109087224000021/a-20240430.htm,Broken,403,https://www.sec.gov/Archives/edgar/data/1090872/000109087224000021/a-20240430.htm,SEC.gov | Your Request Originates from an Undeclared Automated Tool,,strict access failure,2026-08-02T19:45:34+00:00,fresh data/link_health.json,"[{""file"": ""data/intelligence.json"", ""path"": """", ""label"": """"}, {""file"": ""data/intelligence.json"", ""path"": ""signals.276"", ""label"": ""Agilent filed 10-Q""}]"
https://www.sec.gov/Archives/edgar/data/1090872/000109087224000024/a-20240821.htm,Broken,403,https://www.sec.gov/Archives/edgar/data/1090872/000109087224000024/a-20240821.htm,,,strict access failure,2026-08-02T19:45:34+00:00,fresh data/link_health.json,[]
https://www.sec.gov/Archives/edgar/data/1090872/000109087224000033/a-20240731.htm,Broken,403,https://www.sec.gov/Archives/edgar/data/1090872/000109087224000033/a-20240731.htm,SEC.gov | Your Request Originates from an Undeclared Automated Tool,,strict access failure,2026-08-02T19:45:34+00:00,fresh data/link_health.json,"[{""file"": ""data/intelligence.json"", ""path"": """", ""label"": """"}, {""file"": ""data/intelligence.json"", ""path"": ""signals.271"", ""label"": ""Agilent filed 10-Q""}]"
https://www.sec.gov/Archives/edgar/data/1090872/000109087224000036/a-20240903_d2.htm,Broken,403,https://www.sec.gov/Archives/edgar/data/1090872/000109087224000036/a-20240903_d2.htm,,,strict access failure,2026-08-02T19:45:34+00:00,fresh data/link_health.json,[]
https://www.sec.gov/Archives/edgar/data/1090872/000109087224000042/a-20241125.htm,Broken,403,https://www.sec.gov/Archives/edgar/data/1090872/000109087224000042/a-20241125.htm,,,strict access failure,2026-08-02T19:45:34+00:00,fresh data/link_health.json,[]
https://www.sec.gov/Archives/edgar/data/1090872/000109087224000045/a-20241213.htm,Broken,403,https://www.sec.gov/Archives/edgar/data/1090872/000109087224000045/a-20241213.htm,,,strict access failure,2026-08-02T19:45:34+00:00,fresh data/link_health.json,[]
https://www.sec.gov/Archives/edgar/data/1090872/000109087224000049/a-20241031.htm,Broken,403,https://www.sec.gov/Archives/edgar/data/1090872/000109087224000049/a-20241031.htm,SEC.gov | Your Request Originates from an Undeclared Automated Tool,,strict access failure,2026-08-02T19:45:34+00:00,fresh data/link_health.json,"[{""file"": ""data/intelligence.json"", ""path"": """", ""label"": """"}, {""file"": ""data/intelligence.json"", ""path"": ""signals.265"", ""label"": ""Agilent filed 10-K""}]"
https://www.sec.gov/Archives/edgar/data/1090872/000109087225000003/a-20250226.htm,Broken,403,https://www.sec.gov/Archives/edgar/data/1090872/000109087225000003/a-20250226.htm,,,strict access failure,2026-08-02T19:45:34+00:00,fresh data/link_health.json,[]
https://www.sec.gov/Archives/edgar/data/1090872/000109087225000008/a-20250131.htm,Broken,403,https://www.sec.gov/Archives/edgar/data/1090872/000109087225000008/a-20250131.htm,SEC.gov | Your Request Originates from an Undeclared Automated Tool,,strict access failure,2026-08-02T19:45:35+00:00,fresh data/link_health.json,"[{""file"": ""data/intelligence.json"", ""path"": """", ""label"": """"}, {""file"": ""data/intelligence.json"", ""path"": ""signals.257"", ""label"": ""Agilent filed 10-Q""}]"
https://www.sec.gov/Archives/edgar/data/1090872/000109087225000010/a-20250303_d2.htm,Broken,403,https://www.sec.gov/Archives/edgar/data/1090872/000109087225000010/a-20250303_d2.htm,,,strict access failure,2026-08-02T19:45:35+00:00,fresh data/link_health.json,[]
https://www.sec.gov/Archives/edgar/data/1090872/000109087225000013/a-20250528.htm,Broken,403,https://www.sec.gov/Archives/edgar/data/1090872/000109087225000013/a-20250528.htm,,,strict access failure,2026-08-02T19:45:35+00:00,fresh data/link_health.json,[]
https://www.sec.gov/Archives/edgar/data/1090872/000109087225000021/a-20250430.htm,Broken,403,https://www.sec.gov/Archives/edgar/data/1090872/000109087225000021/a-20250430.htm,SEC.gov | Your Request Originates from an Undeclared Automated Tool,,strict access failure,2026-08-02T19:45:35+00:00,fresh data/link_health.json,"[{""file"": ""data/intelligence.json"", ""path"": """", ""label"": """"}, {""file"": ""data/intelligence.json"", ""path"": ""signals.253"", ""label"": ""Agilent filed 10-Q""}]"
https://www.sec.gov/Archives/edgar/data/1090872/000109087225000034/a-20250827.htm,Broken,403,https://www.sec.gov/Archives/edgar/data/1090872/000109087225000034/a-20250827.htm,,,strict access failure,2026-08-02T19:45:35+00:00,fresh data/link_health.json,[]
https://www.sec.gov/Archives/edgar/data/1090872/000109087225000036/a-20250731.htm,Broken,403,https://www.sec.gov/Archives/edgar/data/1090872/000109087225000036/a-20250731.htm,SEC.gov | Your Request Originates from an Undeclared Automated Tool,,strict access failure,2026-08-02T19:45:35+00:00,fresh data/link_health.json,"[{""file"": ""data/intelligence.json"", ""path"": """", ""label"": """"}, {""file"": ""data/intelligence.json"", ""path"": ""signals.244"", ""label"": ""Agilent filed 10-Q""}]"
https://www.sec.gov/Archives/edgar/data/1090872/000109087225000070/a-20251124.htm,Broken,403,https://www.sec.gov/Archives/edgar/data/1090872/000109087225000070/a-20251124.htm,,,strict access failure,2026-08-02T19:45:35+00:00,fresh data/link_health.json,[]
https://www.sec.gov/Archives/edgar/data/1090872/000109087225000087/a-20251031.htm,Broken,403,https://www.sec.gov/Archives/edgar/data/1090872/000109087225000087/a-20251031.htm,SEC.gov | Your Request Originates from an Undeclared Automated Tool,,strict access failure,2026-08-02T19:45:35+00:00,fresh data/link_health.json,"[{""file"": ""data/intelligence.json"", ""path"": """", ""label"": """"}, {""file"": ""data/intelligence.json"", ""path"": ""signals.235"", ""label"": ""Agilent filed 10-K""}]"
https://www.sec.gov/Archives/edgar/data/1090872/000109087226000015/a-20260225.htm,Broken,403,https://www.sec.gov/Archives/edgar/data/1090872/000109087226000015/a-20260225.htm,,,strict access failure,2026-08-02T19:45:35+00:00,fresh data/link_health.json,[]
https://www.sec.gov/Archives/edgar/data/1090872/000109087226000023/a-20260131.htm,Broken,403,https://www.sec.gov/Archives/edgar/data/1090872/000109087226000023/a-20260131.htm,SEC.gov | Your Request Originates from an Undeclared Automated Tool,,strict access failure,2026-08-02T19:45:35+00:00,fresh data/link_health.json,"[{""file"": ""data/intelligence.json"", ""path"": """", ""label"": """"}, {""file"": ""data/intelligence.json"", ""path"": ""signals.223"", ""label"": ""Agilent filed 10-Q""}]"
https://www.sec.gov/Archives/edgar/data/1090872/000109087226000052/a-20260520.htm,Broken,403,https://www.sec.gov/Archives/edgar/data/1090872/000109087226000052/a-20260520.htm,SEC.gov | Your Request Originates from an Undeclared Automated Tool,,strict access failure,2026-08-02T19:45:35+00:00,fresh data/link_health.json,"[{""file"": ""data/intelligence.json"", ""path"": """", ""label"": """"}, {""file"": ""data/intelligence.json"", ""path"": ""signals.190"", ""label"": ""Agilent filed 8-K""}]"
https://www.sec.gov/Archives/edgar/data/1090872/000109087226000055/a-20260430.htm,Broken,403,https://www.sec.gov/Archives/edgar/data/1090872/000109087226000055/a-20260430.htm,SEC.gov | Your Request Originates from an Undeclared Automated Tool,,strict access failure,2026-08-02T19:45:35+00:00,fresh data/link_health.json,"[{""file"": ""data/filing_insights.json"", ""path"": """", ""label"": """"}, {""file"": ""data/filing_insights.json"", ""path"": ""companyCorporateMoves.0"", ""label"": """"}, {""file"": ""data/filing_insights.json"", ""path"": ""companyCorporateMoves.0.items.0"", ""label"": ""Biocare (BC Midco I, Inc.)""}, {""file"": ""data/filing_insights.json"", ""path"": ""insights.0"", ""label"": ""Agilent says LC and LC-MS are helping drive pharma, APAC, and advanced-materials growth""}, {""file"": ""data/filing_insights.json"", ""path"": ""insights.1"", ""label"": ""Agilent CrossLab and services growth points to lifecycle/service differentiation""}, {""file"": ""data/intelligence.json"", ""path"": """", ""label"": """"}, {""file"": ""data/intelligence.json"", ""path"": ""signals.185"", ""label"": ""Agilent filed 10-Q""}]"
https://www.sec.gov/Archives/edgar/data/1090872/000119312524214337/d891217d8k.htm,Broken,403,https://www.sec.gov/Archives/edgar/data/1090872/000119312524214337/d891217d8k.htm,,,strict access failure,2026-08-02T19:45:35+00:00,fresh data/link_health.json,[]
https://www.sec.gov/Archives/edgar/data/1090872/000119312524215906/d894739d8k.htm,Broken,403,https://www.sec.gov/Archives/edgar/data/1090872/000119312524215906/d894739d8k.htm,,,strict access failure,2026-08-02T19:45:35+00:00,fresh data/link_health.json,[]
https://www.sec.gov/Archives/edgar/data/1090872/000119312525111596/d889863d8k.htm,Broken,403,https://www.sec.gov/Archives/edgar/data/1090872/000119312525111596/d889863d8k.htm,,,strict access failure,2026-08-02T19:45:35+00:00,fresh data/link_health.json,[]
https://www.sec.gov/Archives/edgar/data/1090872/000119312525159100/d866414d8k.htm,Broken,403,https://www.sec.gov/Archives/edgar/data/1090872/000119312525159100/d866414d8k.htm,,,strict access failure,2026-08-02T19:45:36+00:00,fresh data/link_health.json,[]
https://www.sec.gov/Archives/edgar/data/1090872/000119312525251622/a-20251023.htm,Broken,403,https://www.sec.gov/Archives/edgar/data/1090872/000119312525251622/a-20251023.htm,,,strict access failure,2026-08-02T19:45:36+00:00,fresh data/link_health.json,[]
https://www.sec.gov/Archives/edgar/data/1090872/000119312526096487/a-20260305.htm,Broken,403,https://www.sec.gov/Archives/edgar/data/1090872/000119312526096487/a-20260305.htm,,,strict access failure,2026-08-02T19:45:36+00:00,fresh data/link_health.json,[]
https://www.sec.gov/Archives/edgar/data/1090872/000119312526117614/a-20260318.htm,Broken,403,https://www.sec.gov/Archives/edgar/data/1090872/000119312526117614/a-20260318.htm,,,strict access failure,2026-08-02T19:45:36+00:00,fresh data/link_health.json,[]
https://www.sec.gov/Archives/edgar/data/1090872/000119312526142101/a-20260331.htm,Broken,403,https://www.sec.gov/Archives/edgar/data/1090872/000119312526142101/a-20260331.htm,SEC.gov | Your Request Originates from an Undeclared Automated Tool,,strict access failure,2026-08-02T19:45:36+00:00,fresh data/link_health.json,"[{""file"": ""data/intelligence.json"", ""path"": """", ""label"": """"}, {""file"": ""data/intelligence.json"", ""path"": ""signals.215"", ""label"": ""Agilent filed 8-K""}]"
https://www.sec.gov/Archives/edgar/data/1090872/000119312526202636/a-20260504.htm,Broken,403,https://www.sec.gov/Archives/edgar/data/1090872/000119312526202636/a-20260504.htm,SEC.gov | Your Request Originates from an Undeclared Automated Tool,,strict access failure,2026-08-02T19:45:36+00:00,fresh data/link_health.json,"[{""file"": ""data/intelligence.json"", ""path"": """", ""label"": """"}, {""file"": ""data/intelligence.json"", ""path"": ""signals.202"", ""label"": ""Agilent filed 8-K""}]"
https://www.sec.gov/Archives/edgar/data/1090872/000119312526282845/d75293d8k.htm,Broken,403,https://www.sec.gov/Archives/edgar/data/1090872/000119312526282845/d75293d8k.htm,SEC.gov | Your Request Originates from an Undeclared Automated Tool,,strict access failure,2026-08-02T19:45:36+00:00,fresh data/link_health.json,"[{""file"": ""data/intelligence.json"", ""path"": """", ""label"": """"}, {""file"": ""data/intelligence.json"", ""path"": ""signals.177"", ""label"": ""Agilent filed 8-K""}]"
https://www.sec.gov/Archives/edgar/data/313616/000031361623000244/dhr-20230811.htm,Broken,403,https://www.sec.gov/Archives/edgar/data/313616/000031361623000244/dhr-20230811.htm,,,strict access failure,2026-08-02T19:45:36+00:00,fresh data/link_health.json,[]
https://www.sec.gov/Archives/edgar/data/313616/000031361623000250/dhr-20230831.htm,Broken,403,https://www.sec.gov/Archives/edgar/data/313616/000031361623000250/dhr-20230831.htm,,,strict access failure,2026-08-02T19:45:36+00:00,fresh data/link_health.json,[]
https://www.sec.gov/Archives/edgar/data/313616/000031361623000252/dhr-20230929.htm,Broken,403,https://www.sec.gov/Archives/edgar/data/313616/000031361623000252/dhr-20230929.htm,,,strict access failure,2026-08-02T19:45:36+00:00,fresh data/link_health.json,[]
https://www.sec.gov/Archives/edgar/data/313616/000031361623000256/dhr-20230929.htm,Broken,403,https://www.sec.gov/Archives/edgar/data/313616/000031361623000256/dhr-20230929.htm,SEC.gov | Your Request Originates from an Undeclared Automated Tool,,strict access failure,2026-08-02T19:45:36+00:00,fresh data/link_health.json,"[{""file"": ""data/intelligence.json"", ""path"": """", ""label"": """"}, {""file"": ""data/intelligence.json"", ""path"": ""signals.289"", ""label"": ""SCIEX filed 10-Q""}]"
https://www.sec.gov/Archives/edgar/data/313616/000031361623000258/dhr-20231024.htm,Broken,403,https://www.sec.gov/Archives/edgar/data/313616/000031361623000258/dhr-20231024.htm,,,strict access failure,2026-08-02T19:45:36+00:00,fresh data/link_health.json,[]
https://www.sec.gov/Archives/edgar/data/313616/000031361624000004/dhr-20240108.htm,Broken,403,https://www.sec.gov/Archives/edgar/data/313616/000031361624000004/dhr-20240108.htm,,,strict access failure,2026-08-02T19:45:36+00:00,fresh data/link_health.json,[]
https://www.sec.gov/Archives/edgar/data/313616/000031361624000006/dhr-20240130.htm,Broken,403,https://www.sec.gov/Archives/edgar/data/313616/000031361624000006/dhr-20240130.htm,,,strict access failure,2026-08-02T19:45:36+00:00,fresh data/link_health.json,[]
https://www.sec.gov/Archives/edgar/data/313616/000031361624000046/dhr-20240212.htm,Broken,403,https://www.sec.gov/Archives/edgar/data/313616/000031361624000046/dhr-20240212.htm,,,strict access failure,2026-08-02T19:45:37+00:00,fresh data/link_health.json,[]
https://www.sec.gov/Archives/edgar/data/313616/000031361624000052/dhr-20231231.htm,Broken,403,https://www.sec.gov/Archives/edgar/data/313616/000031361624000052/dhr-20231231.htm,SEC.gov | Your Request Originates from an Undeclared Automated Tool,,strict access failure,2026-08-02T19:45:37+00:00,fresh data/link_health.json,"[{""file"": ""data/intelligence.json"", ""path"": """", ""label"": """"}, {""file"": ""data/intelligence.json"", ""path"": ""signals.283"", ""label"": ""SCIEX filed 10-K""}]"
https://www.sec.gov/Archives/edgar/data/313616/000031361624000102/dhr-20240329.htm,Broken,403,https://www.sec.gov/Archives/edgar/data/313616/000031361624000102/dhr-20240329.htm,SEC.gov | Your Request Originates from an Undeclared Automated Tool,,strict access failure,2026-08-02T19:45:37+00:00,fresh data/link_health.json,"[{""file"": ""data/intelligence.json"", ""path"": """", ""label"": """"}, {""file"": ""data/intelligence.json"", ""path"": ""signals.279"", ""label"": ""SCIEX filed 10-Q""}]"
https://www.sec.gov/Archives/edgar/data/313616/000031361624000106/dhr-20240423.htm,Broken,403,https://www.sec.gov/Archives/edgar/data/313616/000031361624000106/dhr-20240423.htm,,,strict access failure,2026-08-02T19:45:37+00:00,fresh data/link_health.json,[]
https://www.sec.gov/Archives/edgar/data/313616/000031361624000133/dhr-20240507.htm,Broken,403,https://www.sec.gov/Archives/edgar/data/313616/000031361624000133/dhr-20240507.htm,,,strict access failure,2026-08-02T19:45:37+00:00,fresh data/link_health.json,[]
https://www.sec.gov/Archives/edgar/data/313616/000031361624000174/dhr-20240616.htm,Broken,403,https://www.sec.gov/Archives/edgar/data/313616/000031361624000174/dhr-20240616.htm,,,strict access failure,2026-08-02T19:45:37+00:00,fresh data/link_health.json,[]
https://www.sec.gov/Archives/edgar/data/313616/000031361624000186/dhr-20240628.htm,Broken,403,https://www.sec.gov/Archives/edgar/data/313616/000031361624000186/dhr-20240628.htm,SEC.gov | Your Request Originates from an Undeclared Automated Tool,,strict access failure,2026-08-02T19:45:37+00:00,fresh data/link_health.json,"[{""file"": ""data/intelligence.json"", ""path"": """", ""label"": """"}, {""file"": ""data/intelligence.json"", ""path"": ""signals.275"", ""label"": ""SCIEX filed 10-Q""}]"
https://www.sec.gov/Archives/edgar/data/313616/000031361624000188/dhr-20240723.htm,Broken,403,https://www.sec.gov/Archives/edgar/data/313616/000031361624000188/dhr-20240723.htm,,,strict access failure,2026-08-02T19:45:37+00:00,fresh data/link_health.json,[]
https://www.sec.gov/Archives/edgar/data/313616/000031361624000220/dhr-20240927.htm,Broken,403,https://www.sec.gov/Archives/edgar/data/313616/000031361624000220/dhr-20240927.htm,SEC.gov | Your Request Originates from an Undeclared Automated Tool,,strict access failure,2026-08-02T19:45:37+00:00,fresh data/link_health.json,"[{""file"": ""data/intelligence.json"", ""path"": """", ""label"": """"}, {""file"": ""data/intelligence.json"", ""path"": ""signals.269"", ""label"": ""SCIEX filed 10-Q""}]"
https://www.sec.gov/Archives/edgar/data/313616/000031361624000223/dhr-20241022.htm,Broken,403,https://www.sec.gov/Archives/edgar/data/313616/000031361624000223/dhr-20241022.htm,,,strict access failure,2026-08-02T19:45:37+00:00,fresh data/link_health.json,[]
https://www.sec.gov/Archives/edgar/data/313616/000031361624000251/dhr-20241209.htm,Broken,403,https://www.sec.gov/Archives/edgar/data/313616/000031361624000251/dhr-20241209.htm,,,strict access failure,2026-08-02T19:45:37+00:00,fresh data/link_health.json,[]
https://www.sec.gov/Archives/edgar/data/313616/000031361625000002/dhr-20250113.htm,Broken,403,https://www.sec.gov/Archives/edgar/data/313616/000031361625000002/dhr-20250113.htm,,,strict access failure,2026-08-02T19:45:37+00:00,fresh data/link_health.json,[]
https://www.sec.gov/Archives/edgar/data/313616/000031361625000004/dhr-20250129.htm,Broken,403,https://www.sec.gov/Archives/edgar/data/313616/000031361625000004/dhr-20250129.htm,,,strict access failure,2026-08-02T19:45:37+00:00,fresh data/link_health.json,[]
https://www.sec.gov/Archives/edgar/data/313616/000031361625000043/dhr-20241231.htm,Broken,403,https://www.sec.gov/Archives/edgar/data/313616/000031361625000043/dhr-20241231.htm,SEC.gov | Your Request Originates from an Undeclared Automated Tool,,strict access failure,2026-08-02T19:45:38+00:00,fresh data/link_health.json,"[{""file"": ""data/intelligence.json"", ""path"": """", ""label"": """"}, {""file"": ""data/intelligence.json"", ""path"": ""signals.260"", ""label"": ""SCIEX filed 10-K""}]"
https://www.sec.gov/Archives/edgar/data/313616/000031361625000044/dhr-20250220.htm,Broken,403,https://www.sec.gov/Archives/edgar/data/313616/000031361625000044/dhr-20250220.htm,,,strict access failure,2026-08-02T19:45:38+00:00,fresh data/link_health.json,[]
https://www.sec.gov/Archives/edgar/data/313616/000031361625000088/dhr-20250328.htm,Broken,403,https://www.sec.gov/Archives/edgar/data/313616/000031361625000088/dhr-20250328.htm,SEC.gov | Your Request Originates from an Undeclared Automated Tool,,strict access failure,2026-08-02T19:45:38+00:00,fresh data/link_health.json,"[{""file"": ""data/intelligence.json"", ""path"": """", ""label"": """"}, {""file"": ""data/intelligence.json"", ""path"": ""signals.256"", ""label"": ""SCIEX filed 10-Q""}]"
https://www.sec.gov/Archives/edgar/data/313616/000031361625000090/dhr-20250422.htm,Broken,403,https://www.sec.gov/Archives/edgar/data/313616/000031361625000090/dhr-20250422.htm,,,strict access failure,2026-08-02T19:45:38+00:00,fresh data/link_health.json,[]
https://www.sec.gov/Archives/edgar/data/313616/000031361625000110/dhr-20250506.htm,Broken,403,https://www.sec.gov/Archives/edgar/data/313616/000031361625000110/dhr-20250506.htm,,,strict access failure,2026-08-02T19:45:38+00:00,fresh data/link_health.json,[]
https://www.sec.gov/Archives/edgar/data/313616/000031361625000152/dhr-20250722.htm,Broken,403,https://www.sec.gov/Archives/edgar/data/313616/000031361625000152/dhr-20250722.htm,,,strict access failure,2026-08-02T19:45:38+00:00,fresh data/link_health.json,[]
https://www.sec.gov/Archives/edgar/data/313616/000031361625000153/dhr-20250627.htm,Broken,403,https://www.sec.gov/Archives/edgar/data/313616/000031361625000153/dhr-20250627.htm,SEC.gov | Your Request Originates from an Undeclared Automated Tool,,strict access failure,2026-08-02T19:45:38+00:00,fresh data/link_health.json,"[{""file"": ""data/intelligence.json"", ""path"": """", ""label"": """"}, {""file"": ""data/intelligence.json"", ""path"": ""signals.250"", ""label"": ""SCIEX filed 10-Q""}]"
https://www.sec.gov/Archives/edgar/data/313616/000031361625000155/dhr-20250721.htm,Broken,403,https://www.sec.gov/Archives/edgar/data/313616/000031361625000155/dhr-20250721.htm,,,strict access failure,2026-08-02T19:45:38+00:00,fresh data/link_health.json,[]
https://www.sec.gov/Archives/edgar/data/313616/000031361625000172/dhr-20250728.htm,Broken,403,https://www.sec.gov/Archives/edgar/data/313616/000031361625000172/dhr-20250728.htm,,,strict access failure,2026-08-02T19:45:38+00:00,fresh data/link_health.json,[]
https://www.sec.gov/Archives/edgar/data/313616/000031361625000178/dhr-20250909.htm,Broken,429,https://www.sec.gov/Archives/edgar/data/313616/000031361625000178/dhr-20250909.htm,,,strict access failure,2026-08-02T19:45:38+00:00,fresh data/link_health.json,[]
https://www.sec.gov/Archives/edgar/data/313616/000031361625000180/dhr-20251021.htm,Broken,429,https://www.sec.gov/Archives/edgar/data/313616/000031361625000180/dhr-20251021.htm,,,strict access failure,2026-08-02T19:45:38+00:00,fresh data/link_health.json,[]
https://www.sec.gov/Archives/edgar/data/313616/000031361625000182/dhr-20250926.htm,Broken,429,https://www.sec.gov/Archives/edgar/data/313616/000031361625000182/dhr-20250926.htm,SEC.gov | Your Request Originates from an Undeclared Automated Tool,,strict access failure,2026-08-02T19:45:38+00:00,fresh data/link_health.json,"[{""file"": ""data/intelligence.json"", ""path"": """", ""label"": """"}, {""file"": ""data/intelligence.json"", ""path"": ""signals.242"", ""label"": ""SCIEX filed 10-Q""}]"
https://www.sec.gov/Archives/edgar/data/313616/000031361625000198/dhr-20251106.htm,Broken,429,https://www.sec.gov/Archives/edgar/data/313616/000031361625000198/dhr-20251106.htm,,,strict access failure,2026-08-02T19:45:38+00:00,fresh data/link_health.json,[]
https://www.sec.gov/Archives/edgar/data/313616/000031361626000002/dhr-20260112.htm,Broken,429,https://www.sec.gov/Archives/edgar/data/313616/000031361626000002/dhr-20260112.htm,,,strict access failure,2026-08-02T19:45:38+00:00,fresh data/link_health.json,[]
https://www.sec.gov/Archives/edgar/data/313616/000031361626000004/dhr-20260128.htm,Broken,429,https://www.sec.gov/Archives/edgar/data/313616/000031361626000004/dhr-20260128.htm,,,strict access failure,2026-08-02T19:45:38+00:00,fresh data/link_health.json,[]
https://www.sec.gov/Archives/edgar/data/313616/000031361626000058/dhr-20260205.htm,Broken,429,https://www.sec.gov/Archives/edgar/data/313616/000031361626000058/dhr-20260205.htm,,,strict access failure,2026-08-02T19:45:38+00:00,fresh data/link_health.json,[]
https://www.sec.gov/Archives/edgar/data/313616/000031361626000062/dhr-20251231.htm,Broken,429,https://www.sec.gov/Archives/edgar/data/313616/000031361626000062/dhr-20251231.htm,SEC.gov | Your Request Originates from an Undeclared Automated Tool,,strict access failure,2026-08-02T19:45:38+00:00,fresh data/link_health.json,"[{""file"": ""data/intelligence.json"", ""path"": """", ""label"": """"}, {""file"": ""data/intelligence.json"", ""path"": ""signals.226"", ""label"": ""SCIEX filed 10-K""}]"
https://www.sec.gov/Archives/edgar/data/313616/000031361626000107/dhr-20260327.htm,Broken,429,https://www.sec.gov/Archives/edgar/data/313616/000031361626000107/dhr-20260327.htm,SEC.gov | Your Request Originates from an Undeclared Automated Tool,,strict access failure,2026-08-02T19:45:39+00:00,fresh data/link_health.json,"[{""file"": ""data/intelligence.json"", ""path"": """", ""label"": """"}, {""file"": ""data/intelligence.json"", ""path"": ""signals.212"", ""label"": ""SCIEX filed 10-Q""}]"
https://www.sec.gov/Archives/edgar/data/313616/000031361626000109/dhr-20260421.htm,Broken,429,https://www.sec.gov/Archives/edgar/data/313616/000031361626000109/dhr-20260421.htm,,,strict access failure,2026-08-02T19:45:39+00:00,fresh data/link_health.json,[]
https://www.sec.gov/Archives/edgar/data/313616/000031361626000127/dhr-20260505.htm,Broken,429,https://www.sec.gov/Archives/edgar/data/313616/000031361626000127/dhr-20260505.htm,SEC.gov | Your Request Originates from an Undeclared Automated Tool,,strict access failure,2026-08-02T19:45:39+00:00,fresh data/link_health.json,"[{""file"": ""data/intelligence.json"", ""path"": """", ""label"": """"}, {""file"": ""data/intelligence.json"", ""path"": ""signals.199"", ""label"": ""SCIEX filed 8-K""}]"
https://www.sec.gov/Archives/edgar/data/313616/000031361626000161/dhr-20260626.htm,Broken,429,https://www.sec.gov/Archives/edgar/data/313616/000031361626000161/dhr-20260626.htm,SEC.gov | Your Request Originates from an Undeclared Automated Tool,,strict access failure,2026-08-02T19:45:39+00:00,fresh data/link_health.json,"[{""file"": ""data/intelligence.json"", ""path"": """", ""label"": """"}, {""file"": ""data/intelligence.json"", ""path"": ""signals.82"", ""label"": ""SCIEX filed 10-Q""}]"
https://www.sec.gov/Archives/edgar/data/313616/000031361626000163/dhr-20260721.htm,Broken,429,https://www.sec.gov/Archives/edgar/data/313616/000031361626000163/dhr-20260721.htm,SEC.gov | Your Request Originates from an Undeclared Automated Tool,,strict access failure,2026-08-02T19:45:39+00:00,fresh data/link_health.json,"[{""file"": ""data/intelligence.json"", ""path"": """", ""label"": """"}, {""file"": ""data/intelligence.json"", ""path"": ""signals.81"", ""label"": ""SCIEX filed 8-K""}]"
https://www.sec.gov/Archives/edgar/data/313616/000114036123043697/ef2001057_8k.htm,Broken,429,https://www.sec.gov/Archives/edgar/data/313616/000114036123043697/ef2001057_8k.htm,,,strict access failure,2026-08-02T19:45:39+00:00,fresh data/link_health.json,[]
https://www.sec.gov/Archives/edgar/data/313616/000114036123044482/ef20010872_8k.htm,Broken,429,https://www.sec.gov/Archives/edgar/data/313616/000114036123044482/ef20010872_8k.htm,,,strict access failure,2026-08-02T19:45:39+00:00,fresh data/link_health.json,[]
https://www.sec.gov/Archives/edgar/data/313616/000119312526053124/d110495d8k.htm,Broken,429,https://www.sec.gov/Archives/edgar/data/313616/000119312526053124/d110495d8k.htm,,,strict access failure,2026-08-02T19:45:39+00:00,fresh data/link_health.json,[]
https://www.sec.gov/Archives/edgar/data/313616/000119312526160383/d56203d8k.htm,Broken,429,https://www.sec.gov/Archives/edgar/data/313616/000119312526160383/d56203d8k.htm,,,strict access failure,2026-08-02T19:45:39+00:00,fresh data/link_health.json,[]
https://www.sec.gov/Archives/edgar/data/313616/000119312526191608/d107133d8k.htm,Broken,429,https://www.sec.gov/Archives/edgar/data/313616/000119312526191608/d107133d8k.htm,SEC.gov | Your Request Originates from an Undeclared Automated Tool,,strict access failure,2026-08-02T19:45:39+00:00,fresh data/link_health.json,"[{""file"": ""data/intelligence.json"", ""path"": """", ""label"": """"}, {""file"": ""data/intelligence.json"", ""path"": ""signals.207"", ""label"": ""SCIEX filed 8-K""}]"
https://www.sec.gov/Archives/edgar/data/313616/000119312526255555/d63873d8k.htm,Broken,429,https://www.sec.gov/Archives/edgar/data/313616/000119312526255555/d63873d8k.htm,SEC.gov | Your Request Originates from an Undeclared Automated Tool,,strict access failure,2026-08-02T19:45:39+00:00,fresh data/link_health.json,"[{""file"": ""data/intelligence.json"", ""path"": """", ""label"": """"}, {""file"": ""data/intelligence.json"", ""path"": ""signals.181"", ""label"": ""SCIEX filed 8-K""}]"
https://www.sec.gov/Archives/edgar/data/31791/000003179123000011/pki-20230702.htm,Broken,429,https://www.sec.gov/Archives/edgar/data/31791/000003179123000011/pki-20230702.htm,SEC.gov | Your Request Originates from an Undeclared Automated Tool,,strict access failure,2026-08-02T19:45:39+00:00,fresh data/link_health.json,"[{""file"": ""data/intelligence.json"", ""path"": """", ""label"": """"}, {""file"": ""data/intelligence.json"", ""path"": ""signals.292"", ""label"": ""PerkinElmer filed 10-Q""}]"
https://www.sec.gov/Archives/edgar/data/31791/000003179123000014/pki-20231001.htm,Broken,429,https://www.sec.gov/Archives/edgar/data/31791/000003179123000014/pki-20231001.htm,SEC.gov | Your Request Originates from an Undeclared Automated Tool,,strict access failure,2026-08-02T19:45:39+00:00,fresh data/link_health.json,"[{""file"": ""data/intelligence.json"", ""path"": """", ""label"": """"}, {""file"": ""data/intelligence.json"", ""path"": ""signals.287"", ""label"": ""PerkinElmer filed 10-Q""}]"
https://www.sec.gov/Archives/edgar/data/31791/000003179124000004/pki-20231231.htm,Broken,429,https://www.sec.gov/Archives/edgar/data/31791/000003179124000004/pki-20231231.htm,SEC.gov | Your Request Originates from an Undeclared Automated Tool,,strict access failure,2026-08-02T19:45:39+00:00,fresh data/link_health.json,"[{""file"": ""data/intelligence.json"", ""path"": """", ""label"": """"}, {""file"": ""data/intelligence.json"", ""path"": ""signals.281"", ""label"": ""PerkinElmer filed 10-K""}]"
https://www.sec.gov/Archives/edgar/data/31791/000003179124000014/pki-20240331.htm,Broken,429,https://www.sec.gov/Archives/edgar/data/31791/000003179124000014/pki-20240331.htm,SEC.gov | Your Request Originates from an Undeclared Automated Tool,,strict access failure,2026-08-02T19:45:40+00:00,fresh data/link_health.json,"[{""file"": ""data/intelligence.json"", ""path"": """", ""label"": """"}, {""file"": ""data/intelligence.json"", ""path"": ""signals.277"", ""label"": ""PerkinElmer filed 10-Q""}]"
https://www.sec.gov/Archives/edgar/data/31791/000003179124000018/pki-20240729.htm,Broken,429,https://www.sec.gov/Archives/edgar/data/31791/000003179124000018/pki-20240729.htm,,,strict access failure,2026-08-02T19:45:40+00:00,fresh data/link_health.json,[]
https://www.sec.gov/Archives/edgar/data/31791/000003179124000021/pki-20240630.htm,Broken,429,https://www.sec.gov/Archives/edgar/data/31791/000003179124000021/pki-20240630.htm,SEC.gov | Your Request Originates from an Undeclared Automated Tool,,strict access failure,2026-08-02T19:45:40+00:00,fresh data/link_health.json,"[{""file"": ""data/intelligence.json"", ""path"": """", ""label"": """"}, {""file"": ""data/intelligence.json"", ""path"": ""signals.273"", ""label"": ""PerkinElmer filed 10-Q""}]"
https://www.sec.gov/Archives/edgar/data/31791/000003179124000026/pki-20241104.htm,Broken,429,https://www.sec.gov/Archives/edgar/data/31791/000003179124000026/pki-20241104.htm,,,strict access failure,2026-08-02T19:45:40+00:00,fresh data/link_health.json,[]
https://www.sec.gov/Archives/edgar/data/31791/000003179124000028/pki-20240929.htm,Broken,429,https://www.sec.gov/Archives/edgar/data/31791/000003179124000028/pki-20240929.htm,SEC.gov | Your Request Originates from an Undeclared Automated Tool,,strict access failure,2026-08-02T19:45:40+00:00,fresh data/link_health.json,"[{""file"": ""data/intelligence.json"", ""path"": """", ""label"": """"}, {""file"": ""data/intelligence.json"", ""path"": ""signals.267"", ""label"": ""PerkinElmer filed 10-Q""}]"
https://www.sec.gov/Archives/edgar/data/31791/000003179125000003/pki-20250112.htm,Broken,429,https://www.sec.gov/Archives/edgar/data/31791/000003179125000003/pki-20250112.htm,,,strict access failure,2026-08-02T19:45:40+00:00,fresh data/link_health.json,[]
https://www.sec.gov/Archives/edgar/data/31791/000003179125000006/pki-20250131.htm,Broken,429,https://www.sec.gov/Archives/edgar/data/31791/000003179125000006/pki-20250131.htm,,,strict access failure,2026-08-02T19:45:40+00:00,fresh data/link_health.json,[]
https://www.sec.gov/Archives/edgar/data/31791/000003179125000009/revv-20241229.htm,Broken,429,https://www.sec.gov/Archives/edgar/data/31791/000003179125000009/revv-20241229.htm,SEC.gov | Your Request Originates from an Undeclared Automated Tool,,strict access failure,2026-08-02T19:45:40+00:00,fresh data/link_health.json,"[{""file"": ""data/intelligence.json"", ""path"": """", ""label"": """"}, {""file"": ""data/intelligence.json"", ""path"": ""signals.258"", ""label"": ""PerkinElmer filed 10-K""}]"
https://www.sec.gov/Archives/edgar/data/31791/000003179125000012/pki-20250428.htm,Broken,429,https://www.sec.gov/Archives/edgar/data/31791/000003179125000012/pki-20250428.htm,,,strict access failure,2026-08-02T19:45:40+00:00,fresh data/link_health.json,[]
https://www.sec.gov/Archives/edgar/data/31791/000003179125000015/revv-20250330.htm,Broken,429,https://www.sec.gov/Archives/edgar/data/31791/000003179125000015/revv-20250330.htm,SEC.gov | Your Request Originates from an Undeclared Automated Tool,,strict access failure,2026-08-02T19:45:40+00:00,fresh data/link_health.json,"[{""file"": ""data/intelligence.json"", ""path"": """", ""label"": """"}, {""file"": ""data/intelligence.json"", ""path"": ""signals.254"", ""label"": ""PerkinElmer filed 10-Q""}]"
https://www.sec.gov/Archives/edgar/data/31791/000003179125000022/pki-20250728.htm,Broken,429,https://www.sec.gov/Archives/edgar/data/31791/000003179125000022/pki-20250728.htm,,,strict access failure,2026-08-02T19:45:40+00:00,fresh data/link_health.json,[]
https://www.sec.gov/Archives/edgar/data/31791/000003179125000026/revv-20250629.htm,Broken,429,https://www.sec.gov/Archives/edgar/data/31791/000003179125000026/revv-20250629.htm,SEC.gov | Your Request Originates from an Undeclared Automated Tool,,strict access failure,2026-08-02T19:45:40+00:00,fresh data/link_health.json,"[{""file"": ""data/intelligence.json"", ""path"": """", ""label"": """"}, {""file"": ""data/intelligence.json"", ""path"": ""signals.247"", ""label"": ""PerkinElmer filed 10-Q""}]"
https://www.sec.gov/Archives/edgar/data/31791/000003179125000032/pki-20251027.htm,Broken,429,https://www.sec.gov/Archives/edgar/data/31791/000003179125000032/pki-20251027.htm,,,strict access failure,2026-08-02T19:45:40+00:00,fresh data/link_health.json,[]
https://www.sec.gov/Archives/edgar/data/31791/000003179125000037/revv-20250928.htm,Broken,429,https://www.sec.gov/Archives/edgar/data/31791/000003179125000037/revv-20250928.htm,SEC.gov | Your Request Originates from an Undeclared Automated Tool,,strict access failure,2026-08-02T19:45:40+00:00,fresh data/link_health.json,"[{""file"": ""data/intelligence.json"", ""path"": """", ""label"": """"}, {""file"": ""data/intelligence.json"", ""path"": ""signals.239"", ""label"": ""PerkinElmer filed 10-Q""}]"
https://www.sec.gov/Archives/edgar/data/31791/000003179126000003/pki-20260112.htm,Broken,429,https://www.sec.gov/Archives/edgar/data/31791/000003179126000003/pki-20260112.htm,SEC.gov | Your Request Originates from an Undeclared Automated Tool,,strict access failure,2026-08-02T19:45:41+00:00,fresh data/link_health.json,"[{""file"": ""data/intelligence.json"", ""path"": """", ""label"": """"}, {""file"": ""data/intelligence.json"", ""path"": ""signals.232"", ""label"": ""PerkinElmer filed 8-K""}]"
https://www.sec.gov/Archives/edgar/data/31791/000003179126000007/pki-20260202.htm,Broken,429,https://www.sec.gov/Archives/edgar/data/31791/000003179126000007/pki-20260202.htm,SEC.gov | Your Request Originates from an Undeclared Automated Tool,,strict access failure,2026-08-02T19:45:41+00:00,fresh data/link_health.json,"[{""file"": ""data/intelligence.json"", ""path"": """", ""label"": """"}, {""file"": ""data/intelligence.json"", ""path"": ""signals.230"", ""label"": ""PerkinElmer filed 8-K""}]"
https://www.sec.gov/Archives/edgar/data/31791/000003179126000012/revv-20251228.htm,Broken,429,https://www.sec.gov/Archives/edgar/data/31791/000003179126000012/revv-20251228.htm,SEC.gov | Your Request Originates from an Undeclared Automated Tool,,strict access failure,2026-08-02T19:45:41+00:00,fresh data/link_health.json,"[{""file"": ""data/intelligence.json"", ""path"": """", ""label"": """"}, {""file"": ""data/intelligence.json"", ""path"": ""signals.227"", ""label"": ""PerkinElmer filed 10-K""}]"
https://www.sec.gov/Archives/edgar/data/31791/000003179126000016/pki-20260505.htm,Broken,429,https://www.sec.gov/Archives/edgar/data/31791/000003179126000016/pki-20260505.htm,SEC.gov | Your Request Originates from an Undeclared Automated Tool,,strict access failure,2026-08-02T19:45:41+00:00,fresh data/link_health.json,"[{""file"": ""data/intelligence.json"", ""path"": """", ""label"": """"}, {""file"": ""data/intelligence.json"", ""path"": ""signals.201"", ""label"": ""PerkinElmer filed 8-K""}]"
https://www.sec.gov/Archives/edgar/data/31791/000003179126000019/revv-20260405.htm,Broken,429,https://www.sec.gov/Archives/edgar/data/31791/000003179126000019/revv-20260405.htm,SEC.gov | Your Request Originates from an Undeclared Automated Tool,,strict access failure,2026-08-02T19:45:41+00:00,fresh data/link_health.json,"[{""file"": ""data/filing_insights.json"", ""path"": """", ""label"": """"}, {""file"": ""data/filing_insights.json"", ""path"": ""companyCorporateMoves.2"", ""label"": """"}, {""file"": ""data/filing_insights.json"", ""path"": ""companyCorporateMoves.2.items.0"", ""label"": ""Advanced Chemistry Development Inc. (ACD/Labs)""}, {""file"": ""data/filing_insights.json"", ""path"": ""insights.4"", ""label"": ""PerkinElmer-related life-science software and AI signals are rising""}, {""file"": ""data/intelligence.json"", ""path"": """", ""label"": """"}, {""file"": ""data/intelligence.json"", ""path"": ""signals.198"", ""label"": ""PerkinElmer filed 10-Q""}]"
https://www.sec.gov/Archives/edgar/data/31791/000115752323001568/a53701637.htm,Broken,429,https://www.sec.gov/Archives/edgar/data/31791/000115752323001568/a53701637.htm,,,strict access failure,2026-08-02T19:45:41+00:00,fresh data/link_health.json,[]
https://www.sec.gov/Archives/edgar/data/31791/000115752324000035/a53878895.htm,Broken,429,https://www.sec.gov/Archives/edgar/data/31791/000115752324000035/a53878895.htm,,,strict access failure,2026-08-02T19:45:41+00:00,fresh data/link_health.json,[]
https://www.sec.gov/Archives/edgar/data/31791/000115752324000120/a53887562.htm,Broken,429,https://www.sec.gov/Archives/edgar/data/31791/000115752324000120/a53887562.htm,,,strict access failure,2026-08-02T19:45:41+00:00,fresh data/link_health.json,[]
https://www.sec.gov/Archives/edgar/data/31791/000115752324000146/a53889507.htm,Broken,429,https://www.sec.gov/Archives/edgar/data/31791/000115752324000146/a53889507.htm,,,strict access failure,2026-08-02T19:45:41+00:00,fresh data/link_health.json,[]
https://www.sec.gov/Archives/edgar/data/31791/000119312524110060/d817018d8k.htm,Broken,429,https://www.sec.gov/Archives/edgar/data/31791/000119312524110060/d817018d8k.htm,,,strict access failure,2026-08-02T19:45:41+00:00,fresh data/link_health.json,[]
https://www.sec.gov/Archives/edgar/data/31791/000119312525002871/d915642d8k.htm,Broken,429,https://www.sec.gov/Archives/edgar/data/31791/000119312525002871/d915642d8k.htm,,,strict access failure,2026-08-02T19:45:41+00:00,fresh data/link_health.json,[]
https://www.sec.gov/Archives/edgar/data/31791/000119312525096747/d900630d8k.htm,Broken,429,https://www.sec.gov/Archives/edgar/data/31791/000119312525096747/d900630d8k.htm,,,strict access failure,2026-08-02T19:45:41+00:00,fresh data/link_health.json,[]
https://www.sec.gov/Archives/edgar/data/31791/000119312525249958/d52648d8k.htm,Broken,429,https://www.sec.gov/Archives/edgar/data/31791/000119312525249958/d52648d8k.htm,,,strict access failure,2026-08-02T19:45:41+00:00,fresh data/link_health.json,[]
https://www.sec.gov/Archives/edgar/data/31791/000119312526201401/d146870d8k.htm,Broken,429,https://www.sec.gov/Archives/edgar/data/31791/000119312526201401/d146870d8k.htm,SEC.gov | Your Request Originates from an Undeclared Automated Tool,,strict access failure,2026-08-02T19:45:41+00:00,fresh data/link_health.json,"[{""file"": ""data/intelligence.json"", ""path"": """", ""label"": """"}, {""file"": ""data/intelligence.json"", ""path"": ""signals.205"", ""label"": ""PerkinElmer filed 8-K""}]"
https://www.sec.gov/Archives/edgar/data/31791/000162828024018795/pki-20240429.htm,Broken,429,https://www.sec.gov/Archives/edgar/data/31791/000162828024018795/pki-20240429.htm,,,strict access failure,2026-08-02T19:45:41+00:00,fresh data/link_health.json,[]
https://www.sec.gov/Archives/edgar/data/97745/000009774523000059/tmo-20230701.htm,Broken,429,https://www.sec.gov/Archives/edgar/data/97745/000009774523000059/tmo-20230701.htm,SEC.gov | Your Request Originates from an Undeclared Automated Tool,,strict access failure,2026-08-02T19:45:41+00:00,fresh data/link_health.json,"[{""file"": ""data/intelligence.json"", ""path"": """", ""label"": """"}, {""file"": ""data/intelligence.json"", ""path"": ""signals.293"", ""label"": ""Thermo Fisher filed 10-Q""}]"
https://www.sec.gov/Archives/edgar/data/97745/000009774523000065/tmo-20231025.htm,Broken,429,https://www.sec.gov/Archives/edgar/data/97745/000009774523000065/tmo-20231025.htm,,,strict access failure,2026-08-02T19:45:41+00:00,fresh data/link_health.json,[]
https://www.sec.gov/Archives/edgar/data/97745/000009774523000069/tmo-20230930.htm,Broken,429,https://www.sec.gov/Archives/edgar/data/97745/000009774523000069/tmo-20230930.htm,SEC.gov | Your Request Originates from an Undeclared Automated Tool,,strict access failure,2026-08-02T19:45:41+00:00,fresh data/link_health.json,"[{""file"": ""data/intelligence.json"", ""path"": """", ""label"": """"}, {""file"": ""data/intelligence.json"", ""path"": ""signals.288"", ""label"": ""Thermo Fisher filed 10-Q""}]"
https://www.sec.gov/Archives/edgar/data/97745/000009774523000072/tmo-20231107.htm,Broken,429,https://www.sec.gov/Archives/edgar/data/97745/000009774523000072/tmo-20231107.htm,,,strict access failure,2026-08-02T19:45:41+00:00,fresh data/link_health.json,[]
https://www.sec.gov/Archives/edgar/data/97745/000009774524000003/tmo-20240131.htm,Broken,429,https://www.sec.gov/Archives/edgar/data/97745/000009774524000003/tmo-20240131.htm,,,strict access failure,2026-08-02T19:45:42+00:00,fresh data/link_health.json,[]
https://www.sec.gov/Archives/edgar/data/97745/000009774524000007/tmo-20231231.htm,Broken,429,https://www.sec.gov/Archives/edgar/data/97745/000009774524000007/tmo-20231231.htm,SEC.gov | Your Request Originates from an Undeclared Automated Tool,,strict access failure,2026-08-02T19:45:42+00:00,fresh data/link_health.json,"[{""file"": ""data/intelligence.json"", ""path"": """", ""label"": """"}, {""file"": ""data/intelligence.json"", ""path"": ""signals.282"", ""label"": ""Thermo Fisher filed 10-K""}]"
https://www.sec.gov/Archives/edgar/data/97745/000009774524000019/tmo-20240424.htm,Broken,429,https://www.sec.gov/Archives/edgar/data/97745/000009774524000019/tmo-20240424.htm,,,strict access failure,2026-08-02T19:45:42+00:00,fresh data/link_health.json,[]
https://www.sec.gov/Archives/edgar/data/97745/000009774524000023/tmo-20240330.htm,Broken,429,https://www.sec.gov/Archives/edgar/data/97745/000009774524000023/tmo-20240330.htm,SEC.gov | Your Request Originates from an Undeclared Automated Tool,,strict access failure,2026-08-02T19:45:42+00:00,fresh data/link_health.json,"[{""file"": ""data/intelligence.json"", ""path"": """", ""label"": """"}, {""file"": ""data/intelligence.json"", ""path"": ""signals.278"", ""label"": ""Thermo Fisher filed 10-Q""}]"
https://www.sec.gov/Archives/edgar/data/97745/000009774524000026/tmo-20240522.htm,Broken,429,https://www.sec.gov/Archives/edgar/data/97745/000009774524000026/tmo-20240522.htm,,,strict access failure,2026-08-02T19:45:42+00:00,fresh data/link_health.json,[]
https://www.sec.gov/Archives/edgar/data/97745/000009774524000036/tmo-20240724.htm,Broken,429,https://www.sec.gov/Archives/edgar/data/97745/000009774524000036/tmo-20240724.htm,,,strict access failure,2026-08-02T19:45:42+00:00,fresh data/link_health.json,[]
https://www.sec.gov/Archives/edgar/data/97745/000009774524000040/tmo-20240629.htm,Broken,429,https://www.sec.gov/Archives/edgar/data/97745/000009774524000040/tmo-20240629.htm,SEC.gov | Your Request Originates from an Undeclared Automated Tool,,strict access failure,2026-08-02T19:45:42+00:00,fresh data/link_health.json,"[{""file"": ""data/intelligence.json"", ""path"": """", ""label"": """"}, {""file"": ""data/intelligence.json"", ""path"": ""signals.274"", ""label"": ""Thermo Fisher filed 10-Q""}]"
https://www.sec.gov/Archives/edgar/data/97745/000009774524000043/tmo-20241023.htm,Broken,429,https://www.sec.gov/Archives/edgar/data/97745/000009774524000043/tmo-20241023.htm,,,strict access failure,2026-08-02T19:45:42+00:00,fresh data/link_health.json,[]
https://www.sec.gov/Archives/edgar/data/97745/000009774524000046/tmo-20240928.htm,Broken,429,https://www.sec.gov/Archives/edgar/data/97745/000009774524000046/tmo-20240928.htm,SEC.gov | Your Request Originates from an Undeclared Automated Tool,,strict access failure,2026-08-02T19:45:42+00:00,fresh data/link_health.json,"[{""file"": ""data/intelligence.json"", ""path"": """", ""label"": """"}, {""file"": ""data/intelligence.json"", ""path"": ""signals.268"", ""label"": ""Thermo Fisher filed 10-Q""}]"
https://www.sec.gov/Archives/edgar/data/97745/000009774525000003/tmo-20250130.htm,Broken,429,https://www.sec.gov/Archives/edgar/data/97745/000009774525000003/tmo-20250130.htm,,,strict access failure,2026-08-02T19:45:42+00:00,fresh data/link_health.json,[]
https://www.sec.gov/Archives/edgar/data/97745/000009774525000007/tmo-20250219.htm,Broken,429,https://www.sec.gov/Archives/edgar/data/97745/000009774525000007/tmo-20250219.htm,,,strict access failure,2026-08-02T19:45:42+00:00,fresh data/link_health.json,[]
https://www.sec.gov/Archives/edgar/data/97745/000009774525000010/tmo-20241231.htm,Broken,429,https://www.sec.gov/Archives/edgar/data/97745/000009774525000010/tmo-20241231.htm,SEC.gov | Your Request Originates from an Undeclared Automated Tool,,strict access failure,2026-08-02T19:45:42+00:00,fresh data/link_health.json,"[{""file"": ""data/intelligence.json"", ""path"": """", ""label"": """"}, {""file"": ""data/intelligence.json"", ""path"": ""signals.259"", ""label"": ""Thermo Fisher filed 10-K""}]"
https://www.sec.gov/Archives/edgar/data/97745/000009774525000016/tmo-20250225.htm,Broken,429,https://www.sec.gov/Archives/edgar/data/97745/000009774525000016/tmo-20250225.htm,,,strict access failure,2026-08-02T19:45:42+00:00,fresh data/link_health.json,[]
https://www.sec.gov/Archives/edgar/data/97745/000009774525000034/tmo-20250423.htm,Broken,429,https://www.sec.gov/Archives/edgar/data/97745/000009774525000034/tmo-20250423.htm,,,strict access failure,2026-08-02T19:45:42+00:00,fresh data/link_health.json,[]
https://www.sec.gov/Archives/edgar/data/97745/000009774525000041/tmo-20250329.htm,Broken,429,https://www.sec.gov/Archives/edgar/data/97745/000009774525000041/tmo-20250329.htm,SEC.gov | Your Request Originates from an Undeclared Automated Tool,,strict access failure,2026-08-02T19:45:42+00:00,fresh data/link_health.json,"[{""file"": ""data/intelligence.json"", ""path"": """", ""label"": """"}, {""file"": ""data/intelligence.json"", ""path"": ""signals.255"", ""label"": ""Thermo Fisher filed 10-Q""}]"
https://www.sec.gov/Archives/edgar/data/97745/000009774525000066/tmo-20250521.htm,Broken,429,https://www.sec.gov/Archives/edgar/data/97745/000009774525000066/tmo-20250521.htm,,,strict access failure,2026-08-02T19:45:42+00:00,fresh data/link_health.json,[]
https://www.sec.gov/Archives/edgar/data/97745/000009774525000069/tmo-20250521.htm,Broken,429,https://www.sec.gov/Archives/edgar/data/97745/000009774525000069/tmo-20250521.htm,,,strict access failure,2026-08-02T19:45:42+00:00,fresh data/link_health.json,[]
https://www.sec.gov/Archives/edgar/data/97745/000009774525000095/tmo-20250723.htm,Broken,429,https://www.sec.gov/Archives/edgar/data/97745/000009774525000095/tmo-20250723.htm,,,strict access failure,2026-08-02T19:45:42+00:00,fresh data/link_health.json,[]
https://www.sec.gov/Archives/edgar/data/97745/000009774525000101/tmo-20250628.htm,Broken,429,https://www.sec.gov/Archives/edgar/data/97745/000009774525000101/tmo-20250628.htm,SEC.gov | Your Request Originates from an Undeclared Automated Tool,,strict access failure,2026-08-02T19:45:43+00:00,fresh data/link_health.json,"[{""file"": ""data/intelligence.json"", ""path"": """", ""label"": """"}, {""file"": ""data/intelligence.json"", ""path"": ""signals.248"", ""label"": ""Thermo Fisher filed 10-Q""}]"
https://www.sec.gov/Archives/edgar/data/97745/000009774525000111/tmo-20250901.htm,Broken,429,https://www.sec.gov/Archives/edgar/data/97745/000009774525000111/tmo-20250901.htm,,,strict access failure,2026-08-02T19:45:43+00:00,fresh data/link_health.json,[]
https://www.sec.gov/Archives/edgar/data/97745/000009774525000150/tmo-20251022.htm,Broken,429,https://www.sec.gov/Archives/edgar/data/97745/000009774525000150/tmo-20251022.htm,,,strict access failure,2026-08-02T19:45:43+00:00,fresh data/link_health.json,[]
https://www.sec.gov/Archives/edgar/data/97745/000009774525000156/tmo-20251029.htm,Broken,429,https://www.sec.gov/Archives/edgar/data/97745/000009774525000156/tmo-20251029.htm,,,strict access failure,2026-08-02T19:45:43+00:00,fresh data/link_health.json,[]
https://www.sec.gov/Archives/edgar/data/97745/000009774525000159/tmo-20250927.htm,Broken,429,https://www.sec.gov/Archives/edgar/data/97745/000009774525000159/tmo-20250927.htm,SEC.gov | Your Request Originates from an Undeclared Automated Tool,,strict access failure,2026-08-02T19:45:43+00:00,fresh data/link_health.json,"[{""file"": ""data/intelligence.json"", ""path"": """", ""label"": """"}, {""file"": ""data/intelligence.json"", ""path"": ""signals.240"", ""label"": ""Thermo Fisher filed 10-Q""}]"
https://www.sec.gov/Archives/edgar/data/97745/000009774526000012/tmo-20260129.htm,Broken,429,https://www.sec.gov/Archives/edgar/data/97745/000009774526000012/tmo-20260129.htm,,,strict access failure,2026-08-02T19:45:43+00:00,fresh data/link_health.json,[]
https://www.sec.gov/Archives/edgar/data/97745/000009774526000018/tmo-20251231.htm,Broken,429,https://www.sec.gov/Archives/edgar/data/97745/000009774526000018/tmo-20251231.htm,SEC.gov | Your Request Originates from an Undeclared Automated Tool,,strict access failure,2026-08-02T19:45:43+00:00,fresh data/link_health.json,"[{""file"": ""data/intelligence.json"", ""path"": """", ""label"": """"}, {""file"": ""data/intelligence.json"", ""path"": ""signals.225"", ""label"": ""Thermo Fisher filed 10-K""}]"
https://www.sec.gov/Archives/edgar/data/97745/000009774526000066/tmo-20260324.htm,Broken,429,https://www.sec.gov/Archives/edgar/data/97745/000009774526000066/tmo-20260324.htm,SEC.gov | Your Request Originates from an Undeclared Automated Tool,,strict access failure,2026-08-02T19:45:43+00:00,fresh data/link_health.json,"[{""file"": ""data/intelligence.json"", ""path"": """", ""label"": """"}, {""file"": ""data/intelligence.json"", ""path"": ""signals.218"", ""label"": ""Thermo Fisher filed 8-K""}]"
https://www.sec.gov/Archives/edgar/data/97745/000009774526000086/tmo-20260423.htm,Broken,429,https://www.sec.gov/Archives/edgar/data/97745/000009774526000086/tmo-20260423.htm,SEC.gov | Your Request Originates from an Undeclared Automated Tool,,strict access failure,2026-08-02T19:45:43+00:00,fresh data/link_health.json,"[{""file"": ""data/intelligence.json"", ""path"": """", ""label"": """"}, {""file"": ""data/intelligence.json"", ""path"": ""signals.209"", ""label"": ""Thermo Fisher filed 8-K""}]"
https://www.sec.gov/Archives/edgar/data/97745/000009774526000092/tmo-20260328.htm,Broken,429,https://www.sec.gov/Archives/edgar/data/97745/000009774526000092/tmo-20260328.htm,SEC.gov | Your Request Originates from an Undeclared Automated Tool,,strict access failure,2026-08-02T19:45:43+00:00,fresh data/link_health.json,"[{""file"": ""data/filing_insights.json"", ""path"": """", ""label"": """"}, {""file"": ""data/filing_insights.json"", ""path"": ""companyCorporateMoves.1"", ""label"": """"}, {""file"": ""data/filing_insights.json"", ""path"": ""companyCorporateMoves.1.items.0"", ""label"": ""Clario Holdings, Inc.""}, {""file"": ""data/filing_insights.json"", ""path"": ""companyCorporateMoves.1.items.1"", ""label"": ""Solventum Purification and Filtration business""}, {""file"": ""data/filing_insights.json"", ""path"": ""companyCorporateMoves.1.items.2"", ""label"": ""Microbiology business sale to Astorg""}, {""file"": ""data/filing_insights.json"", ""path"": ""insights.2"", ""label"": ""Thermo is pairing bioproduction investment with chromatography and MS resilience""}, {""file"": ""data/filing_insights.json"", ""path"": ""insights.3"", ""label"": ""Thermo Analytical Instruments was flat with margin pressure despite chromatography/MS growth""}, {""file"": ""data/intelligence.json"", ""path"": """", ""label"": """"}, {""file"": ""data/intelligence.json"", ""path"": ""signals.204"", ""label"": ""Thermo Fisher filed 10-Q""}]"
https://www.sec.gov/Archives/edgar/data/97745/000009774526000117/tmo-20260520.htm,Broken,429,https://www.sec.gov/Archives/edgar/data/97745/000009774526000117/tmo-20260520.htm,SEC.gov | Your Request Originates from an Undeclared Automated Tool,,strict access failure,2026-08-02T19:45:43+00:00,fresh data/link_health.json,"[{""file"": ""data/intelligence.json"", ""path"": """", ""label"": """"}, {""file"": ""data/intelligence.json"", ""path"": ""signals.192"", ""label"": ""Thermo Fisher filed 8-K""}]"
https://www.sec.gov/Archives/edgar/data/97745/000009774526000138/tmo-20260723.htm,Broken,429,https://www.sec.gov/Archives/edgar/data/97745/000009774526000138/tmo-20260723.htm,SEC.gov | Your Request Originates from an Undeclared Automated Tool,,strict access failure,2026-08-02T19:45:43+00:00,fresh data/link_health.json,"[{""file"": ""data/intelligence.json"", ""path"": """", ""label"": """"}, {""file"": ""data/intelligence.json"", ""path"": ""signals.79"", ""label"": ""Thermo Fisher filed 8-K""}]"
https://www.sec.gov/Archives/edgar/data/97745/000009774526000144/tmo-20260627.htm,Broken,429,https://www.sec.gov/Archives/edgar/data/97745/000009774526000144/tmo-20260627.htm,,,strict access failure,2026-08-02T19:45:44+00:00,fresh data/link_health.json,[]
https://www.sec.gov/Archives/edgar/data/97745/000095015723001058/form8-k.htm,Broken,429,https://www.sec.gov/Archives/edgar/data/97745/000095015723001058/form8-k.htm,,,strict access failure,2026-08-02T19:45:44+00:00,fresh data/link_health.json,[]
https://www.sec.gov/Archives/edgar/data/97745/000095015724000978/form8-k.htm,Broken,429,https://www.sec.gov/Archives/edgar/data/97745/000095015724000978/form8-k.htm,,,strict access failure,2026-08-02T19:45:44+00:00,fresh data/link_health.json,[]
https://www.sec.gov/Archives/edgar/data/97745/000114036123038455/ny20009949x3_8k.htm,Broken,429,https://www.sec.gov/Archives/edgar/data/97745/000114036123038455/ny20009949x3_8k.htm,,,strict access failure,2026-08-02T19:45:44+00:00,fresh data/link_health.json,[]
https://www.sec.gov/Archives/edgar/data/97745/000114036123039086/brhc20057279_8k.htm,Broken,429,https://www.sec.gov/Archives/edgar/data/97745/000114036123039086/brhc20057279_8k.htm,,,strict access failure,2026-08-02T19:45:44+00:00,fresh data/link_health.json,[]
https://www.sec.gov/Archives/edgar/data/97745/000114036123056365/ny20015413x4_8k.htm,Broken,429,https://www.sec.gov/Archives/edgar/data/97745/000114036123056365/ny20015413x4_8k.htm,,,strict access failure,2026-08-02T19:45:44+00:00,fresh data/link_health.json,[]
https://www.sec.gov/Archives/edgar/data/97745/000114036125037501/ef20056709_8k.htm,Broken,429,https://www.sec.gov/Archives/edgar/data/97745/000114036125037501/ef20056709_8k.htm,,,strict access failure,2026-08-02T19:45:44+00:00,fresh data/link_health.json,[]
https://www.sec.gov/Archives/edgar/data/97745/000114036125043790/ef20060146_8k.htm,Broken,429,https://www.sec.gov/Archives/edgar/data/97745/000114036125043790/ef20060146_8k.htm,,,strict access failure,2026-08-02T19:45:44+00:00,fresh data/link_health.json,[]
https://www.sec.gov/Archives/edgar/data/97745/000114036126000871/ef20062683_8k.htm,Broken,429,https://www.sec.gov/Archives/edgar/data/97745/000114036126000871/ef20062683_8k.htm,,,strict access failure,2026-08-02T19:45:44+00:00,fresh data/link_health.json,[]
https://www.sec.gov/Archives/edgar/data/97745/000114036126005014/ef20065513_8k.htm,Broken,429,https://www.sec.gov/Archives/edgar/data/97745/000114036126005014/ef20065513_8k.htm,,,strict access failure,2026-08-02T19:45:44+00:00,fresh data/link_health.json,[]
https://www.sec.gov/edgar/search/,Broken,429,https://www.sec.gov/edgar/search/,SEC.gov | Request Rate Threshold Exceeded,,strict access failure,2026-08-02T19:45:44+00:00,fresh data/link_health.json,"[{""file"": ""data/intelligence.json"", ""path"": """", ""label"": """"}, {""file"": ""data/intelligence.json"", ""path"": ""sourceHealth.13"", ""label"": ""SEC.gov | EDGAR Full Text Search""}, {""file"": ""data/source_catalog.json"", ""path"": """", ""label"": ""Data Source Inventory""}, {""file"": ""data/source_catalog.json"", ""path"": ""sources.16"", ""label"": """"}]"
https://www.sec.gov/search-filings/edgar-application-programming-interfaces,Broken,429,https://www.sec.gov/search-filings/edgar-application-programming-interfaces,,,strict access failure,2026-08-02T19:45:44+00:00,fresh data/link_health.json,[]
https://www.selectscience.net/product/acquity-uplc-beh-columns,OK,200,https://www.selectscience.net/product/acquity-uplc-beh-columns,Buy ACQUITY UPLC BEH Columns Read Reviews,ACQUITY UPLC BEH Columns,,2026-08-02T19:59:04+00:00,fresh direct fetch,[]
https://www.selectscience.net/product/acquity-uplc-beh-columns?reviewItem=0dc1fce5bd3f37a7,OK,200,https://www.selectscience.net/product/acquity-uplc-beh-columns?reviewItem=0dc1fce5bd3f37a7,Buy ACQUITY UPLC BEH Columns Read Reviews,ACQUITY UPLC BEH Columns,,2026-08-02T19:59:04+00:00,fresh direct fetch,[]
https://www.selectscience.net/product/acquity-uplc-beh-columns?reviewItem=107dd2b174d8249c,OK,200,https://www.selectscience.net/product/acquity-uplc-beh-columns?reviewItem=107dd2b174d8249c,Buy ACQUITY UPLC BEH Columns Read Reviews,ACQUITY UPLC BEH Columns,,2026-08-02T19:59:04+00:00,fresh direct fetch,[]
https://www.selectscience.net/product/acquity-uplc-beh-columns?reviewItem=49a845ee73be6c8b,OK,200,https://www.selectscience.net/product/acquity-uplc-beh-columns?reviewItem=49a845ee73be6c8b,Buy ACQUITY UPLC BEH Columns Read Reviews,ACQUITY UPLC BEH Columns,,2026-08-02T19:59:04+00:00,fresh direct fetch,[]
https://www.selectscience.net/product/acquity-uplc-beh-columns?reviewItem=57e414c04f7c8fa0,OK,200,https://www.selectscience.net/product/acquity-uplc-beh-columns?reviewItem=57e414c04f7c8fa0,Buy ACQUITY UPLC BEH Columns Read Reviews,ACQUITY UPLC BEH Columns,,2026-08-02T19:59:05+00:00,fresh direct fetch,[]
https://www.selectscience.net/product/acquity-uplc-beh-columns?reviewItem=5f472e32a69dee4d,OK,200,https://www.selectscience.net/product/acquity-uplc-beh-columns?reviewItem=5f472e32a69dee4d,Buy ACQUITY UPLC BEH Columns Read Reviews,ACQUITY UPLC BEH Columns,,2026-08-02T19:59:05+00:00,fresh direct fetch,[]
https://www.selectscience.net/product/acquity-uplc-beh-columns?reviewItem=682f15c592bb6a30,OK,200,https://www.selectscience.net/product/acquity-uplc-beh-columns?reviewItem=682f15c592bb6a30,Buy ACQUITY UPLC BEH Columns Read Reviews,ACQUITY UPLC BEH Columns,,2026-08-02T19:59:05+00:00,fresh direct fetch,[]
https://www.selectscience.net/product/acquity-uplc-beh-columns?reviewItem=7775276515f0bd6b,OK,200,https://www.selectscience.net/product/acquity-uplc-beh-columns?reviewItem=7775276515f0bd6b,Buy ACQUITY UPLC BEH Columns Read Reviews,ACQUITY UPLC BEH Columns,,2026-08-02T19:59:05+00:00,fresh direct fetch,[]
https://www.selectscience.net/product/acquity-uplc-beh-columns?reviewItem=a5be319de218f915,OK,200,https://www.selectscience.net/product/acquity-uplc-beh-columns?reviewItem=a5be319de218f915,Buy ACQUITY UPLC BEH Columns Read Reviews,ACQUITY UPLC BEH Columns,,2026-08-02T19:59:05+00:00,fresh direct fetch,[]
https://www.selectscience.net/product/acquity-uplc-beh-columns?reviewItem=af4779fd1d5ac54d,OK,200,https://www.selectscience.net/product/acquity-uplc-beh-columns?reviewItem=af4779fd1d5ac54d,Buy ACQUITY UPLC BEH Columns Read Reviews,ACQUITY UPLC BEH Columns,,2026-08-02T19:59:06+00:00,fresh direct fetch,[]
https://www.selectscience.net/product/acquity-uplc-beh-columns?reviewItem=c9fe78a3a38dd3bd,OK,200,https://www.selectscience.net/product/acquity-uplc-beh-columns?reviewItem=c9fe78a3a38dd3bd,Buy ACQUITY UPLC BEH Columns Read Reviews,ACQUITY UPLC BEH Columns,,2026-08-02T19:59:06+00:00,fresh direct fetch,[]
https://www.selectscience.net/product/acquity-uplc-r-beh-c18-and-c8-columns,OK,200,https://www.selectscience.net/product/acquity-uplc-r-beh-c18-and-c8-columns,Buy ACQUITY UPLC® BEH C18 and C8 Columns Read Reviews,,,2026-08-02T19:45:45+00:00,fresh status plus retained title,"[{""file"": ""data/customer_voice.json"", ""path"": """", ""label"": """"}, {""file"": ""data/customer_voice.json"", ""path"": ""sources.0"", ""label"": ""SelectScience product reviews and articles""}, {""file"": ""data/customer_voice.json"", ""path"": ""feedback.31"", ""label"": ""ACQUITY UPLC""}, {""file"": ""data/customer_voice.json"", ""path"": ""feedback.31.evidenceRecords.0"", ""label"": ""SelectScience: Buy ACQUITY UPLC® BEH C18 and C8 Columns Read Reviews""}]"
https://www.selectscience.net/product/acquity-uplc-r-i-class-plus-system,OK,200,https://www.selectscience.net/product/acquity-uplc-r-i-class-plus-system,Buy ACQUITY UPLC® I-Class PLUS System Read Reviews,ACQUITY UPLC® I-Class PLUS System,,2026-08-02T19:59:06+00:00,fresh direct fetch,[]
https://www.selectscience.net/product/acquity-uplc-r-i-class-plus-system?reviewItem=311d45a4f3d87b1f,OK,200,https://www.selectscience.net/product/acquity-uplc-r-i-class-plus-system?reviewItem=311d45a4f3d87b1f,Buy ACQUITY UPLC® I-Class PLUS System Read Reviews,ACQUITY UPLC® I-Class PLUS System,,2026-08-02T19:59:06+00:00,fresh direct fetch,[]
https://www.selectscience.net/product/acquity-uplc-r-i-class-plus-system?reviewItem=3790ce74a9a5e464,OK,200,https://www.selectscience.net/product/acquity-uplc-r-i-class-plus-system?reviewItem=3790ce74a9a5e464,Buy ACQUITY UPLC® I-Class PLUS System Read Reviews,ACQUITY UPLC® I-Class PLUS System,,2026-08-02T19:59:06+00:00,fresh direct fetch,[]
https://www.selectscience.net/product/acquity-uplc-system,OK,200,https://www.selectscience.net/product/acquity-uplc-system,Buy ACQUITY UPLC System Read Reviews,ACQUITY UPLC System,,2026-08-02T19:59:06+00:00,fresh direct fetch,[]
https://www.selectscience.net/product/acquity-uplc-system?reviewItem=092f02d2c39bb832,OK,200,https://www.selectscience.net/product/acquity-uplc-system?reviewItem=092f02d2c39bb832,Buy ACQUITY UPLC System Read Reviews,ACQUITY UPLC System,,2026-08-02T19:59:06+00:00,fresh direct fetch,[]
https://www.selectscience.net/product/acquity-uplc-system?reviewItem=2cc06e7fe15169b5,OK,200,https://www.selectscience.net/product/acquity-uplc-system?reviewItem=2cc06e7fe15169b5,Buy ACQUITY UPLC System Read Reviews,ACQUITY UPLC System,,2026-08-02T19:59:06+00:00,fresh direct fetch,[]
https://www.selectscience.net/product/acquity-uplc-system?reviewItem=2edc40de2c9c2caf,OK,200,https://www.selectscience.net/product/acquity-uplc-system?reviewItem=2edc40de2c9c2caf,Buy ACQUITY UPLC System Read Reviews,ACQUITY UPLC System,,2026-08-02T19:59:06+00:00,fresh direct fetch,[]
https://www.selectscience.net/product/acquity-uplc-system?reviewItem=6221c8f6f636b7f0,OK,200,https://www.selectscience.net/product/acquity-uplc-system?reviewItem=6221c8f6f636b7f0,Buy ACQUITY UPLC System Read Reviews,ACQUITY UPLC System,,2026-08-02T19:59:06+00:00,fresh direct fetch,[]
https://www.selectscience.net/product/acquity-uplc-system?reviewItem=798502d0223c581a,OK,200,https://www.selectscience.net/product/acquity-uplc-system?reviewItem=798502d0223c581a,Buy ACQUITY UPLC System Read Reviews,ACQUITY UPLC System,,2026-08-02T19:59:06+00:00,fresh direct fetch,[]
https://www.selectscience.net/product/acquity-uplc-system?reviewItem=7a650fe72acf9413,OK,200,https://www.selectscience.net/product/acquity-uplc-system?reviewItem=7a650fe72acf9413,Buy ACQUITY UPLC System Read Reviews,ACQUITY UPLC System,,2026-08-02T19:59:06+00:00,fresh direct fetch,[]
https://www.selectscience.net/product/acquity-uplc-system?reviewItem=7c26c12b4f6f1229,OK,200,https://www.selectscience.net/product/acquity-uplc-system?reviewItem=7c26c12b4f6f1229,Buy ACQUITY UPLC System Read Reviews,ACQUITY UPLC System,,2026-08-02T19:59:06+00:00,fresh direct fetch,[]
https://www.selectscience.net/product/acquity-uplc-system?reviewItem=80de55562dc487aa,OK,200,https://www.selectscience.net/product/acquity-uplc-system?reviewItem=80de55562dc487aa,Buy ACQUITY UPLC System Read Reviews,ACQUITY UPLC System,,2026-08-02T19:59:06+00:00,fresh direct fetch,[]
https://www.selectscience.net/product/acquity-uplc-system?reviewItem=8b464302dbd5f2dc,OK,200,https://www.selectscience.net/product/acquity-uplc-system?reviewItem=8b464302dbd5f2dc,Buy ACQUITY UPLC System Read Reviews,ACQUITY UPLC System,,2026-08-02T19:59:06+00:00,fresh direct fetch,[]
https://www.selectscience.net/product/acquity-uplc-system?reviewItem=9e92cb23643cb02e,OK,200,https://www.selectscience.net/product/acquity-uplc-system?reviewItem=9e92cb23643cb02e,Buy ACQUITY UPLC System Read Reviews,ACQUITY UPLC System,,2026-08-02T19:59:06+00:00,fresh direct fetch,[]
https://www.selectscience.net/product/agilent-1260-infinity-iii-binary-pump/,OK,200,https://www.selectscience.net/product/agilent-1260-infinity-iii-binary-pump/,Buy Agilent 1260 Infinity III Binary Pump Read Reviews,Agilent 1260 Infinity III Binary Pump,,2026-08-02T19:59:06+00:00,fresh direct fetch,[]
https://www.selectscience.net/product/agilent-1260-infinity-iii-binary-pump?reviewItem=193d61a060bcaa01,OK,200,https://www.selectscience.net/product/agilent-1260-infinity-iii-binary-pump?reviewItem=193d61a060bcaa01,Buy Agilent 1260 Infinity III Binary Pump Read Reviews,Agilent 1260 Infinity III Binary Pump,,2026-08-02T19:59:06+00:00,fresh direct fetch,[]
https://www.selectscience.net/product/agilent-1290-infinity-ii-lc-system/,OK,200,https://www.selectscience.net/product/agilent-1290-infinity-ii-lc-system/,Buy Agilent 1290 Infinity II LC System Read Reviews,Agilent 1290 Infinity II LC System,,2026-08-02T19:59:06+00:00,fresh direct fetch,[]
https://www.selectscience.net/product/agilent-1290-infinity-ii-lc-system?reviewItem=239dd59d05feb934,OK,200,https://www.selectscience.net/product/agilent-1290-infinity-ii-lc-system?reviewItem=239dd59d05feb934,Buy Agilent 1290 Infinity II LC System Read Reviews,Agilent 1290 Infinity II LC System,,2026-08-02T19:59:06+00:00,fresh direct fetch,[]
https://www.selectscience.net/product/agilent-1290-infinity-ii-lc-system?reviewItem=566332f51015522f,OK,200,https://www.selectscience.net/product/agilent-1290-infinity-ii-lc-system?reviewItem=566332f51015522f,Buy Agilent 1290 Infinity II LC System Read Reviews,Agilent 1290 Infinity II LC System,,2026-08-02T19:59:06+00:00,fresh direct fetch,[]
https://www.selectscience.net/product/agilent-1290-infinity-ii-lc-system?reviewItem=81bf75624c66c500,OK,200,https://www.selectscience.net/product/agilent-1290-infinity-ii-lc-system?reviewItem=81bf75624c66c500,Buy Agilent 1290 Infinity II LC System Read Reviews,Agilent 1290 Infinity II LC System,,2026-08-02T19:59:06+00:00,fresh direct fetch,[]
https://www.selectscience.net/product/agilent-1290-infinity-ii-lc-system?reviewItem=98dffc09a1644d9b,OK,200,https://www.selectscience.net/product/agilent-1290-infinity-ii-lc-system?reviewItem=98dffc09a1644d9b,Buy Agilent 1290 Infinity II LC System Read Reviews,Agilent 1290 Infinity II LC System,,2026-08-02T19:59:06+00:00,fresh direct fetch,[]
https://www.selectscience.net/product/agilent-1290-infinity-ii-lc-system?reviewItem=a5bda60eecae55e3,OK,200,https://www.selectscience.net/product/agilent-1290-infinity-ii-lc-system?reviewItem=a5bda60eecae55e3,Buy Agilent 1290 Infinity II LC System Read Reviews,Agilent 1290 Infinity II LC System,,2026-08-02T19:59:07+00:00,fresh direct fetch,[]
https://www.selectscience.net/product/agilent-1290-infinity-ii-lc-system?reviewItem=adb2baf246f98528,OK,200,https://www.selectscience.net/product/agilent-1290-infinity-ii-lc-system?reviewItem=adb2baf246f98528,Buy Agilent 1290 Infinity II LC System Read Reviews,Agilent 1290 Infinity II LC System,,2026-08-02T19:59:07+00:00,fresh direct fetch,[]
https://www.selectscience.net/product/agilent-1290-infinity-ii-lc-system?reviewItem=b033272462717711,OK,200,https://www.selectscience.net/product/agilent-1290-infinity-ii-lc-system?reviewItem=b033272462717711,Buy Agilent 1290 Infinity II LC System Read Reviews,Agilent 1290 Infinity II LC System,,2026-08-02T19:59:07+00:00,fresh direct fetch,[]
https://www.selectscience.net/product/agilent-1290-infinity-ii-lc-system?reviewItem=b55109634f99472b,OK,200,https://www.selectscience.net/product/agilent-1290-infinity-ii-lc-system?reviewItem=b55109634f99472b,Buy Agilent 1290 Infinity II LC System Read Reviews,Agilent 1290 Infinity II LC System,,2026-08-02T19:59:07+00:00,fresh direct fetch,[]
https://www.selectscience.net/product/agilent-1290-infinity-ii-lc-system?reviewItem=c6b950b76c02e348,OK,200,https://www.selectscience.net/product/agilent-1290-infinity-ii-lc-system?reviewItem=c6b950b76c02e348,Buy Agilent 1290 Infinity II LC System Read Reviews,Agilent 1290 Infinity II LC System,,2026-08-02T19:59:07+00:00,fresh direct fetch,[]
https://www.selectscience.net/product/agilent-1290-infinity-ii-lc-system?reviewItem=dafea9f68162ad00,OK,200,https://www.selectscience.net/product/agilent-1290-infinity-ii-lc-system?reviewItem=dafea9f68162ad00,Buy Agilent 1290 Infinity II LC System Read Reviews,Agilent 1290 Infinity II LC System,,2026-08-02T19:59:07+00:00,fresh direct fetch,[]
https://www.selectscience.net/product/agilent-1290-infinity-iii-lc-system,OK,200,https://www.selectscience.net/product/agilent-1290-infinity-iii-lc-system,Buy Agilent 1290 Infinity III LC System Read Reviews,Agilent 1290 Infinity III LC System,,2026-08-02T19:59:07+00:00,fresh direct fetch,[]
https://www.selectscience.net/product/agilent-1290-infinity-iii-lc-system?reviewItem=42c5a95da8e3d91d,OK,200,https://www.selectscience.net/product/agilent-1290-infinity-iii-lc-system?reviewItem=42c5a95da8e3d91d,Buy Agilent 1290 Infinity III LC System Read Reviews,Agilent 1290 Infinity III LC System,,2026-08-02T19:59:07+00:00,fresh direct fetch,[]
https://www.selectscience.net/product/arc-hplc-system,OK,200,https://www.selectscience.net/product/arc-hplc-system,Buy Arc HPLC System Read Reviews,Arc HPLC System,,2026-08-02T19:59:08+00:00,fresh direct fetch,[]
https://www.selectscience.net/product/arc-hplc-system?reviewItem=0568db63471e745f,OK,200,https://www.selectscience.net/product/arc-hplc-system?reviewItem=0568db63471e745f,Buy Arc HPLC System Read Reviews,Arc HPLC System,,2026-08-02T19:59:08+00:00,fresh direct fetch,[]
https://www.selectscience.net/product/arc-hplc-system?reviewItem=0e5b2545d7d11f15,OK,200,https://www.selectscience.net/product/arc-hplc-system?reviewItem=0e5b2545d7d11f15,Buy Arc HPLC System Read Reviews,Arc HPLC System,,2026-08-02T19:59:08+00:00,fresh direct fetch,[]
https://www.selectscience.net/product/arc-hplc-system?reviewItem=159e7b5e6219fa06,OK,200,https://www.selectscience.net/product/arc-hplc-system?reviewItem=159e7b5e6219fa06,Buy Arc HPLC System Read Reviews,Arc HPLC System,,2026-08-02T19:59:08+00:00,fresh direct fetch,[]
https://www.selectscience.net/product/arc-hplc-system?reviewItem=2ce3f8c184d2244f,OK,200,https://www.selectscience.net/product/arc-hplc-system?reviewItem=2ce3f8c184d2244f,Buy Arc HPLC System Read Reviews,Arc HPLC System,,2026-08-02T19:59:08+00:00,fresh direct fetch,[]
https://www.selectscience.net/product/arc-hplc-system?reviewItem=4c73326f68110cdf,OK,200,https://www.selectscience.net/product/arc-hplc-system?reviewItem=4c73326f68110cdf,Buy Arc HPLC System Read Reviews,Arc HPLC System,,2026-08-02T19:59:08+00:00,fresh direct fetch,[]
https://www.selectscience.net/product/arc-hplc-system?reviewItem=6711faeb55e9d989,OK,200,https://www.selectscience.net/product/arc-hplc-system?reviewItem=6711faeb55e9d989,Buy Arc HPLC System Read Reviews,Arc HPLC System,,2026-08-02T19:59:08+00:00,fresh direct fetch,[]
https://www.selectscience.net/product/arc-hplc-system?reviewItem=7438bc9e9e4a06a0,OK,200,https://www.selectscience.net/product/arc-hplc-system?reviewItem=7438bc9e9e4a06a0,Buy Arc HPLC System Read Reviews,Arc HPLC System,,2026-08-02T19:59:08+00:00,fresh direct fetch,[]
https://www.selectscience.net/product/arc-hplc-system?reviewItem=823dc30b19dcb94c,OK,200,https://www.selectscience.net/product/arc-hplc-system?reviewItem=823dc30b19dcb94c,Buy Arc HPLC System Read Reviews,Arc HPLC System,,2026-08-02T19:59:09+00:00,fresh direct fetch,[]
https://www.selectscience.net/product/arc-hplc-system?reviewItem=c6866ce0f446fc50,OK,200,https://www.selectscience.net/product/arc-hplc-system?reviewItem=c6866ce0f446fc50,Buy Arc HPLC System Read Reviews,Arc HPLC System,,2026-08-02T19:59:09+00:00,fresh direct fetch,[]
https://www.selectscience.net/product/arc-hplc-system?reviewItem=dd59084477b562c5,OK,200,https://www.selectscience.net/product/arc-hplc-system?reviewItem=dd59084477b562c5,Buy Arc HPLC System Read Reviews,Arc HPLC System,,2026-08-02T19:59:09+00:00,fresh direct fetch,[]
https://www.selectscience.net/product/high-performance-liquid-chromatography,OK,200,https://www.selectscience.net/product/high-performance-liquid-chromatography,Buy High performance liquid chromatography Read Reviews,High performance liquid chromatography,,2026-08-02T19:59:09+00:00,fresh direct fetch,[]
https://www.selectscience.net/product/high-performance-liquid-chromatography?reviewItem=9c5de04de3c01894,OK,200,https://www.selectscience.net/product/high-performance-liquid-chromatography?reviewItem=9c5de04de3c01894,Buy High performance liquid chromatography Read Reviews,High performance liquid chromatography,,2026-08-02T19:59:09+00:00,fresh direct fetch,[]
https://www.selectscience.net/product/high-performance-liquid-chromatography?reviewItem=cf26ccf9c378b8b3,OK,200,https://www.selectscience.net/product/high-performance-liquid-chromatography?reviewItem=cf26ccf9c378b8b3,Buy High performance liquid chromatography Read Reviews,High performance liquid chromatography,,2026-08-02T19:59:09+00:00,fresh direct fetch,[]
https://www.selectscience.net/product/high-performance-liquid-chromatography?reviewItem=f524877e9e3ef844,OK,200,https://www.selectscience.net/product/high-performance-liquid-chromatography?reviewItem=f524877e9e3ef844,Buy High performance liquid chromatography Read Reviews,High performance liquid chromatography,,2026-08-02T19:59:09+00:00,fresh direct fetch,[]
https://www.selectscience.net/product/i-series-integrated-u-hplc-systems,OK,200,https://www.selectscience.net/product/i-series-integrated-u-hplc-systems,Buy i-Series Integrated (U)HPLC Systems Read Reviews,i-Series Integrated (U)HPLC Systems,,2026-08-02T19:59:09+00:00,fresh direct fetch,[]
https://www.selectscience.net/product/i-series-integrated-u-hplc-systems?reviewItem=27602c7bf21a7900,OK,200,https://www.selectscience.net/product/i-series-integrated-u-hplc-systems?reviewItem=27602c7bf21a7900,Buy i-Series Integrated (U)HPLC Systems Read Reviews,i-Series Integrated (U)HPLC Systems,,2026-08-02T19:59:09+00:00,fresh direct fetch,[]
https://www.selectscience.net/product/i-series-integrated-u-hplc-systems?reviewItem=2cc644405b0fc909,OK,200,https://www.selectscience.net/product/i-series-integrated-u-hplc-systems?reviewItem=2cc644405b0fc909,Buy i-Series Integrated (U)HPLC Systems Read Reviews,i-Series Integrated (U)HPLC Systems,,2026-08-02T19:59:09+00:00,fresh direct fetch,[]
https://www.selectscience.net/product/i-series-integrated-u-hplc-systems?reviewItem=3f0e6414642aa906,OK,200,https://www.selectscience.net/product/i-series-integrated-u-hplc-systems?reviewItem=3f0e6414642aa906,Buy i-Series Integrated (U)HPLC Systems Read Reviews,i-Series Integrated (U)HPLC Systems,,2026-08-02T19:59:09+00:00,fresh direct fetch,[]
https://www.selectscience.net/product/i-series-integrated-u-hplc-systems?reviewItem=4a758f8fedac9057,OK,200,https://www.selectscience.net/product/i-series-integrated-u-hplc-systems?reviewItem=4a758f8fedac9057,Buy i-Series Integrated (U)HPLC Systems Read Reviews,i-Series Integrated (U)HPLC Systems,,2026-08-02T19:59:09+00:00,fresh direct fetch,[]
https://www.selectscience.net/product/i-series-integrated-u-hplc-systems?reviewItem=598b6687c01fa6c2,OK,200,https://www.selectscience.net/product/i-series-integrated-u-hplc-systems?reviewItem=598b6687c01fa6c2,Buy i-Series Integrated (U)HPLC Systems Read Reviews,i-Series Integrated (U)HPLC Systems,,2026-08-02T19:59:09+00:00,fresh direct fetch,[]
https://www.selectscience.net/product/i-series-integrated-u-hplc-systems?reviewItem=75889baa795ad86e,OK,200,https://www.selectscience.net/product/i-series-integrated-u-hplc-systems?reviewItem=75889baa795ad86e,Buy i-Series Integrated (U)HPLC Systems Read Reviews,i-Series Integrated (U)HPLC Systems,,2026-08-02T19:59:09+00:00,fresh direct fetch,[]
https://www.selectscience.net/product/i-series-integrated-u-hplc-systems?reviewItem=a7e66164e9c68aab,OK,200,https://www.selectscience.net/product/i-series-integrated-u-hplc-systems?reviewItem=a7e66164e9c68aab,Buy i-Series Integrated (U)HPLC Systems Read Reviews,i-Series Integrated (U)HPLC Systems,,2026-08-02T19:59:09+00:00,fresh direct fetch,[]
https://www.selectscience.net/product/i-series-integrated-u-hplc-systems?reviewItem=c382c6a957df4b26,OK,200,https://www.selectscience.net/product/i-series-integrated-u-hplc-systems?reviewItem=c382c6a957df4b26,Buy i-Series Integrated (U)HPLC Systems Read Reviews,i-Series Integrated (U)HPLC Systems,,2026-08-02T19:59:09+00:00,fresh direct fetch,[]
https://www.selectscience.net/product/i-series-integrated-u-hplc-systems?reviewItem=e0620a2efeecf624,OK,200,https://www.selectscience.net/product/i-series-integrated-u-hplc-systems?reviewItem=e0620a2efeecf624,Buy i-Series Integrated (U)HPLC Systems Read Reviews,i-Series Integrated (U)HPLC Systems,,2026-08-02T19:59:09+00:00,fresh direct fetch,[]
https://www.selectscience.net/product/i-series-integrated-u-hplc-systems?reviewItem=f1879f6d392554c7,OK,200,https://www.selectscience.net/product/i-series-integrated-u-hplc-systems?reviewItem=f1879f6d392554c7,Buy i-Series Integrated (U)HPLC Systems Read Reviews,i-Series Integrated (U)HPLC Systems,,2026-08-02T19:59:09+00:00,fresh direct fetch,[]
https://www.selectscience.net/product/lc-300-tm-hplc-and-uhplc-system/,OK,200,https://www.selectscience.net/product/lc-300-tm-hplc-and-uhplc-system/,Buy LC 300™ HPLC & UHPLC System Read Reviews,LC 300™ HPLC & UHPLC System,,2026-08-02T19:59:09+00:00,fresh direct fetch,[]
https://www.selectscience.net/product/lc-300-tm-hplc-and-uhplc-system?reviewItem=7af31a11eb15b674,OK,200,https://www.selectscience.net/product/lc-300-tm-hplc-and-uhplc-system?reviewItem=7af31a11eb15b674,Buy LC 300™ HPLC & UHPLC System Read Reviews,LC 300™ HPLC & UHPLC System,,2026-08-02T19:59:09+00:00,fresh direct fetch,[]
https://www.selectscience.net/product/lc-300-tm-hplc-and-uhplc-system?reviewItem=896608f46269ee1f,OK,200,https://www.selectscience.net/product/lc-300-tm-hplc-and-uhplc-system?reviewItem=896608f46269ee1f,Buy LC 300™ HPLC & UHPLC System Read Reviews,LC 300™ HPLC & UHPLC System,,2026-08-02T19:59:09+00:00,fresh direct fetch,[]
https://www.selectscience.net/product/lc-300-tm-hplc-and-uhplc-system?reviewItem=9e7090adb9f4ebb7,OK,200,https://www.selectscience.net/product/lc-300-tm-hplc-and-uhplc-system?reviewItem=9e7090adb9f4ebb7,Buy LC 300™ HPLC & UHPLC System Read Reviews,LC 300™ HPLC & UHPLC System,,2026-08-02T19:59:09+00:00,fresh direct fetch,[]
https://www.selectscience.net/product/lc-300-tm-hplc-and-uhplc-system?reviewItem=b1ab07e5649e3684,OK,200,https://www.selectscience.net/product/lc-300-tm-hplc-and-uhplc-system?reviewItem=b1ab07e5649e3684,Buy LC 300™ HPLC & UHPLC System Read Reviews,LC 300™ HPLC & UHPLC System,,2026-08-02T19:59:09+00:00,fresh direct fetch,[]
https://www.selectscience.net/product/lc-300-tm-hplc-and-uhplc-system?reviewItem=c8299bd22468a4f9,OK,200,https://www.selectscience.net/product/lc-300-tm-hplc-and-uhplc-system?reviewItem=c8299bd22468a4f9,Buy LC 300™ HPLC & UHPLC System Read Reviews,LC 300™ HPLC & UHPLC System,,2026-08-02T19:59:09+00:00,fresh direct fetch,[]
https://www.selectscience.net/product/lc-300-tm-hplc-and-uhplc-system?reviewItem=f62e0b63f694b571,OK,200,https://www.selectscience.net/product/lc-300-tm-hplc-and-uhplc-system?reviewItem=f62e0b63f694b571,Buy LC 300™ HPLC & UHPLC System Read Reviews,LC 300™ HPLC & UHPLC System,,2026-08-02T19:59:09+00:00,fresh direct fetch,[]
https://www.selectscience.net/product/nexera-40-series-uhplc,OK,200,https://www.selectscience.net/product/nexera-40-series-uhplc,Buy Nexera 40 Series UHPLC Read Reviews,Nexera 40 Series UHPLC,,2026-08-02T19:59:09+00:00,fresh direct fetch,[]
https://www.selectscience.net/product/nexera-40-series-uhplc?reviewItem=1ecd3f34a563ab40,OK,200,https://www.selectscience.net/product/nexera-40-series-uhplc?reviewItem=1ecd3f34a563ab40,Buy Nexera 40 Series UHPLC Read Reviews,Nexera 40 Series UHPLC,,2026-08-02T19:59:09+00:00,fresh direct fetch,[]
https://www.selectscience.net/product/nexera-40-series-uhplc?reviewItem=23f89a37438247d6,OK,200,https://www.selectscience.net/product/nexera-40-series-uhplc?reviewItem=23f89a37438247d6,Buy Nexera 40 Series UHPLC Read Reviews,Nexera 40 Series UHPLC,,2026-08-02T19:59:09+00:00,fresh direct fetch,[]
https://www.selectscience.net/product/nexera-40-series-uhplc?reviewItem=4ff32d1701a7f81c,OK,200,https://www.selectscience.net/product/nexera-40-series-uhplc?reviewItem=4ff32d1701a7f81c,Buy Nexera 40 Series UHPLC Read Reviews,Nexera 40 Series UHPLC,,2026-08-02T19:59:09+00:00,fresh direct fetch,[]
https://www.selectscience.net/product/nexera-40-series-uhplc?reviewItem=59ab8c0ab73f0692,OK,200,https://www.selectscience.net/product/nexera-40-series-uhplc?reviewItem=59ab8c0ab73f0692,Buy Nexera 40 Series UHPLC Read Reviews,Nexera 40 Series UHPLC,,2026-08-02T19:59:09+00:00,fresh direct fetch,[]
https://www.selectscience.net/product/nexera-40-series-uhplc?reviewItem=63b6e86e4a9fd5c4,OK,200,https://www.selectscience.net/product/nexera-40-series-uhplc?reviewItem=63b6e86e4a9fd5c4,Buy Nexera 40 Series UHPLC Read Reviews,Nexera 40 Series UHPLC,,2026-08-02T19:59:09+00:00,fresh direct fetch,[]
https://www.selectscience.net/product/nexera-40-series-uhplc?reviewItem=7788e1c99b3707a6,OK,200,https://www.selectscience.net/product/nexera-40-series-uhplc?reviewItem=7788e1c99b3707a6,Buy Nexera 40 Series UHPLC Read Reviews,Nexera 40 Series UHPLC,,2026-08-02T19:59:09+00:00,fresh direct fetch,[]
https://www.selectscience.net/product/nexera-40-series-uhplc?reviewItem=97867f146bd1ed72,OK,200,https://www.selectscience.net/product/nexera-40-series-uhplc?reviewItem=97867f146bd1ed72,Buy Nexera 40 Series UHPLC Read Reviews,Nexera 40 Series UHPLC,,2026-08-02T19:59:09+00:00,fresh direct fetch,[]
https://www.selectscience.net/product/nexera-40-series-uhplc?reviewItem=9dafabbcad96deda,OK,200,https://www.selectscience.net/product/nexera-40-series-uhplc?reviewItem=9dafabbcad96deda,Buy Nexera 40 Series UHPLC Read Reviews,Nexera 40 Series UHPLC,,2026-08-02T19:59:09+00:00,fresh direct fetch,[]
https://www.selectscience.net/product/nexera-40-series-uhplc?reviewItem=ac56535f2a546b40,OK,200,https://www.selectscience.net/product/nexera-40-series-uhplc?reviewItem=ac56535f2a546b40,Buy Nexera 40 Series UHPLC Read Reviews,Nexera 40 Series UHPLC,,2026-08-02T19:59:09+00:00,fresh direct fetch,[]
https://www.selectscience.net/product/nexera-40-series-uhplc?reviewItem=d1c3f7aadc2fee7e,OK,200,https://www.selectscience.net/product/nexera-40-series-uhplc?reviewItem=d1c3f7aadc2fee7e,Buy Nexera 40 Series UHPLC Read Reviews,Nexera 40 Series UHPLC,,2026-08-02T19:59:09+00:00,fresh direct fetch,[]
https://www.selectscience.net/product/prominence-hplc-system,OK,200,https://www.selectscience.net/product/prominence-hplc-system,Buy Prominence HPLC System Read Reviews,Prominence HPLC System,,2026-08-02T19:59:09+00:00,fresh direct fetch,[]
https://www.selectscience.net/product/prominence-hplc-system?reviewItem=02cb66dd6558ce1e,OK,200,https://www.selectscience.net/product/prominence-hplc-system?reviewItem=02cb66dd6558ce1e,Buy Prominence HPLC System Read Reviews,Prominence HPLC System,,2026-08-02T19:59:10+00:00,fresh direct fetch,[]
https://www.selectscience.net/product/prominence-hplc-system?reviewItem=03e2a874b8bdeeba,OK,200,https://www.selectscience.net/product/prominence-hplc-system?reviewItem=03e2a874b8bdeeba,Buy Prominence HPLC System Read Reviews,Prominence HPLC System,,2026-08-02T19:59:10+00:00,fresh direct fetch,[]
https://www.selectscience.net/product/prominence-hplc-system?reviewItem=2250865037572af4,OK,200,https://www.selectscience.net/product/prominence-hplc-system?reviewItem=2250865037572af4,Buy Prominence HPLC System Read Reviews,Prominence HPLC System,,2026-08-02T19:59:10+00:00,fresh direct fetch,[]
https://www.selectscience.net/product/prominence-hplc-system?reviewItem=4a487c5d1c3a7c6d,OK,200,https://www.selectscience.net/product/prominence-hplc-system?reviewItem=4a487c5d1c3a7c6d,Buy Prominence HPLC System Read Reviews,Prominence HPLC System,,2026-08-02T19:59:11+00:00,fresh direct fetch,[]
https://www.selectscience.net/product/prominence-hplc-system?reviewItem=6d4de10bfd04f126,OK,200,https://www.selectscience.net/product/prominence-hplc-system?reviewItem=6d4de10bfd04f126,Buy Prominence HPLC System Read Reviews,Prominence HPLC System,,2026-08-02T19:59:11+00:00,fresh direct fetch,[]
https://www.selectscience.net/product/prominence-hplc-system?reviewItem=9b309c16ea8ea3db,OK,200,https://www.selectscience.net/product/prominence-hplc-system?reviewItem=9b309c16ea8ea3db,Buy Prominence HPLC System Read Reviews,Prominence HPLC System,,2026-08-02T19:59:11+00:00,fresh direct fetch,[]
https://www.selectscience.net/product/prominence-hplc-system?reviewItem=af7e7e99964c85a2,OK,200,https://www.selectscience.net/product/prominence-hplc-system?reviewItem=af7e7e99964c85a2,Buy Prominence HPLC System Read Reviews,Prominence HPLC System,,2026-08-02T19:59:11+00:00,fresh direct fetch,[]
https://www.selectscience.net/product/prominence-hplc-system?reviewItem=b1dbfb3392d4cd53,OK,200,https://www.selectscience.net/product/prominence-hplc-system?reviewItem=b1dbfb3392d4cd53,Buy Prominence HPLC System Read Reviews,Prominence HPLC System,,2026-08-02T19:59:11+00:00,fresh direct fetch,[]
https://www.selectscience.net/product/prominence-hplc-system?reviewItem=daceae579093b6c6,OK,200,https://www.selectscience.net/product/prominence-hplc-system?reviewItem=daceae579093b6c6,Buy Prominence HPLC System Read Reviews,Prominence HPLC System,,2026-08-02T19:59:11+00:00,fresh direct fetch,[]
https://www.selectscience.net/product/prominence-hplc-system?reviewItem=e91ddb42623372a6,OK,200,https://www.selectscience.net/product/prominence-hplc-system?reviewItem=e91ddb42623372a6,Buy Prominence HPLC System Read Reviews,Prominence HPLC System,,2026-08-02T19:59:11+00:00,fresh direct fetch,[]
https://www.selectscience.net/product/thermo-scientific-tm-vanquish-tm-flex-quaternary-uhplc-system,OK,200,https://www.selectscience.net/product/thermo-scientific-tm-vanquish-tm-flex-quaternary-uhplc-system,Buy Thermo Scientific™ Vanquish™ Flex Quaternary UHPLC System Read Reviews,Thermo Scientific™ Vanquish™ Flex Quaternary UHPLC System,,2026-08-02T19:59:11+00:00,fresh direct fetch,[]
https://www.selectscience.net/product/thermo-scientific-tm-vanquish-tm-flex-quaternary-uhplc-system?reviewItem=054a29ba26fd3e1a,OK,200,https://www.selectscience.net/product/thermo-scientific-tm-vanquish-tm-flex-quaternary-uhplc-system?reviewItem=054a29ba26fd3e1a,Buy Thermo Scientific™ Vanquish™ Flex Quaternary UHPLC System Read Reviews,Thermo Scientific™ Vanquish™ Flex Quaternary UHPLC System,,2026-08-02T19:59:11+00:00,fresh direct fetch,[]
https://www.selectscience.net/product/thermo-scientific-tm-vanquish-tm-flex-quaternary-uhplc-system?reviewItem=0748c03a5da1a2f9,OK,200,https://www.selectscience.net/product/thermo-scientific-tm-vanquish-tm-flex-quaternary-uhplc-system?reviewItem=0748c03a5da1a2f9,Buy Thermo Scientific™ Vanquish™ Flex Quaternary UHPLC System Read Reviews,Thermo Scientific™ Vanquish™ Flex Quaternary UHPLC System,,2026-08-02T19:59:11+00:00,fresh direct fetch,[]
https://www.selectscience.net/product/thermo-scientific-tm-vanquish-tm-flex-quaternary-uhplc-system?reviewItem=0dfbed6168201997,OK,200,https://www.selectscience.net/product/thermo-scientific-tm-vanquish-tm-flex-quaternary-uhplc-system?reviewItem=0dfbed6168201997,Buy Thermo Scientific™ Vanquish™ Flex Quaternary UHPLC System Read Reviews,Thermo Scientific™ Vanquish™ Flex Quaternary UHPLC System,,2026-08-02T19:59:11+00:00,fresh direct fetch,[]
https://www.selectscience.net/product/thermo-scientific-tm-vanquish-tm-flex-quaternary-uhplc-system?reviewItem=37840dac493e2c49,OK,200,https://www.selectscience.net/product/thermo-scientific-tm-vanquish-tm-flex-quaternary-uhplc-system?reviewItem=37840dac493e2c49,Buy Thermo Scientific™ Vanquish™ Flex Quaternary UHPLC System Read Reviews,Thermo Scientific™ Vanquish™ Flex Quaternary UHPLC System,,2026-08-02T19:59:11+00:00,fresh direct fetch,[]
https://www.selectscience.net/product/thermo-scientific-tm-vanquish-tm-flex-quaternary-uhplc-system?reviewItem=42abce790d69a459,OK,200,https://www.selectscience.net/product/thermo-scientific-tm-vanquish-tm-flex-quaternary-uhplc-system?reviewItem=42abce790d69a459,Buy Thermo Scientific™ Vanquish™ Flex Quaternary UHPLC System Read Reviews,Thermo Scientific™ Vanquish™ Flex Quaternary UHPLC System,,2026-08-02T19:59:11+00:00,fresh direct fetch,[]
https://www.selectscience.net/product/thermo-scientific-tm-vanquish-tm-flex-quaternary-uhplc-system?reviewItem=42c5c3a1766ef489,OK,200,https://www.selectscience.net/product/thermo-scientific-tm-vanquish-tm-flex-quaternary-uhplc-system?reviewItem=42c5c3a1766ef489,Buy Thermo Scientific™ Vanquish™ Flex Quaternary UHPLC System Read Reviews,Thermo Scientific™ Vanquish™ Flex Quaternary UHPLC System,,2026-08-02T19:59:11+00:00,fresh direct fetch,[]
https://www.selectscience.net/product/thermo-scientific-tm-vanquish-tm-flex-quaternary-uhplc-system?reviewItem=4d822ee5a9663b8b,OK,200,https://www.selectscience.net/product/thermo-scientific-tm-vanquish-tm-flex-quaternary-uhplc-system?reviewItem=4d822ee5a9663b8b,Buy Thermo Scientific™ Vanquish™ Flex Quaternary UHPLC System Read Reviews,Thermo Scientific™ Vanquish™ Flex Quaternary UHPLC System,,2026-08-02T19:59:11+00:00,fresh direct fetch,[]
https://www.selectscience.net/product/thermo-scientific-tm-vanquish-tm-flex-quaternary-uhplc-system?reviewItem=8535ed9e65733277,OK,200,https://www.selectscience.net/product/thermo-scientific-tm-vanquish-tm-flex-quaternary-uhplc-system?reviewItem=8535ed9e65733277,Buy Thermo Scientific™ Vanquish™ Flex Quaternary UHPLC System Read Reviews,Thermo Scientific™ Vanquish™ Flex Quaternary UHPLC System,,2026-08-02T19:59:11+00:00,fresh direct fetch,[]
https://www.selectscience.net/product/thermo-scientific-tm-vanquish-tm-flex-quaternary-uhplc-system?reviewItem=b99c3ec45f4ce267,OK,200,https://www.selectscience.net/product/thermo-scientific-tm-vanquish-tm-flex-quaternary-uhplc-system?reviewItem=b99c3ec45f4ce267,Buy Thermo Scientific™ Vanquish™ Flex Quaternary UHPLC System Read Reviews,Thermo Scientific™ Vanquish™ Flex Quaternary UHPLC System,,2026-08-02T19:59:12+00:00,fresh direct fetch,[]
https://www.selectscience.net/product/thermo-scientific-tm-vanquish-tm-flex-quaternary-uhplc-system?reviewItem=ec99819d527a6450,OK,200,https://www.selectscience.net/product/thermo-scientific-tm-vanquish-tm-flex-quaternary-uhplc-system?reviewItem=ec99819d527a6450,Buy Thermo Scientific™ Vanquish™ Flex Quaternary UHPLC System Read Reviews,Thermo Scientific™ Vanquish™ Flex Quaternary UHPLC System,,2026-08-02T19:59:12+00:00,fresh direct fetch,[]
https://www.selectscience.net/product/thermo-scientific-tm-vanquish-tm-horizon-uhplc-system,OK,200,https://www.selectscience.net/product/thermo-scientific-tm-vanquish-tm-horizon-uhplc-system,Buy Thermo Scientific™ Vanquish™ Horizon UHPLC System Read Reviews,Thermo Scientific™ Vanquish™ Horizon UHPLC System,,2026-08-02T19:59:12+00:00,fresh direct fetch,[]
https://www.selectscience.net/product/thermo-scientific-tm-vanquish-tm-horizon-uhplc-system?reviewItem=418a39a329a4cfef,OK,200,https://www.selectscience.net/product/thermo-scientific-tm-vanquish-tm-horizon-uhplc-system?reviewItem=418a39a329a4cfef,Buy Thermo Scientific™ Vanquish™ Horizon UHPLC System Read Reviews,Thermo Scientific™ Vanquish™ Horizon UHPLC System,,2026-08-02T19:59:12+00:00,fresh direct fetch,[]
https://www.selectscience.net/product/thermo-scientific-tm-vanquish-tm-horizon-uhplc-system?reviewItem=fdc4360f02238176,OK,200,https://www.selectscience.net/product/thermo-scientific-tm-vanquish-tm-horizon-uhplc-system?reviewItem=fdc4360f02238176,Buy Thermo Scientific™ Vanquish™ Horizon UHPLC System Read Reviews,Thermo Scientific™ Vanquish™ Horizon UHPLC System,,2026-08-02T19:59:12+00:00,fresh direct fetch,[]
https://www.selectscience.net/product/thermo-scientific-tm-vanquish-tm-neo-uhplc-system/,OK,200,https://www.selectscience.net/product/thermo-scientific-tm-vanquish-tm-neo-uhplc-system/,Buy Thermo Scientific™ Vanquish™ Neo UHPLC System Read Reviews,Thermo Scientific™ Vanquish™ Neo UHPLC System,,2026-08-02T19:59:12+00:00,fresh direct fetch,[]
https://www.selectscience.net/product/thermo-scientific-tm-vanquish-tm-neo-uhplc-system?reviewItem=01399f44a3ef54ac,OK,200,https://www.selectscience.net/product/thermo-scientific-tm-vanquish-tm-neo-uhplc-system?reviewItem=01399f44a3ef54ac,Buy Thermo Scientific™ Vanquish™ Neo UHPLC System Read Reviews,Thermo Scientific™ Vanquish™ Neo UHPLC System,,2026-08-02T19:59:12+00:00,fresh direct fetch,[]
https://www.selectscience.net/product/thermo-scientific-tm-vanquish-tm-neo-uhplc-system?reviewItem=349c51086249f5b0,OK,200,https://www.selectscience.net/product/thermo-scientific-tm-vanquish-tm-neo-uhplc-system?reviewItem=349c51086249f5b0,Buy Thermo Scientific™ Vanquish™ Neo UHPLC System Read Reviews,Thermo Scientific™ Vanquish™ Neo UHPLC System,,2026-08-02T19:59:12+00:00,fresh direct fetch,[]
https://www.selectscience.net/product/thermo-scientific-tm-vanquish-tm-neo-uhplc-system?reviewItem=4c41c48a5c6a8872,OK,200,https://www.selectscience.net/product/thermo-scientific-tm-vanquish-tm-neo-uhplc-system?reviewItem=4c41c48a5c6a8872,Buy Thermo Scientific™ Vanquish™ Neo UHPLC System Read Reviews,Thermo Scientific™ Vanquish™ Neo UHPLC System,,2026-08-02T19:59:12+00:00,fresh direct fetch,[]
https://www.selectscience.net/product/thermo-scientific-tm-vanquish-tm-neo-uhplc-system?reviewItem=6aeb40fce4e8b2d1,OK,200,https://www.selectscience.net/product/thermo-scientific-tm-vanquish-tm-neo-uhplc-system?reviewItem=6aeb40fce4e8b2d1,Buy Thermo Scientific™ Vanquish™ Neo UHPLC System Read Reviews,Thermo Scientific™ Vanquish™ Neo UHPLC System,,2026-08-02T19:59:12+00:00,fresh direct fetch,[]
https://www.selectscience.net/product/thermo-scientific-tm-vanquish-tm-neo-uhplc-system?reviewItem=736b53b7fc68a6ac,OK,200,https://www.selectscience.net/product/thermo-scientific-tm-vanquish-tm-neo-uhplc-system?reviewItem=736b53b7fc68a6ac,Buy Thermo Scientific™ Vanquish™ Neo UHPLC System Read Reviews,Thermo Scientific™ Vanquish™ Neo UHPLC System,,2026-08-02T19:59:12+00:00,fresh direct fetch,[]
https://www.selectscience.net/product/thermo-scientific-tm-vanquish-tm-neo-uhplc-system?reviewItem=80e2a812db393ad1,OK,200,https://www.selectscience.net/product/thermo-scientific-tm-vanquish-tm-neo-uhplc-system?reviewItem=80e2a812db393ad1,Buy Thermo Scientific™ Vanquish™ Neo UHPLC System Read Reviews,Thermo Scientific™ Vanquish™ Neo UHPLC System,,2026-08-02T19:59:12+00:00,fresh direct fetch,[]
https://www.selectscience.net/product/thermo-scientific-tm-vanquish-tm-neo-uhplc-system?reviewItem=b1515c6884982023,OK,200,https://www.selectscience.net/product/thermo-scientific-tm-vanquish-tm-neo-uhplc-system?reviewItem=b1515c6884982023,Buy Thermo Scientific™ Vanquish™ Neo UHPLC System Read Reviews,Thermo Scientific™ Vanquish™ Neo UHPLC System,,2026-08-02T19:59:12+00:00,fresh direct fetch,[]
https://www.selectscience.net/product/thermo-scientific-tm-vanquish-tm-neo-uhplc-system?reviewItem=b9bd534ca60f5beb,OK,200,https://www.selectscience.net/product/thermo-scientific-tm-vanquish-tm-neo-uhplc-system?reviewItem=b9bd534ca60f5beb,Buy Thermo Scientific™ Vanquish™ Neo UHPLC System Read Reviews,Thermo Scientific™ Vanquish™ Neo UHPLC System,,2026-08-02T19:59:12+00:00,fresh direct fetch,[]
https://www.selectscience.net/product/thermo-scientific-tm-vanquish-tm-neo-uhplc-system?reviewItem=d6f6ddf8ef9fb7b0,OK,200,https://www.selectscience.net/product/thermo-scientific-tm-vanquish-tm-neo-uhplc-system?reviewItem=d6f6ddf8ef9fb7b0,Buy Thermo Scientific™ Vanquish™ Neo UHPLC System Read Reviews,Thermo Scientific™ Vanquish™ Neo UHPLC System,,2026-08-02T19:59:12+00:00,fresh direct fetch,[]
https://www.selectscience.net/product/thermo-scientific-tm-vanquish-tm-neo-uhplc-system?reviewItem=dd5f00c5d17521a6,OK,200,https://www.selectscience.net/product/thermo-scientific-tm-vanquish-tm-neo-uhplc-system?reviewItem=dd5f00c5d17521a6,Buy Thermo Scientific™ Vanquish™ Neo UHPLC System Read Reviews,Thermo Scientific™ Vanquish™ Neo UHPLC System,,2026-08-02T19:59:12+00:00,fresh direct fetch,[]
https://www.selectscience.net/product/waters-alliance-tm-hplc-system,OK,200,https://www.selectscience.net/product/waters-alliance-tm-hplc-system,Buy Waters Alliance™ HPLC System Read Reviews,Waters Alliance™ HPLC System,,2026-08-02T19:59:12+00:00,fresh direct fetch,[]
https://www.selectscience.net/product/waters-alliance-tm-hplc-system?reviewItem=2cee73bf161b73ee,OK,200,https://www.selectscience.net/product/waters-alliance-tm-hplc-system?reviewItem=2cee73bf161b73ee,Buy Waters Alliance™ HPLC System Read Reviews,Waters Alliance™ HPLC System,,2026-08-02T19:59:12+00:00,fresh direct fetch,[]
https://www.selectscience.net/product/waters-alliance-tm-hplc-system?reviewItem=2e1995292650a0b1,OK,200,https://www.selectscience.net/product/waters-alliance-tm-hplc-system?reviewItem=2e1995292650a0b1,Buy Waters Alliance™ HPLC System Read Reviews,Waters Alliance™ HPLC System,,2026-08-02T19:59:12+00:00,fresh direct fetch,[]
https://www.selectscience.net/product/waters-alliance-tm-hplc-system?reviewItem=461225f48c15e074,OK,200,https://www.selectscience.net/product/waters-alliance-tm-hplc-system?reviewItem=461225f48c15e074,Buy Waters Alliance™ HPLC System Read Reviews,Waters Alliance™ HPLC System,,2026-08-02T19:59:12+00:00,fresh direct fetch,[]
https://www.selectscience.net/product/waters-alliance-tm-hplc-system?reviewItem=5fc7e28d5781bcf5,OK,200,https://www.selectscience.net/product/waters-alliance-tm-hplc-system?reviewItem=5fc7e28d5781bcf5,Buy Waters Alliance™ HPLC System Read Reviews,Waters Alliance™ HPLC System,,2026-08-02T19:59:12+00:00,fresh direct fetch,[]
https://www.selectscience.net/product/waters-alliance-tm-hplc-system?reviewItem=63b6de85b057f5c5,OK,200,https://www.selectscience.net/product/waters-alliance-tm-hplc-system?reviewItem=63b6de85b057f5c5,Buy Waters Alliance™ HPLC System Read Reviews,Waters Alliance™ HPLC System,,2026-08-02T19:59:12+00:00,fresh direct fetch,[]
https://www.selectscience.net/product/waters-alliance-tm-hplc-system?reviewItem=6ffe2e42ca74773f,OK,200,https://www.selectscience.net/product/waters-alliance-tm-hplc-system?reviewItem=6ffe2e42ca74773f,Buy Waters Alliance™ HPLC System Read Reviews,Waters Alliance™ HPLC System,,2026-08-02T19:59:13+00:00,fresh direct fetch,[]
https://www.selectscience.net/product/waters-alliance-tm-hplc-system?reviewItem=a509ff1d33fdfedc,OK,200,https://www.selectscience.net/product/waters-alliance-tm-hplc-system?reviewItem=a509ff1d33fdfedc,Buy Waters Alliance™ HPLC System Read Reviews,Waters Alliance™ HPLC System,,2026-08-02T19:59:13+00:00,fresh direct fetch,[]
https://www.selectscience.net/product/waters-alliance-tm-hplc-system?reviewItem=b6d84af28dba35f8,OK,200,https://www.selectscience.net/product/waters-alliance-tm-hplc-system?reviewItem=b6d84af28dba35f8,Buy Waters Alliance™ HPLC System Read Reviews,Waters Alliance™ HPLC System,,2026-08-02T19:59:13+00:00,fresh direct fetch,[]
https://www.selectscience.net/product/waters-alliance-tm-hplc-system?reviewItem=c9153a046a0ebd4d,OK,200,https://www.selectscience.net/product/waters-alliance-tm-hplc-system?reviewItem=c9153a046a0ebd4d,Buy Waters Alliance™ HPLC System Read Reviews,Waters Alliance™ HPLC System,,2026-08-02T19:59:14+00:00,fresh direct fetch,[]
https://www.selectscience.net/product/waters-alliance-tm-hplc-system?reviewItem=eaf72330eba832e8,OK,200,https://www.selectscience.net/product/waters-alliance-tm-hplc-system?reviewItem=eaf72330eba832e8,Buy Waters Alliance™ HPLC System Read Reviews,Waters Alliance™ HPLC System,,2026-08-02T19:59:14+00:00,fresh direct fetch,[]
https://www.sepscience.com/,OK,200,https://www.sepscience.com/,Premier Learning for Analytical Scientists | Separation Science | Separation Science,,,2026-08-02T19:45:52+00:00,fresh status plus retained title,"[{""file"": ""data/journal_sources.json"", ""path"": """", ""label"": """"}, {""file"": ""data/journal_sources.json"", ""path"": ""sources.2"", ""label"": ""Separation Science""}]"
https://www.sepscience.com/automation-and-digital-integration-in-high-throughput-chromatography-workflows-12623,OK,200,https://www.sepscience.com/automation-and-digital-integration-in-high-throughput-chromatography-workflows-12623,Automation and Digital Integration in High-Throughput Chromatography Workflows | Separation Science,Automation and Digital Integration in High-Throughput Chromatography Workflows,,2026-08-02T19:59:14+00:00,fresh direct fetch,"[{""file"": ""data/journal_sources.json"", ""path"": ""Separation Science.recentRecords.6"", ""label"": ""Automation And Digital Integration In High Throughput Chromatography Workflows""}]"
https://www.sepscience.com/characterizing-particle-morphology-and-solid-state-purity-in-separation-method-optimization-12624,OK,200,https://www.sepscience.com/characterizing-particle-morphology-and-solid-state-purity-in-separation-method-optimization-12624,Characterizing Particle Morphology and Solid-State Purity in Separation Method Optimization | Separation Science,Characterizing Particle Morphology and Solid-State Purity in Separation Method Optimization,,2026-08-02T19:59:14+00:00,fresh direct fetch,"[{""file"": ""data/journal_sources.json"", ""path"": ""Separation Science.recentRecords.5"", ""label"": ""Characterizing Particle Morphology And Solid State Purity In Separation Method Optimization""}]"
https://www.sepscience.com/chemical-residues-in-focus-modern-strategies-for-trace-detection-sample-preparation-and-data-integrity-12618,OK,200,https://www.sepscience.com/chemical-residues-in-focus-modern-strategies-for-trace-detection-sample-preparation-and-data-integrity-12618,"Chemical Residues in Focus: Modern Strategies for Trace Detection, Sample Preparation, and Data Integrity | Separation Science","Chemical Residues in Focus: Modern Strategies for Trace Detection, Sample Preparation, and Data Integrity",,2026-08-02T19:59:14+00:00,fresh direct fetch,"[{""file"": ""data/journal_sources.json"", ""path"": ""Separation Science.recentRecords.8"", ""label"": ""Chemical Residues In Focus Modern Strategies For Trace Detection Sample Preparation And Data Integrity""}]"
https://www.sepscience.com/decoding-brain-insulin-resistance-with-glp-1-therapeutics-the-frontier-of-ev-biomarkers-12627,OK,200,https://www.sepscience.com/decoding-brain-insulin-resistance-with-glp-1-therapeutics-the-frontier-of-ev-biomarkers-12627,Decoding Brain Insulin Resistance with GLP-1 Therapeutics: The Frontier of EV Biomarkers | Separation Science,Decoding Brain Insulin Resistance with GLP-1 Therapeutics: The Frontier of EV Biomarkers,,2026-08-02T19:59:14+00:00,fresh direct fetch,"[{""file"": ""data/journal_sources.json"", ""path"": ""Separation Science.recentRecords.0"", ""label"": ""Decoding Brain Insulin Resistance With Glp 1 Therapeutics The Frontier Of Ev Biomarkers""}]"
https://www.sepscience.com/from-downtime-to-data-how-long-life-lc-columns-transform-high-throughput-labs-12617,OK,200,https://www.sepscience.com/from-downtime-to-data-how-long-life-lc-columns-transform-high-throughput-labs-12617,From Downtime to Data: How Long-Life LC Columns Transform High-Throughput Labs | Separation Science,From Downtime to Data: How Long-Life LC Columns Transform High-Throughput Labs,,2026-08-02T19:59:14+00:00,fresh direct fetch,"[{""file"": ""data/journal_sources.json"", ""path"": ""Separation Science.recentRecords.11"", ""label"": ""From Downtime To Data How Long Life LC Columns Transform High Throughput Labs""}]"
https://www.sepscience.com/harnessing-explainable-ai-to-navigate-process-intensification-data-with-single-step-mixed-mode-chromatography-12621,OK,200,https://www.sepscience.com/harnessing-explainable-ai-to-navigate-process-intensification-data-with-single-step-mixed-mode-chromatography-12621,Harnessing Explainable AI to Navigate Process Intensification Data with Single-Step Mixed-Mode Chromatography | Separation Science,Harnessing Explainable AI to Navigate Process Intensification Data with Single-Step Mixed-Mode Chromatography,,2026-08-02T19:59:14+00:00,fresh direct fetch,"[{""file"": ""data/journal_sources.json"", ""path"": ""Separation Science.recentRecords.4"", ""label"": ""Harnessing Explainable AI To Navigate Process Intensification Data With Single Step Mixed Mode Chromatography""}]"
https://www.sepscience.com/nist-introduces-nist-26-at-asms-a-true-breakthrough-in-the-use-of-mass-spectrometry-12620,OK,200,https://www.sepscience.com/nist-introduces-nist-26-at-asms-a-true-breakthrough-in-the-use-of-mass-spectrometry-12620,NIST Introduces NIST 26 at ASMS: A True Breakthrough in the Use of Mass Spectrometry | Separation Science,NIST Introduces NIST 26 at ASMS: A True Breakthrough in the Use of Mass Spectrometry,,2026-08-02T19:59:14+00:00,fresh direct fetch,"[{""file"": ""data/journal_sources.json"", ""path"": ""Separation Science.recentRecords.7"", ""label"": ""Nist Introduces Nist 26 At Asms A True Breakthrough In The Use Of Mass Spectrometry""}]"
https://www.sepscience.com/precision-molecular-recognition-how-mofs-and-cofs-are-revolutionizing-industrial-separations-12615,OK,200,https://www.sepscience.com/precision-molecular-recognition-how-mofs-and-cofs-are-revolutionizing-industrial-separations-12615,Precision Molecular Recognition: How MOFs and COFs Are Revolutionizing Industrial Separations | Separation Science,Precision Molecular Recognition: How MOFs and COFs Are Revolutionizing Industrial Separations,,2026-08-02T19:59:14+00:00,fresh direct fetch,"[{""file"": ""data/journal_sources.json"", ""path"": ""Separation Science.recentRecords.10"", ""label"": ""Precision Molecular Recognition How Mofs And Cofs Are Revolutionizing Industrial Separations""}]"
https://www.sepscience.com/redefining-adc-characterization-for-the-next-generation-12628,OK,200,https://www.sepscience.com/redefining-adc-characterization-for-the-next-generation-12628,Redefining ADC Characterization for the Next Generation | Separation Science,Redefining ADC Characterization for the Next Generation,,2026-08-02T19:59:14+00:00,fresh direct fetch,"[{""file"": ""data/journal_sources.json"", ""path"": ""Separation Science.recentRecords.2"", ""label"": ""Redefining ADC Characterization For The Next Generation""}]"
https://www.sepscience.com/sitemap/sitemap-articles-1.xml,OK,200,https://www.sepscience.com/sitemap/sitemap-articles-1.xml,,,,2026-08-02T19:59:14+00:00,fresh direct fetch,[]
https://www.sepscience.com/slalom-chromatography-for-the-genomic-era-12625,OK,200,https://www.sepscience.com/slalom-chromatography-for-the-genomic-era-12625,Slalom Chromatography for the Genomic Era | Separation Science,Slalom Chromatography for the Genomic Era,,2026-08-02T19:59:14+00:00,fresh direct fetch,"[{""file"": ""data/journal_sources.json"", ""path"": ""Separation Science.recentRecords.1"", ""label"": ""Slalom Chromatography For The Genomic Era""}]"
https://www.sepscience.com/strategic-pre-fractionation-the-role-of-benchtop-column-separation-in-high-throughput-lc-workflows-12622,OK,200,https://www.sepscience.com/strategic-pre-fractionation-the-role-of-benchtop-column-separation-in-high-throughput-lc-workflows-12622,Strategic Pre-Fractionation: The Role of Benchtop Column Separation in High-Throughput LC Workflows | Separation Science,Strategic Pre-Fractionation: The Role of Benchtop Column Separation in High-Throughput LC Workflows,,2026-08-02T19:59:14+00:00,fresh direct fetch,"[{""file"": ""data/journal_sources.json"", ""path"": ""Separation Science.recentRecords.3"", ""label"": ""Strategic Pre Fractionation The Role Of Benchtop Column Separation In High Throughput LC Workflows""}]"
https://www.sepscience.com/the-rise-of-organic-solvent-nanofiltration-and-hybrid-membrane-systems-12614,OK,200,https://www.sepscience.com/the-rise-of-organic-solvent-nanofiltration-and-hybrid-membrane-systems-12614,The Rise of Organic Solvent Nanofiltration and Hybrid Membrane Systems | Separation Science,The Rise of Organic Solvent Nanofiltration and Hybrid Membrane Systems,,2026-08-02T19:59:14+00:00,fresh direct fetch,"[{""file"": ""data/journal_sources.json"", ""path"": ""Separation Science.recentRecords.9"", ""label"": ""The Rise Of Organic Solvent Nanofiltration And Hybrid Membrane Systems""}]"
https://www.setac.org/discover-events/global-meetings/setac-north-america-47th-annual-meeting.html,OK,200,https://www.setac.org/discover-events/global-meetings/setac-north-america-47th-annual-meeting.html,SETAC North America 47th Annual Meeting,,,2026-08-02T19:45:52+00:00,fresh status plus retained title,"[{""file"": ""data/conference_preparation.json"", ""path"": """", ""label"": """"}, {""file"": ""data/conference_preparation.json"", ""path"": ""events.6"", ""label"": ""SETAC North America 2026""}, {""file"": ""data/conference_preparation.json"", ""path"": ""events.6.monitoringLinks.0"", ""label"": ""2026 meeting and theme""}]"
https://www.setac.org/discover-events/global-meetings/setac-north-america-47th-annual-meeting/exhibits-supporters/become-an-exhibitor.html,OK,200,https://www.setac.org/discover-events/global-meetings/setac-north-america-47th-annual-meeting/exhibits-supporters/become-an-exhibitor.html,SETAC North America 47th Annual Meeting,SETAC North America 47th Annual Meeting,,2026-08-02T19:59:14+00:00,fresh direct fetch,[]
https://www.setac.org/discover-events/global-meetings/setac-north-america-47th-annual-meeting/exhibits-supporters/exhibitor-listing-and-floor-plan.html,OK,200,https://www.setac.org/discover-events/global-meetings/setac-north-america-47th-annual-meeting/exhibits-supporters/exhibitor-listing-and-floor-plan.html,SETAC North America 47th Annual Meeting,,,2026-08-02T19:45:52+00:00,fresh status plus retained title,"[{""file"": ""data/conference_preparation.json"", ""path"": """", ""label"": """"}, {""file"": ""data/conference_preparation.json"", ""path"": ""events.6"", ""label"": ""SETAC North America 2026""}, {""file"": ""data/conference_preparation.json"", ""path"": ""events.6.monitoringLinks.2"", ""label"": ""Exhibitor listing""}]"
https://www.setac.org/discover-events/global-meetings/setac-north-america-47th-annual-meeting/general-info/program-committee.html,OK,200,https://www.setac.org/discover-events/global-meetings/setac-north-america-47th-annual-meeting/general-info/program-committee.html,SETAC North America 47th Annual Meeting,SETAC North America 47th Annual Meeting,,2026-08-02T19:59:14+00:00,fresh direct fetch,[]
https://www.setac.org/discover-events/global-meetings/setac-north-america-47th-annual-meeting/program.html,OK,200,https://www.setac.org/discover-events/global-meetings/setac-north-america-47th-annual-meeting/program/daily-schedule.html,SETAC North America 47th Annual Meeting,SETAC North America 47th Annual Meeting,,2026-08-02T19:59:14+00:00,fresh direct fetch,[]
https://www.setac.org/discover-events/global-meetings/setac-north-america-47th-annual-meeting/program/abstract-submission.html,OK,200,https://www.setac.org/discover-events/global-meetings/setac-north-america-47th-annual-meeting/program/abstract-submission.html,SETAC North America 47th Annual Meeting,SETAC North America 47th Annual Meeting,,2026-08-02T19:59:14+00:00,fresh direct fetch,[]
https://www.setac.org/discover-events/global-meetings/setac-north-america-47th-annual-meeting/program/daily-schedule.html,OK,200,https://www.setac.org/discover-events/global-meetings/setac-north-america-47th-annual-meeting/program/daily-schedule.html,SETAC North America 47th Annual Meeting,,,2026-08-02T19:45:52+00:00,fresh status plus retained title,"[{""file"": ""data/conference_preparation.json"", ""path"": """", ""label"": """"}, {""file"": ""data/conference_preparation.json"", ""path"": ""events.6"", ""label"": ""SETAC North America 2026""}, {""file"": ""data/conference_preparation.json"", ""path"": ""events.6.monitoringLinks.1"", ""label"": ""2026 program""}, {""file"": ""data/conference_sources.json"", ""path"": """", ""label"": """"}, {""file"": ""data/conference_sources.json"", ""path"": ""events.28"", ""label"": ""SETAC US""}]"
https://www.setac.org/discover-events/global-meetings/setac-north-america-47th-annual-meeting/program/formats-and-guidelines.html,OK,200,https://www.setac.org/discover-events/global-meetings/setac-north-america-47th-annual-meeting/program/formats-and-guidelines.html,SETAC North America 47th Annual Meeting,SETAC North America 47th Annual Meeting,,2026-08-02T19:59:14+00:00,fresh direct fetch,[]
https://www.setac.org/discover-events/global-meetings/setac-north-america-47th-annual-meeting/program/plenary-speakers.html,OK,200,https://www.setac.org/discover-events/global-meetings/setac-north-america-47th-annual-meeting/program/plenary-speakers.html,SETAC North America 47th Annual Meeting,SETAC North America 47th Annual Meeting,,2026-08-02T19:59:14+00:00,fresh direct fetch,[]
https://www.setac.org/discover-events/global-meetings/setac-north-america-47th-annual-meeting/program/propose-an-event.html,Broken,429,https://www.setac.org/discover-events/global-meetings/setac-north-america-47th-annual-meeting/program/propose-an-event.html,,,strict access failure,2026-08-02T19:45:52+00:00,fresh data/link_health.json,[]
https://www.setac.org/discover-events/global-meetings/setac-north-america-47th-annual-meeting/program/publish-your-work-with-setac.html,OK,200,https://www.setac.org/discover-events/global-meetings/setac-north-america-47th-annual-meeting/program/publish-your-work-with-setac.html,SETAC North America 47th Annual Meeting,SETAC North America 47th Annual Meeting,,2026-08-02T19:59:14+00:00,fresh direct fetch,[]
https://www.setac.org/discover-events/workshops.html,OK,200,https://www.setac.org/discover-events/workshops.html,Workshops,Workshops,,2026-08-02T19:59:14+00:00,fresh direct fetch,[]
https://www.shimadzu.co.jp/cl/products/nexera-lc-ms/index.html,OK,200,https://www.shimadzu.co.jp/cl/products/nexera-lc-ms/index.html,[SHIMADZU] 製品情報 - Nexera CL LCMS システム | 臨床検体検査機器 | 島津製作所,,,2026-08-02T19:45:53+00:00,fresh status plus retained title,"[{""file"": ""data/product_launches.json"", ""path"": """", ""label"": """"}, {""file"": ""data/product_launches.json"", ""path"": ""launches.4"", ""label"": ""Nexera CL LCMS System""}]"
https://www.shimadzu.com/an/apl/25705/index.html,OK,200,https://www.shimadzu.com/an/apl/25705/index.html,An Ultra-high Sensitivity Analysis of 29 PFAS Compounds in Drinking Water by Direct Injection : SHIMADZU (Shimadzu Corporation),,,2026-08-02T19:45:53+00:00,fresh status plus retained title,"[{""file"": ""data/intelligence.json"", ""path"": """", ""label"": """"}, {""file"": ""data/intelligence.json"", ""path"": ""recommendations.0"", ""label"": ""Decide whether to package a PFAS-ready regulated quantitation workflow""}, {""file"": ""data/intelligence.json"", ""path"": ""recommendations.0.urgency"", ""label"": """"}, {""file"": ""data/intelligence.json"", ""path"": ""recommendations.0.urgency.competitorActions.0"", ""label"": """"}]"
https://www.shimadzu.com/an/products/liquid-chromatograph-mass-spectrometry/automated-lc-msms/index.html,OK,200,https://www.shimadzu.com/an/products/liquid-chromatograph-mass-spectrometry/automated-lc-msms/index.html,Automated LC-MS/MS : SHIMADZU (Shimadzu Corporation),,,2026-08-02T19:45:53+00:00,fresh status plus retained title,"[{""file"": ""data/intelligence.json"", ""path"": """", ""label"": """"}, {""file"": ""data/intelligence.json"", ""path"": ""signals.145"", ""label"": ""Shimadzu added Index.Html""}]"
https://www.shimadzu.com/an/products/liquid-chromatograph-mass-spectrometry/index.html,OK,200,https://www.shimadzu.com/an/products/liquid-chromatograph-mass-spectrometry/index.html,Advanced LC-MS Solutions | SHIMADZU,,,2026-08-02T19:45:53+00:00,fresh status plus retained title,"[{""file"": ""data/intelligence.json"", ""path"": """", ""label"": """"}, {""file"": ""data/intelligence.json"", ""path"": ""sourceHealth.8"", ""label"": ""Advanced LC-MS Solutions | SHIMADZU""}, {""file"": ""data/intelligence.json"", ""path"": ""signals.87"", ""label"": ""Shimadzu added Index.Html""}, {""file"": ""data/source_catalog.json"", ""path"": """", ""label"": ""Data Source Inventory""}, {""file"": ""data/source_catalog.json"", ""path"": ""sources.10"", ""label"": """"}]"
https://www.shimadzu.com/an/products/liquid-chromatograph-mass-spectrometry/lc-ms-consumables/stable-labeled-standards/index.html,OK,200,https://www.shimadzu.com/an/products/liquid-chromatograph-mass-spectrometry/lc-ms-consumables/stable-labeled-standards/index.html,Stable Labeled Standards : SHIMADZU (Shimadzu Corporation),,,2026-08-02T19:45:53+00:00,fresh status plus retained title,"[{""file"": ""data/intelligence.json"", ""path"": """", ""label"": """"}, {""file"": ""data/intelligence.json"", ""path"": ""signals.147"", ""label"": ""Shimadzu added Index.Html""}]"
https://www.shimadzu.com/an/products/liquid-chromatograph-mass-spectrometry/lc-ms-option/clam-2040/index.html,OK,200,https://www.shimadzu.com/an/products/liquid-chromatograph-mass-spectrometry/lc-ms-option/clam-2040/index.html,CLAM-2040 : SHIMADZU (Shimadzu Corporation),,,2026-08-02T19:45:53+00:00,fresh status plus retained title,"[{""file"": ""data/intelligence.json"", ""path"": """", ""label"": """"}, {""file"": ""data/intelligence.json"", ""path"": ""signals.126"", ""label"": ""Shimadzu added Index.Html""}]"
https://www.shimadzu.com/an/products/liquid-chromatograph-mass-spectrometry/lc-ms-option/dpims-8060/index.html,OK,200,https://www.shimadzu.com/an/products/liquid-chromatograph-mass-spectrometry/lc-ms-option/dpims-8060/index.html,DPiMS-8060 : SHIMADZU (Shimadzu Corporation),,,2026-08-02T19:45:53+00:00,fresh status plus retained title,"[{""file"": ""data/intelligence.json"", ""path"": """", ""label"": """"}, {""file"": ""data/intelligence.json"", ""path"": ""signals.123"", ""label"": ""Shimadzu added Index.Html""}]"
https://www.shimadzu.com/an/products/liquid-chromatograph-mass-spectrometry/lc-ms-option/dpims-qt/index.html,OK,200,https://www.shimadzu.com/an/products/liquid-chromatograph-mass-spectrometry/lc-ms-option/dpims-qt/index.html,DPiMS™ QT : SHIMADZU (Shimadzu Corporation),,,2026-08-02T19:45:53+00:00,fresh status plus retained title,"[{""file"": ""data/intelligence.json"", ""path"": """", ""label"": """"}, {""file"": ""data/intelligence.json"", ""path"": ""signals.124"", ""label"": ""Shimadzu added Index.Html""}]"
https://www.shimadzu.com/an/products/liquid-chromatograph-mass-spectrometry/lc-ms-option/index.html,OK,200,https://www.shimadzu.com/an/products/liquid-chromatograph-mass-spectrometry/lc-ms-option/index.html,LC-MS Components &amp; Accessories : SHIMADZU (Shimadzu Corporation),,,2026-08-02T19:45:53+00:00,fresh status plus retained title,"[{""file"": ""data/intelligence.json"", ""path"": """", ""label"": """"}, {""file"": ""data/intelligence.json"", ""path"": ""signals.125"", ""label"": ""Shimadzu added Index.Html""}]"
https://www.shimadzu.com/an/products/liquid-chromatograph-mass-spectrometry/lc-ms-software/high-resolution-accurate-mass-library-for-forensic-toxicology/index.html,OK,200,https://www.shimadzu.com/an/products/liquid-chromatograph-mass-spectrometry/lc-ms-software/high-resolution-accurate-mass-library-for-forensic-toxicology/index.html,High Resolution Accurate Mass Library for Forensic Toxicology : SHIMADZU (Shimadzu Corporation),,,2026-08-02T19:45:53+00:00,fresh status plus retained title,"[{""file"": ""data/intelligence.json"", ""path"": """", ""label"": """"}, {""file"": ""data/intelligence.json"", ""path"": ""signals.143"", ""label"": ""Shimadzu added Index.Html""}]"
https://www.shimadzu.com/an/products/liquid-chromatograph-mass-spectrometry/lc-ms-software/iflagger/index.html,OK,200,https://www.shimadzu.com/an/products/liquid-chromatograph-mass-spectrometry/lc-ms-software/iflagger/index.html,iFlagger : SHIMADZU (Shimadzu Corporation),,,2026-08-02T19:45:53+00:00,fresh status plus retained title,"[{""file"": ""data/intelligence.json"", ""path"": """", ""label"": """"}, {""file"": ""data/intelligence.json"", ""path"": ""signals.135"", ""label"": ""Shimadzu added Index.Html""}]"
https://www.shimadzu.com/an/products/liquid-chromatograph-mass-spectrometry/lc-ms-software/index.html,OK,200,https://www.shimadzu.com/an/products/liquid-chromatograph-mass-spectrometry/lc-ms-software/index.html,LC-MS Software : SHIMADZU (Shimadzu Corporation),,,2026-08-02T19:45:53+00:00,fresh status plus retained title,"[{""file"": ""data/intelligence.json"", ""path"": """", ""label"": """"}, {""file"": ""data/intelligence.json"", ""path"": ""signals.136"", ""label"": ""Shimadzu added Index.Html""}]"
https://www.shimadzu.com/an/products/liquid-chromatograph-mass-spectrometry/lc-ms-software/labsolutions-insight-biologics/index.html,OK,200,https://www.shimadzu.com/an/products/liquid-chromatograph-mass-spectrometry/lc-ms-software/labsolutions-insight-biologics/index.html,LabSolutions Insight Biologics : SHIMADZU (Shimadzu Corporation),,,2026-08-02T19:45:53+00:00,fresh status plus retained title,"[{""file"": ""data/intelligence.json"", ""path"": """", ""label"": """"}, {""file"": ""data/intelligence.json"", ""path"": ""signals.144"", ""label"": ""Shimadzu added Index.Html""}]"
https://www.shimadzu.com/an/products/liquid-chromatograph-mass-spectrometry/lc-ms-software/labsolutions-insight/index.html,OK,200,https://www.shimadzu.com/an/products/liquid-chromatograph-mass-spectrometry/lc-ms-software/labsolutions-insight/index.html,LabSolutions Insight : SHIMADZU (Shimadzu Corporation),,,2026-08-02T19:45:53+00:00,fresh status plus retained title,"[{""file"": ""data/intelligence.json"", ""path"": """", ""label"": """"}, {""file"": ""data/intelligence.json"", ""path"": ""signals.133"", ""label"": ""Shimadzu added Index.Html""}]"
https://www.shimadzu.com/an/products/liquid-chromatograph-mass-spectrometry/lc-ms-software/lcmsms-method-package-for-lipid-mediators/index.html,OK,200,https://www.shimadzu.com/an/products/liquid-chromatograph-mass-spectrometry/lc-ms-software/lcmsms-method-package-for-lipid-mediators/index.html,LC/MS/MS Method Package for Lipid Mediators : SHIMADZU (Shimadzu Corporation),,,2026-08-02T19:45:53+00:00,fresh status plus retained title,"[{""file"": ""data/intelligence.json"", ""path"": """", ""label"": """"}, {""file"": ""data/intelligence.json"", ""path"": ""signals.139"", ""label"": ""Shimadzu added Index.Html""}]"
https://www.shimadzu.com/an/products/liquid-chromatograph-mass-spectrometry/lc-ms-software/lcmsms-method-package-for-primary-metabolites/index.html,OK,200,https://www.shimadzu.com/an/products/liquid-chromatograph-mass-spectrometry/lc-ms-software/lcmsms-method-package-for-primary-metabolites/index.html,LC/MS/MS Method Package for Primary Metabolites : SHIMADZU (Shimadzu Corporation),,,2026-08-02T19:45:53+00:00,fresh status plus retained title,"[{""file"": ""data/intelligence.json"", ""path"": """", ""label"": """"}, {""file"": ""data/intelligence.json"", ""path"": ""signals.138"", ""label"": ""Shimadzu added Index.Html""}]"
https://www.shimadzu.com/an/products/liquid-chromatograph-mass-spectrometry/lc-ms-software/lcmsms-mrm-library-for-metabolic-enzymes-in-yeast/index.html,OK,200,https://www.shimadzu.com/an/products/liquid-chromatograph-mass-spectrometry/lc-ms-software/lcmsms-mrm-library-for-metabolic-enzymes-in-yeast/index.html,LC/MS/MS MRM Library for Metabolic Enzymes in Yeast : SHIMADZU (Shimadzu Corporation),,,2026-08-02T19:45:53+00:00,fresh status plus retained title,"[{""file"": ""data/intelligence.json"", ""path"": """", ""label"": """"}, {""file"": ""data/intelligence.json"", ""path"": ""signals.137"", ""label"": ""Shimadzu added Index.Html""}]"
https://www.shimadzu.com/an/products/liquid-chromatograph-mass-spectrometry/lc-ms-software/lcmsms-mrm-library-for-phospholipid-profiling/index.html,OK,200,https://www.shimadzu.com/an/products/liquid-chromatograph-mass-spectrometry/lc-ms-software/lcmsms-mrm-library-for-phospholipid-profiling/index.html,LC/MS/MS MRM Library for Phospholipid Profiling : SHIMADZU (Shimadzu Corporation),,,2026-08-02T19:45:53+00:00,fresh status plus retained title,"[{""file"": ""data/intelligence.json"", ""path"": """", ""label"": """"}, {""file"": ""data/intelligence.json"", ""path"": ""signals.134"", ""label"": ""Shimadzu added Index.Html""}]"
https://www.shimadzu.com/an/products/liquid-chromatograph-mass-spectrometry/lc-ms-software/multi-charged-ion-analysis-software/index.html,OK,200,https://www.shimadzu.com/an/products/liquid-chromatograph-mass-spectrometry/lc-ms-software/multi-charged-ion-analysis-software/index.html,Multi-Charged Ion Analysis Software : SHIMADZU (Shimadzu Corporation),,,2026-08-02T19:45:54+00:00,fresh status plus retained title,"[{""file"": ""data/intelligence.json"", ""path"": """", ""label"": """"}, {""file"": ""data/intelligence.json"", ""path"": ""signals.132"", ""label"": ""Shimadzu added Index.Html""}]"
https://www.shimadzu.com/an/products/liquid-chromatograph-mass-spectrometry/lc-ms-software/multi-omics-analysis-package/index.html,OK,200,https://www.shimadzu.com/an/products/liquid-chromatograph-mass-spectrometry/lc-ms-software/multi-omics-analysis-package/index.html,Multi-omics Analysis Package : SHIMADZU (Shimadzu Corporation),,,2026-08-02T19:45:54+00:00,fresh status plus retained title,"[{""file"": ""data/intelligence.json"", ""path"": """", ""label"": """"}, {""file"": ""data/intelligence.json"", ""path"": ""signals.140"", ""label"": ""Shimadzu added Index.Html""}]"
https://www.shimadzu.com/an/products/liquid-chromatograph-mass-spectrometry/lc-ms-software/peakintelligence/index.html,OK,200,https://www.shimadzu.com/an/products/liquid-chromatograph-mass-spectrometry/lc-ms-software/peakintelligence/index.html,Peakintelligence™ for LCMS : SHIMADZU (Shimadzu Corporation),,,2026-08-02T19:45:54+00:00,fresh status plus retained title,"[{""file"": ""data/intelligence.json"", ""path"": """", ""label"": """"}, {""file"": ""data/intelligence.json"", ""path"": ""signals.141"", ""label"": ""Shimadzu added Index.Html""}]"
https://www.shimadzu.com/an/products/liquid-chromatograph-mass-spectrometry/lc-ms-software/traverse-ms/index.html,OK,200,https://www.shimadzu.com/an/products/liquid-chromatograph-mass-spectrometry/lc-ms-software/traverse-ms/index.html,Traverse MS : SHIMADZU (Shimadzu Corporation),,,2026-08-02T19:45:54+00:00,fresh status plus retained title,"[{""file"": ""data/intelligence.json"", ""path"": """", ""label"": """"}, {""file"": ""data/intelligence.json"", ""path"": ""signals.142"", ""label"": ""Shimadzu added Index.Html""}]"
https://www.shimadzu.com/an/products/liquid-chromatograph-mass-spectrometry/lc-ms-system/cell-culture-profiling-method-package-for-the-lcms-2050/index.html,OK,200,https://www.shimadzu.com/an/products/liquid-chromatograph-mass-spectrometry/lc-ms-system/cell-culture-profiling-method-package-for-the-lcms-2050/index.html,Cell Culture Profiling for LCMS-2050 : SHIMADZU (Shimadzu Corporation),,,2026-08-02T19:45:54+00:00,fresh status plus retained title,"[{""file"": ""data/intelligence.json"", ""path"": """", ""label"": """"}, {""file"": ""data/intelligence.json"", ""path"": ""signals.117"", ""label"": ""Shimadzu added Index.Html""}]"
https://www.shimadzu.com/an/products/liquid-chromatograph-mass-spectrometry/lc-ms-system/erexim-application-suite/index.html,OK,200,https://www.shimadzu.com/an/products/liquid-chromatograph-mass-spectrometry/lc-ms-system/erexim-application-suite/index.html,Erexim™ Application Suite : SHIMADZU (Shimadzu Corporation),,,2026-08-02T19:45:54+00:00,fresh status plus retained title,"[{""file"": ""data/intelligence.json"", ""path"": """", ""label"": """"}, {""file"": ""data/intelligence.json"", ""path"": ""signals.99"", ""label"": ""Shimadzu added Index.Html""}]"
https://www.shimadzu.com/an/products/liquid-chromatograph-mass-spectrometry/lc-ms-system/exact-mass-database-for-endogenous-metabolites/index.html,OK,200,https://www.shimadzu.com/an/products/liquid-chromatograph-mass-spectrometry/lc-ms-system/exact-mass-database-for-endogenous-metabolites/index.html,Exact Mass Database for Endogenous Metabolites : SHIMADZU (Shimadzu Corporation),,,2026-08-02T19:45:54+00:00,fresh status plus retained title,"[{""file"": ""data/intelligence.json"", ""path"": """", ""label"": """"}, {""file"": ""data/intelligence.json"", ""path"": ""signals.106"", ""label"": ""Shimadzu added Index.Html""}]"
https://www.shimadzu.com/an/products/liquid-chromatograph-mass-spectrometry/lc-ms-system/index.html,OK,200,https://www.shimadzu.com/an/products/liquid-chromatograph-mass-spectrometry/lc-ms-system/index.html,Application Specific LC-MS Systems : SHIMADZU (Shimadzu Corporation),,,2026-08-02T19:45:54+00:00,fresh status plus retained title,"[{""file"": ""data/intelligence.json"", ""path"": """", ""label"": """"}, {""file"": ""data/intelligence.json"", ""path"": ""signals.110"", ""label"": ""Shimadzu added Index.Html""}]"
https://www.shimadzu.com/an/products/liquid-chromatograph-mass-spectrometry/lc-ms-system/lcmsms-forensic-toxicology-database/index.html,OK,200,https://www.shimadzu.com/an/products/liquid-chromatograph-mass-spectrometry/lc-ms-system/lcmsms-forensic-toxicology-database/index.html,LC/MS/MS Forensic Toxicology Database : SHIMADZU (Shimadzu Corporation),,,2026-08-02T19:45:54+00:00,fresh status plus retained title,"[{""file"": ""data/intelligence.json"", ""path"": """", ""label"": """"}, {""file"": ""data/intelligence.json"", ""path"": ""signals.97"", ""label"": ""Shimadzu added Index.Html""}]"
https://www.shimadzu.com/an/products/liquid-chromatograph-mass-spectrometry/lc-ms-system/lcmsms-method-package-for-aminoglycoside-antibiotics/index.html,OK,200,https://www.shimadzu.com/an/products/liquid-chromatograph-mass-spectrometry/lc-ms-system/lcmsms-method-package-for-aminoglycoside-antibiotics/index.html,LC/MS/MS Method Package for Aminoglycoside Antibiotics : SHIMADZU (Shimadzu Corporation),,,2026-08-02T19:45:54+00:00,fresh status plus retained title,"[{""file"": ""data/intelligence.json"", ""path"": """", ""label"": """"}, {""file"": ""data/intelligence.json"", ""path"": ""signals.96"", ""label"": ""Shimadzu added Index.Html""}]"
https://www.shimadzu.com/an/products/liquid-chromatograph-mass-spectrometry/lc-ms-system/lcmsms-method-package-for-bile-acids/index.html,OK,200,https://www.shimadzu.com/an/products/liquid-chromatograph-mass-spectrometry/lc-ms-system/lcmsms-method-package-for-bile-acids/index.html,LC/MS/MS Method Package for Bile Acids : SHIMADZU (Shimadzu Corporation),,,2026-08-02T19:45:54+00:00,fresh status plus retained title,"[{""file"": ""data/intelligence.json"", ""path"": """", ""label"": """"}, {""file"": ""data/intelligence.json"", ""path"": ""signals.111"", ""label"": ""Shimadzu added Index.Html""}]"
https://www.shimadzu.com/an/products/liquid-chromatograph-mass-spectrometry/lc-ms-system/lcmsms-method-package-for-cell-culture-profiling/index.html,OK,200,https://www.shimadzu.com/an/products/liquid-chromatograph-mass-spectrometry/lc-ms-system/lcmsms-method-package-for-cell-culture-profiling/index.html,LC/MS/MS Method Package for Cell Culture Profiling Ver. 3 : SHIMADZU (Shimadzu Corporation),,,2026-08-02T19:45:54+00:00,fresh status plus retained title,"[{""file"": ""data/intelligence.json"", ""path"": """", ""label"": """"}, {""file"": ""data/intelligence.json"", ""path"": ""signals.114"", ""label"": ""Shimadzu added Index.Html""}]"
https://www.shimadzu.com/an/products/liquid-chromatograph-mass-spectrometry/lc-ms-system/lcmsms-method-package-for-dl-amino-acids/index.html,OK,200,https://www.shimadzu.com/an/products/liquid-chromatograph-mass-spectrometry/lc-ms-system/lcmsms-method-package-for-dl-amino-acids/index.html,LC/MS/MS Method Package for D/L Amino Acids : SHIMADZU (Shimadzu Corporation),,,2026-08-02T19:45:54+00:00,fresh status plus retained title,"[{""file"": ""data/intelligence.json"", ""path"": """", ""label"": """"}, {""file"": ""data/intelligence.json"", ""path"": ""signals.104"", ""label"": ""Shimadzu added Index.Html""}]"
https://www.shimadzu.com/an/products/liquid-chromatograph-mass-spectrometry/lc-ms-system/lcmsms-method-package-for-glycosaminoglycans/index.html,OK,200,https://www.shimadzu.com/an/products/liquid-chromatograph-mass-spectrometry/lc-ms-system/lcmsms-method-package-for-glycosaminoglycans/index.html,LC/MS/MS Method Package for Glycosaminoglycan : SHIMADZU (Shimadzu Corporation),,,2026-08-02T19:45:54+00:00,fresh status plus retained title,"[{""file"": ""data/intelligence.json"", ""path"": """", ""label"": """"}, {""file"": ""data/intelligence.json"", ""path"": ""signals.107"", ""label"": ""Shimadzu added Index.Html""}]"
https://www.shimadzu.com/an/products/liquid-chromatograph-mass-spectrometry/lc-ms-system/lcmsms-method-package-for-modified-nucleosides/index.html,OK,200,https://www.shimadzu.com/an/products/liquid-chromatograph-mass-spectrometry/lc-ms-system/lcmsms-method-package-for-modified-nucleosides/index.html,LC/MS/MS Method Package for Modified Nucleosides : SHIMADZU (Shimadzu Corporation),,,2026-08-02T19:45:54+00:00,fresh status plus retained title,"[{""file"": ""data/intelligence.json"", ""path"": """", ""label"": """"}, {""file"": ""data/intelligence.json"", ""path"": ""signals.88"", ""label"": ""Shimadzu added Index.Html""}]"
https://www.shimadzu.com/an/products/liquid-chromatograph-mass-spectrometry/lc-ms-system/lcmsms-method-package-for-mycotoxins/index.html,OK,200,https://www.shimadzu.com/an/products/liquid-chromatograph-mass-spectrometry/lc-ms-system/lcmsms-method-package-for-mycotoxins/index.html,LC/MS/MS Method Package for Mycotoxins : SHIMADZU (Shimadzu Corporation),,,2026-08-02T19:45:54+00:00,fresh status plus retained title,"[{""file"": ""data/intelligence.json"", ""path"": """", ""label"": """"}, {""file"": ""data/intelligence.json"", ""path"": ""signals.93"", ""label"": ""Shimadzu added Index.Html""}]"
https://www.shimadzu.com/an/products/liquid-chromatograph-mass-spectrometry/lc-ms-system/lcmsms-method-package-for-pfas/index.html,OK,200,https://www.shimadzu.com/an/products/liquid-chromatograph-mass-spectrometry/lc-ms-system/lcmsms-method-package-for-pfas/index.html,LC/MS/MS Method Package for PFAS in Drinking Water : SHIMADZU (Shimadzu Corporation),,,2026-08-02T19:45:54+00:00,fresh status plus retained title,"[{""file"": ""data/intelligence.json"", ""path"": """", ""label"": """"}, {""file"": ""data/intelligence.json"", ""path"": ""signals.95"", ""label"": ""Shimadzu added Index.Html""}]"
https://www.shimadzu.com/an/products/liquid-chromatograph-mass-spectrometry/lc-ms-system/lcmsms-method-package-for-reactive-sulfur-profiling/index.html,OK,200,https://www.shimadzu.com/an/products/liquid-chromatograph-mass-spectrometry/lc-ms-system/lcmsms-method-package-for-reactive-sulfur-profiling/index.html,LC/MS/MS Method Package for Reactive Sulfur Profiling : SHIMADZU (Shimadzu Corporation),,,2026-08-02T19:45:54+00:00,fresh status plus retained title,"[{""file"": ""data/intelligence.json"", ""path"": """", ""label"": """"}, {""file"": ""data/intelligence.json"", ""path"": ""signals.113"", ""label"": ""Shimadzu added Index.Html""}]"
https://www.shimadzu.com/an/products/liquid-chromatograph-mass-spectrometry/lc-ms-system/lcmsms-method-package-for-residual-pesticide-ver-3/index.html,OK,200,https://www.shimadzu.com/an/products/liquid-chromatograph-mass-spectrometry/lc-ms-system/lcmsms-method-package-for-residual-pesticide-ver-3/index.html,LC/MS/MS Method Package for Residual Pesticide Ver. 3 : SHIMADZU (Shimadzu Corporation),,,2026-08-02T19:45:54+00:00,fresh status plus retained title,"[{""file"": ""data/intelligence.json"", ""path"": """", ""label"": """"}, {""file"": ""data/intelligence.json"", ""path"": ""signals.109"", ""label"": ""Shimadzu added Index.Html""}]"
https://www.shimadzu.com/an/products/liquid-chromatograph-mass-spectrometry/lc-ms-system/lcmsms-method-package-for-restricted-chemicals-in-textiles/index.html,OK,200,https://www.shimadzu.com/an/products/liquid-chromatograph-mass-spectrometry/lc-ms-system/lcmsms-method-package-for-restricted-chemicals-in-textiles/index.html,LC/MS/MS Method Package for Restricted Chemicals in Textiles : SHIMADZU (Shimadzu Corporation),,,2026-08-02T19:45:54+00:00,fresh status plus retained title,"[{""file"": ""data/intelligence.json"", ""path"": """", ""label"": """"}, {""file"": ""data/intelligence.json"", ""path"": ""signals.94"", ""label"": ""Shimadzu added Index.Html""}]"
https://www.shimadzu.com/an/products/liquid-chromatograph-mass-spectrometry/lc-ms-system/lcmsms-method-package-for-short-chain-fatty-acids/index.html,OK,200,https://www.shimadzu.com/an/products/liquid-chromatograph-mass-spectrometry/lc-ms-system/lcmsms-method-package-for-short-chain-fatty-acids/index.html,LC/MS/MS Method Package for Short Chain Fatty Acids : SHIMADZU (Shimadzu Corporation),,,2026-08-02T19:45:54+00:00,fresh status plus retained title,"[{""file"": ""data/intelligence.json"", ""path"": """", ""label"": """"}, {""file"": ""data/intelligence.json"", ""path"": ""signals.89"", ""label"": ""Shimadzu added Index.Html""}]"
https://www.shimadzu.com/an/products/liquid-chromatograph-mass-spectrometry/lc-ms-system/lcmsms-method-package-for-sugars-and-sugar-nucleotides/index.html,OK,200,https://www.shimadzu.com/an/products/liquid-chromatograph-mass-spectrometry/lc-ms-system/lcmsms-method-package-for-sugars-and-sugar-nucleotides/index.html,LC/MS/MS Method Package for Sugars and Sugar Nucleotides : SHIMADZU (Shimadzu Corporation),,,2026-08-02T19:45:54+00:00,fresh status plus retained title,"[{""file"": ""data/intelligence.json"", ""path"": """", ""label"": """"}, {""file"": ""data/intelligence.json"", ""path"": ""signals.115"", ""label"": ""Shimadzu added Index.Html""}]"
https://www.shimadzu.com/an/products/liquid-chromatograph-mass-spectrometry/lc-ms-system/lcmsms-method-package-for-veterinary-drugs-ver-2/index.html,OK,200,https://www.shimadzu.com/an/products/liquid-chromatograph-mass-spectrometry/lc-ms-system/lcmsms-method-package-for-veterinary-drugs-ver-2/index.html,LC/MS/MS Method Package for Veterinary Drugs Ver. 2 : SHIMADZU (Shimadzu Corporation),,,2026-08-02T19:45:54+00:00,fresh status plus retained title,"[{""file"": ""data/intelligence.json"", ""path"": """", ""label"": """"}, {""file"": ""data/intelligence.json"", ""path"": ""signals.90"", ""label"": ""Shimadzu added Index.Html""}]"
https://www.shimadzu.com/an/products/liquid-chromatograph-mass-spectrometry/lc-ms-system/lcmsms-method-package-for-water-quality-analysis/index.html,OK,200,https://www.shimadzu.com/an/products/liquid-chromatograph-mass-spectrometry/lc-ms-system/lcmsms-method-package-for-water-quality-analysis/index.html,LC/MS/MS Method Package for Water Quality Analysis : SHIMADZU (Shimadzu Corporation),,,2026-08-02T19:45:54+00:00,fresh status plus retained title,"[{""file"": ""data/intelligence.json"", ""path"": """", ""label"": """"}, {""file"": ""data/intelligence.json"", ""path"": ""signals.98"", ""label"": ""Shimadzu added Index.Html""}]"
https://www.shimadzu.com/an/products/liquid-chromatograph-mass-spectrometry/lc-ms-system/lcmsms-rapid-toxicology-screening-system-ver3/index.html,OK,200,https://www.shimadzu.com/an/products/liquid-chromatograph-mass-spectrometry/lc-ms-system/lcmsms-rapid-toxicology-screening-system-ver3/index.html,LC/MS/MS Rapid Toxicology Screening System Ver.3 : SHIMADZU (Shimadzu Corporation),,,2026-08-02T19:45:54+00:00,fresh status plus retained title,"[{""file"": ""data/intelligence.json"", ""path"": """", ""label"": """"}, {""file"": ""data/intelligence.json"", ""path"": ""signals.108"", ""label"": ""Shimadzu added Index.Html""}]"
https://www.shimadzu.com/an/products/liquid-chromatograph-mass-spectrometry/lc-ms-system/metabolites-method-package-suite/index.html,OK,200,https://www.shimadzu.com/an/products/liquid-chromatograph-mass-spectrometry/lc-ms-system/metabolites-method-package-suite/index.html,Metabolites Method Package Suite : SHIMADZU (Shimadzu Corporation),,,2026-08-02T19:45:54+00:00,fresh status plus retained title,"[{""file"": ""data/intelligence.json"", ""path"": """", ""label"": """"}, {""file"": ""data/intelligence.json"", ""path"": ""signals.92"", ""label"": ""Shimadzu added Index.Html""}]"
https://www.shimadzu.com/an/products/liquid-chromatograph-mass-spectrometry/lc-ms-system/method-package-guidebook/index.html,OK,200,https://www.shimadzu.com/an/products/liquid-chromatograph-mass-spectrometry/lc-ms-system/method-package-guidebook/index.html,Method Package Guide : SHIMADZU (Shimadzu Corporation),,,2026-08-02T19:45:54+00:00,fresh status plus retained title,"[{""file"": ""data/intelligence.json"", ""path"": """", ""label"": """"}, {""file"": ""data/intelligence.json"", ""path"": ""signals.112"", ""label"": ""Shimadzu added Index.Html""}]"
https://www.shimadzu.com/an/products/liquid-chromatograph-mass-spectrometry/lc-ms-system/micro-volume-quechers-kit/index.html,OK,200,https://www.shimadzu.com/an/products/liquid-chromatograph-mass-spectrometry/lc-ms-system/micro-volume-quechers-kit/index.html,Micro Volume QuEChERS Kit : SHIMADZU (Shimadzu Corporation),,,2026-08-02T19:45:54+00:00,fresh status plus retained title,"[{""file"": ""data/intelligence.json"", ""path"": """", ""label"": """"}, {""file"": ""data/intelligence.json"", ""path"": ""signals.100"", ""label"": ""Shimadzu added Index.Html""}]"
https://www.shimadzu.com/an/products/liquid-chromatograph-mass-spectrometry/lc-ms-system/mrm-library-for-triglycerides/index.html,OK,200,https://www.shimadzu.com/an/products/liquid-chromatograph-mass-spectrometry/lc-ms-system/mrm-library-for-triglycerides/index.html,LC/MS/MS MRM Library for Triglycerides : SHIMADZU (Shimadzu Corporation),,,2026-08-02T19:45:54+00:00,fresh status plus retained title,"[{""file"": ""data/intelligence.json"", ""path"": """", ""label"": """"}, {""file"": ""data/intelligence.json"", ""path"": ""signals.102"", ""label"": ""Shimadzu added Index.Html""}]"
https://www.shimadzu.com/an/products/liquid-chromatograph-mass-spectrometry/lc-ms-system/nsmol-antibody-ba-kit/index.html,OK,200,https://www.shimadzu.com/an/products/liquid-chromatograph-mass-spectrometry/lc-ms-system/nsmol-antibody-ba-kit/index.html,nSMOL Antibody BA Kit : SHIMADZU (Shimadzu Corporation),,,2026-08-02T19:45:54+00:00,fresh status plus retained title,"[{""file"": ""data/intelligence.json"", ""path"": """", ""label"": """"}, {""file"": ""data/intelligence.json"", ""path"": ""signals.105"", ""label"": ""Shimadzu added Index.Html""}]"
https://www.shimadzu.com/an/products/liquid-chromatograph-mass-spectrometry/lc-ms-system/oad-tof/index.html,OK,200,https://www.shimadzu.com/an/products/liquid-chromatograph-mass-spectrometry/lc-ms-system/oad-tof/index.html,OAD-TOF system : SHIMADZU (Shimadzu Corporation),,,2026-08-02T19:45:54+00:00,fresh status plus retained title,"[{""file"": ""data/intelligence.json"", ""path"": """", ""label"": """"}, {""file"": ""data/intelligence.json"", ""path"": ""signals.116"", ""label"": ""Shimadzu added Index.Html""}]"
https://www.shimadzu.com/an/products/liquid-chromatograph-mass-spectrometry/lc-ms-system/open-solution-analytical/index.html,OK,200,https://www.shimadzu.com/an/products/liquid-chromatograph-mass-spectrometry/lc-ms-system/open-solution-analytical/index.html,Open Solution : SHIMADZU (Shimadzu Corporation),,,2026-08-02T19:45:54+00:00,fresh status plus retained title,"[{""file"": ""data/intelligence.json"", ""path"": """", ""label"": """"}, {""file"": ""data/intelligence.json"", ""path"": ""signals.101"", ""label"": ""Shimadzu added Index.Html""}]"
https://www.shimadzu.com/an/products/liquid-chromatograph-mass-spectrometry/lc-ms-system/rapid-toxicology-screening-ver2/index.html,OK,200,https://www.shimadzu.com/an/products/liquid-chromatograph-mass-spectrometry/lc-ms-system/rapid-toxicology-screening-ver2/index.html,DPiMS™-8060 Method Package for Rapid Toxicology Screening Ver.2 : SHIMADZU (Shimadzu Corporation),,,2026-08-02T19:45:54+00:00,fresh status plus retained title,"[{""file"": ""data/intelligence.json"", ""path"": """", ""label"": """"}, {""file"": ""data/intelligence.json"", ""path"": ""signals.91"", ""label"": ""Shimadzu added Index.Html""}]"
https://www.shimadzu.com/an/products/liquid-chromatograph-mass-spectrometry/lc-ms-system/trap-free-2d-lcms-system-for-quadrupole-lcms/index.html,OK,200,https://www.shimadzu.com/an/products/liquid-chromatograph-mass-spectrometry/lc-ms-system/trap-free-2d-lcms-system-for-quadrupole-lcms/index.html,Trap-Free 2D LC/MS system for Quadrupole LCMS : SHIMADZU (Shimadzu Corporation),,,2026-08-02T19:45:54+00:00,fresh status plus retained title,"[{""file"": ""data/intelligence.json"", ""path"": """", ""label"": """"}, {""file"": ""data/intelligence.json"", ""path"": ""signals.103"", ""label"": ""Shimadzu added Index.Html""}]"
https://www.shimadzu.com/an/products/liquid-chromatograph-mass-spectrometry/quadrupole-time-of-flight-lc-msms/index.html,OK,200,https://www.shimadzu.com/an/products/liquid-chromatograph-mass-spectrometry/quadrupole-time-of-flight-lc-msms/index.html,Quadrupole Time-of-Flight LC-MS/MS : SHIMADZU (Shimadzu Corporation),,,2026-08-02T19:45:54+00:00,fresh status plus retained title,"[{""file"": ""data/intelligence.json"", ""path"": """", ""label"": """"}, {""file"": ""data/intelligence.json"", ""path"": ""signals.119"", ""label"": ""Shimadzu added Index.Html""}]"
https://www.shimadzu.com/an/products/liquid-chromatograph-mass-spectrometry/quadrupole-time-of-flight-lc-msms/lcms-9030/index.html,OK,200,https://www.shimadzu.com/an/products/liquid-chromatograph-mass-spectrometry/quadrupole-time-of-flight-lc-msms/lcms-9030/index.html,LCMS-9030 : SHIMADZU (Shimadzu Corporation),,,2026-08-02T19:45:55+00:00,fresh status plus retained title,"[{""file"": ""data/intelligence.json"", ""path"": """", ""label"": """"}, {""file"": ""data/intelligence.json"", ""path"": ""signals.118"", ""label"": ""Shimadzu added Index.Html""}]"
https://www.shimadzu.com/an/products/liquid-chromatograph-mass-spectrometry/quadrupole-time-of-flight-lc-msms/lcms-9050/index.html,OK,200,https://www.shimadzu.com/an/products/liquid-chromatograph-mass-spectrometry/quadrupole-time-of-flight-lc-msms/lcms-9050/index.html,LCMS-9050 : SHIMADZU (Shimadzu Corporation),,,2026-08-02T19:45:55+00:00,fresh status plus retained title,"[{""file"": ""data/intelligence.json"", ""path"": """", ""label"": """"}, {""file"": ""data/intelligence.json"", ""path"": ""signals.120"", ""label"": ""Shimadzu added Index.Html""}]"
https://www.shimadzu.com/an/products/liquid-chromatograph-mass-spectrometry/single-quadrupole-lc-ms/index.html,OK,200,https://www.shimadzu.com/an/products/liquid-chromatograph-mass-spectrometry/single-quadrupole-lc-ms/index.html,Single Quadrupole LC-MS : SHIMADZU (Shimadzu Corporation),,,2026-08-02T19:45:55+00:00,fresh status plus retained title,"[{""file"": ""data/intelligence.json"", ""path"": """", ""label"": """"}, {""file"": ""data/intelligence.json"", ""path"": ""signals.121"", ""label"": ""Shimadzu added Index.Html""}]"
https://www.shimadzu.com/an/products/liquid-chromatograph-mass-spectrometry/single-quadrupole-lc-ms/lcms-2050/index.html,OK,200,https://www.shimadzu.com/an/products/liquid-chromatograph-mass-spectrometry/single-quadrupole-lc-ms/lcms-2050/index.html,LCMS-2050 : SHIMADZU (Shimadzu Corporation),,,2026-08-02T19:45:55+00:00,fresh status plus retained title,"[{""file"": ""data/intelligence.json"", ""path"": """", ""label"": """"}, {""file"": ""data/intelligence.json"", ""path"": ""signals.122"", ""label"": ""Shimadzu added Index.Html""}]"
https://www.shimadzu.com/an/products/liquid-chromatograph-mass-spectrometry/stories/index.html,OK,200,https://www.shimadzu.com/an/products/liquid-chromatograph-mass-spectrometry/stories/index.html,Overview : SHIMADZU (Shimadzu Corporation),,,2026-08-02T19:45:55+00:00,fresh status plus retained title,"[{""file"": ""data/intelligence.json"", ""path"": """", ""label"": """"}, {""file"": ""data/intelligence.json"", ""path"": ""signals.146"", ""label"": ""Shimadzu added Index.Html""}]"
https://www.shimadzu.com/an/products/liquid-chromatograph-mass-spectrometry/triple-quadrupole-lc-msms/comparison/index.html,OK,200,https://www.shimadzu.com/an/products/liquid-chromatograph-mass-spectrometry/triple-quadrupole-lc-msms/comparison/index.html,Triple Quadrupole LC-MS/MS Comparison : SHIMADZU (Shimadzu Corporation),,,2026-08-02T19:45:55+00:00,fresh status plus retained title,"[{""file"": ""data/intelligence.json"", ""path"": """", ""label"": """"}, {""file"": ""data/intelligence.json"", ""path"": ""signals.127"", ""label"": ""Shimadzu added Index.Html""}]"
https://www.shimadzu.com/an/products/liquid-chromatograph-mass-spectrometry/triple-quadrupole-lc-msms/index.html,OK,200,https://www.shimadzu.com/an/products/liquid-chromatograph-mass-spectrometry/triple-quadrupole-lc-msms/index.html,Triple Quadrupole LC-MS/MS : SHIMADZU (Shimadzu Corporation),,,2026-08-02T19:45:55+00:00,fresh status plus retained title,"[{""file"": ""data/intelligence.json"", ""path"": """", ""label"": """"}, {""file"": ""data/intelligence.json"", ""path"": ""signals.128"", ""label"": ""Shimadzu added Index.Html""}]"
https://www.shimadzu.com/an/products/liquid-chromatograph-mass-spectrometry/triple-quadrupole-lc-msms/lcms-8065xe/index.html,OK,200,https://www.shimadzu.com/an/products/liquid-chromatograph-mass-spectrometry/triple-quadrupole-lc-msms/lcms-8065xe/index.html,LCMS-8065XE : SHIMADZU (Shimadzu Corporation),,,2026-08-02T19:45:55+00:00,fresh status plus retained title,"[{""file"": ""data/intelligence.json"", ""path"": """", ""label"": """"}, {""file"": ""data/intelligence.json"", ""path"": ""signals.131"", ""label"": ""Shimadzu added Index.Html""}, {""file"": ""data/intelligence.json"", ""path"": ""recommendations.0"", ""label"": ""Decide whether to package a PFAS-ready regulated quantitation workflow""}, {""file"": ""data/intelligence.json"", ""path"": ""recommendations.0.evidenceBasis"", ""label"": """"}, {""file"": ""data/intelligence.json"", ""path"": ""recommendations.0.evidenceBasis.links.2"", ""label"": ""Shimadzu LCMS-8065XE product evidence""}, {""file"": ""data/product_launches.json"", ""path"": """", ""label"": """"}, {""file"": ""data/product_launches.json"", ""path"": ""launches.7"", ""label"": ""LCMS-8065XE Triple Quadrupole LC-MS/MS""}]"
https://www.shimadzu.com/an/products/liquid-chromatograph-mass-spectrometry/triple-quadrupole-lc-msms/lcms-tq-rx-series/index.html,OK,200,https://www.shimadzu.com/an/products/liquid-chromatograph-mass-spectrometry/triple-quadrupole-lc-msms/lcms-tq-rx-series/index.html,LCMS-TQ RX Series Triple Quadrupole LC-MS/MS : SHIMADZU (Shimadzu Corporation),,,2026-08-02T19:45:55+00:00,fresh status plus retained title,"[{""file"": ""data/intelligence.json"", ""path"": """", ""label"": """"}, {""file"": ""data/intelligence.json"", ""path"": ""signals.130"", ""label"": ""Shimadzu added Index.Html""}]"
https://www.shimadzu.com/an/products/liquid-chromatograph-mass-spectrometry/triple-quadrupole-lc-msms/nexera-mikros/index.html,OK,200,https://www.shimadzu.com/an/products/liquid-chromatograph-mass-spectrometry/triple-quadrupole-lc-msms/nexera-mikros/index.html,Nexera Mikros : SHIMADZU (Shimadzu Corporation),,,2026-08-02T19:45:55+00:00,fresh status plus retained title,"[{""file"": ""data/intelligence.json"", ""path"": """", ""label"": """"}, {""file"": ""data/intelligence.json"", ""path"": ""signals.129"", ""label"": ""Shimadzu added Index.Html""}]"
https://www.shimadzu.com/an/products/liquid-chromatography/hplc-components-accessories/plate-loader/index.html,OK,200,https://www.shimadzu.com/an/products/liquid-chromatography/hplc-components-accessories/plate-loader/index.html,"PL-40, Automation-Compatible Plate Loader for LC/LC-MS Systems : SHIMADZU (Shimadzu Corporation)",,,2026-08-02T19:45:55+00:00,fresh status plus retained title,"[{""file"": ""data/product_launches.json"", ""path"": """", ""label"": """"}, {""file"": ""data/product_launches.json"", ""path"": ""launches.2"", ""label"": ""PL-40 Plate Loader for LC/LC-MS Systems""}]"
https://www.shimadzu.com/an/products/liquid-chromatography/hplc-consumables/velox/shim-pack-velox-c18/index.html,OK,200,https://www.shimadzu.com/an/products/liquid-chromatography/hplc-consumables/velox/shim-pack-velox-c18/index.html,Shim-pack Velox C18 : SHIMADZU (Shimadzu Corporation),,,2026-08-02T19:45:55+00:00,fresh status plus retained title,"[{""file"": ""data/technical_comparisons.json"", ""path"": """", ""label"": """"}, {""file"": ""data/technical_comparisons.json"", ""path"": ""profiles.2"", ""label"": """"}, {""file"": ""data/technical_comparisons.json"", ""path"": ""profiles.2.rows.4"", ""label"": """"}]"
https://www.shimadzu.com/an/products/liquid-chromatography/hplc-consumables/velox/shim-pack-velox-lc-columns/features.html,OK,200,https://www.shimadzu.com/an/products/liquid-chromatography/hplc-consumables/velox/shim-pack-velox-lc-columns/features.html,Shim-pack Velox LC Columns - Features : SHIMADZU (Shimadzu Corporation),,,2026-08-02T19:45:55+00:00,fresh status plus retained title,"[{""file"": ""data/technical_comparisons.json"", ""path"": """", ""label"": """"}, {""file"": ""data/technical_comparisons.json"", ""path"": ""profiles.2"", ""label"": """"}, {""file"": ""data/technical_comparisons.json"", ""path"": ""profiles.2.rows.5"", ""label"": """"}, {""file"": ""data/technical_comparisons.json"", ""path"": ""profiles.2.rows.7"", ""label"": """"}]"
https://www.shimadzu.com/an/products/liquid-chromatography/hplc-system/nexera-fv/index.html,OK,200,https://www.shimadzu.com/an/products/liquid-chromatography/hplc-system/nexera-fv/index.html,Nexera FV : SHIMADZU (Shimadzu Corporation),,,2026-08-02T19:45:55+00:00,fresh status plus retained title,"[{""file"": ""data/historical_product_catalog.json"", ""path"": """", ""label"": """"}, {""file"": ""data/historical_product_catalog.json"", ""path"": ""products.45"", ""label"": ""Nexera FV Ultra-Fast LC-MS/MS System""}]"
https://www.shimadzu.com/an/products/liquid-chromatography/hplc-system/nexera-prep/index.html,OK,200,https://www.shimadzu.com/an/products/liquid-chromatography/hplc-system/nexera-prep/index.html,Nexera Prep : SHIMADZU (Shimadzu Corporation),,,2026-08-02T19:45:55+00:00,fresh status plus retained title,"[{""file"": ""data/historical_product_catalog.json"", ""path"": """", ""label"": """"}, {""file"": ""data/historical_product_catalog.json"", ""path"": ""products.44"", ""label"": ""Nexera Prep Preparative LC""}]"
https://www.shimadzu.com/an/products/liquid-chromatography/hplcuhplc/i-series/index.html,OK,200,https://www.shimadzu.com/an/products/liquid-chromatography/hplcuhplc/i-series/index.html,i-Series : SHIMADZU (Shimadzu Corporation),,,2026-08-02T19:45:55+00:00,fresh status plus retained title,"[{""file"": ""data/intelligence.json"", ""path"": """", ""label"": """"}, {""file"": ""data/intelligence.json"", ""path"": ""signals.160"", ""label"": ""Shimadzu added Index.Html""}, {""file"": ""data/product_launches.json"", ""path"": """", ""label"": """"}, {""file"": ""data/product_launches.json"", ""path"": ""launches.6"", ""label"": ""i-Series Integrated HPLC""}]"
https://www.shimadzu.com/an/products/liquid-chromatography/hplcuhplc/index.html,OK,200,https://www.shimadzu.com/an/products/liquid-chromatography/hplcuhplc/index.html,HPLC/UHPLC/SFC Systems : SHIMADZU (Shimadzu Corporation),,,2026-08-02T19:45:55+00:00,fresh status plus retained title,"[{""file"": ""data/intelligence.json"", ""path"": """", ""label"": """"}, {""file"": ""data/intelligence.json"", ""path"": ""signals.161"", ""label"": ""Shimadzu added Index.Html""}]"
https://www.shimadzu.com/an/products/liquid-chromatography/hplcuhplc/lc-2030c-nt/index.html,OK,200,https://www.shimadzu.com/an/products/liquid-chromatography/hplcuhplc/lc-2030c-nt/index.html,LC-2030C NT : SHIMADZU (Shimadzu Corporation),,,2026-08-02T19:45:55+00:00,fresh status plus retained title,"[{""file"": ""data/intelligence.json"", ""path"": """", ""label"": """"}, {""file"": ""data/intelligence.json"", ""path"": ""signals.162"", ""label"": ""Shimadzu added Index.Html""}]"
https://www.shimadzu.com/an/products/liquid-chromatography/hplcuhplc/nexera-series/index.html,OK,200,https://www.shimadzu.com/an/products/liquid-chromatography/hplcuhplc/nexera-series/index.html,Nexera Series Ultra High Performance Liquid Chromatograph : SHIMADZU (Shimadzu Corporation),,,2026-08-02T19:45:55+00:00,fresh status plus retained title,"[{""file"": ""data/intelligence.json"", ""path"": """", ""label"": """"}, {""file"": ""data/intelligence.json"", ""path"": ""signals.163"", ""label"": ""Shimadzu added Index.Html""}]"
https://www.shimadzu.com/an/products/liquid-chromatography/hplcuhplc/nexera-x4/index.html,OK,200,https://www.shimadzu.com/an/products/liquid-chromatography/hplcuhplc/nexera-x4/index.html,Nexera X4 Ultra High-Performance Liquid Chromatograph : SHIMADZU (Shimadzu Corporation),,,2026-08-02T19:45:55+00:00,fresh status plus retained title,"[{""file"": ""data/intelligence.json"", ""path"": """", ""label"": """"}, {""file"": ""data/intelligence.json"", ""path"": ""signals.164"", ""label"": ""Shimadzu added Index.Html""}, {""file"": ""data/product_launches.json"", ""path"": """", ""label"": """"}, {""file"": ""data/product_launches.json"", ""path"": ""launches.0"", ""label"": ""Nexera X4 Series""}]"
https://www.shimadzu.com/an/products/liquid-chromatography/ion-chromatograph/index.html,OK,200,https://www.shimadzu.com/an/products/liquid-chromatography/ion-chromatograph/index.html,Ion Chromatograph Systems : SHIMADZU (Shimadzu Corporation),,,2026-08-02T19:45:55+00:00,fresh status plus retained title,"[{""file"": ""data/intelligence.json"", ""path"": """", ""label"": """"}, {""file"": ""data/intelligence.json"", ""path"": ""signals.158"", ""label"": ""Shimadzu added Index.Html""}]"
https://www.shimadzu.com/an/products/liquid-chromatography/ion-chromatograph/nexera-ic/index.html,OK,200,https://www.shimadzu.com/an/products/liquid-chromatography/ion-chromatograph/nexera-ic/index.html,Nexera IC Ion Chromatograph : SHIMADZU (Shimadzu Corporation),,,2026-08-02T19:45:55+00:00,fresh status plus retained title,"[{""file"": ""data/intelligence.json"", ""path"": """", ""label"": """"}, {""file"": ""data/intelligence.json"", ""path"": ""signals.159"", ""label"": ""Shimadzu added Index.Html""}, {""file"": ""data/product_launches.json"", ""path"": """", ""label"": """"}, {""file"": ""data/product_launches.json"", ""path"": ""launches.1"", ""label"": ""Nexera IC""}]"
https://www.shimadzu.com/an/products/software-informatics/labsolutions-series/improving-the-data-integrity-of-spectrometers/index.html,OK,200,https://www.shimadzu.com/an/products/software-informatics/labsolutions-series/improving-the-data-integrity-of-spectrometers/index.html,Improving the Data Integrity of Spectrometers : SHIMADZU (Shimadzu Corporation),,,2026-08-02T19:45:55+00:00,fresh status plus retained title,"[{""file"": ""data/intelligence.json"", ""path"": """", ""label"": """"}, {""file"": ""data/intelligence.json"", ""path"": ""signals.152"", ""label"": ""Shimadzu added Index.Html""}]"
https://www.shimadzu.com/an/products/software-informatics/labsolutions-series/index.html,OK,200,https://www.shimadzu.com/an/products/software-informatics/labsolutions-series/index.html,LabSolutions Series : SHIMADZU (Shimadzu Corporation),,,2026-08-02T19:45:55+00:00,fresh status plus retained title,"[{""file"": ""data/intelligence.json"", ""path"": """", ""label"": """"}, {""file"": ""data/intelligence.json"", ""path"": ""signals.150"", ""label"": ""Shimadzu added Index.Html""}]"
https://www.shimadzu.com/an/products/software-informatics/labsolutions-series/labsolutions-cs-powered-by-i-qlinks/index.html,OK,200,https://www.shimadzu.com/an/products/software-informatics/labsolutions-series/labsolutions-cs-powered-by-i-qlinks/index.html,LabSolutions™ CS Powered by i-QLinks™ : SHIMADZU (Shimadzu Corporation),,,2026-08-02T19:45:55+00:00,fresh status plus retained title,"[{""file"": ""data/intelligence.json"", ""path"": """", ""label"": """"}, {""file"": ""data/intelligence.json"", ""path"": ""signals.156"", ""label"": ""Shimadzu added Index.Html""}]"
https://www.shimadzu.com/an/products/software-informatics/labsolutions-series/labsolutions-dbcs/index.html,OK,200,https://www.shimadzu.com/an/products/software-informatics/labsolutions-series/labsolutions-dbcs/index.html,LabSolutions™ DB/CS : SHIMADZU (Shimadzu Corporation),,,2026-08-02T19:45:56+00:00,fresh status plus retained title,"[{""file"": ""data/intelligence.json"", ""path"": """", ""label"": """"}, {""file"": ""data/intelligence.json"", ""path"": ""signals.155"", ""label"": ""Shimadzu added Index.Html""}]"
https://www.shimadzu.com/an/products/software-informatics/labsolutions-series/labsolutions-detect/index.html,OK,200,https://www.shimadzu.com/an/products/software-informatics/labsolutions-series/labsolutions-detect/index.html,LabSolutions Detect : SHIMADZU (Shimadzu Corporation),,,2026-08-02T19:45:56+00:00,fresh status plus retained title,"[{""file"": ""data/intelligence.json"", ""path"": """", ""label"": """"}, {""file"": ""data/intelligence.json"", ""path"": ""signals.154"", ""label"": ""Shimadzu added Index.Html""}, {""file"": ""data/product_launches.json"", ""path"": """", ""label"": """"}, {""file"": ""data/product_launches.json"", ""path"": ""launches.5"", ""label"": ""LabSolutions Detect""}]"
https://www.shimadzu.com/an/products/software-informatics/labsolutions-series/labsolutions-detect/index.html#:~:text=Automating%20anomaly%20detection%20of%20analytical%20data%20with%20software,OK,200,https://www.shimadzu.com/an/products/software-informatics/labsolutions-series/labsolutions-detect/index.html#:~:text=Automating%20anomaly%20detection%20of%20analytical%20data%20with%20software,LabSolutions Detect : SHIMADZU (Shimadzu Corporation),,,2026-08-02T19:45:56+00:00,fresh status plus retained title,"[{""file"": ""data/product_launches.json"", ""path"": """", ""label"": """"}, {""file"": ""data/product_launches.json"", ""path"": ""launches.5"", ""label"": ""LabSolutions Detect""}]"
https://www.shimadzu.com/an/products/software-informatics/labsolutions-series/labsolutions-insight-profiler/index.html,OK,200,https://www.shimadzu.com/an/products/software-informatics/labsolutions-series/labsolutions-insight-profiler/index.html,LabSolutions Insight™ Profiler : SHIMADZU (Shimadzu Corporation),,,2026-08-02T19:45:56+00:00,fresh status plus retained title,"[{""file"": ""data/intelligence.json"", ""path"": """", ""label"": """"}, {""file"": ""data/intelligence.json"", ""path"": ""signals.157"", ""label"": ""Shimadzu added Index.Html""}, {""file"": ""data/product_launches.json"", ""path"": """", ""label"": """"}, {""file"": ""data/product_launches.json"", ""path"": ""launches.3"", ""label"": ""LabSolutions Insight Profiler for LC/QTOF Data""}]"
https://www.shimadzu.com/an/products/software-informatics/labsolutions-series/labsolutions-insight-profiler/index.html#:~:text=Making%20non-targeted%20data%20processing%20easier%20and%20faster,OK,200,https://www.shimadzu.com/an/products/software-informatics/labsolutions-series/labsolutions-insight-profiler/index.html#:~:text=Making%20non-targeted%20data%20processing%20easier%20and%20faster,LabSolutions Insight™ Profiler : SHIMADZU (Shimadzu Corporation),,,2026-08-02T19:45:56+00:00,fresh status plus retained title,"[{""file"": ""data/product_launches.json"", ""path"": """", ""label"": """"}, {""file"": ""data/product_launches.json"", ""path"": ""launches.3"", ""label"": ""LabSolutions Insight Profiler for LC/QTOF Data""}]"
https://www.shimadzu.com/an/products/software-informatics/labsolutions-series/labsolutions-lcgc/index.html,OK,200,https://www.shimadzu.com/an/products/software-informatics/labsolutions-series/labsolutions-lcgc/index.html,LabSolutions™ LC/GC : SHIMADZU (Shimadzu Corporation),,,2026-08-02T19:45:56+00:00,fresh status plus retained title,"[{""file"": ""data/intelligence.json"", ""path"": """", ""label"": """"}, {""file"": ""data/intelligence.json"", ""path"": ""signals.151"", ""label"": ""Shimadzu added Index.Html""}]"
https://www.shimadzu.com/an/products/software-informatics/labsolutions-series/labsolutions-ta/index.html,OK,200,https://www.shimadzu.com/an/products/software-informatics/labsolutions-series/labsolutions-ta/index.html,LabSolutions TA : SHIMADZU (Shimadzu Corporation),,,2026-08-02T19:45:56+00:00,fresh status plus retained title,"[{""file"": ""data/intelligence.json"", ""path"": """", ""label"": """"}, {""file"": ""data/intelligence.json"", ""path"": ""signals.148"", ""label"": ""Shimadzu added Index.Html""}]"
https://www.shimadzu.com/an/products/software-informatics/labsolutions-series/labsolutionsgcms/index.html,OK,200,https://www.shimadzu.com/an/products/software-informatics/labsolutions-series/labsolutionsgcms/index.html,LabSolutions™ GCMS |Software for GCMS: SHIMADZU (Shimadzu Corporation),,,2026-08-02T19:45:56+00:00,fresh status plus retained title,"[{""file"": ""data/intelligence.json"", ""path"": """", ""label"": """"}, {""file"": ""data/intelligence.json"", ""path"": ""signals.149"", ""label"": ""Shimadzu added Index.Html""}]"
https://www.shimadzu.com/an/products/software-informatics/labsolutions-series/system-linkage-option/index.html,OK,200,https://www.shimadzu.com/an/products/software-informatics/labsolutions-series/system-linkage-option/index.html,System Linkage Option : SHIMADZU (Shimadzu Corporation),,,2026-08-02T19:45:56+00:00,fresh status plus retained title,"[{""file"": ""data/intelligence.json"", ""path"": """", ""label"": """"}, {""file"": ""data/intelligence.json"", ""path"": ""signals.153"", ""label"": ""Shimadzu added Index.Html""}]"
https://www.shimadzu.com/an/sitemap.xml,OK,200,https://www.shimadzu.com/an/sitemap.xml,,,,2026-08-02T19:59:15+00:00,fresh direct fetch,"[{""file"": ""data/competitor_monitors.json"", ""path"": """", ""label"": """"}, {""file"": ""data/competitor_monitors.json"", ""path"": ""competitors"", ""label"": """"}, {""file"": ""data/competitor_monitors.json"", ""path"": ""competitors.Shimadzu"", ""label"": """"}, {""file"": ""data/competitor_monitors.json"", ""path"": ""competitors.Shimadzu.source_status.0"", ""label"": """"}, {""file"": ""data/intelligence.json"", ""path"": """", ""label"": """"}, {""file"": ""data/intelligence.json"", ""path"": ""competitorExtraction"", ""label"": """"}, {""file"": ""data/intelligence.json"", ""path"": ""competitorExtraction.competitors"", ""label"": """"}, {""file"": ""data/intelligence.json"", ""path"": ""competitorExtraction.competitors.Shimadzu"", ""label"": """"}, {""file"": ""data/intelligence.json"", ""path"": ""competitorExtraction.competitors.Shimadzu.sourceStatus.0"", ""label"": """"}]"
https://www.shimadzu.com/an/sites/shimadzu.com.an/files/pim/pim_document_file/applications/application_note/26293/an_01-01023-en.pdf,OK,200,https://www.shimadzu.com/an/sites/shimadzu.com.an/files/pim/pim_document_file/applications/application_note/26293/an_01-01023-en.pdf,,,,2026-08-02T19:59:15+00:00,fresh direct fetch,"[{""file"": ""data/competitor_application_notes.json"", ""path"": """", ""label"": """"}, {""file"": ""data/competitor_application_notes.json"", ""path"": ""notes.9"", ""label"": ""Confirmation of Intact Protein Molecular Weight Using a Single Quadrupole Mass Spectrometer""}]"
https://www.shimadzu.com/an/sites/shimadzu.com.an/files/pim/pim_document_file/applications/application_note/26436/an_02-ssi-lcms-157-en.pdf,OK,200,https://www.shimadzu.com/an/sites/shimadzu.com.an/files/pim/pim_document_file/applications/application_note/26436/an_02-ssi-lcms-157-en.pdf,,,,2026-08-02T19:59:15+00:00,fresh direct fetch,"[{""file"": ""data/competitor_application_notes.json"", ""path"": """", ""label"": """"}, {""file"": ""data/competitor_application_notes.json"", ""path"": ""notes.8"", ""label"": ""Determination of 30 PFAS in Seafood by LC-MS/MS""}, {""file"": ""data/conference_preparation.json"", ""path"": """", ""label"": """"}, {""file"": ""data/conference_preparation.json"", ""path"": ""events.6"", ""label"": ""SETAC North America 2026""}, {""file"": ""data/conference_preparation.json"", ""path"": ""events.6.competitorContent.2"", ""label"": """"}]"
https://www.shimadzu.com/an/sites/shimadzu.com.an/files/pim/pim_document_file/applications/application_note/26462/an_05-sca-210-097-en.pdf,OK,200,https://www.shimadzu.com/an/sites/shimadzu.com.an/files/pim/pim_document_file/applications/application_note/26462/an_05-sca-210-097-en.pdf,,,,2026-08-02T19:59:15+00:00,fresh direct fetch,"[{""file"": ""data/competitor_application_notes.json"", ""path"": """", ""label"": """"}, {""file"": ""data/competitor_application_notes.json"", ""path"": ""notes.7"", ""label"": ""Quantitative Analysis of QACs in Milk Using a QuEChERS Sample Preparation Approach""}]"
https://www.shimadzu.com/an/sites/shimadzu.com.an/files/pim/pim_document_file/brochures/10609/c190-e219.pdf,OK,200,https://www.shimadzu.com/an/sites/shimadzu.com.an/files/pim/pim_document_file/brochures/10609/c190-e219.pdf,,,,2026-08-02T19:59:15+00:00,fresh direct fetch,"[{""file"": ""data/technical_comparisons.json"", ""path"": """", ""label"": """"}, {""file"": ""data/technical_comparisons.json"", ""path"": ""profiles.2"", ""label"": """"}, {""file"": ""data/technical_comparisons.json"", ""path"": ""profiles.2.rows.6"", ""label"": """"}]"
https://www.shimadzu.com/news/,OK,200,https://www.shimadzu.com/news/,2026 | SHIMADZU CORPORATION,,,2026-08-02T19:45:56+00:00,fresh status plus retained title,"[{""file"": ""data/intelligence.json"", ""path"": """", ""label"": """"}, {""file"": ""data/intelligence.json"", ""path"": ""sourceHealth.7"", ""label"": ""2026 | SHIMADZU CORPORATION""}, {""file"": ""data/source_catalog.json"", ""path"": """", ""label"": ""Data Source Inventory""}, {""file"": ""data/source_catalog.json"", ""path"": ""sources.9"", ""label"": """"}]"
https://www.shimadzu.com/news/2022.html,OK,200,https://www.shimadzu.com/news/2022.html,2022 | NEWS | SHIMADZU CORPORATION,,,2026-08-02T19:45:57+00:00,fresh status plus retained title,"[{""file"": ""data/historical_product_catalog.json"", ""path"": """", ""label"": """"}, {""file"": ""data/historical_product_catalog.json"", ""path"": ""products.47"", ""label"": ""LCMS-2050 Single Quadrupole""}]"
https://www.shimadzu.com/news/2025/6n31zbu4tkmozoh2.html,OK,200,https://www.shimadzu.com/news/2025/6n31zbu4tkmozoh2.html,SHIMADZU CORPORATION :Cultivating the Expanding PFAS Analysis Market through Improved Sensitivity Release of the LCMS-8065XE High-Performance Liquid Chromatograph Mass Spectrometer,,,2026-08-02T19:45:57+00:00,fresh status plus retained title,"[{""file"": ""data/product_launches.json"", ""path"": """", ""label"": """"}, {""file"": ""data/product_launches.json"", ""path"": ""launches.7"", ""label"": ""LCMS-8065XE Triple Quadrupole LC-MS/MS""}]"
https://www.shimadzu.com/news/2025/mpnglqbij34_zscf.html,OK,200,https://www.shimadzu.com/news/2025/mpnglqbij34_zscf.html,"SHIMADZU CORPORATION : In an Industry First, Achieves High-Reliability Analysis through Automatic Diagnosis of Instrument Status prior to Analysis Release of the i-Series Integrated High-Performance Liquid Chromatographs",,,2026-08-02T19:45:57+00:00,fresh status plus retained title,"[{""file"": ""data/product_launches.json"", ""path"": """", ""label"": """"}, {""file"": ""data/product_launches.json"", ""path"": ""launches.6"", ""label"": ""i-Series Integrated HPLC""}]"
https://www.shimadzu.com/news/2025/n8e9desqymj7oa4x.html,OK,200,https://www.shimadzu.com/news/2025/n8e9desqymj7oa4x.html,SHIMADZU CORPORATION : Introducing LabSolutions Detect Automatic (AI) Detection of Impurities to Improve Quality Inspections of Pharmaceuticals and Food Products,,,2026-08-02T19:45:57+00:00,fresh status plus retained title,"[{""file"": ""data/product_launches.json"", ""path"": """", ""label"": """"}, {""file"": ""data/product_launches.json"", ""path"": ""launches.5"", ""label"": ""LabSolutions Detect""}]"
https://www.shimadzu.com/news/2025/w40jo6pvrivu5s7v.html,OK,200,https://www.shimadzu.com/news/2025/w40jo6pvrivu5s7v.html,"SHIMADZU CORPORATION : Supporting Pharmacopoeia Repeatability Tests, with a Class-Leading Minimum Weight of 13 mg Simultaneous Release of 8 Models of AP W-AD ex and AP W ex Analytical Balances",,,2026-08-02T19:45:57+00:00,fresh status plus retained title,"[{""file"": ""data/product_launches.json"", ""path"": """", ""label"": """"}, {""file"": ""data/product_launches.json"", ""path"": ""launches.4"", ""label"": ""Nexera CL LCMS System""}]"
https://www.shimadzu.com/news/2026/2vzbn3pq9_pryrrm.html,OK,200,https://www.shimadzu.com/news/2026/2vzbn3pq9_pryrrm.html,"SHIMADZU CORPORATION : Recognized as a 2026 Outstanding Corporate Entity for Shokuiku (Food and Nutrition Education) by the Ministry of Agriculture, Forestry and Fisheries",News,,2026-08-02T19:59:15+00:00,fresh direct fetch,[]
https://www.shimadzu.com/news/2026/3wqzblb912kax0m9.html,OK,200,https://www.shimadzu.com/news/2026/3wqzblb912kax0m9.html,"SHIMADZU CORPORATION : Supporting Diverse Surgical and Diagnostic Applications with High-Definition Imaging and Positioning Freedom Expansion of the product lineup with SC15 and OPESCOPE ACTENO FD15, new mobile C-arm systems",News,,2026-08-02T19:59:15+00:00,fresh direct fetch,[]
https://www.shimadzu.com/news/2026/8vla5_ja28yrj6y-.html,OK,200,https://www.shimadzu.com/news/2026/8vla5_ja28yrj6y-.html,"SHIMADZU CORPORATION : Assistance for Quality Control of Antibody Drugs, Peptide Drugs, Etc. Release of PPSQ-51A/53A SPD-40 Model Protein Sequencers in Japan and Overseas for Protein Analysis",News,,2026-08-02T19:59:15+00:00,fresh direct fetch,[]
https://www.shimadzu.com/news/2026/ao0x3yts-fwk-ev6.html,OK,200,https://www.shimadzu.com/news/2026/ao0x3yts-fwk-ev6.html,SHIMADZU CORPORATION : Launch of a Pilot Refurbishment Program for Analytical and Measuring Instruments with Ryukoku University Toward a Circular Society through Industry-Academia Collaboration,News,,2026-08-02T19:59:15+00:00,fresh direct fetch,[]
https://www.shimadzu.com/news/2026/es_ffmlcxz0isd6y.html,OK,200,https://www.shimadzu.com/news/2026/es_ffmlcxz0isd6y.html,SHIMADZU CORPORATION : SHIMADZU Breakers’ Rina Komokata Receives Mie Prefecture Citizen’s Honor Award,News,,2026-08-02T19:59:15+00:00,fresh direct fetch,[]
https://www.shimadzu.com/news/2026/fqazhvc2bwk9trb6.html,OK,200,https://www.shimadzu.com/news/2026/fqazhvc2bwk9trb6.html,SHIMADZU CORPORATION : Two Shimadzu Products Win Red Dot Design Award 2026 – Precision Universal Testing Machine and High-Speed Video Camera –,News,,2026-08-02T19:59:15+00:00,fresh direct fetch,[]
https://www.shimadzu.com/news/2026/gcz8mxw0lcb05i76.html,OK,200,https://www.shimadzu.com/news/2026/gcz8mxw0lcb05i76.html,SHIMADZU CORPORATION : Shimadzu Corporation Joins NIIMBL to Advance Biopharmaceutical Manufacturing Innovation,News,,2026-08-02T19:59:15+00:00,fresh direct fetch,[]
https://www.shimadzu.com/news/2026/h8vx9je-kascz6do.html,OK,200,https://www.shimadzu.com/news/2026/h8vx9je-kascz6do.html,SHIMADZU CORPORATION : DOSIMMUNE™ LC-MS/MS Immunosuppressant Analysis Kit Obtains European IVDR Class C Certification Contributing to Therapeutic Drug Monitoring,,,2026-08-02T19:45:57+00:00,fresh status plus retained title,"[{""file"": ""data/intelligence.json"", ""path"": """", ""label"": """"}, {""file"": ""data/intelligence.json"", ""path"": ""signals.220"", ""label"": ""DOSIMMUNE™ LC-MS/MS Immunosuppressant Analysis Kit Obtains European IVDR Class C Certification Contributing to Therapeutic Drug Monitoring""}]"
https://www.shimadzu.com/news/2026/hwvic1k630v3uz8g.html,OK,200,https://www.shimadzu.com/news/2026/hwvic1k630v3uz8g.html,SHIMADZU CORPORATION : New Medium-Term Management Plan for FY 2026 to 2028 Prepared Become an Innovative Company That Solves Social Challenges Together with Global Partners —Sustainably Improve Profitability by Strengthening End-to-End Solutions Capabilities—,News,,2026-08-02T19:59:15+00:00,fresh direct fetch,[]
https://www.shimadzu.com/news/2026/index.html,OK,200,https://www.shimadzu.com/news/2026/index.html,2026 | NEWS | SHIMADZU CORPORATION,,,2026-08-02T19:45:57+00:00,fresh status plus retained title,"[{""file"": ""data/competitor_monitors.json"", ""path"": """", ""label"": """"}, {""file"": ""data/competitor_monitors.json"", ""path"": ""competitors"", ""label"": """"}, {""file"": ""data/competitor_monitors.json"", ""path"": ""competitors.Shimadzu"", ""label"": """"}, {""file"": ""data/competitor_monitors.json"", ""path"": ""competitors.Shimadzu.source_status.1"", ""label"": """"}, {""file"": ""data/intelligence.json"", ""path"": """", ""label"": """"}, {""file"": ""data/intelligence.json"", ""path"": ""competitorExtraction"", ""label"": """"}, {""file"": ""data/intelligence.json"", ""path"": ""competitorExtraction.competitors"", ""label"": """"}, {""file"": ""data/intelligence.json"", ""path"": ""competitorExtraction.competitors.Shimadzu"", ""label"": """"}, {""file"": ""data/intelligence.json"", ""path"": ""competitorExtraction.competitors.Shimadzu.sourceStatus.1"", ""label"": """"}]"
https://www.shimadzu.com/news/2026/iy0elwnih0c159yp.html,OK,200,https://www.shimadzu.com/news/2026/iy0elwnih0c159yp.html,SHIMADZU CORPORATION : Study Reveals How the Viability of Lactic Acid Bacteria Shapes Their Function in the Gut Results of Collaborative Research with Tohoku University and ITO EN Published in the Cell Press journal iScience,News,,2026-08-02T19:59:15+00:00,fresh direct fetch,[]
https://www.shimadzu.com/news/2026/j97cvpy4m18o8cm3.html,OK,200,https://www.shimadzu.com/news/2026/j97cvpy4m18o8cm3.html,SHIMADZU CORPORATION : Shimadzu Acquires Czech-Based TESCAN as a Wholly Owned Subsidiary Acquisition of Electron Microscopy Business Strengthens End-to-End Solutions in Analytical and Measuring Technologies,News,,2026-08-02T19:59:15+00:00,fresh direct fetch,[]
https://www.shimadzu.com/news/2026/k8iri3_20_z4uvwt.html,OK,200,https://www.shimadzu.com/news/2026/k8iri3_20_z4uvwt.html,SHIMADZU CORPORATION : Next-Generation Model Offers both Industry-Leading Separation Performance and Ultra-Fast Analysis Release of Nexera X4 Ultra High Performance Liquid Chromatograph,,,2026-08-02T19:45:57+00:00,fresh status plus retained title,"[{""file"": ""data/intelligence.json"", ""path"": """", ""label"": """"}, {""file"": ""data/intelligence.json"", ""path"": ""signals.221"", ""label"": ""Next-Generation Model Offers both Industry-Leading Separation Performance and Ultra-Fast Analysis Release of Nexera X4 Ultra High Performance Liquid Chromatograph""}, {""file"": ""data/intelligence.json"", ""path"": ""recommendations.1"", ""label"": ""Decide whether Next Gen LC and Alliance iS need new end-to-end workflow requirements""}, {""file"": ""data/intelligence.json"", ""path"": ""recommendations.1.urgency"", ""label"": """"}, {""file"": ""data/intelligence.json"", ""path"": ""recommendations.1.urgency.competitorActions.0"", ""label"": """"}, {""file"": ""data/intelligence.json"", ""path"": ""recommendations.1.evidenceBasis"", ""label"": """"}, {""file"": ""data/intelligence.json"", ""path"": ""recommendations.1.evidenceBasis.links.0"", ""label"": ""Shimadzu Nexera X4 release""}, {""file"": ""data/product_launches.json"", ""path"": """", ""label"": """"}, {""file"": ""data/product_launches.json"", ""path"": ""launches.0"", ""label"": ""Nexera X4 Series""}]"
https://www.shimadzu.com/news/2026/kl7r0r4uj64q9kpv.html,OK,200,https://www.shimadzu.com/news/2026/kl7r0r4uj64q9kpv.html,SHIMADZU CORPORATION : Development of a MALDI Mass Spectrometry Method for Serotype Identification of Gene Therapy Vectors Collaborative Study Published in Analytical Chemistry,,,2026-08-02T19:45:57+00:00,fresh status plus retained title,"[{""file"": ""data/intelligence.json"", ""path"": """", ""label"": """"}, {""file"": ""data/intelligence.json"", ""path"": ""signals.219"", ""label"": ""Development of a MALDI Mass Spectrometry Method for Serotype Identification of Gene Therapy Vectors Collaborative Study Published in Analytical Chemistry""}]"
https://www.shimadzu.com/news/2026/mp345hgpek6lm85j.html,OK,200,https://www.shimadzu.com/news/2026/mp345hgpek6lm85j.html,"SHIMADZU CORPORATION : BIPM, RIKEN and Shimadzu launch collaboration to explore the role of transportable optical frequency standards",News,,2026-08-02T19:59:15+00:00,fresh direct fetch,[]
https://www.shimadzu.com/news/2026/qmv_7cupefrinwt6.html,OK,200,https://www.shimadzu.com/news/2026/qmv_7cupefrinwt6.html,SHIMADZU CORPORATION : Shimadzu Corporation Acquires German Startup Plasmion GmbH Secures SICRIT Ion Source Technology for Mass Spectrometers,News,,2026-08-02T19:59:15+00:00,fresh direct fetch,[]
https://www.shimadzu.com/news/2026/rqlmu84w5ry4eew_.html,OK,200,https://www.shimadzu.com/news/2026/rqlmu84w5ry4eew_.html,SHIMADZU CORPORATION : Industry-Leading Detection Performance and Flexibility for Diverse Analytical Needs Shimadzu Releases the GCMS-TQ RX Series Gas Chromatograph-Mass Spectrometer,,,2026-08-02T19:45:57+00:00,fresh status plus retained title,"[{""file"": ""data/competitor_monitors.json"", ""path"": """", ""label"": """"}, {""file"": ""data/competitor_monitors.json"", ""path"": ""competitors"", ""label"": """"}, {""file"": ""data/competitor_monitors.json"", ""path"": ""competitors.Shimadzu"", ""label"": """"}, {""file"": ""data/competitor_monitors.json"", ""path"": ""competitors.Shimadzu.new_press_releases.0"", ""label"": ""Industry-Leading Detection Performance and Flexibility for Diverse Analytical Needs Shimadzu Releases the GCMS-TQ RX Series Gas Chromatograph-Mass Spectrometer""}, {""file"": ""data/intelligence.json"", ""path"": """", ""label"": """"}, {""file"": ""data/intelligence.json"", ""path"": ""signals.84"", ""label"": ""Industry-Leading Detection Performance and Flexibility for Diverse Analytical Needs Shimadzu Releases the GCMS-TQ RX Series Gas Chromatograph-Mass Spectrometer""}]"
https://www.shimadzu.com/news/2026/t0best6lrz8y0uk9.html,OK,200,https://www.shimadzu.com/news/2026/t0best6lrz8y0uk9.html,SHIMADZU CORPORATION : Enables Reliable Water Quality Analysis for All Users and Reduces Workload through Smooth Operation Release of Nexera IC Ion Chromatograph,,,2026-08-02T19:45:57+00:00,fresh status plus retained title,"[{""file"": ""data/intelligence.json"", ""path"": """", ""label"": """"}, {""file"": ""data/intelligence.json"", ""path"": ""signals.228"", ""label"": ""Enables Reliable Water Quality Analysis for All Users and Reduces Workload through Smooth Operation Release of Nexera IC Ion Chromatograph""}, {""file"": ""data/product_launches.json"", ""path"": """", ""label"": """"}, {""file"": ""data/product_launches.json"", ""path"": ""launches.1"", ""label"": ""Nexera IC""}]"
https://www.shimadzu.com/news/2026/u7zsp_9ptac8y-ri.html,OK,200,https://www.shimadzu.com/news/2026/u7zsp_9ptac8y-ri.html,SHIMADZU CORPORATION : Launched Industry’s First Micro Compression Testing Machine Capable of Multi-Point Successive Measurement in Conformance Order Contributing to R&D for Carbon Neutrality and Related Fields through Micron-Level material evaluation,News,,2026-08-02T19:59:16+00:00,fresh direct fetch,[]
https://www.shimadzu.com/news/2026/us_ij0twdr--z1bk.html,OK,200,https://www.shimadzu.com/news/2026/us_ij0twdr--z1bk.html,"SHIMADZU CORPORATION : Shimadzu Receives an International iF Design Award 2026 in Three Disciplines—Product Design, Architecture, and Interior Architecture",News,,2026-08-02T19:59:16+00:00,fresh direct fetch,[]
https://www.shimadzu.com/news/2026/vz_a4k39l-19nqcp.html,OK,200,https://www.shimadzu.com/news/2026/vz_a4k39l-19nqcp.html,SHIMADZU CORPORATION : Shimadzu Signs Professional Player Contracts with Tennis Players Hikaru Sato and Hiromi Abe,News,,2026-08-02T19:59:16+00:00,fresh direct fetch,[]
https://www.shimadzu.com/news/2026/xsmnp89535xpnhd1.html,OK,200,https://www.shimadzu.com/news/2026/xsmnp89535xpnhd1.html,SHIMADZU CORPORATION : Team Representing Japan Wins at the World Deaf Team Tennis Championships Komokata of the SHIMADZU Breakers Excels as Team Ace,News,,2026-08-02T19:59:16+00:00,fresh direct fetch,[]
https://www.shimadzu.com/news/xsysh4059sd7e93d.html,OK,200,https://www.shimadzu.com/news/xsysh4059sd7e93d.html,SHIMADZU CORPORATION : Expanding Market Share in the Pharma/Biopharma Market with New LC Release of the Nexera XS inert High-Performance Liquid Chromatograph,,,2026-08-02T19:45:57+00:00,fresh status plus retained title,"[{""file"": ""data/historical_product_catalog.json"", ""path"": """", ""label"": """"}, {""file"": ""data/historical_product_catalog.json"", ""path"": ""products.46"", ""label"": ""Nexera XS inert UHPLC""}]"
https://www.shimadzu.com/sites/shimadzu.com/files/ir/8quj/r6kpfhyxuu985pje.pdf,OK,200,https://www.shimadzu.com/sites/shimadzu.com/files/ir/8quj/r6kpfhyxuu985pje.pdf,,,,2026-08-02T19:59:16+00:00,fresh direct fetch,"[{""file"": ""data/historical_product_catalog.json"", ""path"": """", ""label"": """"}, {""file"": ""data/historical_product_catalog.json"", ""path"": ""products.24"", ""label"": ""LC-10A Series HPLC""}, {""file"": ""data/historical_product_catalog.json"", ""path"": ""products.25"", ""label"": ""LC-VP Series HPLC""}, {""file"": ""data/historical_product_catalog.json"", ""path"": ""products.26"", ""label"": ""LC-2010 Integrated HPLC""}, {""file"": ""data/historical_product_catalog.json"", ""path"": ""products.27"", ""label"": ""LCMS-2010A""}, {""file"": ""data/historical_product_catalog.json"", ""path"": ""products.28"", ""label"": ""SIL-HT Autosampler""}, {""file"": ""data/historical_product_catalog.json"", ""path"": ""products.29"", ""label"": ""Prominence HPLC/UHPLC""}, {""file"": ""data/historical_product_catalog.json"", ""path"": ""products.30"", ""label"": ""LCMS-IT-TOF""}, {""file"": ""data/historical_product_catalog.json"", ""path"": ""products.31"", ""label"": ""LCMS-2020 Single Quadrupole""}, {""file"": ""data/historical_product_catalog.json"", ""path"": ""products.32"", ""label"": ""Nexera UHPLC""}, {""file"": ""data/historical_product_catalog.json"", ""path"": ""products.33"", ""label"": ""LCMS-8030 Triple Quadrupole""}, {""file"": ""data/historical_product_catalog.json"", ""path"": ""products.34"", ""label"": ""LCMS-8040 Triple Quadrupole""}, {""file"": ""data/historical_product_catalog.json"", ""path"": ""products.35"", ""label"": ""LCMS-8050 Triple Quadrupole""}, {""file"": ""data/historical_product_catalog.json"", ""path"": ""products.36"", ""label"": ""i-Series Integrated HPLC/UHPLC""}, {""file"": ""data/historical_product_catalog.json"", ""path"": ""products.37"", ""label"": ""Nexera UC Unified Chromatography""}, {""file"": ""data/historical_product_catalog.json"", ""path"": ""products.38"", ""label"": ""LCMS-8060 Triple Quadrupole""}, {""file"": ""data/historical_product_catalog.json"", ""path"": ""products.39"", ""label"": ""Nexera Mikros Microflow LC-MS System""}, {""file"": ""data/historical_product_catalog.json"", ""path"": ""products.40"", ""label"": ""LCMS-9030 Q-TOF""}, {""file"": ""data/historical_product_catalog.json"", ""path"": ""products.41"", ""label"": ""Nexera 40 Series UHPLC""}]"
https://www.shimadzu.eu/news-events/2026/IMSC.html,OK,200,https://www.shimadzu.eu/news-events/2026/IMSC.html,IMSC : Shimadzu (Europe),,,2026-08-02T19:45:57+00:00,fresh status plus retained title,"[{""file"": ""data/conference_preparation.json"", ""path"": """", ""label"": """"}, {""file"": ""data/conference_preparation.json"", ""path"": ""events.1"", ""label"": ""IMSC 2026""}, {""file"": ""data/conference_preparation.json"", ""path"": ""events.1.competitorContent.1"", ""label"": """"}, {""file"": ""data/conference_preparation.json"", ""path"": ""events.1.monitoringLinks.1"", ""label"": ""Shimadzu presence""}]"
https://www.slas.org/education/slas-micro-credentials-program/,Broken,200,https://www.slas.org/education/slas-micro-credentials-program/,,,HTTP response contains an access-control or bot-challenge page,2026-08-02T19:45:57+00:00,fresh data/link_health.json,[]
https://www.slas.org/events-calendar/slas-europe-2026-conference-and-exhibition/,Broken,200,https://www.slas.org/events-calendar/slas-europe-2026-conference-and-exhibition/,SLAS Europe 2026 Conference and Exhibition,,HTTP response contains an access-control or bot-challenge page,2026-08-02T19:45:57+00:00,fresh data/link_health.json,"[{""file"": ""data/conference_sources.json"", ""path"": """", ""label"": """"}, {""file"": ""data/conference_sources.json"", ""path"": ""events.10"", ""label"": ""SLAS EU (Society for Laboratory Automation and Screening)""}]"
https://www.slas.org/events-calendar/slas-europe-2026-conference-and-exhibition/learn/,Broken,200,https://www.slas.org/events-calendar/slas-europe-2026-conference-and-exhibition/learn/,,,HTTP response contains an access-control or bot-challenge page,2026-08-02T19:45:57+00:00,fresh data/link_health.json,[]
https://www.slas.org/events-calendar/slas-europe-2026-conference-and-exhibition/sponsor-and-exhibit/,Broken,200,https://www.slas.org/events-calendar/slas-europe-2026-conference-and-exhibition/sponsor-and-exhibit/,,,HTTP response contains an access-control or bot-challenge page,2026-08-02T19:45:58+00:00,fresh data/link_health.json,[]
https://www.slas.org/events-calendar/slas-europe-2026-conference-and-exhibition/sponsor-and-exhibit/innovation-avenew/,Broken,200,https://www.slas.org/events-calendar/slas-europe-2026-conference-and-exhibition/sponsor-and-exhibit/innovation-avenew/,,,HTTP response contains an access-control or bot-challenge page,2026-08-02T19:45:58+00:00,fresh data/link_health.json,[]
https://www.slas.org/events-calendar/slas2026-international-conference-exhibition/,Broken,200,https://www.slas.org/events-calendar/slas2026-international-conference-exhibition/,SLAS2026 International Conference &amp; Exhibition,,HTTP response contains an access-control or bot-challenge page,2026-08-02T19:45:58+00:00,fresh data/link_health.json,"[{""file"": ""data/conference_sources.json"", ""path"": """", ""label"": """"}, {""file"": ""data/conference_sources.json"", ""path"": ""events.1"", ""label"": ""SLAS 2026 (Society for Laboratory Automation and Screening)""}]"
https://www.slas.org/events-calendar/slas2026-international-conference-exhibition/learn/keynote-speaker-bios/,Broken,200,https://www.slas.org/events-calendar/slas2026-international-conference-exhibition/learn/keynote-speaker-bios/,,,HTTP response contains an access-control or bot-challenge page,2026-08-02T19:45:58+00:00,fresh data/link_health.json,[]
https://www.slas.org/events-calendar/slas2026-international-conference-exhibition/sponsor-and-exhibit/,Broken,200,https://www.slas.org/events-calendar/slas2026-international-conference-exhibition/sponsor-and-exhibit/,,,HTTP response contains an access-control or bot-challenge page,2026-08-02T19:45:58+00:00,fresh data/link_health.json,[]
https://www.slas.org/events/slas-2026-sample-management-symposium/,Broken,200,https://www.slas.org/events-calendar/slas-2026-sample-management-symposium/,,,HTTP response contains an access-control or bot-challenge page,2026-08-02T19:45:58+00:00,fresh data/link_health.json,[]
https://www.slas.org/footer-nav-links/for-partners/slas-event-sponsorship/,Broken,200,https://www.slas.org/events-calendar/,,,HTTP response contains an access-control or bot-challenge page,2026-08-02T19:45:58+00:00,fresh data/link_health.json,[]
https://www.slas.org/membership/slas-fellow-member-program1/,Broken,200,https://www.slas.org/membership/slas-fellow-member-program/,,,HTTP response contains an access-control or bot-challenge page,2026-08-02T19:45:58+00:00,fresh data/link_health.json,[]
https://www.ssi.shimadzu.com/news/2020/new-LCMS-8060NX-high-performance-tandem-liquid-chromatograph-mass-spectrometer-improves-workflow-efficiency-and-maximizes-laboratory-output.html,OK,200,https://www.ssi.shimadzu.com/news/2020/new-LCMS-8060NX-high-performance-tandem-liquid-chromatograph-mass-spectrometer-improves-workflow-efficiency-and-maximizes-laboratory-output.html,Shimadzu’s New LCMS-8060NX High-Performance Tandem Liquid Chromatograph Mass Spectrometer Improves Workflow Efficiency and Maximizes Laboratory Output : Shimadzu Scientific Instruments,,,2026-08-02T19:45:59+00:00,fresh status plus retained title,"[{""file"": ""data/historical_product_catalog.json"", ""path"": """", ""label"": """"}, {""file"": ""data/historical_product_catalog.json"", ""path"": ""products.42"", ""label"": ""LCMS-8060NX Triple Quadrupole""}]"
https://www.ssi.shimadzu.com/news/2020/shimadzu-launches-new-Ultra-Fast-Nexera-QX-Multiplex-LC-MS/MS-System.html,OK,200,https://www.ssi.shimadzu.com/news/2020/shimadzu-launches-new-Ultra-Fast-Nexera-QX-Multiplex-LC-MS/MS-System.html,New Ultra-Fast Nexera QX Multiplex LC-MS/MS System Multiplies Sample Throughput to Maximize Productivity : Shimadzu Scientific Instruments,,,2026-08-02T19:45:59+00:00,fresh status plus retained title,"[{""file"": ""data/historical_product_catalog.json"", ""path"": """", ""label"": """"}, {""file"": ""data/historical_product_catalog.json"", ""path"": ""products.43"", ""label"": ""Nexera QX Multiplex LC-MS/MS System""}]"
https://www.ssi.shimadzu.com/news/2022-12-05-new-q-tof-lcms-9050.html,OK,200,https://www.ssi.shimadzu.com/news/2022-12-05-new-q-tof-lcms-9050.html,"New Q-TOF LCMS-9050 Delivers Exceptional Mass Accuracy and Fast, Stable Polarity Switching : Shimadzu Scientific Instruments",,,2026-08-02T19:45:59+00:00,fresh status plus retained title,"[{""file"": ""data/historical_product_catalog.json"", ""path"": """", ""label"": """"}, {""file"": ""data/historical_product_catalog.json"", ""path"": ""products.48"", ""label"": ""LCMS-9050 Q-TOF""}]"
https://www.ssi.shimadzu.com/products/liquid-chromatography/hplcuhplc/nexera-x4/spec.html,OK,200,https://www.ssi.shimadzu.com/products/liquid-chromatography/hplcuhplc/nexera-x4/spec.html,Nexera X4 Ultra High-Performance Liquid Chromatograph - Specs : Shimadzu Scientific Instruments,,,2026-08-02T19:45:59+00:00,fresh status plus retained title,"[{""file"": ""data/technical_comparisons.json"", ""path"": """", ""label"": """"}, {""file"": ""data/technical_comparisons.json"", ""path"": ""profiles.2"", ""label"": """"}, {""file"": ""data/technical_comparisons.json"", ""path"": ""profiles.2.rows.0"", ""label"": """"}, {""file"": ""data/technical_comparisons.json"", ""path"": ""profiles.2.rows.1"", ""label"": """"}, {""file"": ""data/technical_comparisons.json"", ""path"": ""profiles.2.rows.2"", ""label"": """"}, {""file"": ""data/technical_comparisons.json"", ""path"": ""profiles.2.rows.3"", ""label"": """"}]"
https://www.thermofisher.com/blog/analyteguru/1000-publications-and-counting-what-researchers-are-unlocking-with-the-orbitrap-astral-mass-spectrometer/,OK,200,https://www.thermofisher.com/blog/analyteguru/1000-publications-and-counting-what-researchers-are-unlocking-with-the-orbitrap-astral-mass-spectrometer/,"1,000 Publications and Counting: What Researchers Are Unlocking With the Orbitrap Astral Mass Spectrometer - AnalyteGuru",,,2026-08-02T19:45:59+00:00,fresh status plus retained title,"[{""file"": ""data/intelligence.json"", ""path"": """", ""label"": """"}, {""file"": ""data/intelligence.json"", ""path"": ""signals.189"", ""label"": ""1,000 Publications and Counting: What Researchers Are Unlocking With the Orbitrap Astral Mass Spectrometer""}]"
https://www.thermofisher.com/blog/analyteguru/advancing-clinical-research-at-asms-2026-from-robust-workflows-to-real-world-impact/,OK,200,https://www.thermofisher.com/blog/analyteguru/advancing-clinical-research-at-asms-2026-from-robust-workflows-to-real-world-impact/,Advancing Clinical Research at ASMS 2026: From Robust Workflows to Real-World Impact - AnalyteGuru,,,2026-08-02T19:45:59+00:00,fresh status plus retained title,"[{""file"": ""data/intelligence.json"", ""path"": """", ""label"": """"}, {""file"": ""data/intelligence.json"", ""path"": ""signals.196"", ""label"": ""Advancing Clinical Research at ASMS 2026: From Robust Workflows to Real-World Impact""}]"
https://www.thermofisher.com/blog/analyteguru/electrospray-101-what-to-know-about-lc-ms-sources-and-a-first-look-at-optispray/,OK,200,https://www.thermofisher.com/blog/analyteguru/electrospray-101-what-to-know-about-lc-ms-sources-and-a-first-look-at-optispray/,Electrospray 101: What to Know About LC-MS Sources - and a First Look at Optispray - AnalyteGuru,,,2026-08-02T19:45:59+00:00,fresh status plus retained title,"[{""file"": ""data/intelligence.json"", ""path"": """", ""label"": """"}, {""file"": ""data/intelligence.json"", ""path"": ""signals.222"", ""label"": ""Electrospray 101: What to Know About LC-MS Sources – and a First Look at Optispray""}]"
https://www.thermofisher.com/blog/analyteguru/how-to-cut-hplc-sample-preparation-time-for-derivatizing-amino-acids/,OK,200,https://www.thermofisher.com/blog/analyteguru/how-to-cut-hplc-sample-preparation-time-for-derivatizing-amino-acids/,How to Cut HPLC Sample Preparation Time for Derivatizing Amino Acids - AnalyteGuru,,,2026-08-02T19:45:59+00:00,fresh status plus retained title,"[{""file"": ""data/intelligence.json"", ""path"": """", ""label"": """"}, {""file"": ""data/intelligence.json"", ""path"": ""signals.233"", ""label"": ""How to Cut HPLC Sample Preparation Time for Derivatizing Amino Acids""}]"
https://www.thermofisher.com/blog/analyteguru/liquid-chromatography/feed/,OK,200,https://www.thermofisher.com/blog/analyteguru/liquid-chromatography/feed/,,,,2026-08-02T19:59:16+00:00,fresh direct fetch,"[{""file"": ""data/competitor_monitors.json"", ""path"": """", ""label"": """"}, {""file"": ""data/competitor_monitors.json"", ""path"": ""competitors"", ""label"": """"}, {""file"": ""data/competitor_monitors.json"", ""path"": ""competitors.Thermo Fisher"", ""label"": """"}, {""file"": ""data/competitor_monitors.json"", ""path"": ""competitors.Thermo Fisher.source_status.5"", ""label"": """"}, {""file"": ""data/intelligence.json"", ""path"": """", ""label"": """"}, {""file"": ""data/intelligence.json"", ""path"": ""sourceHealth.2"", ""label"": """"}, {""file"": ""data/intelligence.json"", ""path"": ""competitorExtraction"", ""label"": """"}, {""file"": ""data/intelligence.json"", ""path"": ""competitorExtraction.competitors"", ""label"": """"}, {""file"": ""data/intelligence.json"", ""path"": ""competitorExtraction.competitors.Thermo Fisher"", ""label"": """"}, {""file"": ""data/intelligence.json"", ""path"": ""competitorExtraction.competitors.Thermo Fisher.sourceStatus.5"", ""label"": """"}, {""file"": ""data/source_catalog.json"", ""path"": """", ""label"": ""Data Source Inventory""}, {""file"": ""data/source_catalog.json"", ""path"": ""sources.4"", ""label"": """"}]"
https://www.thermofisher.com/blog/analyteguru/mass-spectrometry/feed/,OK,200,https://www.thermofisher.com/blog/analyteguru/mass-spectrometry/feed/,,,,2026-08-02T19:59:16+00:00,fresh direct fetch,"[{""file"": ""data/competitor_monitors.json"", ""path"": """", ""label"": """"}, {""file"": ""data/competitor_monitors.json"", ""path"": ""competitors"", ""label"": """"}, {""file"": ""data/competitor_monitors.json"", ""path"": ""competitors.Thermo Fisher"", ""label"": """"}, {""file"": ""data/competitor_monitors.json"", ""path"": ""competitors.Thermo Fisher.source_status.6"", ""label"": """"}, {""file"": ""data/intelligence.json"", ""path"": """", ""label"": """"}, {""file"": ""data/intelligence.json"", ""path"": ""sourceHealth.3"", ""label"": """"}, {""file"": ""data/intelligence.json"", ""path"": ""competitorExtraction"", ""label"": """"}, {""file"": ""data/intelligence.json"", ""path"": ""competitorExtraction.competitors"", ""label"": """"}, {""file"": ""data/intelligence.json"", ""path"": ""competitorExtraction.competitors.Thermo Fisher"", ""label"": """"}, {""file"": ""data/intelligence.json"", ""path"": ""competitorExtraction.competitors.Thermo Fisher.sourceStatus.6"", ""label"": """"}, {""file"": ""data/source_catalog.json"", ""path"": """", ""label"": ""Data Source Inventory""}, {""file"": ""data/source_catalog.json"", ""path"": ""sources.5"", ""label"": """"}]"
https://www.thermofisher.com/blog/analyteguru/modern-technologies-for-high-performance-lc-ms-data-transfers/,OK,200,https://www.thermofisher.com/blog/analyteguru/modern-technologies-for-high-performance-lc-ms-data-transfers/,Modern Technologies for High-Performance LC-MS Data Transfers - AnalyteGuru,,,2026-08-02T19:45:59+00:00,fresh status plus retained title,"[{""file"": ""data/intelligence.json"", ""path"": """", ""label"": """"}, {""file"": ""data/intelligence.json"", ""path"": ""signals.243"", ""label"": ""Modern Technologies for High-Performance LC-MS Data Transfers""}]"
https://www.thermofisher.com/blog/analyteguru/moving-to-mainstream-is-the-world-finally-ready-for-low-flow-lc/,OK,200,https://www.thermofisher.com/blog/analyteguru/moving-to-mainstream-is-the-world-finally-ready-for-low-flow-lc/,Moving to Mainstream: Is the World Finally Ready for Low-Flow LC? - AnalyteGuru,,,2026-08-02T19:45:59+00:00,fresh status plus retained title,"[{""file"": ""data/intelligence.json"", ""path"": """", ""label"": """"}, {""file"": ""data/intelligence.json"", ""path"": ""signals.86"", ""label"": ""Moving to Mainstream: Is the World Finally Ready for Low-Flow LC?""}]"
https://www.thermofisher.com/blog/analyteguru/neuroscience-takes-flight-how-collaboration-spaceflight-and-orbitrap-astral-ms-are-opening-a-new-window-into-brain-aging/,OK,200,https://www.thermofisher.com/blog/analyteguru/neuroscience-takes-flight-how-collaboration-spaceflight-and-orbitrap-astral-ms-are-opening-a-new-window-into-brain-aging/,"Neuroscience Takes Flight: How Collaboration, Spaceflight, and Orbitrap Astral MS Are Opening a New Window into Brain Aging - AnalyteGuru",,,2026-08-02T19:45:59+00:00,fresh status plus retained title,"[{""file"": ""data/intelligence.json"", ""path"": """", ""label"": """"}, {""file"": ""data/intelligence.json"", ""path"": ""signals.211"", ""label"": ""Neuroscience Takes Flight: How Collaboration, Spaceflight, and Orbitrap Astral MS Are Opening a New Window into Brain Aging""}]"
https://www.thermofisher.com/blog/analyteguru/new-technical-note-robust-high-throughput-peptide-quantitation-on-the-tsq-certis-triple-quadrupole-ms-with-optispray-technology/,OK,200,https://www.thermofisher.com/blog/analyteguru/new-technical-note-robust-high-throughput-peptide-quantitation-on-the-tsq-certis-triple-quadrupole-ms-with-optispray-technology/,"New Technical Note: Robust, High-Throughput Peptide Quantitation on the TSQ Certis Triple Quadrupole MS with OptiSpray Technology - AnalyteGuru",,,2026-08-02T19:46:00+00:00,fresh status plus retained title,"[{""file"": ""data/competitor_application_notes.json"", ""path"": """", ""label"": """"}, {""file"": ""data/competitor_application_notes.json"", ""path"": ""notes.5"", ""label"": ""Robust, High-Throughput Peptide Quantitation""}, {""file"": ""data/conference_preparation.json"", ""path"": """", ""label"": """"}, {""file"": ""data/conference_preparation.json"", ""path"": ""events.3"", ""label"": ""CASSS Mass Spec 2026""}, {""file"": ""data/conference_preparation.json"", ""path"": ""events.3.competitorContent.1"", ""label"": """"}, {""file"": ""data/intelligence.json"", ""path"": """", ""label"": """"}, {""file"": ""data/intelligence.json"", ""path"": ""signals.206"", ""label"": ""New Technical Note: Robust, High-Throughput Peptide Quantitation on the TSQ Certis Triple Quadrupole MS with OptiSpray Technology""}]"
https://www.thermofisher.com/blog/analyteguru/phosphorylation-adma-and-o-glcnac-analysis-on-the-orbitrap-excedion-pro-mass-spectrometer/,OK,200,https://www.thermofisher.com/blog/analyteguru/phosphorylation-adma-and-o-glcnac-analysis-on-the-orbitrap-excedion-pro-mass-spectrometer/,"Phosphorylation, ADMA, and O-GlcNAc Analysis on the Orbitrap Excedion Pro Mass Spectrometer - AnalyteGuru",,,2026-08-02T19:46:00+00:00,fresh status plus retained title,"[{""file"": ""data/intelligence.json"", ""path"": """", ""label"": """"}, {""file"": ""data/intelligence.json"", ""path"": ""signals.217"", ""label"": ""Phosphorylation, ADMA, and O-GlcNAc Analysis on the Orbitrap Excedion Pro Mass Spectrometer""}]"
https://www.thermofisher.com/blog/analyteguru/proteomics/feed/,OK,200,https://www.thermofisher.com/blog/analyteguru/proteomics/feed/,,,,2026-08-02T19:59:16+00:00,fresh direct fetch,"[{""file"": ""data/competitor_monitors.json"", ""path"": """", ""label"": """"}, {""file"": ""data/competitor_monitors.json"", ""path"": ""competitors"", ""label"": """"}, {""file"": ""data/competitor_monitors.json"", ""path"": ""competitors.Thermo Fisher"", ""label"": """"}, {""file"": ""data/competitor_monitors.json"", ""path"": ""competitors.Thermo Fisher.source_status.7"", ""label"": """"}, {""file"": ""data/intelligence.json"", ""path"": """", ""label"": """"}, {""file"": ""data/intelligence.json"", ""path"": ""sourceHealth.4"", ""label"": """"}, {""file"": ""data/intelligence.json"", ""path"": ""competitorExtraction"", ""label"": """"}, {""file"": ""data/intelligence.json"", ""path"": ""competitorExtraction.competitors"", ""label"": """"}, {""file"": ""data/intelligence.json"", ""path"": ""competitorExtraction.competitors.Thermo Fisher"", ""label"": """"}, {""file"": ""data/intelligence.json"", ""path"": ""competitorExtraction.competitors.Thermo Fisher.sourceStatus.7"", ""label"": """"}, {""file"": ""data/source_catalog.json"", ""path"": """", ""label"": ""Data Source Inventory""}, {""file"": ""data/source_catalog.json"", ""path"": ""sources.6"", ""label"": """"}]"
https://www.thermofisher.com/blog/analyteguru/radical-based-ion-activation-and-dissociation/,OK,200,https://www.thermofisher.com/blog/analyteguru/radical-based-ion-activation-and-dissociation/,Radical-based Ion Activation and Dissociation - AnalyteGuru,,,2026-08-02T19:46:00+00:00,fresh status plus retained title,"[{""file"": ""data/intelligence.json"", ""path"": """", ""label"": """"}, {""file"": ""data/intelligence.json"", ""path"": ""signals.245"", ""label"": ""Radical-based Ion Activation and Dissociation""}]"
https://www.thermofisher.com/blog/analyteguru/rethinking-whats-possible-in-biological-research-with-the-orbitrap-astral-zoom-mass-spectrometer/,OK,200,https://www.thermofisher.com/blog/analyteguru/rethinking-whats-possible-in-biological-research-with-the-orbitrap-astral-zoom-mass-spectrometer/,Rethinking What’s Possible in Biological Research with the Orbitrap Astral Zoom Mass Spectrometer - AnalyteGuru,,,2026-08-02T19:46:00+00:00,fresh status plus retained title,"[{""file"": ""data/intelligence.json"", ""path"": """", ""label"": """"}, {""file"": ""data/intelligence.json"", ""path"": ""signals.208"", ""label"": ""Rethinking What’s Possible in Biological Research with the Orbitrap Astral Zoom Mass Spectrometer""}]"
https://www.thermofisher.com/blog/analyteguru/turning-science-into-safer-water-for-nearly-1-8-million-people/,OK,200,https://www.thermofisher.com/blog/analyteguru/turning-science-into-safer-water-for-nearly-1-8-million-people/,Turning Science Into Safer Water for Nearly 1.8 Million People - AnalyteGuru,,,2026-08-02T19:46:00+00:00,fresh status plus retained title,"[{""file"": ""data/intelligence.json"", ""path"": """", ""label"": """"}, {""file"": ""data/intelligence.json"", ""path"": ""signals.200"", ""label"": ""Turning Science Into Safer Water for Nearly 1.8 Million People""}]"
https://www.thermofisher.com/blog/analyteguru/unlock-high-performance-lc-ms-with-factory-certified-systems-from-thermo-fisher-scientific/,OK,200,https://www.thermofisher.com/blog/analyteguru/unlock-high-performance-lc-ms-with-factory-certified-systems-from-thermo-fisher-scientific/,Unlock High-Performance LC-MS with Factory-Certified Systems from Thermo Fisher Scientific - AnalyteGuru,,,2026-08-02T19:46:00+00:00,fresh status plus retained title,"[{""file"": ""data/intelligence.json"", ""path"": """", ""label"": """"}, {""file"": ""data/intelligence.json"", ""path"": ""signals.241"", ""label"": ""Unlock High-Performance LC-MS with Factory-Certified Systems from Thermo Fisher Scientific""}]"
https://www.thermofisher.com/blog/analyteguru/unlocking-high-throughput-potential-in-liquid-chromatography-with-vanquish-systems/,OK,200,https://www.thermofisher.com/blog/analyteguru/unlocking-high-throughput-potential-in-liquid-chromatography-with-vanquish-systems/,Unlocking High-Throughput Potential in Liquid Chromatography With Vanquish Systems - AnalyteGuru,,,2026-08-02T19:46:00+00:00,fresh status plus retained title,"[{""file"": ""data/intelligence.json"", ""path"": """", ""label"": """"}, {""file"": ""data/intelligence.json"", ""path"": ""signals.197"", ""label"": ""Unlocking High-Throughput Potential in Liquid Chromatography With Vanquish Systems""}]"
https://www.thermofisher.com/blog/analyteguru/upgrade-smarter-trade-in-your-current-lc-ms-system-and-boost-lab-performance-without-breaking-budget/,OK,200,https://www.thermofisher.com/blog/analyteguru/upgrade-smarter-trade-in-your-current-lc-ms-system-and-boost-lab-performance-without-breaking-budget/,Upgrade Smarter: Trade In Your Current LC-MS System and Boost Lab Performance Without Breaking Budget - AnalyteGuru,,,2026-08-02T19:46:01+00:00,fresh status plus retained title,"[{""file"": ""data/intelligence.json"", ""path"": """", ""label"": """"}, {""file"": ""data/intelligence.json"", ""path"": ""signals.237"", ""label"": ""Upgrade Smarter: Trade In Your Current LC-MS System and Boost Lab Performance Without Breaking Budget""}]"
https://www.thermofisher.com/blog/analyteguru/what-happens-when-glycoproteomics-meets-real-time-lc-ms-decision-making/,OK,200,https://www.thermofisher.com/blog/analyteguru/what-happens-when-glycoproteomics-meets-real-time-lc-ms-decision-making/,What Happens When Glycoproteomics Meets Real-Time LC-MS Decision Making? - AnalyteGuru,,,2026-08-02T19:46:01+00:00,fresh status plus retained title,"[{""file"": ""data/intelligence.json"", ""path"": """", ""label"": """"}, {""file"": ""data/intelligence.json"", ""path"": ""signals.214"", ""label"": ""What Happens When Glycoproteomics Meets Real-Time LC-MS Decision Making?""}]"
https://www.thermofisher.com/order/catalog/product/VQ-AMPLIFY,OK,200,https://www.thermofisher.com/order/catalog/product/VQ-AMPLIFY,Vanquish&trade; Amplify UHPLC systems Integrated Inert System | Request for Quote,,,2026-08-02T19:46:01+00:00,fresh status plus retained title,"[{""file"": ""data/intelligence.json"", ""path"": """", ""label"": """"}, {""file"": ""data/intelligence.json"", ""path"": ""recommendations.1"", ""label"": ""Decide whether Next Gen LC and Alliance iS need new end-to-end workflow requirements""}, {""file"": ""data/intelligence.json"", ""path"": ""recommendations.1.urgency"", ""label"": """"}, {""file"": ""data/intelligence.json"", ""path"": ""recommendations.1.urgency.competitorActions.2"", ""label"": """"}, {""file"": ""data/intelligence.json"", ""path"": ""recommendations.2"", ""label"": ""Decide whether Next Gen LC needs an oligonucleotide method-readiness package""}, {""file"": ""data/intelligence.json"", ""path"": ""recommendations.2.urgency"", ""label"": """"}, {""file"": ""data/intelligence.json"", ""path"": ""recommendations.2.urgency.competitorActions.1"", ""label"": """"}]"
https://www.thermofisher.com/sitemap-index.xml,OK,200,https://www.thermofisher.com/sitemap-index.xml,,,,2026-08-02T19:59:16+00:00,fresh direct fetch,"[{""file"": ""data/competitor_monitors.json"", ""path"": """", ""label"": """"}, {""file"": ""data/competitor_monitors.json"", ""path"": ""competitors"", ""label"": """"}, {""file"": ""data/competitor_monitors.json"", ""path"": ""competitors.Thermo Fisher"", ""label"": """"}, {""file"": ""data/competitor_monitors.json"", ""path"": ""competitors.Thermo Fisher.source_status.0"", ""label"": """"}, {""file"": ""data/intelligence.json"", ""path"": """", ""label"": """"}, {""file"": ""data/intelligence.json"", ""path"": ""competitorExtraction"", ""label"": """"}, {""file"": ""data/intelligence.json"", ""path"": ""competitorExtraction.competitors"", ""label"": """"}, {""file"": ""data/intelligence.json"", ""path"": ""competitorExtraction.competitors.Thermo Fisher"", ""label"": """"}, {""file"": ""data/intelligence.json"", ""path"": ""competitorExtraction.competitors.Thermo Fisher.sourceStatus.0"", ""label"": """"}]"
https://www.thermofisher.com/sitemap-us-en.xml,OK,200,https://www.thermofisher.com/sitemap-us-en.xml,,,,2026-08-02T19:59:16+00:00,fresh direct fetch,"[{""file"": ""data/competitor_monitors.json"", ""path"": """", ""label"": """"}, {""file"": ""data/competitor_monitors.json"", ""path"": ""competitors"", ""label"": """"}, {""file"": ""data/competitor_monitors.json"", ""path"": ""competitors.Thermo Fisher"", ""label"": """"}, {""file"": ""data/competitor_monitors.json"", ""path"": ""competitors.Thermo Fisher.monitoredFamilies.0"", ""label"": ""Thermo Scientific Dionex ion chromatography""}, {""file"": ""data/competitor_monitors.json"", ""path"": ""competitors.Thermo Fisher.monitoredFamilies.1"", ""label"": ""Thermo Scientific Vanquish Neo nano-LC""}, {""file"": ""data/competitor_monitors.json"", ""path"": ""competitors.Thermo Fisher.source_status.1"", ""label"": """"}, {""file"": ""data/competitor_monitors.json"", ""path"": ""competitors.Thermo Fisher.source_status.2"", ""label"": """"}, {""file"": ""data/competitor_monitors.json"", ""path"": ""competitors.Thermo Fisher.source_status.3"", ""label"": """"}, {""file"": ""data/intelligence.json"", ""path"": """", ""label"": """"}, {""file"": ""data/intelligence.json"", ""path"": ""competitorExtraction"", ""label"": """"}, {""file"": ""data/intelligence.json"", ""path"": ""competitorExtraction.competitors"", ""label"": """"}, {""file"": ""data/intelligence.json"", ""path"": ""competitorExtraction.competitors.Thermo Fisher"", ""label"": """"}, {""file"": ""data/intelligence.json"", ""path"": ""competitorExtraction.competitors.Thermo Fisher.sourceStatus.1"", ""label"": """"}, {""file"": ""data/intelligence.json"", ""path"": ""competitorExtraction.competitors.Thermo Fisher.sourceStatus.2"", ""label"": """"}, {""file"": ""data/intelligence.json"", ""path"": ""competitorExtraction.competitors.Thermo Fisher.sourceStatus.3"", ""label"": """"}, {""file"": ""data/source_catalog.json"", ""path"": """", ""label"": ""Data Source Inventory""}, {""file"": ""data/source_catalog.json"", ""path"": ""sources.2"", ""label"": """"}, {""file"": ""data/source_catalog.json"", ""path"": ""sources.3"", ""label"": """"}, {""file"": ""data/thermo_monitoring_families.json"", ""path"": """", ""label"": """"}]"
https://www.thermofisher.com/us/en/home/industrial/chromatography/ion-chromatography-ic/ion-chromatography-systems/instrument-selection/ics-6000.html,OK,200,https://www.thermofisher.com/us/en/home/industrial/chromatography/ion-chromatography-ic/ion-chromatography-systems/instrument-selection/ics-6000.html,Dionex ICS-6000 HPIC System | Thermo Fisher Scientific - US,,,2026-08-02T19:46:01+00:00,fresh status plus retained title,"[{""file"": ""data/competitor_monitors.json"", ""path"": """", ""label"": """"}, {""file"": ""data/competitor_monitors.json"", ""path"": ""competitors"", ""label"": """"}, {""file"": ""data/competitor_monitors.json"", ""path"": ""competitors.Thermo Fisher"", ""label"": """"}, {""file"": ""data/competitor_monitors.json"", ""path"": ""competitors.Thermo Fisher.monitoredFamilies.0"", ""label"": ""Thermo Scientific Dionex ion chromatography""}, {""file"": ""data/source_catalog.json"", ""path"": """", ""label"": ""Data Source Inventory""}, {""file"": ""data/source_catalog.json"", ""path"": ""sources.2"", ""label"": """"}, {""file"": ""data/thermo_monitoring_families.json"", ""path"": """", ""label"": """"}, {""file"": ""data/thermo_monitoring_families.json"", ""path"": ""families.0"", ""label"": ""Thermo Scientific Dionex ion chromatography""}]"
https://www.thermofisher.com/us/en/home/industrial/chromatography/ion-chromatography-ic/ion-chromatography-systems/instrument-selection/integrion.html,OK,200,https://www.thermofisher.com/us/en/home/industrial/chromatography/ion-chromatography-ic/ion-chromatography-systems/instrument-selection/integrion.html,Dionex Integrion HPIC System | Thermo Fisher Scientific - US,,,2026-08-02T19:46:01+00:00,fresh status plus retained title,"[{""file"": ""data/competitor_monitors.json"", ""path"": """", ""label"": """"}, {""file"": ""data/competitor_monitors.json"", ""path"": ""competitors"", ""label"": """"}, {""file"": ""data/competitor_monitors.json"", ""path"": ""competitors.Thermo Fisher"", ""label"": """"}, {""file"": ""data/competitor_monitors.json"", ""path"": ""competitors.Thermo Fisher.monitoredFamilies.0"", ""label"": ""Thermo Scientific Dionex ion chromatography""}, {""file"": ""data/source_catalog.json"", ""path"": """", ""label"": ""Data Source Inventory""}, {""file"": ""data/source_catalog.json"", ""path"": ""sources.2"", ""label"": """"}, {""file"": ""data/thermo_monitoring_families.json"", ""path"": """", ""label"": """"}, {""file"": ""data/thermo_monitoring_families.json"", ""path"": ""families.0"", ""label"": ""Thermo Scientific Dionex ion chromatography""}]"
https://www.thermofisher.com/us/en/home/industrial/chromatography/liquid-chromatography-lc/hplc-uhplc-systems/vanquish-amplify-uhplc-system.html,OK,200,https://www.thermofisher.com/us/en/home/industrial/chromatography/liquid-chromatography-lc/hplc-uhplc-systems/vanquish-amplify-uhplc-system.html,Vanquish Amplify UHPLC Systems | Thermo Fisher Scientific - US,,,2026-08-02T19:46:01+00:00,fresh status plus retained title,"[{""file"": ""data/intelligence.json"", ""path"": """", ""label"": """"}, {""file"": ""data/intelligence.json"", ""path"": ""signals.173"", ""label"": ""Thermo Fisher updated Vanquish Amplify Uhplc System.Html""}, {""file"": ""data/intelligence.json"", ""path"": ""recommendations.1"", ""label"": ""Decide whether Next Gen LC and Alliance iS need new end-to-end workflow requirements""}, {""file"": ""data/intelligence.json"", ""path"": ""recommendations.1.evidenceBasis"", ""label"": """"}, {""file"": ""data/intelligence.json"", ""path"": ""recommendations.1.evidenceBasis.links.1"", ""label"": ""Thermo Fisher Vanquish Amplify page""}]"
https://www.thermofisher.com/us/en/home/industrial/chromatography/liquid-chromatography-lc/hplc-uhplc-systems/vanquish-neo-uhplc-system.html,OK,200,https://www.thermofisher.com/us/en/home/industrial/chromatography/liquid-chromatography-lc/hplc-uhplc-systems/vanquish-neo-uhplc-system.html,Vanquish Neo UHPLC System | Thermo Fisher Scientific - US,,,2026-08-02T19:46:01+00:00,fresh status plus retained title,"[{""file"": ""data/competitor_monitors.json"", ""path"": """", ""label"": """"}, {""file"": ""data/competitor_monitors.json"", ""path"": ""competitors"", ""label"": """"}, {""file"": ""data/competitor_monitors.json"", ""path"": ""competitors.Thermo Fisher"", ""label"": """"}, {""file"": ""data/competitor_monitors.json"", ""path"": ""competitors.Thermo Fisher.monitoredFamilies.1"", ""label"": ""Thermo Scientific Vanquish Neo nano-LC""}, {""file"": ""data/source_catalog.json"", ""path"": """", ""label"": ""Data Source Inventory""}, {""file"": ""data/source_catalog.json"", ""path"": ""sources.3"", ""label"": """"}, {""file"": ""data/thermo_monitoring_families.json"", ""path"": """", ""label"": """"}, {""file"": ""data/thermo_monitoring_families.json"", ""path"": ""families.1"", ""label"": ""Thermo Scientific Vanquish Neo nano-LC""}]"
https://www.thermofisher.com/us/en/home/industrial/mass-spectrometry.html,OK,200,https://www.thermofisher.com/us/en/home/industrial/mass-spectrometry.html,Mass Spectrometry | Thermo Fisher Scientific - US,,,2026-08-02T19:46:01+00:00,fresh status plus retained title,"[{""file"": ""data/intelligence.json"", ""path"": """", ""label"": """"}, {""file"": ""data/intelligence.json"", ""path"": ""sourceHealth.1"", ""label"": ""Mass Spectrometry | Thermo Fisher Scientific - US""}, {""file"": ""data/source_catalog.json"", ""path"": """", ""label"": ""Data Source Inventory""}, {""file"": ""data/source_catalog.json"", ""path"": ""sources.1"", ""label"": """"}]"
https://www.thermofisher.com/us/en/home/industrial/mass-spectrometry/liquid-chromatography-mass-spectrometry-lc-ms/lc-ms-systems/orbitrap-lc-ms.html,OK,200,https://www.thermofisher.com/us/en/home/industrial/mass-spectrometry/liquid-chromatography-mass-spectrometry-lc-ms/lc-ms-systems/orbitrap-lc-ms.html,Orbitrap LC-MS | Thermo Fisher Scientific - US,,,2026-08-02T19:46:01+00:00,fresh status plus retained title,"[{""file"": ""data/intelligence.json"", ""path"": """", ""label"": """"}, {""file"": ""data/intelligence.json"", ""path"": ""signals.174"", ""label"": ""Thermo Fisher updated Orbitrap Lc Ms.Html""}]"
https://www.thermofisher.com/us/en/home/industrial/mass-spectrometry/liquid-chromatography-mass-spectrometry-lc-ms/lc-ms-systems/orbitrap-lc-ms/orbitrap-excedion-pro-mass-spectrometer.html,OK,200,https://www.thermofisher.com/us/en/home/industrial/mass-spectrometry/liquid-chromatography-mass-spectrometry-lc-ms/lc-ms-systems/orbitrap-lc-ms/orbitrap-excedion-pro-mass-spectrometer.html,Orbitrap Excedion Series Mass Spectrometers | Thermo Fisher Scientific - US,,,2026-08-02T19:46:01+00:00,fresh status plus retained title,"[{""file"": ""data/intelligence.json"", ""path"": """", ""label"": """"}, {""file"": ""data/intelligence.json"", ""path"": ""signals.175"", ""label"": ""Thermo Fisher updated Orbitrap Excedion Pro Mass Spectrometer.Html""}]"
https://www.thermofisher.com/us/en/home/industrial/mass-spectrometry/liquid-chromatography-mass-spectrometry-lc-ms/lc-ms-systems/orbitrap-lc-ms/orbitrap-excedion-pro-mass-spectrometer/orbitrap-excedion-pro-biopharma-ms.html,OK,200,https://www.thermofisher.com/us/en/home/industrial/mass-spectrometry/liquid-chromatography-mass-spectrometry-lc-ms/lc-ms-systems/orbitrap-lc-ms/orbitrap-excedion-pro-mass-spectrometer/orbitrap-excedion-pro-biopharma-ms.html,Orbitrap Excedion Series BioPharma Edition Mass Spectrometer | Thermo Fisher Scientific - US,,,2026-08-02T19:46:01+00:00,fresh status plus retained title,"[{""file"": ""data/intelligence.json"", ""path"": """", ""label"": """"}, {""file"": ""data/intelligence.json"", ""path"": ""signals.176"", ""label"": ""Thermo Fisher updated Orbitrap Excedion Pro Biopharma Ms.Html""}]"
https://www.thermofisher.com/us/en/home/industrial/mass-spectrometry/liquid-chromatography-mass-spectrometry-lc-ms/lc-ms-systems/orbitrap-lc-ms/orbitrap-excedion-pro-mass-spectrometer/orbitrap-excedion-pro-ms.html,OK,200,https://www.thermofisher.com/us/en/home/industrial/mass-spectrometry/liquid-chromatography-mass-spectrometry-lc-ms/lc-ms-systems/orbitrap-lc-ms/orbitrap-excedion-pro-mass-spectrometer/orbitrap-excedion-pro-ms.html,Orbitrap Excedion Pro Mass Spectrometer | Thermo Fisher Scientific - US,,,2026-08-02T19:46:02+00:00,fresh status plus retained title,"[{""file"": ""data/intelligence.json"", ""path"": """", ""label"": """"}, {""file"": ""data/intelligence.json"", ""path"": ""signals.193"", ""label"": ""Thermo Fisher updated Orbitrap Excedion Pro Ms.Html""}]"
https://www.thermofisher.com/us/en/home/industrial/mass-spectrometry/liquid-chromatography-mass-spectrometry-lc-ms/lc-ms-systems/orbitrap-lc-ms/orbitrap-exploris-mass-spectrometers.html,OK,200,https://www.thermofisher.com/us/en/home/industrial/mass-spectrometry/liquid-chromatography-mass-spectrometry-lc-ms/lc-ms-systems/orbitrap-lc-ms/orbitrap-exploris-mass-spectrometers.html,Orbitrap Exploris Mass Spectrometers | Thermo Fisher Scientific - US,,,2026-08-02T19:46:02+00:00,fresh status plus retained title,"[{""file"": ""data/intelligence.json"", ""path"": """", ""label"": """"}, {""file"": ""data/intelligence.json"", ""path"": ""signals.169"", ""label"": ""Thermo Fisher updated Orbitrap Exploris Mass Spectrometers.Html""}]"
https://www.thermofisher.com/us/en/home/industrial/mass-spectrometry/liquid-chromatography-mass-spectrometry-lc-ms/lc-ms-systems/orbitrap-lc-ms/orbitrap-exploris-mass-spectrometers/orbitrap-exploris-120-mass-spectrometers.html,OK,200,https://www.thermofisher.com/us/en/home/industrial/mass-spectrometry/liquid-chromatography-mass-spectrometry-lc-ms/lc-ms-systems/orbitrap-lc-ms/orbitrap-exploris-mass-spectrometers/orbitrap-exploris-120-mass-spectrometers.html,Orbitrap Exploris 120 Mass Spectrometer | Thermo Fisher Scientific - US,,,2026-08-02T19:46:02+00:00,fresh status plus retained title,"[{""file"": ""data/intelligence.json"", ""path"": """", ""label"": """"}, {""file"": ""data/intelligence.json"", ""path"": ""signals.172"", ""label"": ""Thermo Fisher updated Orbitrap Exploris 120 Mass Spectrometers.Html""}]"
https://www.thermofisher.com/us/en/home/industrial/mass-spectrometry/liquid-chromatography-mass-spectrometry-lc-ms/lc-ms-systems/orbitrap-lc-ms/orbitrap-exploris-mass-spectrometers/orbitrap-exploris-240-mass-spectrometers.html,OK,200,https://www.thermofisher.com/us/en/home/industrial/mass-spectrometry/liquid-chromatography-mass-spectrometry-lc-ms/lc-ms-systems/orbitrap-lc-ms/orbitrap-exploris-mass-spectrometers/orbitrap-exploris-240-mass-spectrometers.html,Orbitrap Exploris 240 Mass Spectrometer | Thermo Fisher Scientific - US,,,2026-08-02T19:46:02+00:00,fresh status plus retained title,"[{""file"": ""data/intelligence.json"", ""path"": """", ""label"": """"}, {""file"": ""data/intelligence.json"", ""path"": ""signals.171"", ""label"": ""Thermo Fisher updated Orbitrap Exploris 240 Mass Spectrometers.Html""}]"
https://www.thermofisher.com/us/en/home/industrial/mass-spectrometry/liquid-chromatography-mass-spectrometry-lc-ms/lc-ms-systems/orbitrap-lc-ms/orbitrap-exploris-mass-spectrometers/orbitrap-exploris-480-mass-spectrometers.html,OK,200,https://www.thermofisher.com/us/en/home/industrial/mass-spectrometry/liquid-chromatography-mass-spectrometry-lc-ms/lc-ms-systems/orbitrap-lc-ms/orbitrap-exploris-mass-spectrometers/orbitrap-exploris-480-mass-spectrometers.html,Orbitrap Exploris 480 Mass Spectrometers | Thermo Fisher Scientific - US,,,2026-08-02T19:46:02+00:00,fresh status plus retained title,"[{""file"": ""data/intelligence.json"", ""path"": """", ""label"": """"}, {""file"": ""data/intelligence.json"", ""path"": ""signals.170"", ""label"": ""Thermo Fisher updated Orbitrap Exploris 480 Mass Spectrometers.Html""}]"
https://www.thermofisher.com/us/en/home/industrial/mass-spectrometry/liquid-chromatography-mass-spectrometry-lc-ms/lc-ms-systems/orbitrap-lc-ms/orbitrap-tribrid-mass-spectrometers/orbitrap-eclipse-tribrid-mass-spectrometer.html,OK,200,https://www.thermofisher.com/us/en/home/industrial/mass-spectrometry/liquid-chromatography-mass-spectrometry-lc-ms/lc-ms-systems/orbitrap-lc-ms/orbitrap-tribrid-mass-spectrometers/orbitrap-eclipse-tribrid-mass-spectrometer.html,Orbitrap Eclipse Tribrid Mass Spectrometer | Thermo Fisher Scientific - US,,,2026-08-02T19:46:02+00:00,fresh status plus retained title,"[{""file"": ""data/intelligence.json"", ""path"": """", ""label"": """"}, {""file"": ""data/intelligence.json"", ""path"": ""signals.191"", ""label"": ""Thermo Fisher updated Orbitrap Eclipse Tribrid Mass Spectrometer.Html""}]"
https://www.thermofisher.com/us/en/home/industrial/mass-spectrometry/liquid-chromatography-mass-spectrometry-lc-ms/lc-ms-systems/orbitrap-lc-ms/orbitrap-tribrid-mass-spectrometers/orbitrap-tribrid-apex-mass-spectrometer.html,OK,200,https://www.thermofisher.com/us/en/home/industrial/mass-spectrometry/liquid-chromatography-mass-spectrometry-lc-ms/lc-ms-systems/orbitrap-lc-ms/orbitrap-tribrid-mass-spectrometers/orbitrap-tribrid-apex-mass-spectrometer.html,Orbitrap Tribrid Apex Mass Spectrometers | Thermo Fisher Scientific - US,,,2026-08-02T19:46:02+00:00,fresh status plus retained title,"[{""file"": ""data/intelligence.json"", ""path"": """", ""label"": """"}, {""file"": ""data/intelligence.json"", ""path"": ""signals.188"", ""label"": ""Thermo Fisher updated Orbitrap Tribrid Apex Mass Spectrometer.Html""}]"
https://www.thermofisher.com/us/en/home/industrial/mass-spectrometry/liquid-chromatography-mass-spectrometry-lc-ms/lc-ms-systems/orbitrap-lc-ms/q-exactive-orbitrap-mass-spectrometers.html,OK,200,https://www.thermofisher.com/us/en/home/industrial/mass-spectrometry/liquid-chromatography-mass-spectrometry-lc-ms/lc-ms-systems/orbitrap-lc-ms/q-exactive-orbitrap-mass-spectrometers.html,Q Exactive Orbitrap Mass Spectrometers | Thermo Fisher Scientific - US,,,2026-08-02T19:46:02+00:00,fresh status plus retained title,"[{""file"": ""data/intelligence.json"", ""path"": """", ""label"": """"}, {""file"": ""data/intelligence.json"", ""path"": ""signals.210"", ""label"": ""Thermo Fisher updated Q Exactive Orbitrap Mass Spectrometers.Html""}]"
https://www.thermofisher.com/us/en/home/industrial/mass-spectrometry/liquid-chromatography-mass-spectrometry-lc-ms/lc-ms-systems/triple-quadrupole-lc-ms/tsq-certis-triple-quadripole-ms.html,OK,200,https://www.thermofisher.com/us/en/home/industrial/mass-spectrometry/liquid-chromatography-mass-spectrometry-lc-ms/lc-ms-systems/triple-quadrupole-lc-ms/tsq-certis-triple-quadripole-ms.html,TSQ Certis Mass Spectrometer | Thermo Fisher Scientific - US,,,2026-08-02T19:46:02+00:00,fresh status plus retained title,"[{""file"": ""data/intelligence.json"", ""path"": """", ""label"": """"}, {""file"": ""data/intelligence.json"", ""path"": ""signals.178"", ""label"": ""Thermo Fisher updated Tsq Certis Triple Quadripole Ms.Html""}]"
https://www.usaspending.gov/data,OK,200,https://www.usaspending.gov/data,USAspending.gov,,,2026-08-02T19:46:02+00:00,fresh status plus retained title,"[{""file"": ""data/market_application_sources.json"", ""path"": """", ""label"": """"}, {""file"": ""data/market_application_sources.json"", ""path"": ""sources.20"", ""label"": ""USAspending.gov Data""}]"
https://www.waters.com/content/dam/waters/en/app-notes/2022/720007766/720007766-en.pdf,Broken,403,https://www.waters.com/content/dam/waters/en/app-notes/2022/720007766/720007766-en.pdf,Access Denied,,login/access or redirect wall,2026-08-02T19:46:02+00:00,fresh data/link_health.json,"[{""file"": ""data/technical_comparisons.json"", ""path"": """", ""label"": """"}, {""file"": ""data/technical_comparisons.json"", ""path"": ""profiles.3"", ""label"": """"}, {""file"": ""data/technical_comparisons.json"", ""path"": ""profiles.3.rows.4"", ""label"": """"}]"
https://www.waters.com/content/dam/waters/en/library/specifications/2020/waters-specification-ACQUITYUPLCFLRDetectorspecifications-720001985.pdf,Broken,403,https://www.waters.com/content/dam/waters/en/library/specifications/2020/waters-specification-ACQUITYUPLCFLRDetectorspecifications-720001985.pdf,Access Denied,,login/access or redirect wall,2026-08-02T19:46:02+00:00,fresh data/link_health.json,"[{""file"": ""data/technical_comparisons.json"", ""path"": """", ""label"": """"}, {""file"": ""data/technical_comparisons.json"", ""path"": ""profiles.0"", ""label"": """"}, {""file"": ""data/technical_comparisons.json"", ""path"": ""profiles.0.rows.0"", ""label"": """"}, {""file"": ""data/technical_comparisons.json"", ""path"": ""profiles.0.rows.1"", ""label"": """"}, {""file"": ""data/technical_comparisons.json"", ""path"": ""profiles.0.rows.2"", ""label"": """"}, {""file"": ""data/technical_comparisons.json"", ""path"": ""profiles.0.rows.3"", ""label"": """"}, {""file"": ""data/technical_comparisons.json"", ""path"": ""profiles.0.rows.4"", ""label"": """"}, {""file"": ""data/technical_comparisons.json"", ""path"": ""profiles.0.rows.5"", ""label"": """"}, {""file"": ""data/technical_comparisons.json"", ""path"": ""profiles.0.rows.6"", ""label"": """"}]"
https://www.waters.com/nextgen/ee/en/library/application-notes/2025/enhanced-reliability-for-long-term-pfas-analysis-with-the-xevo-tq-absolute-xr-mass-spectrometer.html,Broken,403,https://www.waters.com/nextgen/ee/en/library/application-notes/2025/enhanced-reliability-for-long-term-pfas-analysis-with-the-xevo-tq-absolute-xr-mass-spectrometer.html,Access Denied,,login/access or redirect wall,2026-08-02T19:46:02+00:00,fresh data/link_health.json,"[{""file"": ""data/conference_preparation.json"", ""path"": """", ""label"": """"}, {""file"": ""data/conference_preparation.json"", ""path"": ""events.2"", ""label"": ""ACS Fall 2026""}, {""file"": ""data/conference_preparation.json"", ""path"": ""events.2.boothRecommendations.0"", ""label"": ""Xevo TQ Absolute XR""}, {""file"": ""data/conference_preparation.json"", ""path"": ""events.6"", ""label"": ""SETAC North America 2026""}, {""file"": ""data/conference_preparation.json"", ""path"": ""events.6.boothRecommendations.0"", ""label"": ""Xevo TQ Absolute XR""}, {""file"": ""data/conference_preparation.json"", ""path"": ""events.6.boothRecommendations.2"", ""label"": ""waters_connect for Quantitation""}]"
https://www.waters.com/nextgen/en/products/chromatography/chromatography-systems/acquity-premier-system.html,Broken,403,https://www.waters.com/nextgen/en/products/chromatography/chromatography-systems/acquity-premier-system.html,Access Denied,,login/access or redirect wall,2026-08-02T19:46:02+00:00,fresh data/link_health.json,"[{""file"": ""data/technical_comparisons.json"", ""path"": """", ""label"": """"}, {""file"": ""data/technical_comparisons.json"", ""path"": ""profiles.1"", ""label"": """"}, {""file"": ""data/technical_comparisons.json"", ""path"": ""profiles.1.rows.0"", ""label"": """"}, {""file"": ""data/technical_comparisons.json"", ""path"": ""profiles.1.rows.1"", ""label"": """"}, {""file"": ""data/technical_comparisons.json"", ""path"": ""profiles.1.rows.2"", ""label"": """"}, {""file"": ""data/technical_comparisons.json"", ""path"": ""profiles.1.rows.3"", ""label"": """"}]"
https://www.waters.com/nextgen/en/products/chromatography/chromatography-systems/alliance-is-hplc-system.html,Broken,403,https://www.waters.com/nextgen/en/products/chromatography/chromatography-systems/alliance-is-hplc-system.html,Access Denied,,login/access or redirect wall,2026-08-02T19:46:02+00:00,fresh data/link_health.json,"[{""file"": ""data/conference_preparation.json"", ""path"": """", ""label"": """"}, {""file"": ""data/conference_preparation.json"", ""path"": ""events.0"", ""label"": ""Bioprocessing Summit US""}, {""file"": ""data/conference_preparation.json"", ""path"": ""events.0.boothRecommendations.1"", ""label"": ""Alliance iS Bio HPLC System with Empower CDS""}, {""file"": ""data/conference_preparation.json"", ""path"": ""events.2"", ""label"": ""ACS Fall 2026""}, {""file"": ""data/conference_preparation.json"", ""path"": ""events.2.boothRecommendations.2"", ""label"": ""Alliance iS HPLC System""}, {""file"": ""data/conference_preparation.json"", ""path"": ""events.3"", ""label"": ""CASSS Mass Spec 2026""}, {""file"": ""data/conference_preparation.json"", ""path"": ""events.3.boothRecommendations.2"", ""label"": ""Alliance iS Bio HPLC with Empower CDS""}, {""file"": ""data/conference_preparation.json"", ""path"": ""events.4"", ""label"": ""Lab of the Future Europe""}, {""file"": ""data/conference_preparation.json"", ""path"": ""events.4.boothRecommendations.1"", ""label"": ""Alliance iS HPLC System""}]"
https://www.waters.com/nextgen/en/products/mass-spectrometry-systems/xevo-tq-absolute.html,Broken,403,https://www.waters.com/nextgen/en/products/mass-spectrometry-systems/xevo-tq-absolute.html,Access Denied,,login/access or redirect wall,2026-08-02T19:46:02+00:00,fresh data/link_health.json,"[{""file"": ""data/technical_comparisons.json"", ""path"": """", ""label"": """"}, {""file"": ""data/technical_comparisons.json"", ""path"": ""profiles.4"", ""label"": """"}, {""file"": ""data/technical_comparisons.json"", ""path"": ""profiles.4.rows.0"", ""label"": """"}, {""file"": ""data/technical_comparisons.json"", ""path"": ""profiles.4.rows.3"", ""label"": """"}]"
https://www.waters.com/nextgen/is/en/about-waters.html,Broken,403,https://www.waters.com/nextgen/is/en/about-waters.html,Access Denied,,login/access or redirect wall,2026-08-02T19:46:02+00:00,fresh data/link_health.json,"[{""file"": ""data/historical_waters_catalog.json"", ""path"": """", ""label"": """"}, {""file"": ""data/historical_waters_catalog.json"", ""path"": ""products.0"", ""label"": ""Alliance 2690 HPLC System""}, {""file"": ""data/product_comparisons.json"", ""path"": """", ""label"": """"}, {""file"": ""data/product_comparisons.json"", ""path"": ""watersSystems.7"", ""label"": ""Empower-connected LC workflow""}]"
https://www.waters.com/nextgen/tw/zh/library/application-notes/2021/the-bioaccord-system-with-acquity-premier-for-improved-peptide-cqa-monitoring.html,Broken,403,https://www.waters.com/nextgen/tw/zh/library/application-notes/2021/the-bioaccord-system-with-acquity-premier-for-improved-peptide-cqa-monitoring.html,Access Denied,,login/access or redirect wall,2026-08-02T19:46:02+00:00,fresh data/link_health.json,"[{""file"": ""data/technical_comparisons.json"", ""path"": """", ""label"": """"}, {""file"": ""data/technical_comparisons.json"", ""path"": ""profiles.3"", ""label"": """"}, {""file"": ""data/technical_comparisons.json"", ""path"": ""profiles.3.rows.0"", ""label"": """"}]"
https://www.waters.com/nextgen/us/en/products/chromatography.html,Broken,403,https://www.waters.com/nextgen/us/en/products/chromatography.html,Access Denied,,login/access or redirect wall,2026-08-02T19:46:02+00:00,fresh data/link_health.json,"[{""file"": ""data/historical_waters_catalog.json"", ""path"": """", ""label"": """"}, {""file"": ""data/historical_waters_catalog.json"", ""path"": ""products.3"", ""label"": ""ACQUITY UPLC System""}, {""file"": ""data/product_comparisons.json"", ""path"": """", ""label"": """"}, {""file"": ""data/product_comparisons.json"", ""path"": ""watersSystems.0"", ""label"": ""ACQUITY Premier System""}]"
https://www.waters.com/nextgen/us/en/products/chromatography/chromatography-systems/acquity-premier-system-with-multi-dimensional-technology.html,Broken,403,https://www.waters.com/nextgen/us/en/products/chromatography/chromatography-systems/acquity-premier-system-with-multi-dimensional-technology.html,Access Denied,,login/access or redirect wall,2026-08-02T19:46:02+00:00,fresh data/link_health.json,"[{""file"": ""data/conference_preparation.json"", ""path"": """", ""label"": """"}, {""file"": ""data/conference_preparation.json"", ""path"": ""events.3"", ""label"": ""CASSS Mass Spec 2026""}, {""file"": ""data/conference_preparation.json"", ""path"": ""events.3.boothRecommendations.1"", ""label"": ""ACQUITY Premier System and MaxPeak Premier chemistries""}, {""file"": ""data/conference_preparation.json"", ""path"": ""events.5"", ""label"": ""TIDES Europe""}, {""file"": ""data/conference_preparation.json"", ""path"": ""events.5.boothRecommendations.1"", ""label"": ""ACQUITY Premier System and MaxPeak Premier Columns""}, {""file"": ""data/conference_preparation.json"", ""path"": ""events.6"", ""label"": ""SETAC North America 2026""}, {""file"": ""data/conference_preparation.json"", ""path"": ""events.6.boothRecommendations.1"", ""label"": ""ACQUITY Premier LC and environmental sample-preparation workflow""}]"
https://www.waters.com/nextgen/us/en/products/chromatography/chromatography-systems/acquity-uplc-i-class-plus-system.html,Broken,403,https://www.waters.com/nextgen/us/en/products/chromatography/chromatography-systems/acquity-uplc-i-class-plus-system.html,Access Denied,,login/access or redirect wall,2026-08-02T19:46:02+00:00,fresh data/link_health.json,"[{""file"": ""data/technical_comparisons.json"", ""path"": """", ""label"": """"}, {""file"": ""data/technical_comparisons.json"", ""path"": ""profiles.0"", ""label"": """"}, {""file"": ""data/technical_comparisons.json"", ""path"": ""profiles.0.rows.7"", ""label"": """"}, {""file"": ""data/technical_comparisons.json"", ""path"": ""profiles.2"", ""label"": """"}, {""file"": ""data/technical_comparisons.json"", ""path"": ""profiles.2.rows.0"", ""label"": """"}, {""file"": ""data/technical_comparisons.json"", ""path"": ""profiles.2.rows.1"", ""label"": """"}]"
https://www.waters.com/nextgen/us/en/products/columns/acquity-uplc-columns.html,Broken,403,https://www.waters.com/nextgen/us/en/products/columns/acquity-uplc-columns.html,Access Denied,,login/access or redirect wall,2026-08-02T19:46:03+00:00,fresh data/link_health.json,"[{""file"": ""data/technical_comparisons.json"", ""path"": """", ""label"": """"}, {""file"": ""data/technical_comparisons.json"", ""path"": ""profiles.1"", ""label"": """"}, {""file"": ""data/technical_comparisons.json"", ""path"": ""profiles.1.rows.6"", ""label"": """"}, {""file"": ""data/technical_comparisons.json"", ""path"": ""profiles.2"", ""label"": """"}, {""file"": ""data/technical_comparisons.json"", ""path"": ""profiles.2.rows.6"", ""label"": """"}]"
https://www.waters.com/nextgen/us/en/products/in-vitro-diagnostics-solutions/lc-ms-ms-ivd-systems-portfolio/masstrak-acquity-uplc-i-class-plus-xevo-tq-absolute-ivd-system.html,Broken,403,https://www.waters.com/nextgen/us/en/products/in-vitro-diagnostics-solutions/lc-ms-ms-ivd-systems-portfolio/masstrak-acquity-uplc-i-class-plus-xevo-tq-absolute-ivd-system.html,Access Denied,,login/access or redirect wall,2026-08-02T19:46:03+00:00,fresh data/link_health.json,"[{""file"": ""data/technical_comparisons.json"", ""path"": """", ""label"": """"}, {""file"": ""data/technical_comparisons.json"", ""path"": ""profiles.4"", ""label"": """"}, {""file"": ""data/technical_comparisons.json"", ""path"": ""profiles.4.rows.4"", ""label"": """"}]"
https://www.waters.com/nextgen/us/en/products/informatics-and-software/chromatography-software/empower-software-solutions/empower-cds.html,Broken,403,https://www.waters.com/nextgen/us/en/products/informatics-and-software/chromatography-software/empower-software-solutions/empower-cds.html,Access Denied,,login/access or redirect wall,2026-08-02T19:46:03+00:00,fresh data/link_health.json,"[{""file"": ""data/conference_preparation.json"", ""path"": """", ""label"": """"}, {""file"": ""data/conference_preparation.json"", ""path"": ""events.4"", ""label"": ""Lab of the Future Europe""}, {""file"": ""data/conference_preparation.json"", ""path"": ""events.4.boothRecommendations.0"", ""label"": ""Empower Chromatography Data System""}, {""file"": ""data/conference_preparation.json"", ""path"": ""events.5"", ""label"": ""TIDES Europe""}, {""file"": ""data/conference_preparation.json"", ""path"": ""events.5.boothRecommendations.2"", ""label"": ""Empower CDS""}]"
https://www.waters.com/nextgen/us/en/products/mass-spectrometry/mass-spectrometry-systems/bioaccord-lc-ms-system.html,Broken,403,https://www.waters.com/nextgen/us/en/products/mass-spectrometry/mass-spectrometry-systems/bioaccord-lc-ms-system.html,Access Denied,,login/access or redirect wall,2026-08-02T19:46:03+00:00,fresh data/link_health.json,"[{""file"": ""data/conference_preparation.json"", ""path"": """", ""label"": """"}, {""file"": ""data/conference_preparation.json"", ""path"": ""events.0"", ""label"": ""Bioprocessing Summit US""}, {""file"": ""data/conference_preparation.json"", ""path"": ""events.0.boothRecommendations.0"", ""label"": ""BioAccord LC-MS System with ACQUITY Premier""}, {""file"": ""data/conference_preparation.json"", ""path"": ""events.1"", ""label"": ""IMSC 2026""}, {""file"": ""data/conference_preparation.json"", ""path"": ""events.1.boothRecommendations.2"", ""label"": ""BioAccord LC-MS System""}, {""file"": ""data/conference_preparation.json"", ""path"": ""events.3"", ""label"": ""CASSS Mass Spec 2026""}, {""file"": ""data/conference_preparation.json"", ""path"": ""events.3.boothRecommendations.0"", ""label"": ""BioAccord LC-MS System""}, {""file"": ""data/conference_preparation.json"", ""path"": ""events.4"", ""label"": ""Lab of the Future Europe""}, {""file"": ""data/conference_preparation.json"", ""path"": ""events.4.boothRecommendations.2"", ""label"": ""BioAccord LC-MS System with waters_connect""}, {""file"": ""data/conference_preparation.json"", ""path"": ""events.5"", ""label"": ""TIDES Europe""}, {""file"": ""data/conference_preparation.json"", ""path"": ""events.5.boothRecommendations.0"", ""label"": ""BioAccord LC-MS System""}, {""file"": ""data/technical_comparisons.json"", ""path"": """", ""label"": """"}, {""file"": ""data/technical_comparisons.json"", ""path"": ""profiles.3"", ""label"": """"}, {""file"": ""data/technical_comparisons.json"", ""path"": ""profiles.3.rows.1"", ""label"": """"}, {""file"": ""data/technical_comparisons.json"", ""path"": ""profiles.3.rows.2"", ""label"": """"}, {""file"": ""data/technical_comparisons.json"", ""path"": ""profiles.3.rows.3"", ""label"": """"}]"
https://www.waters.com/nextgen/us/en/products/mass-spectrometry/mass-spectrometry-systems/select-series-mrt.html,Broken,403,https://www.waters.com/nextgen/us/en/products/mass-spectrometry/mass-spectrometry-systems/select-series-mrt.html,Access Denied,,login/access or redirect wall,2026-08-02T19:46:03+00:00,fresh data/link_health.json,"[{""file"": ""data/conference_preparation.json"", ""path"": """", ""label"": """"}, {""file"": ""data/conference_preparation.json"", ""path"": ""events.1"", ""label"": ""IMSC 2026""}, {""file"": ""data/conference_preparation.json"", ""path"": ""events.1.boothRecommendations.1"", ""label"": ""SELECT SERIES MRT""}]"
https://www.waters.com/nextgen/us/en/products/mass-spectrometry/mass-spectrometry-systems/xevo-mrt.html,Broken,403,https://www.waters.com/nextgen/us/en/products/mass-spectrometry/mass-spectrometry-systems/xevo-mrt.html,Access Denied,,login/access or redirect wall,2026-08-02T19:46:03+00:00,fresh data/link_health.json,"[{""file"": ""data/conference_preparation.json"", ""path"": """", ""label"": """"}, {""file"": ""data/conference_preparation.json"", ""path"": ""events.1"", ""label"": ""IMSC 2026""}, {""file"": ""data/conference_preparation.json"", ""path"": ""events.1.boothRecommendations.0"", ""label"": ""Xevo MRT Mass Spectrometer""}, {""file"": ""data/conference_preparation.json"", ""path"": ""events.2"", ""label"": ""ACS Fall 2026""}, {""file"": ""data/conference_preparation.json"", ""path"": ""events.2.boothRecommendations.1"", ""label"": ""Xevo MRT with ACQUITY Premier""}]"
https://www.waters.com/nextgen/us/en/shop/columns/176000864-acquity-uplc-beh-c18-column-130a-17--m-21-mm-x-100-mm-3-pk.html,Broken,403,https://www.waters.com/nextgen/us/en/shop/columns/176000864-acquity-uplc-beh-c18-column-130a-17--m-21-mm-x-100-mm-3-pk.html,Access Denied,,login/access or redirect wall,2026-08-02T19:46:03+00:00,fresh data/link_health.json,"[{""file"": ""data/technical_comparisons.json"", ""path"": """", ""label"": """"}, {""file"": ""data/technical_comparisons.json"", ""path"": ""profiles.1"", ""label"": """"}, {""file"": ""data/technical_comparisons.json"", ""path"": ""profiles.1.rows.4"", ""label"": """"}, {""file"": ""data/technical_comparisons.json"", ""path"": ""profiles.1.rows.5"", ""label"": """"}, {""file"": ""data/technical_comparisons.json"", ""path"": ""profiles.1.rows.7"", ""label"": """"}, {""file"": ""data/technical_comparisons.json"", ""path"": ""profiles.2"", ""label"": """"}, {""file"": ""data/technical_comparisons.json"", ""path"": ""profiles.2.rows.4"", ""label"": """"}, {""file"": ""data/technical_comparisons.json"", ""path"": ""profiles.2.rows.5"", ""label"": """"}, {""file"": ""data/technical_comparisons.json"", ""path"": ""profiles.2.rows.7"", ""label"": """"}]"
https://www.wipo.int/en/web/patentscope/,OK,200,https://www.wipo.int/en/web/patentscope/,PATENTSCOPE,,,2026-08-02T19:46:03+00:00,fresh status plus retained title,"[{""file"": ""data/market_application_sources.json"", ""path"": """", ""label"": """"}, {""file"": ""data/market_application_sources.json"", ""path"": ""sources.2"", ""label"": ""PATENTSCOPE""}]"
https://wwwn.cdc.gov/nchs/nhanes/search/DataPage.aspx?Component=Laboratory&Cycle=2021-2023,OK,200,https://wwwn.cdc.gov/nchs/nhanes/search/DataPage.aspx?Component=Laboratory&Cycle=2021-2023,August 2021-August 2023 Laboratory Data - Continuous NHANES,,,2026-08-02T19:46:03+00:00,fresh status plus retained title,"[{""file"": ""data/market_application_sources.json"", ""path"": """", ""label"": """"}, {""file"": ""data/market_application_sources.json"", ""path"": ""sources.14"", ""label"": ""CDC NHANES Laboratory Data and Methods""}]"
