anchor_text,url,http_result,final_resolved_url,link_status,issue,correct_url,surfaces
[no retained anchor label],https://analytica.de/en/munich/exhibitors/advice-contacts/contact-form-exhibitor/,200,https://analytica.de/en/munich/exhibitors/advice-contacts/contact-form-exhibitor/,Broken,HTTP response contains an access-control or bot-challenge page,,
Data Source Inventory | Journal of Pharmaceutical and Biomedical Analysis,https://api.crossref.org/journals/0731-7085/works,429,https://api.crossref.org/journals/0731-7085/works,Broken,strict access failure,,data/journal_sources.json: | data/journal_sources.json:sources.14 | data/source_catalog.json: | data/source_catalog.json:sources.25
[no retained anchor label],"https://api.crossref.org/journals/0731-7085/works?filter=from-pub-date:2025-07-28,until-pub-date:2026-08-02&sort=published&order=desc&rows=1000&select=DOI,title,published,published-online,published-print,issued,created,URL,container-title,type&cursor=%2A",429,"https://api.crossref.org/journals/0731-7085/works?filter=from-pub-date:2025-07-28,until-pub-date:2026-08-02&sort=published&order=desc&rows=1000&select=DOI,title,published,published-online,published-print,issued,created,URL,container-title,type&cursor=%2A",Broken,HTTP 429,,
Data Source Inventory | Journal of the American Society for Mass Spectrometry (JASMS),https://api.crossref.org/journals/1044-0305/works,429,https://api.crossref.org/journals/1044-0305/works,Broken,strict access failure,,data/journal_sources.json: | data/journal_sources.json:sources.12 | data/source_catalog.json: | data/source_catalog.json:sources.23
Analytical and Bioanalytical Chemistry | Data Source Inventory,https://api.crossref.org/journals/1618-2642/works,429,https://api.crossref.org/journals/1618-2642/works,Broken,strict access failure,,data/journal_sources.json: | data/journal_sources.json:sources.13 | data/source_catalog.json: | data/source_catalog.json:sources.24
[no retained anchor label],https://docs.google.com/spreadsheets/d/1v3FVTganoTmDrA2ZdZ0swO0WAyuvcaZxgmnXajvLAiE/edit?usp=sharing,401,https://docs.google.com/spreadsheets/d/1v3FVTganoTmDrA2ZdZ0swO0WAyuvcaZxgmnXajvLAiE/edit?usp=sharing,Broken,strict access failure,,
Development of multiple heartcutting two-dimensional liquid chromatography with ion-pairing reversed-phase and hydrophilic interaction separations for analysis of impurities in therapeutic oligonucleotides,https://doi.org/10.1016/j.chroma.2026.467034,200,https://linkinghub.elsevier.com/retrieve/pii/S002196732600364X,Broken,login/access or redirect wall,,data/journal_sources.json:Journal of Chromatography A.recentRecords.9
"In-syringe solid-phase extraction coupled with UPLC-MS/MS for simultaneous determination of reducing sugars, animo acids and Amadori compounds in tobacco",https://doi.org/10.1016/j.chroma.2026.467068,200,https://linkinghub.elsevier.com/retrieve/pii/S0021967326003973,Broken,login/access or redirect wall,,data/journal_sources.json:Journal of Chromatography A.recentRecords.8
Tracking of volatile organic compound emissions from unsaturated polyester resin–based artificial stone using automated static headspace–gas chromatography–mass spectrometry,https://doi.org/10.1016/j.chroma.2026.467097,200,https://linkinghub.elsevier.com/retrieve/pii/S0021967326004267,Broken,login/access or redirect wall,,data/journal_sources.json:Journal of Chromatography A.recentRecords.1
Construction of hierarchically porous ZnO@ZIF-8 for enrichment and sensitive detection of bisphenols in environmental matrices,https://doi.org/10.1016/j.chroma.2026.467122,200,https://linkinghub.elsevier.com/retrieve/pii/S0021967326004516,Broken,login/access or redirect wall,,data/journal_sources.json:Journal of Chromatography A.recentRecords.3
An online packing strategy for high volume injection in sensitivity-enhanced UPLC-MS/MS analysis of 30 veterinary drugs in beef,https://doi.org/10.1016/j.chroma.2026.467147,200,https://linkinghub.elsevier.com/retrieve/pii/S0021967326004760,Broken,login/access or redirect wall,,data/journal_sources.json:Journal of Chromatography A.recentRecords.7
GC‑EI‑MS and GC‑CI‑MS characterization of n-Alkenyl mono- and diesters of Alkylphosphonic acids with retention index correlations,https://doi.org/10.1016/j.chroma.2026.467148,200,https://linkinghub.elsevier.com/retrieve/pii/S0021967326004772,Broken,login/access or redirect wall,,data/journal_sources.json:Journal of Chromatography A.recentRecords.0
Interpretable generative machine learning platform for chronological prediction of forensic paper aging via GC-IMS volatiles characterization in judicial authentication,https://doi.org/10.1016/j.chroma.2026.467149,200,https://linkinghub.elsevier.com/retrieve/pii/S0021967326004784,Broken,login/access or redirect wall,,data/journal_sources.json:Journal of Chromatography A.recentRecords.10
Corrigendum to “In-line spectroscopic measurement of pH profiles using methyl orange: Application to pH transients in protein A chromatography” [Journal of Chromatography A 1782 (2026) 467106],https://doi.org/10.1016/j.chroma.2026.467168,200,https://linkinghub.elsevier.com/retrieve/pii/S0021967326004978,Broken,login/access or redirect wall,,data/journal_sources.json:Journal of Chromatography A.recentRecords.2
Dual-function deep eutectic solvent for the sustained determination of chromium in water and food samples,https://doi.org/10.1016/j.chroma.2026.467186,200,https://linkinghub.elsevier.com/retrieve/pii/S0021967326005157,Broken,login/access or redirect wall,,data/journal_sources.json:Journal of Chromatography A.recentRecords.11
Advanced spent media analytics and multivariate data analysis for AAV production media optimization,https://doi.org/10.1016/j.chroma.2026.467188,200,https://linkinghub.elsevier.com/retrieve/pii/S0021967326005170,Broken,login/access or redirect wall,,data/journal_sources.json:Journal of Chromatography A.recentRecords.6
Adsorption dynamics of dipeptides in a column with chiral zwitterionic quinine-based stationary phase,https://doi.org/10.1016/j.chroma.2026.467192,200,https://linkinghub.elsevier.com/retrieve/pii/S0021967326005212,Broken,login/access or redirect wall,,data/journal_sources.json:Journal of Chromatography A.recentRecords.5
Small-footprint non-suppressed capillary ion chromatography mass spectrometry method for the determination of oxyhalides in water samples,https://doi.org/10.1016/j.chroma.2026.467208,200,https://linkinghub.elsevier.com/retrieve/pii/S0021967326005376,Broken,login/access or redirect wall,,data/journal_sources.json:Journal of Chromatography A.recentRecords.4
"A synergistic dual-endopeptidase platform for high-yield, homogeneous F(ab′)2 production from polyclonal equine immunoglobulins for therapeutic applications",https://doi.org/10.1016/j.jchromb.2026.125111,200,https://linkinghub.elsevier.com/retrieve/pii/S157002322600200X,Broken,login/access or redirect wall,,data/journal_sources.json:Journal of Chromatography B.recentRecords.3
Development and fit-for-purpose validation of human scalp hair analysis using UHPLC-MS/MS for determining exposure to CFTR modulators,https://doi.org/10.1016/j.jchromb.2026.125113,200,https://linkinghub.elsevier.com/retrieve/pii/S1570023226002023,Broken,login/access or redirect wall,,data/journal_sources.json:Journal of Chromatography B.recentRecords.5
Development of HPLC protocol for isolation of MHC class I related protein 1 (MR1) antigens from mycobacteria,https://doi.org/10.1016/j.jchromb.2026.125115,200,https://linkinghub.elsevier.com/retrieve/pii/S1570023226002047,Broken,login/access or redirect wall,,data/journal_sources.json:Journal of Chromatography B.recentRecords.4
"A quantifiable grading standard for Codonopsis Radix based on the multidimensional quality evaluation system of phenotype, chemistry, and bioactivity",https://doi.org/10.1016/j.jchromb.2026.125125,200,https://linkinghub.elsevier.com/retrieve/pii/S157002322600214X,Broken,login/access or redirect wall,,data/journal_sources.json:Journal of Chromatography B.recentRecords.10
"Rougan Granules ameliorates liver fibrosis through autophagy regulation: Insights from HPLC-Q-TOF-MS/MS, network pharmacology, and experimental validation",https://doi.org/10.1016/j.jchromb.2026.125126,200,https://linkinghub.elsevier.com/retrieve/pii/S1570023226002151,Broken,login/access or redirect wall,,data/journal_sources.json:Journal of Chromatography B.recentRecords.8
Integration of QRM and DoE in a QbD framework for developing a VEER chromatography method of IM-4E in rat plasma: Pharmacokinetic and greenness assessment,https://doi.org/10.1016/j.jchromb.2026.125128,200,https://linkinghub.elsevier.com/retrieve/pii/S1570023226002175,Broken,login/access or redirect wall,,data/journal_sources.json:Journal of Chromatography B.recentRecords.0
Intact mass and peptide mapping approaches to characterize lipoprotein species of fHbp,https://doi.org/10.1016/j.jchromb.2026.125129,200,https://linkinghub.elsevier.com/retrieve/pii/S1570023226002187,Broken,login/access or redirect wall,,data/journal_sources.json:Journal of Chromatography B.recentRecords.2
From superficial scholarship to algorithmic slop in analytical chromatography,https://doi.org/10.1016/j.jchromb.2026.125130,200,https://linkinghub.elsevier.com/retrieve/pii/S1570023226002199,Broken,login/access or redirect wall,,data/journal_sources.json:Journal of Chromatography B.recentRecords.6
Integrated 16S rRNA gene sequencing and LC-MS/MS-based metabolomics to explore potential mechanisms of Coptidis Rhizoma-Aucklandiae Radix herb pair against antibiotic-associated diarrhea,https://doi.org/10.1016/j.jchromb.2026.125131,200,https://linkinghub.elsevier.com/retrieve/pii/S1570023226002205,Broken,login/access or redirect wall,,data/journal_sources.json:Journal of Chromatography B.recentRecords.7
"An integrated approach to identify rare hemoglobin variants using capillary electrophoresis, liquid chromatography and mass spectrometry",https://doi.org/10.1016/j.jchromb.2026.125132,200,https://linkinghub.elsevier.com/retrieve/pii/S1570023226002217,Broken,login/access or redirect wall,,data/journal_sources.json:Journal of Chromatography B.recentRecords.1
A novel β-cyclodextrin-based chiral stationary phase for enantioseparation and evaluation of paclobutrazol enantioselective degradation and bioaccumulation in a soil-earthworm system,https://doi.org/10.1016/j.jchromb.2026.125133,200,https://linkinghub.elsevier.com/retrieve/pii/S1570023226002229,Broken,login/access or redirect wall,,data/journal_sources.json:Journal of Chromatography B.recentRecords.11
"Metabolic profile of 25E-NBOH in human liver microsomes, rat urine, and fungus Cunninghamella elegans",https://doi.org/10.1016/j.jpba.2026.117417,200,https://linkinghub.elsevier.com/retrieve/pii/S0731708526000853,Broken,login/access or redirect wall,,data/journal_sources.json:Journal of Pharmaceutical and Biomedical Analysis.recentRecords.4
Unraveling the heterogeneity of hyperuricemia using untargeted metabolomics and statistical modeling,https://doi.org/10.1016/j.jpba.2026.117444,200,https://linkinghub.elsevier.com/retrieve/pii/S0731708526001123,Broken,login/access or redirect wall,,data/journal_sources.json:Journal of Pharmaceutical and Biomedical Analysis.recentRecords.8
Corrigendum to “Systematic characterization of chemical constituents and in vivo metabolites of Jiuwei Qianghuo Granules by UPLC-Q-TOF-MS/MS” [J. Pharm. Biomed. Anal. 274 (2026) 117443],https://doi.org/10.1016/j.jpba.2026.117447,200,https://linkinghub.elsevier.com/retrieve/pii/S0731708526001159,Broken,login/access or redirect wall,,data/journal_sources.json:Journal of Pharmaceutical and Biomedical Analysis.recentRecords.9
Detection and quantification of ezetimibe and its major glucuronide in patients with hepatic impairment via liquid chromatography-tandem mass spectrometry,https://doi.org/10.1016/j.jpba.2026.117455,200,https://linkinghub.elsevier.com/retrieve/pii/S0731708526001238,Broken,login/access or redirect wall,,data/journal_sources.json:Journal of Pharmaceutical and Biomedical Analysis.recentRecords.7
Identification of Novel Anti- non-small cell lung cancer (NSCLC) Peptide in toad Skin（Chan Pi） Extract through Integrated Peptidomics and in silico Screening,https://doi.org/10.1016/j.jpba.2026.117456,200,https://linkinghub.elsevier.com/retrieve/pii/S073170852600124X,Broken,login/access or redirect wall,,data/journal_sources.json:Journal of Pharmaceutical and Biomedical Analysis.recentRecords.0
"Polysaccharide-driven quality control of Gastrodia elata Blume: A multidimensional strategy integrating LC-MS/MS-based quantitative analysis, machine learning, and anti-neuroinflammatory bioactivity",https://doi.org/10.1016/j.jpba.2026.117457,200,https://linkinghub.elsevier.com/retrieve/pii/S0731708526001251,Broken,login/access or redirect wall,,data/journal_sources.json:Journal of Pharmaceutical and Biomedical Analysis.recentRecords.1
Microstructural analysis of PLGA-PEG-PLGA copolymer based on NMR spectroscopy using model compounds,https://doi.org/10.1016/j.jpba.2026.117458,200,https://linkinghub.elsevier.com/retrieve/pii/S0731708526001263,Broken,login/access or redirect wall,,data/journal_sources.json:Journal of Pharmaceutical and Biomedical Analysis.recentRecords.10
Isolation and identification of the designer benzodiazepine cyclopropylflualprazolam in pressed candies marketed for sleep improvement,https://doi.org/10.1016/j.jpba.2026.117459,200,https://linkinghub.elsevier.com/retrieve/pii/S0731708526001275,Broken,login/access or redirect wall,,data/journal_sources.json:Journal of Pharmaceutical and Biomedical Analysis.recentRecords.6
Simultaneous quantification of active ingredients after the combination of Shenqi Fuzheng injection and docetaxel in vitro and in rabbits,https://doi.org/10.1016/j.jpba.2026.117467,200,https://linkinghub.elsevier.com/retrieve/pii/S0731708526001354,Broken,login/access or redirect wall,,data/journal_sources.json:Journal of Pharmaceutical and Biomedical Analysis.recentRecords.2
"LC-MS/MS metabolite profiling, molecular networking and cyclooxygenase inhibition activity of Hornstedtia conoidea and Etlingera elatior extracts: In vitro and in silico insights",https://doi.org/10.1016/j.jpba.2026.117469,200,https://linkinghub.elsevier.com/retrieve/pii/S0731708526001378,Broken,login/access or redirect wall,,data/journal_sources.json:Journal of Pharmaceutical and Biomedical Analysis.recentRecords.11
A progressive screening strategy by combining UHPLCQTOF-MS and machine learning for distinguishing different varieties of Citri Reticulatae Pericarpium,https://doi.org/10.1016/j.jpba.2026.117470,200,https://linkinghub.elsevier.com/retrieve/pii/S073170852600138X,Broken,login/access or redirect wall,,data/journal_sources.json:Journal of Pharmaceutical and Biomedical Analysis.recentRecords.5
Unraveling the phenolic profiles of Clinopodium bolivianum (Benth.) Kuntze and Minthostachys mollis (Benth.) Griseb.: A comprehensive LC-QtoF metabolomic study of underexplored Peruvian medicinal plants,https://doi.org/10.1016/j.jpba.2026.117476,200,https://linkinghub.elsevier.com/retrieve/pii/S0731708526001445,Broken,login/access or redirect wall,,data/journal_sources.json:Journal of Pharmaceutical and Biomedical Analysis.recentRecords.3
Microscale-patterned SERS substrates with exceptional uniformity: Addressing reproducibility challenges,https://doi.org/10.1016/j.talanta.2026.129527,200,https://linkinghub.elsevier.com/retrieve/pii/S0039914026001827,Broken,login/access or redirect wall,,data/journal_sources.json:Talanta.recentRecords.4
A tri-responsive sensor based on co-encapsulated organic probes and multifunctional bimetallic V/Ce-MOF nanozyme in a hydrogel for the detection of l-Serine in saliva,https://doi.org/10.1016/j.talanta.2026.129594,200,https://linkinghub.elsevier.com/retrieve/pii/S0039914026002493,Broken,login/access or redirect wall,,data/journal_sources.json:Talanta.recentRecords.5
Photonic cavity and graphene modified plasmonic interface for enhanced sensing performance,https://doi.org/10.1016/j.talanta.2026.129612,200,https://linkinghub.elsevier.com/retrieve/pii/S0039914026002675,Broken,login/access or redirect wall,,data/journal_sources.json:Talanta.recentRecords.8
Solvent-triggered dual-emission switching of carbon dots for ratiometric discrimination of methanol and ethanol,https://doi.org/10.1016/j.talanta.2026.129638,200,https://linkinghub.elsevier.com/retrieve/pii/S0039914026002948,Broken,login/access or redirect wall,,data/journal_sources.json:Talanta.recentRecords.2
Development of a single-cell ICP-MS method for element analysis in Pisum sativum leaf protoplasts and chloroplasts,https://doi.org/10.1016/j.talanta.2026.129645,200,https://linkinghub.elsevier.com/retrieve/pii/S0039914026003012,Broken,login/access or redirect wall,,data/journal_sources.json:Talanta.recentRecords.7
Design and development of lab-on-a-centrifuge based on liquid-core waveguide enhancement technology for colorimetric detection of soil Cr(VI) from sample-to-answer,https://doi.org/10.1016/j.talanta.2026.129673,200,https://linkinghub.elsevier.com/retrieve/pii/S0039914026003292,Broken,login/access or redirect wall,,data/journal_sources.json:Talanta.recentRecords.6
Protein A/G-based microfluidic platform for preparative microseparation of IgG from human serum,https://doi.org/10.1016/j.talanta.2026.129682,200,https://linkinghub.elsevier.com/retrieve/pii/S0039914026003383,Broken,login/access or redirect wall,,data/journal_sources.json:Talanta.recentRecords.3
Matrix-matched low-concentration internal quality control detects high-sensitivity cardiac troponin T errors missed by commercial controls,https://doi.org/10.1016/j.talanta.2026.129705,200,https://linkinghub.elsevier.com/retrieve/pii/S0039914026003619,Broken,login/access or redirect wall,,data/journal_sources.json:Talanta.recentRecords.1
Rapid separation of 99Mo from proton irradiated thorium target for medical application,https://doi.org/10.1016/j.talanta.2026.129706,200,https://linkinghub.elsevier.com/retrieve/pii/S0039914026003620,Broken,login/access or redirect wall,,data/journal_sources.json:Talanta.recentRecords.0
Enhanced ethylene glycol sensing using magnesium - modified ZnFe2O4 microspheres: A study on structure–performance correlation,https://doi.org/10.1016/j.talanta.2026.129707,200,https://linkinghub.elsevier.com/retrieve/pii/S0039914026003632,Broken,login/access or redirect wall,,data/journal_sources.json:Talanta.recentRecords.9
A novel camphor-based fluorescent probe for sensing thiophenols in food analysis and biological imaging via a PET-TICT integrated mechanism,https://doi.org/10.1016/j.talanta.2026.129712,200,https://linkinghub.elsevier.com/retrieve/pii/S0039914026003681,Broken,login/access or redirect wall,,data/journal_sources.json:Talanta.recentRecords.11
Construction of nicotinic acid derived bimetallic doped Ce-MOF with switchable dual enzyme-mimic activities for effective colorimetric sensing of chromium(Ⅵ) and fluoride ions,https://doi.org/10.1016/j.talanta.2026.129744,200,https://linkinghub.elsevier.com/retrieve/pii/S0039914026004005,Broken,login/access or redirect wall,,data/journal_sources.json:Talanta.recentRecords.10
Editorial Board,https://doi.org/10.1016/s1570-0232(26)00244-8,200,https://linkinghub.elsevier.com/retrieve/pii/S1570023226002448,Broken,login/access or redirect wall,,data/journal_sources.json:Journal of Chromatography B.recentRecords.9
Analytical Chemistry | Multimodal Raman and Fluorescence Lifetime Imaging: A New Analytical Approach for Resolving Timing-Dependent Metabolic Recovery in Endothelial Dysfunction,https://doi.org/10.1021/acs.analchem.6c01681,403,https://pubs.acs.org/doi/10.1021/acs.analchem.6c01681,Broken,HTTP 403,,data/journal_sources.json: | data/journal_sources.json:Analytical Chemistry.recentRecords.4 | data/journal_sources.json:sources.9 | data/journal_sources.json:sources.9.recentRecords.1
A Plasmon-Enhanced Self-Validating Optoelectronic Nanopore for Ultrasensitive and Robust Hydrogen Sulfide Real-Time Monitoring in Single Living Cells | Analytical Chemistry,https://doi.org/10.1021/acs.analchem.6c01945,403,https://pubs.acs.org/doi/10.1021/acs.analchem.6c01945,Broken,HTTP 403,,data/journal_sources.json: | data/journal_sources.json:Analytical Chemistry.recentRecords.5 | data/journal_sources.json:sources.9 | data/journal_sources.json:sources.9.recentRecords.2
Analytical Chemistry | DNA-Alkyne-Chain Probes Enable N-Glycosite-Resolved GlycoBarcoding of Cell-Surface Proteins,https://doi.org/10.1021/acs.analchem.6c02112,403,https://pubs.acs.org/doi/10.1021/acs.analchem.6c02112,Broken,HTTP 403,,data/journal_sources.json: | data/journal_sources.json:Analytical Chemistry.recentRecords.10 | data/journal_sources.json:sources.9 | data/journal_sources.json:sources.9.recentRecords.7
Analytical Chemistry | On-Site Pooled Screening of Genetically Modified Crops via an Integrated Centrifugal Digital Microfluidic Platform,https://doi.org/10.1021/acs.analchem.6c02143,403,https://pubs.acs.org/doi/10.1021/acs.analchem.6c02143,Broken,HTTP 403,,data/journal_sources.json: | data/journal_sources.json:Analytical Chemistry.recentRecords.8 | data/journal_sources.json:sources.9 | data/journal_sources.json:sources.9.recentRecords.5
Supramolecular ICT Modulation in π-Extended 2D-Azeno Nanosheets for Reversible Fluorescence Sensing of Spermine at the Sub-10 nM Level,https://doi.org/10.1021/acs.analchem.6c02145,403,https://pubs.acs.org/ancham/article/doi/10.1021/acs.analchem.6c02145/5237622/Supramolecular-ICT-Modulation-in-Extended-2D-Azeno,Broken,HTTP 403,,data/journal_sources.json:Analytical Chemistry.recentRecords.0
Analytical Chemistry | Programmable Energy Dissipation in a DNA-pNIPAM Hybrid Hydrogel for Ultrastable Actuation-Enhanced Biosensing of Acetamiprid,https://doi.org/10.1021/acs.analchem.6c02585,403,https://pubs.acs.org/doi/10.1021/acs.analchem.6c02585,Broken,HTTP 403,,data/journal_sources.json: | data/journal_sources.json:Analytical Chemistry.recentRecords.9 | data/journal_sources.json:sources.9 | data/journal_sources.json:sources.9.recentRecords.6
"Analytical Chemistry | Long-Lived, Nonenzymatic Signal Generation Chemiluminescence Immunoassay for Pretreatment-Free Detection of Lincomycin in Milk",https://doi.org/10.1021/acs.analchem.6c02822,403,https://pubs.acs.org/doi/10.1021/acs.analchem.6c02822,Broken,HTTP 403,,data/journal_sources.json: | data/journal_sources.json:Analytical Chemistry.recentRecords.6 | data/journal_sources.json:sources.9 | data/journal_sources.json:sources.9.recentRecords.3
A Fundamental Source of Misclassification in Single-Concentration Binding Screens | Analytical Chemistry,https://doi.org/10.1021/acs.analchem.6c03234,403,https://pubs.acs.org/doi/10.1021/acs.analchem.6c03234,Broken,HTTP 403,,data/journal_sources.json: | data/journal_sources.json:Analytical Chemistry.recentRecords.11 | data/journal_sources.json:sources.9 | data/journal_sources.json:sources.9.recentRecords.8
An Electro-Fenton-Driven Self-Ratio Electrochemiluminescence Sensing Platform without a Coreactant for Sensitive and Accurate Monitoring of Antibiotics | Analytical Chemistry,https://doi.org/10.1021/acs.analchem.6c03275,403,https://pubs.acs.org/doi/10.1021/acs.analchem.6c03275,Broken,HTTP 403,,data/journal_sources.json: | data/journal_sources.json:Analytical Chemistry.recentRecords.3 | data/journal_sources.json:sources.9 | data/journal_sources.json:sources.9.recentRecords.0
Analytical Chemistry | Rational Design of a Fluorogenic Probe for Sphingosine Based on Precisely Controlled Intramolecular Spirocyclization of Coumarin–Rhodamine Hybrid Dye,https://doi.org/10.1021/acs.analchem.6c03695,403,https://pubs.acs.org/doi/10.1021/acs.analchem.6c03695,Broken,HTTP 403,,data/journal_sources.json: | data/journal_sources.json:Analytical Chemistry.recentRecords.7 | data/journal_sources.json:sources.9 | data/journal_sources.json:sources.9.recentRecords.4
Issue Publication Information,https://doi.org/10.1021/acv098i029_2108269,403,https://pubs.acs.org/ancham/article/doi/10.1021/acv098i029_2108269/5235407/Issue-Publication-Information,Broken,HTTP 403,,data/journal_sources.json:Analytical Chemistry.recentRecords.2
Issue Editorial Masthead,https://doi.org/10.1021/acv098i029_2108270,403,https://pubs.acs.org/ancham/article/doi/10.1021/acv098i029_2108270/5235400/Issue-Editorial-Masthead,Broken,HTTP 403,,data/journal_sources.json:Analytical Chemistry.recentRecords.1
Complementary UV-MALDI and IR-MALDESI Imaging Expand Metabolomic Coverage in the 6-OHDA Rat Model of Parkinson’s Disease | Journal of the American Society for Mass Spectrometry (JASMS),https://doi.org/10.1021/jasms.5c00424,403,https://pubs.acs.org/doi/10.1021/jasms.5c00424,Broken,HTTP 403,,data/journal_sources.json: | data/journal_sources.json:Journal of the American Society for Mass Spectrometry (JASMS).recentRecords.10 | data/journal_sources.json:sources.12 | data/journal_sources.json:sources.12.recentRecords.10
Ambient Pressure Laser Desorption Ionization/Postphotoionization Mass Spectrometry Imaging | Journal of the American Society for Mass Spectrometry (JASMS),https://doi.org/10.1021/jasms.6c00002,403,https://pubs.acs.org/doi/10.1021/jasms.6c00002,Broken,HTTP 403,,data/journal_sources.json: | data/journal_sources.json:Journal of the American Society for Mass Spectrometry (JASMS).recentRecords.7 | data/journal_sources.json:sources.12 | data/journal_sources.json:sources.12.recentRecords.7
Aziridination-Enabled Structural and Quantitative Lipidomics | Journal of the American Society for Mass Spectrometry (JASMS),https://doi.org/10.1021/jasms.6c00107,403,https://pubs.acs.org/doi/10.1021/jasms.6c00107,Broken,HTTP 403,,data/journal_sources.json: | data/journal_sources.json:Journal of the American Society for Mass Spectrometry (JASMS).recentRecords.1 | data/journal_sources.json:sources.12 | data/journal_sources.json:sources.12.recentRecords.1
Immobilized Metal Affinity Beads for Recombinant Protein Analysis by Desorption Electrospray Ionization Mass Spectrometry | Journal of the American Society for Mass Spectrometry (JASMS),https://doi.org/10.1021/jasms.6c00155,403,https://pubs.acs.org/doi/10.1021/jasms.6c00155,Broken,HTTP 403,,data/journal_sources.json: | data/journal_sources.json:Journal of the American Society for Mass Spectrometry (JASMS).recentRecords.9 | data/journal_sources.json:sources.12 | data/journal_sources.json:sources.12.recentRecords.9
Journal of the American Society for Mass Spectrometry (JASMS) | T-ReXing Synthetic Cannabinoids─Unveiling Metabolite Features Suitable for Urine Screening by Trapped Ion Mobility HRMS,https://doi.org/10.1021/jasms.6c00160,403,https://pubs.acs.org/doi/10.1021/jasms.6c00160,Broken,HTTP 403,,data/journal_sources.json: | data/journal_sources.json:Journal of the American Society for Mass Spectrometry (JASMS).recentRecords.0 | data/journal_sources.json:sources.12 | data/journal_sources.json:sources.12.recentRecords.0
Journal of the American Society for Mass Spectrometry (JASMS) | N-Glycan MALDI MSI Differentiates Kidney Glomerular Disease Phenotypes,https://doi.org/10.1021/jasms.6c00163,403,https://pubs.acs.org/doi/10.1021/jasms.6c00163,Broken,HTTP 403,,data/journal_sources.json: | data/journal_sources.json:Journal of the American Society for Mass Spectrometry (JASMS).recentRecords.6 | data/journal_sources.json:sources.12 | data/journal_sources.json:sources.12.recentRecords.6
Improved Protein Identification in Native Ambient Mass Spectrometry by the Integration of Proton Transfer Charge Reduction and Higher-Energy Collision Dissociation (PTCR-HCD MS <sup>3</sup> ) | Journal of the American Society for Mass Spectrometry (JASMS),https://doi.org/10.1021/jasms.6c00165,403,https://pubs.acs.org/doi/10.1021/jasms.6c00165,Broken,HTTP 403,,data/journal_sources.json: | data/journal_sources.json:Journal of the American Society for Mass Spectrometry (JASMS).recentRecords.11 | data/journal_sources.json:sources.12 | data/journal_sources.json:sources.12.recentRecords.11
Journal of the American Society for Mass Spectrometry (JASMS) | Quantifying Protein Temporal Changes with Mass Spectrometry in Plasma Samples from Breast Cancer Patients Undergoing Radiotherapy,https://doi.org/10.1021/jasms.6c00168,403,https://pubs.acs.org/jamsef/article/doi/10.1021/jasms.6c00168/5232316/Quantifying-Protein-Temporal-Changes-with-Mass,Broken,HTTP 403,,data/journal_sources.json: | data/journal_sources.json:Journal of the American Society for Mass Spectrometry (JASMS).recentRecords.3 | data/journal_sources.json:sources.12 | data/journal_sources.json:sources.12.recentRecords.3
Journal of the American Society for Mass Spectrometry (JASMS) | Making Ozonolysis Mass Spectrometry More Accessible: A Simple LC-OzESI-MS Workflow for Carbon–Carbon Double Bond Position Elucidation in Lipids and Natural Products,https://doi.org/10.1021/jasms.6c00205,403,https://pubs.acs.org/doi/10.1021/jasms.6c00205,Broken,HTTP 403,,data/journal_sources.json: | data/journal_sources.json:Journal of the American Society for Mass Spectrometry (JASMS).recentRecords.2 | data/journal_sources.json:sources.12 | data/journal_sources.json:sources.12.recentRecords.2
Journal of the American Society for Mass Spectrometry (JASMS) | Postblast and Postburn Identification of Forensically Relevant Nitrate Salts as Crown Ether Complexes by Paper Spray Ionization Mass Spectrometry,https://doi.org/10.1021/jasms.6c00209,403,https://pubs.acs.org/doi/10.1021/jasms.6c00209,Broken,HTTP 403,,data/journal_sources.json: | data/journal_sources.json:Journal of the American Society for Mass Spectrometry (JASMS).recentRecords.8 | data/journal_sources.json:sources.12 | data/journal_sources.json:sources.12.recentRecords.8
Journal of the American Society for Mass Spectrometry (JASMS) | Reference-Free Structure Elucidation of N–O Heterocyclic Ring Systems with Infrared Ion Spectroscopy: A Test Case of the Isoxazoline Insecticide Isocycloseram and Its MS/MS Fragment,https://doi.org/10.1021/jasms.6c00213,403,https://pubs.acs.org/doi/10.1021/jasms.6c00213,Broken,HTTP 403,,data/journal_sources.json: | data/journal_sources.json:Journal of the American Society for Mass Spectrometry (JASMS).recentRecords.5 | data/journal_sources.json:sources.12 | data/journal_sources.json:sources.12.recentRecords.5
Conformational Landscapes Observed through Controlled Kinetics (CLOCK): Precise Control of Ion Temperatures from Submillisecond to Second Time Scales | Journal of the American Society for Mass Spectrometry (JASMS),https://doi.org/10.1021/jasms.6c00218,403,https://pubs.acs.org/doi/10.1021/jasms.6c00218,Broken,HTTP 403,,data/journal_sources.json: | data/journal_sources.json:Journal of the American Society for Mass Spectrometry (JASMS).recentRecords.4 | data/journal_sources.json:sources.12 | data/journal_sources.json:sources.12.recentRecords.4
[no retained anchor label],https://download.asgct.org/2026ASGCTAbstractPublication.pdf,401,https://download.asgct.org/2026ASGCTAbstractPublication.pdf,Broken,strict access failure,,
[no retained anchor label],https://eutils.ncbi.nlm.nih.gov/entrez/eutils/,400,https://eutils.ncbi.nlm.nih.gov/entrez/eutils/,Broken,strict access failure,,
[no retained anchor label],https://eutils.ncbi.nlm.nih.gov/entrez/eutils/esearch.fcgi?db=pubmed&term=%28%22Agilent+1290%22+OR+%22Agilent+InfinityLab%22+OR+%22Agilent+LC%2FMS%22+OR+%22Agilent+6495%22+OR+%22Ultivo%22%29+AND+%28%222023%2F07%2F31%22%5BDate+-+Publication%5D+%3A+%222026%2F07%2F30%22%5BDate+-+Publication%5D%29&retmode=json&retmax=0,429,https://eutils.ncbi.nlm.nih.gov/entrez/eutils/esearch.fcgi?db=pubmed&term=%28%22Agilent+1290%22+OR+%22Agilent+InfinityLab%22+OR+%22Agilent+LC%2FMS%22+OR+%22Agilent+6495%22+OR+%22Ultivo%22%29+AND+%28%222023%2F07%2F31%22%5BDate+-+Publication%5D+%3A+%222026%2F07%2F30%22%5BDate+-+Publication%5D%29&retmode=json&retmax=0,Broken,strict access failure,,
[no retained anchor label],https://eutils.ncbi.nlm.nih.gov/entrez/eutils/esearch.fcgi?db=pubmed&term=%28%22Agilent+1290%22+OR+%22Agilent+InfinityLab%22+OR+%22Agilent+LC%2FMS%22+OR+%22Agilent+6495%22+OR+%22Ultivo%22%29+AND+%28%222023%2F08%2F01%22%5BDate+-+Publication%5D+%3A+%222026%2F07%2F31%22%5BDate+-+Publication%5D%29&retmode=json&retmax=0,429,https://eutils.ncbi.nlm.nih.gov/entrez/eutils/esearch.fcgi?db=pubmed&term=%28%22Agilent+1290%22+OR+%22Agilent+InfinityLab%22+OR+%22Agilent+LC%2FMS%22+OR+%22Agilent+6495%22+OR+%22Ultivo%22%29+AND+%28%222023%2F08%2F01%22%5BDate+-+Publication%5D+%3A+%222026%2F07%2F31%22%5BDate+-+Publication%5D%29&retmode=json&retmax=0,Broken,strict access failure,,
[no retained anchor label],https://eutils.ncbi.nlm.nih.gov/entrez/eutils/esearch.fcgi?db=pubmed&term=%28%22Agilent+1290%22+OR+%22Agilent+InfinityLab%22+OR+%22Agilent+LC%2FMS%22+OR+%22Agilent+6495%22+OR+%22Ultivo%22%29+AND+%28%222023%2F08%2F02%22%5BDate+-+Publication%5D+%3A+%222026%2F08%2F01%22%5BDate+-+Publication%5D%29&retmode=json&retmax=0,429,https://eutils.ncbi.nlm.nih.gov/entrez/eutils/esearch.fcgi?db=pubmed&term=%28%22Agilent+1290%22+OR+%22Agilent+InfinityLab%22+OR+%22Agilent+LC%2FMS%22+OR+%22Agilent+6495%22+OR+%22Ultivo%22%29+AND+%28%222023%2F08%2F02%22%5BDate+-+Publication%5D+%3A+%222026%2F08%2F01%22%5BDate+-+Publication%5D%29&retmode=json&retmax=0,Broken,strict access failure,,
[no retained anchor label],https://eutils.ncbi.nlm.nih.gov/entrez/eutils/esearch.fcgi?db=pubmed&term=%28%22Agilent+1290%22+OR+%22Agilent+InfinityLab%22+OR+%22Agilent+LC%2FMS%22+OR+%22Agilent+6495%22+OR+%22Ultivo%22%29+AND+%28%222025%2F07%2F30%22%5BDate+-+Publication%5D+%3A+%222026%2F07%2F30%22%5BDate+-+Publication%5D%29&retmode=json&retmax=0,429,https://eutils.ncbi.nlm.nih.gov/entrez/eutils/esearch.fcgi?db=pubmed&term=%28%22Agilent+1290%22+OR+%22Agilent+InfinityLab%22+OR+%22Agilent+LC%2FMS%22+OR+%22Agilent+6495%22+OR+%22Ultivo%22%29+AND+%28%222025%2F07%2F30%22%5BDate+-+Publication%5D+%3A+%222026%2F07%2F30%22%5BDate+-+Publication%5D%29&retmode=json&retmax=0,Broken,strict access failure,,
[no retained anchor label],https://eutils.ncbi.nlm.nih.gov/entrez/eutils/esearch.fcgi?db=pubmed&term=%28%22Agilent+1290%22+OR+%22Agilent+InfinityLab%22+OR+%22Agilent+LC%2FMS%22+OR+%22Agilent+6495%22+OR+%22Ultivo%22%29+AND+%28%222025%2F07%2F31%22%5BDate+-+Publication%5D+%3A+%222026%2F07%2F31%22%5BDate+-+Publication%5D%29&retmode=json&retmax=0,429,https://eutils.ncbi.nlm.nih.gov/entrez/eutils/esearch.fcgi?db=pubmed&term=%28%22Agilent+1290%22+OR+%22Agilent+InfinityLab%22+OR+%22Agilent+LC%2FMS%22+OR+%22Agilent+6495%22+OR+%22Ultivo%22%29+AND+%28%222025%2F07%2F31%22%5BDate+-+Publication%5D+%3A+%222026%2F07%2F31%22%5BDate+-+Publication%5D%29&retmode=json&retmax=0,Broken,strict access failure,,
[no retained anchor label],https://eutils.ncbi.nlm.nih.gov/entrez/eutils/esearch.fcgi?db=pubmed&term=%28%22Agilent+1290%22+OR+%22Agilent+InfinityLab%22+OR+%22Agilent+LC%2FMS%22+OR+%22Agilent+6495%22+OR+%22Ultivo%22%29+AND+%28%222025%2F08%2F01%22%5BDate+-+Publication%5D+%3A+%222026%2F08%2F01%22%5BDate+-+Publication%5D%29&retmode=json&retmax=0,429,https://eutils.ncbi.nlm.nih.gov/entrez/eutils/esearch.fcgi?db=pubmed&term=%28%22Agilent+1290%22+OR+%22Agilent+InfinityLab%22+OR+%22Agilent+LC%2FMS%22+OR+%22Agilent+6495%22+OR+%22Ultivo%22%29+AND+%28%222025%2F08%2F01%22%5BDate+-+Publication%5D+%3A+%222026%2F08%2F01%22%5BDate+-+Publication%5D%29&retmode=json&retmax=0,Broken,strict access failure,,
[no retained anchor label],https://eutils.ncbi.nlm.nih.gov/entrez/eutils/esearch.fcgi?db=pubmed&term=%28%22Agilent+1290%22+OR+%22Agilent+InfinityLab%22+OR+%22Agilent+LC%2FMS%22+OR+%22Agilent+6495%22+OR+%22Ultivo%22%29+AND+%28%222026%2F05%2F01%22%5BDate+-+Publication%5D+%3A+%222026%2F07%2F30%22%5BDate+-+Publication%5D%29&retmode=json&retmax=0,429,https://eutils.ncbi.nlm.nih.gov/entrez/eutils/esearch.fcgi?db=pubmed&term=%28%22Agilent+1290%22+OR+%22Agilent+InfinityLab%22+OR+%22Agilent+LC%2FMS%22+OR+%22Agilent+6495%22+OR+%22Ultivo%22%29+AND+%28%222026%2F05%2F01%22%5BDate+-+Publication%5D+%3A+%222026%2F07%2F30%22%5BDate+-+Publication%5D%29&retmode=json&retmax=0,Broken,strict access failure,,
[no retained anchor label],https://eutils.ncbi.nlm.nih.gov/entrez/eutils/esearch.fcgi?db=pubmed&term=%28%22Agilent+1290%22+OR+%22Agilent+InfinityLab%22+OR+%22Agilent+LC%2FMS%22+OR+%22Agilent+6495%22+OR+%22Ultivo%22%29+AND+%28%222026%2F05%2F02%22%5BDate+-+Publication%5D+%3A+%222026%2F07%2F31%22%5BDate+-+Publication%5D%29&retmode=json&retmax=0,429,https://eutils.ncbi.nlm.nih.gov/entrez/eutils/esearch.fcgi?db=pubmed&term=%28%22Agilent+1290%22+OR+%22Agilent+InfinityLab%22+OR+%22Agilent+LC%2FMS%22+OR+%22Agilent+6495%22+OR+%22Ultivo%22%29+AND+%28%222026%2F05%2F02%22%5BDate+-+Publication%5D+%3A+%222026%2F07%2F31%22%5BDate+-+Publication%5D%29&retmode=json&retmax=0,Broken,strict access failure,,
[no retained anchor label],https://eutils.ncbi.nlm.nih.gov/entrez/eutils/esearch.fcgi?db=pubmed&term=%28%22Agilent+1290%22+OR+%22Agilent+InfinityLab%22+OR+%22Agilent+LC%2FMS%22+OR+%22Agilent+6495%22+OR+%22Ultivo%22%29+AND+%28%222026%2F05%2F03%22%5BDate+-+Publication%5D+%3A+%222026%2F08%2F01%22%5BDate+-+Publication%5D%29&retmode=json&retmax=0,429,https://eutils.ncbi.nlm.nih.gov/entrez/eutils/esearch.fcgi?db=pubmed&term=%28%22Agilent+1290%22+OR+%22Agilent+InfinityLab%22+OR+%22Agilent+LC%2FMS%22+OR+%22Agilent+6495%22+OR+%22Ultivo%22%29+AND+%28%222026%2F05%2F03%22%5BDate+-+Publication%5D+%3A+%222026%2F08%2F01%22%5BDate+-+Publication%5D%29&retmode=json&retmax=0,Broken,strict access failure,,
[no retained anchor label],https://eutils.ncbi.nlm.nih.gov/entrez/eutils/esearch.fcgi?db=pubmed&term=%28%22Agilent+1290%22+OR+%22Agilent+InfinityLab%22+OR+%22Agilent+LC%2FMS%22+OR+%22Agilent+6495%22+OR+%22Ultivo%22%29+AND+%28%222026%2F05%2F31%22%5BDate+-+Publication%5D+%3A+%222026%2F07%2F30%22%5BDate+-+Publication%5D%29&retmode=json&retmax=0,429,https://eutils.ncbi.nlm.nih.gov/entrez/eutils/esearch.fcgi?db=pubmed&term=%28%22Agilent+1290%22+OR+%22Agilent+InfinityLab%22+OR+%22Agilent+LC%2FMS%22+OR+%22Agilent+6495%22+OR+%22Ultivo%22%29+AND+%28%222026%2F05%2F31%22%5BDate+-+Publication%5D+%3A+%222026%2F07%2F30%22%5BDate+-+Publication%5D%29&retmode=json&retmax=0,Broken,strict access failure,,
[no retained anchor label],https://eutils.ncbi.nlm.nih.gov/entrez/eutils/esearch.fcgi?db=pubmed&term=%28%22Agilent+1290%22+OR+%22Agilent+InfinityLab%22+OR+%22Agilent+LC%2FMS%22+OR+%22Agilent+6495%22+OR+%22Ultivo%22%29+AND+%28%222026%2F06%2F01%22%5BDate+-+Publication%5D+%3A+%222026%2F07%2F31%22%5BDate+-+Publication%5D%29&retmode=json&retmax=0,429,https://eutils.ncbi.nlm.nih.gov/entrez/eutils/esearch.fcgi?db=pubmed&term=%28%22Agilent+1290%22+OR+%22Agilent+InfinityLab%22+OR+%22Agilent+LC%2FMS%22+OR+%22Agilent+6495%22+OR+%22Ultivo%22%29+AND+%28%222026%2F06%2F01%22%5BDate+-+Publication%5D+%3A+%222026%2F07%2F31%22%5BDate+-+Publication%5D%29&retmode=json&retmax=0,Broken,strict access failure,,
[no retained anchor label],https://eutils.ncbi.nlm.nih.gov/entrez/eutils/esearch.fcgi?db=pubmed&term=%28%22Agilent+1290%22+OR+%22Agilent+InfinityLab%22+OR+%22Agilent+LC%2FMS%22+OR+%22Agilent+6495%22+OR+%22Ultivo%22%29+AND+%28%222026%2F06%2F02%22%5BDate+-+Publication%5D+%3A+%222026%2F08%2F01%22%5BDate+-+Publication%5D%29&retmode=json&retmax=0,429,https://eutils.ncbi.nlm.nih.gov/entrez/eutils/esearch.fcgi?db=pubmed&term=%28%22Agilent+1290%22+OR+%22Agilent+InfinityLab%22+OR+%22Agilent+LC%2FMS%22+OR+%22Agilent+6495%22+OR+%22Ultivo%22%29+AND+%28%222026%2F06%2F02%22%5BDate+-+Publication%5D+%3A+%222026%2F08%2F01%22%5BDate+-+Publication%5D%29&retmode=json&retmax=0,Broken,strict access failure,,
[no retained anchor label],https://eutils.ncbi.nlm.nih.gov/entrez/eutils/esearch.fcgi?db=pubmed&term=%28%22Agilent+1290%22+OR+%22Agilent+InfinityLab%22+OR+%22Agilent+LC%2FMS%22+OR+%22Agilent+6495%22+OR+%22Ultivo%22%29+AND+%28%222026%2F06%2F30%22%5BDate+-+Publication%5D+%3A+%222026%2F07%2F30%22%5BDate+-+Publication%5D%29&retmode=json&retmax=0,429,https://eutils.ncbi.nlm.nih.gov/entrez/eutils/esearch.fcgi?db=pubmed&term=%28%22Agilent+1290%22+OR+%22Agilent+InfinityLab%22+OR+%22Agilent+LC%2FMS%22+OR+%22Agilent+6495%22+OR+%22Ultivo%22%29+AND+%28%222026%2F06%2F30%22%5BDate+-+Publication%5D+%3A+%222026%2F07%2F30%22%5BDate+-+Publication%5D%29&retmode=json&retmax=0,Broken,strict access failure,,
[no retained anchor label],https://eutils.ncbi.nlm.nih.gov/entrez/eutils/esearch.fcgi?db=pubmed&term=%28%22Agilent+1290%22+OR+%22Agilent+InfinityLab%22+OR+%22Agilent+LC%2FMS%22+OR+%22Agilent+6495%22+OR+%22Ultivo%22%29+AND+%28%222026%2F07%2F01%22%5BDate+-+Publication%5D+%3A+%222026%2F07%2F31%22%5BDate+-+Publication%5D%29&retmode=json&retmax=0,429,https://eutils.ncbi.nlm.nih.gov/entrez/eutils/esearch.fcgi?db=pubmed&term=%28%22Agilent+1290%22+OR+%22Agilent+InfinityLab%22+OR+%22Agilent+LC%2FMS%22+OR+%22Agilent+6495%22+OR+%22Ultivo%22%29+AND+%28%222026%2F07%2F01%22%5BDate+-+Publication%5D+%3A+%222026%2F07%2F31%22%5BDate+-+Publication%5D%29&retmode=json&retmax=0,Broken,strict access failure,,
[no retained anchor label],https://eutils.ncbi.nlm.nih.gov/entrez/eutils/esearch.fcgi?db=pubmed&term=%28%22Agilent+1290%22+OR+%22Agilent+InfinityLab%22+OR+%22Agilent+LC%2FMS%22+OR+%22Agilent+6495%22+OR+%22Ultivo%22%29+AND+%28%222026%2F07%2F02%22%5BDate+-+Publication%5D+%3A+%222026%2F08%2F01%22%5BDate+-+Publication%5D%29&retmode=json&retmax=0,429,https://eutils.ncbi.nlm.nih.gov/entrez/eutils/esearch.fcgi?db=pubmed&term=%28%22Agilent+1290%22+OR+%22Agilent+InfinityLab%22+OR+%22Agilent+LC%2FMS%22+OR+%22Agilent+6495%22+OR+%22Ultivo%22%29+AND+%28%222026%2F07%2F02%22%5BDate+-+Publication%5D+%3A+%222026%2F08%2F01%22%5BDate+-+Publication%5D%29&retmode=json&retmax=0,Broken,strict access failure,,
[no retained anchor label],https://eutils.ncbi.nlm.nih.gov/entrez/eutils/esearch.fcgi?db=pubmed&term=%28%22Orbitrap%22+OR+%22Vanquish%22+OR+%22Q+Exactive%22+OR+%22TSQ+Altis%22+OR+%22Thermo+Fisher+Scientific%22%29+AND+%28%222021%2F07%2F31%22%5BDate+-+Publication%5D+%3A+%222026%2F07%2F30%22%5BDate+-+Publication%5D%29&retmode=json&retmax=0,429,https://eutils.ncbi.nlm.nih.gov/entrez/eutils/esearch.fcgi?db=pubmed&term=%28%22Orbitrap%22+OR+%22Vanquish%22+OR+%22Q+Exactive%22+OR+%22TSQ+Altis%22+OR+%22Thermo+Fisher+Scientific%22%29+AND+%28%222021%2F07%2F31%22%5BDate+-+Publication%5D+%3A+%222026%2F07%2F30%22%5BDate+-+Publication%5D%29&retmode=json&retmax=0,Broken,strict access failure,,
[no retained anchor label],https://eutils.ncbi.nlm.nih.gov/entrez/eutils/esearch.fcgi?db=pubmed&term=%28%22Orbitrap%22+OR+%22Vanquish%22+OR+%22Q+Exactive%22+OR+%22TSQ+Altis%22+OR+%22Thermo+Fisher+Scientific%22%29+AND+%28%222021%2F08%2F01%22%5BDate+-+Publication%5D+%3A+%222026%2F07%2F31%22%5BDate+-+Publication%5D%29&retmode=json&retmax=0,429,https://eutils.ncbi.nlm.nih.gov/entrez/eutils/esearch.fcgi?db=pubmed&term=%28%22Orbitrap%22+OR+%22Vanquish%22+OR+%22Q+Exactive%22+OR+%22TSQ+Altis%22+OR+%22Thermo+Fisher+Scientific%22%29+AND+%28%222021%2F08%2F01%22%5BDate+-+Publication%5D+%3A+%222026%2F07%2F31%22%5BDate+-+Publication%5D%29&retmode=json&retmax=0,Broken,strict access failure,,
[no retained anchor label],https://eutils.ncbi.nlm.nih.gov/entrez/eutils/esearch.fcgi?db=pubmed&term=%28%22Orbitrap%22+OR+%22Vanquish%22+OR+%22Q+Exactive%22+OR+%22TSQ+Altis%22+OR+%22Thermo+Fisher+Scientific%22%29+AND+%28%222021%2F08%2F02%22%5BDate+-+Publication%5D+%3A+%222026%2F08%2F01%22%5BDate+-+Publication%5D%29&retmode=json&retmax=0,429,https://eutils.ncbi.nlm.nih.gov/entrez/eutils/esearch.fcgi?db=pubmed&term=%28%22Orbitrap%22+OR+%22Vanquish%22+OR+%22Q+Exactive%22+OR+%22TSQ+Altis%22+OR+%22Thermo+Fisher+Scientific%22%29+AND+%28%222021%2F08%2F02%22%5BDate+-+Publication%5D+%3A+%222026%2F08%2F01%22%5BDate+-+Publication%5D%29&retmode=json&retmax=0,Broken,strict access failure,,
[no retained anchor label],https://eutils.ncbi.nlm.nih.gov/entrez/eutils/esearch.fcgi?db=pubmed&term=%28%22Orbitrap%22+OR+%22Vanquish%22+OR+%22Q+Exactive%22+OR+%22TSQ+Altis%22+OR+%22Thermo+Fisher+Scientific%22%29+AND+%28%222023%2F07%2F31%22%5BDate+-+Publication%5D+%3A+%222026%2F07%2F30%22%5BDate+-+Publication%5D%29&retmode=json&retmax=0,429,https://eutils.ncbi.nlm.nih.gov/entrez/eutils/esearch.fcgi?db=pubmed&term=%28%22Orbitrap%22+OR+%22Vanquish%22+OR+%22Q+Exactive%22+OR+%22TSQ+Altis%22+OR+%22Thermo+Fisher+Scientific%22%29+AND+%28%222023%2F07%2F31%22%5BDate+-+Publication%5D+%3A+%222026%2F07%2F30%22%5BDate+-+Publication%5D%29&retmode=json&retmax=0,Broken,strict access failure,,
[no retained anchor label],https://eutils.ncbi.nlm.nih.gov/entrez/eutils/esearch.fcgi?db=pubmed&term=%28%22Orbitrap%22+OR+%22Vanquish%22+OR+%22Q+Exactive%22+OR+%22TSQ+Altis%22+OR+%22Thermo+Fisher+Scientific%22%29+AND+%28%222023%2F08%2F01%22%5BDate+-+Publication%5D+%3A+%222026%2F07%2F31%22%5BDate+-+Publication%5D%29&retmode=json&retmax=0,429,https://eutils.ncbi.nlm.nih.gov/entrez/eutils/esearch.fcgi?db=pubmed&term=%28%22Orbitrap%22+OR+%22Vanquish%22+OR+%22Q+Exactive%22+OR+%22TSQ+Altis%22+OR+%22Thermo+Fisher+Scientific%22%29+AND+%28%222023%2F08%2F01%22%5BDate+-+Publication%5D+%3A+%222026%2F07%2F31%22%5BDate+-+Publication%5D%29&retmode=json&retmax=0,Broken,strict access failure,,
[no retained anchor label],https://eutils.ncbi.nlm.nih.gov/entrez/eutils/esearch.fcgi?db=pubmed&term=%28%22Orbitrap%22+OR+%22Vanquish%22+OR+%22Q+Exactive%22+OR+%22TSQ+Altis%22+OR+%22Thermo+Fisher+Scientific%22%29+AND+%28%222023%2F08%2F02%22%5BDate+-+Publication%5D+%3A+%222026%2F08%2F01%22%5BDate+-+Publication%5D%29&retmode=json&retmax=0,429,https://eutils.ncbi.nlm.nih.gov/entrez/eutils/esearch.fcgi?db=pubmed&term=%28%22Orbitrap%22+OR+%22Vanquish%22+OR+%22Q+Exactive%22+OR+%22TSQ+Altis%22+OR+%22Thermo+Fisher+Scientific%22%29+AND+%28%222023%2F08%2F02%22%5BDate+-+Publication%5D+%3A+%222026%2F08%2F01%22%5BDate+-+Publication%5D%29&retmode=json&retmax=0,Broken,strict access failure,,
[no retained anchor label],https://eutils.ncbi.nlm.nih.gov/entrez/eutils/esearch.fcgi?db=pubmed&term=%28%22Orbitrap%22+OR+%22Vanquish%22+OR+%22Q+Exactive%22+OR+%22TSQ+Altis%22+OR+%22Thermo+Fisher+Scientific%22%29+AND+%28%222025%2F07%2F30%22%5BDate+-+Publication%5D+%3A+%222026%2F07%2F30%22%5BDate+-+Publication%5D%29&retmode=json&retmax=0,429,https://eutils.ncbi.nlm.nih.gov/entrez/eutils/esearch.fcgi?db=pubmed&term=%28%22Orbitrap%22+OR+%22Vanquish%22+OR+%22Q+Exactive%22+OR+%22TSQ+Altis%22+OR+%22Thermo+Fisher+Scientific%22%29+AND+%28%222025%2F07%2F30%22%5BDate+-+Publication%5D+%3A+%222026%2F07%2F30%22%5BDate+-+Publication%5D%29&retmode=json&retmax=0,Broken,HTTP 429,,
[no retained anchor label],https://eutils.ncbi.nlm.nih.gov/entrez/eutils/esearch.fcgi?db=pubmed&term=%28%22Orbitrap%22+OR+%22Vanquish%22+OR+%22Q+Exactive%22+OR+%22TSQ+Altis%22+OR+%22Thermo+Fisher+Scientific%22%29+AND+%28%222025%2F07%2F31%22%5BDate+-+Publication%5D+%3A+%222026%2F07%2F31%22%5BDate+-+Publication%5D%29&retmode=json&retmax=0,429,https://eutils.ncbi.nlm.nih.gov/entrez/eutils/esearch.fcgi?db=pubmed&term=%28%22Orbitrap%22+OR+%22Vanquish%22+OR+%22Q+Exactive%22+OR+%22TSQ+Altis%22+OR+%22Thermo+Fisher+Scientific%22%29+AND+%28%222025%2F07%2F31%22%5BDate+-+Publication%5D+%3A+%222026%2F07%2F31%22%5BDate+-+Publication%5D%29&retmode=json&retmax=0,Broken,HTTP 429,,
[no retained anchor label],https://eutils.ncbi.nlm.nih.gov/entrez/eutils/esearch.fcgi?db=pubmed&term=%28%22Orbitrap%22+OR+%22Vanquish%22+OR+%22Q+Exactive%22+OR+%22TSQ+Altis%22+OR+%22Thermo+Fisher+Scientific%22%29+AND+%28%222025%2F08%2F01%22%5BDate+-+Publication%5D+%3A+%222026%2F08%2F01%22%5BDate+-+Publication%5D%29&retmode=json&retmax=0,429,https://eutils.ncbi.nlm.nih.gov/entrez/eutils/esearch.fcgi?db=pubmed&term=%28%22Orbitrap%22+OR+%22Vanquish%22+OR+%22Q+Exactive%22+OR+%22TSQ+Altis%22+OR+%22Thermo+Fisher+Scientific%22%29+AND+%28%222025%2F08%2F01%22%5BDate+-+Publication%5D+%3A+%222026%2F08%2F01%22%5BDate+-+Publication%5D%29&retmode=json&retmax=0,Broken,strict access failure,,
[no retained anchor label],https://eutils.ncbi.nlm.nih.gov/entrez/eutils/esearch.fcgi?db=pubmed&term=%28%22Orbitrap%22+OR+%22Vanquish%22+OR+%22Q+Exactive%22+OR+%22TSQ+Altis%22+OR+%22Thermo+Fisher+Scientific%22%29+AND+%28%222026%2F05%2F01%22%5BDate+-+Publication%5D+%3A+%222026%2F07%2F30%22%5BDate+-+Publication%5D%29&retmode=json&retmax=0,429,https://eutils.ncbi.nlm.nih.gov/entrez/eutils/esearch.fcgi?db=pubmed&term=%28%22Orbitrap%22+OR+%22Vanquish%22+OR+%22Q+Exactive%22+OR+%22TSQ+Altis%22+OR+%22Thermo+Fisher+Scientific%22%29+AND+%28%222026%2F05%2F01%22%5BDate+-+Publication%5D+%3A+%222026%2F07%2F30%22%5BDate+-+Publication%5D%29&retmode=json&retmax=0,Broken,HTTP 429,,
[no retained anchor label],https://eutils.ncbi.nlm.nih.gov/entrez/eutils/esearch.fcgi?db=pubmed&term=%28%22Orbitrap%22+OR+%22Vanquish%22+OR+%22Q+Exactive%22+OR+%22TSQ+Altis%22+OR+%22Thermo+Fisher+Scientific%22%29+AND+%28%222026%2F05%2F02%22%5BDate+-+Publication%5D+%3A+%222026%2F07%2F31%22%5BDate+-+Publication%5D%29&retmode=json&retmax=0,429,https://eutils.ncbi.nlm.nih.gov/entrez/eutils/esearch.fcgi?db=pubmed&term=%28%22Orbitrap%22+OR+%22Vanquish%22+OR+%22Q+Exactive%22+OR+%22TSQ+Altis%22+OR+%22Thermo+Fisher+Scientific%22%29+AND+%28%222026%2F05%2F02%22%5BDate+-+Publication%5D+%3A+%222026%2F07%2F31%22%5BDate+-+Publication%5D%29&retmode=json&retmax=0,Broken,strict access failure,,
[no retained anchor label],https://eutils.ncbi.nlm.nih.gov/entrez/eutils/esearch.fcgi?db=pubmed&term=%28%22Orbitrap%22+OR+%22Vanquish%22+OR+%22Q+Exactive%22+OR+%22TSQ+Altis%22+OR+%22Thermo+Fisher+Scientific%22%29+AND+%28%222026%2F05%2F03%22%5BDate+-+Publication%5D+%3A+%222026%2F08%2F01%22%5BDate+-+Publication%5D%29&retmode=json&retmax=0,429,https://eutils.ncbi.nlm.nih.gov/entrez/eutils/esearch.fcgi?db=pubmed&term=%28%22Orbitrap%22+OR+%22Vanquish%22+OR+%22Q+Exactive%22+OR+%22TSQ+Altis%22+OR+%22Thermo+Fisher+Scientific%22%29+AND+%28%222026%2F05%2F03%22%5BDate+-+Publication%5D+%3A+%222026%2F08%2F01%22%5BDate+-+Publication%5D%29&retmode=json&retmax=0,Broken,strict access failure,,
[no retained anchor label],https://eutils.ncbi.nlm.nih.gov/entrez/eutils/esearch.fcgi?db=pubmed&term=%28%22Orbitrap%22+OR+%22Vanquish%22+OR+%22Q+Exactive%22+OR+%22TSQ+Altis%22+OR+%22Thermo+Fisher+Scientific%22%29+AND+%28%222026%2F05%2F31%22%5BDate+-+Publication%5D+%3A+%222026%2F07%2F30%22%5BDate+-+Publication%5D%29&retmode=json&retmax=0,429,https://eutils.ncbi.nlm.nih.gov/entrez/eutils/esearch.fcgi?db=pubmed&term=%28%22Orbitrap%22+OR+%22Vanquish%22+OR+%22Q+Exactive%22+OR+%22TSQ+Altis%22+OR+%22Thermo+Fisher+Scientific%22%29+AND+%28%222026%2F05%2F31%22%5BDate+-+Publication%5D+%3A+%222026%2F07%2F30%22%5BDate+-+Publication%5D%29&retmode=json&retmax=0,Broken,strict access failure,,
[no retained anchor label],https://eutils.ncbi.nlm.nih.gov/entrez/eutils/esearch.fcgi?db=pubmed&term=%28%22Orbitrap%22+OR+%22Vanquish%22+OR+%22Q+Exactive%22+OR+%22TSQ+Altis%22+OR+%22Thermo+Fisher+Scientific%22%29+AND+%28%222026%2F06%2F01%22%5BDate+-+Publication%5D+%3A+%222026%2F07%2F31%22%5BDate+-+Publication%5D%29&retmode=json&retmax=0,429,https://eutils.ncbi.nlm.nih.gov/entrez/eutils/esearch.fcgi?db=pubmed&term=%28%22Orbitrap%22+OR+%22Vanquish%22+OR+%22Q+Exactive%22+OR+%22TSQ+Altis%22+OR+%22Thermo+Fisher+Scientific%22%29+AND+%28%222026%2F06%2F01%22%5BDate+-+Publication%5D+%3A+%222026%2F07%2F31%22%5BDate+-+Publication%5D%29&retmode=json&retmax=0,Broken,strict access failure,,
[no retained anchor label],https://eutils.ncbi.nlm.nih.gov/entrez/eutils/esearch.fcgi?db=pubmed&term=%28%22Orbitrap%22+OR+%22Vanquish%22+OR+%22Q+Exactive%22+OR+%22TSQ+Altis%22+OR+%22Thermo+Fisher+Scientific%22%29+AND+%28%222026%2F06%2F02%22%5BDate+-+Publication%5D+%3A+%222026%2F08%2F01%22%5BDate+-+Publication%5D%29&retmode=json&retmax=0,429,https://eutils.ncbi.nlm.nih.gov/entrez/eutils/esearch.fcgi?db=pubmed&term=%28%22Orbitrap%22+OR+%22Vanquish%22+OR+%22Q+Exactive%22+OR+%22TSQ+Altis%22+OR+%22Thermo+Fisher+Scientific%22%29+AND+%28%222026%2F06%2F02%22%5BDate+-+Publication%5D+%3A+%222026%2F08%2F01%22%5BDate+-+Publication%5D%29&retmode=json&retmax=0,Broken,strict access failure,,
[no retained anchor label],https://eutils.ncbi.nlm.nih.gov/entrez/eutils/esearch.fcgi?db=pubmed&term=%28%22Orbitrap%22+OR+%22Vanquish%22+OR+%22Q+Exactive%22+OR+%22TSQ+Altis%22+OR+%22Thermo+Fisher+Scientific%22%29+AND+%28%222026%2F06%2F30%22%5BDate+-+Publication%5D+%3A+%222026%2F07%2F30%22%5BDate+-+Publication%5D%29&retmode=json&retmax=0,429,https://eutils.ncbi.nlm.nih.gov/entrez/eutils/esearch.fcgi?db=pubmed&term=%28%22Orbitrap%22+OR+%22Vanquish%22+OR+%22Q+Exactive%22+OR+%22TSQ+Altis%22+OR+%22Thermo+Fisher+Scientific%22%29+AND+%28%222026%2F06%2F30%22%5BDate+-+Publication%5D+%3A+%222026%2F07%2F30%22%5BDate+-+Publication%5D%29&retmode=json&retmax=0,Broken,strict access failure,,
[no retained anchor label],https://eutils.ncbi.nlm.nih.gov/entrez/eutils/esearch.fcgi?db=pubmed&term=%28%22Orbitrap%22+OR+%22Vanquish%22+OR+%22Q+Exactive%22+OR+%22TSQ+Altis%22+OR+%22Thermo+Fisher+Scientific%22%29+AND+%28%222026%2F07%2F01%22%5BDate+-+Publication%5D+%3A+%222026%2F07%2F31%22%5BDate+-+Publication%5D%29&retmode=json&retmax=0,429,https://eutils.ncbi.nlm.nih.gov/entrez/eutils/esearch.fcgi?db=pubmed&term=%28%22Orbitrap%22+OR+%22Vanquish%22+OR+%22Q+Exactive%22+OR+%22TSQ+Altis%22+OR+%22Thermo+Fisher+Scientific%22%29+AND+%28%222026%2F07%2F01%22%5BDate+-+Publication%5D+%3A+%222026%2F07%2F31%22%5BDate+-+Publication%5D%29&retmode=json&retmax=0,Broken,strict access failure,,
[no retained anchor label],https://eutils.ncbi.nlm.nih.gov/entrez/eutils/esearch.fcgi?db=pubmed&term=%28%22Orbitrap%22+OR+%22Vanquish%22+OR+%22Q+Exactive%22+OR+%22TSQ+Altis%22+OR+%22Thermo+Fisher+Scientific%22%29+AND+%28%222026%2F07%2F02%22%5BDate+-+Publication%5D+%3A+%222026%2F08%2F01%22%5BDate+-+Publication%5D%29&retmode=json&retmax=0,429,https://eutils.ncbi.nlm.nih.gov/entrez/eutils/esearch.fcgi?db=pubmed&term=%28%22Orbitrap%22+OR+%22Vanquish%22+OR+%22Q+Exactive%22+OR+%22TSQ+Altis%22+OR+%22Thermo+Fisher+Scientific%22%29+AND+%28%222026%2F07%2F02%22%5BDate+-+Publication%5D+%3A+%222026%2F08%2F01%22%5BDate+-+Publication%5D%29&retmode=json&retmax=0,Broken,strict access failure,,
[no retained anchor label],https://eutils.ncbi.nlm.nih.gov/entrez/eutils/esearch.fcgi?db=pubmed&term=%28%22PerkinElmer+QSight%22+OR+%22PerkinElmer+LC%22+OR+%22PerkinElmer+chromatography%22%29+AND+%28%222021%2F07%2F31%22%5BDate+-+Publication%5D+%3A+%222026%2F07%2F30%22%5BDate+-+Publication%5D%29&retmode=json&retmax=0,429,https://eutils.ncbi.nlm.nih.gov/entrez/eutils/esearch.fcgi?db=pubmed&term=%28%22PerkinElmer+QSight%22+OR+%22PerkinElmer+LC%22+OR+%22PerkinElmer+chromatography%22%29+AND+%28%222021%2F07%2F31%22%5BDate+-+Publication%5D+%3A+%222026%2F07%2F30%22%5BDate+-+Publication%5D%29&retmode=json&retmax=0,Broken,strict access failure,,
[no retained anchor label],https://eutils.ncbi.nlm.nih.gov/entrez/eutils/esearch.fcgi?db=pubmed&term=%28%22PerkinElmer+QSight%22+OR+%22PerkinElmer+LC%22+OR+%22PerkinElmer+chromatography%22%29+AND+%28%222021%2F08%2F01%22%5BDate+-+Publication%5D+%3A+%222026%2F07%2F31%22%5BDate+-+Publication%5D%29&retmode=json&retmax=0,429,https://eutils.ncbi.nlm.nih.gov/entrez/eutils/esearch.fcgi?db=pubmed&term=%28%22PerkinElmer+QSight%22+OR+%22PerkinElmer+LC%22+OR+%22PerkinElmer+chromatography%22%29+AND+%28%222021%2F08%2F01%22%5BDate+-+Publication%5D+%3A+%222026%2F07%2F31%22%5BDate+-+Publication%5D%29&retmode=json&retmax=0,Broken,strict access failure,,
[no retained anchor label],https://eutils.ncbi.nlm.nih.gov/entrez/eutils/esearch.fcgi?db=pubmed&term=%28%22PerkinElmer+QSight%22+OR+%22PerkinElmer+LC%22+OR+%22PerkinElmer+chromatography%22%29+AND+%28%222021%2F08%2F02%22%5BDate+-+Publication%5D+%3A+%222026%2F08%2F01%22%5BDate+-+Publication%5D%29&retmode=json&retmax=0,429,https://eutils.ncbi.nlm.nih.gov/entrez/eutils/esearch.fcgi?db=pubmed&term=%28%22PerkinElmer+QSight%22+OR+%22PerkinElmer+LC%22+OR+%22PerkinElmer+chromatography%22%29+AND+%28%222021%2F08%2F02%22%5BDate+-+Publication%5D+%3A+%222026%2F08%2F01%22%5BDate+-+Publication%5D%29&retmode=json&retmax=0,Broken,strict access failure,,
[no retained anchor label],https://eutils.ncbi.nlm.nih.gov/entrez/eutils/esearch.fcgi?db=pubmed&term=%28%22PerkinElmer+QSight%22+OR+%22PerkinElmer+LC%22+OR+%22PerkinElmer+chromatography%22%29+AND+%28%222023%2F07%2F31%22%5BDate+-+Publication%5D+%3A+%222026%2F07%2F30%22%5BDate+-+Publication%5D%29&retmode=json&retmax=0,429,https://eutils.ncbi.nlm.nih.gov/entrez/eutils/esearch.fcgi?db=pubmed&term=%28%22PerkinElmer+QSight%22+OR+%22PerkinElmer+LC%22+OR+%22PerkinElmer+chromatography%22%29+AND+%28%222023%2F07%2F31%22%5BDate+-+Publication%5D+%3A+%222026%2F07%2F30%22%5BDate+-+Publication%5D%29&retmode=json&retmax=0,Broken,strict access failure,,
[no retained anchor label],https://eutils.ncbi.nlm.nih.gov/entrez/eutils/esearch.fcgi?db=pubmed&term=%28%22PerkinElmer+QSight%22+OR+%22PerkinElmer+LC%22+OR+%22PerkinElmer+chromatography%22%29+AND+%28%222023%2F08%2F02%22%5BDate+-+Publication%5D+%3A+%222026%2F08%2F01%22%5BDate+-+Publication%5D%29&retmode=json&retmax=0,429,https://eutils.ncbi.nlm.nih.gov/entrez/eutils/esearch.fcgi?db=pubmed&term=%28%22PerkinElmer+QSight%22+OR+%22PerkinElmer+LC%22+OR+%22PerkinElmer+chromatography%22%29+AND+%28%222023%2F08%2F02%22%5BDate+-+Publication%5D+%3A+%222026%2F08%2F01%22%5BDate+-+Publication%5D%29&retmode=json&retmax=0,Broken,strict access failure,,
[no retained anchor label],https://eutils.ncbi.nlm.nih.gov/entrez/eutils/esearch.fcgi?db=pubmed&term=%28%22PerkinElmer+QSight%22+OR+%22PerkinElmer+LC%22+OR+%22PerkinElmer+chromatography%22%29+AND+%28%222025%2F07%2F30%22%5BDate+-+Publication%5D+%3A+%222026%2F07%2F30%22%5BDate+-+Publication%5D%29&retmode=json&retmax=0,429,https://eutils.ncbi.nlm.nih.gov/entrez/eutils/esearch.fcgi?db=pubmed&term=%28%22PerkinElmer+QSight%22+OR+%22PerkinElmer+LC%22+OR+%22PerkinElmer+chromatography%22%29+AND+%28%222025%2F07%2F30%22%5BDate+-+Publication%5D+%3A+%222026%2F07%2F30%22%5BDate+-+Publication%5D%29&retmode=json&retmax=0,Broken,strict access failure,,
[no retained anchor label],https://eutils.ncbi.nlm.nih.gov/entrez/eutils/esearch.fcgi?db=pubmed&term=%28%22PerkinElmer+QSight%22+OR+%22PerkinElmer+LC%22+OR+%22PerkinElmer+chromatography%22%29+AND+%28%222025%2F07%2F31%22%5BDate+-+Publication%5D+%3A+%222026%2F07%2F31%22%5BDate+-+Publication%5D%29&retmode=json&retmax=0,429,https://eutils.ncbi.nlm.nih.gov/entrez/eutils/esearch.fcgi?db=pubmed&term=%28%22PerkinElmer+QSight%22+OR+%22PerkinElmer+LC%22+OR+%22PerkinElmer+chromatography%22%29+AND+%28%222025%2F07%2F31%22%5BDate+-+Publication%5D+%3A+%222026%2F07%2F31%22%5BDate+-+Publication%5D%29&retmode=json&retmax=0,Broken,strict access failure,,
[no retained anchor label],https://eutils.ncbi.nlm.nih.gov/entrez/eutils/esearch.fcgi?db=pubmed&term=%28%22PerkinElmer+QSight%22+OR+%22PerkinElmer+LC%22+OR+%22PerkinElmer+chromatography%22%29+AND+%28%222025%2F08%2F01%22%5BDate+-+Publication%5D+%3A+%222026%2F08%2F01%22%5BDate+-+Publication%5D%29&retmode=json&retmax=0,429,https://eutils.ncbi.nlm.nih.gov/entrez/eutils/esearch.fcgi?db=pubmed&term=%28%22PerkinElmer+QSight%22+OR+%22PerkinElmer+LC%22+OR+%22PerkinElmer+chromatography%22%29+AND+%28%222025%2F08%2F01%22%5BDate+-+Publication%5D+%3A+%222026%2F08%2F01%22%5BDate+-+Publication%5D%29&retmode=json&retmax=0,Broken,strict access failure,,
[no retained anchor label],https://eutils.ncbi.nlm.nih.gov/entrez/eutils/esearch.fcgi?db=pubmed&term=%28%22PerkinElmer+QSight%22+OR+%22PerkinElmer+LC%22+OR+%22PerkinElmer+chromatography%22%29+AND+%28%222026%2F05%2F01%22%5BDate+-+Publication%5D+%3A+%222026%2F07%2F30%22%5BDate+-+Publication%5D%29&retmode=json&retmax=0,429,https://eutils.ncbi.nlm.nih.gov/entrez/eutils/esearch.fcgi?db=pubmed&term=%28%22PerkinElmer+QSight%22+OR+%22PerkinElmer+LC%22+OR+%22PerkinElmer+chromatography%22%29+AND+%28%222026%2F05%2F01%22%5BDate+-+Publication%5D+%3A+%222026%2F07%2F30%22%5BDate+-+Publication%5D%29&retmode=json&retmax=0,Broken,HTTP 429,,
[no retained anchor label],https://eutils.ncbi.nlm.nih.gov/entrez/eutils/esearch.fcgi?db=pubmed&term=%28%22PerkinElmer+QSight%22+OR+%22PerkinElmer+LC%22+OR+%22PerkinElmer+chromatography%22%29+AND+%28%222026%2F05%2F02%22%5BDate+-+Publication%5D+%3A+%222026%2F07%2F31%22%5BDate+-+Publication%5D%29&retmode=json&retmax=0,429,https://eutils.ncbi.nlm.nih.gov/entrez/eutils/esearch.fcgi?db=pubmed&term=%28%22PerkinElmer+QSight%22+OR+%22PerkinElmer+LC%22+OR+%22PerkinElmer+chromatography%22%29+AND+%28%222026%2F05%2F02%22%5BDate+-+Publication%5D+%3A+%222026%2F07%2F31%22%5BDate+-+Publication%5D%29&retmode=json&retmax=0,Broken,strict access failure,,
[no retained anchor label],https://eutils.ncbi.nlm.nih.gov/entrez/eutils/esearch.fcgi?db=pubmed&term=%28%22PerkinElmer+QSight%22+OR+%22PerkinElmer+LC%22+OR+%22PerkinElmer+chromatography%22%29+AND+%28%222026%2F05%2F03%22%5BDate+-+Publication%5D+%3A+%222026%2F08%2F01%22%5BDate+-+Publication%5D%29&retmode=json&retmax=0,429,https://eutils.ncbi.nlm.nih.gov/entrez/eutils/esearch.fcgi?db=pubmed&term=%28%22PerkinElmer+QSight%22+OR+%22PerkinElmer+LC%22+OR+%22PerkinElmer+chromatography%22%29+AND+%28%222026%2F05%2F03%22%5BDate+-+Publication%5D+%3A+%222026%2F08%2F01%22%5BDate+-+Publication%5D%29&retmode=json&retmax=0,Broken,strict access failure,,
[no retained anchor label],https://eutils.ncbi.nlm.nih.gov/entrez/eutils/esearch.fcgi?db=pubmed&term=%28%22PerkinElmer+QSight%22+OR+%22PerkinElmer+LC%22+OR+%22PerkinElmer+chromatography%22%29+AND+%28%222026%2F05%2F31%22%5BDate+-+Publication%5D+%3A+%222026%2F07%2F30%22%5BDate+-+Publication%5D%29&retmode=json&retmax=0,429,https://eutils.ncbi.nlm.nih.gov/entrez/eutils/esearch.fcgi?db=pubmed&term=%28%22PerkinElmer+QSight%22+OR+%22PerkinElmer+LC%22+OR+%22PerkinElmer+chromatography%22%29+AND+%28%222026%2F05%2F31%22%5BDate+-+Publication%5D+%3A+%222026%2F07%2F30%22%5BDate+-+Publication%5D%29&retmode=json&retmax=0,Broken,strict access failure,,
[no retained anchor label],https://eutils.ncbi.nlm.nih.gov/entrez/eutils/esearch.fcgi?db=pubmed&term=%28%22PerkinElmer+QSight%22+OR+%22PerkinElmer+LC%22+OR+%22PerkinElmer+chromatography%22%29+AND+%28%222026%2F06%2F01%22%5BDate+-+Publication%5D+%3A+%222026%2F07%2F31%22%5BDate+-+Publication%5D%29&retmode=json&retmax=0,429,https://eutils.ncbi.nlm.nih.gov/entrez/eutils/esearch.fcgi?db=pubmed&term=%28%22PerkinElmer+QSight%22+OR+%22PerkinElmer+LC%22+OR+%22PerkinElmer+chromatography%22%29+AND+%28%222026%2F06%2F01%22%5BDate+-+Publication%5D+%3A+%222026%2F07%2F31%22%5BDate+-+Publication%5D%29&retmode=json&retmax=0,Broken,HTTP 429,,
[no retained anchor label],https://eutils.ncbi.nlm.nih.gov/entrez/eutils/esearch.fcgi?db=pubmed&term=%28%22PerkinElmer+QSight%22+OR+%22PerkinElmer+LC%22+OR+%22PerkinElmer+chromatography%22%29+AND+%28%222026%2F06%2F02%22%5BDate+-+Publication%5D+%3A+%222026%2F08%2F01%22%5BDate+-+Publication%5D%29&retmode=json&retmax=0,429,https://eutils.ncbi.nlm.nih.gov/entrez/eutils/esearch.fcgi?db=pubmed&term=%28%22PerkinElmer+QSight%22+OR+%22PerkinElmer+LC%22+OR+%22PerkinElmer+chromatography%22%29+AND+%28%222026%2F06%2F02%22%5BDate+-+Publication%5D+%3A+%222026%2F08%2F01%22%5BDate+-+Publication%5D%29&retmode=json&retmax=0,Broken,strict access failure,,
[no retained anchor label],https://eutils.ncbi.nlm.nih.gov/entrez/eutils/esearch.fcgi?db=pubmed&term=%28%22PerkinElmer+QSight%22+OR+%22PerkinElmer+LC%22+OR+%22PerkinElmer+chromatography%22%29+AND+%28%222026%2F06%2F30%22%5BDate+-+Publication%5D+%3A+%222026%2F07%2F30%22%5BDate+-+Publication%5D%29&retmode=json&retmax=0,429,https://eutils.ncbi.nlm.nih.gov/entrez/eutils/esearch.fcgi?db=pubmed&term=%28%22PerkinElmer+QSight%22+OR+%22PerkinElmer+LC%22+OR+%22PerkinElmer+chromatography%22%29+AND+%28%222026%2F06%2F30%22%5BDate+-+Publication%5D+%3A+%222026%2F07%2F30%22%5BDate+-+Publication%5D%29&retmode=json&retmax=0,Broken,strict access failure,,
[no retained anchor label],https://eutils.ncbi.nlm.nih.gov/entrez/eutils/esearch.fcgi?db=pubmed&term=%28%22PerkinElmer+QSight%22+OR+%22PerkinElmer+LC%22+OR+%22PerkinElmer+chromatography%22%29+AND+%28%222026%2F07%2F01%22%5BDate+-+Publication%5D+%3A+%222026%2F07%2F31%22%5BDate+-+Publication%5D%29&retmode=json&retmax=0,429,https://eutils.ncbi.nlm.nih.gov/entrez/eutils/esearch.fcgi?db=pubmed&term=%28%22PerkinElmer+QSight%22+OR+%22PerkinElmer+LC%22+OR+%22PerkinElmer+chromatography%22%29+AND+%28%222026%2F07%2F01%22%5BDate+-+Publication%5D+%3A+%222026%2F07%2F31%22%5BDate+-+Publication%5D%29&retmode=json&retmax=0,Broken,strict access failure,,
[no retained anchor label],https://eutils.ncbi.nlm.nih.gov/entrez/eutils/esearch.fcgi?db=pubmed&term=%28%22PerkinElmer+QSight%22+OR+%22PerkinElmer+LC%22+OR+%22PerkinElmer+chromatography%22%29+AND+%28%222026%2F07%2F02%22%5BDate+-+Publication%5D+%3A+%222026%2F08%2F01%22%5BDate+-+Publication%5D%29&retmode=json&retmax=0,429,https://eutils.ncbi.nlm.nih.gov/entrez/eutils/esearch.fcgi?db=pubmed&term=%28%22PerkinElmer+QSight%22+OR+%22PerkinElmer+LC%22+OR+%22PerkinElmer+chromatography%22%29+AND+%28%222026%2F07%2F02%22%5BDate+-+Publication%5D+%3A+%222026%2F08%2F01%22%5BDate+-+Publication%5D%29&retmode=json&retmax=0,Broken,strict access failure,,
[no retained anchor label],https://eutils.ncbi.nlm.nih.gov/entrez/eutils/esearch.fcgi?db=pubmed&term=%28%22SCIEX%22+OR+%22ZenoTOF%22+OR+%22TripleTOF%22+OR+%22QTRAP%22+OR+%22Echo+MS%22%29+AND+%28%222021%2F07%2F31%22%5BDate+-+Publication%5D+%3A+%222026%2F07%2F30%22%5BDate+-+Publication%5D%29&retmode=json&retmax=0,429,https://eutils.ncbi.nlm.nih.gov/entrez/eutils/esearch.fcgi?db=pubmed&term=%28%22SCIEX%22+OR+%22ZenoTOF%22+OR+%22TripleTOF%22+OR+%22QTRAP%22+OR+%22Echo+MS%22%29+AND+%28%222021%2F07%2F31%22%5BDate+-+Publication%5D+%3A+%222026%2F07%2F30%22%5BDate+-+Publication%5D%29&retmode=json&retmax=0,Broken,strict access failure,,
[no retained anchor label],https://eutils.ncbi.nlm.nih.gov/entrez/eutils/esearch.fcgi?db=pubmed&term=%28%22SCIEX%22+OR+%22ZenoTOF%22+OR+%22TripleTOF%22+OR+%22QTRAP%22+OR+%22Echo+MS%22%29+AND+%28%222021%2F08%2F01%22%5BDate+-+Publication%5D+%3A+%222026%2F07%2F31%22%5BDate+-+Publication%5D%29&retmode=json&retmax=0,429,https://eutils.ncbi.nlm.nih.gov/entrez/eutils/esearch.fcgi?db=pubmed&term=%28%22SCIEX%22+OR+%22ZenoTOF%22+OR+%22TripleTOF%22+OR+%22QTRAP%22+OR+%22Echo+MS%22%29+AND+%28%222021%2F08%2F01%22%5BDate+-+Publication%5D+%3A+%222026%2F07%2F31%22%5BDate+-+Publication%5D%29&retmode=json&retmax=0,Broken,strict access failure,,
[no retained anchor label],https://eutils.ncbi.nlm.nih.gov/entrez/eutils/esearch.fcgi?db=pubmed&term=%28%22SCIEX%22+OR+%22ZenoTOF%22+OR+%22TripleTOF%22+OR+%22QTRAP%22+OR+%22Echo+MS%22%29+AND+%28%222021%2F08%2F02%22%5BDate+-+Publication%5D+%3A+%222026%2F08%2F01%22%5BDate+-+Publication%5D%29&retmode=json&retmax=0,429,https://eutils.ncbi.nlm.nih.gov/entrez/eutils/esearch.fcgi?db=pubmed&term=%28%22SCIEX%22+OR+%22ZenoTOF%22+OR+%22TripleTOF%22+OR+%22QTRAP%22+OR+%22Echo+MS%22%29+AND+%28%222021%2F08%2F02%22%5BDate+-+Publication%5D+%3A+%222026%2F08%2F01%22%5BDate+-+Publication%5D%29&retmode=json&retmax=0,Broken,strict access failure,,
[no retained anchor label],https://eutils.ncbi.nlm.nih.gov/entrez/eutils/esearch.fcgi?db=pubmed&term=%28%22SCIEX%22+OR+%22ZenoTOF%22+OR+%22TripleTOF%22+OR+%22QTRAP%22+OR+%22Echo+MS%22%29+AND+%28%222023%2F07%2F31%22%5BDate+-+Publication%5D+%3A+%222026%2F07%2F30%22%5BDate+-+Publication%5D%29&retmode=json&retmax=0,429,https://eutils.ncbi.nlm.nih.gov/entrez/eutils/esearch.fcgi?db=pubmed&term=%28%22SCIEX%22+OR+%22ZenoTOF%22+OR+%22TripleTOF%22+OR+%22QTRAP%22+OR+%22Echo+MS%22%29+AND+%28%222023%2F07%2F31%22%5BDate+-+Publication%5D+%3A+%222026%2F07%2F30%22%5BDate+-+Publication%5D%29&retmode=json&retmax=0,Broken,strict access failure,,
[no retained anchor label],https://eutils.ncbi.nlm.nih.gov/entrez/eutils/esearch.fcgi?db=pubmed&term=%28%22SCIEX%22+OR+%22ZenoTOF%22+OR+%22TripleTOF%22+OR+%22QTRAP%22+OR+%22Echo+MS%22%29+AND+%28%222023%2F08%2F01%22%5BDate+-+Publication%5D+%3A+%222026%2F07%2F31%22%5BDate+-+Publication%5D%29&retmode=json&retmax=0,429,https://eutils.ncbi.nlm.nih.gov/entrez/eutils/esearch.fcgi?db=pubmed&term=%28%22SCIEX%22+OR+%22ZenoTOF%22+OR+%22TripleTOF%22+OR+%22QTRAP%22+OR+%22Echo+MS%22%29+AND+%28%222023%2F08%2F01%22%5BDate+-+Publication%5D+%3A+%222026%2F07%2F31%22%5BDate+-+Publication%5D%29&retmode=json&retmax=0,Broken,strict access failure,,
[no retained anchor label],https://eutils.ncbi.nlm.nih.gov/entrez/eutils/esearch.fcgi?db=pubmed&term=%28%22SCIEX%22+OR+%22ZenoTOF%22+OR+%22TripleTOF%22+OR+%22QTRAP%22+OR+%22Echo+MS%22%29+AND+%28%222023%2F08%2F02%22%5BDate+-+Publication%5D+%3A+%222026%2F08%2F01%22%5BDate+-+Publication%5D%29&retmode=json&retmax=0,429,https://eutils.ncbi.nlm.nih.gov/entrez/eutils/esearch.fcgi?db=pubmed&term=%28%22SCIEX%22+OR+%22ZenoTOF%22+OR+%22TripleTOF%22+OR+%22QTRAP%22+OR+%22Echo+MS%22%29+AND+%28%222023%2F08%2F02%22%5BDate+-+Publication%5D+%3A+%222026%2F08%2F01%22%5BDate+-+Publication%5D%29&retmode=json&retmax=0,Broken,strict access failure,,
[no retained anchor label],https://eutils.ncbi.nlm.nih.gov/entrez/eutils/esearch.fcgi?db=pubmed&term=%28%22SCIEX%22+OR+%22ZenoTOF%22+OR+%22TripleTOF%22+OR+%22QTRAP%22+OR+%22Echo+MS%22%29+AND+%28%222025%2F07%2F30%22%5BDate+-+Publication%5D+%3A+%222026%2F07%2F30%22%5BDate+-+Publication%5D%29&retmode=json&retmax=0,429,https://eutils.ncbi.nlm.nih.gov/entrez/eutils/esearch.fcgi?db=pubmed&term=%28%22SCIEX%22+OR+%22ZenoTOF%22+OR+%22TripleTOF%22+OR+%22QTRAP%22+OR+%22Echo+MS%22%29+AND+%28%222025%2F07%2F30%22%5BDate+-+Publication%5D+%3A+%222026%2F07%2F30%22%5BDate+-+Publication%5D%29&retmode=json&retmax=0,Broken,strict access failure,,
[no retained anchor label],https://eutils.ncbi.nlm.nih.gov/entrez/eutils/esearch.fcgi?db=pubmed&term=%28%22SCIEX%22+OR+%22ZenoTOF%22+OR+%22TripleTOF%22+OR+%22QTRAP%22+OR+%22Echo+MS%22%29+AND+%28%222025%2F07%2F31%22%5BDate+-+Publication%5D+%3A+%222026%2F07%2F31%22%5BDate+-+Publication%5D%29&retmode=json&retmax=0,429,https://eutils.ncbi.nlm.nih.gov/entrez/eutils/esearch.fcgi?db=pubmed&term=%28%22SCIEX%22+OR+%22ZenoTOF%22+OR+%22TripleTOF%22+OR+%22QTRAP%22+OR+%22Echo+MS%22%29+AND+%28%222025%2F07%2F31%22%5BDate+-+Publication%5D+%3A+%222026%2F07%2F31%22%5BDate+-+Publication%5D%29&retmode=json&retmax=0,Broken,strict access failure,,
[no retained anchor label],https://eutils.ncbi.nlm.nih.gov/entrez/eutils/esearch.fcgi?db=pubmed&term=%28%22SCIEX%22+OR+%22ZenoTOF%22+OR+%22TripleTOF%22+OR+%22QTRAP%22+OR+%22Echo+MS%22%29+AND+%28%222025%2F08%2F01%22%5BDate+-+Publication%5D+%3A+%222026%2F08%2F01%22%5BDate+-+Publication%5D%29&retmode=json&retmax=0,429,https://eutils.ncbi.nlm.nih.gov/entrez/eutils/esearch.fcgi?db=pubmed&term=%28%22SCIEX%22+OR+%22ZenoTOF%22+OR+%22TripleTOF%22+OR+%22QTRAP%22+OR+%22Echo+MS%22%29+AND+%28%222025%2F08%2F01%22%5BDate+-+Publication%5D+%3A+%222026%2F08%2F01%22%5BDate+-+Publication%5D%29&retmode=json&retmax=0,Broken,strict access failure,,
[no retained anchor label],https://eutils.ncbi.nlm.nih.gov/entrez/eutils/esearch.fcgi?db=pubmed&term=%28%22SCIEX%22+OR+%22ZenoTOF%22+OR+%22TripleTOF%22+OR+%22QTRAP%22+OR+%22Echo+MS%22%29+AND+%28%222026%2F05%2F01%22%5BDate+-+Publication%5D+%3A+%222026%2F07%2F30%22%5BDate+-+Publication%5D%29&retmode=json&retmax=0,429,https://eutils.ncbi.nlm.nih.gov/entrez/eutils/esearch.fcgi?db=pubmed&term=%28%22SCIEX%22+OR+%22ZenoTOF%22+OR+%22TripleTOF%22+OR+%22QTRAP%22+OR+%22Echo+MS%22%29+AND+%28%222026%2F05%2F01%22%5BDate+-+Publication%5D+%3A+%222026%2F07%2F30%22%5BDate+-+Publication%5D%29&retmode=json&retmax=0,Broken,strict access failure,,
[no retained anchor label],https://eutils.ncbi.nlm.nih.gov/entrez/eutils/esearch.fcgi?db=pubmed&term=%28%22SCIEX%22+OR+%22ZenoTOF%22+OR+%22TripleTOF%22+OR+%22QTRAP%22+OR+%22Echo+MS%22%29+AND+%28%222026%2F05%2F02%22%5BDate+-+Publication%5D+%3A+%222026%2F07%2F31%22%5BDate+-+Publication%5D%29&retmode=json&retmax=0,429,https://eutils.ncbi.nlm.nih.gov/entrez/eutils/esearch.fcgi?db=pubmed&term=%28%22SCIEX%22+OR+%22ZenoTOF%22+OR+%22TripleTOF%22+OR+%22QTRAP%22+OR+%22Echo+MS%22%29+AND+%28%222026%2F05%2F02%22%5BDate+-+Publication%5D+%3A+%222026%2F07%2F31%22%5BDate+-+Publication%5D%29&retmode=json&retmax=0,Broken,strict access failure,,
[no retained anchor label],https://eutils.ncbi.nlm.nih.gov/entrez/eutils/esearch.fcgi?db=pubmed&term=%28%22SCIEX%22+OR+%22ZenoTOF%22+OR+%22TripleTOF%22+OR+%22QTRAP%22+OR+%22Echo+MS%22%29+AND+%28%222026%2F05%2F03%22%5BDate+-+Publication%5D+%3A+%222026%2F08%2F01%22%5BDate+-+Publication%5D%29&retmode=json&retmax=0,429,https://eutils.ncbi.nlm.nih.gov/entrez/eutils/esearch.fcgi?db=pubmed&term=%28%22SCIEX%22+OR+%22ZenoTOF%22+OR+%22TripleTOF%22+OR+%22QTRAP%22+OR+%22Echo+MS%22%29+AND+%28%222026%2F05%2F03%22%5BDate+-+Publication%5D+%3A+%222026%2F08%2F01%22%5BDate+-+Publication%5D%29&retmode=json&retmax=0,Broken,strict access failure,,
[no retained anchor label],https://eutils.ncbi.nlm.nih.gov/entrez/eutils/esearch.fcgi?db=pubmed&term=%28%22SCIEX%22+OR+%22ZenoTOF%22+OR+%22TripleTOF%22+OR+%22QTRAP%22+OR+%22Echo+MS%22%29+AND+%28%222026%2F05%2F31%22%5BDate+-+Publication%5D+%3A+%222026%2F07%2F30%22%5BDate+-+Publication%5D%29&retmode=json&retmax=0,429,https://eutils.ncbi.nlm.nih.gov/entrez/eutils/esearch.fcgi?db=pubmed&term=%28%22SCIEX%22+OR+%22ZenoTOF%22+OR+%22TripleTOF%22+OR+%22QTRAP%22+OR+%22Echo+MS%22%29+AND+%28%222026%2F05%2F31%22%5BDate+-+Publication%5D+%3A+%222026%2F07%2F30%22%5BDate+-+Publication%5D%29&retmode=json&retmax=0,Broken,strict access failure,,
[no retained anchor label],https://eutils.ncbi.nlm.nih.gov/entrez/eutils/esearch.fcgi?db=pubmed&term=%28%22SCIEX%22+OR+%22ZenoTOF%22+OR+%22TripleTOF%22+OR+%22QTRAP%22+OR+%22Echo+MS%22%29+AND+%28%222026%2F06%2F01%22%5BDate+-+Publication%5D+%3A+%222026%2F07%2F31%22%5BDate+-+Publication%5D%29&retmode=json&retmax=0,429,https://eutils.ncbi.nlm.nih.gov/entrez/eutils/esearch.fcgi?db=pubmed&term=%28%22SCIEX%22+OR+%22ZenoTOF%22+OR+%22TripleTOF%22+OR+%22QTRAP%22+OR+%22Echo+MS%22%29+AND+%28%222026%2F06%2F01%22%5BDate+-+Publication%5D+%3A+%222026%2F07%2F31%22%5BDate+-+Publication%5D%29&retmode=json&retmax=0,Broken,strict access failure,,
[no retained anchor label],https://eutils.ncbi.nlm.nih.gov/entrez/eutils/esearch.fcgi?db=pubmed&term=%28%22SCIEX%22+OR+%22ZenoTOF%22+OR+%22TripleTOF%22+OR+%22QTRAP%22+OR+%22Echo+MS%22%29+AND+%28%222026%2F06%2F02%22%5BDate+-+Publication%5D+%3A+%222026%2F08%2F01%22%5BDate+-+Publication%5D%29&retmode=json&retmax=0,429,https://eutils.ncbi.nlm.nih.gov/entrez/eutils/esearch.fcgi?db=pubmed&term=%28%22SCIEX%22+OR+%22ZenoTOF%22+OR+%22TripleTOF%22+OR+%22QTRAP%22+OR+%22Echo+MS%22%29+AND+%28%222026%2F06%2F02%22%5BDate+-+Publication%5D+%3A+%222026%2F08%2F01%22%5BDate+-+Publication%5D%29&retmode=json&retmax=0,Broken,strict access failure,,
[no retained anchor label],https://eutils.ncbi.nlm.nih.gov/entrez/eutils/esearch.fcgi?db=pubmed&term=%28%22SCIEX%22+OR+%22ZenoTOF%22+OR+%22TripleTOF%22+OR+%22QTRAP%22+OR+%22Echo+MS%22%29+AND+%28%222026%2F06%2F30%22%5BDate+-+Publication%5D+%3A+%222026%2F07%2F30%22%5BDate+-+Publication%5D%29&retmode=json&retmax=0,429,https://eutils.ncbi.nlm.nih.gov/entrez/eutils/esearch.fcgi?db=pubmed&term=%28%22SCIEX%22+OR+%22ZenoTOF%22+OR+%22TripleTOF%22+OR+%22QTRAP%22+OR+%22Echo+MS%22%29+AND+%28%222026%2F06%2F30%22%5BDate+-+Publication%5D+%3A+%222026%2F07%2F30%22%5BDate+-+Publication%5D%29&retmode=json&retmax=0,Broken,strict access failure,,
[no retained anchor label],https://eutils.ncbi.nlm.nih.gov/entrez/eutils/esearch.fcgi?db=pubmed&term=%28%22SCIEX%22+OR+%22ZenoTOF%22+OR+%22TripleTOF%22+OR+%22QTRAP%22+OR+%22Echo+MS%22%29+AND+%28%222026%2F07%2F01%22%5BDate+-+Publication%5D+%3A+%222026%2F07%2F31%22%5BDate+-+Publication%5D%29&retmode=json&retmax=0,429,https://eutils.ncbi.nlm.nih.gov/entrez/eutils/esearch.fcgi?db=pubmed&term=%28%22SCIEX%22+OR+%22ZenoTOF%22+OR+%22TripleTOF%22+OR+%22QTRAP%22+OR+%22Echo+MS%22%29+AND+%28%222026%2F07%2F01%22%5BDate+-+Publication%5D+%3A+%222026%2F07%2F31%22%5BDate+-+Publication%5D%29&retmode=json&retmax=0,Broken,strict access failure,,
[no retained anchor label],https://eutils.ncbi.nlm.nih.gov/entrez/eutils/esearch.fcgi?db=pubmed&term=%28%22SCIEX%22+OR+%22ZenoTOF%22+OR+%22TripleTOF%22+OR+%22QTRAP%22+OR+%22Echo+MS%22%29+AND+%28%222026%2F07%2F02%22%5BDate+-+Publication%5D+%3A+%222026%2F08%2F01%22%5BDate+-+Publication%5D%29&retmode=json&retmax=0,429,https://eutils.ncbi.nlm.nih.gov/entrez/eutils/esearch.fcgi?db=pubmed&term=%28%22SCIEX%22+OR+%22ZenoTOF%22+OR+%22TripleTOF%22+OR+%22QTRAP%22+OR+%22Echo+MS%22%29+AND+%28%222026%2F07%2F02%22%5BDate+-+Publication%5D+%3A+%222026%2F08%2F01%22%5BDate+-+Publication%5D%29&retmode=json&retmax=0,Broken,strict access failure,,
[no retained anchor label],https://eutils.ncbi.nlm.nih.gov/entrez/eutils/esearch.fcgi?db=pubmed&term=%28%22Shimadzu+LCMS%22+OR+%22Shimadzu+Nexera%22+OR+%22LCMS-8060%22+OR+%22LCMS-9030%22+OR+%22LCMS-9050%22%29+AND+%28%222021%2F07%2F31%22%5BDate+-+Publication%5D+%3A+%222026%2F07%2F30%22%5BDate+-+Publication%5D%29&retmode=json&retmax=0,429,https://eutils.ncbi.nlm.nih.gov/entrez/eutils/esearch.fcgi?db=pubmed&term=%28%22Shimadzu+LCMS%22+OR+%22Shimadzu+Nexera%22+OR+%22LCMS-8060%22+OR+%22LCMS-9030%22+OR+%22LCMS-9050%22%29+AND+%28%222021%2F07%2F31%22%5BDate+-+Publication%5D+%3A+%222026%2F07%2F30%22%5BDate+-+Publication%5D%29&retmode=json&retmax=0,Broken,strict access failure,,
[no retained anchor label],https://eutils.ncbi.nlm.nih.gov/entrez/eutils/esearch.fcgi?db=pubmed&term=%28%22Shimadzu+LCMS%22+OR+%22Shimadzu+Nexera%22+OR+%22LCMS-8060%22+OR+%22LCMS-9030%22+OR+%22LCMS-9050%22%29+AND+%28%222021%2F08%2F01%22%5BDate+-+Publication%5D+%3A+%222026%2F07%2F31%22%5BDate+-+Publication%5D%29&retmode=json&retmax=0,429,https://eutils.ncbi.nlm.nih.gov/entrez/eutils/esearch.fcgi?db=pubmed&term=%28%22Shimadzu+LCMS%22+OR+%22Shimadzu+Nexera%22+OR+%22LCMS-8060%22+OR+%22LCMS-9030%22+OR+%22LCMS-9050%22%29+AND+%28%222021%2F08%2F01%22%5BDate+-+Publication%5D+%3A+%222026%2F07%2F31%22%5BDate+-+Publication%5D%29&retmode=json&retmax=0,Broken,strict access failure,,
[no retained anchor label],https://eutils.ncbi.nlm.nih.gov/entrez/eutils/esearch.fcgi?db=pubmed&term=%28%22Shimadzu+LCMS%22+OR+%22Shimadzu+Nexera%22+OR+%22LCMS-8060%22+OR+%22LCMS-9030%22+OR+%22LCMS-9050%22%29+AND+%28%222021%2F08%2F02%22%5BDate+-+Publication%5D+%3A+%222026%2F08%2F01%22%5BDate+-+Publication%5D%29&retmode=json&retmax=0,429,https://eutils.ncbi.nlm.nih.gov/entrez/eutils/esearch.fcgi?db=pubmed&term=%28%22Shimadzu+LCMS%22+OR+%22Shimadzu+Nexera%22+OR+%22LCMS-8060%22+OR+%22LCMS-9030%22+OR+%22LCMS-9050%22%29+AND+%28%222021%2F08%2F02%22%5BDate+-+Publication%5D+%3A+%222026%2F08%2F01%22%5BDate+-+Publication%5D%29&retmode=json&retmax=0,Broken,strict access failure,,
[no retained anchor label],https://eutils.ncbi.nlm.nih.gov/entrez/eutils/esearch.fcgi?db=pubmed&term=%28%22Shimadzu+LCMS%22+OR+%22Shimadzu+Nexera%22+OR+%22LCMS-8060%22+OR+%22LCMS-9030%22+OR+%22LCMS-9050%22%29+AND+%28%222023%2F07%2F31%22%5BDate+-+Publication%5D+%3A+%222026%2F07%2F30%22%5BDate+-+Publication%5D%29&retmode=json&retmax=0,429,https://eutils.ncbi.nlm.nih.gov/entrez/eutils/esearch.fcgi?db=pubmed&term=%28%22Shimadzu+LCMS%22+OR+%22Shimadzu+Nexera%22+OR+%22LCMS-8060%22+OR+%22LCMS-9030%22+OR+%22LCMS-9050%22%29+AND+%28%222023%2F07%2F31%22%5BDate+-+Publication%5D+%3A+%222026%2F07%2F30%22%5BDate+-+Publication%5D%29&retmode=json&retmax=0,Broken,strict access failure,,
[no retained anchor label],https://eutils.ncbi.nlm.nih.gov/entrez/eutils/esearch.fcgi?db=pubmed&term=%28%22Shimadzu+LCMS%22+OR+%22Shimadzu+Nexera%22+OR+%22LCMS-8060%22+OR+%22LCMS-9030%22+OR+%22LCMS-9050%22%29+AND+%28%222023%2F08%2F01%22%5BDate+-+Publication%5D+%3A+%222026%2F07%2F31%22%5BDate+-+Publication%5D%29&retmode=json&retmax=0,429,https://eutils.ncbi.nlm.nih.gov/entrez/eutils/esearch.fcgi?db=pubmed&term=%28%22Shimadzu+LCMS%22+OR+%22Shimadzu+Nexera%22+OR+%22LCMS-8060%22+OR+%22LCMS-9030%22+OR+%22LCMS-9050%22%29+AND+%28%222023%2F08%2F01%22%5BDate+-+Publication%5D+%3A+%222026%2F07%2F31%22%5BDate+-+Publication%5D%29&retmode=json&retmax=0,Broken,strict access failure,,
[no retained anchor label],https://eutils.ncbi.nlm.nih.gov/entrez/eutils/esearch.fcgi?db=pubmed&term=%28%22Shimadzu+LCMS%22+OR+%22Shimadzu+Nexera%22+OR+%22LCMS-8060%22+OR+%22LCMS-9030%22+OR+%22LCMS-9050%22%29+AND+%28%222023%2F08%2F02%22%5BDate+-+Publication%5D+%3A+%222026%2F08%2F01%22%5BDate+-+Publication%5D%29&retmode=json&retmax=0,429,https://eutils.ncbi.nlm.nih.gov/entrez/eutils/esearch.fcgi?db=pubmed&term=%28%22Shimadzu+LCMS%22+OR+%22Shimadzu+Nexera%22+OR+%22LCMS-8060%22+OR+%22LCMS-9030%22+OR+%22LCMS-9050%22%29+AND+%28%222023%2F08%2F02%22%5BDate+-+Publication%5D+%3A+%222026%2F08%2F01%22%5BDate+-+Publication%5D%29&retmode=json&retmax=0,Broken,strict access failure,,
[no retained anchor label],https://eutils.ncbi.nlm.nih.gov/entrez/eutils/esearch.fcgi?db=pubmed&term=%28%22Shimadzu+LCMS%22+OR+%22Shimadzu+Nexera%22+OR+%22LCMS-8060%22+OR+%22LCMS-9030%22+OR+%22LCMS-9050%22%29+AND+%28%222025%2F07%2F30%22%5BDate+-+Publication%5D+%3A+%222026%2F07%2F30%22%5BDate+-+Publication%5D%29&retmode=json&retmax=0,429,https://eutils.ncbi.nlm.nih.gov/entrez/eutils/esearch.fcgi?db=pubmed&term=%28%22Shimadzu+LCMS%22+OR+%22Shimadzu+Nexera%22+OR+%22LCMS-8060%22+OR+%22LCMS-9030%22+OR+%22LCMS-9050%22%29+AND+%28%222025%2F07%2F30%22%5BDate+-+Publication%5D+%3A+%222026%2F07%2F30%22%5BDate+-+Publication%5D%29&retmode=json&retmax=0,Broken,strict access failure,,
[no retained anchor label],https://eutils.ncbi.nlm.nih.gov/entrez/eutils/esearch.fcgi?db=pubmed&term=%28%22Shimadzu+LCMS%22+OR+%22Shimadzu+Nexera%22+OR+%22LCMS-8060%22+OR+%22LCMS-9030%22+OR+%22LCMS-9050%22%29+AND+%28%222025%2F07%2F31%22%5BDate+-+Publication%5D+%3A+%222026%2F07%2F31%22%5BDate+-+Publication%5D%29&retmode=json&retmax=0,429,https://eutils.ncbi.nlm.nih.gov/entrez/eutils/esearch.fcgi?db=pubmed&term=%28%22Shimadzu+LCMS%22+OR+%22Shimadzu+Nexera%22+OR+%22LCMS-8060%22+OR+%22LCMS-9030%22+OR+%22LCMS-9050%22%29+AND+%28%222025%2F07%2F31%22%5BDate+-+Publication%5D+%3A+%222026%2F07%2F31%22%5BDate+-+Publication%5D%29&retmode=json&retmax=0,Broken,strict access failure,,
[no retained anchor label],https://eutils.ncbi.nlm.nih.gov/entrez/eutils/esearch.fcgi?db=pubmed&term=%28%22Shimadzu+LCMS%22+OR+%22Shimadzu+Nexera%22+OR+%22LCMS-8060%22+OR+%22LCMS-9030%22+OR+%22LCMS-9050%22%29+AND+%28%222025%2F08%2F01%22%5BDate+-+Publication%5D+%3A+%222026%2F08%2F01%22%5BDate+-+Publication%5D%29&retmode=json&retmax=0,429,https://eutils.ncbi.nlm.nih.gov/entrez/eutils/esearch.fcgi?db=pubmed&term=%28%22Shimadzu+LCMS%22+OR+%22Shimadzu+Nexera%22+OR+%22LCMS-8060%22+OR+%22LCMS-9030%22+OR+%22LCMS-9050%22%29+AND+%28%222025%2F08%2F01%22%5BDate+-+Publication%5D+%3A+%222026%2F08%2F01%22%5BDate+-+Publication%5D%29&retmode=json&retmax=0,Broken,strict access failure,,
[no retained anchor label],https://eutils.ncbi.nlm.nih.gov/entrez/eutils/esearch.fcgi?db=pubmed&term=%28%22Shimadzu+LCMS%22+OR+%22Shimadzu+Nexera%22+OR+%22LCMS-8060%22+OR+%22LCMS-9030%22+OR+%22LCMS-9050%22%29+AND+%28%222026%2F05%2F01%22%5BDate+-+Publication%5D+%3A+%222026%2F07%2F30%22%5BDate+-+Publication%5D%29&retmode=json&retmax=0,429,https://eutils.ncbi.nlm.nih.gov/entrez/eutils/esearch.fcgi?db=pubmed&term=%28%22Shimadzu+LCMS%22+OR+%22Shimadzu+Nexera%22+OR+%22LCMS-8060%22+OR+%22LCMS-9030%22+OR+%22LCMS-9050%22%29+AND+%28%222026%2F05%2F01%22%5BDate+-+Publication%5D+%3A+%222026%2F07%2F30%22%5BDate+-+Publication%5D%29&retmode=json&retmax=0,Broken,strict access failure,,
[no retained anchor label],https://eutils.ncbi.nlm.nih.gov/entrez/eutils/esearch.fcgi?db=pubmed&term=%28%22Shimadzu+LCMS%22+OR+%22Shimadzu+Nexera%22+OR+%22LCMS-8060%22+OR+%22LCMS-9030%22+OR+%22LCMS-9050%22%29+AND+%28%222026%2F05%2F02%22%5BDate+-+Publication%5D+%3A+%222026%2F07%2F31%22%5BDate+-+Publication%5D%29&retmode=json&retmax=0,429,https://eutils.ncbi.nlm.nih.gov/entrez/eutils/esearch.fcgi?db=pubmed&term=%28%22Shimadzu+LCMS%22+OR+%22Shimadzu+Nexera%22+OR+%22LCMS-8060%22+OR+%22LCMS-9030%22+OR+%22LCMS-9050%22%29+AND+%28%222026%2F05%2F02%22%5BDate+-+Publication%5D+%3A+%222026%2F07%2F31%22%5BDate+-+Publication%5D%29&retmode=json&retmax=0,Broken,strict access failure,,
[no retained anchor label],https://eutils.ncbi.nlm.nih.gov/entrez/eutils/esearch.fcgi?db=pubmed&term=%28%22Shimadzu+LCMS%22+OR+%22Shimadzu+Nexera%22+OR+%22LCMS-8060%22+OR+%22LCMS-9030%22+OR+%22LCMS-9050%22%29+AND+%28%222026%2F05%2F03%22%5BDate+-+Publication%5D+%3A+%222026%2F08%2F01%22%5BDate+-+Publication%5D%29&retmode=json&retmax=0,429,https://eutils.ncbi.nlm.nih.gov/entrez/eutils/esearch.fcgi?db=pubmed&term=%28%22Shimadzu+LCMS%22+OR+%22Shimadzu+Nexera%22+OR+%22LCMS-8060%22+OR+%22LCMS-9030%22+OR+%22LCMS-9050%22%29+AND+%28%222026%2F05%2F03%22%5BDate+-+Publication%5D+%3A+%222026%2F08%2F01%22%5BDate+-+Publication%5D%29&retmode=json&retmax=0,Broken,strict access failure,,
[no retained anchor label],https://eutils.ncbi.nlm.nih.gov/entrez/eutils/esearch.fcgi?db=pubmed&term=%28%22Shimadzu+LCMS%22+OR+%22Shimadzu+Nexera%22+OR+%22LCMS-8060%22+OR+%22LCMS-9030%22+OR+%22LCMS-9050%22%29+AND+%28%222026%2F05%2F31%22%5BDate+-+Publication%5D+%3A+%222026%2F07%2F30%22%5BDate+-+Publication%5D%29&retmode=json&retmax=0,429,https://eutils.ncbi.nlm.nih.gov/entrez/eutils/esearch.fcgi?db=pubmed&term=%28%22Shimadzu+LCMS%22+OR+%22Shimadzu+Nexera%22+OR+%22LCMS-8060%22+OR+%22LCMS-9030%22+OR+%22LCMS-9050%22%29+AND+%28%222026%2F05%2F31%22%5BDate+-+Publication%5D+%3A+%222026%2F07%2F30%22%5BDate+-+Publication%5D%29&retmode=json&retmax=0,Broken,strict access failure,,
[no retained anchor label],https://eutils.ncbi.nlm.nih.gov/entrez/eutils/esearch.fcgi?db=pubmed&term=%28%22Shimadzu+LCMS%22+OR+%22Shimadzu+Nexera%22+OR+%22LCMS-8060%22+OR+%22LCMS-9030%22+OR+%22LCMS-9050%22%29+AND+%28%222026%2F06%2F01%22%5BDate+-+Publication%5D+%3A+%222026%2F07%2F31%22%5BDate+-+Publication%5D%29&retmode=json&retmax=0,429,https://eutils.ncbi.nlm.nih.gov/entrez/eutils/esearch.fcgi?db=pubmed&term=%28%22Shimadzu+LCMS%22+OR+%22Shimadzu+Nexera%22+OR+%22LCMS-8060%22+OR+%22LCMS-9030%22+OR+%22LCMS-9050%22%29+AND+%28%222026%2F06%2F01%22%5BDate+-+Publication%5D+%3A+%222026%2F07%2F31%22%5BDate+-+Publication%5D%29&retmode=json&retmax=0,Broken,strict access failure,,
[no retained anchor label],https://eutils.ncbi.nlm.nih.gov/entrez/eutils/esearch.fcgi?db=pubmed&term=%28%22Shimadzu+LCMS%22+OR+%22Shimadzu+Nexera%22+OR+%22LCMS-8060%22+OR+%22LCMS-9030%22+OR+%22LCMS-9050%22%29+AND+%28%222026%2F06%2F02%22%5BDate+-+Publication%5D+%3A+%222026%2F08%2F01%22%5BDate+-+Publication%5D%29&retmode=json&retmax=0,429,https://eutils.ncbi.nlm.nih.gov/entrez/eutils/esearch.fcgi?db=pubmed&term=%28%22Shimadzu+LCMS%22+OR+%22Shimadzu+Nexera%22+OR+%22LCMS-8060%22+OR+%22LCMS-9030%22+OR+%22LCMS-9050%22%29+AND+%28%222026%2F06%2F02%22%5BDate+-+Publication%5D+%3A+%222026%2F08%2F01%22%5BDate+-+Publication%5D%29&retmode=json&retmax=0,Broken,strict access failure,,
[no retained anchor label],https://eutils.ncbi.nlm.nih.gov/entrez/eutils/esearch.fcgi?db=pubmed&term=%28%22Shimadzu+LCMS%22+OR+%22Shimadzu+Nexera%22+OR+%22LCMS-8060%22+OR+%22LCMS-9030%22+OR+%22LCMS-9050%22%29+AND+%28%222026%2F06%2F30%22%5BDate+-+Publication%5D+%3A+%222026%2F07%2F30%22%5BDate+-+Publication%5D%29&retmode=json&retmax=0,429,https://eutils.ncbi.nlm.nih.gov/entrez/eutils/esearch.fcgi?db=pubmed&term=%28%22Shimadzu+LCMS%22+OR+%22Shimadzu+Nexera%22+OR+%22LCMS-8060%22+OR+%22LCMS-9030%22+OR+%22LCMS-9050%22%29+AND+%28%222026%2F06%2F30%22%5BDate+-+Publication%5D+%3A+%222026%2F07%2F30%22%5BDate+-+Publication%5D%29&retmode=json&retmax=0,Broken,strict access failure,,
[no retained anchor label],https://eutils.ncbi.nlm.nih.gov/entrez/eutils/esearch.fcgi?db=pubmed&term=%28%22Shimadzu+LCMS%22+OR+%22Shimadzu+Nexera%22+OR+%22LCMS-8060%22+OR+%22LCMS-9030%22+OR+%22LCMS-9050%22%29+AND+%28%222026%2F07%2F01%22%5BDate+-+Publication%5D+%3A+%222026%2F07%2F31%22%5BDate+-+Publication%5D%29&retmode=json&retmax=0,429,https://eutils.ncbi.nlm.nih.gov/entrez/eutils/esearch.fcgi?db=pubmed&term=%28%22Shimadzu+LCMS%22+OR+%22Shimadzu+Nexera%22+OR+%22LCMS-8060%22+OR+%22LCMS-9030%22+OR+%22LCMS-9050%22%29+AND+%28%222026%2F07%2F01%22%5BDate+-+Publication%5D+%3A+%222026%2F07%2F31%22%5BDate+-+Publication%5D%29&retmode=json&retmax=0,Broken,strict access failure,,
[no retained anchor label],https://eutils.ncbi.nlm.nih.gov/entrez/eutils/esearch.fcgi?db=pubmed&term=%28%22Shimadzu+LCMS%22+OR+%22Shimadzu+Nexera%22+OR+%22LCMS-8060%22+OR+%22LCMS-9030%22+OR+%22LCMS-9050%22%29+AND+%28%222026%2F07%2F02%22%5BDate+-+Publication%5D+%3A+%222026%2F08%2F01%22%5BDate+-+Publication%5D%29&retmode=json&retmax=0,429,https://eutils.ncbi.nlm.nih.gov/entrez/eutils/esearch.fcgi?db=pubmed&term=%28%22Shimadzu+LCMS%22+OR+%22Shimadzu+Nexera%22+OR+%22LCMS-8060%22+OR+%22LCMS-9030%22+OR+%22LCMS-9050%22%29+AND+%28%222026%2F07%2F02%22%5BDate+-+Publication%5D+%3A+%222026%2F08%2F01%22%5BDate+-+Publication%5D%29&retmode=json&retmax=0,Broken,strict access failure,,
[no retained anchor label],https://eutils.ncbi.nlm.nih.gov/entrez/eutils/esearch.fcgi?db=pubmed&term=%28%28%22laboratory+automation%22+OR+%22workflow+software%22+OR+%22AI%22%29+AND+%28%22LC-MS%22+OR+chromatography+OR+%22mass+spectrometry%22%29%29+AND+%28%222021%2F07%2F31%22%5BDate+-+Publication%5D+%3A+%222026%2F07%2F30%22%5BDate+-+Publication%5D%29&retmode=json&retmax=0,429,https://eutils.ncbi.nlm.nih.gov/entrez/eutils/esearch.fcgi?db=pubmed&term=%28%28%22laboratory+automation%22+OR+%22workflow+software%22+OR+%22AI%22%29+AND+%28%22LC-MS%22+OR+chromatography+OR+%22mass+spectrometry%22%29%29+AND+%28%222021%2F07%2F31%22%5BDate+-+Publication%5D+%3A+%222026%2F07%2F30%22%5BDate+-+Publication%5D%29&retmode=json&retmax=0,Broken,strict access failure,,
[no retained anchor label],https://eutils.ncbi.nlm.nih.gov/entrez/eutils/esearch.fcgi?db=pubmed&term=%28%28%22laboratory+automation%22+OR+%22workflow+software%22+OR+%22AI%22%29+AND+%28%22LC-MS%22+OR+chromatography+OR+%22mass+spectrometry%22%29%29+AND+%28%222021%2F08%2F01%22%5BDate+-+Publication%5D+%3A+%222026%2F07%2F31%22%5BDate+-+Publication%5D%29&retmode=json&retmax=0,429,https://eutils.ncbi.nlm.nih.gov/entrez/eutils/esearch.fcgi?db=pubmed&term=%28%28%22laboratory+automation%22+OR+%22workflow+software%22+OR+%22AI%22%29+AND+%28%22LC-MS%22+OR+chromatography+OR+%22mass+spectrometry%22%29%29+AND+%28%222021%2F08%2F01%22%5BDate+-+Publication%5D+%3A+%222026%2F07%2F31%22%5BDate+-+Publication%5D%29&retmode=json&retmax=0,Broken,strict access failure,,
[no retained anchor label],https://eutils.ncbi.nlm.nih.gov/entrez/eutils/esearch.fcgi?db=pubmed&term=%28%28%22laboratory+automation%22+OR+%22workflow+software%22+OR+%22AI%22%29+AND+%28%22LC-MS%22+OR+chromatography+OR+%22mass+spectrometry%22%29%29+AND+%28%222021%2F08%2F02%22%5BDate+-+Publication%5D+%3A+%222026%2F08%2F01%22%5BDate+-+Publication%5D%29&retmode=json&retmax=0,429,https://eutils.ncbi.nlm.nih.gov/entrez/eutils/esearch.fcgi?db=pubmed&term=%28%28%22laboratory+automation%22+OR+%22workflow+software%22+OR+%22AI%22%29+AND+%28%22LC-MS%22+OR+chromatography+OR+%22mass+spectrometry%22%29%29+AND+%28%222021%2F08%2F02%22%5BDate+-+Publication%5D+%3A+%222026%2F08%2F01%22%5BDate+-+Publication%5D%29&retmode=json&retmax=0,Broken,strict access failure,,
[no retained anchor label],https://eutils.ncbi.nlm.nih.gov/entrez/eutils/esearch.fcgi?db=pubmed&term=%28%28%22laboratory+automation%22+OR+%22workflow+software%22+OR+%22AI%22%29+AND+%28%22LC-MS%22+OR+chromatography+OR+%22mass+spectrometry%22%29%29+AND+%28%222023%2F07%2F31%22%5BDate+-+Publication%5D+%3A+%222026%2F07%2F30%22%5BDate+-+Publication%5D%29&retmode=json&retmax=0,429,https://eutils.ncbi.nlm.nih.gov/entrez/eutils/esearch.fcgi?db=pubmed&term=%28%28%22laboratory+automation%22+OR+%22workflow+software%22+OR+%22AI%22%29+AND+%28%22LC-MS%22+OR+chromatography+OR+%22mass+spectrometry%22%29%29+AND+%28%222023%2F07%2F31%22%5BDate+-+Publication%5D+%3A+%222026%2F07%2F30%22%5BDate+-+Publication%5D%29&retmode=json&retmax=0,Broken,strict access failure,,
[no retained anchor label],https://eutils.ncbi.nlm.nih.gov/entrez/eutils/esearch.fcgi?db=pubmed&term=%28%28%22laboratory+automation%22+OR+%22workflow+software%22+OR+%22AI%22%29+AND+%28%22LC-MS%22+OR+chromatography+OR+%22mass+spectrometry%22%29%29+AND+%28%222023%2F08%2F01%22%5BDate+-+Publication%5D+%3A+%222026%2F07%2F31%22%5BDate+-+Publication%5D%29&retmode=json&retmax=0,429,https://eutils.ncbi.nlm.nih.gov/entrez/eutils/esearch.fcgi?db=pubmed&term=%28%28%22laboratory+automation%22+OR+%22workflow+software%22+OR+%22AI%22%29+AND+%28%22LC-MS%22+OR+chromatography+OR+%22mass+spectrometry%22%29%29+AND+%28%222023%2F08%2F01%22%5BDate+-+Publication%5D+%3A+%222026%2F07%2F31%22%5BDate+-+Publication%5D%29&retmode=json&retmax=0,Broken,strict access failure,,
[no retained anchor label],https://eutils.ncbi.nlm.nih.gov/entrez/eutils/esearch.fcgi?db=pubmed&term=%28%28%22laboratory+automation%22+OR+%22workflow+software%22+OR+%22AI%22%29+AND+%28%22LC-MS%22+OR+chromatography+OR+%22mass+spectrometry%22%29%29+AND+%28%222023%2F08%2F02%22%5BDate+-+Publication%5D+%3A+%222026%2F08%2F01%22%5BDate+-+Publication%5D%29&retmode=json&retmax=0,429,https://eutils.ncbi.nlm.nih.gov/entrez/eutils/esearch.fcgi?db=pubmed&term=%28%28%22laboratory+automation%22+OR+%22workflow+software%22+OR+%22AI%22%29+AND+%28%22LC-MS%22+OR+chromatography+OR+%22mass+spectrometry%22%29%29+AND+%28%222023%2F08%2F02%22%5BDate+-+Publication%5D+%3A+%222026%2F08%2F01%22%5BDate+-+Publication%5D%29&retmode=json&retmax=0,Broken,strict access failure,,
[no retained anchor label],https://eutils.ncbi.nlm.nih.gov/entrez/eutils/esearch.fcgi?db=pubmed&term=%28%28%22laboratory+automation%22+OR+%22workflow+software%22+OR+%22AI%22%29+AND+%28%22LC-MS%22+OR+chromatography+OR+%22mass+spectrometry%22%29%29+AND+%28%222025%2F07%2F30%22%5BDate+-+Publication%5D+%3A+%222026%2F07%2F30%22%5BDate+-+Publication%5D%29&retmode=json&retmax=0,429,https://eutils.ncbi.nlm.nih.gov/entrez/eutils/esearch.fcgi?db=pubmed&term=%28%28%22laboratory+automation%22+OR+%22workflow+software%22+OR+%22AI%22%29+AND+%28%22LC-MS%22+OR+chromatography+OR+%22mass+spectrometry%22%29%29+AND+%28%222025%2F07%2F30%22%5BDate+-+Publication%5D+%3A+%222026%2F07%2F30%22%5BDate+-+Publication%5D%29&retmode=json&retmax=0,Broken,strict access failure,,
[no retained anchor label],https://eutils.ncbi.nlm.nih.gov/entrez/eutils/esearch.fcgi?db=pubmed&term=%28%28%22laboratory+automation%22+OR+%22workflow+software%22+OR+%22AI%22%29+AND+%28%22LC-MS%22+OR+chromatography+OR+%22mass+spectrometry%22%29%29+AND+%28%222025%2F07%2F31%22%5BDate+-+Publication%5D+%3A+%222026%2F07%2F31%22%5BDate+-+Publication%5D%29&retmode=json&retmax=0,429,https://eutils.ncbi.nlm.nih.gov/entrez/eutils/esearch.fcgi?db=pubmed&term=%28%28%22laboratory+automation%22+OR+%22workflow+software%22+OR+%22AI%22%29+AND+%28%22LC-MS%22+OR+chromatography+OR+%22mass+spectrometry%22%29%29+AND+%28%222025%2F07%2F31%22%5BDate+-+Publication%5D+%3A+%222026%2F07%2F31%22%5BDate+-+Publication%5D%29&retmode=json&retmax=0,Broken,strict access failure,,
[no retained anchor label],https://eutils.ncbi.nlm.nih.gov/entrez/eutils/esearch.fcgi?db=pubmed&term=%28%28%22laboratory+automation%22+OR+%22workflow+software%22+OR+%22AI%22%29+AND+%28%22LC-MS%22+OR+chromatography+OR+%22mass+spectrometry%22%29%29+AND+%28%222025%2F08%2F01%22%5BDate+-+Publication%5D+%3A+%222026%2F08%2F01%22%5BDate+-+Publication%5D%29&retmode=json&retmax=0,429,https://eutils.ncbi.nlm.nih.gov/entrez/eutils/esearch.fcgi?db=pubmed&term=%28%28%22laboratory+automation%22+OR+%22workflow+software%22+OR+%22AI%22%29+AND+%28%22LC-MS%22+OR+chromatography+OR+%22mass+spectrometry%22%29%29+AND+%28%222025%2F08%2F01%22%5BDate+-+Publication%5D+%3A+%222026%2F08%2F01%22%5BDate+-+Publication%5D%29&retmode=json&retmax=0,Broken,strict access failure,,
[no retained anchor label],https://eutils.ncbi.nlm.nih.gov/entrez/eutils/esearch.fcgi?db=pubmed&term=%28%28%22laboratory+automation%22+OR+%22workflow+software%22+OR+%22AI%22%29+AND+%28%22LC-MS%22+OR+chromatography+OR+%22mass+spectrometry%22%29%29+AND+%28%222026%2F05%2F01%22%5BDate+-+Publication%5D+%3A+%222026%2F07%2F30%22%5BDate+-+Publication%5D%29&retmode=json&retmax=0,429,https://eutils.ncbi.nlm.nih.gov/entrez/eutils/esearch.fcgi?db=pubmed&term=%28%28%22laboratory+automation%22+OR+%22workflow+software%22+OR+%22AI%22%29+AND+%28%22LC-MS%22+OR+chromatography+OR+%22mass+spectrometry%22%29%29+AND+%28%222026%2F05%2F01%22%5BDate+-+Publication%5D+%3A+%222026%2F07%2F30%22%5BDate+-+Publication%5D%29&retmode=json&retmax=0,Broken,strict access failure,,
[no retained anchor label],https://eutils.ncbi.nlm.nih.gov/entrez/eutils/esearch.fcgi?db=pubmed&term=%28%28%22laboratory+automation%22+OR+%22workflow+software%22+OR+%22AI%22%29+AND+%28%22LC-MS%22+OR+chromatography+OR+%22mass+spectrometry%22%29%29+AND+%28%222026%2F05%2F02%22%5BDate+-+Publication%5D+%3A+%222026%2F07%2F31%22%5BDate+-+Publication%5D%29&retmode=json&retmax=0,429,https://eutils.ncbi.nlm.nih.gov/entrez/eutils/esearch.fcgi?db=pubmed&term=%28%28%22laboratory+automation%22+OR+%22workflow+software%22+OR+%22AI%22%29+AND+%28%22LC-MS%22+OR+chromatography+OR+%22mass+spectrometry%22%29%29+AND+%28%222026%2F05%2F02%22%5BDate+-+Publication%5D+%3A+%222026%2F07%2F31%22%5BDate+-+Publication%5D%29&retmode=json&retmax=0,Broken,strict access failure,,
[no retained anchor label],https://eutils.ncbi.nlm.nih.gov/entrez/eutils/esearch.fcgi?db=pubmed&term=%28%28%22laboratory+automation%22+OR+%22workflow+software%22+OR+%22AI%22%29+AND+%28%22LC-MS%22+OR+chromatography+OR+%22mass+spectrometry%22%29%29+AND+%28%222026%2F05%2F03%22%5BDate+-+Publication%5D+%3A+%222026%2F08%2F01%22%5BDate+-+Publication%5D%29&retmode=json&retmax=0,429,https://eutils.ncbi.nlm.nih.gov/entrez/eutils/esearch.fcgi?db=pubmed&term=%28%28%22laboratory+automation%22+OR+%22workflow+software%22+OR+%22AI%22%29+AND+%28%22LC-MS%22+OR+chromatography+OR+%22mass+spectrometry%22%29%29+AND+%28%222026%2F05%2F03%22%5BDate+-+Publication%5D+%3A+%222026%2F08%2F01%22%5BDate+-+Publication%5D%29&retmode=json&retmax=0,Broken,strict access failure,,
[no retained anchor label],https://eutils.ncbi.nlm.nih.gov/entrez/eutils/esearch.fcgi?db=pubmed&term=%28%28%22laboratory+automation%22+OR+%22workflow+software%22+OR+%22AI%22%29+AND+%28%22LC-MS%22+OR+chromatography+OR+%22mass+spectrometry%22%29%29+AND+%28%222026%2F05%2F31%22%5BDate+-+Publication%5D+%3A+%222026%2F07%2F30%22%5BDate+-+Publication%5D%29&retmode=json&retmax=0,429,https://eutils.ncbi.nlm.nih.gov/entrez/eutils/esearch.fcgi?db=pubmed&term=%28%28%22laboratory+automation%22+OR+%22workflow+software%22+OR+%22AI%22%29+AND+%28%22LC-MS%22+OR+chromatography+OR+%22mass+spectrometry%22%29%29+AND+%28%222026%2F05%2F31%22%5BDate+-+Publication%5D+%3A+%222026%2F07%2F30%22%5BDate+-+Publication%5D%29&retmode=json&retmax=0,Broken,strict access failure,,
[no retained anchor label],https://eutils.ncbi.nlm.nih.gov/entrez/eutils/esearch.fcgi?db=pubmed&term=%28%28%22laboratory+automation%22+OR+%22workflow+software%22+OR+%22AI%22%29+AND+%28%22LC-MS%22+OR+chromatography+OR+%22mass+spectrometry%22%29%29+AND+%28%222026%2F06%2F01%22%5BDate+-+Publication%5D+%3A+%222026%2F07%2F31%22%5BDate+-+Publication%5D%29&retmode=json&retmax=0,429,https://eutils.ncbi.nlm.nih.gov/entrez/eutils/esearch.fcgi?db=pubmed&term=%28%28%22laboratory+automation%22+OR+%22workflow+software%22+OR+%22AI%22%29+AND+%28%22LC-MS%22+OR+chromatography+OR+%22mass+spectrometry%22%29%29+AND+%28%222026%2F06%2F01%22%5BDate+-+Publication%5D+%3A+%222026%2F07%2F31%22%5BDate+-+Publication%5D%29&retmode=json&retmax=0,Broken,strict access failure,,
[no retained anchor label],https://eutils.ncbi.nlm.nih.gov/entrez/eutils/esearch.fcgi?db=pubmed&term=%28%28%22laboratory+automation%22+OR+%22workflow+software%22+OR+%22AI%22%29+AND+%28%22LC-MS%22+OR+chromatography+OR+%22mass+spectrometry%22%29%29+AND+%28%222026%2F06%2F02%22%5BDate+-+Publication%5D+%3A+%222026%2F08%2F01%22%5BDate+-+Publication%5D%29&retmode=json&retmax=0,429,https://eutils.ncbi.nlm.nih.gov/entrez/eutils/esearch.fcgi?db=pubmed&term=%28%28%22laboratory+automation%22+OR+%22workflow+software%22+OR+%22AI%22%29+AND+%28%22LC-MS%22+OR+chromatography+OR+%22mass+spectrometry%22%29%29+AND+%28%222026%2F06%2F02%22%5BDate+-+Publication%5D+%3A+%222026%2F08%2F01%22%5BDate+-+Publication%5D%29&retmode=json&retmax=0,Broken,strict access failure,,
[no retained anchor label],https://eutils.ncbi.nlm.nih.gov/entrez/eutils/esearch.fcgi?db=pubmed&term=%28%28%22laboratory+automation%22+OR+%22workflow+software%22+OR+%22AI%22%29+AND+%28%22LC-MS%22+OR+chromatography+OR+%22mass+spectrometry%22%29%29+AND+%28%222026%2F06%2F30%22%5BDate+-+Publication%5D+%3A+%222026%2F07%2F30%22%5BDate+-+Publication%5D%29&retmode=json&retmax=0,429,https://eutils.ncbi.nlm.nih.gov/entrez/eutils/esearch.fcgi?db=pubmed&term=%28%28%22laboratory+automation%22+OR+%22workflow+software%22+OR+%22AI%22%29+AND+%28%22LC-MS%22+OR+chromatography+OR+%22mass+spectrometry%22%29%29+AND+%28%222026%2F06%2F30%22%5BDate+-+Publication%5D+%3A+%222026%2F07%2F30%22%5BDate+-+Publication%5D%29&retmode=json&retmax=0,Broken,strict access failure,,
[no retained anchor label],https://eutils.ncbi.nlm.nih.gov/entrez/eutils/esearch.fcgi?db=pubmed&term=%28%28%22laboratory+automation%22+OR+%22workflow+software%22+OR+%22AI%22%29+AND+%28%22LC-MS%22+OR+chromatography+OR+%22mass+spectrometry%22%29%29+AND+%28%222026%2F07%2F01%22%5BDate+-+Publication%5D+%3A+%222026%2F07%2F31%22%5BDate+-+Publication%5D%29&retmode=json&retmax=0,429,https://eutils.ncbi.nlm.nih.gov/entrez/eutils/esearch.fcgi?db=pubmed&term=%28%28%22laboratory+automation%22+OR+%22workflow+software%22+OR+%22AI%22%29+AND+%28%22LC-MS%22+OR+chromatography+OR+%22mass+spectrometry%22%29%29+AND+%28%222026%2F07%2F01%22%5BDate+-+Publication%5D+%3A+%222026%2F07%2F31%22%5BDate+-+Publication%5D%29&retmode=json&retmax=0,Broken,strict access failure,,
[no retained anchor label],https://eutils.ncbi.nlm.nih.gov/entrez/eutils/esearch.fcgi?db=pubmed&term=%28%28%22laboratory+automation%22+OR+%22workflow+software%22+OR+%22AI%22%29+AND+%28%22LC-MS%22+OR+chromatography+OR+%22mass+spectrometry%22%29%29+AND+%28%222026%2F07%2F02%22%5BDate+-+Publication%5D+%3A+%222026%2F08%2F01%22%5BDate+-+Publication%5D%29&retmode=json&retmax=0,429,https://eutils.ncbi.nlm.nih.gov/entrez/eutils/esearch.fcgi?db=pubmed&term=%28%28%22laboratory+automation%22+OR+%22workflow+software%22+OR+%22AI%22%29+AND+%28%22LC-MS%22+OR+chromatography+OR+%22mass+spectrometry%22%29%29+AND+%28%222026%2F07%2F02%22%5BDate+-+Publication%5D+%3A+%222026%2F08%2F01%22%5BDate+-+Publication%5D%29&retmode=json&retmax=0,Broken,strict access failure,,
[no retained anchor label],https://eutils.ncbi.nlm.nih.gov/entrez/eutils/esearch.fcgi?db=pubmed&term=%28%28%22lipid+nanoparticle%22+OR+LNP+OR+%22RNA+therapeutics%22+OR+mRNA%29+AND+%28%22LC-MS%22+OR+chromatography+OR+%22mass+spectrometry%22%29%29+AND+%28%222021%2F07%2F31%22%5BDate+-+Publication%5D+%3A+%222026%2F07%2F30%22%5BDate+-+Publication%5D%29&retmode=json&retmax=0,429,https://eutils.ncbi.nlm.nih.gov/entrez/eutils/esearch.fcgi?db=pubmed&term=%28%28%22lipid+nanoparticle%22+OR+LNP+OR+%22RNA+therapeutics%22+OR+mRNA%29+AND+%28%22LC-MS%22+OR+chromatography+OR+%22mass+spectrometry%22%29%29+AND+%28%222021%2F07%2F31%22%5BDate+-+Publication%5D+%3A+%222026%2F07%2F30%22%5BDate+-+Publication%5D%29&retmode=json&retmax=0,Broken,strict access failure,,
[no retained anchor label],https://eutils.ncbi.nlm.nih.gov/entrez/eutils/esearch.fcgi?db=pubmed&term=%28%28%22lipid+nanoparticle%22+OR+LNP+OR+%22RNA+therapeutics%22+OR+mRNA%29+AND+%28%22LC-MS%22+OR+chromatography+OR+%22mass+spectrometry%22%29%29+AND+%28%222021%2F08%2F01%22%5BDate+-+Publication%5D+%3A+%222026%2F07%2F31%22%5BDate+-+Publication%5D%29&retmode=json&retmax=0,429,https://eutils.ncbi.nlm.nih.gov/entrez/eutils/esearch.fcgi?db=pubmed&term=%28%28%22lipid+nanoparticle%22+OR+LNP+OR+%22RNA+therapeutics%22+OR+mRNA%29+AND+%28%22LC-MS%22+OR+chromatography+OR+%22mass+spectrometry%22%29%29+AND+%28%222021%2F08%2F01%22%5BDate+-+Publication%5D+%3A+%222026%2F07%2F31%22%5BDate+-+Publication%5D%29&retmode=json&retmax=0,Broken,strict access failure,,
[no retained anchor label],https://eutils.ncbi.nlm.nih.gov/entrez/eutils/esearch.fcgi?db=pubmed&term=%28%28%22lipid+nanoparticle%22+OR+LNP+OR+%22RNA+therapeutics%22+OR+mRNA%29+AND+%28%22LC-MS%22+OR+chromatography+OR+%22mass+spectrometry%22%29%29+AND+%28%222021%2F08%2F02%22%5BDate+-+Publication%5D+%3A+%222026%2F08%2F01%22%5BDate+-+Publication%5D%29&retmode=json&retmax=0,429,https://eutils.ncbi.nlm.nih.gov/entrez/eutils/esearch.fcgi?db=pubmed&term=%28%28%22lipid+nanoparticle%22+OR+LNP+OR+%22RNA+therapeutics%22+OR+mRNA%29+AND+%28%22LC-MS%22+OR+chromatography+OR+%22mass+spectrometry%22%29%29+AND+%28%222021%2F08%2F02%22%5BDate+-+Publication%5D+%3A+%222026%2F08%2F01%22%5BDate+-+Publication%5D%29&retmode=json&retmax=0,Broken,strict access failure,,
[no retained anchor label],https://eutils.ncbi.nlm.nih.gov/entrez/eutils/esearch.fcgi?db=pubmed&term=%28%28%22lipid+nanoparticle%22+OR+LNP+OR+%22RNA+therapeutics%22+OR+mRNA%29+AND+%28%22LC-MS%22+OR+chromatography+OR+%22mass+spectrometry%22%29%29+AND+%28%222023%2F07%2F31%22%5BDate+-+Publication%5D+%3A+%222026%2F07%2F30%22%5BDate+-+Publication%5D%29&retmode=json&retmax=0,429,https://eutils.ncbi.nlm.nih.gov/entrez/eutils/esearch.fcgi?db=pubmed&term=%28%28%22lipid+nanoparticle%22+OR+LNP+OR+%22RNA+therapeutics%22+OR+mRNA%29+AND+%28%22LC-MS%22+OR+chromatography+OR+%22mass+spectrometry%22%29%29+AND+%28%222023%2F07%2F31%22%5BDate+-+Publication%5D+%3A+%222026%2F07%2F30%22%5BDate+-+Publication%5D%29&retmode=json&retmax=0,Broken,strict access failure,,
[no retained anchor label],https://eutils.ncbi.nlm.nih.gov/entrez/eutils/esearch.fcgi?db=pubmed&term=%28%28%22lipid+nanoparticle%22+OR+LNP+OR+%22RNA+therapeutics%22+OR+mRNA%29+AND+%28%22LC-MS%22+OR+chromatography+OR+%22mass+spectrometry%22%29%29+AND+%28%222023%2F08%2F01%22%5BDate+-+Publication%5D+%3A+%222026%2F07%2F31%22%5BDate+-+Publication%5D%29&retmode=json&retmax=0,429,https://eutils.ncbi.nlm.nih.gov/entrez/eutils/esearch.fcgi?db=pubmed&term=%28%28%22lipid+nanoparticle%22+OR+LNP+OR+%22RNA+therapeutics%22+OR+mRNA%29+AND+%28%22LC-MS%22+OR+chromatography+OR+%22mass+spectrometry%22%29%29+AND+%28%222023%2F08%2F01%22%5BDate+-+Publication%5D+%3A+%222026%2F07%2F31%22%5BDate+-+Publication%5D%29&retmode=json&retmax=0,Broken,strict access failure,,
[no retained anchor label],https://eutils.ncbi.nlm.nih.gov/entrez/eutils/esearch.fcgi?db=pubmed&term=%28%28%22lipid+nanoparticle%22+OR+LNP+OR+%22RNA+therapeutics%22+OR+mRNA%29+AND+%28%22LC-MS%22+OR+chromatography+OR+%22mass+spectrometry%22%29%29+AND+%28%222023%2F08%2F02%22%5BDate+-+Publication%5D+%3A+%222026%2F08%2F01%22%5BDate+-+Publication%5D%29&retmode=json&retmax=0,429,https://eutils.ncbi.nlm.nih.gov/entrez/eutils/esearch.fcgi?db=pubmed&term=%28%28%22lipid+nanoparticle%22+OR+LNP+OR+%22RNA+therapeutics%22+OR+mRNA%29+AND+%28%22LC-MS%22+OR+chromatography+OR+%22mass+spectrometry%22%29%29+AND+%28%222023%2F08%2F02%22%5BDate+-+Publication%5D+%3A+%222026%2F08%2F01%22%5BDate+-+Publication%5D%29&retmode=json&retmax=0,Broken,strict access failure,,
[no retained anchor label],https://eutils.ncbi.nlm.nih.gov/entrez/eutils/esearch.fcgi?db=pubmed&term=%28%28%22lipid+nanoparticle%22+OR+LNP+OR+%22RNA+therapeutics%22+OR+mRNA%29+AND+%28%22LC-MS%22+OR+chromatography+OR+%22mass+spectrometry%22%29%29+AND+%28%222025%2F07%2F30%22%5BDate+-+Publication%5D+%3A+%222026%2F07%2F30%22%5BDate+-+Publication%5D%29&retmode=json&retmax=0,429,https://eutils.ncbi.nlm.nih.gov/entrez/eutils/esearch.fcgi?db=pubmed&term=%28%28%22lipid+nanoparticle%22+OR+LNP+OR+%22RNA+therapeutics%22+OR+mRNA%29+AND+%28%22LC-MS%22+OR+chromatography+OR+%22mass+spectrometry%22%29%29+AND+%28%222025%2F07%2F30%22%5BDate+-+Publication%5D+%3A+%222026%2F07%2F30%22%5BDate+-+Publication%5D%29&retmode=json&retmax=0,Broken,strict access failure,,
[no retained anchor label],https://eutils.ncbi.nlm.nih.gov/entrez/eutils/esearch.fcgi?db=pubmed&term=%28%28%22lipid+nanoparticle%22+OR+LNP+OR+%22RNA+therapeutics%22+OR+mRNA%29+AND+%28%22LC-MS%22+OR+chromatography+OR+%22mass+spectrometry%22%29%29+AND+%28%222025%2F07%2F31%22%5BDate+-+Publication%5D+%3A+%222026%2F07%2F31%22%5BDate+-+Publication%5D%29&retmode=json&retmax=0,429,https://eutils.ncbi.nlm.nih.gov/entrez/eutils/esearch.fcgi?db=pubmed&term=%28%28%22lipid+nanoparticle%22+OR+LNP+OR+%22RNA+therapeutics%22+OR+mRNA%29+AND+%28%22LC-MS%22+OR+chromatography+OR+%22mass+spectrometry%22%29%29+AND+%28%222025%2F07%2F31%22%5BDate+-+Publication%5D+%3A+%222026%2F07%2F31%22%5BDate+-+Publication%5D%29&retmode=json&retmax=0,Broken,strict access failure,,
[no retained anchor label],https://eutils.ncbi.nlm.nih.gov/entrez/eutils/esearch.fcgi?db=pubmed&term=%28%28%22lipid+nanoparticle%22+OR+LNP+OR+%22RNA+therapeutics%22+OR+mRNA%29+AND+%28%22LC-MS%22+OR+chromatography+OR+%22mass+spectrometry%22%29%29+AND+%28%222025%2F08%2F01%22%5BDate+-+Publication%5D+%3A+%222026%2F08%2F01%22%5BDate+-+Publication%5D%29&retmode=json&retmax=0,429,https://eutils.ncbi.nlm.nih.gov/entrez/eutils/esearch.fcgi?db=pubmed&term=%28%28%22lipid+nanoparticle%22+OR+LNP+OR+%22RNA+therapeutics%22+OR+mRNA%29+AND+%28%22LC-MS%22+OR+chromatography+OR+%22mass+spectrometry%22%29%29+AND+%28%222025%2F08%2F01%22%5BDate+-+Publication%5D+%3A+%222026%2F08%2F01%22%5BDate+-+Publication%5D%29&retmode=json&retmax=0,Broken,strict access failure,,
[no retained anchor label],https://eutils.ncbi.nlm.nih.gov/entrez/eutils/esearch.fcgi?db=pubmed&term=%28%28%22lipid+nanoparticle%22+OR+LNP+OR+%22RNA+therapeutics%22+OR+mRNA%29+AND+%28%22LC-MS%22+OR+chromatography+OR+%22mass+spectrometry%22%29%29+AND+%28%222026%2F05%2F01%22%5BDate+-+Publication%5D+%3A+%222026%2F07%2F30%22%5BDate+-+Publication%5D%29&retmode=json&retmax=0,429,https://eutils.ncbi.nlm.nih.gov/entrez/eutils/esearch.fcgi?db=pubmed&term=%28%28%22lipid+nanoparticle%22+OR+LNP+OR+%22RNA+therapeutics%22+OR+mRNA%29+AND+%28%22LC-MS%22+OR+chromatography+OR+%22mass+spectrometry%22%29%29+AND+%28%222026%2F05%2F01%22%5BDate+-+Publication%5D+%3A+%222026%2F07%2F30%22%5BDate+-+Publication%5D%29&retmode=json&retmax=0,Broken,strict access failure,,
[no retained anchor label],https://eutils.ncbi.nlm.nih.gov/entrez/eutils/esearch.fcgi?db=pubmed&term=%28%28%22lipid+nanoparticle%22+OR+LNP+OR+%22RNA+therapeutics%22+OR+mRNA%29+AND+%28%22LC-MS%22+OR+chromatography+OR+%22mass+spectrometry%22%29%29+AND+%28%222026%2F05%2F02%22%5BDate+-+Publication%5D+%3A+%222026%2F07%2F31%22%5BDate+-+Publication%5D%29&retmode=json&retmax=0,429,https://eutils.ncbi.nlm.nih.gov/entrez/eutils/esearch.fcgi?db=pubmed&term=%28%28%22lipid+nanoparticle%22+OR+LNP+OR+%22RNA+therapeutics%22+OR+mRNA%29+AND+%28%22LC-MS%22+OR+chromatography+OR+%22mass+spectrometry%22%29%29+AND+%28%222026%2F05%2F02%22%5BDate+-+Publication%5D+%3A+%222026%2F07%2F31%22%5BDate+-+Publication%5D%29&retmode=json&retmax=0,Broken,strict access failure,,
[no retained anchor label],https://eutils.ncbi.nlm.nih.gov/entrez/eutils/esearch.fcgi?db=pubmed&term=%28%28%22lipid+nanoparticle%22+OR+LNP+OR+%22RNA+therapeutics%22+OR+mRNA%29+AND+%28%22LC-MS%22+OR+chromatography+OR+%22mass+spectrometry%22%29%29+AND+%28%222026%2F05%2F03%22%5BDate+-+Publication%5D+%3A+%222026%2F08%2F01%22%5BDate+-+Publication%5D%29&retmode=json&retmax=0,429,https://eutils.ncbi.nlm.nih.gov/entrez/eutils/esearch.fcgi?db=pubmed&term=%28%28%22lipid+nanoparticle%22+OR+LNP+OR+%22RNA+therapeutics%22+OR+mRNA%29+AND+%28%22LC-MS%22+OR+chromatography+OR+%22mass+spectrometry%22%29%29+AND+%28%222026%2F05%2F03%22%5BDate+-+Publication%5D+%3A+%222026%2F08%2F01%22%5BDate+-+Publication%5D%29&retmode=json&retmax=0,Broken,strict access failure,,
[no retained anchor label],https://eutils.ncbi.nlm.nih.gov/entrez/eutils/esearch.fcgi?db=pubmed&term=%28%28%22lipid+nanoparticle%22+OR+LNP+OR+%22RNA+therapeutics%22+OR+mRNA%29+AND+%28%22LC-MS%22+OR+chromatography+OR+%22mass+spectrometry%22%29%29+AND+%28%222026%2F05%2F31%22%5BDate+-+Publication%5D+%3A+%222026%2F07%2F30%22%5BDate+-+Publication%5D%29&retmode=json&retmax=0,429,https://eutils.ncbi.nlm.nih.gov/entrez/eutils/esearch.fcgi?db=pubmed&term=%28%28%22lipid+nanoparticle%22+OR+LNP+OR+%22RNA+therapeutics%22+OR+mRNA%29+AND+%28%22LC-MS%22+OR+chromatography+OR+%22mass+spectrometry%22%29%29+AND+%28%222026%2F05%2F31%22%5BDate+-+Publication%5D+%3A+%222026%2F07%2F30%22%5BDate+-+Publication%5D%29&retmode=json&retmax=0,Broken,strict access failure,,
[no retained anchor label],https://eutils.ncbi.nlm.nih.gov/entrez/eutils/esearch.fcgi?db=pubmed&term=%28%28%22lipid+nanoparticle%22+OR+LNP+OR+%22RNA+therapeutics%22+OR+mRNA%29+AND+%28%22LC-MS%22+OR+chromatography+OR+%22mass+spectrometry%22%29%29+AND+%28%222026%2F06%2F01%22%5BDate+-+Publication%5D+%3A+%222026%2F07%2F31%22%5BDate+-+Publication%5D%29&retmode=json&retmax=0,429,https://eutils.ncbi.nlm.nih.gov/entrez/eutils/esearch.fcgi?db=pubmed&term=%28%28%22lipid+nanoparticle%22+OR+LNP+OR+%22RNA+therapeutics%22+OR+mRNA%29+AND+%28%22LC-MS%22+OR+chromatography+OR+%22mass+spectrometry%22%29%29+AND+%28%222026%2F06%2F01%22%5BDate+-+Publication%5D+%3A+%222026%2F07%2F31%22%5BDate+-+Publication%5D%29&retmode=json&retmax=0,Broken,strict access failure,,
[no retained anchor label],https://eutils.ncbi.nlm.nih.gov/entrez/eutils/esearch.fcgi?db=pubmed&term=%28%28%22lipid+nanoparticle%22+OR+LNP+OR+%22RNA+therapeutics%22+OR+mRNA%29+AND+%28%22LC-MS%22+OR+chromatography+OR+%22mass+spectrometry%22%29%29+AND+%28%222026%2F06%2F02%22%5BDate+-+Publication%5D+%3A+%222026%2F08%2F01%22%5BDate+-+Publication%5D%29&retmode=json&retmax=0,429,https://eutils.ncbi.nlm.nih.gov/entrez/eutils/esearch.fcgi?db=pubmed&term=%28%28%22lipid+nanoparticle%22+OR+LNP+OR+%22RNA+therapeutics%22+OR+mRNA%29+AND+%28%22LC-MS%22+OR+chromatography+OR+%22mass+spectrometry%22%29%29+AND+%28%222026%2F06%2F02%22%5BDate+-+Publication%5D+%3A+%222026%2F08%2F01%22%5BDate+-+Publication%5D%29&retmode=json&retmax=0,Broken,strict access failure,,
[no retained anchor label],https://eutils.ncbi.nlm.nih.gov/entrez/eutils/esearch.fcgi?db=pubmed&term=%28%28%22lipid+nanoparticle%22+OR+LNP+OR+%22RNA+therapeutics%22+OR+mRNA%29+AND+%28%22LC-MS%22+OR+chromatography+OR+%22mass+spectrometry%22%29%29+AND+%28%222026%2F06%2F30%22%5BDate+-+Publication%5D+%3A+%222026%2F07%2F30%22%5BDate+-+Publication%5D%29&retmode=json&retmax=0,429,https://eutils.ncbi.nlm.nih.gov/entrez/eutils/esearch.fcgi?db=pubmed&term=%28%28%22lipid+nanoparticle%22+OR+LNP+OR+%22RNA+therapeutics%22+OR+mRNA%29+AND+%28%22LC-MS%22+OR+chromatography+OR+%22mass+spectrometry%22%29%29+AND+%28%222026%2F06%2F30%22%5BDate+-+Publication%5D+%3A+%222026%2F07%2F30%22%5BDate+-+Publication%5D%29&retmode=json&retmax=0,Broken,strict access failure,,
[no retained anchor label],https://eutils.ncbi.nlm.nih.gov/entrez/eutils/esearch.fcgi?db=pubmed&term=%28%28%22lipid+nanoparticle%22+OR+LNP+OR+%22RNA+therapeutics%22+OR+mRNA%29+AND+%28%22LC-MS%22+OR+chromatography+OR+%22mass+spectrometry%22%29%29+AND+%28%222026%2F07%2F01%22%5BDate+-+Publication%5D+%3A+%222026%2F07%2F31%22%5BDate+-+Publication%5D%29&retmode=json&retmax=0,429,https://eutils.ncbi.nlm.nih.gov/entrez/eutils/esearch.fcgi?db=pubmed&term=%28%28%22lipid+nanoparticle%22+OR+LNP+OR+%22RNA+therapeutics%22+OR+mRNA%29+AND+%28%22LC-MS%22+OR+chromatography+OR+%22mass+spectrometry%22%29%29+AND+%28%222026%2F07%2F01%22%5BDate+-+Publication%5D+%3A+%222026%2F07%2F31%22%5BDate+-+Publication%5D%29&retmode=json&retmax=0,Broken,strict access failure,,
[no retained anchor label],https://eutils.ncbi.nlm.nih.gov/entrez/eutils/esearch.fcgi?db=pubmed&term=%28%28%22lipid+nanoparticle%22+OR+LNP+OR+%22RNA+therapeutics%22+OR+mRNA%29+AND+%28%22LC-MS%22+OR+chromatography+OR+%22mass+spectrometry%22%29%29+AND+%28%222026%2F07%2F02%22%5BDate+-+Publication%5D+%3A+%222026%2F08%2F01%22%5BDate+-+Publication%5D%29&retmode=json&retmax=0,429,https://eutils.ncbi.nlm.nih.gov/entrez/eutils/esearch.fcgi?db=pubmed&term=%28%28%22lipid+nanoparticle%22+OR+LNP+OR+%22RNA+therapeutics%22+OR+mRNA%29+AND+%28%22LC-MS%22+OR+chromatography+OR+%22mass+spectrometry%22%29%29+AND+%28%222026%2F07%2F02%22%5BDate+-+Publication%5D+%3A+%222026%2F08%2F01%22%5BDate+-+Publication%5D%29&retmode=json&retmax=0,Broken,strict access failure,,
[no retained anchor label],https://eutils.ncbi.nlm.nih.gov/entrez/eutils/esearch.fcgi?db=pubmed&term=%28%28PFAS+OR+%22per-+and+polyfluoroalkyl%22%29+AND+%28%22LC-MS%22+OR+%22LC-MS%2FMS%22+OR+chromatography%29%29+AND+%28%222021%2F07%2F31%22%5BDate+-+Publication%5D+%3A+%222026%2F07%2F30%22%5BDate+-+Publication%5D%29&retmode=json&retmax=0,429,https://eutils.ncbi.nlm.nih.gov/entrez/eutils/esearch.fcgi?db=pubmed&term=%28%28PFAS+OR+%22per-+and+polyfluoroalkyl%22%29+AND+%28%22LC-MS%22+OR+%22LC-MS%2FMS%22+OR+chromatography%29%29+AND+%28%222021%2F07%2F31%22%5BDate+-+Publication%5D+%3A+%222026%2F07%2F30%22%5BDate+-+Publication%5D%29&retmode=json&retmax=0,Broken,strict access failure,,
[no retained anchor label],https://eutils.ncbi.nlm.nih.gov/entrez/eutils/esearch.fcgi?db=pubmed&term=%28%28PFAS+OR+%22per-+and+polyfluoroalkyl%22%29+AND+%28%22LC-MS%22+OR+%22LC-MS%2FMS%22+OR+chromatography%29%29+AND+%28%222021%2F08%2F01%22%5BDate+-+Publication%5D+%3A+%222026%2F07%2F31%22%5BDate+-+Publication%5D%29&retmode=json&retmax=0,429,https://eutils.ncbi.nlm.nih.gov/entrez/eutils/esearch.fcgi?db=pubmed&term=%28%28PFAS+OR+%22per-+and+polyfluoroalkyl%22%29+AND+%28%22LC-MS%22+OR+%22LC-MS%2FMS%22+OR+chromatography%29%29+AND+%28%222021%2F08%2F01%22%5BDate+-+Publication%5D+%3A+%222026%2F07%2F31%22%5BDate+-+Publication%5D%29&retmode=json&retmax=0,Broken,strict access failure,,
[no retained anchor label],https://eutils.ncbi.nlm.nih.gov/entrez/eutils/esearch.fcgi?db=pubmed&term=%28%28PFAS+OR+%22per-+and+polyfluoroalkyl%22%29+AND+%28%22LC-MS%22+OR+%22LC-MS%2FMS%22+OR+chromatography%29%29+AND+%28%222021%2F08%2F02%22%5BDate+-+Publication%5D+%3A+%222026%2F08%2F01%22%5BDate+-+Publication%5D%29&retmode=json&retmax=0,429,https://eutils.ncbi.nlm.nih.gov/entrez/eutils/esearch.fcgi?db=pubmed&term=%28%28PFAS+OR+%22per-+and+polyfluoroalkyl%22%29+AND+%28%22LC-MS%22+OR+%22LC-MS%2FMS%22+OR+chromatography%29%29+AND+%28%222021%2F08%2F02%22%5BDate+-+Publication%5D+%3A+%222026%2F08%2F01%22%5BDate+-+Publication%5D%29&retmode=json&retmax=0,Broken,strict access failure,,
[no retained anchor label],https://eutils.ncbi.nlm.nih.gov/entrez/eutils/esearch.fcgi?db=pubmed&term=%28%28PFAS+OR+%22per-+and+polyfluoroalkyl%22%29+AND+%28%22LC-MS%22+OR+%22LC-MS%2FMS%22+OR+chromatography%29%29+AND+%28%222023%2F07%2F31%22%5BDate+-+Publication%5D+%3A+%222026%2F07%2F30%22%5BDate+-+Publication%5D%29&retmode=json&retmax=0,429,https://eutils.ncbi.nlm.nih.gov/entrez/eutils/esearch.fcgi?db=pubmed&term=%28%28PFAS+OR+%22per-+and+polyfluoroalkyl%22%29+AND+%28%22LC-MS%22+OR+%22LC-MS%2FMS%22+OR+chromatography%29%29+AND+%28%222023%2F07%2F31%22%5BDate+-+Publication%5D+%3A+%222026%2F07%2F30%22%5BDate+-+Publication%5D%29&retmode=json&retmax=0,Broken,strict access failure,,
[no retained anchor label],https://eutils.ncbi.nlm.nih.gov/entrez/eutils/esearch.fcgi?db=pubmed&term=%28%28PFAS+OR+%22per-+and+polyfluoroalkyl%22%29+AND+%28%22LC-MS%22+OR+%22LC-MS%2FMS%22+OR+chromatography%29%29+AND+%28%222023%2F08%2F01%22%5BDate+-+Publication%5D+%3A+%222026%2F07%2F31%22%5BDate+-+Publication%5D%29&retmode=json&retmax=0,429,https://eutils.ncbi.nlm.nih.gov/entrez/eutils/esearch.fcgi?db=pubmed&term=%28%28PFAS+OR+%22per-+and+polyfluoroalkyl%22%29+AND+%28%22LC-MS%22+OR+%22LC-MS%2FMS%22+OR+chromatography%29%29+AND+%28%222023%2F08%2F01%22%5BDate+-+Publication%5D+%3A+%222026%2F07%2F31%22%5BDate+-+Publication%5D%29&retmode=json&retmax=0,Broken,strict access failure,,
[no retained anchor label],https://eutils.ncbi.nlm.nih.gov/entrez/eutils/esearch.fcgi?db=pubmed&term=%28%28PFAS+OR+%22per-+and+polyfluoroalkyl%22%29+AND+%28%22LC-MS%22+OR+%22LC-MS%2FMS%22+OR+chromatography%29%29+AND+%28%222023%2F08%2F02%22%5BDate+-+Publication%5D+%3A+%222026%2F08%2F01%22%5BDate+-+Publication%5D%29&retmode=json&retmax=0,429,https://eutils.ncbi.nlm.nih.gov/entrez/eutils/esearch.fcgi?db=pubmed&term=%28%28PFAS+OR+%22per-+and+polyfluoroalkyl%22%29+AND+%28%22LC-MS%22+OR+%22LC-MS%2FMS%22+OR+chromatography%29%29+AND+%28%222023%2F08%2F02%22%5BDate+-+Publication%5D+%3A+%222026%2F08%2F01%22%5BDate+-+Publication%5D%29&retmode=json&retmax=0,Broken,strict access failure,,
[no retained anchor label],https://eutils.ncbi.nlm.nih.gov/entrez/eutils/esearch.fcgi?db=pubmed&term=%28%28PFAS+OR+%22per-+and+polyfluoroalkyl%22%29+AND+%28%22LC-MS%22+OR+%22LC-MS%2FMS%22+OR+chromatography%29%29+AND+%28%222025%2F07%2F30%22%5BDate+-+Publication%5D+%3A+%222026%2F07%2F30%22%5BDate+-+Publication%5D%29&retmode=json&retmax=0,429,https://eutils.ncbi.nlm.nih.gov/entrez/eutils/esearch.fcgi?db=pubmed&term=%28%28PFAS+OR+%22per-+and+polyfluoroalkyl%22%29+AND+%28%22LC-MS%22+OR+%22LC-MS%2FMS%22+OR+chromatography%29%29+AND+%28%222025%2F07%2F30%22%5BDate+-+Publication%5D+%3A+%222026%2F07%2F30%22%5BDate+-+Publication%5D%29&retmode=json&retmax=0,Broken,strict access failure,,
[no retained anchor label],https://eutils.ncbi.nlm.nih.gov/entrez/eutils/esearch.fcgi?db=pubmed&term=%28%28PFAS+OR+%22per-+and+polyfluoroalkyl%22%29+AND+%28%22LC-MS%22+OR+%22LC-MS%2FMS%22+OR+chromatography%29%29+AND+%28%222025%2F07%2F31%22%5BDate+-+Publication%5D+%3A+%222026%2F07%2F31%22%5BDate+-+Publication%5D%29&retmode=json&retmax=0,429,https://eutils.ncbi.nlm.nih.gov/entrez/eutils/esearch.fcgi?db=pubmed&term=%28%28PFAS+OR+%22per-+and+polyfluoroalkyl%22%29+AND+%28%22LC-MS%22+OR+%22LC-MS%2FMS%22+OR+chromatography%29%29+AND+%28%222025%2F07%2F31%22%5BDate+-+Publication%5D+%3A+%222026%2F07%2F31%22%5BDate+-+Publication%5D%29&retmode=json&retmax=0,Broken,strict access failure,,
[no retained anchor label],https://eutils.ncbi.nlm.nih.gov/entrez/eutils/esearch.fcgi?db=pubmed&term=%28%28PFAS+OR+%22per-+and+polyfluoroalkyl%22%29+AND+%28%22LC-MS%22+OR+%22LC-MS%2FMS%22+OR+chromatography%29%29+AND+%28%222025%2F08%2F01%22%5BDate+-+Publication%5D+%3A+%222026%2F08%2F01%22%5BDate+-+Publication%5D%29&retmode=json&retmax=0,429,https://eutils.ncbi.nlm.nih.gov/entrez/eutils/esearch.fcgi?db=pubmed&term=%28%28PFAS+OR+%22per-+and+polyfluoroalkyl%22%29+AND+%28%22LC-MS%22+OR+%22LC-MS%2FMS%22+OR+chromatography%29%29+AND+%28%222025%2F08%2F01%22%5BDate+-+Publication%5D+%3A+%222026%2F08%2F01%22%5BDate+-+Publication%5D%29&retmode=json&retmax=0,Broken,strict access failure,,
[no retained anchor label],https://eutils.ncbi.nlm.nih.gov/entrez/eutils/esearch.fcgi?db=pubmed&term=%28%28PFAS+OR+%22per-+and+polyfluoroalkyl%22%29+AND+%28%22LC-MS%22+OR+%22LC-MS%2FMS%22+OR+chromatography%29%29+AND+%28%222026%2F05%2F01%22%5BDate+-+Publication%5D+%3A+%222026%2F07%2F30%22%5BDate+-+Publication%5D%29&retmode=json&retmax=0,429,https://eutils.ncbi.nlm.nih.gov/entrez/eutils/esearch.fcgi?db=pubmed&term=%28%28PFAS+OR+%22per-+and+polyfluoroalkyl%22%29+AND+%28%22LC-MS%22+OR+%22LC-MS%2FMS%22+OR+chromatography%29%29+AND+%28%222026%2F05%2F01%22%5BDate+-+Publication%5D+%3A+%222026%2F07%2F30%22%5BDate+-+Publication%5D%29&retmode=json&retmax=0,Broken,strict access failure,,
[no retained anchor label],https://eutils.ncbi.nlm.nih.gov/entrez/eutils/esearch.fcgi?db=pubmed&term=%28%28PFAS+OR+%22per-+and+polyfluoroalkyl%22%29+AND+%28%22LC-MS%22+OR+%22LC-MS%2FMS%22+OR+chromatography%29%29+AND+%28%222026%2F05%2F02%22%5BDate+-+Publication%5D+%3A+%222026%2F07%2F31%22%5BDate+-+Publication%5D%29&retmode=json&retmax=0,429,https://eutils.ncbi.nlm.nih.gov/entrez/eutils/esearch.fcgi?db=pubmed&term=%28%28PFAS+OR+%22per-+and+polyfluoroalkyl%22%29+AND+%28%22LC-MS%22+OR+%22LC-MS%2FMS%22+OR+chromatography%29%29+AND+%28%222026%2F05%2F02%22%5BDate+-+Publication%5D+%3A+%222026%2F07%2F31%22%5BDate+-+Publication%5D%29&retmode=json&retmax=0,Broken,strict access failure,,
[no retained anchor label],https://eutils.ncbi.nlm.nih.gov/entrez/eutils/esearch.fcgi?db=pubmed&term=%28%28PFAS+OR+%22per-+and+polyfluoroalkyl%22%29+AND+%28%22LC-MS%22+OR+%22LC-MS%2FMS%22+OR+chromatography%29%29+AND+%28%222026%2F05%2F03%22%5BDate+-+Publication%5D+%3A+%222026%2F08%2F01%22%5BDate+-+Publication%5D%29&retmode=json&retmax=0,429,https://eutils.ncbi.nlm.nih.gov/entrez/eutils/esearch.fcgi?db=pubmed&term=%28%28PFAS+OR+%22per-+and+polyfluoroalkyl%22%29+AND+%28%22LC-MS%22+OR+%22LC-MS%2FMS%22+OR+chromatography%29%29+AND+%28%222026%2F05%2F03%22%5BDate+-+Publication%5D+%3A+%222026%2F08%2F01%22%5BDate+-+Publication%5D%29&retmode=json&retmax=0,Broken,strict access failure,,
[no retained anchor label],https://eutils.ncbi.nlm.nih.gov/entrez/eutils/esearch.fcgi?db=pubmed&term=%28%28PFAS+OR+%22per-+and+polyfluoroalkyl%22%29+AND+%28%22LC-MS%22+OR+%22LC-MS%2FMS%22+OR+chromatography%29%29+AND+%28%222026%2F05%2F31%22%5BDate+-+Publication%5D+%3A+%222026%2F07%2F30%22%5BDate+-+Publication%5D%29&retmode=json&retmax=0,429,https://eutils.ncbi.nlm.nih.gov/entrez/eutils/esearch.fcgi?db=pubmed&term=%28%28PFAS+OR+%22per-+and+polyfluoroalkyl%22%29+AND+%28%22LC-MS%22+OR+%22LC-MS%2FMS%22+OR+chromatography%29%29+AND+%28%222026%2F05%2F31%22%5BDate+-+Publication%5D+%3A+%222026%2F07%2F30%22%5BDate+-+Publication%5D%29&retmode=json&retmax=0,Broken,strict access failure,,
[no retained anchor label],https://eutils.ncbi.nlm.nih.gov/entrez/eutils/esearch.fcgi?db=pubmed&term=%28%28PFAS+OR+%22per-+and+polyfluoroalkyl%22%29+AND+%28%22LC-MS%22+OR+%22LC-MS%2FMS%22+OR+chromatography%29%29+AND+%28%222026%2F06%2F01%22%5BDate+-+Publication%5D+%3A+%222026%2F07%2F31%22%5BDate+-+Publication%5D%29&retmode=json&retmax=0,429,https://eutils.ncbi.nlm.nih.gov/entrez/eutils/esearch.fcgi?db=pubmed&term=%28%28PFAS+OR+%22per-+and+polyfluoroalkyl%22%29+AND+%28%22LC-MS%22+OR+%22LC-MS%2FMS%22+OR+chromatography%29%29+AND+%28%222026%2F06%2F01%22%5BDate+-+Publication%5D+%3A+%222026%2F07%2F31%22%5BDate+-+Publication%5D%29&retmode=json&retmax=0,Broken,strict access failure,,
[no retained anchor label],https://eutils.ncbi.nlm.nih.gov/entrez/eutils/esearch.fcgi?db=pubmed&term=%28%28PFAS+OR+%22per-+and+polyfluoroalkyl%22%29+AND+%28%22LC-MS%22+OR+%22LC-MS%2FMS%22+OR+chromatography%29%29+AND+%28%222026%2F06%2F02%22%5BDate+-+Publication%5D+%3A+%222026%2F08%2F01%22%5BDate+-+Publication%5D%29&retmode=json&retmax=0,429,https://eutils.ncbi.nlm.nih.gov/entrez/eutils/esearch.fcgi?db=pubmed&term=%28%28PFAS+OR+%22per-+and+polyfluoroalkyl%22%29+AND+%28%22LC-MS%22+OR+%22LC-MS%2FMS%22+OR+chromatography%29%29+AND+%28%222026%2F06%2F02%22%5BDate+-+Publication%5D+%3A+%222026%2F08%2F01%22%5BDate+-+Publication%5D%29&retmode=json&retmax=0,Broken,strict access failure,,
[no retained anchor label],https://eutils.ncbi.nlm.nih.gov/entrez/eutils/esearch.fcgi?db=pubmed&term=%28%28PFAS+OR+%22per-+and+polyfluoroalkyl%22%29+AND+%28%22LC-MS%22+OR+%22LC-MS%2FMS%22+OR+chromatography%29%29+AND+%28%222026%2F06%2F30%22%5BDate+-+Publication%5D+%3A+%222026%2F07%2F30%22%5BDate+-+Publication%5D%29&retmode=json&retmax=0,429,https://eutils.ncbi.nlm.nih.gov/entrez/eutils/esearch.fcgi?db=pubmed&term=%28%28PFAS+OR+%22per-+and+polyfluoroalkyl%22%29+AND+%28%22LC-MS%22+OR+%22LC-MS%2FMS%22+OR+chromatography%29%29+AND+%28%222026%2F06%2F30%22%5BDate+-+Publication%5D+%3A+%222026%2F07%2F30%22%5BDate+-+Publication%5D%29&retmode=json&retmax=0,Broken,strict access failure,,
[no retained anchor label],https://eutils.ncbi.nlm.nih.gov/entrez/eutils/esearch.fcgi?db=pubmed&term=%28%28PFAS+OR+%22per-+and+polyfluoroalkyl%22%29+AND+%28%22LC-MS%22+OR+%22LC-MS%2FMS%22+OR+chromatography%29%29+AND+%28%222026%2F07%2F01%22%5BDate+-+Publication%5D+%3A+%222026%2F07%2F31%22%5BDate+-+Publication%5D%29&retmode=json&retmax=0,429,https://eutils.ncbi.nlm.nih.gov/entrez/eutils/esearch.fcgi?db=pubmed&term=%28%28PFAS+OR+%22per-+and+polyfluoroalkyl%22%29+AND+%28%22LC-MS%22+OR+%22LC-MS%2FMS%22+OR+chromatography%29%29+AND+%28%222026%2F07%2F01%22%5BDate+-+Publication%5D+%3A+%222026%2F07%2F31%22%5BDate+-+Publication%5D%29&retmode=json&retmax=0,Broken,strict access failure,,
[no retained anchor label],https://eutils.ncbi.nlm.nih.gov/entrez/eutils/esearch.fcgi?db=pubmed&term=%28%28PFAS+OR+%22per-+and+polyfluoroalkyl%22%29+AND+%28%22LC-MS%22+OR+%22LC-MS%2FMS%22+OR+chromatography%29%29+AND+%28%222026%2F07%2F02%22%5BDate+-+Publication%5D+%3A+%222026%2F08%2F01%22%5BDate+-+Publication%5D%29&retmode=json&retmax=0,429,https://eutils.ncbi.nlm.nih.gov/entrez/eutils/esearch.fcgi?db=pubmed&term=%28%28PFAS+OR+%22per-+and+polyfluoroalkyl%22%29+AND+%28%22LC-MS%22+OR+%22LC-MS%2FMS%22+OR+chromatography%29%29+AND+%28%222026%2F07%2F02%22%5BDate+-+Publication%5D+%3A+%222026%2F08%2F01%22%5BDate+-+Publication%5D%29&retmode=json&retmax=0,Broken,strict access failure,,
[no retained anchor label],https://eutils.ncbi.nlm.nih.gov/entrez/eutils/esearch.fcgi?db=pubmed&term=%28%28oligonucleotide+OR+%22nucleic+acid%22+OR+siRNA%29+AND+%28%22LC-MS%22+OR+chromatography+OR+%22mass+spectrometry%22%29%29+AND+%28%222021%2F07%2F31%22%5BDate+-+Publication%5D+%3A+%222026%2F07%2F30%22%5BDate+-+Publication%5D%29&retmode=json&retmax=0,429,https://eutils.ncbi.nlm.nih.gov/entrez/eutils/esearch.fcgi?db=pubmed&term=%28%28oligonucleotide+OR+%22nucleic+acid%22+OR+siRNA%29+AND+%28%22LC-MS%22+OR+chromatography+OR+%22mass+spectrometry%22%29%29+AND+%28%222021%2F07%2F31%22%5BDate+-+Publication%5D+%3A+%222026%2F07%2F30%22%5BDate+-+Publication%5D%29&retmode=json&retmax=0,Broken,strict access failure,,
[no retained anchor label],https://eutils.ncbi.nlm.nih.gov/entrez/eutils/esearch.fcgi?db=pubmed&term=%28%28oligonucleotide+OR+%22nucleic+acid%22+OR+siRNA%29+AND+%28%22LC-MS%22+OR+chromatography+OR+%22mass+spectrometry%22%29%29+AND+%28%222021%2F08%2F01%22%5BDate+-+Publication%5D+%3A+%222026%2F07%2F31%22%5BDate+-+Publication%5D%29&retmode=json&retmax=0,429,https://eutils.ncbi.nlm.nih.gov/entrez/eutils/esearch.fcgi?db=pubmed&term=%28%28oligonucleotide+OR+%22nucleic+acid%22+OR+siRNA%29+AND+%28%22LC-MS%22+OR+chromatography+OR+%22mass+spectrometry%22%29%29+AND+%28%222021%2F08%2F01%22%5BDate+-+Publication%5D+%3A+%222026%2F07%2F31%22%5BDate+-+Publication%5D%29&retmode=json&retmax=0,Broken,strict access failure,,
[no retained anchor label],https://eutils.ncbi.nlm.nih.gov/entrez/eutils/esearch.fcgi?db=pubmed&term=%28%28oligonucleotide+OR+%22nucleic+acid%22+OR+siRNA%29+AND+%28%22LC-MS%22+OR+chromatography+OR+%22mass+spectrometry%22%29%29+AND+%28%222021%2F08%2F02%22%5BDate+-+Publication%5D+%3A+%222026%2F08%2F01%22%5BDate+-+Publication%5D%29&retmode=json&retmax=0,429,https://eutils.ncbi.nlm.nih.gov/entrez/eutils/esearch.fcgi?db=pubmed&term=%28%28oligonucleotide+OR+%22nucleic+acid%22+OR+siRNA%29+AND+%28%22LC-MS%22+OR+chromatography+OR+%22mass+spectrometry%22%29%29+AND+%28%222021%2F08%2F02%22%5BDate+-+Publication%5D+%3A+%222026%2F08%2F01%22%5BDate+-+Publication%5D%29&retmode=json&retmax=0,Broken,strict access failure,,
[no retained anchor label],https://eutils.ncbi.nlm.nih.gov/entrez/eutils/esearch.fcgi?db=pubmed&term=%28%28oligonucleotide+OR+%22nucleic+acid%22+OR+siRNA%29+AND+%28%22LC-MS%22+OR+chromatography+OR+%22mass+spectrometry%22%29%29+AND+%28%222023%2F07%2F31%22%5BDate+-+Publication%5D+%3A+%222026%2F07%2F30%22%5BDate+-+Publication%5D%29&retmode=json&retmax=0,429,https://eutils.ncbi.nlm.nih.gov/entrez/eutils/esearch.fcgi?db=pubmed&term=%28%28oligonucleotide+OR+%22nucleic+acid%22+OR+siRNA%29+AND+%28%22LC-MS%22+OR+chromatography+OR+%22mass+spectrometry%22%29%29+AND+%28%222023%2F07%2F31%22%5BDate+-+Publication%5D+%3A+%222026%2F07%2F30%22%5BDate+-+Publication%5D%29&retmode=json&retmax=0,Broken,strict access failure,,
[no retained anchor label],https://eutils.ncbi.nlm.nih.gov/entrez/eutils/esearch.fcgi?db=pubmed&term=%28%28oligonucleotide+OR+%22nucleic+acid%22+OR+siRNA%29+AND+%28%22LC-MS%22+OR+chromatography+OR+%22mass+spectrometry%22%29%29+AND+%28%222023%2F08%2F01%22%5BDate+-+Publication%5D+%3A+%222026%2F07%2F31%22%5BDate+-+Publication%5D%29&retmode=json&retmax=0,429,https://eutils.ncbi.nlm.nih.gov/entrez/eutils/esearch.fcgi?db=pubmed&term=%28%28oligonucleotide+OR+%22nucleic+acid%22+OR+siRNA%29+AND+%28%22LC-MS%22+OR+chromatography+OR+%22mass+spectrometry%22%29%29+AND+%28%222023%2F08%2F01%22%5BDate+-+Publication%5D+%3A+%222026%2F07%2F31%22%5BDate+-+Publication%5D%29&retmode=json&retmax=0,Broken,strict access failure,,
[no retained anchor label],https://eutils.ncbi.nlm.nih.gov/entrez/eutils/esearch.fcgi?db=pubmed&term=%28%28oligonucleotide+OR+%22nucleic+acid%22+OR+siRNA%29+AND+%28%22LC-MS%22+OR+chromatography+OR+%22mass+spectrometry%22%29%29+AND+%28%222023%2F08%2F02%22%5BDate+-+Publication%5D+%3A+%222026%2F08%2F01%22%5BDate+-+Publication%5D%29&retmode=json&retmax=0,429,https://eutils.ncbi.nlm.nih.gov/entrez/eutils/esearch.fcgi?db=pubmed&term=%28%28oligonucleotide+OR+%22nucleic+acid%22+OR+siRNA%29+AND+%28%22LC-MS%22+OR+chromatography+OR+%22mass+spectrometry%22%29%29+AND+%28%222023%2F08%2F02%22%5BDate+-+Publication%5D+%3A+%222026%2F08%2F01%22%5BDate+-+Publication%5D%29&retmode=json&retmax=0,Broken,strict access failure,,
[no retained anchor label],https://eutils.ncbi.nlm.nih.gov/entrez/eutils/esearch.fcgi?db=pubmed&term=%28%28oligonucleotide+OR+%22nucleic+acid%22+OR+siRNA%29+AND+%28%22LC-MS%22+OR+chromatography+OR+%22mass+spectrometry%22%29%29+AND+%28%222025%2F07%2F30%22%5BDate+-+Publication%5D+%3A+%222026%2F07%2F30%22%5BDate+-+Publication%5D%29&retmode=json&retmax=0,429,https://eutils.ncbi.nlm.nih.gov/entrez/eutils/esearch.fcgi?db=pubmed&term=%28%28oligonucleotide+OR+%22nucleic+acid%22+OR+siRNA%29+AND+%28%22LC-MS%22+OR+chromatography+OR+%22mass+spectrometry%22%29%29+AND+%28%222025%2F07%2F30%22%5BDate+-+Publication%5D+%3A+%222026%2F07%2F30%22%5BDate+-+Publication%5D%29&retmode=json&retmax=0,Broken,strict access failure,,
[no retained anchor label],https://eutils.ncbi.nlm.nih.gov/entrez/eutils/esearch.fcgi?db=pubmed&term=%28%28oligonucleotide+OR+%22nucleic+acid%22+OR+siRNA%29+AND+%28%22LC-MS%22+OR+chromatography+OR+%22mass+spectrometry%22%29%29+AND+%28%222025%2F07%2F31%22%5BDate+-+Publication%5D+%3A+%222026%2F07%2F31%22%5BDate+-+Publication%5D%29&retmode=json&retmax=0,429,https://eutils.ncbi.nlm.nih.gov/entrez/eutils/esearch.fcgi?db=pubmed&term=%28%28oligonucleotide+OR+%22nucleic+acid%22+OR+siRNA%29+AND+%28%22LC-MS%22+OR+chromatography+OR+%22mass+spectrometry%22%29%29+AND+%28%222025%2F07%2F31%22%5BDate+-+Publication%5D+%3A+%222026%2F07%2F31%22%5BDate+-+Publication%5D%29&retmode=json&retmax=0,Broken,strict access failure,,
[no retained anchor label],https://eutils.ncbi.nlm.nih.gov/entrez/eutils/esearch.fcgi?db=pubmed&term=%28%28oligonucleotide+OR+%22nucleic+acid%22+OR+siRNA%29+AND+%28%22LC-MS%22+OR+chromatography+OR+%22mass+spectrometry%22%29%29+AND+%28%222025%2F08%2F01%22%5BDate+-+Publication%5D+%3A+%222026%2F08%2F01%22%5BDate+-+Publication%5D%29&retmode=json&retmax=0,429,https://eutils.ncbi.nlm.nih.gov/entrez/eutils/esearch.fcgi?db=pubmed&term=%28%28oligonucleotide+OR+%22nucleic+acid%22+OR+siRNA%29+AND+%28%22LC-MS%22+OR+chromatography+OR+%22mass+spectrometry%22%29%29+AND+%28%222025%2F08%2F01%22%5BDate+-+Publication%5D+%3A+%222026%2F08%2F01%22%5BDate+-+Publication%5D%29&retmode=json&retmax=0,Broken,strict access failure,,
[no retained anchor label],https://eutils.ncbi.nlm.nih.gov/entrez/eutils/esearch.fcgi?db=pubmed&term=%28%28oligonucleotide+OR+%22nucleic+acid%22+OR+siRNA%29+AND+%28%22LC-MS%22+OR+chromatography+OR+%22mass+spectrometry%22%29%29+AND+%28%222026%2F05%2F01%22%5BDate+-+Publication%5D+%3A+%222026%2F07%2F30%22%5BDate+-+Publication%5D%29&retmode=json&retmax=0,429,https://eutils.ncbi.nlm.nih.gov/entrez/eutils/esearch.fcgi?db=pubmed&term=%28%28oligonucleotide+OR+%22nucleic+acid%22+OR+siRNA%29+AND+%28%22LC-MS%22+OR+chromatography+OR+%22mass+spectrometry%22%29%29+AND+%28%222026%2F05%2F01%22%5BDate+-+Publication%5D+%3A+%222026%2F07%2F30%22%5BDate+-+Publication%5D%29&retmode=json&retmax=0,Broken,strict access failure,,
[no retained anchor label],https://eutils.ncbi.nlm.nih.gov/entrez/eutils/esearch.fcgi?db=pubmed&term=%28%28oligonucleotide+OR+%22nucleic+acid%22+OR+siRNA%29+AND+%28%22LC-MS%22+OR+chromatography+OR+%22mass+spectrometry%22%29%29+AND+%28%222026%2F05%2F02%22%5BDate+-+Publication%5D+%3A+%222026%2F07%2F31%22%5BDate+-+Publication%5D%29&retmode=json&retmax=0,429,https://eutils.ncbi.nlm.nih.gov/entrez/eutils/esearch.fcgi?db=pubmed&term=%28%28oligonucleotide+OR+%22nucleic+acid%22+OR+siRNA%29+AND+%28%22LC-MS%22+OR+chromatography+OR+%22mass+spectrometry%22%29%29+AND+%28%222026%2F05%2F02%22%5BDate+-+Publication%5D+%3A+%222026%2F07%2F31%22%5BDate+-+Publication%5D%29&retmode=json&retmax=0,Broken,strict access failure,,
[no retained anchor label],https://eutils.ncbi.nlm.nih.gov/entrez/eutils/esearch.fcgi?db=pubmed&term=%28%28oligonucleotide+OR+%22nucleic+acid%22+OR+siRNA%29+AND+%28%22LC-MS%22+OR+chromatography+OR+%22mass+spectrometry%22%29%29+AND+%28%222026%2F05%2F03%22%5BDate+-+Publication%5D+%3A+%222026%2F08%2F01%22%5BDate+-+Publication%5D%29&retmode=json&retmax=0,429,https://eutils.ncbi.nlm.nih.gov/entrez/eutils/esearch.fcgi?db=pubmed&term=%28%28oligonucleotide+OR+%22nucleic+acid%22+OR+siRNA%29+AND+%28%22LC-MS%22+OR+chromatography+OR+%22mass+spectrometry%22%29%29+AND+%28%222026%2F05%2F03%22%5BDate+-+Publication%5D+%3A+%222026%2F08%2F01%22%5BDate+-+Publication%5D%29&retmode=json&retmax=0,Broken,strict access failure,,
[no retained anchor label],https://eutils.ncbi.nlm.nih.gov/entrez/eutils/esearch.fcgi?db=pubmed&term=%28%28oligonucleotide+OR+%22nucleic+acid%22+OR+siRNA%29+AND+%28%22LC-MS%22+OR+chromatography+OR+%22mass+spectrometry%22%29%29+AND+%28%222026%2F05%2F31%22%5BDate+-+Publication%5D+%3A+%222026%2F07%2F30%22%5BDate+-+Publication%5D%29&retmode=json&retmax=0,429,https://eutils.ncbi.nlm.nih.gov/entrez/eutils/esearch.fcgi?db=pubmed&term=%28%28oligonucleotide+OR+%22nucleic+acid%22+OR+siRNA%29+AND+%28%22LC-MS%22+OR+chromatography+OR+%22mass+spectrometry%22%29%29+AND+%28%222026%2F05%2F31%22%5BDate+-+Publication%5D+%3A+%222026%2F07%2F30%22%5BDate+-+Publication%5D%29&retmode=json&retmax=0,Broken,strict access failure,,
[no retained anchor label],https://eutils.ncbi.nlm.nih.gov/entrez/eutils/esearch.fcgi?db=pubmed&term=%28%28oligonucleotide+OR+%22nucleic+acid%22+OR+siRNA%29+AND+%28%22LC-MS%22+OR+chromatography+OR+%22mass+spectrometry%22%29%29+AND+%28%222026%2F06%2F01%22%5BDate+-+Publication%5D+%3A+%222026%2F07%2F31%22%5BDate+-+Publication%5D%29&retmode=json&retmax=0,429,https://eutils.ncbi.nlm.nih.gov/entrez/eutils/esearch.fcgi?db=pubmed&term=%28%28oligonucleotide+OR+%22nucleic+acid%22+OR+siRNA%29+AND+%28%22LC-MS%22+OR+chromatography+OR+%22mass+spectrometry%22%29%29+AND+%28%222026%2F06%2F01%22%5BDate+-+Publication%5D+%3A+%222026%2F07%2F31%22%5BDate+-+Publication%5D%29&retmode=json&retmax=0,Broken,HTTP 429,,
[no retained anchor label],https://eutils.ncbi.nlm.nih.gov/entrez/eutils/esearch.fcgi?db=pubmed&term=%28%28oligonucleotide+OR+%22nucleic+acid%22+OR+siRNA%29+AND+%28%22LC-MS%22+OR+chromatography+OR+%22mass+spectrometry%22%29%29+AND+%28%222026%2F06%2F02%22%5BDate+-+Publication%5D+%3A+%222026%2F08%2F01%22%5BDate+-+Publication%5D%29&retmode=json&retmax=0,429,https://eutils.ncbi.nlm.nih.gov/entrez/eutils/esearch.fcgi?db=pubmed&term=%28%28oligonucleotide+OR+%22nucleic+acid%22+OR+siRNA%29+AND+%28%22LC-MS%22+OR+chromatography+OR+%22mass+spectrometry%22%29%29+AND+%28%222026%2F06%2F02%22%5BDate+-+Publication%5D+%3A+%222026%2F08%2F01%22%5BDate+-+Publication%5D%29&retmode=json&retmax=0,Broken,HTTP 429,,
[no retained anchor label],https://eutils.ncbi.nlm.nih.gov/entrez/eutils/esearch.fcgi?db=pubmed&term=%28%28oligonucleotide+OR+%22nucleic+acid%22+OR+siRNA%29+AND+%28%22LC-MS%22+OR+chromatography+OR+%22mass+spectrometry%22%29%29+AND+%28%222026%2F06%2F30%22%5BDate+-+Publication%5D+%3A+%222026%2F07%2F30%22%5BDate+-+Publication%5D%29&retmode=json&retmax=0,429,https://eutils.ncbi.nlm.nih.gov/entrez/eutils/esearch.fcgi?db=pubmed&term=%28%28oligonucleotide+OR+%22nucleic+acid%22+OR+siRNA%29+AND+%28%22LC-MS%22+OR+chromatography+OR+%22mass+spectrometry%22%29%29+AND+%28%222026%2F06%2F30%22%5BDate+-+Publication%5D+%3A+%222026%2F07%2F30%22%5BDate+-+Publication%5D%29&retmode=json&retmax=0,Broken,strict access failure,,
[no retained anchor label],https://eutils.ncbi.nlm.nih.gov/entrez/eutils/esearch.fcgi?db=pubmed&term=%28%28oligonucleotide+OR+%22nucleic+acid%22+OR+siRNA%29+AND+%28%22LC-MS%22+OR+chromatography+OR+%22mass+spectrometry%22%29%29+AND+%28%222026%2F07%2F01%22%5BDate+-+Publication%5D+%3A+%222026%2F07%2F31%22%5BDate+-+Publication%5D%29&retmode=json&retmax=0,429,https://eutils.ncbi.nlm.nih.gov/entrez/eutils/esearch.fcgi?db=pubmed&term=%28%28oligonucleotide+OR+%22nucleic+acid%22+OR+siRNA%29+AND+%28%22LC-MS%22+OR+chromatography+OR+%22mass+spectrometry%22%29%29+AND+%28%222026%2F07%2F01%22%5BDate+-+Publication%5D+%3A+%222026%2F07%2F31%22%5BDate+-+Publication%5D%29&retmode=json&retmax=0,Broken,HTTP 429,,
[no retained anchor label],https://eutils.ncbi.nlm.nih.gov/entrez/eutils/esearch.fcgi?db=pubmed&term=%28%28oligonucleotide+OR+%22nucleic+acid%22+OR+siRNA%29+AND+%28%22LC-MS%22+OR+chromatography+OR+%22mass+spectrometry%22%29%29+AND+%28%222026%2F07%2F02%22%5BDate+-+Publication%5D+%3A+%222026%2F08%2F01%22%5BDate+-+Publication%5D%29&retmode=json&retmax=0,429,https://eutils.ncbi.nlm.nih.gov/entrez/eutils/esearch.fcgi?db=pubmed&term=%28%28oligonucleotide+OR+%22nucleic+acid%22+OR+siRNA%29+AND+%28%22LC-MS%22+OR+chromatography+OR+%22mass+spectrometry%22%29%29+AND+%28%222026%2F07%2F02%22%5BDate+-+Publication%5D+%3A+%222026%2F08%2F01%22%5BDate+-+Publication%5D%29&retmode=json&retmax=0,Broken,strict access failure,,
[no retained anchor label],https://eutils.ncbi.nlm.nih.gov/entrez/eutils/esearch.fcgi?db=pubmed&term=%28%28proteomics+OR+metabolomics%29+AND+%28%22LC-MS%22+OR+Orbitrap+OR+%22mass+spectrometry%22%29%29+AND+%28%222021%2F07%2F31%22%5BDate+-+Publication%5D+%3A+%222026%2F07%2F30%22%5BDate+-+Publication%5D%29&retmode=json&retmax=0,429,https://eutils.ncbi.nlm.nih.gov/entrez/eutils/esearch.fcgi?db=pubmed&term=%28%28proteomics+OR+metabolomics%29+AND+%28%22LC-MS%22+OR+Orbitrap+OR+%22mass+spectrometry%22%29%29+AND+%28%222021%2F07%2F31%22%5BDate+-+Publication%5D+%3A+%222026%2F07%2F30%22%5BDate+-+Publication%5D%29&retmode=json&retmax=0,Broken,strict access failure,,
[no retained anchor label],https://eutils.ncbi.nlm.nih.gov/entrez/eutils/esearch.fcgi?db=pubmed&term=%28%28proteomics+OR+metabolomics%29+AND+%28%22LC-MS%22+OR+Orbitrap+OR+%22mass+spectrometry%22%29%29+AND+%28%222021%2F08%2F01%22%5BDate+-+Publication%5D+%3A+%222026%2F07%2F31%22%5BDate+-+Publication%5D%29&retmode=json&retmax=0,429,https://eutils.ncbi.nlm.nih.gov/entrez/eutils/esearch.fcgi?db=pubmed&term=%28%28proteomics+OR+metabolomics%29+AND+%28%22LC-MS%22+OR+Orbitrap+OR+%22mass+spectrometry%22%29%29+AND+%28%222021%2F08%2F01%22%5BDate+-+Publication%5D+%3A+%222026%2F07%2F31%22%5BDate+-+Publication%5D%29&retmode=json&retmax=0,Broken,strict access failure,,
[no retained anchor label],https://eutils.ncbi.nlm.nih.gov/entrez/eutils/esearch.fcgi?db=pubmed&term=%28%28proteomics+OR+metabolomics%29+AND+%28%22LC-MS%22+OR+Orbitrap+OR+%22mass+spectrometry%22%29%29+AND+%28%222021%2F08%2F02%22%5BDate+-+Publication%5D+%3A+%222026%2F08%2F01%22%5BDate+-+Publication%5D%29&retmode=json&retmax=0,429,https://eutils.ncbi.nlm.nih.gov/entrez/eutils/esearch.fcgi?db=pubmed&term=%28%28proteomics+OR+metabolomics%29+AND+%28%22LC-MS%22+OR+Orbitrap+OR+%22mass+spectrometry%22%29%29+AND+%28%222021%2F08%2F02%22%5BDate+-+Publication%5D+%3A+%222026%2F08%2F01%22%5BDate+-+Publication%5D%29&retmode=json&retmax=0,Broken,strict access failure,,
[no retained anchor label],https://eutils.ncbi.nlm.nih.gov/entrez/eutils/esearch.fcgi?db=pubmed&term=%28%28proteomics+OR+metabolomics%29+AND+%28%22LC-MS%22+OR+Orbitrap+OR+%22mass+spectrometry%22%29%29+AND+%28%222023%2F07%2F31%22%5BDate+-+Publication%5D+%3A+%222026%2F07%2F30%22%5BDate+-+Publication%5D%29&retmode=json&retmax=0,429,https://eutils.ncbi.nlm.nih.gov/entrez/eutils/esearch.fcgi?db=pubmed&term=%28%28proteomics+OR+metabolomics%29+AND+%28%22LC-MS%22+OR+Orbitrap+OR+%22mass+spectrometry%22%29%29+AND+%28%222023%2F07%2F31%22%5BDate+-+Publication%5D+%3A+%222026%2F07%2F30%22%5BDate+-+Publication%5D%29&retmode=json&retmax=0,Broken,strict access failure,,
[no retained anchor label],https://eutils.ncbi.nlm.nih.gov/entrez/eutils/esearch.fcgi?db=pubmed&term=%28%28proteomics+OR+metabolomics%29+AND+%28%22LC-MS%22+OR+Orbitrap+OR+%22mass+spectrometry%22%29%29+AND+%28%222023%2F08%2F01%22%5BDate+-+Publication%5D+%3A+%222026%2F07%2F31%22%5BDate+-+Publication%5D%29&retmode=json&retmax=0,429,https://eutils.ncbi.nlm.nih.gov/entrez/eutils/esearch.fcgi?db=pubmed&term=%28%28proteomics+OR+metabolomics%29+AND+%28%22LC-MS%22+OR+Orbitrap+OR+%22mass+spectrometry%22%29%29+AND+%28%222023%2F08%2F01%22%5BDate+-+Publication%5D+%3A+%222026%2F07%2F31%22%5BDate+-+Publication%5D%29&retmode=json&retmax=0,Broken,strict access failure,,
[no retained anchor label],https://eutils.ncbi.nlm.nih.gov/entrez/eutils/esearch.fcgi?db=pubmed&term=%28%28proteomics+OR+metabolomics%29+AND+%28%22LC-MS%22+OR+Orbitrap+OR+%22mass+spectrometry%22%29%29+AND+%28%222023%2F08%2F02%22%5BDate+-+Publication%5D+%3A+%222026%2F08%2F01%22%5BDate+-+Publication%5D%29&retmode=json&retmax=0,429,https://eutils.ncbi.nlm.nih.gov/entrez/eutils/esearch.fcgi?db=pubmed&term=%28%28proteomics+OR+metabolomics%29+AND+%28%22LC-MS%22+OR+Orbitrap+OR+%22mass+spectrometry%22%29%29+AND+%28%222023%2F08%2F02%22%5BDate+-+Publication%5D+%3A+%222026%2F08%2F01%22%5BDate+-+Publication%5D%29&retmode=json&retmax=0,Broken,strict access failure,,
[no retained anchor label],https://eutils.ncbi.nlm.nih.gov/entrez/eutils/esearch.fcgi?db=pubmed&term=%28%28proteomics+OR+metabolomics%29+AND+%28%22LC-MS%22+OR+Orbitrap+OR+%22mass+spectrometry%22%29%29+AND+%28%222025%2F07%2F30%22%5BDate+-+Publication%5D+%3A+%222026%2F07%2F30%22%5BDate+-+Publication%5D%29&retmode=json&retmax=0,429,https://eutils.ncbi.nlm.nih.gov/entrez/eutils/esearch.fcgi?db=pubmed&term=%28%28proteomics+OR+metabolomics%29+AND+%28%22LC-MS%22+OR+Orbitrap+OR+%22mass+spectrometry%22%29%29+AND+%28%222025%2F07%2F30%22%5BDate+-+Publication%5D+%3A+%222026%2F07%2F30%22%5BDate+-+Publication%5D%29&retmode=json&retmax=0,Broken,strict access failure,,
[no retained anchor label],https://eutils.ncbi.nlm.nih.gov/entrez/eutils/esearch.fcgi?db=pubmed&term=%28%28proteomics+OR+metabolomics%29+AND+%28%22LC-MS%22+OR+Orbitrap+OR+%22mass+spectrometry%22%29%29+AND+%28%222025%2F07%2F31%22%5BDate+-+Publication%5D+%3A+%222026%2F07%2F31%22%5BDate+-+Publication%5D%29&retmode=json&retmax=0,429,https://eutils.ncbi.nlm.nih.gov/entrez/eutils/esearch.fcgi?db=pubmed&term=%28%28proteomics+OR+metabolomics%29+AND+%28%22LC-MS%22+OR+Orbitrap+OR+%22mass+spectrometry%22%29%29+AND+%28%222025%2F07%2F31%22%5BDate+-+Publication%5D+%3A+%222026%2F07%2F31%22%5BDate+-+Publication%5D%29&retmode=json&retmax=0,Broken,strict access failure,,
[no retained anchor label],https://eutils.ncbi.nlm.nih.gov/entrez/eutils/esearch.fcgi?db=pubmed&term=%28%28proteomics+OR+metabolomics%29+AND+%28%22LC-MS%22+OR+Orbitrap+OR+%22mass+spectrometry%22%29%29+AND+%28%222025%2F08%2F01%22%5BDate+-+Publication%5D+%3A+%222026%2F08%2F01%22%5BDate+-+Publication%5D%29&retmode=json&retmax=0,429,https://eutils.ncbi.nlm.nih.gov/entrez/eutils/esearch.fcgi?db=pubmed&term=%28%28proteomics+OR+metabolomics%29+AND+%28%22LC-MS%22+OR+Orbitrap+OR+%22mass+spectrometry%22%29%29+AND+%28%222025%2F08%2F01%22%5BDate+-+Publication%5D+%3A+%222026%2F08%2F01%22%5BDate+-+Publication%5D%29&retmode=json&retmax=0,Broken,strict access failure,,
[no retained anchor label],https://eutils.ncbi.nlm.nih.gov/entrez/eutils/esearch.fcgi?db=pubmed&term=%28%28proteomics+OR+metabolomics%29+AND+%28%22LC-MS%22+OR+Orbitrap+OR+%22mass+spectrometry%22%29%29+AND+%28%222026%2F05%2F01%22%5BDate+-+Publication%5D+%3A+%222026%2F07%2F30%22%5BDate+-+Publication%5D%29&retmode=json&retmax=0,429,https://eutils.ncbi.nlm.nih.gov/entrez/eutils/esearch.fcgi?db=pubmed&term=%28%28proteomics+OR+metabolomics%29+AND+%28%22LC-MS%22+OR+Orbitrap+OR+%22mass+spectrometry%22%29%29+AND+%28%222026%2F05%2F01%22%5BDate+-+Publication%5D+%3A+%222026%2F07%2F30%22%5BDate+-+Publication%5D%29&retmode=json&retmax=0,Broken,strict access failure,,
[no retained anchor label],https://eutils.ncbi.nlm.nih.gov/entrez/eutils/esearch.fcgi?db=pubmed&term=%28%28proteomics+OR+metabolomics%29+AND+%28%22LC-MS%22+OR+Orbitrap+OR+%22mass+spectrometry%22%29%29+AND+%28%222026%2F05%2F02%22%5BDate+-+Publication%5D+%3A+%222026%2F07%2F31%22%5BDate+-+Publication%5D%29&retmode=json&retmax=0,429,https://eutils.ncbi.nlm.nih.gov/entrez/eutils/esearch.fcgi?db=pubmed&term=%28%28proteomics+OR+metabolomics%29+AND+%28%22LC-MS%22+OR+Orbitrap+OR+%22mass+spectrometry%22%29%29+AND+%28%222026%2F05%2F02%22%5BDate+-+Publication%5D+%3A+%222026%2F07%2F31%22%5BDate+-+Publication%5D%29&retmode=json&retmax=0,Broken,strict access failure,,
[no retained anchor label],https://eutils.ncbi.nlm.nih.gov/entrez/eutils/esearch.fcgi?db=pubmed&term=%28%28proteomics+OR+metabolomics%29+AND+%28%22LC-MS%22+OR+Orbitrap+OR+%22mass+spectrometry%22%29%29+AND+%28%222026%2F05%2F03%22%5BDate+-+Publication%5D+%3A+%222026%2F08%2F01%22%5BDate+-+Publication%5D%29&retmode=json&retmax=0,429,https://eutils.ncbi.nlm.nih.gov/entrez/eutils/esearch.fcgi?db=pubmed&term=%28%28proteomics+OR+metabolomics%29+AND+%28%22LC-MS%22+OR+Orbitrap+OR+%22mass+spectrometry%22%29%29+AND+%28%222026%2F05%2F03%22%5BDate+-+Publication%5D+%3A+%222026%2F08%2F01%22%5BDate+-+Publication%5D%29&retmode=json&retmax=0,Broken,strict access failure,,
[no retained anchor label],https://eutils.ncbi.nlm.nih.gov/entrez/eutils/esearch.fcgi?db=pubmed&term=%28%28proteomics+OR+metabolomics%29+AND+%28%22LC-MS%22+OR+Orbitrap+OR+%22mass+spectrometry%22%29%29+AND+%28%222026%2F05%2F31%22%5BDate+-+Publication%5D+%3A+%222026%2F07%2F30%22%5BDate+-+Publication%5D%29&retmode=json&retmax=0,429,https://eutils.ncbi.nlm.nih.gov/entrez/eutils/esearch.fcgi?db=pubmed&term=%28%28proteomics+OR+metabolomics%29+AND+%28%22LC-MS%22+OR+Orbitrap+OR+%22mass+spectrometry%22%29%29+AND+%28%222026%2F05%2F31%22%5BDate+-+Publication%5D+%3A+%222026%2F07%2F30%22%5BDate+-+Publication%5D%29&retmode=json&retmax=0,Broken,strict access failure,,
[no retained anchor label],https://eutils.ncbi.nlm.nih.gov/entrez/eutils/esearch.fcgi?db=pubmed&term=%28%28proteomics+OR+metabolomics%29+AND+%28%22LC-MS%22+OR+Orbitrap+OR+%22mass+spectrometry%22%29%29+AND+%28%222026%2F06%2F01%22%5BDate+-+Publication%5D+%3A+%222026%2F07%2F31%22%5BDate+-+Publication%5D%29&retmode=json&retmax=0,429,https://eutils.ncbi.nlm.nih.gov/entrez/eutils/esearch.fcgi?db=pubmed&term=%28%28proteomics+OR+metabolomics%29+AND+%28%22LC-MS%22+OR+Orbitrap+OR+%22mass+spectrometry%22%29%29+AND+%28%222026%2F06%2F01%22%5BDate+-+Publication%5D+%3A+%222026%2F07%2F31%22%5BDate+-+Publication%5D%29&retmode=json&retmax=0,Broken,strict access failure,,
[no retained anchor label],https://eutils.ncbi.nlm.nih.gov/entrez/eutils/esearch.fcgi?db=pubmed&term=%28%28proteomics+OR+metabolomics%29+AND+%28%22LC-MS%22+OR+Orbitrap+OR+%22mass+spectrometry%22%29%29+AND+%28%222026%2F06%2F02%22%5BDate+-+Publication%5D+%3A+%222026%2F08%2F01%22%5BDate+-+Publication%5D%29&retmode=json&retmax=0,429,https://eutils.ncbi.nlm.nih.gov/entrez/eutils/esearch.fcgi?db=pubmed&term=%28%28proteomics+OR+metabolomics%29+AND+%28%22LC-MS%22+OR+Orbitrap+OR+%22mass+spectrometry%22%29%29+AND+%28%222026%2F06%2F02%22%5BDate+-+Publication%5D+%3A+%222026%2F08%2F01%22%5BDate+-+Publication%5D%29&retmode=json&retmax=0,Broken,HTTP 429,,
[no retained anchor label],https://eutils.ncbi.nlm.nih.gov/entrez/eutils/esearch.fcgi?db=pubmed&term=%28%28proteomics+OR+metabolomics%29+AND+%28%22LC-MS%22+OR+Orbitrap+OR+%22mass+spectrometry%22%29%29+AND+%28%222026%2F07%2F01%22%5BDate+-+Publication%5D+%3A+%222026%2F07%2F31%22%5BDate+-+Publication%5D%29&retmode=json&retmax=0,429,https://eutils.ncbi.nlm.nih.gov/entrez/eutils/esearch.fcgi?db=pubmed&term=%28%28proteomics+OR+metabolomics%29+AND+%28%22LC-MS%22+OR+Orbitrap+OR+%22mass+spectrometry%22%29%29+AND+%28%222026%2F07%2F01%22%5BDate+-+Publication%5D+%3A+%222026%2F07%2F31%22%5BDate+-+Publication%5D%29&retmode=json&retmax=0,Broken,strict access failure,,
[no retained anchor label],https://get.informaconnect.com/tides-europe-agenda/?utm_source=Website&amp;utm_medium=Hero-CTA,200,https://get.informaconnect.com/tides-europe-agenda/?utm_source=Website&amp;utm_medium=Hero-CTA,Broken,HTTP response contains an access-control or bot-challenge page,,
[no retained anchor label],https://get.informaconnect.com/tides-europe-agenda/?utm_source=Website&amp;utm_medium=Nav-Bar,200,https://get.informaconnect.com/tides-europe-agenda/?utm_source=Website&amp;utm_medium=Nav-Bar,Broken,HTTP response contains an access-control or bot-challenge page,,
[no retained anchor label],https://get.informaconnect.com/tides-series/sponsorship/?utm_source=CORE&amp;utm_medium=WEB-INQ&amp;utm_campaign=TIDESeurope-home,200,https://get.informaconnect.com/tides-series/sponsorship/?utm_source=CORE&amp;utm_medium=WEB-INQ&amp;utm_campaign=TIDESeurope-home,Broken,HTTP response contains an access-control or bot-challenge page,,
[no retained anchor label],https://get.informaconnect.com/tides-series/sponsorship/?utm_source=CORE&amp;utm_medium=WEB-INQ&amp;utm_campaign=tidesus_home_floorplan,200,https://get.informaconnect.com/tides-series/sponsorship/?utm_source=CORE&amp;utm_medium=WEB-INQ&amp;utm_campaign=tidesus_home_floorplan,Broken,HTTP response contains an access-control or bot-challenge page,,
[no retained anchor label],https://get.informaconnect.com/tides-series/sponsorship/?utm_source=organic&amp;utm_medium=CORE&amp;utm_campaign=tidesusa-home,200,https://get.informaconnect.com/tides-series/sponsorship/?utm_source=organic&amp;utm_medium=CORE&amp;utm_campaign=tidesusa-home,Broken,HTTP response contains an access-control or bot-challenge page,,
[no retained anchor label],https://help.waters.com/content/dam/waters/en/support/releasenotes/2024/715009558/715009558v02.pdf,403,https://help.waters.com/content/dam/waters/en/support/releasenotes/2024/715009558/715009558v02.pdf,Broken,HTTP response contains an access-control or bot-challenge page,,
[no retained anchor label],https://help.waters.com/content/dam/waters/en/support/usermanuals/2022/715008065/715008065.pdf,403,https://help.waters.com/content/dam/waters/en/support/usermanuals/2022/715008065/715008065.pdf,Broken,login/access or redirect wall,,data/technical_comparisons.json: | data/technical_comparisons.json:profiles.4 | data/technical_comparisons.json:profiles.4.rows.1 | data/technical_comparisons.json:profiles.4.rows.2
[no retained anchor label],https://help.waters.com/content/dam/waters/en/support/usermanuals/2024/715007574/715007574v03.pdf,403,https://help.waters.com/content/dam/waters/en/support/usermanuals/2024/715007574/715007574v03.pdf,Broken,HTTP response contains an access-control or bot-challenge page,,
Alliance 2695 Separations Module,https://help.waters.com/content/dam/waters/it/support/usermanuals/2004/71500269502/71500269502rb.pdf,403,https://help.waters.com/content/dam/waters/it/support/usermanuals/2004/71500269502/71500269502rb.pdf,Broken,login/access or redirect wall,,data/product_comparisons.json: | data/product_comparisons.json:watersSystems.8
[no retained anchor label],https://help.waters.com/help/en/product-support/alliance-is-system-support/715008450/80EE6BE.html,403,https://help.waters.com/help/en/product-support/alliance-is-system-support/715008450/80EE6BE.html,Broken,HTTP response contains an access-control or bot-challenge page,,
Data Source Inventory | Just a moment...,https://ir.thermofisher.com/investors/news-events/news/default.aspx,200,https://ir.thermofisher.com/investors/news-events/news/default.aspx,Broken,HTTP response contains an access-control or bot-challenge page,,data/competitor_monitors.json: | data/competitor_monitors.json:competitors | data/competitor_monitors.json:competitors.Thermo Fisher | data/competitor_monitors.json:competitors.Thermo Fisher.source_status.4 | data/intelligence.json: | data/intelligence.json:competitorExtraction | data/intelligence.json:competitorExtraction.competitors | data/intelligence.json:competitorExtraction.competitors.Thermo Fisher | data/intelligence.json:competitorExtraction.competitors.Thermo Fisher.sourceStatus.4 | data/intelligence.json:sourceHealth.0 | data/source_catalog.json: | data/source_catalog.json:sources.0
Orbitrap Elite Mass Spectrometer | Q Exactive Orbitrap Mass Spectrometer,https://ir.thermofisher.com/investors/news-events/news/news-details/2011/Thermo-Fisher-Scientific-Launches-New-Cutting-Edge-Mass-Spectrometry-Instruments-at-ASMS-2011-2011-6-6/default.aspx,200,https://ir.thermofisher.com/investors/news-events/news/news-details/2011/Thermo-Fisher-Scientific-Launches-New-Cutting-Edge-Mass-Spectrometry-Instruments-at-ASMS-2011-2011-6-6/default.aspx,Broken,HTTP response contains an access-control or bot-challenge page,,data/historical_product_catalog.json: | data/historical_product_catalog.json:products.49 | data/historical_product_catalog.json:products.50
Q Exactive HF Orbitrap Mass Spectrometer,https://ir.thermofisher.com/investors/news-events/news/news-details/2014/Thermo-Fisher-Scientific-Strengthens-its-Industry-Leading-Mass-Spectrometry-Portfolio-at-ASMS-2014-2014-6-16/default.aspx,200,https://ir.thermofisher.com/investors/news-events/news/news-details/2014/Thermo-Fisher-Scientific-Strengthens-its-Industry-Leading-Mass-Spectrometry-Portfolio-at-ASMS-2014-2014-6-16/default.aspx,Broken,HTTP response contains an access-control or bot-challenge page,,data/historical_product_catalog.json: | data/historical_product_catalog.json:products.53
Q Exactive Focus Orbitrap Mass Spectrometer,https://ir.thermofisher.com/investors/news-events/news/news-details/2015/Thermo-Fisher-Scientific-Strengthens-Technology-Leadership-in-Applied-Markets-at-Pittcon-2015-2015-3-9/default.aspx,200,https://ir.thermofisher.com/investors/news-events/news/news-details/2015/Thermo-Fisher-Scientific-Strengthens-Technology-Leadership-in-Applied-Markets-at-Pittcon-2015-2015-3-9/default.aspx,Broken,HTTP response contains an access-control or bot-challenge page,,data/historical_product_catalog.json: | data/historical_product_catalog.json:products.55
Q Exactive BioPharma Mass Spectrometer | Vanquish Flex UHPLC,https://ir.thermofisher.com/investors/news-events/news/news-details/2016/Thermo-Fisher-Scientific-Strengthens-Life-Sciences-Leadership-with-New-Instruments-Launched-at-ASMS-2016-2016-6-6/default.aspx,200,https://ir.thermofisher.com/investors/news-events/news/news-details/2016/Thermo-Fisher-Scientific-Strengthens-Life-Sciences-Leadership-with-New-Instruments-Launched-at-ASMS-2016-2016-6-6/default.aspx,Broken,HTTP response contains an access-control or bot-challenge page,,data/historical_product_catalog.json: | data/historical_product_catalog.json:products.56 | data/historical_product_catalog.json:products.58
Q Exactive HF-X Orbitrap Mass Spectrometer | TSQ Altis Triple Quadrupole Mass Spectrometer | TSQ Quantis Triple Quadrupole Mass Spectrometer,https://ir.thermofisher.com/investors/news-events/news/news-details/2017/Thermo-Fisher-Scientific-Raises-the-Bar-in-Mass-Spectrometry-Innovation-at-ASMS-2017-2017-6-5/default.aspx,200,https://ir.thermofisher.com/investors/news-events/news/news-details/2017/Thermo-Fisher-Scientific-Raises-the-Bar-in-Mass-Spectrometry-Innovation-at-ASMS-2017-2017-6-5/default.aspx,Broken,HTTP response contains an access-control or bot-challenge page,,data/historical_product_catalog.json: | data/historical_product_catalog.json:products.59 | data/historical_product_catalog.json:products.60 | data/historical_product_catalog.json:products.61
Q Exactive UHMR Orbitrap Mass Spectrometer,https://ir.thermofisher.com/investors/news-events/news/news-details/2018/Thermo-Fisher-Scientific-Shows-Newest-Mass-Spectrometry-Innovations-at-ASMS-2018-2018-6-4/default.aspx,200,https://ir.thermofisher.com/investors/news-events/news/news-details/2018/Thermo-Fisher-Scientific-Shows-Newest-Mass-Spectrometry-Innovations-at-ASMS-2018-2018-6-4/default.aspx,Broken,HTTP response contains an access-control or bot-challenge page,,data/historical_product_catalog.json: | data/historical_product_catalog.json:products.64
Orbitrap Astral Mass Spectrometer,https://ir.thermofisher.com/investors/news-events/news/news-details/2023/Thermo-Fisher-Scientific-Introduces-Groundbreaking-Mass-Spectrometer-to-Revolutionize-Biological-Discovery/default.aspx,200,https://ir.thermofisher.com/investors/news-events/news/news-details/2023/Thermo-Fisher-Scientific-Introduces-Groundbreaking-Mass-Spectrometer-to-Revolutionize-Biological-Discovery/default.aspx,Broken,HTTP response contains an access-control or bot-challenge page,,data/historical_product_catalog.json: | data/historical_product_catalog.json:products.74
Stellar Mass Spectrometer,https://ir.thermofisher.com/investors/news-events/news/news-details/2024/Thermo-Fisher-Scientific-Introduces-Innovative-Mass-Spectrometer-to-Advance-Clinical-Research/default.aspx,200,https://ir.thermofisher.com/investors/news-events/news/news-details/2024/Thermo-Fisher-Scientific-Introduces-Innovative-Mass-Spectrometer-to-Advance-Clinical-Research/default.aspx,Broken,HTTP response contains an access-control or bot-challenge page,,data/historical_product_catalog.json: | data/historical_product_catalog.json:products.75
Thermo Fisher Scientific Announces Quarterly Dividend,https://ir.thermofisher.com/investors/news-events/news/news-details/2026/Thermo-Fisher-Scientific-Announces-Quarterly-Dividend-3dcda308b/default.aspx,200,https://ir.thermofisher.com/investors/news-events/news/news-details/2026/Thermo-Fisher-Scientific-Announces-Quarterly-Dividend-3dcda308b/default.aspx,Broken,HTTP response contains an access-control or bot-challenge page,,data/competitor_monitors.json: | data/competitor_monitors.json:competitors | data/competitor_monitors.json:competitors.Thermo Fisher | data/competitor_monitors.json:competitors.Thermo Fisher.new_press_releases.1 | data/intelligence.json: | data/intelligence.json:signals.165
[no retained anchor label],https://ir.thermofisher.com/investors/news-events/news/news-details/2026/Thermo-Fisher-Scientific-Announces-Quarterly-Dividend/default.aspx,200,https://ir.thermofisher.com/investors/news-events/news/news-details/2026/Thermo-Fisher-Scientific-Announces-Quarterly-Dividend/default.aspx,Broken,HTTP response contains an access-control or bot-challenge page,,
[no retained anchor label],https://ir.thermofisher.com/investors/news-events/news/news-details/2026/Thermo-Fisher-Scientific-Expands-Global-Biobank-Leadership-Through-Strategic-Collaboration-with-PRECISE-SG100K-Singapore-to-Advance-Population-Scale-Proteomics/default.aspx,200,https://ir.thermofisher.com/investors/news-events/news/news-details/2026/Thermo-Fisher-Scientific-Expands-Global-Biobank-Leadership-Through-Strategic-Collaboration-with-PRECISE-SG100K-Singapore-to-Advance-Population-Scale-Proteomics/default.aspx,Broken,HTTP response contains an access-control or bot-challenge page,,
[no retained anchor label],https://ir.thermofisher.com/investors/news-events/news/news-details/2026/Thermo-Fisher-Scientific-Highlights-Industry-Leadership-Growth-Outlook-and-Long-Term-Value-Creation-at-2026-Investor-Day/default.aspx,200,https://ir.thermofisher.com/investors/news-events/news/news-details/2026/Thermo-Fisher-Scientific-Highlights-Industry-Leadership-Growth-Outlook-and-Long-Term-Value-Creation-at-2026-Investor-Day/default.aspx,Broken,HTTP response contains an access-control or bot-challenge page,,
[no retained anchor label],https://ir.thermofisher.com/investors/news-events/news/news-details/2026/Thermo-Fisher-Scientific-Signs-Agreement-to-Sell-its-Microbiology-Business-to-Astorg/default.aspx,200,https://ir.thermofisher.com/investors/news-events/news/news-details/2026/Thermo-Fisher-Scientific-Signs-Agreement-to-Sell-its-Microbiology-Business-to-Astorg/default.aspx,Broken,HTTP response contains an access-control or bot-challenge page,,
Orbitrap Excedion Pro Mass Spectrometer | Orbitrap Tribrid Apex Mass Spectrometer,https://ir.thermofisher.com/investors/news-events/news/news-details/2026/Thermo-Fisher-Scientific-Unveils-Next-generation-Innovations-at-ASMS-2026-to-Accelerate-the-Path-from-Drug-Discovery-to-New-Therapies/default.aspx,200,https://ir.thermofisher.com/investors/news-events/news/news-details/2026/Thermo-Fisher-Scientific-Unveils-Next-generation-Innovations-at-ASMS-2026-to-Accelerate-the-Path-from-Drug-Discovery-to-New-Therapies/default.aspx,Broken,HTTP response contains an access-control or bot-challenge page,,data/historical_product_catalog.json: | data/historical_product_catalog.json:products.76 | data/historical_product_catalog.json:products.77
"Thermo Fisher Scientific to Hold Earnings Conference Call on Thursday, July 23, 2026",https://ir.thermofisher.com/investors/news-events/news/news-details/2026/Thermo-Fisher-Scientific-to-Hold-Earnings-Conference-Call-on-Thursday-July-23-2026/default.aspx,200,https://ir.thermofisher.com/investors/news-events/news/news-details/2026/Thermo-Fisher-Scientific-to-Hold-Earnings-Conference-Call-on-Thursday-July-23-2026/default.aspx,Broken,HTTP response contains an access-control or bot-challenge page,,data/competitor_monitors.json: | data/competitor_monitors.json:competitors | data/competitor_monitors.json:competitors.Thermo Fisher | data/competitor_monitors.json:competitors.Thermo Fisher.new_press_releases.2 | data/intelligence.json: | data/intelligence.json:signals.168
[no retained anchor label],https://ir.thermofisher.com/investors/news-events/news/news-details/2026/Thermo-Fisher-Scientific-to-Host-Investor-Day/default.aspx,200,https://ir.thermofisher.com/investors/news-events/news/news-details/2026/Thermo-Fisher-Scientific-to-Host-Investor-Day/default.aspx,Broken,HTTP response contains an access-control or bot-challenge page,,
ACQUITY Arc System,https://ir.waters.com/News--Events/newsroom/news-details/2015/Waters-Introduces-the-New-ACQUITY-Arc-System-Designed-as-a-Bridge-between-HPLC-and-UPLC-Methods/default.aspx,200,https://ir.waters.com/News--Events/newsroom/news-details/2015/Waters-Introduces-the-New-ACQUITY-Arc-System-Designed-as-a-Bridge-between-HPLC-and-UPLC-Methods/default.aspx,Broken,HTTP response contains an access-control or bot-challenge page,,data/historical_waters_catalog.json: | data/historical_waters_catalog.json:products.24
Arc HPLC System,https://ir.waters.com/News--Events/newsroom/news-details/2020/Waters-Introduces-the-New-Arc-High-Performance-Liquid-Chromatograph-to-Help-Laboratories-Meet-Quality-and-Production-Targets/default.aspx,200,https://ir.waters.com/News--Events/newsroom/news-details/2020/Waters-Introduces-the-New-Arc-High-Performance-Liquid-Chromatograph-to-Help-Laboratories-Meet-Quality-and-Production-Targets/default.aspx,Broken,HTTP response contains an access-control or bot-challenge page,,data/product_comparisons.json: | data/product_comparisons.json:watersSystems.3
Arc Premier System,https://ir.waters.com/News--Events/newsroom/news-details/2021/Waters-Arc-Premier-System-Delivers-Increased-Precision-and-Certainty-in-Chromatographic-Results/default.aspx,200,https://ir.waters.com/News--Events/newsroom/news-details/2021/Waters-Arc-Premier-System-Delivers-Increased-Precision-and-Certainty-in-Chromatographic-Results/default.aspx,Broken,HTTP response contains an access-control or bot-challenge page,,data/historical_waters_catalog.json: | data/historical_waters_catalog.json:products.36
BioAccord LC-MS System with ACQUITY Premier,https://ir.waters.com/News--Events/newsroom/news-details/2021/Waters-BioAccord-System-with-ACQUITY-Premier-Brings-Greater-Simplicity-Accuracy-and-Reproducibility-to-Multi-Attribute-Monitoring-of-Biopharmaceuticals/default.aspx,200,https://ir.waters.com/News--Events/newsroom/news-details/2021/Waters-BioAccord-System-with-ACQUITY-Premier-Brings-Greater-Simplicity-Accuracy-and-Reproducibility-to-Multi-Attribute-Monitoring-of-Biopharmaceuticals/default.aspx,Broken,HTTP response contains an access-control or bot-challenge page,,data/product_comparisons.json: | data/product_comparisons.json:watersSystems.4
Xevo TQ Absolute,https://ir.waters.com/News--Events/newsroom/news-details/2022/Waters-Introduces-Xevo-TQ-Absolute--The-Most-Sensitive-and-Compact-Benchtop-Tandem-Quadrupole-Mass-Spectrometer/default.aspx,200,https://ir.waters.com/News--Events/newsroom/news-details/2022/Waters-Introduces-Xevo-TQ-Absolute--The-Most-Sensitive-and-Compact-Benchtop-Tandem-Quadrupole-Mass-Spectrometer/default.aspx,Broken,HTTP response contains an access-control or bot-challenge page,,data/product_comparisons.json: | data/product_comparisons.json:watersSystems.5
Alliance iS HPLC System,https://ir.waters.com/News--Events/newsroom/news-details/2023/Waters-Introduces-Next-Generation-Alliance-iS-HPLC-System-Aimed-at-Reducing-Up-to-40-of-Common-Lab-Errors/default.aspx,200,https://ir.waters.com/News--Events/newsroom/news-details/2023/Waters-Introduces-Next-Generation-Alliance-iS-HPLC-System-Aimed-at-Reducing-Up-to-40-of-Common-Lab-Errors/default.aspx,Broken,HTTP response contains an access-control or bot-challenge page,,data/product_comparisons.json: | data/product_comparisons.json:watersSystems.2
ACQUITY QDa II Mass Detector | ACQUITY QDa Mass Detector,https://ir.waters.com/News--Events/newsroom/news-details/2024/Waters-ACQUITY-QDa-II-Mass-Detector-Delivers-Wider-Range-of-Chemical-Analysis-within-Cost-Effective-Lower-Energy-Instrument/default.aspx,200,https://ir.waters.com/News--Events/newsroom/news-details/2024/Waters-ACQUITY-QDa-II-Mass-Detector-Delivers-Wider-Range-of-Chemical-Analysis-within-Cost-Effective-Lower-Energy-Instrument/default.aspx,Broken,HTTP response contains an access-control or bot-challenge page,,data/historical_waters_catalog.json: | data/historical_waters_catalog.json:products.19 | data/historical_waters_catalog.json:products.41
Alliance iS Bio HPLC System,https://ir.waters.com/News--Events/newsroom/news-details/2024/Waters-Launches-Alliance-iS-Bio-HPLC-System-to-Help-Biopharma-QC-Labs-Increase-Efficiency-and-Reduce-Errors/default.aspx,200,https://ir.waters.com/News--Events/newsroom/news-details/2024/Waters-Launches-Alliance-iS-Bio-HPLC-System-to-Help-Biopharma-QC-Labs-Increase-Efficiency-and-Reduce-Errors/default.aspx,Broken,HTTP response contains an access-control or bot-challenge page,,data/historical_waters_catalog.json: | data/historical_waters_catalog.json:products.40
Xevo MRT Mass Spectrometer,https://ir.waters.com/News--Events/newsroom/news-details/2024/Waters-Sets-New-Standards-for-High-Resolution-Performance-and-Speed-with-Xevo-MRT-Mass-Spectrometer/default.aspx,200,https://ir.waters.com/News--Events/newsroom/news-details/2024/Waters-Sets-New-Standards-for-High-Resolution-Performance-and-Speed-with-Xevo-MRT-Mass-Spectrometer/default.aspx,Broken,HTTP response contains an access-control or bot-challenge page,,data/historical_waters_catalog.json: | data/historical_waters_catalog.json:products.42
Xevo TQ Absolute XR Mass Spectrometer,https://ir.waters.com/News--Events/newsroom/news-details/2025/Waters-Sets-a-New-Benchmark-for-Robustness-and-Sensitivity-for-High-Throughput-Labs-with-the-Xevo-TQ-Absolute-XR-Mass-Spectrometer/default.aspx,200,https://ir.waters.com/News--Events/newsroom/news-details/2025/Waters-Sets-a-New-Benchmark-for-Robustness-and-Sensitivity-for-High-Throughput-Labs-with-the-Xevo-TQ-Absolute-XR-Mass-Spectrometer/default.aspx,Broken,HTTP response contains an access-control or bot-challenge page,,data/historical_waters_catalog.json: | data/historical_waters_catalog.json:products.43
[no retained anchor label],https://issxmeetings.org/2026-euro/call-for-abstracts,200,https://issxmeetings.org/2026-euro/call-for-abstracts,Broken,HTTP response contains an access-control or bot-challenge page,,
[no retained anchor label],https://issxmeetings.org/2026-euro/exhibit-and-sponsor,200,https://issxmeetings.org/2026-euro/exhibit-and-sponsor,Broken,HTTP response contains an access-control or bot-challenge page,,
ISSX EU (International Society for the Study of Xenobiotics),https://issxmeetings.org/2026-euro/home,200,https://issxmeetings.org/2026-euro/home,Broken,HTTP response contains an access-control or bot-challenge page,,data/conference_sources.json: | data/conference_sources.json:events.15
[no retained anchor label],https://issxmeetings.org/2026-euro/meeting-program,200,https://issxmeetings.org/2026-euro/meeting-program,Broken,HTTP response contains an access-control or bot-challenge page,,
[no retained anchor label],https://issxmeetings.org/2026-euro/sponsors,200,https://issxmeetings.org/2026-euro/sponsors,Broken,HTTP response contains an access-control or bot-challenge page,,
[no retained anchor label],https://issxmeetings.org/2026-na/call-for-abstracts,200,https://issxmeetings.org/2026-na/call-for-abstracts,Broken,HTTP response contains an access-control or bot-challenge page,,
[no retained anchor label],https://issxmeetings.org/2026-na/exhibit-and-sponsor,200,https://issxmeetings.org/2026-na/exhibit-and-sponsor,Broken,HTTP response contains an access-control or bot-challenge page,,
ISSX US (International Society for the Study of Xenobiotics),https://issxmeetings.org/2026-na/home,200,https://issxmeetings.org/2026-na/home,Broken,HTTP response contains an access-control or bot-challenge page,,data/conference_sources.json: | data/conference_sources.json:events.22
[no retained anchor label],https://issxmeetings.org/2026-na/meeting-program,200,https://issxmeetings.org/2026-na/meeting-program,Broken,HTTP response contains an access-control or bot-challenge page,,
Data Source Inventory | Decide whether Next Gen LC needs an oligonucleotide method-readiness package | Decide whether to package a PFAS-ready regulated quantitation workflow | High-resolution proteomics and metabolomics shows 9869 PubMed records in the last year | LNP and RNA therapeutics workflows shows 918 PubMed records in the last year | Lab automation and software-enabled workflows shows 1137 PubMed records in the last year | Oligonucleotide and nucleic-acid analytics shows 659 PubMed records in the last year | Oligonucleotide publication trend | PFAS and environmental contaminant testing shows 335 PubMed records in the last year | PFAS publication trend | PubMed Twitter Facebook LinkedIn GitHub Twitter SM-Facebook SM-Youtube,https://pubmed.ncbi.nlm.nih.gov/,403,https://pubmed.ncbi.nlm.nih.gov/,Broken,strict access failure,,data/intelligence.json: | data/intelligence.json:recommendations.0 | data/intelligence.json:recommendations.0.evidenceBasis | data/intelligence.json:recommendations.0.evidenceBasis.links.1 | data/intelligence.json:recommendations.2 | data/intelligence.json:recommendations.2.evidenceBasis | data/intelligence.json:recommendations.2.evidenceBasis.links.0 | data/intelligence.json:signals.10 | data/intelligence.json:signals.6 | data/intelligence.json:signals.7 | data/intelligence.json:signals.8 | data/intelligence.json:signals.9 | data/intelligence.json:sourceHealth.12 | data/source_catalog.json: | data/source_catalog.json:sources.15
[no retained anchor label],https://pubmed.ncbi.nlm.nih.gov/38056380/,403,https://pubmed.ncbi.nlm.nih.gov/38056380/,Broken,strict access failure,,
[no retained anchor label],https://pubmed.ncbi.nlm.nih.gov/38158877/,403,https://pubmed.ncbi.nlm.nih.gov/38158877/,Broken,strict access failure,,
[no retained anchor label],https://pubmed.ncbi.nlm.nih.gov/38163391/,403,https://pubmed.ncbi.nlm.nih.gov/38163391/,Broken,strict access failure,,
[no retained anchor label],https://pubmed.ncbi.nlm.nih.gov/38404495/,403,https://pubmed.ncbi.nlm.nih.gov/38404495/,Broken,strict access failure,,
Comparison of assay methods for quantifying sex hormone concentrations across the menstrual cycle in rhesus macaques†,https://pubmed.ncbi.nlm.nih.gov/38685627/,403,https://pubmed.ncbi.nlm.nih.gov/38685627/,Broken,strict access failure,,data/intelligence.json: | data/intelligence.json:signals.272
Simultaneous quantification of icaritin and its novel 3-methylcarbamate prodrug in rat plasma using HPLC-MS/MS and its application to pharmacokinetic study,https://pubmed.ncbi.nlm.nih.gov/39126342/,403,https://pubmed.ncbi.nlm.nih.gov/39126342/,Broken,strict access failure,,data/intelligence.json: | data/intelligence.json:signals.270
Lipid imbalance and inflammatory oxylipin cascade at the maternal-fetal interface in recurrent spontaneous abortion,https://pubmed.ncbi.nlm.nih.gov/39759287/,403,https://pubmed.ncbi.nlm.nih.gov/39759287/,Broken,strict access failure,,data/intelligence.json: | data/intelligence.json:signals.264
Efflux transporters in drug disposition during pregnancy,https://pubmed.ncbi.nlm.nih.gov/39884822/,403,https://pubmed.ncbi.nlm.nih.gov/39884822/,Broken,strict access failure,,data/intelligence.json: | data/intelligence.json:signals.263
Characterization of serum metabolome and respiratory microbiota in children with influenza A virus infection,https://pubmed.ncbi.nlm.nih.gov/39949573/,403,https://pubmed.ncbi.nlm.nih.gov/39949573/,Broken,strict access failure,,data/intelligence.json: | data/intelligence.json:signals.285
Targeted screening and profiling of massive components of colistimethate sodium by two-dimensional-liquid chromatography-mass spectrometry based on self-constructed compound database,https://pubmed.ncbi.nlm.nih.gov/39957899/,403,https://pubmed.ncbi.nlm.nih.gov/39957899/,Broken,strict access failure,,data/intelligence.json: | data/intelligence.json:signals.261
Evolution of water-soluble organic aerosol composition from clean days to haze episodes in rural area of North China Plain,https://pubmed.ncbi.nlm.nih.gov/40841006/,403,https://pubmed.ncbi.nlm.nih.gov/40841006/,Broken,strict access failure,,data/intelligence.json: | data/intelligence.json:signals.238
Effect of Parity and Previous Preeclampsia on Maternal Hemodynamics,https://pubmed.ncbi.nlm.nih.gov/41111413/,403,https://pubmed.ncbi.nlm.nih.gov/41111413/,Broken,strict access failure,,data/intelligence.json: | data/intelligence.json:signals.231
Angiogenic Biomarkers and Neonatal Outcomes in Suspected Preeclampsia: Retrospective Cohort Study,https://pubmed.ncbi.nlm.nih.gov/41355705/,403,https://pubmed.ncbi.nlm.nih.gov/41355705/,Broken,strict access failure,,data/intelligence.json: | data/intelligence.json:signals.224
[no retained anchor label],https://pubmed.ncbi.nlm.nih.gov/41422727/,403,https://pubmed.ncbi.nlm.nih.gov/41422727/,Broken,strict access failure,,
[no retained anchor label],https://pubmed.ncbi.nlm.nih.gov/41506022/,403,https://pubmed.ncbi.nlm.nih.gov/41506022/,Broken,strict access failure,,
[no retained anchor label],https://pubmed.ncbi.nlm.nih.gov/42021604/,403,https://pubmed.ncbi.nlm.nih.gov/42021604/,Broken,strict access failure,,
A new frame shift pathogenic variant (c.773dupT) in the BCKDHB gene caused MSUD in an infant from north of Iran,https://pubmed.ncbi.nlm.nih.gov/42312152/,403,https://pubmed.ncbi.nlm.nih.gov/42312152/,Broken,strict access failure,,data/intelligence.json: | data/intelligence.json:signals.234
A direct SPE clean-up after protein precipitation methodology to remove endogenous steroid sulfate MRM interferences for PFAS analysis of serum samples by isotope dilution LC-MS/MS | Decide whether to package a PFAS-ready regulated quantitation workflow | PFAS serum LC-MS/MS method,https://pubmed.ncbi.nlm.nih.gov/42398371/,403,https://pubmed.ncbi.nlm.nih.gov/42398371/,Broken,strict access failure,,data/intelligence.json: | data/intelligence.json:recommendations.0 | data/intelligence.json:recommendations.0.evidenceBasis | data/intelligence.json:recommendations.0.evidenceBasis.links.0 | data/intelligence.json:signals.2
[no retained anchor label],https://pubmed.ncbi.nlm.nih.gov/42538613/,403,https://pubmed.ncbi.nlm.nih.gov/42538613/,Broken,strict access failure,,
[no retained anchor label],https://pubmed.ncbi.nlm.nih.gov/42538907/,403,https://pubmed.ncbi.nlm.nih.gov/42538907/,Broken,strict access failure,,
[no retained anchor label],https://pubmed.ncbi.nlm.nih.gov/?term=%28%22Agilent+1290%22+OR+%22Agilent+InfinityLab%22+OR+%22Agilent+LC%2FMS%22+OR+%22Agilent+6495%22+OR+%22Ultivo%22%29+AND+%28%222021%2F07%2F31%22%5BDate+-+Publication%5D+%3A+%222026%2F07%2F30%22%5BDate+-+Publication%5D%29,403,https://pubmed.ncbi.nlm.nih.gov/?term=%28%22Agilent+1290%22+OR+%22Agilent+InfinityLab%22+OR+%22Agilent+LC%2FMS%22+OR+%22Agilent+6495%22+OR+%22Ultivo%22%29+AND+%28%222021%2F07%2F31%22%5BDate+-+Publication%5D+%3A+%222026%2F07%2F30%22%5BDate+-+Publication%5D%29,Broken,strict access failure,,
[no retained anchor label],https://pubmed.ncbi.nlm.nih.gov/?term=%28%22Agilent+1290%22+OR+%22Agilent+InfinityLab%22+OR+%22Agilent+LC%2FMS%22+OR+%22Agilent+6495%22+OR+%22Ultivo%22%29+AND+%28%222021%2F08%2F01%22%5BDate+-+Publication%5D+%3A+%222026%2F07%2F31%22%5BDate+-+Publication%5D%29,403,https://pubmed.ncbi.nlm.nih.gov/?term=%28%22Agilent+1290%22+OR+%22Agilent+InfinityLab%22+OR+%22Agilent+LC%2FMS%22+OR+%22Agilent+6495%22+OR+%22Ultivo%22%29+AND+%28%222021%2F08%2F01%22%5BDate+-+Publication%5D+%3A+%222026%2F07%2F31%22%5BDate+-+Publication%5D%29,Broken,strict access failure,,
[no retained anchor label],https://pubmed.ncbi.nlm.nih.gov/?term=%28%22Agilent+1290%22+OR+%22Agilent+InfinityLab%22+OR+%22Agilent+LC%2FMS%22+OR+%22Agilent+6495%22+OR+%22Ultivo%22%29+AND+%28%222021%2F08%2F02%22%5BDate+-+Publication%5D+%3A+%222026%2F08%2F01%22%5BDate+-+Publication%5D%29,403,https://pubmed.ncbi.nlm.nih.gov/?term=%28%22Agilent+1290%22+OR+%22Agilent+InfinityLab%22+OR+%22Agilent+LC%2FMS%22+OR+%22Agilent+6495%22+OR+%22Ultivo%22%29+AND+%28%222021%2F08%2F02%22%5BDate+-+Publication%5D+%3A+%222026%2F08%2F01%22%5BDate+-+Publication%5D%29,Broken,strict access failure,,
[no retained anchor label],https://pubmed.ncbi.nlm.nih.gov/?term=%28%22Agilent+1290%22+OR+%22Agilent+InfinityLab%22+OR+%22Agilent+LC%2FMS%22+OR+%22Agilent+6495%22+OR+%22Ultivo%22%29+AND+%28%222023%2F07%2F31%22%5BDate+-+Publication%5D+%3A+%222026%2F07%2F30%22%5BDate+-+Publication%5D%29,403,https://pubmed.ncbi.nlm.nih.gov/?term=%28%22Agilent+1290%22+OR+%22Agilent+InfinityLab%22+OR+%22Agilent+LC%2FMS%22+OR+%22Agilent+6495%22+OR+%22Ultivo%22%29+AND+%28%222023%2F07%2F31%22%5BDate+-+Publication%5D+%3A+%222026%2F07%2F30%22%5BDate+-+Publication%5D%29,Broken,strict access failure,,
[no retained anchor label],https://pubmed.ncbi.nlm.nih.gov/?term=%28%22Agilent+1290%22+OR+%22Agilent+InfinityLab%22+OR+%22Agilent+LC%2FMS%22+OR+%22Agilent+6495%22+OR+%22Ultivo%22%29+AND+%28%222023%2F08%2F01%22%5BDate+-+Publication%5D+%3A+%222026%2F07%2F31%22%5BDate+-+Publication%5D%29,403,https://pubmed.ncbi.nlm.nih.gov/?term=%28%22Agilent+1290%22+OR+%22Agilent+InfinityLab%22+OR+%22Agilent+LC%2FMS%22+OR+%22Agilent+6495%22+OR+%22Ultivo%22%29+AND+%28%222023%2F08%2F01%22%5BDate+-+Publication%5D+%3A+%222026%2F07%2F31%22%5BDate+-+Publication%5D%29,Broken,strict access failure,,
[no retained anchor label],https://pubmed.ncbi.nlm.nih.gov/?term=%28%22Agilent+1290%22+OR+%22Agilent+InfinityLab%22+OR+%22Agilent+LC%2FMS%22+OR+%22Agilent+6495%22+OR+%22Ultivo%22%29+AND+%28%222023%2F08%2F02%22%5BDate+-+Publication%5D+%3A+%222026%2F08%2F01%22%5BDate+-+Publication%5D%29,403,https://pubmed.ncbi.nlm.nih.gov/?term=%28%22Agilent+1290%22+OR+%22Agilent+InfinityLab%22+OR+%22Agilent+LC%2FMS%22+OR+%22Agilent+6495%22+OR+%22Ultivo%22%29+AND+%28%222023%2F08%2F02%22%5BDate+-+Publication%5D+%3A+%222026%2F08%2F01%22%5BDate+-+Publication%5D%29,Broken,strict access failure,,
[no retained anchor label],https://pubmed.ncbi.nlm.nih.gov/?term=%28%22Agilent+1290%22+OR+%22Agilent+InfinityLab%22+OR+%22Agilent+LC%2FMS%22+OR+%22Agilent+6495%22+OR+%22Ultivo%22%29+AND+%28%222025%2F07%2F30%22%5BDate+-+Publication%5D+%3A+%222026%2F07%2F30%22%5BDate+-+Publication%5D%29,403,https://pubmed.ncbi.nlm.nih.gov/?term=%28%22Agilent+1290%22+OR+%22Agilent+InfinityLab%22+OR+%22Agilent+LC%2FMS%22+OR+%22Agilent+6495%22+OR+%22Ultivo%22%29+AND+%28%222025%2F07%2F30%22%5BDate+-+Publication%5D+%3A+%222026%2F07%2F30%22%5BDate+-+Publication%5D%29,Broken,strict access failure,,
[no retained anchor label],https://pubmed.ncbi.nlm.nih.gov/?term=%28%22Agilent+1290%22+OR+%22Agilent+InfinityLab%22+OR+%22Agilent+LC%2FMS%22+OR+%22Agilent+6495%22+OR+%22Ultivo%22%29+AND+%28%222025%2F07%2F31%22%5BDate+-+Publication%5D+%3A+%222026%2F07%2F31%22%5BDate+-+Publication%5D%29,403,https://pubmed.ncbi.nlm.nih.gov/?term=%28%22Agilent+1290%22+OR+%22Agilent+InfinityLab%22+OR+%22Agilent+LC%2FMS%22+OR+%22Agilent+6495%22+OR+%22Ultivo%22%29+AND+%28%222025%2F07%2F31%22%5BDate+-+Publication%5D+%3A+%222026%2F07%2F31%22%5BDate+-+Publication%5D%29,Broken,strict access failure,,
[no retained anchor label],https://pubmed.ncbi.nlm.nih.gov/?term=%28%22Agilent+1290%22+OR+%22Agilent+InfinityLab%22+OR+%22Agilent+LC%2FMS%22+OR+%22Agilent+6495%22+OR+%22Ultivo%22%29+AND+%28%222025%2F08%2F01%22%5BDate+-+Publication%5D+%3A+%222026%2F08%2F01%22%5BDate+-+Publication%5D%29,403,https://pubmed.ncbi.nlm.nih.gov/?term=%28%22Agilent+1290%22+OR+%22Agilent+InfinityLab%22+OR+%22Agilent+LC%2FMS%22+OR+%22Agilent+6495%22+OR+%22Ultivo%22%29+AND+%28%222025%2F08%2F01%22%5BDate+-+Publication%5D+%3A+%222026%2F08%2F01%22%5BDate+-+Publication%5D%29,Broken,strict access failure,,
[no retained anchor label],https://pubmed.ncbi.nlm.nih.gov/?term=%28%22Agilent+1290%22+OR+%22Agilent+InfinityLab%22+OR+%22Agilent+LC%2FMS%22+OR+%22Agilent+6495%22+OR+%22Ultivo%22%29+AND+%28%222026%2F05%2F01%22%5BDate+-+Publication%5D+%3A+%222026%2F07%2F30%22%5BDate+-+Publication%5D%29,403,https://pubmed.ncbi.nlm.nih.gov/?term=%28%22Agilent+1290%22+OR+%22Agilent+InfinityLab%22+OR+%22Agilent+LC%2FMS%22+OR+%22Agilent+6495%22+OR+%22Ultivo%22%29+AND+%28%222026%2F05%2F01%22%5BDate+-+Publication%5D+%3A+%222026%2F07%2F30%22%5BDate+-+Publication%5D%29,Broken,strict access failure,,
[no retained anchor label],https://pubmed.ncbi.nlm.nih.gov/?term=%28%22Agilent+1290%22+OR+%22Agilent+InfinityLab%22+OR+%22Agilent+LC%2FMS%22+OR+%22Agilent+6495%22+OR+%22Ultivo%22%29+AND+%28%222026%2F05%2F02%22%5BDate+-+Publication%5D+%3A+%222026%2F07%2F31%22%5BDate+-+Publication%5D%29,403,https://pubmed.ncbi.nlm.nih.gov/?term=%28%22Agilent+1290%22+OR+%22Agilent+InfinityLab%22+OR+%22Agilent+LC%2FMS%22+OR+%22Agilent+6495%22+OR+%22Ultivo%22%29+AND+%28%222026%2F05%2F02%22%5BDate+-+Publication%5D+%3A+%222026%2F07%2F31%22%5BDate+-+Publication%5D%29,Broken,strict access failure,,
[no retained anchor label],https://pubmed.ncbi.nlm.nih.gov/?term=%28%22Agilent+1290%22+OR+%22Agilent+InfinityLab%22+OR+%22Agilent+LC%2FMS%22+OR+%22Agilent+6495%22+OR+%22Ultivo%22%29+AND+%28%222026%2F05%2F03%22%5BDate+-+Publication%5D+%3A+%222026%2F08%2F01%22%5BDate+-+Publication%5D%29,403,https://pubmed.ncbi.nlm.nih.gov/?term=%28%22Agilent+1290%22+OR+%22Agilent+InfinityLab%22+OR+%22Agilent+LC%2FMS%22+OR+%22Agilent+6495%22+OR+%22Ultivo%22%29+AND+%28%222026%2F05%2F03%22%5BDate+-+Publication%5D+%3A+%222026%2F08%2F01%22%5BDate+-+Publication%5D%29,Broken,strict access failure,,
[no retained anchor label],https://pubmed.ncbi.nlm.nih.gov/?term=%28%22Agilent+1290%22+OR+%22Agilent+InfinityLab%22+OR+%22Agilent+LC%2FMS%22+OR+%22Agilent+6495%22+OR+%22Ultivo%22%29+AND+%28%222026%2F05%2F31%22%5BDate+-+Publication%5D+%3A+%222026%2F07%2F30%22%5BDate+-+Publication%5D%29,403,https://pubmed.ncbi.nlm.nih.gov/?term=%28%22Agilent+1290%22+OR+%22Agilent+InfinityLab%22+OR+%22Agilent+LC%2FMS%22+OR+%22Agilent+6495%22+OR+%22Ultivo%22%29+AND+%28%222026%2F05%2F31%22%5BDate+-+Publication%5D+%3A+%222026%2F07%2F30%22%5BDate+-+Publication%5D%29,Broken,strict access failure,,
[no retained anchor label],https://pubmed.ncbi.nlm.nih.gov/?term=%28%22Agilent+1290%22+OR+%22Agilent+InfinityLab%22+OR+%22Agilent+LC%2FMS%22+OR+%22Agilent+6495%22+OR+%22Ultivo%22%29+AND+%28%222026%2F06%2F01%22%5BDate+-+Publication%5D+%3A+%222026%2F07%2F31%22%5BDate+-+Publication%5D%29,403,https://pubmed.ncbi.nlm.nih.gov/?term=%28%22Agilent+1290%22+OR+%22Agilent+InfinityLab%22+OR+%22Agilent+LC%2FMS%22+OR+%22Agilent+6495%22+OR+%22Ultivo%22%29+AND+%28%222026%2F06%2F01%22%5BDate+-+Publication%5D+%3A+%222026%2F07%2F31%22%5BDate+-+Publication%5D%29,Broken,strict access failure,,
[no retained anchor label],https://pubmed.ncbi.nlm.nih.gov/?term=%28%22Agilent+1290%22+OR+%22Agilent+InfinityLab%22+OR+%22Agilent+LC%2FMS%22+OR+%22Agilent+6495%22+OR+%22Ultivo%22%29+AND+%28%222026%2F06%2F02%22%5BDate+-+Publication%5D+%3A+%222026%2F08%2F01%22%5BDate+-+Publication%5D%29,403,https://pubmed.ncbi.nlm.nih.gov/?term=%28%22Agilent+1290%22+OR+%22Agilent+InfinityLab%22+OR+%22Agilent+LC%2FMS%22+OR+%22Agilent+6495%22+OR+%22Ultivo%22%29+AND+%28%222026%2F06%2F02%22%5BDate+-+Publication%5D+%3A+%222026%2F08%2F01%22%5BDate+-+Publication%5D%29,Broken,strict access failure,,
[no retained anchor label],https://pubmed.ncbi.nlm.nih.gov/?term=%28%22Agilent+1290%22+OR+%22Agilent+InfinityLab%22+OR+%22Agilent+LC%2FMS%22+OR+%22Agilent+6495%22+OR+%22Ultivo%22%29+AND+%28%222026%2F06%2F30%22%5BDate+-+Publication%5D+%3A+%222026%2F07%2F30%22%5BDate+-+Publication%5D%29,403,https://pubmed.ncbi.nlm.nih.gov/?term=%28%22Agilent+1290%22+OR+%22Agilent+InfinityLab%22+OR+%22Agilent+LC%2FMS%22+OR+%22Agilent+6495%22+OR+%22Ultivo%22%29+AND+%28%222026%2F06%2F30%22%5BDate+-+Publication%5D+%3A+%222026%2F07%2F30%22%5BDate+-+Publication%5D%29,Broken,strict access failure,,
[no retained anchor label],https://pubmed.ncbi.nlm.nih.gov/?term=%28%22Agilent+1290%22+OR+%22Agilent+InfinityLab%22+OR+%22Agilent+LC%2FMS%22+OR+%22Agilent+6495%22+OR+%22Ultivo%22%29+AND+%28%222026%2F07%2F01%22%5BDate+-+Publication%5D+%3A+%222026%2F07%2F31%22%5BDate+-+Publication%5D%29,403,https://pubmed.ncbi.nlm.nih.gov/?term=%28%22Agilent+1290%22+OR+%22Agilent+InfinityLab%22+OR+%22Agilent+LC%2FMS%22+OR+%22Agilent+6495%22+OR+%22Ultivo%22%29+AND+%28%222026%2F07%2F01%22%5BDate+-+Publication%5D+%3A+%222026%2F07%2F31%22%5BDate+-+Publication%5D%29,Broken,strict access failure,,
[no retained anchor label],https://pubmed.ncbi.nlm.nih.gov/?term=%28%22Agilent+1290%22+OR+%22Agilent+InfinityLab%22+OR+%22Agilent+LC%2FMS%22+OR+%22Agilent+6495%22+OR+%22Ultivo%22%29+AND+%28%222026%2F07%2F02%22%5BDate+-+Publication%5D+%3A+%222026%2F08%2F01%22%5BDate+-+Publication%5D%29,403,https://pubmed.ncbi.nlm.nih.gov/?term=%28%22Agilent+1290%22+OR+%22Agilent+InfinityLab%22+OR+%22Agilent+LC%2FMS%22+OR+%22Agilent+6495%22+OR+%22Ultivo%22%29+AND+%28%222026%2F07%2F02%22%5BDate+-+Publication%5D+%3A+%222026%2F08%2F01%22%5BDate+-+Publication%5D%29,Broken,strict access failure,,
[no retained anchor label],https://pubmed.ncbi.nlm.nih.gov/?term=%28%22Orbitrap%22+OR+%22Vanquish%22+OR+%22Q+Exactive%22+OR+%22TSQ+Altis%22+OR+%22Thermo+Fisher+Scientific%22%29+AND+%28%222021%2F07%2F31%22%5BDate+-+Publication%5D+%3A+%222026%2F07%2F30%22%5BDate+-+Publication%5D%29,403,https://pubmed.ncbi.nlm.nih.gov/?term=%28%22Orbitrap%22+OR+%22Vanquish%22+OR+%22Q+Exactive%22+OR+%22TSQ+Altis%22+OR+%22Thermo+Fisher+Scientific%22%29+AND+%28%222021%2F07%2F31%22%5BDate+-+Publication%5D+%3A+%222026%2F07%2F30%22%5BDate+-+Publication%5D%29,Broken,strict access failure,,
[no retained anchor label],https://pubmed.ncbi.nlm.nih.gov/?term=%28%22Orbitrap%22+OR+%22Vanquish%22+OR+%22Q+Exactive%22+OR+%22TSQ+Altis%22+OR+%22Thermo+Fisher+Scientific%22%29+AND+%28%222021%2F08%2F01%22%5BDate+-+Publication%5D+%3A+%222026%2F07%2F31%22%5BDate+-+Publication%5D%29,403,https://pubmed.ncbi.nlm.nih.gov/?term=%28%22Orbitrap%22+OR+%22Vanquish%22+OR+%22Q+Exactive%22+OR+%22TSQ+Altis%22+OR+%22Thermo+Fisher+Scientific%22%29+AND+%28%222021%2F08%2F01%22%5BDate+-+Publication%5D+%3A+%222026%2F07%2F31%22%5BDate+-+Publication%5D%29,Broken,strict access failure,,
[no retained anchor label],https://pubmed.ncbi.nlm.nih.gov/?term=%28%22Orbitrap%22+OR+%22Vanquish%22+OR+%22Q+Exactive%22+OR+%22TSQ+Altis%22+OR+%22Thermo+Fisher+Scientific%22%29+AND+%28%222021%2F08%2F02%22%5BDate+-+Publication%5D+%3A+%222026%2F08%2F01%22%5BDate+-+Publication%5D%29,403,https://pubmed.ncbi.nlm.nih.gov/?term=%28%22Orbitrap%22+OR+%22Vanquish%22+OR+%22Q+Exactive%22+OR+%22TSQ+Altis%22+OR+%22Thermo+Fisher+Scientific%22%29+AND+%28%222021%2F08%2F02%22%5BDate+-+Publication%5D+%3A+%222026%2F08%2F01%22%5BDate+-+Publication%5D%29,Broken,strict access failure,,
[no retained anchor label],https://pubmed.ncbi.nlm.nih.gov/?term=%28%22Orbitrap%22+OR+%22Vanquish%22+OR+%22Q+Exactive%22+OR+%22TSQ+Altis%22+OR+%22Thermo+Fisher+Scientific%22%29+AND+%28%222023%2F07%2F31%22%5BDate+-+Publication%5D+%3A+%222026%2F07%2F30%22%5BDate+-+Publication%5D%29,403,https://pubmed.ncbi.nlm.nih.gov/?term=%28%22Orbitrap%22+OR+%22Vanquish%22+OR+%22Q+Exactive%22+OR+%22TSQ+Altis%22+OR+%22Thermo+Fisher+Scientific%22%29+AND+%28%222023%2F07%2F31%22%5BDate+-+Publication%5D+%3A+%222026%2F07%2F30%22%5BDate+-+Publication%5D%29,Broken,strict access failure,,
[no retained anchor label],https://pubmed.ncbi.nlm.nih.gov/?term=%28%22Orbitrap%22+OR+%22Vanquish%22+OR+%22Q+Exactive%22+OR+%22TSQ+Altis%22+OR+%22Thermo+Fisher+Scientific%22%29+AND+%28%222023%2F08%2F01%22%5BDate+-+Publication%5D+%3A+%222026%2F07%2F31%22%5BDate+-+Publication%5D%29,403,https://pubmed.ncbi.nlm.nih.gov/?term=%28%22Orbitrap%22+OR+%22Vanquish%22+OR+%22Q+Exactive%22+OR+%22TSQ+Altis%22+OR+%22Thermo+Fisher+Scientific%22%29+AND+%28%222023%2F08%2F01%22%5BDate+-+Publication%5D+%3A+%222026%2F07%2F31%22%5BDate+-+Publication%5D%29,Broken,strict access failure,,
[no retained anchor label],https://pubmed.ncbi.nlm.nih.gov/?term=%28%22Orbitrap%22+OR+%22Vanquish%22+OR+%22Q+Exactive%22+OR+%22TSQ+Altis%22+OR+%22Thermo+Fisher+Scientific%22%29+AND+%28%222023%2F08%2F02%22%5BDate+-+Publication%5D+%3A+%222026%2F08%2F01%22%5BDate+-+Publication%5D%29,403,https://pubmed.ncbi.nlm.nih.gov/?term=%28%22Orbitrap%22+OR+%22Vanquish%22+OR+%22Q+Exactive%22+OR+%22TSQ+Altis%22+OR+%22Thermo+Fisher+Scientific%22%29+AND+%28%222023%2F08%2F02%22%5BDate+-+Publication%5D+%3A+%222026%2F08%2F01%22%5BDate+-+Publication%5D%29,Broken,strict access failure,,
[no retained anchor label],https://pubmed.ncbi.nlm.nih.gov/?term=%28%22Orbitrap%22+OR+%22Vanquish%22+OR+%22Q+Exactive%22+OR+%22TSQ+Altis%22+OR+%22Thermo+Fisher+Scientific%22%29+AND+%28%222025%2F07%2F30%22%5BDate+-+Publication%5D+%3A+%222026%2F07%2F30%22%5BDate+-+Publication%5D%29,403,https://pubmed.ncbi.nlm.nih.gov/?term=%28%22Orbitrap%22+OR+%22Vanquish%22+OR+%22Q+Exactive%22+OR+%22TSQ+Altis%22+OR+%22Thermo+Fisher+Scientific%22%29+AND+%28%222025%2F07%2F30%22%5BDate+-+Publication%5D+%3A+%222026%2F07%2F30%22%5BDate+-+Publication%5D%29,Broken,strict access failure,,
[no retained anchor label],https://pubmed.ncbi.nlm.nih.gov/?term=%28%22Orbitrap%22+OR+%22Vanquish%22+OR+%22Q+Exactive%22+OR+%22TSQ+Altis%22+OR+%22Thermo+Fisher+Scientific%22%29+AND+%28%222025%2F07%2F31%22%5BDate+-+Publication%5D+%3A+%222026%2F07%2F31%22%5BDate+-+Publication%5D%29,403,https://pubmed.ncbi.nlm.nih.gov/?term=%28%22Orbitrap%22+OR+%22Vanquish%22+OR+%22Q+Exactive%22+OR+%22TSQ+Altis%22+OR+%22Thermo+Fisher+Scientific%22%29+AND+%28%222025%2F07%2F31%22%5BDate+-+Publication%5D+%3A+%222026%2F07%2F31%22%5BDate+-+Publication%5D%29,Broken,strict access failure,,
[no retained anchor label],https://pubmed.ncbi.nlm.nih.gov/?term=%28%22Orbitrap%22+OR+%22Vanquish%22+OR+%22Q+Exactive%22+OR+%22TSQ+Altis%22+OR+%22Thermo+Fisher+Scientific%22%29+AND+%28%222025%2F08%2F01%22%5BDate+-+Publication%5D+%3A+%222026%2F08%2F01%22%5BDate+-+Publication%5D%29,403,https://pubmed.ncbi.nlm.nih.gov/?term=%28%22Orbitrap%22+OR+%22Vanquish%22+OR+%22Q+Exactive%22+OR+%22TSQ+Altis%22+OR+%22Thermo+Fisher+Scientific%22%29+AND+%28%222025%2F08%2F01%22%5BDate+-+Publication%5D+%3A+%222026%2F08%2F01%22%5BDate+-+Publication%5D%29,Broken,strict access failure,,
[no retained anchor label],https://pubmed.ncbi.nlm.nih.gov/?term=%28%22Orbitrap%22+OR+%22Vanquish%22+OR+%22Q+Exactive%22+OR+%22TSQ+Altis%22+OR+%22Thermo+Fisher+Scientific%22%29+AND+%28%222026%2F05%2F01%22%5BDate+-+Publication%5D+%3A+%222026%2F07%2F30%22%5BDate+-+Publication%5D%29,403,https://pubmed.ncbi.nlm.nih.gov/?term=%28%22Orbitrap%22+OR+%22Vanquish%22+OR+%22Q+Exactive%22+OR+%22TSQ+Altis%22+OR+%22Thermo+Fisher+Scientific%22%29+AND+%28%222026%2F05%2F01%22%5BDate+-+Publication%5D+%3A+%222026%2F07%2F30%22%5BDate+-+Publication%5D%29,Broken,strict access failure,,
[no retained anchor label],https://pubmed.ncbi.nlm.nih.gov/?term=%28%22Orbitrap%22+OR+%22Vanquish%22+OR+%22Q+Exactive%22+OR+%22TSQ+Altis%22+OR+%22Thermo+Fisher+Scientific%22%29+AND+%28%222026%2F05%2F02%22%5BDate+-+Publication%5D+%3A+%222026%2F07%2F31%22%5BDate+-+Publication%5D%29,403,https://pubmed.ncbi.nlm.nih.gov/?term=%28%22Orbitrap%22+OR+%22Vanquish%22+OR+%22Q+Exactive%22+OR+%22TSQ+Altis%22+OR+%22Thermo+Fisher+Scientific%22%29+AND+%28%222026%2F05%2F02%22%5BDate+-+Publication%5D+%3A+%222026%2F07%2F31%22%5BDate+-+Publication%5D%29,Broken,strict access failure,,
[no retained anchor label],https://pubmed.ncbi.nlm.nih.gov/?term=%28%22Orbitrap%22+OR+%22Vanquish%22+OR+%22Q+Exactive%22+OR+%22TSQ+Altis%22+OR+%22Thermo+Fisher+Scientific%22%29+AND+%28%222026%2F05%2F03%22%5BDate+-+Publication%5D+%3A+%222026%2F08%2F01%22%5BDate+-+Publication%5D%29,403,https://pubmed.ncbi.nlm.nih.gov/?term=%28%22Orbitrap%22+OR+%22Vanquish%22+OR+%22Q+Exactive%22+OR+%22TSQ+Altis%22+OR+%22Thermo+Fisher+Scientific%22%29+AND+%28%222026%2F05%2F03%22%5BDate+-+Publication%5D+%3A+%222026%2F08%2F01%22%5BDate+-+Publication%5D%29,Broken,strict access failure,,
[no retained anchor label],https://pubmed.ncbi.nlm.nih.gov/?term=%28%22Orbitrap%22+OR+%22Vanquish%22+OR+%22Q+Exactive%22+OR+%22TSQ+Altis%22+OR+%22Thermo+Fisher+Scientific%22%29+AND+%28%222026%2F05%2F31%22%5BDate+-+Publication%5D+%3A+%222026%2F07%2F30%22%5BDate+-+Publication%5D%29,403,https://pubmed.ncbi.nlm.nih.gov/?term=%28%22Orbitrap%22+OR+%22Vanquish%22+OR+%22Q+Exactive%22+OR+%22TSQ+Altis%22+OR+%22Thermo+Fisher+Scientific%22%29+AND+%28%222026%2F05%2F31%22%5BDate+-+Publication%5D+%3A+%222026%2F07%2F30%22%5BDate+-+Publication%5D%29,Broken,strict access failure,,
[no retained anchor label],https://pubmed.ncbi.nlm.nih.gov/?term=%28%22Orbitrap%22+OR+%22Vanquish%22+OR+%22Q+Exactive%22+OR+%22TSQ+Altis%22+OR+%22Thermo+Fisher+Scientific%22%29+AND+%28%222026%2F06%2F01%22%5BDate+-+Publication%5D+%3A+%222026%2F07%2F31%22%5BDate+-+Publication%5D%29,403,https://pubmed.ncbi.nlm.nih.gov/?term=%28%22Orbitrap%22+OR+%22Vanquish%22+OR+%22Q+Exactive%22+OR+%22TSQ+Altis%22+OR+%22Thermo+Fisher+Scientific%22%29+AND+%28%222026%2F06%2F01%22%5BDate+-+Publication%5D+%3A+%222026%2F07%2F31%22%5BDate+-+Publication%5D%29,Broken,strict access failure,,
[no retained anchor label],https://pubmed.ncbi.nlm.nih.gov/?term=%28%22Orbitrap%22+OR+%22Vanquish%22+OR+%22Q+Exactive%22+OR+%22TSQ+Altis%22+OR+%22Thermo+Fisher+Scientific%22%29+AND+%28%222026%2F06%2F02%22%5BDate+-+Publication%5D+%3A+%222026%2F08%2F01%22%5BDate+-+Publication%5D%29,403,https://pubmed.ncbi.nlm.nih.gov/?term=%28%22Orbitrap%22+OR+%22Vanquish%22+OR+%22Q+Exactive%22+OR+%22TSQ+Altis%22+OR+%22Thermo+Fisher+Scientific%22%29+AND+%28%222026%2F06%2F02%22%5BDate+-+Publication%5D+%3A+%222026%2F08%2F01%22%5BDate+-+Publication%5D%29,Broken,strict access failure,,
[no retained anchor label],https://pubmed.ncbi.nlm.nih.gov/?term=%28%22Orbitrap%22+OR+%22Vanquish%22+OR+%22Q+Exactive%22+OR+%22TSQ+Altis%22+OR+%22Thermo+Fisher+Scientific%22%29+AND+%28%222026%2F06%2F30%22%5BDate+-+Publication%5D+%3A+%222026%2F07%2F30%22%5BDate+-+Publication%5D%29,403,https://pubmed.ncbi.nlm.nih.gov/?term=%28%22Orbitrap%22+OR+%22Vanquish%22+OR+%22Q+Exactive%22+OR+%22TSQ+Altis%22+OR+%22Thermo+Fisher+Scientific%22%29+AND+%28%222026%2F06%2F30%22%5BDate+-+Publication%5D+%3A+%222026%2F07%2F30%22%5BDate+-+Publication%5D%29,Broken,strict access failure,,
[no retained anchor label],https://pubmed.ncbi.nlm.nih.gov/?term=%28%22Orbitrap%22+OR+%22Vanquish%22+OR+%22Q+Exactive%22+OR+%22TSQ+Altis%22+OR+%22Thermo+Fisher+Scientific%22%29+AND+%28%222026%2F07%2F01%22%5BDate+-+Publication%5D+%3A+%222026%2F07%2F31%22%5BDate+-+Publication%5D%29,403,https://pubmed.ncbi.nlm.nih.gov/?term=%28%22Orbitrap%22+OR+%22Vanquish%22+OR+%22Q+Exactive%22+OR+%22TSQ+Altis%22+OR+%22Thermo+Fisher+Scientific%22%29+AND+%28%222026%2F07%2F01%22%5BDate+-+Publication%5D+%3A+%222026%2F07%2F31%22%5BDate+-+Publication%5D%29,Broken,strict access failure,,
[no retained anchor label],https://pubmed.ncbi.nlm.nih.gov/?term=%28%22Orbitrap%22+OR+%22Vanquish%22+OR+%22Q+Exactive%22+OR+%22TSQ+Altis%22+OR+%22Thermo+Fisher+Scientific%22%29+AND+%28%222026%2F07%2F02%22%5BDate+-+Publication%5D+%3A+%222026%2F08%2F01%22%5BDate+-+Publication%5D%29,403,https://pubmed.ncbi.nlm.nih.gov/?term=%28%22Orbitrap%22+OR+%22Vanquish%22+OR+%22Q+Exactive%22+OR+%22TSQ+Altis%22+OR+%22Thermo+Fisher+Scientific%22%29+AND+%28%222026%2F07%2F02%22%5BDate+-+Publication%5D+%3A+%222026%2F08%2F01%22%5BDate+-+Publication%5D%29,Broken,strict access failure,,
[no retained anchor label],https://pubmed.ncbi.nlm.nih.gov/?term=%28%22PerkinElmer+QSight%22+OR+%22PerkinElmer+LC%22+OR+%22PerkinElmer+chromatography%22%29+AND+%28%222021%2F07%2F31%22%5BDate+-+Publication%5D+%3A+%222026%2F07%2F30%22%5BDate+-+Publication%5D%29,403,https://pubmed.ncbi.nlm.nih.gov/?term=%28%22PerkinElmer+QSight%22+OR+%22PerkinElmer+LC%22+OR+%22PerkinElmer+chromatography%22%29+AND+%28%222021%2F07%2F31%22%5BDate+-+Publication%5D+%3A+%222026%2F07%2F30%22%5BDate+-+Publication%5D%29,Broken,strict access failure,,
[no retained anchor label],https://pubmed.ncbi.nlm.nih.gov/?term=%28%22PerkinElmer+QSight%22+OR+%22PerkinElmer+LC%22+OR+%22PerkinElmer+chromatography%22%29+AND+%28%222021%2F08%2F01%22%5BDate+-+Publication%5D+%3A+%222026%2F07%2F31%22%5BDate+-+Publication%5D%29,403,https://pubmed.ncbi.nlm.nih.gov/?term=%28%22PerkinElmer+QSight%22+OR+%22PerkinElmer+LC%22+OR+%22PerkinElmer+chromatography%22%29+AND+%28%222021%2F08%2F01%22%5BDate+-+Publication%5D+%3A+%222026%2F07%2F31%22%5BDate+-+Publication%5D%29,Broken,strict access failure,,
[no retained anchor label],https://pubmed.ncbi.nlm.nih.gov/?term=%28%22PerkinElmer+QSight%22+OR+%22PerkinElmer+LC%22+OR+%22PerkinElmer+chromatography%22%29+AND+%28%222021%2F08%2F02%22%5BDate+-+Publication%5D+%3A+%222026%2F08%2F01%22%5BDate+-+Publication%5D%29,403,https://pubmed.ncbi.nlm.nih.gov/?term=%28%22PerkinElmer+QSight%22+OR+%22PerkinElmer+LC%22+OR+%22PerkinElmer+chromatography%22%29+AND+%28%222021%2F08%2F02%22%5BDate+-+Publication%5D+%3A+%222026%2F08%2F01%22%5BDate+-+Publication%5D%29,Broken,strict access failure,,
[no retained anchor label],https://pubmed.ncbi.nlm.nih.gov/?term=%28%22PerkinElmer+QSight%22+OR+%22PerkinElmer+LC%22+OR+%22PerkinElmer+chromatography%22%29+AND+%28%222023%2F07%2F31%22%5BDate+-+Publication%5D+%3A+%222026%2F07%2F30%22%5BDate+-+Publication%5D%29,403,https://pubmed.ncbi.nlm.nih.gov/?term=%28%22PerkinElmer+QSight%22+OR+%22PerkinElmer+LC%22+OR+%22PerkinElmer+chromatography%22%29+AND+%28%222023%2F07%2F31%22%5BDate+-+Publication%5D+%3A+%222026%2F07%2F30%22%5BDate+-+Publication%5D%29,Broken,strict access failure,,
[no retained anchor label],https://pubmed.ncbi.nlm.nih.gov/?term=%28%22PerkinElmer+QSight%22+OR+%22PerkinElmer+LC%22+OR+%22PerkinElmer+chromatography%22%29+AND+%28%222023%2F08%2F01%22%5BDate+-+Publication%5D+%3A+%222026%2F07%2F31%22%5BDate+-+Publication%5D%29,403,https://pubmed.ncbi.nlm.nih.gov/?term=%28%22PerkinElmer+QSight%22+OR+%22PerkinElmer+LC%22+OR+%22PerkinElmer+chromatography%22%29+AND+%28%222023%2F08%2F01%22%5BDate+-+Publication%5D+%3A+%222026%2F07%2F31%22%5BDate+-+Publication%5D%29,Broken,strict access failure,,
[no retained anchor label],https://pubmed.ncbi.nlm.nih.gov/?term=%28%22PerkinElmer+QSight%22+OR+%22PerkinElmer+LC%22+OR+%22PerkinElmer+chromatography%22%29+AND+%28%222023%2F08%2F02%22%5BDate+-+Publication%5D+%3A+%222026%2F08%2F01%22%5BDate+-+Publication%5D%29,403,https://pubmed.ncbi.nlm.nih.gov/?term=%28%22PerkinElmer+QSight%22+OR+%22PerkinElmer+LC%22+OR+%22PerkinElmer+chromatography%22%29+AND+%28%222023%2F08%2F02%22%5BDate+-+Publication%5D+%3A+%222026%2F08%2F01%22%5BDate+-+Publication%5D%29,Broken,strict access failure,,
[no retained anchor label],https://pubmed.ncbi.nlm.nih.gov/?term=%28%22PerkinElmer+QSight%22+OR+%22PerkinElmer+LC%22+OR+%22PerkinElmer+chromatography%22%29+AND+%28%222025%2F07%2F30%22%5BDate+-+Publication%5D+%3A+%222026%2F07%2F30%22%5BDate+-+Publication%5D%29,403,https://pubmed.ncbi.nlm.nih.gov/?term=%28%22PerkinElmer+QSight%22+OR+%22PerkinElmer+LC%22+OR+%22PerkinElmer+chromatography%22%29+AND+%28%222025%2F07%2F30%22%5BDate+-+Publication%5D+%3A+%222026%2F07%2F30%22%5BDate+-+Publication%5D%29,Broken,strict access failure,,
[no retained anchor label],https://pubmed.ncbi.nlm.nih.gov/?term=%28%22PerkinElmer+QSight%22+OR+%22PerkinElmer+LC%22+OR+%22PerkinElmer+chromatography%22%29+AND+%28%222025%2F07%2F31%22%5BDate+-+Publication%5D+%3A+%222026%2F07%2F31%22%5BDate+-+Publication%5D%29,403,https://pubmed.ncbi.nlm.nih.gov/?term=%28%22PerkinElmer+QSight%22+OR+%22PerkinElmer+LC%22+OR+%22PerkinElmer+chromatography%22%29+AND+%28%222025%2F07%2F31%22%5BDate+-+Publication%5D+%3A+%222026%2F07%2F31%22%5BDate+-+Publication%5D%29,Broken,strict access failure,,
[no retained anchor label],https://pubmed.ncbi.nlm.nih.gov/?term=%28%22PerkinElmer+QSight%22+OR+%22PerkinElmer+LC%22+OR+%22PerkinElmer+chromatography%22%29+AND+%28%222025%2F08%2F01%22%5BDate+-+Publication%5D+%3A+%222026%2F08%2F01%22%5BDate+-+Publication%5D%29,403,https://pubmed.ncbi.nlm.nih.gov/?term=%28%22PerkinElmer+QSight%22+OR+%22PerkinElmer+LC%22+OR+%22PerkinElmer+chromatography%22%29+AND+%28%222025%2F08%2F01%22%5BDate+-+Publication%5D+%3A+%222026%2F08%2F01%22%5BDate+-+Publication%5D%29,Broken,strict access failure,,
[no retained anchor label],https://pubmed.ncbi.nlm.nih.gov/?term=%28%22PerkinElmer+QSight%22+OR+%22PerkinElmer+LC%22+OR+%22PerkinElmer+chromatography%22%29+AND+%28%222026%2F05%2F01%22%5BDate+-+Publication%5D+%3A+%222026%2F07%2F30%22%5BDate+-+Publication%5D%29,403,https://pubmed.ncbi.nlm.nih.gov/?term=%28%22PerkinElmer+QSight%22+OR+%22PerkinElmer+LC%22+OR+%22PerkinElmer+chromatography%22%29+AND+%28%222026%2F05%2F01%22%5BDate+-+Publication%5D+%3A+%222026%2F07%2F30%22%5BDate+-+Publication%5D%29,Broken,strict access failure,,
[no retained anchor label],https://pubmed.ncbi.nlm.nih.gov/?term=%28%22PerkinElmer+QSight%22+OR+%22PerkinElmer+LC%22+OR+%22PerkinElmer+chromatography%22%29+AND+%28%222026%2F05%2F02%22%5BDate+-+Publication%5D+%3A+%222026%2F07%2F31%22%5BDate+-+Publication%5D%29,403,https://pubmed.ncbi.nlm.nih.gov/?term=%28%22PerkinElmer+QSight%22+OR+%22PerkinElmer+LC%22+OR+%22PerkinElmer+chromatography%22%29+AND+%28%222026%2F05%2F02%22%5BDate+-+Publication%5D+%3A+%222026%2F07%2F31%22%5BDate+-+Publication%5D%29,Broken,strict access failure,,
[no retained anchor label],https://pubmed.ncbi.nlm.nih.gov/?term=%28%22PerkinElmer+QSight%22+OR+%22PerkinElmer+LC%22+OR+%22PerkinElmer+chromatography%22%29+AND+%28%222026%2F05%2F03%22%5BDate+-+Publication%5D+%3A+%222026%2F08%2F01%22%5BDate+-+Publication%5D%29,403,https://pubmed.ncbi.nlm.nih.gov/?term=%28%22PerkinElmer+QSight%22+OR+%22PerkinElmer+LC%22+OR+%22PerkinElmer+chromatography%22%29+AND+%28%222026%2F05%2F03%22%5BDate+-+Publication%5D+%3A+%222026%2F08%2F01%22%5BDate+-+Publication%5D%29,Broken,strict access failure,,
[no retained anchor label],https://pubmed.ncbi.nlm.nih.gov/?term=%28%22PerkinElmer+QSight%22+OR+%22PerkinElmer+LC%22+OR+%22PerkinElmer+chromatography%22%29+AND+%28%222026%2F05%2F31%22%5BDate+-+Publication%5D+%3A+%222026%2F07%2F30%22%5BDate+-+Publication%5D%29,403,https://pubmed.ncbi.nlm.nih.gov/?term=%28%22PerkinElmer+QSight%22+OR+%22PerkinElmer+LC%22+OR+%22PerkinElmer+chromatography%22%29+AND+%28%222026%2F05%2F31%22%5BDate+-+Publication%5D+%3A+%222026%2F07%2F30%22%5BDate+-+Publication%5D%29,Broken,strict access failure,,
[no retained anchor label],https://pubmed.ncbi.nlm.nih.gov/?term=%28%22PerkinElmer+QSight%22+OR+%22PerkinElmer+LC%22+OR+%22PerkinElmer+chromatography%22%29+AND+%28%222026%2F06%2F01%22%5BDate+-+Publication%5D+%3A+%222026%2F07%2F31%22%5BDate+-+Publication%5D%29,403,https://pubmed.ncbi.nlm.nih.gov/?term=%28%22PerkinElmer+QSight%22+OR+%22PerkinElmer+LC%22+OR+%22PerkinElmer+chromatography%22%29+AND+%28%222026%2F06%2F01%22%5BDate+-+Publication%5D+%3A+%222026%2F07%2F31%22%5BDate+-+Publication%5D%29,Broken,strict access failure,,
[no retained anchor label],https://pubmed.ncbi.nlm.nih.gov/?term=%28%22PerkinElmer+QSight%22+OR+%22PerkinElmer+LC%22+OR+%22PerkinElmer+chromatography%22%29+AND+%28%222026%2F06%2F02%22%5BDate+-+Publication%5D+%3A+%222026%2F08%2F01%22%5BDate+-+Publication%5D%29,403,https://pubmed.ncbi.nlm.nih.gov/?term=%28%22PerkinElmer+QSight%22+OR+%22PerkinElmer+LC%22+OR+%22PerkinElmer+chromatography%22%29+AND+%28%222026%2F06%2F02%22%5BDate+-+Publication%5D+%3A+%222026%2F08%2F01%22%5BDate+-+Publication%5D%29,Broken,strict access failure,,
[no retained anchor label],https://pubmed.ncbi.nlm.nih.gov/?term=%28%22PerkinElmer+QSight%22+OR+%22PerkinElmer+LC%22+OR+%22PerkinElmer+chromatography%22%29+AND+%28%222026%2F06%2F30%22%5BDate+-+Publication%5D+%3A+%222026%2F07%2F30%22%5BDate+-+Publication%5D%29,403,https://pubmed.ncbi.nlm.nih.gov/?term=%28%22PerkinElmer+QSight%22+OR+%22PerkinElmer+LC%22+OR+%22PerkinElmer+chromatography%22%29+AND+%28%222026%2F06%2F30%22%5BDate+-+Publication%5D+%3A+%222026%2F07%2F30%22%5BDate+-+Publication%5D%29,Broken,strict access failure,,
[no retained anchor label],https://pubmed.ncbi.nlm.nih.gov/?term=%28%22PerkinElmer+QSight%22+OR+%22PerkinElmer+LC%22+OR+%22PerkinElmer+chromatography%22%29+AND+%28%222026%2F07%2F01%22%5BDate+-+Publication%5D+%3A+%222026%2F07%2F31%22%5BDate+-+Publication%5D%29,403,https://pubmed.ncbi.nlm.nih.gov/?term=%28%22PerkinElmer+QSight%22+OR+%22PerkinElmer+LC%22+OR+%22PerkinElmer+chromatography%22%29+AND+%28%222026%2F07%2F01%22%5BDate+-+Publication%5D+%3A+%222026%2F07%2F31%22%5BDate+-+Publication%5D%29,Broken,strict access failure,,
[no retained anchor label],https://pubmed.ncbi.nlm.nih.gov/?term=%28%22PerkinElmer+QSight%22+OR+%22PerkinElmer+LC%22+OR+%22PerkinElmer+chromatography%22%29+AND+%28%222026%2F07%2F02%22%5BDate+-+Publication%5D+%3A+%222026%2F08%2F01%22%5BDate+-+Publication%5D%29,403,https://pubmed.ncbi.nlm.nih.gov/?term=%28%22PerkinElmer+QSight%22+OR+%22PerkinElmer+LC%22+OR+%22PerkinElmer+chromatography%22%29+AND+%28%222026%2F07%2F02%22%5BDate+-+Publication%5D+%3A+%222026%2F08%2F01%22%5BDate+-+Publication%5D%29,Broken,strict access failure,,
[no retained anchor label],https://pubmed.ncbi.nlm.nih.gov/?term=%28%22SCIEX%22+OR+%22ZenoTOF%22+OR+%22TripleTOF%22+OR+%22QTRAP%22+OR+%22Echo+MS%22%29+AND+%28%222021%2F07%2F31%22%5BDate+-+Publication%5D+%3A+%222026%2F07%2F30%22%5BDate+-+Publication%5D%29,403,https://pubmed.ncbi.nlm.nih.gov/?term=%28%22SCIEX%22+OR+%22ZenoTOF%22+OR+%22TripleTOF%22+OR+%22QTRAP%22+OR+%22Echo+MS%22%29+AND+%28%222021%2F07%2F31%22%5BDate+-+Publication%5D+%3A+%222026%2F07%2F30%22%5BDate+-+Publication%5D%29,Broken,strict access failure,,
[no retained anchor label],https://pubmed.ncbi.nlm.nih.gov/?term=%28%22SCIEX%22+OR+%22ZenoTOF%22+OR+%22TripleTOF%22+OR+%22QTRAP%22+OR+%22Echo+MS%22%29+AND+%28%222021%2F08%2F01%22%5BDate+-+Publication%5D+%3A+%222026%2F07%2F31%22%5BDate+-+Publication%5D%29,403,https://pubmed.ncbi.nlm.nih.gov/?term=%28%22SCIEX%22+OR+%22ZenoTOF%22+OR+%22TripleTOF%22+OR+%22QTRAP%22+OR+%22Echo+MS%22%29+AND+%28%222021%2F08%2F01%22%5BDate+-+Publication%5D+%3A+%222026%2F07%2F31%22%5BDate+-+Publication%5D%29,Broken,strict access failure,,
[no retained anchor label],https://pubmed.ncbi.nlm.nih.gov/?term=%28%22SCIEX%22+OR+%22ZenoTOF%22+OR+%22TripleTOF%22+OR+%22QTRAP%22+OR+%22Echo+MS%22%29+AND+%28%222021%2F08%2F02%22%5BDate+-+Publication%5D+%3A+%222026%2F08%2F01%22%5BDate+-+Publication%5D%29,403,https://pubmed.ncbi.nlm.nih.gov/?term=%28%22SCIEX%22+OR+%22ZenoTOF%22+OR+%22TripleTOF%22+OR+%22QTRAP%22+OR+%22Echo+MS%22%29+AND+%28%222021%2F08%2F02%22%5BDate+-+Publication%5D+%3A+%222026%2F08%2F01%22%5BDate+-+Publication%5D%29,Broken,strict access failure,,
[no retained anchor label],https://pubmed.ncbi.nlm.nih.gov/?term=%28%22SCIEX%22+OR+%22ZenoTOF%22+OR+%22TripleTOF%22+OR+%22QTRAP%22+OR+%22Echo+MS%22%29+AND+%28%222023%2F07%2F31%22%5BDate+-+Publication%5D+%3A+%222026%2F07%2F30%22%5BDate+-+Publication%5D%29,403,https://pubmed.ncbi.nlm.nih.gov/?term=%28%22SCIEX%22+OR+%22ZenoTOF%22+OR+%22TripleTOF%22+OR+%22QTRAP%22+OR+%22Echo+MS%22%29+AND+%28%222023%2F07%2F31%22%5BDate+-+Publication%5D+%3A+%222026%2F07%2F30%22%5BDate+-+Publication%5D%29,Broken,strict access failure,,
[no retained anchor label],https://pubmed.ncbi.nlm.nih.gov/?term=%28%22SCIEX%22+OR+%22ZenoTOF%22+OR+%22TripleTOF%22+OR+%22QTRAP%22+OR+%22Echo+MS%22%29+AND+%28%222023%2F08%2F01%22%5BDate+-+Publication%5D+%3A+%222026%2F07%2F31%22%5BDate+-+Publication%5D%29,403,https://pubmed.ncbi.nlm.nih.gov/?term=%28%22SCIEX%22+OR+%22ZenoTOF%22+OR+%22TripleTOF%22+OR+%22QTRAP%22+OR+%22Echo+MS%22%29+AND+%28%222023%2F08%2F01%22%5BDate+-+Publication%5D+%3A+%222026%2F07%2F31%22%5BDate+-+Publication%5D%29,Broken,strict access failure,,
[no retained anchor label],https://pubmed.ncbi.nlm.nih.gov/?term=%28%22SCIEX%22+OR+%22ZenoTOF%22+OR+%22TripleTOF%22+OR+%22QTRAP%22+OR+%22Echo+MS%22%29+AND+%28%222023%2F08%2F02%22%5BDate+-+Publication%5D+%3A+%222026%2F08%2F01%22%5BDate+-+Publication%5D%29,403,https://pubmed.ncbi.nlm.nih.gov/?term=%28%22SCIEX%22+OR+%22ZenoTOF%22+OR+%22TripleTOF%22+OR+%22QTRAP%22+OR+%22Echo+MS%22%29+AND+%28%222023%2F08%2F02%22%5BDate+-+Publication%5D+%3A+%222026%2F08%2F01%22%5BDate+-+Publication%5D%29,Broken,strict access failure,,
[no retained anchor label],https://pubmed.ncbi.nlm.nih.gov/?term=%28%22SCIEX%22+OR+%22ZenoTOF%22+OR+%22TripleTOF%22+OR+%22QTRAP%22+OR+%22Echo+MS%22%29+AND+%28%222025%2F07%2F30%22%5BDate+-+Publication%5D+%3A+%222026%2F07%2F30%22%5BDate+-+Publication%5D%29,403,https://pubmed.ncbi.nlm.nih.gov/?term=%28%22SCIEX%22+OR+%22ZenoTOF%22+OR+%22TripleTOF%22+OR+%22QTRAP%22+OR+%22Echo+MS%22%29+AND+%28%222025%2F07%2F30%22%5BDate+-+Publication%5D+%3A+%222026%2F07%2F30%22%5BDate+-+Publication%5D%29,Broken,strict access failure,,
[no retained anchor label],https://pubmed.ncbi.nlm.nih.gov/?term=%28%22SCIEX%22+OR+%22ZenoTOF%22+OR+%22TripleTOF%22+OR+%22QTRAP%22+OR+%22Echo+MS%22%29+AND+%28%222025%2F07%2F31%22%5BDate+-+Publication%5D+%3A+%222026%2F07%2F31%22%5BDate+-+Publication%5D%29,403,https://pubmed.ncbi.nlm.nih.gov/?term=%28%22SCIEX%22+OR+%22ZenoTOF%22+OR+%22TripleTOF%22+OR+%22QTRAP%22+OR+%22Echo+MS%22%29+AND+%28%222025%2F07%2F31%22%5BDate+-+Publication%5D+%3A+%222026%2F07%2F31%22%5BDate+-+Publication%5D%29,Broken,strict access failure,,
[no retained anchor label],https://pubmed.ncbi.nlm.nih.gov/?term=%28%22SCIEX%22+OR+%22ZenoTOF%22+OR+%22TripleTOF%22+OR+%22QTRAP%22+OR+%22Echo+MS%22%29+AND+%28%222025%2F08%2F01%22%5BDate+-+Publication%5D+%3A+%222026%2F08%2F01%22%5BDate+-+Publication%5D%29,403,https://pubmed.ncbi.nlm.nih.gov/?term=%28%22SCIEX%22+OR+%22ZenoTOF%22+OR+%22TripleTOF%22+OR+%22QTRAP%22+OR+%22Echo+MS%22%29+AND+%28%222025%2F08%2F01%22%5BDate+-+Publication%5D+%3A+%222026%2F08%2F01%22%5BDate+-+Publication%5D%29,Broken,strict access failure,,
[no retained anchor label],https://pubmed.ncbi.nlm.nih.gov/?term=%28%22SCIEX%22+OR+%22ZenoTOF%22+OR+%22TripleTOF%22+OR+%22QTRAP%22+OR+%22Echo+MS%22%29+AND+%28%222026%2F05%2F01%22%5BDate+-+Publication%5D+%3A+%222026%2F07%2F30%22%5BDate+-+Publication%5D%29,403,https://pubmed.ncbi.nlm.nih.gov/?term=%28%22SCIEX%22+OR+%22ZenoTOF%22+OR+%22TripleTOF%22+OR+%22QTRAP%22+OR+%22Echo+MS%22%29+AND+%28%222026%2F05%2F01%22%5BDate+-+Publication%5D+%3A+%222026%2F07%2F30%22%5BDate+-+Publication%5D%29,Broken,strict access failure,,
[no retained anchor label],https://pubmed.ncbi.nlm.nih.gov/?term=%28%22SCIEX%22+OR+%22ZenoTOF%22+OR+%22TripleTOF%22+OR+%22QTRAP%22+OR+%22Echo+MS%22%29+AND+%28%222026%2F05%2F02%22%5BDate+-+Publication%5D+%3A+%222026%2F07%2F31%22%5BDate+-+Publication%5D%29,403,https://pubmed.ncbi.nlm.nih.gov/?term=%28%22SCIEX%22+OR+%22ZenoTOF%22+OR+%22TripleTOF%22+OR+%22QTRAP%22+OR+%22Echo+MS%22%29+AND+%28%222026%2F05%2F02%22%5BDate+-+Publication%5D+%3A+%222026%2F07%2F31%22%5BDate+-+Publication%5D%29,Broken,strict access failure,,
[no retained anchor label],https://pubmed.ncbi.nlm.nih.gov/?term=%28%22SCIEX%22+OR+%22ZenoTOF%22+OR+%22TripleTOF%22+OR+%22QTRAP%22+OR+%22Echo+MS%22%29+AND+%28%222026%2F05%2F03%22%5BDate+-+Publication%5D+%3A+%222026%2F08%2F01%22%5BDate+-+Publication%5D%29,403,https://pubmed.ncbi.nlm.nih.gov/?term=%28%22SCIEX%22+OR+%22ZenoTOF%22+OR+%22TripleTOF%22+OR+%22QTRAP%22+OR+%22Echo+MS%22%29+AND+%28%222026%2F05%2F03%22%5BDate+-+Publication%5D+%3A+%222026%2F08%2F01%22%5BDate+-+Publication%5D%29,Broken,strict access failure,,
[no retained anchor label],https://pubmed.ncbi.nlm.nih.gov/?term=%28%22SCIEX%22+OR+%22ZenoTOF%22+OR+%22TripleTOF%22+OR+%22QTRAP%22+OR+%22Echo+MS%22%29+AND+%28%222026%2F05%2F31%22%5BDate+-+Publication%5D+%3A+%222026%2F07%2F30%22%5BDate+-+Publication%5D%29,403,https://pubmed.ncbi.nlm.nih.gov/?term=%28%22SCIEX%22+OR+%22ZenoTOF%22+OR+%22TripleTOF%22+OR+%22QTRAP%22+OR+%22Echo+MS%22%29+AND+%28%222026%2F05%2F31%22%5BDate+-+Publication%5D+%3A+%222026%2F07%2F30%22%5BDate+-+Publication%5D%29,Broken,strict access failure,,
[no retained anchor label],https://pubmed.ncbi.nlm.nih.gov/?term=%28%22SCIEX%22+OR+%22ZenoTOF%22+OR+%22TripleTOF%22+OR+%22QTRAP%22+OR+%22Echo+MS%22%29+AND+%28%222026%2F06%2F01%22%5BDate+-+Publication%5D+%3A+%222026%2F07%2F31%22%5BDate+-+Publication%5D%29,403,https://pubmed.ncbi.nlm.nih.gov/?term=%28%22SCIEX%22+OR+%22ZenoTOF%22+OR+%22TripleTOF%22+OR+%22QTRAP%22+OR+%22Echo+MS%22%29+AND+%28%222026%2F06%2F01%22%5BDate+-+Publication%5D+%3A+%222026%2F07%2F31%22%5BDate+-+Publication%5D%29,Broken,strict access failure,,
[no retained anchor label],https://pubmed.ncbi.nlm.nih.gov/?term=%28%22SCIEX%22+OR+%22ZenoTOF%22+OR+%22TripleTOF%22+OR+%22QTRAP%22+OR+%22Echo+MS%22%29+AND+%28%222026%2F06%2F02%22%5BDate+-+Publication%5D+%3A+%222026%2F08%2F01%22%5BDate+-+Publication%5D%29,403,https://pubmed.ncbi.nlm.nih.gov/?term=%28%22SCIEX%22+OR+%22ZenoTOF%22+OR+%22TripleTOF%22+OR+%22QTRAP%22+OR+%22Echo+MS%22%29+AND+%28%222026%2F06%2F02%22%5BDate+-+Publication%5D+%3A+%222026%2F08%2F01%22%5BDate+-+Publication%5D%29,Broken,strict access failure,,
[no retained anchor label],https://pubmed.ncbi.nlm.nih.gov/?term=%28%22SCIEX%22+OR+%22ZenoTOF%22+OR+%22TripleTOF%22+OR+%22QTRAP%22+OR+%22Echo+MS%22%29+AND+%28%222026%2F06%2F30%22%5BDate+-+Publication%5D+%3A+%222026%2F07%2F30%22%5BDate+-+Publication%5D%29,403,https://pubmed.ncbi.nlm.nih.gov/?term=%28%22SCIEX%22+OR+%22ZenoTOF%22+OR+%22TripleTOF%22+OR+%22QTRAP%22+OR+%22Echo+MS%22%29+AND+%28%222026%2F06%2F30%22%5BDate+-+Publication%5D+%3A+%222026%2F07%2F30%22%5BDate+-+Publication%5D%29,Broken,strict access failure,,
[no retained anchor label],https://pubmed.ncbi.nlm.nih.gov/?term=%28%22SCIEX%22+OR+%22ZenoTOF%22+OR+%22TripleTOF%22+OR+%22QTRAP%22+OR+%22Echo+MS%22%29+AND+%28%222026%2F07%2F01%22%5BDate+-+Publication%5D+%3A+%222026%2F07%2F31%22%5BDate+-+Publication%5D%29,403,https://pubmed.ncbi.nlm.nih.gov/?term=%28%22SCIEX%22+OR+%22ZenoTOF%22+OR+%22TripleTOF%22+OR+%22QTRAP%22+OR+%22Echo+MS%22%29+AND+%28%222026%2F07%2F01%22%5BDate+-+Publication%5D+%3A+%222026%2F07%2F31%22%5BDate+-+Publication%5D%29,Broken,strict access failure,,
[no retained anchor label],https://pubmed.ncbi.nlm.nih.gov/?term=%28%22SCIEX%22+OR+%22ZenoTOF%22+OR+%22TripleTOF%22+OR+%22QTRAP%22+OR+%22Echo+MS%22%29+AND+%28%222026%2F07%2F02%22%5BDate+-+Publication%5D+%3A+%222026%2F08%2F01%22%5BDate+-+Publication%5D%29,403,https://pubmed.ncbi.nlm.nih.gov/?term=%28%22SCIEX%22+OR+%22ZenoTOF%22+OR+%22TripleTOF%22+OR+%22QTRAP%22+OR+%22Echo+MS%22%29+AND+%28%222026%2F07%2F02%22%5BDate+-+Publication%5D+%3A+%222026%2F08%2F01%22%5BDate+-+Publication%5D%29,Broken,strict access failure,,
[no retained anchor label],https://pubmed.ncbi.nlm.nih.gov/?term=%28%22Shimadzu+LCMS%22+OR+%22Shimadzu+Nexera%22+OR+%22LCMS-8060%22+OR+%22LCMS-9030%22+OR+%22LCMS-9050%22%29+AND+%28%222021%2F07%2F31%22%5BDate+-+Publication%5D+%3A+%222026%2F07%2F30%22%5BDate+-+Publication%5D%29,403,https://pubmed.ncbi.nlm.nih.gov/?term=%28%22Shimadzu+LCMS%22+OR+%22Shimadzu+Nexera%22+OR+%22LCMS-8060%22+OR+%22LCMS-9030%22+OR+%22LCMS-9050%22%29+AND+%28%222021%2F07%2F31%22%5BDate+-+Publication%5D+%3A+%222026%2F07%2F30%22%5BDate+-+Publication%5D%29,Broken,strict access failure,,
[no retained anchor label],https://pubmed.ncbi.nlm.nih.gov/?term=%28%22Shimadzu+LCMS%22+OR+%22Shimadzu+Nexera%22+OR+%22LCMS-8060%22+OR+%22LCMS-9030%22+OR+%22LCMS-9050%22%29+AND+%28%222021%2F08%2F01%22%5BDate+-+Publication%5D+%3A+%222026%2F07%2F31%22%5BDate+-+Publication%5D%29,403,https://pubmed.ncbi.nlm.nih.gov/?term=%28%22Shimadzu+LCMS%22+OR+%22Shimadzu+Nexera%22+OR+%22LCMS-8060%22+OR+%22LCMS-9030%22+OR+%22LCMS-9050%22%29+AND+%28%222021%2F08%2F01%22%5BDate+-+Publication%5D+%3A+%222026%2F07%2F31%22%5BDate+-+Publication%5D%29,Broken,strict access failure,,
[no retained anchor label],https://pubmed.ncbi.nlm.nih.gov/?term=%28%22Shimadzu+LCMS%22+OR+%22Shimadzu+Nexera%22+OR+%22LCMS-8060%22+OR+%22LCMS-9030%22+OR+%22LCMS-9050%22%29+AND+%28%222021%2F08%2F02%22%5BDate+-+Publication%5D+%3A+%222026%2F08%2F01%22%5BDate+-+Publication%5D%29,403,https://pubmed.ncbi.nlm.nih.gov/?term=%28%22Shimadzu+LCMS%22+OR+%22Shimadzu+Nexera%22+OR+%22LCMS-8060%22+OR+%22LCMS-9030%22+OR+%22LCMS-9050%22%29+AND+%28%222021%2F08%2F02%22%5BDate+-+Publication%5D+%3A+%222026%2F08%2F01%22%5BDate+-+Publication%5D%29,Broken,strict access failure,,
[no retained anchor label],https://pubmed.ncbi.nlm.nih.gov/?term=%28%22Shimadzu+LCMS%22+OR+%22Shimadzu+Nexera%22+OR+%22LCMS-8060%22+OR+%22LCMS-9030%22+OR+%22LCMS-9050%22%29+AND+%28%222023%2F07%2F31%22%5BDate+-+Publication%5D+%3A+%222026%2F07%2F30%22%5BDate+-+Publication%5D%29,403,https://pubmed.ncbi.nlm.nih.gov/?term=%28%22Shimadzu+LCMS%22+OR+%22Shimadzu+Nexera%22+OR+%22LCMS-8060%22+OR+%22LCMS-9030%22+OR+%22LCMS-9050%22%29+AND+%28%222023%2F07%2F31%22%5BDate+-+Publication%5D+%3A+%222026%2F07%2F30%22%5BDate+-+Publication%5D%29,Broken,strict access failure,,
[no retained anchor label],https://pubmed.ncbi.nlm.nih.gov/?term=%28%22Shimadzu+LCMS%22+OR+%22Shimadzu+Nexera%22+OR+%22LCMS-8060%22+OR+%22LCMS-9030%22+OR+%22LCMS-9050%22%29+AND+%28%222023%2F08%2F01%22%5BDate+-+Publication%5D+%3A+%222026%2F07%2F31%22%5BDate+-+Publication%5D%29,403,https://pubmed.ncbi.nlm.nih.gov/?term=%28%22Shimadzu+LCMS%22+OR+%22Shimadzu+Nexera%22+OR+%22LCMS-8060%22+OR+%22LCMS-9030%22+OR+%22LCMS-9050%22%29+AND+%28%222023%2F08%2F01%22%5BDate+-+Publication%5D+%3A+%222026%2F07%2F31%22%5BDate+-+Publication%5D%29,Broken,strict access failure,,
[no retained anchor label],https://pubmed.ncbi.nlm.nih.gov/?term=%28%22Shimadzu+LCMS%22+OR+%22Shimadzu+Nexera%22+OR+%22LCMS-8060%22+OR+%22LCMS-9030%22+OR+%22LCMS-9050%22%29+AND+%28%222023%2F08%2F02%22%5BDate+-+Publication%5D+%3A+%222026%2F08%2F01%22%5BDate+-+Publication%5D%29,403,https://pubmed.ncbi.nlm.nih.gov/?term=%28%22Shimadzu+LCMS%22+OR+%22Shimadzu+Nexera%22+OR+%22LCMS-8060%22+OR+%22LCMS-9030%22+OR+%22LCMS-9050%22%29+AND+%28%222023%2F08%2F02%22%5BDate+-+Publication%5D+%3A+%222026%2F08%2F01%22%5BDate+-+Publication%5D%29,Broken,strict access failure,,
[no retained anchor label],https://pubmed.ncbi.nlm.nih.gov/?term=%28%22Shimadzu+LCMS%22+OR+%22Shimadzu+Nexera%22+OR+%22LCMS-8060%22+OR+%22LCMS-9030%22+OR+%22LCMS-9050%22%29+AND+%28%222025%2F07%2F30%22%5BDate+-+Publication%5D+%3A+%222026%2F07%2F30%22%5BDate+-+Publication%5D%29,403,https://pubmed.ncbi.nlm.nih.gov/?term=%28%22Shimadzu+LCMS%22+OR+%22Shimadzu+Nexera%22+OR+%22LCMS-8060%22+OR+%22LCMS-9030%22+OR+%22LCMS-9050%22%29+AND+%28%222025%2F07%2F30%22%5BDate+-+Publication%5D+%3A+%222026%2F07%2F30%22%5BDate+-+Publication%5D%29,Broken,strict access failure,,
[no retained anchor label],https://pubmed.ncbi.nlm.nih.gov/?term=%28%22Shimadzu+LCMS%22+OR+%22Shimadzu+Nexera%22+OR+%22LCMS-8060%22+OR+%22LCMS-9030%22+OR+%22LCMS-9050%22%29+AND+%28%222025%2F07%2F31%22%5BDate+-+Publication%5D+%3A+%222026%2F07%2F31%22%5BDate+-+Publication%5D%29,403,https://pubmed.ncbi.nlm.nih.gov/?term=%28%22Shimadzu+LCMS%22+OR+%22Shimadzu+Nexera%22+OR+%22LCMS-8060%22+OR+%22LCMS-9030%22+OR+%22LCMS-9050%22%29+AND+%28%222025%2F07%2F31%22%5BDate+-+Publication%5D+%3A+%222026%2F07%2F31%22%5BDate+-+Publication%5D%29,Broken,strict access failure,,
[no retained anchor label],https://pubmed.ncbi.nlm.nih.gov/?term=%28%22Shimadzu+LCMS%22+OR+%22Shimadzu+Nexera%22+OR+%22LCMS-8060%22+OR+%22LCMS-9030%22+OR+%22LCMS-9050%22%29+AND+%28%222025%2F08%2F01%22%5BDate+-+Publication%5D+%3A+%222026%2F08%2F01%22%5BDate+-+Publication%5D%29,403,https://pubmed.ncbi.nlm.nih.gov/?term=%28%22Shimadzu+LCMS%22+OR+%22Shimadzu+Nexera%22+OR+%22LCMS-8060%22+OR+%22LCMS-9030%22+OR+%22LCMS-9050%22%29+AND+%28%222025%2F08%2F01%22%5BDate+-+Publication%5D+%3A+%222026%2F08%2F01%22%5BDate+-+Publication%5D%29,Broken,strict access failure,,
[no retained anchor label],https://pubmed.ncbi.nlm.nih.gov/?term=%28%22Shimadzu+LCMS%22+OR+%22Shimadzu+Nexera%22+OR+%22LCMS-8060%22+OR+%22LCMS-9030%22+OR+%22LCMS-9050%22%29+AND+%28%222026%2F05%2F01%22%5BDate+-+Publication%5D+%3A+%222026%2F07%2F30%22%5BDate+-+Publication%5D%29,403,https://pubmed.ncbi.nlm.nih.gov/?term=%28%22Shimadzu+LCMS%22+OR+%22Shimadzu+Nexera%22+OR+%22LCMS-8060%22+OR+%22LCMS-9030%22+OR+%22LCMS-9050%22%29+AND+%28%222026%2F05%2F01%22%5BDate+-+Publication%5D+%3A+%222026%2F07%2F30%22%5BDate+-+Publication%5D%29,Broken,strict access failure,,
[no retained anchor label],https://pubmed.ncbi.nlm.nih.gov/?term=%28%22Shimadzu+LCMS%22+OR+%22Shimadzu+Nexera%22+OR+%22LCMS-8060%22+OR+%22LCMS-9030%22+OR+%22LCMS-9050%22%29+AND+%28%222026%2F05%2F02%22%5BDate+-+Publication%5D+%3A+%222026%2F07%2F31%22%5BDate+-+Publication%5D%29,403,https://pubmed.ncbi.nlm.nih.gov/?term=%28%22Shimadzu+LCMS%22+OR+%22Shimadzu+Nexera%22+OR+%22LCMS-8060%22+OR+%22LCMS-9030%22+OR+%22LCMS-9050%22%29+AND+%28%222026%2F05%2F02%22%5BDate+-+Publication%5D+%3A+%222026%2F07%2F31%22%5BDate+-+Publication%5D%29,Broken,strict access failure,,
[no retained anchor label],https://pubmed.ncbi.nlm.nih.gov/?term=%28%22Shimadzu+LCMS%22+OR+%22Shimadzu+Nexera%22+OR+%22LCMS-8060%22+OR+%22LCMS-9030%22+OR+%22LCMS-9050%22%29+AND+%28%222026%2F05%2F03%22%5BDate+-+Publication%5D+%3A+%222026%2F08%2F01%22%5BDate+-+Publication%5D%29,403,https://pubmed.ncbi.nlm.nih.gov/?term=%28%22Shimadzu+LCMS%22+OR+%22Shimadzu+Nexera%22+OR+%22LCMS-8060%22+OR+%22LCMS-9030%22+OR+%22LCMS-9050%22%29+AND+%28%222026%2F05%2F03%22%5BDate+-+Publication%5D+%3A+%222026%2F08%2F01%22%5BDate+-+Publication%5D%29,Broken,strict access failure,,
[no retained anchor label],https://pubmed.ncbi.nlm.nih.gov/?term=%28%22Shimadzu+LCMS%22+OR+%22Shimadzu+Nexera%22+OR+%22LCMS-8060%22+OR+%22LCMS-9030%22+OR+%22LCMS-9050%22%29+AND+%28%222026%2F05%2F31%22%5BDate+-+Publication%5D+%3A+%222026%2F07%2F30%22%5BDate+-+Publication%5D%29,403,https://pubmed.ncbi.nlm.nih.gov/?term=%28%22Shimadzu+LCMS%22+OR+%22Shimadzu+Nexera%22+OR+%22LCMS-8060%22+OR+%22LCMS-9030%22+OR+%22LCMS-9050%22%29+AND+%28%222026%2F05%2F31%22%5BDate+-+Publication%5D+%3A+%222026%2F07%2F30%22%5BDate+-+Publication%5D%29,Broken,strict access failure,,
[no retained anchor label],https://pubmed.ncbi.nlm.nih.gov/?term=%28%22Shimadzu+LCMS%22+OR+%22Shimadzu+Nexera%22+OR+%22LCMS-8060%22+OR+%22LCMS-9030%22+OR+%22LCMS-9050%22%29+AND+%28%222026%2F06%2F01%22%5BDate+-+Publication%5D+%3A+%222026%2F07%2F31%22%5BDate+-+Publication%5D%29,403,https://pubmed.ncbi.nlm.nih.gov/?term=%28%22Shimadzu+LCMS%22+OR+%22Shimadzu+Nexera%22+OR+%22LCMS-8060%22+OR+%22LCMS-9030%22+OR+%22LCMS-9050%22%29+AND+%28%222026%2F06%2F01%22%5BDate+-+Publication%5D+%3A+%222026%2F07%2F31%22%5BDate+-+Publication%5D%29,Broken,strict access failure,,
[no retained anchor label],https://pubmed.ncbi.nlm.nih.gov/?term=%28%22Shimadzu+LCMS%22+OR+%22Shimadzu+Nexera%22+OR+%22LCMS-8060%22+OR+%22LCMS-9030%22+OR+%22LCMS-9050%22%29+AND+%28%222026%2F06%2F02%22%5BDate+-+Publication%5D+%3A+%222026%2F08%2F01%22%5BDate+-+Publication%5D%29,403,https://pubmed.ncbi.nlm.nih.gov/?term=%28%22Shimadzu+LCMS%22+OR+%22Shimadzu+Nexera%22+OR+%22LCMS-8060%22+OR+%22LCMS-9030%22+OR+%22LCMS-9050%22%29+AND+%28%222026%2F06%2F02%22%5BDate+-+Publication%5D+%3A+%222026%2F08%2F01%22%5BDate+-+Publication%5D%29,Broken,strict access failure,,
[no retained anchor label],https://pubmed.ncbi.nlm.nih.gov/?term=%28%22Shimadzu+LCMS%22+OR+%22Shimadzu+Nexera%22+OR+%22LCMS-8060%22+OR+%22LCMS-9030%22+OR+%22LCMS-9050%22%29+AND+%28%222026%2F06%2F30%22%5BDate+-+Publication%5D+%3A+%222026%2F07%2F30%22%5BDate+-+Publication%5D%29,403,https://pubmed.ncbi.nlm.nih.gov/?term=%28%22Shimadzu+LCMS%22+OR+%22Shimadzu+Nexera%22+OR+%22LCMS-8060%22+OR+%22LCMS-9030%22+OR+%22LCMS-9050%22%29+AND+%28%222026%2F06%2F30%22%5BDate+-+Publication%5D+%3A+%222026%2F07%2F30%22%5BDate+-+Publication%5D%29,Broken,strict access failure,,
[no retained anchor label],https://pubmed.ncbi.nlm.nih.gov/?term=%28%22Shimadzu+LCMS%22+OR+%22Shimadzu+Nexera%22+OR+%22LCMS-8060%22+OR+%22LCMS-9030%22+OR+%22LCMS-9050%22%29+AND+%28%222026%2F07%2F01%22%5BDate+-+Publication%5D+%3A+%222026%2F07%2F31%22%5BDate+-+Publication%5D%29,403,https://pubmed.ncbi.nlm.nih.gov/?term=%28%22Shimadzu+LCMS%22+OR+%22Shimadzu+Nexera%22+OR+%22LCMS-8060%22+OR+%22LCMS-9030%22+OR+%22LCMS-9050%22%29+AND+%28%222026%2F07%2F01%22%5BDate+-+Publication%5D+%3A+%222026%2F07%2F31%22%5BDate+-+Publication%5D%29,Broken,strict access failure,,
[no retained anchor label],https://pubmed.ncbi.nlm.nih.gov/?term=%28%22Shimadzu+LCMS%22+OR+%22Shimadzu+Nexera%22+OR+%22LCMS-8060%22+OR+%22LCMS-9030%22+OR+%22LCMS-9050%22%29+AND+%28%222026%2F07%2F02%22%5BDate+-+Publication%5D+%3A+%222026%2F08%2F01%22%5BDate+-+Publication%5D%29,403,https://pubmed.ncbi.nlm.nih.gov/?term=%28%22Shimadzu+LCMS%22+OR+%22Shimadzu+Nexera%22+OR+%22LCMS-8060%22+OR+%22LCMS-9030%22+OR+%22LCMS-9050%22%29+AND+%28%222026%2F07%2F02%22%5BDate+-+Publication%5D+%3A+%222026%2F08%2F01%22%5BDate+-+Publication%5D%29,Broken,strict access failure,,
[no retained anchor label],https://pubmed.ncbi.nlm.nih.gov/?term=%28%28%22laboratory+automation%22+OR+%22workflow+software%22+OR+%22AI%22%29+AND+%28%22LC-MS%22+OR+chromatography+OR+%22mass+spectrometry%22%29%29+AND+%28%222021%2F07%2F31%22%5BDate+-+Publication%5D+%3A+%222026%2F07%2F30%22%5BDate+-+Publication%5D%29,403,https://pubmed.ncbi.nlm.nih.gov/?term=%28%28%22laboratory+automation%22+OR+%22workflow+software%22+OR+%22AI%22%29+AND+%28%22LC-MS%22+OR+chromatography+OR+%22mass+spectrometry%22%29%29+AND+%28%222021%2F07%2F31%22%5BDate+-+Publication%5D+%3A+%222026%2F07%2F30%22%5BDate+-+Publication%5D%29,Broken,strict access failure,,
[no retained anchor label],https://pubmed.ncbi.nlm.nih.gov/?term=%28%28%22laboratory+automation%22+OR+%22workflow+software%22+OR+%22AI%22%29+AND+%28%22LC-MS%22+OR+chromatography+OR+%22mass+spectrometry%22%29%29+AND+%28%222021%2F08%2F01%22%5BDate+-+Publication%5D+%3A+%222026%2F07%2F31%22%5BDate+-+Publication%5D%29,403,https://pubmed.ncbi.nlm.nih.gov/?term=%28%28%22laboratory+automation%22+OR+%22workflow+software%22+OR+%22AI%22%29+AND+%28%22LC-MS%22+OR+chromatography+OR+%22mass+spectrometry%22%29%29+AND+%28%222021%2F08%2F01%22%5BDate+-+Publication%5D+%3A+%222026%2F07%2F31%22%5BDate+-+Publication%5D%29,Broken,strict access failure,,
[no retained anchor label],https://pubmed.ncbi.nlm.nih.gov/?term=%28%28%22laboratory+automation%22+OR+%22workflow+software%22+OR+%22AI%22%29+AND+%28%22LC-MS%22+OR+chromatography+OR+%22mass+spectrometry%22%29%29+AND+%28%222021%2F08%2F02%22%5BDate+-+Publication%5D+%3A+%222026%2F08%2F01%22%5BDate+-+Publication%5D%29,403,https://pubmed.ncbi.nlm.nih.gov/?term=%28%28%22laboratory+automation%22+OR+%22workflow+software%22+OR+%22AI%22%29+AND+%28%22LC-MS%22+OR+chromatography+OR+%22mass+spectrometry%22%29%29+AND+%28%222021%2F08%2F02%22%5BDate+-+Publication%5D+%3A+%222026%2F08%2F01%22%5BDate+-+Publication%5D%29,Broken,strict access failure,,
[no retained anchor label],https://pubmed.ncbi.nlm.nih.gov/?term=%28%28%22laboratory+automation%22+OR+%22workflow+software%22+OR+%22AI%22%29+AND+%28%22LC-MS%22+OR+chromatography+OR+%22mass+spectrometry%22%29%29+AND+%28%222023%2F07%2F31%22%5BDate+-+Publication%5D+%3A+%222026%2F07%2F30%22%5BDate+-+Publication%5D%29,403,https://pubmed.ncbi.nlm.nih.gov/?term=%28%28%22laboratory+automation%22+OR+%22workflow+software%22+OR+%22AI%22%29+AND+%28%22LC-MS%22+OR+chromatography+OR+%22mass+spectrometry%22%29%29+AND+%28%222023%2F07%2F31%22%5BDate+-+Publication%5D+%3A+%222026%2F07%2F30%22%5BDate+-+Publication%5D%29,Broken,strict access failure,,
[no retained anchor label],https://pubmed.ncbi.nlm.nih.gov/?term=%28%28%22laboratory+automation%22+OR+%22workflow+software%22+OR+%22AI%22%29+AND+%28%22LC-MS%22+OR+chromatography+OR+%22mass+spectrometry%22%29%29+AND+%28%222023%2F08%2F01%22%5BDate+-+Publication%5D+%3A+%222026%2F07%2F31%22%5BDate+-+Publication%5D%29,403,https://pubmed.ncbi.nlm.nih.gov/?term=%28%28%22laboratory+automation%22+OR+%22workflow+software%22+OR+%22AI%22%29+AND+%28%22LC-MS%22+OR+chromatography+OR+%22mass+spectrometry%22%29%29+AND+%28%222023%2F08%2F01%22%5BDate+-+Publication%5D+%3A+%222026%2F07%2F31%22%5BDate+-+Publication%5D%29,Broken,strict access failure,,
[no retained anchor label],https://pubmed.ncbi.nlm.nih.gov/?term=%28%28%22laboratory+automation%22+OR+%22workflow+software%22+OR+%22AI%22%29+AND+%28%22LC-MS%22+OR+chromatography+OR+%22mass+spectrometry%22%29%29+AND+%28%222023%2F08%2F02%22%5BDate+-+Publication%5D+%3A+%222026%2F08%2F01%22%5BDate+-+Publication%5D%29,403,https://pubmed.ncbi.nlm.nih.gov/?term=%28%28%22laboratory+automation%22+OR+%22workflow+software%22+OR+%22AI%22%29+AND+%28%22LC-MS%22+OR+chromatography+OR+%22mass+spectrometry%22%29%29+AND+%28%222023%2F08%2F02%22%5BDate+-+Publication%5D+%3A+%222026%2F08%2F01%22%5BDate+-+Publication%5D%29,Broken,strict access failure,,
[no retained anchor label],https://pubmed.ncbi.nlm.nih.gov/?term=%28%28%22laboratory+automation%22+OR+%22workflow+software%22+OR+%22AI%22%29+AND+%28%22LC-MS%22+OR+chromatography+OR+%22mass+spectrometry%22%29%29+AND+%28%222025%2F07%2F30%22%5BDate+-+Publication%5D+%3A+%222026%2F07%2F30%22%5BDate+-+Publication%5D%29,403,https://pubmed.ncbi.nlm.nih.gov/?term=%28%28%22laboratory+automation%22+OR+%22workflow+software%22+OR+%22AI%22%29+AND+%28%22LC-MS%22+OR+chromatography+OR+%22mass+spectrometry%22%29%29+AND+%28%222025%2F07%2F30%22%5BDate+-+Publication%5D+%3A+%222026%2F07%2F30%22%5BDate+-+Publication%5D%29,Broken,strict access failure,,
[no retained anchor label],https://pubmed.ncbi.nlm.nih.gov/?term=%28%28%22laboratory+automation%22+OR+%22workflow+software%22+OR+%22AI%22%29+AND+%28%22LC-MS%22+OR+chromatography+OR+%22mass+spectrometry%22%29%29+AND+%28%222025%2F07%2F31%22%5BDate+-+Publication%5D+%3A+%222026%2F07%2F31%22%5BDate+-+Publication%5D%29,403,https://pubmed.ncbi.nlm.nih.gov/?term=%28%28%22laboratory+automation%22+OR+%22workflow+software%22+OR+%22AI%22%29+AND+%28%22LC-MS%22+OR+chromatography+OR+%22mass+spectrometry%22%29%29+AND+%28%222025%2F07%2F31%22%5BDate+-+Publication%5D+%3A+%222026%2F07%2F31%22%5BDate+-+Publication%5D%29,Broken,strict access failure,,
[no retained anchor label],https://pubmed.ncbi.nlm.nih.gov/?term=%28%28%22laboratory+automation%22+OR+%22workflow+software%22+OR+%22AI%22%29+AND+%28%22LC-MS%22+OR+chromatography+OR+%22mass+spectrometry%22%29%29+AND+%28%222025%2F08%2F01%22%5BDate+-+Publication%5D+%3A+%222026%2F08%2F01%22%5BDate+-+Publication%5D%29,403,https://pubmed.ncbi.nlm.nih.gov/?term=%28%28%22laboratory+automation%22+OR+%22workflow+software%22+OR+%22AI%22%29+AND+%28%22LC-MS%22+OR+chromatography+OR+%22mass+spectrometry%22%29%29+AND+%28%222025%2F08%2F01%22%5BDate+-+Publication%5D+%3A+%222026%2F08%2F01%22%5BDate+-+Publication%5D%29,Broken,strict access failure,,
[no retained anchor label],https://pubmed.ncbi.nlm.nih.gov/?term=%28%28%22laboratory+automation%22+OR+%22workflow+software%22+OR+%22AI%22%29+AND+%28%22LC-MS%22+OR+chromatography+OR+%22mass+spectrometry%22%29%29+AND+%28%222026%2F05%2F01%22%5BDate+-+Publication%5D+%3A+%222026%2F07%2F30%22%5BDate+-+Publication%5D%29,403,https://pubmed.ncbi.nlm.nih.gov/?term=%28%28%22laboratory+automation%22+OR+%22workflow+software%22+OR+%22AI%22%29+AND+%28%22LC-MS%22+OR+chromatography+OR+%22mass+spectrometry%22%29%29+AND+%28%222026%2F05%2F01%22%5BDate+-+Publication%5D+%3A+%222026%2F07%2F30%22%5BDate+-+Publication%5D%29,Broken,strict access failure,,
[no retained anchor label],https://pubmed.ncbi.nlm.nih.gov/?term=%28%28%22laboratory+automation%22+OR+%22workflow+software%22+OR+%22AI%22%29+AND+%28%22LC-MS%22+OR+chromatography+OR+%22mass+spectrometry%22%29%29+AND+%28%222026%2F05%2F02%22%5BDate+-+Publication%5D+%3A+%222026%2F07%2F31%22%5BDate+-+Publication%5D%29,403,https://pubmed.ncbi.nlm.nih.gov/?term=%28%28%22laboratory+automation%22+OR+%22workflow+software%22+OR+%22AI%22%29+AND+%28%22LC-MS%22+OR+chromatography+OR+%22mass+spectrometry%22%29%29+AND+%28%222026%2F05%2F02%22%5BDate+-+Publication%5D+%3A+%222026%2F07%2F31%22%5BDate+-+Publication%5D%29,Broken,strict access failure,,
[no retained anchor label],https://pubmed.ncbi.nlm.nih.gov/?term=%28%28%22laboratory+automation%22+OR+%22workflow+software%22+OR+%22AI%22%29+AND+%28%22LC-MS%22+OR+chromatography+OR+%22mass+spectrometry%22%29%29+AND+%28%222026%2F05%2F03%22%5BDate+-+Publication%5D+%3A+%222026%2F08%2F01%22%5BDate+-+Publication%5D%29,403,https://pubmed.ncbi.nlm.nih.gov/?term=%28%28%22laboratory+automation%22+OR+%22workflow+software%22+OR+%22AI%22%29+AND+%28%22LC-MS%22+OR+chromatography+OR+%22mass+spectrometry%22%29%29+AND+%28%222026%2F05%2F03%22%5BDate+-+Publication%5D+%3A+%222026%2F08%2F01%22%5BDate+-+Publication%5D%29,Broken,strict access failure,,
[no retained anchor label],https://pubmed.ncbi.nlm.nih.gov/?term=%28%28%22laboratory+automation%22+OR+%22workflow+software%22+OR+%22AI%22%29+AND+%28%22LC-MS%22+OR+chromatography+OR+%22mass+spectrometry%22%29%29+AND+%28%222026%2F05%2F31%22%5BDate+-+Publication%5D+%3A+%222026%2F07%2F30%22%5BDate+-+Publication%5D%29,403,https://pubmed.ncbi.nlm.nih.gov/?term=%28%28%22laboratory+automation%22+OR+%22workflow+software%22+OR+%22AI%22%29+AND+%28%22LC-MS%22+OR+chromatography+OR+%22mass+spectrometry%22%29%29+AND+%28%222026%2F05%2F31%22%5BDate+-+Publication%5D+%3A+%222026%2F07%2F30%22%5BDate+-+Publication%5D%29,Broken,strict access failure,,
[no retained anchor label],https://pubmed.ncbi.nlm.nih.gov/?term=%28%28%22laboratory+automation%22+OR+%22workflow+software%22+OR+%22AI%22%29+AND+%28%22LC-MS%22+OR+chromatography+OR+%22mass+spectrometry%22%29%29+AND+%28%222026%2F06%2F01%22%5BDate+-+Publication%5D+%3A+%222026%2F07%2F31%22%5BDate+-+Publication%5D%29,403,https://pubmed.ncbi.nlm.nih.gov/?term=%28%28%22laboratory+automation%22+OR+%22workflow+software%22+OR+%22AI%22%29+AND+%28%22LC-MS%22+OR+chromatography+OR+%22mass+spectrometry%22%29%29+AND+%28%222026%2F06%2F01%22%5BDate+-+Publication%5D+%3A+%222026%2F07%2F31%22%5BDate+-+Publication%5D%29,Broken,strict access failure,,
[no retained anchor label],https://pubmed.ncbi.nlm.nih.gov/?term=%28%28%22laboratory+automation%22+OR+%22workflow+software%22+OR+%22AI%22%29+AND+%28%22LC-MS%22+OR+chromatography+OR+%22mass+spectrometry%22%29%29+AND+%28%222026%2F06%2F02%22%5BDate+-+Publication%5D+%3A+%222026%2F08%2F01%22%5BDate+-+Publication%5D%29,403,https://pubmed.ncbi.nlm.nih.gov/?term=%28%28%22laboratory+automation%22+OR+%22workflow+software%22+OR+%22AI%22%29+AND+%28%22LC-MS%22+OR+chromatography+OR+%22mass+spectrometry%22%29%29+AND+%28%222026%2F06%2F02%22%5BDate+-+Publication%5D+%3A+%222026%2F08%2F01%22%5BDate+-+Publication%5D%29,Broken,strict access failure,,
[no retained anchor label],https://pubmed.ncbi.nlm.nih.gov/?term=%28%28%22laboratory+automation%22+OR+%22workflow+software%22+OR+%22AI%22%29+AND+%28%22LC-MS%22+OR+chromatography+OR+%22mass+spectrometry%22%29%29+AND+%28%222026%2F06%2F30%22%5BDate+-+Publication%5D+%3A+%222026%2F07%2F30%22%5BDate+-+Publication%5D%29,403,https://pubmed.ncbi.nlm.nih.gov/?term=%28%28%22laboratory+automation%22+OR+%22workflow+software%22+OR+%22AI%22%29+AND+%28%22LC-MS%22+OR+chromatography+OR+%22mass+spectrometry%22%29%29+AND+%28%222026%2F06%2F30%22%5BDate+-+Publication%5D+%3A+%222026%2F07%2F30%22%5BDate+-+Publication%5D%29,Broken,strict access failure,,
[no retained anchor label],https://pubmed.ncbi.nlm.nih.gov/?term=%28%28%22laboratory+automation%22+OR+%22workflow+software%22+OR+%22AI%22%29+AND+%28%22LC-MS%22+OR+chromatography+OR+%22mass+spectrometry%22%29%29+AND+%28%222026%2F07%2F01%22%5BDate+-+Publication%5D+%3A+%222026%2F07%2F31%22%5BDate+-+Publication%5D%29,403,https://pubmed.ncbi.nlm.nih.gov/?term=%28%28%22laboratory+automation%22+OR+%22workflow+software%22+OR+%22AI%22%29+AND+%28%22LC-MS%22+OR+chromatography+OR+%22mass+spectrometry%22%29%29+AND+%28%222026%2F07%2F01%22%5BDate+-+Publication%5D+%3A+%222026%2F07%2F31%22%5BDate+-+Publication%5D%29,Broken,strict access failure,,
[no retained anchor label],https://pubmed.ncbi.nlm.nih.gov/?term=%28%28%22laboratory+automation%22+OR+%22workflow+software%22+OR+%22AI%22%29+AND+%28%22LC-MS%22+OR+chromatography+OR+%22mass+spectrometry%22%29%29+AND+%28%222026%2F07%2F02%22%5BDate+-+Publication%5D+%3A+%222026%2F08%2F01%22%5BDate+-+Publication%5D%29,403,https://pubmed.ncbi.nlm.nih.gov/?term=%28%28%22laboratory+automation%22+OR+%22workflow+software%22+OR+%22AI%22%29+AND+%28%22LC-MS%22+OR+chromatography+OR+%22mass+spectrometry%22%29%29+AND+%28%222026%2F07%2F02%22%5BDate+-+Publication%5D+%3A+%222026%2F08%2F01%22%5BDate+-+Publication%5D%29,Broken,strict access failure,,
[no retained anchor label],https://pubmed.ncbi.nlm.nih.gov/?term=%28%28%22lipid+nanoparticle%22+OR+LNP+OR+%22RNA+therapeutics%22+OR+mRNA%29+AND+%28%22LC-MS%22+OR+chromatography+OR+%22mass+spectrometry%22%29%29+AND+%28%222021%2F07%2F31%22%5BDate+-+Publication%5D+%3A+%222026%2F07%2F30%22%5BDate+-+Publication%5D%29,403,https://pubmed.ncbi.nlm.nih.gov/?term=%28%28%22lipid+nanoparticle%22+OR+LNP+OR+%22RNA+therapeutics%22+OR+mRNA%29+AND+%28%22LC-MS%22+OR+chromatography+OR+%22mass+spectrometry%22%29%29+AND+%28%222021%2F07%2F31%22%5BDate+-+Publication%5D+%3A+%222026%2F07%2F30%22%5BDate+-+Publication%5D%29,Broken,strict access failure,,
[no retained anchor label],https://pubmed.ncbi.nlm.nih.gov/?term=%28%28%22lipid+nanoparticle%22+OR+LNP+OR+%22RNA+therapeutics%22+OR+mRNA%29+AND+%28%22LC-MS%22+OR+chromatography+OR+%22mass+spectrometry%22%29%29+AND+%28%222021%2F08%2F01%22%5BDate+-+Publication%5D+%3A+%222026%2F07%2F31%22%5BDate+-+Publication%5D%29,403,https://pubmed.ncbi.nlm.nih.gov/?term=%28%28%22lipid+nanoparticle%22+OR+LNP+OR+%22RNA+therapeutics%22+OR+mRNA%29+AND+%28%22LC-MS%22+OR+chromatography+OR+%22mass+spectrometry%22%29%29+AND+%28%222021%2F08%2F01%22%5BDate+-+Publication%5D+%3A+%222026%2F07%2F31%22%5BDate+-+Publication%5D%29,Broken,strict access failure,,
[no retained anchor label],https://pubmed.ncbi.nlm.nih.gov/?term=%28%28%22lipid+nanoparticle%22+OR+LNP+OR+%22RNA+therapeutics%22+OR+mRNA%29+AND+%28%22LC-MS%22+OR+chromatography+OR+%22mass+spectrometry%22%29%29+AND+%28%222021%2F08%2F02%22%5BDate+-+Publication%5D+%3A+%222026%2F08%2F01%22%5BDate+-+Publication%5D%29,403,https://pubmed.ncbi.nlm.nih.gov/?term=%28%28%22lipid+nanoparticle%22+OR+LNP+OR+%22RNA+therapeutics%22+OR+mRNA%29+AND+%28%22LC-MS%22+OR+chromatography+OR+%22mass+spectrometry%22%29%29+AND+%28%222021%2F08%2F02%22%5BDate+-+Publication%5D+%3A+%222026%2F08%2F01%22%5BDate+-+Publication%5D%29,Broken,strict access failure,,
[no retained anchor label],https://pubmed.ncbi.nlm.nih.gov/?term=%28%28%22lipid+nanoparticle%22+OR+LNP+OR+%22RNA+therapeutics%22+OR+mRNA%29+AND+%28%22LC-MS%22+OR+chromatography+OR+%22mass+spectrometry%22%29%29+AND+%28%222023%2F07%2F31%22%5BDate+-+Publication%5D+%3A+%222026%2F07%2F30%22%5BDate+-+Publication%5D%29,403,https://pubmed.ncbi.nlm.nih.gov/?term=%28%28%22lipid+nanoparticle%22+OR+LNP+OR+%22RNA+therapeutics%22+OR+mRNA%29+AND+%28%22LC-MS%22+OR+chromatography+OR+%22mass+spectrometry%22%29%29+AND+%28%222023%2F07%2F31%22%5BDate+-+Publication%5D+%3A+%222026%2F07%2F30%22%5BDate+-+Publication%5D%29,Broken,strict access failure,,
[no retained anchor label],https://pubmed.ncbi.nlm.nih.gov/?term=%28%28%22lipid+nanoparticle%22+OR+LNP+OR+%22RNA+therapeutics%22+OR+mRNA%29+AND+%28%22LC-MS%22+OR+chromatography+OR+%22mass+spectrometry%22%29%29+AND+%28%222023%2F08%2F01%22%5BDate+-+Publication%5D+%3A+%222026%2F07%2F31%22%5BDate+-+Publication%5D%29,403,https://pubmed.ncbi.nlm.nih.gov/?term=%28%28%22lipid+nanoparticle%22+OR+LNP+OR+%22RNA+therapeutics%22+OR+mRNA%29+AND+%28%22LC-MS%22+OR+chromatography+OR+%22mass+spectrometry%22%29%29+AND+%28%222023%2F08%2F01%22%5BDate+-+Publication%5D+%3A+%222026%2F07%2F31%22%5BDate+-+Publication%5D%29,Broken,strict access failure,,
[no retained anchor label],https://pubmed.ncbi.nlm.nih.gov/?term=%28%28%22lipid+nanoparticle%22+OR+LNP+OR+%22RNA+therapeutics%22+OR+mRNA%29+AND+%28%22LC-MS%22+OR+chromatography+OR+%22mass+spectrometry%22%29%29+AND+%28%222023%2F08%2F02%22%5BDate+-+Publication%5D+%3A+%222026%2F08%2F01%22%5BDate+-+Publication%5D%29,403,https://pubmed.ncbi.nlm.nih.gov/?term=%28%28%22lipid+nanoparticle%22+OR+LNP+OR+%22RNA+therapeutics%22+OR+mRNA%29+AND+%28%22LC-MS%22+OR+chromatography+OR+%22mass+spectrometry%22%29%29+AND+%28%222023%2F08%2F02%22%5BDate+-+Publication%5D+%3A+%222026%2F08%2F01%22%5BDate+-+Publication%5D%29,Broken,strict access failure,,
[no retained anchor label],https://pubmed.ncbi.nlm.nih.gov/?term=%28%28%22lipid+nanoparticle%22+OR+LNP+OR+%22RNA+therapeutics%22+OR+mRNA%29+AND+%28%22LC-MS%22+OR+chromatography+OR+%22mass+spectrometry%22%29%29+AND+%28%222025%2F07%2F30%22%5BDate+-+Publication%5D+%3A+%222026%2F07%2F30%22%5BDate+-+Publication%5D%29,403,https://pubmed.ncbi.nlm.nih.gov/?term=%28%28%22lipid+nanoparticle%22+OR+LNP+OR+%22RNA+therapeutics%22+OR+mRNA%29+AND+%28%22LC-MS%22+OR+chromatography+OR+%22mass+spectrometry%22%29%29+AND+%28%222025%2F07%2F30%22%5BDate+-+Publication%5D+%3A+%222026%2F07%2F30%22%5BDate+-+Publication%5D%29,Broken,strict access failure,,
[no retained anchor label],https://pubmed.ncbi.nlm.nih.gov/?term=%28%28%22lipid+nanoparticle%22+OR+LNP+OR+%22RNA+therapeutics%22+OR+mRNA%29+AND+%28%22LC-MS%22+OR+chromatography+OR+%22mass+spectrometry%22%29%29+AND+%28%222025%2F07%2F31%22%5BDate+-+Publication%5D+%3A+%222026%2F07%2F31%22%5BDate+-+Publication%5D%29,403,https://pubmed.ncbi.nlm.nih.gov/?term=%28%28%22lipid+nanoparticle%22+OR+LNP+OR+%22RNA+therapeutics%22+OR+mRNA%29+AND+%28%22LC-MS%22+OR+chromatography+OR+%22mass+spectrometry%22%29%29+AND+%28%222025%2F07%2F31%22%5BDate+-+Publication%5D+%3A+%222026%2F07%2F31%22%5BDate+-+Publication%5D%29,Broken,strict access failure,,
[no retained anchor label],https://pubmed.ncbi.nlm.nih.gov/?term=%28%28%22lipid+nanoparticle%22+OR+LNP+OR+%22RNA+therapeutics%22+OR+mRNA%29+AND+%28%22LC-MS%22+OR+chromatography+OR+%22mass+spectrometry%22%29%29+AND+%28%222025%2F08%2F01%22%5BDate+-+Publication%5D+%3A+%222026%2F08%2F01%22%5BDate+-+Publication%5D%29,403,https://pubmed.ncbi.nlm.nih.gov/?term=%28%28%22lipid+nanoparticle%22+OR+LNP+OR+%22RNA+therapeutics%22+OR+mRNA%29+AND+%28%22LC-MS%22+OR+chromatography+OR+%22mass+spectrometry%22%29%29+AND+%28%222025%2F08%2F01%22%5BDate+-+Publication%5D+%3A+%222026%2F08%2F01%22%5BDate+-+Publication%5D%29,Broken,strict access failure,,
[no retained anchor label],https://pubmed.ncbi.nlm.nih.gov/?term=%28%28%22lipid+nanoparticle%22+OR+LNP+OR+%22RNA+therapeutics%22+OR+mRNA%29+AND+%28%22LC-MS%22+OR+chromatography+OR+%22mass+spectrometry%22%29%29+AND+%28%222026%2F05%2F01%22%5BDate+-+Publication%5D+%3A+%222026%2F07%2F30%22%5BDate+-+Publication%5D%29,403,https://pubmed.ncbi.nlm.nih.gov/?term=%28%28%22lipid+nanoparticle%22+OR+LNP+OR+%22RNA+therapeutics%22+OR+mRNA%29+AND+%28%22LC-MS%22+OR+chromatography+OR+%22mass+spectrometry%22%29%29+AND+%28%222026%2F05%2F01%22%5BDate+-+Publication%5D+%3A+%222026%2F07%2F30%22%5BDate+-+Publication%5D%29,Broken,strict access failure,,
[no retained anchor label],https://pubmed.ncbi.nlm.nih.gov/?term=%28%28%22lipid+nanoparticle%22+OR+LNP+OR+%22RNA+therapeutics%22+OR+mRNA%29+AND+%28%22LC-MS%22+OR+chromatography+OR+%22mass+spectrometry%22%29%29+AND+%28%222026%2F05%2F02%22%5BDate+-+Publication%5D+%3A+%222026%2F07%2F31%22%5BDate+-+Publication%5D%29,403,https://pubmed.ncbi.nlm.nih.gov/?term=%28%28%22lipid+nanoparticle%22+OR+LNP+OR+%22RNA+therapeutics%22+OR+mRNA%29+AND+%28%22LC-MS%22+OR+chromatography+OR+%22mass+spectrometry%22%29%29+AND+%28%222026%2F05%2F02%22%5BDate+-+Publication%5D+%3A+%222026%2F07%2F31%22%5BDate+-+Publication%5D%29,Broken,strict access failure,,
[no retained anchor label],https://pubmed.ncbi.nlm.nih.gov/?term=%28%28%22lipid+nanoparticle%22+OR+LNP+OR+%22RNA+therapeutics%22+OR+mRNA%29+AND+%28%22LC-MS%22+OR+chromatography+OR+%22mass+spectrometry%22%29%29+AND+%28%222026%2F05%2F03%22%5BDate+-+Publication%5D+%3A+%222026%2F08%2F01%22%5BDate+-+Publication%5D%29,403,https://pubmed.ncbi.nlm.nih.gov/?term=%28%28%22lipid+nanoparticle%22+OR+LNP+OR+%22RNA+therapeutics%22+OR+mRNA%29+AND+%28%22LC-MS%22+OR+chromatography+OR+%22mass+spectrometry%22%29%29+AND+%28%222026%2F05%2F03%22%5BDate+-+Publication%5D+%3A+%222026%2F08%2F01%22%5BDate+-+Publication%5D%29,Broken,strict access failure,,
[no retained anchor label],https://pubmed.ncbi.nlm.nih.gov/?term=%28%28%22lipid+nanoparticle%22+OR+LNP+OR+%22RNA+therapeutics%22+OR+mRNA%29+AND+%28%22LC-MS%22+OR+chromatography+OR+%22mass+spectrometry%22%29%29+AND+%28%222026%2F05%2F31%22%5BDate+-+Publication%5D+%3A+%222026%2F07%2F30%22%5BDate+-+Publication%5D%29,403,https://pubmed.ncbi.nlm.nih.gov/?term=%28%28%22lipid+nanoparticle%22+OR+LNP+OR+%22RNA+therapeutics%22+OR+mRNA%29+AND+%28%22LC-MS%22+OR+chromatography+OR+%22mass+spectrometry%22%29%29+AND+%28%222026%2F05%2F31%22%5BDate+-+Publication%5D+%3A+%222026%2F07%2F30%22%5BDate+-+Publication%5D%29,Broken,strict access failure,,
[no retained anchor label],https://pubmed.ncbi.nlm.nih.gov/?term=%28%28%22lipid+nanoparticle%22+OR+LNP+OR+%22RNA+therapeutics%22+OR+mRNA%29+AND+%28%22LC-MS%22+OR+chromatography+OR+%22mass+spectrometry%22%29%29+AND+%28%222026%2F06%2F01%22%5BDate+-+Publication%5D+%3A+%222026%2F07%2F31%22%5BDate+-+Publication%5D%29,403,https://pubmed.ncbi.nlm.nih.gov/?term=%28%28%22lipid+nanoparticle%22+OR+LNP+OR+%22RNA+therapeutics%22+OR+mRNA%29+AND+%28%22LC-MS%22+OR+chromatography+OR+%22mass+spectrometry%22%29%29+AND+%28%222026%2F06%2F01%22%5BDate+-+Publication%5D+%3A+%222026%2F07%2F31%22%5BDate+-+Publication%5D%29,Broken,strict access failure,,
[no retained anchor label],https://pubmed.ncbi.nlm.nih.gov/?term=%28%28%22lipid+nanoparticle%22+OR+LNP+OR+%22RNA+therapeutics%22+OR+mRNA%29+AND+%28%22LC-MS%22+OR+chromatography+OR+%22mass+spectrometry%22%29%29+AND+%28%222026%2F06%2F02%22%5BDate+-+Publication%5D+%3A+%222026%2F08%2F01%22%5BDate+-+Publication%5D%29,403,https://pubmed.ncbi.nlm.nih.gov/?term=%28%28%22lipid+nanoparticle%22+OR+LNP+OR+%22RNA+therapeutics%22+OR+mRNA%29+AND+%28%22LC-MS%22+OR+chromatography+OR+%22mass+spectrometry%22%29%29+AND+%28%222026%2F06%2F02%22%5BDate+-+Publication%5D+%3A+%222026%2F08%2F01%22%5BDate+-+Publication%5D%29,Broken,strict access failure,,
[no retained anchor label],https://pubmed.ncbi.nlm.nih.gov/?term=%28%28%22lipid+nanoparticle%22+OR+LNP+OR+%22RNA+therapeutics%22+OR+mRNA%29+AND+%28%22LC-MS%22+OR+chromatography+OR+%22mass+spectrometry%22%29%29+AND+%28%222026%2F06%2F30%22%5BDate+-+Publication%5D+%3A+%222026%2F07%2F30%22%5BDate+-+Publication%5D%29,403,https://pubmed.ncbi.nlm.nih.gov/?term=%28%28%22lipid+nanoparticle%22+OR+LNP+OR+%22RNA+therapeutics%22+OR+mRNA%29+AND+%28%22LC-MS%22+OR+chromatography+OR+%22mass+spectrometry%22%29%29+AND+%28%222026%2F06%2F30%22%5BDate+-+Publication%5D+%3A+%222026%2F07%2F30%22%5BDate+-+Publication%5D%29,Broken,strict access failure,,
[no retained anchor label],https://pubmed.ncbi.nlm.nih.gov/?term=%28%28%22lipid+nanoparticle%22+OR+LNP+OR+%22RNA+therapeutics%22+OR+mRNA%29+AND+%28%22LC-MS%22+OR+chromatography+OR+%22mass+spectrometry%22%29%29+AND+%28%222026%2F07%2F01%22%5BDate+-+Publication%5D+%3A+%222026%2F07%2F31%22%5BDate+-+Publication%5D%29,403,https://pubmed.ncbi.nlm.nih.gov/?term=%28%28%22lipid+nanoparticle%22+OR+LNP+OR+%22RNA+therapeutics%22+OR+mRNA%29+AND+%28%22LC-MS%22+OR+chromatography+OR+%22mass+spectrometry%22%29%29+AND+%28%222026%2F07%2F01%22%5BDate+-+Publication%5D+%3A+%222026%2F07%2F31%22%5BDate+-+Publication%5D%29,Broken,strict access failure,,
[no retained anchor label],https://pubmed.ncbi.nlm.nih.gov/?term=%28%28%22lipid+nanoparticle%22+OR+LNP+OR+%22RNA+therapeutics%22+OR+mRNA%29+AND+%28%22LC-MS%22+OR+chromatography+OR+%22mass+spectrometry%22%29%29+AND+%28%222026%2F07%2F02%22%5BDate+-+Publication%5D+%3A+%222026%2F08%2F01%22%5BDate+-+Publication%5D%29,403,https://pubmed.ncbi.nlm.nih.gov/?term=%28%28%22lipid+nanoparticle%22+OR+LNP+OR+%22RNA+therapeutics%22+OR+mRNA%29+AND+%28%22LC-MS%22+OR+chromatography+OR+%22mass+spectrometry%22%29%29+AND+%28%222026%2F07%2F02%22%5BDate+-+Publication%5D+%3A+%222026%2F08%2F01%22%5BDate+-+Publication%5D%29,Broken,strict access failure,,
[no retained anchor label],https://pubmed.ncbi.nlm.nih.gov/?term=%28%28PFAS+OR+%22per-+and+polyfluoroalkyl%22%29+AND+%28%22LC-MS%22+OR+%22LC-MS%2FMS%22+OR+chromatography%29%29+AND+%28%222021%2F07%2F31%22%5BDate+-+Publication%5D+%3A+%222026%2F07%2F30%22%5BDate+-+Publication%5D%29,403,https://pubmed.ncbi.nlm.nih.gov/?term=%28%28PFAS+OR+%22per-+and+polyfluoroalkyl%22%29+AND+%28%22LC-MS%22+OR+%22LC-MS%2FMS%22+OR+chromatography%29%29+AND+%28%222021%2F07%2F31%22%5BDate+-+Publication%5D+%3A+%222026%2F07%2F30%22%5BDate+-+Publication%5D%29,Broken,strict access failure,,
[no retained anchor label],https://pubmed.ncbi.nlm.nih.gov/?term=%28%28PFAS+OR+%22per-+and+polyfluoroalkyl%22%29+AND+%28%22LC-MS%22+OR+%22LC-MS%2FMS%22+OR+chromatography%29%29+AND+%28%222021%2F08%2F01%22%5BDate+-+Publication%5D+%3A+%222026%2F07%2F31%22%5BDate+-+Publication%5D%29,403,https://pubmed.ncbi.nlm.nih.gov/?term=%28%28PFAS+OR+%22per-+and+polyfluoroalkyl%22%29+AND+%28%22LC-MS%22+OR+%22LC-MS%2FMS%22+OR+chromatography%29%29+AND+%28%222021%2F08%2F01%22%5BDate+-+Publication%5D+%3A+%222026%2F07%2F31%22%5BDate+-+Publication%5D%29,Broken,strict access failure,,
[no retained anchor label],https://pubmed.ncbi.nlm.nih.gov/?term=%28%28PFAS+OR+%22per-+and+polyfluoroalkyl%22%29+AND+%28%22LC-MS%22+OR+%22LC-MS%2FMS%22+OR+chromatography%29%29+AND+%28%222021%2F08%2F02%22%5BDate+-+Publication%5D+%3A+%222026%2F08%2F01%22%5BDate+-+Publication%5D%29,403,https://pubmed.ncbi.nlm.nih.gov/?term=%28%28PFAS+OR+%22per-+and+polyfluoroalkyl%22%29+AND+%28%22LC-MS%22+OR+%22LC-MS%2FMS%22+OR+chromatography%29%29+AND+%28%222021%2F08%2F02%22%5BDate+-+Publication%5D+%3A+%222026%2F08%2F01%22%5BDate+-+Publication%5D%29,Broken,strict access failure,,
[no retained anchor label],https://pubmed.ncbi.nlm.nih.gov/?term=%28%28PFAS+OR+%22per-+and+polyfluoroalkyl%22%29+AND+%28%22LC-MS%22+OR+%22LC-MS%2FMS%22+OR+chromatography%29%29+AND+%28%222023%2F07%2F31%22%5BDate+-+Publication%5D+%3A+%222026%2F07%2F30%22%5BDate+-+Publication%5D%29,403,https://pubmed.ncbi.nlm.nih.gov/?term=%28%28PFAS+OR+%22per-+and+polyfluoroalkyl%22%29+AND+%28%22LC-MS%22+OR+%22LC-MS%2FMS%22+OR+chromatography%29%29+AND+%28%222023%2F07%2F31%22%5BDate+-+Publication%5D+%3A+%222026%2F07%2F30%22%5BDate+-+Publication%5D%29,Broken,strict access failure,,
[no retained anchor label],https://pubmed.ncbi.nlm.nih.gov/?term=%28%28PFAS+OR+%22per-+and+polyfluoroalkyl%22%29+AND+%28%22LC-MS%22+OR+%22LC-MS%2FMS%22+OR+chromatography%29%29+AND+%28%222023%2F08%2F01%22%5BDate+-+Publication%5D+%3A+%222026%2F07%2F31%22%5BDate+-+Publication%5D%29,403,https://pubmed.ncbi.nlm.nih.gov/?term=%28%28PFAS+OR+%22per-+and+polyfluoroalkyl%22%29+AND+%28%22LC-MS%22+OR+%22LC-MS%2FMS%22+OR+chromatography%29%29+AND+%28%222023%2F08%2F01%22%5BDate+-+Publication%5D+%3A+%222026%2F07%2F31%22%5BDate+-+Publication%5D%29,Broken,strict access failure,,
[no retained anchor label],https://pubmed.ncbi.nlm.nih.gov/?term=%28%28PFAS+OR+%22per-+and+polyfluoroalkyl%22%29+AND+%28%22LC-MS%22+OR+%22LC-MS%2FMS%22+OR+chromatography%29%29+AND+%28%222023%2F08%2F02%22%5BDate+-+Publication%5D+%3A+%222026%2F08%2F01%22%5BDate+-+Publication%5D%29,403,https://pubmed.ncbi.nlm.nih.gov/?term=%28%28PFAS+OR+%22per-+and+polyfluoroalkyl%22%29+AND+%28%22LC-MS%22+OR+%22LC-MS%2FMS%22+OR+chromatography%29%29+AND+%28%222023%2F08%2F02%22%5BDate+-+Publication%5D+%3A+%222026%2F08%2F01%22%5BDate+-+Publication%5D%29,Broken,strict access failure,,
[no retained anchor label],https://pubmed.ncbi.nlm.nih.gov/?term=%28%28PFAS+OR+%22per-+and+polyfluoroalkyl%22%29+AND+%28%22LC-MS%22+OR+%22LC-MS%2FMS%22+OR+chromatography%29%29+AND+%28%222025%2F07%2F30%22%5BDate+-+Publication%5D+%3A+%222026%2F07%2F30%22%5BDate+-+Publication%5D%29,403,https://pubmed.ncbi.nlm.nih.gov/?term=%28%28PFAS+OR+%22per-+and+polyfluoroalkyl%22%29+AND+%28%22LC-MS%22+OR+%22LC-MS%2FMS%22+OR+chromatography%29%29+AND+%28%222025%2F07%2F30%22%5BDate+-+Publication%5D+%3A+%222026%2F07%2F30%22%5BDate+-+Publication%5D%29,Broken,strict access failure,,
[no retained anchor label],https://pubmed.ncbi.nlm.nih.gov/?term=%28%28PFAS+OR+%22per-+and+polyfluoroalkyl%22%29+AND+%28%22LC-MS%22+OR+%22LC-MS%2FMS%22+OR+chromatography%29%29+AND+%28%222025%2F07%2F31%22%5BDate+-+Publication%5D+%3A+%222026%2F07%2F31%22%5BDate+-+Publication%5D%29,403,https://pubmed.ncbi.nlm.nih.gov/?term=%28%28PFAS+OR+%22per-+and+polyfluoroalkyl%22%29+AND+%28%22LC-MS%22+OR+%22LC-MS%2FMS%22+OR+chromatography%29%29+AND+%28%222025%2F07%2F31%22%5BDate+-+Publication%5D+%3A+%222026%2F07%2F31%22%5BDate+-+Publication%5D%29,Broken,strict access failure,,
[no retained anchor label],https://pubmed.ncbi.nlm.nih.gov/?term=%28%28PFAS+OR+%22per-+and+polyfluoroalkyl%22%29+AND+%28%22LC-MS%22+OR+%22LC-MS%2FMS%22+OR+chromatography%29%29+AND+%28%222025%2F08%2F01%22%5BDate+-+Publication%5D+%3A+%222026%2F08%2F01%22%5BDate+-+Publication%5D%29,403,https://pubmed.ncbi.nlm.nih.gov/?term=%28%28PFAS+OR+%22per-+and+polyfluoroalkyl%22%29+AND+%28%22LC-MS%22+OR+%22LC-MS%2FMS%22+OR+chromatography%29%29+AND+%28%222025%2F08%2F01%22%5BDate+-+Publication%5D+%3A+%222026%2F08%2F01%22%5BDate+-+Publication%5D%29,Broken,strict access failure,,
[no retained anchor label],https://pubmed.ncbi.nlm.nih.gov/?term=%28%28PFAS+OR+%22per-+and+polyfluoroalkyl%22%29+AND+%28%22LC-MS%22+OR+%22LC-MS%2FMS%22+OR+chromatography%29%29+AND+%28%222026%2F05%2F01%22%5BDate+-+Publication%5D+%3A+%222026%2F07%2F30%22%5BDate+-+Publication%5D%29,403,https://pubmed.ncbi.nlm.nih.gov/?term=%28%28PFAS+OR+%22per-+and+polyfluoroalkyl%22%29+AND+%28%22LC-MS%22+OR+%22LC-MS%2FMS%22+OR+chromatography%29%29+AND+%28%222026%2F05%2F01%22%5BDate+-+Publication%5D+%3A+%222026%2F07%2F30%22%5BDate+-+Publication%5D%29,Broken,strict access failure,,
[no retained anchor label],https://pubmed.ncbi.nlm.nih.gov/?term=%28%28PFAS+OR+%22per-+and+polyfluoroalkyl%22%29+AND+%28%22LC-MS%22+OR+%22LC-MS%2FMS%22+OR+chromatography%29%29+AND+%28%222026%2F05%2F02%22%5BDate+-+Publication%5D+%3A+%222026%2F07%2F31%22%5BDate+-+Publication%5D%29,403,https://pubmed.ncbi.nlm.nih.gov/?term=%28%28PFAS+OR+%22per-+and+polyfluoroalkyl%22%29+AND+%28%22LC-MS%22+OR+%22LC-MS%2FMS%22+OR+chromatography%29%29+AND+%28%222026%2F05%2F02%22%5BDate+-+Publication%5D+%3A+%222026%2F07%2F31%22%5BDate+-+Publication%5D%29,Broken,strict access failure,,
[no retained anchor label],https://pubmed.ncbi.nlm.nih.gov/?term=%28%28PFAS+OR+%22per-+and+polyfluoroalkyl%22%29+AND+%28%22LC-MS%22+OR+%22LC-MS%2FMS%22+OR+chromatography%29%29+AND+%28%222026%2F05%2F03%22%5BDate+-+Publication%5D+%3A+%222026%2F08%2F01%22%5BDate+-+Publication%5D%29,403,https://pubmed.ncbi.nlm.nih.gov/?term=%28%28PFAS+OR+%22per-+and+polyfluoroalkyl%22%29+AND+%28%22LC-MS%22+OR+%22LC-MS%2FMS%22+OR+chromatography%29%29+AND+%28%222026%2F05%2F03%22%5BDate+-+Publication%5D+%3A+%222026%2F08%2F01%22%5BDate+-+Publication%5D%29,Broken,strict access failure,,
[no retained anchor label],https://pubmed.ncbi.nlm.nih.gov/?term=%28%28PFAS+OR+%22per-+and+polyfluoroalkyl%22%29+AND+%28%22LC-MS%22+OR+%22LC-MS%2FMS%22+OR+chromatography%29%29+AND+%28%222026%2F05%2F31%22%5BDate+-+Publication%5D+%3A+%222026%2F07%2F30%22%5BDate+-+Publication%5D%29,403,https://pubmed.ncbi.nlm.nih.gov/?term=%28%28PFAS+OR+%22per-+and+polyfluoroalkyl%22%29+AND+%28%22LC-MS%22+OR+%22LC-MS%2FMS%22+OR+chromatography%29%29+AND+%28%222026%2F05%2F31%22%5BDate+-+Publication%5D+%3A+%222026%2F07%2F30%22%5BDate+-+Publication%5D%29,Broken,strict access failure,,
[no retained anchor label],https://pubmed.ncbi.nlm.nih.gov/?term=%28%28PFAS+OR+%22per-+and+polyfluoroalkyl%22%29+AND+%28%22LC-MS%22+OR+%22LC-MS%2FMS%22+OR+chromatography%29%29+AND+%28%222026%2F06%2F01%22%5BDate+-+Publication%5D+%3A+%222026%2F07%2F31%22%5BDate+-+Publication%5D%29,403,https://pubmed.ncbi.nlm.nih.gov/?term=%28%28PFAS+OR+%22per-+and+polyfluoroalkyl%22%29+AND+%28%22LC-MS%22+OR+%22LC-MS%2FMS%22+OR+chromatography%29%29+AND+%28%222026%2F06%2F01%22%5BDate+-+Publication%5D+%3A+%222026%2F07%2F31%22%5BDate+-+Publication%5D%29,Broken,strict access failure,,
[no retained anchor label],https://pubmed.ncbi.nlm.nih.gov/?term=%28%28PFAS+OR+%22per-+and+polyfluoroalkyl%22%29+AND+%28%22LC-MS%22+OR+%22LC-MS%2FMS%22+OR+chromatography%29%29+AND+%28%222026%2F06%2F02%22%5BDate+-+Publication%5D+%3A+%222026%2F08%2F01%22%5BDate+-+Publication%5D%29,403,https://pubmed.ncbi.nlm.nih.gov/?term=%28%28PFAS+OR+%22per-+and+polyfluoroalkyl%22%29+AND+%28%22LC-MS%22+OR+%22LC-MS%2FMS%22+OR+chromatography%29%29+AND+%28%222026%2F06%2F02%22%5BDate+-+Publication%5D+%3A+%222026%2F08%2F01%22%5BDate+-+Publication%5D%29,Broken,strict access failure,,
[no retained anchor label],https://pubmed.ncbi.nlm.nih.gov/?term=%28%28PFAS+OR+%22per-+and+polyfluoroalkyl%22%29+AND+%28%22LC-MS%22+OR+%22LC-MS%2FMS%22+OR+chromatography%29%29+AND+%28%222026%2F06%2F30%22%5BDate+-+Publication%5D+%3A+%222026%2F07%2F30%22%5BDate+-+Publication%5D%29,403,https://pubmed.ncbi.nlm.nih.gov/?term=%28%28PFAS+OR+%22per-+and+polyfluoroalkyl%22%29+AND+%28%22LC-MS%22+OR+%22LC-MS%2FMS%22+OR+chromatography%29%29+AND+%28%222026%2F06%2F30%22%5BDate+-+Publication%5D+%3A+%222026%2F07%2F30%22%5BDate+-+Publication%5D%29,Broken,strict access failure,,
[no retained anchor label],https://pubmed.ncbi.nlm.nih.gov/?term=%28%28PFAS+OR+%22per-+and+polyfluoroalkyl%22%29+AND+%28%22LC-MS%22+OR+%22LC-MS%2FMS%22+OR+chromatography%29%29+AND+%28%222026%2F07%2F01%22%5BDate+-+Publication%5D+%3A+%222026%2F07%2F31%22%5BDate+-+Publication%5D%29,403,https://pubmed.ncbi.nlm.nih.gov/?term=%28%28PFAS+OR+%22per-+and+polyfluoroalkyl%22%29+AND+%28%22LC-MS%22+OR+%22LC-MS%2FMS%22+OR+chromatography%29%29+AND+%28%222026%2F07%2F01%22%5BDate+-+Publication%5D+%3A+%222026%2F07%2F31%22%5BDate+-+Publication%5D%29,Broken,strict access failure,,
[no retained anchor label],https://pubmed.ncbi.nlm.nih.gov/?term=%28%28PFAS+OR+%22per-+and+polyfluoroalkyl%22%29+AND+%28%22LC-MS%22+OR+%22LC-MS%2FMS%22+OR+chromatography%29%29+AND+%28%222026%2F07%2F02%22%5BDate+-+Publication%5D+%3A+%222026%2F08%2F01%22%5BDate+-+Publication%5D%29,403,https://pubmed.ncbi.nlm.nih.gov/?term=%28%28PFAS+OR+%22per-+and+polyfluoroalkyl%22%29+AND+%28%22LC-MS%22+OR+%22LC-MS%2FMS%22+OR+chromatography%29%29+AND+%28%222026%2F07%2F02%22%5BDate+-+Publication%5D+%3A+%222026%2F08%2F01%22%5BDate+-+Publication%5D%29,Broken,strict access failure,,
[no retained anchor label],https://pubmed.ncbi.nlm.nih.gov/?term=%28%28oligonucleotide+OR+%22nucleic+acid%22+OR+siRNA%29+AND+%28%22LC-MS%22+OR+chromatography+OR+%22mass+spectrometry%22%29%29+AND+%28%222021%2F07%2F31%22%5BDate+-+Publication%5D+%3A+%222026%2F07%2F30%22%5BDate+-+Publication%5D%29,403,https://pubmed.ncbi.nlm.nih.gov/?term=%28%28oligonucleotide+OR+%22nucleic+acid%22+OR+siRNA%29+AND+%28%22LC-MS%22+OR+chromatography+OR+%22mass+spectrometry%22%29%29+AND+%28%222021%2F07%2F31%22%5BDate+-+Publication%5D+%3A+%222026%2F07%2F30%22%5BDate+-+Publication%5D%29,Broken,strict access failure,,
[no retained anchor label],https://pubmed.ncbi.nlm.nih.gov/?term=%28%28oligonucleotide+OR+%22nucleic+acid%22+OR+siRNA%29+AND+%28%22LC-MS%22+OR+chromatography+OR+%22mass+spectrometry%22%29%29+AND+%28%222021%2F08%2F01%22%5BDate+-+Publication%5D+%3A+%222026%2F07%2F31%22%5BDate+-+Publication%5D%29,403,https://pubmed.ncbi.nlm.nih.gov/?term=%28%28oligonucleotide+OR+%22nucleic+acid%22+OR+siRNA%29+AND+%28%22LC-MS%22+OR+chromatography+OR+%22mass+spectrometry%22%29%29+AND+%28%222021%2F08%2F01%22%5BDate+-+Publication%5D+%3A+%222026%2F07%2F31%22%5BDate+-+Publication%5D%29,Broken,strict access failure,,
[no retained anchor label],https://pubmed.ncbi.nlm.nih.gov/?term=%28%28oligonucleotide+OR+%22nucleic+acid%22+OR+siRNA%29+AND+%28%22LC-MS%22+OR+chromatography+OR+%22mass+spectrometry%22%29%29+AND+%28%222021%2F08%2F02%22%5BDate+-+Publication%5D+%3A+%222026%2F08%2F01%22%5BDate+-+Publication%5D%29,403,https://pubmed.ncbi.nlm.nih.gov/?term=%28%28oligonucleotide+OR+%22nucleic+acid%22+OR+siRNA%29+AND+%28%22LC-MS%22+OR+chromatography+OR+%22mass+spectrometry%22%29%29+AND+%28%222021%2F08%2F02%22%5BDate+-+Publication%5D+%3A+%222026%2F08%2F01%22%5BDate+-+Publication%5D%29,Broken,strict access failure,,
[no retained anchor label],https://pubmed.ncbi.nlm.nih.gov/?term=%28%28oligonucleotide+OR+%22nucleic+acid%22+OR+siRNA%29+AND+%28%22LC-MS%22+OR+chromatography+OR+%22mass+spectrometry%22%29%29+AND+%28%222023%2F07%2F31%22%5BDate+-+Publication%5D+%3A+%222026%2F07%2F30%22%5BDate+-+Publication%5D%29,403,https://pubmed.ncbi.nlm.nih.gov/?term=%28%28oligonucleotide+OR+%22nucleic+acid%22+OR+siRNA%29+AND+%28%22LC-MS%22+OR+chromatography+OR+%22mass+spectrometry%22%29%29+AND+%28%222023%2F07%2F31%22%5BDate+-+Publication%5D+%3A+%222026%2F07%2F30%22%5BDate+-+Publication%5D%29,Broken,strict access failure,,
[no retained anchor label],https://pubmed.ncbi.nlm.nih.gov/?term=%28%28oligonucleotide+OR+%22nucleic+acid%22+OR+siRNA%29+AND+%28%22LC-MS%22+OR+chromatography+OR+%22mass+spectrometry%22%29%29+AND+%28%222023%2F08%2F01%22%5BDate+-+Publication%5D+%3A+%222026%2F07%2F31%22%5BDate+-+Publication%5D%29,403,https://pubmed.ncbi.nlm.nih.gov/?term=%28%28oligonucleotide+OR+%22nucleic+acid%22+OR+siRNA%29+AND+%28%22LC-MS%22+OR+chromatography+OR+%22mass+spectrometry%22%29%29+AND+%28%222023%2F08%2F01%22%5BDate+-+Publication%5D+%3A+%222026%2F07%2F31%22%5BDate+-+Publication%5D%29,Broken,strict access failure,,
[no retained anchor label],https://pubmed.ncbi.nlm.nih.gov/?term=%28%28oligonucleotide+OR+%22nucleic+acid%22+OR+siRNA%29+AND+%28%22LC-MS%22+OR+chromatography+OR+%22mass+spectrometry%22%29%29+AND+%28%222023%2F08%2F02%22%5BDate+-+Publication%5D+%3A+%222026%2F08%2F01%22%5BDate+-+Publication%5D%29,403,https://pubmed.ncbi.nlm.nih.gov/?term=%28%28oligonucleotide+OR+%22nucleic+acid%22+OR+siRNA%29+AND+%28%22LC-MS%22+OR+chromatography+OR+%22mass+spectrometry%22%29%29+AND+%28%222023%2F08%2F02%22%5BDate+-+Publication%5D+%3A+%222026%2F08%2F01%22%5BDate+-+Publication%5D%29,Broken,strict access failure,,
[no retained anchor label],https://pubmed.ncbi.nlm.nih.gov/?term=%28%28oligonucleotide+OR+%22nucleic+acid%22+OR+siRNA%29+AND+%28%22LC-MS%22+OR+chromatography+OR+%22mass+spectrometry%22%29%29+AND+%28%222025%2F07%2F30%22%5BDate+-+Publication%5D+%3A+%222026%2F07%2F30%22%5BDate+-+Publication%5D%29,403,https://pubmed.ncbi.nlm.nih.gov/?term=%28%28oligonucleotide+OR+%22nucleic+acid%22+OR+siRNA%29+AND+%28%22LC-MS%22+OR+chromatography+OR+%22mass+spectrometry%22%29%29+AND+%28%222025%2F07%2F30%22%5BDate+-+Publication%5D+%3A+%222026%2F07%2F30%22%5BDate+-+Publication%5D%29,Broken,strict access failure,,
[no retained anchor label],https://pubmed.ncbi.nlm.nih.gov/?term=%28%28oligonucleotide+OR+%22nucleic+acid%22+OR+siRNA%29+AND+%28%22LC-MS%22+OR+chromatography+OR+%22mass+spectrometry%22%29%29+AND+%28%222025%2F07%2F31%22%5BDate+-+Publication%5D+%3A+%222026%2F07%2F31%22%5BDate+-+Publication%5D%29,403,https://pubmed.ncbi.nlm.nih.gov/?term=%28%28oligonucleotide+OR+%22nucleic+acid%22+OR+siRNA%29+AND+%28%22LC-MS%22+OR+chromatography+OR+%22mass+spectrometry%22%29%29+AND+%28%222025%2F07%2F31%22%5BDate+-+Publication%5D+%3A+%222026%2F07%2F31%22%5BDate+-+Publication%5D%29,Broken,strict access failure,,
[no retained anchor label],https://pubmed.ncbi.nlm.nih.gov/?term=%28%28oligonucleotide+OR+%22nucleic+acid%22+OR+siRNA%29+AND+%28%22LC-MS%22+OR+chromatography+OR+%22mass+spectrometry%22%29%29+AND+%28%222025%2F08%2F01%22%5BDate+-+Publication%5D+%3A+%222026%2F08%2F01%22%5BDate+-+Publication%5D%29,403,https://pubmed.ncbi.nlm.nih.gov/?term=%28%28oligonucleotide+OR+%22nucleic+acid%22+OR+siRNA%29+AND+%28%22LC-MS%22+OR+chromatography+OR+%22mass+spectrometry%22%29%29+AND+%28%222025%2F08%2F01%22%5BDate+-+Publication%5D+%3A+%222026%2F08%2F01%22%5BDate+-+Publication%5D%29,Broken,strict access failure,,
[no retained anchor label],https://pubmed.ncbi.nlm.nih.gov/?term=%28%28oligonucleotide+OR+%22nucleic+acid%22+OR+siRNA%29+AND+%28%22LC-MS%22+OR+chromatography+OR+%22mass+spectrometry%22%29%29+AND+%28%222026%2F05%2F01%22%5BDate+-+Publication%5D+%3A+%222026%2F07%2F30%22%5BDate+-+Publication%5D%29,403,https://pubmed.ncbi.nlm.nih.gov/?term=%28%28oligonucleotide+OR+%22nucleic+acid%22+OR+siRNA%29+AND+%28%22LC-MS%22+OR+chromatography+OR+%22mass+spectrometry%22%29%29+AND+%28%222026%2F05%2F01%22%5BDate+-+Publication%5D+%3A+%222026%2F07%2F30%22%5BDate+-+Publication%5D%29,Broken,strict access failure,,
[no retained anchor label],https://pubmed.ncbi.nlm.nih.gov/?term=%28%28oligonucleotide+OR+%22nucleic+acid%22+OR+siRNA%29+AND+%28%22LC-MS%22+OR+chromatography+OR+%22mass+spectrometry%22%29%29+AND+%28%222026%2F05%2F02%22%5BDate+-+Publication%5D+%3A+%222026%2F07%2F31%22%5BDate+-+Publication%5D%29,403,https://pubmed.ncbi.nlm.nih.gov/?term=%28%28oligonucleotide+OR+%22nucleic+acid%22+OR+siRNA%29+AND+%28%22LC-MS%22+OR+chromatography+OR+%22mass+spectrometry%22%29%29+AND+%28%222026%2F05%2F02%22%5BDate+-+Publication%5D+%3A+%222026%2F07%2F31%22%5BDate+-+Publication%5D%29,Broken,strict access failure,,
[no retained anchor label],https://pubmed.ncbi.nlm.nih.gov/?term=%28%28oligonucleotide+OR+%22nucleic+acid%22+OR+siRNA%29+AND+%28%22LC-MS%22+OR+chromatography+OR+%22mass+spectrometry%22%29%29+AND+%28%222026%2F05%2F03%22%5BDate+-+Publication%5D+%3A+%222026%2F08%2F01%22%5BDate+-+Publication%5D%29,403,https://pubmed.ncbi.nlm.nih.gov/?term=%28%28oligonucleotide+OR+%22nucleic+acid%22+OR+siRNA%29+AND+%28%22LC-MS%22+OR+chromatography+OR+%22mass+spectrometry%22%29%29+AND+%28%222026%2F05%2F03%22%5BDate+-+Publication%5D+%3A+%222026%2F08%2F01%22%5BDate+-+Publication%5D%29,Broken,strict access failure,,
[no retained anchor label],https://pubmed.ncbi.nlm.nih.gov/?term=%28%28oligonucleotide+OR+%22nucleic+acid%22+OR+siRNA%29+AND+%28%22LC-MS%22+OR+chromatography+OR+%22mass+spectrometry%22%29%29+AND+%28%222026%2F05%2F31%22%5BDate+-+Publication%5D+%3A+%222026%2F07%2F30%22%5BDate+-+Publication%5D%29,403,https://pubmed.ncbi.nlm.nih.gov/?term=%28%28oligonucleotide+OR+%22nucleic+acid%22+OR+siRNA%29+AND+%28%22LC-MS%22+OR+chromatography+OR+%22mass+spectrometry%22%29%29+AND+%28%222026%2F05%2F31%22%5BDate+-+Publication%5D+%3A+%222026%2F07%2F30%22%5BDate+-+Publication%5D%29,Broken,strict access failure,,
[no retained anchor label],https://pubmed.ncbi.nlm.nih.gov/?term=%28%28oligonucleotide+OR+%22nucleic+acid%22+OR+siRNA%29+AND+%28%22LC-MS%22+OR+chromatography+OR+%22mass+spectrometry%22%29%29+AND+%28%222026%2F06%2F01%22%5BDate+-+Publication%5D+%3A+%222026%2F07%2F31%22%5BDate+-+Publication%5D%29,403,https://pubmed.ncbi.nlm.nih.gov/?term=%28%28oligonucleotide+OR+%22nucleic+acid%22+OR+siRNA%29+AND+%28%22LC-MS%22+OR+chromatography+OR+%22mass+spectrometry%22%29%29+AND+%28%222026%2F06%2F01%22%5BDate+-+Publication%5D+%3A+%222026%2F07%2F31%22%5BDate+-+Publication%5D%29,Broken,strict access failure,,
[no retained anchor label],https://pubmed.ncbi.nlm.nih.gov/?term=%28%28oligonucleotide+OR+%22nucleic+acid%22+OR+siRNA%29+AND+%28%22LC-MS%22+OR+chromatography+OR+%22mass+spectrometry%22%29%29+AND+%28%222026%2F06%2F02%22%5BDate+-+Publication%5D+%3A+%222026%2F08%2F01%22%5BDate+-+Publication%5D%29,403,https://pubmed.ncbi.nlm.nih.gov/?term=%28%28oligonucleotide+OR+%22nucleic+acid%22+OR+siRNA%29+AND+%28%22LC-MS%22+OR+chromatography+OR+%22mass+spectrometry%22%29%29+AND+%28%222026%2F06%2F02%22%5BDate+-+Publication%5D+%3A+%222026%2F08%2F01%22%5BDate+-+Publication%5D%29,Broken,strict access failure,,
[no retained anchor label],https://pubmed.ncbi.nlm.nih.gov/?term=%28%28oligonucleotide+OR+%22nucleic+acid%22+OR+siRNA%29+AND+%28%22LC-MS%22+OR+chromatography+OR+%22mass+spectrometry%22%29%29+AND+%28%222026%2F06%2F30%22%5BDate+-+Publication%5D+%3A+%222026%2F07%2F30%22%5BDate+-+Publication%5D%29,403,https://pubmed.ncbi.nlm.nih.gov/?term=%28%28oligonucleotide+OR+%22nucleic+acid%22+OR+siRNA%29+AND+%28%22LC-MS%22+OR+chromatography+OR+%22mass+spectrometry%22%29%29+AND+%28%222026%2F06%2F30%22%5BDate+-+Publication%5D+%3A+%222026%2F07%2F30%22%5BDate+-+Publication%5D%29,Broken,strict access failure,,
[no retained anchor label],https://pubmed.ncbi.nlm.nih.gov/?term=%28%28oligonucleotide+OR+%22nucleic+acid%22+OR+siRNA%29+AND+%28%22LC-MS%22+OR+chromatography+OR+%22mass+spectrometry%22%29%29+AND+%28%222026%2F07%2F01%22%5BDate+-+Publication%5D+%3A+%222026%2F07%2F31%22%5BDate+-+Publication%5D%29,403,https://pubmed.ncbi.nlm.nih.gov/?term=%28%28oligonucleotide+OR+%22nucleic+acid%22+OR+siRNA%29+AND+%28%22LC-MS%22+OR+chromatography+OR+%22mass+spectrometry%22%29%29+AND+%28%222026%2F07%2F01%22%5BDate+-+Publication%5D+%3A+%222026%2F07%2F31%22%5BDate+-+Publication%5D%29,Broken,strict access failure,,
[no retained anchor label],https://pubmed.ncbi.nlm.nih.gov/?term=%28%28oligonucleotide+OR+%22nucleic+acid%22+OR+siRNA%29+AND+%28%22LC-MS%22+OR+chromatography+OR+%22mass+spectrometry%22%29%29+AND+%28%222026%2F07%2F02%22%5BDate+-+Publication%5D+%3A+%222026%2F08%2F01%22%5BDate+-+Publication%5D%29,403,https://pubmed.ncbi.nlm.nih.gov/?term=%28%28oligonucleotide+OR+%22nucleic+acid%22+OR+siRNA%29+AND+%28%22LC-MS%22+OR+chromatography+OR+%22mass+spectrometry%22%29%29+AND+%28%222026%2F07%2F02%22%5BDate+-+Publication%5D+%3A+%222026%2F08%2F01%22%5BDate+-+Publication%5D%29,Broken,strict access failure,,
[no retained anchor label],https://pubmed.ncbi.nlm.nih.gov/?term=%28%28proteomics+OR+metabolomics%29+AND+%28%22LC-MS%22+OR+Orbitrap+OR+%22mass+spectrometry%22%29%29+AND+%28%222021%2F07%2F31%22%5BDate+-+Publication%5D+%3A+%222026%2F07%2F30%22%5BDate+-+Publication%5D%29,403,https://pubmed.ncbi.nlm.nih.gov/?term=%28%28proteomics+OR+metabolomics%29+AND+%28%22LC-MS%22+OR+Orbitrap+OR+%22mass+spectrometry%22%29%29+AND+%28%222021%2F07%2F31%22%5BDate+-+Publication%5D+%3A+%222026%2F07%2F30%22%5BDate+-+Publication%5D%29,Broken,strict access failure,,
[no retained anchor label],https://pubmed.ncbi.nlm.nih.gov/?term=%28%28proteomics+OR+metabolomics%29+AND+%28%22LC-MS%22+OR+Orbitrap+OR+%22mass+spectrometry%22%29%29+AND+%28%222021%2F08%2F01%22%5BDate+-+Publication%5D+%3A+%222026%2F07%2F31%22%5BDate+-+Publication%5D%29,403,https://pubmed.ncbi.nlm.nih.gov/?term=%28%28proteomics+OR+metabolomics%29+AND+%28%22LC-MS%22+OR+Orbitrap+OR+%22mass+spectrometry%22%29%29+AND+%28%222021%2F08%2F01%22%5BDate+-+Publication%5D+%3A+%222026%2F07%2F31%22%5BDate+-+Publication%5D%29,Broken,strict access failure,,
[no retained anchor label],https://pubmed.ncbi.nlm.nih.gov/?term=%28%28proteomics+OR+metabolomics%29+AND+%28%22LC-MS%22+OR+Orbitrap+OR+%22mass+spectrometry%22%29%29+AND+%28%222021%2F08%2F02%22%5BDate+-+Publication%5D+%3A+%222026%2F08%2F01%22%5BDate+-+Publication%5D%29,403,https://pubmed.ncbi.nlm.nih.gov/?term=%28%28proteomics+OR+metabolomics%29+AND+%28%22LC-MS%22+OR+Orbitrap+OR+%22mass+spectrometry%22%29%29+AND+%28%222021%2F08%2F02%22%5BDate+-+Publication%5D+%3A+%222026%2F08%2F01%22%5BDate+-+Publication%5D%29,Broken,strict access failure,,
[no retained anchor label],https://pubmed.ncbi.nlm.nih.gov/?term=%28%28proteomics+OR+metabolomics%29+AND+%28%22LC-MS%22+OR+Orbitrap+OR+%22mass+spectrometry%22%29%29+AND+%28%222023%2F07%2F31%22%5BDate+-+Publication%5D+%3A+%222026%2F07%2F30%22%5BDate+-+Publication%5D%29,403,https://pubmed.ncbi.nlm.nih.gov/?term=%28%28proteomics+OR+metabolomics%29+AND+%28%22LC-MS%22+OR+Orbitrap+OR+%22mass+spectrometry%22%29%29+AND+%28%222023%2F07%2F31%22%5BDate+-+Publication%5D+%3A+%222026%2F07%2F30%22%5BDate+-+Publication%5D%29,Broken,strict access failure,,
[no retained anchor label],https://pubmed.ncbi.nlm.nih.gov/?term=%28%28proteomics+OR+metabolomics%29+AND+%28%22LC-MS%22+OR+Orbitrap+OR+%22mass+spectrometry%22%29%29+AND+%28%222023%2F08%2F01%22%5BDate+-+Publication%5D+%3A+%222026%2F07%2F31%22%5BDate+-+Publication%5D%29,403,https://pubmed.ncbi.nlm.nih.gov/?term=%28%28proteomics+OR+metabolomics%29+AND+%28%22LC-MS%22+OR+Orbitrap+OR+%22mass+spectrometry%22%29%29+AND+%28%222023%2F08%2F01%22%5BDate+-+Publication%5D+%3A+%222026%2F07%2F31%22%5BDate+-+Publication%5D%29,Broken,strict access failure,,
[no retained anchor label],https://pubmed.ncbi.nlm.nih.gov/?term=%28%28proteomics+OR+metabolomics%29+AND+%28%22LC-MS%22+OR+Orbitrap+OR+%22mass+spectrometry%22%29%29+AND+%28%222023%2F08%2F02%22%5BDate+-+Publication%5D+%3A+%222026%2F08%2F01%22%5BDate+-+Publication%5D%29,403,https://pubmed.ncbi.nlm.nih.gov/?term=%28%28proteomics+OR+metabolomics%29+AND+%28%22LC-MS%22+OR+Orbitrap+OR+%22mass+spectrometry%22%29%29+AND+%28%222023%2F08%2F02%22%5BDate+-+Publication%5D+%3A+%222026%2F08%2F01%22%5BDate+-+Publication%5D%29,Broken,strict access failure,,
[no retained anchor label],https://pubmed.ncbi.nlm.nih.gov/?term=%28%28proteomics+OR+metabolomics%29+AND+%28%22LC-MS%22+OR+Orbitrap+OR+%22mass+spectrometry%22%29%29+AND+%28%222025%2F07%2F30%22%5BDate+-+Publication%5D+%3A+%222026%2F07%2F30%22%5BDate+-+Publication%5D%29,403,https://pubmed.ncbi.nlm.nih.gov/?term=%28%28proteomics+OR+metabolomics%29+AND+%28%22LC-MS%22+OR+Orbitrap+OR+%22mass+spectrometry%22%29%29+AND+%28%222025%2F07%2F30%22%5BDate+-+Publication%5D+%3A+%222026%2F07%2F30%22%5BDate+-+Publication%5D%29,Broken,strict access failure,,
[no retained anchor label],https://pubmed.ncbi.nlm.nih.gov/?term=%28%28proteomics+OR+metabolomics%29+AND+%28%22LC-MS%22+OR+Orbitrap+OR+%22mass+spectrometry%22%29%29+AND+%28%222025%2F07%2F31%22%5BDate+-+Publication%5D+%3A+%222026%2F07%2F31%22%5BDate+-+Publication%5D%29,403,https://pubmed.ncbi.nlm.nih.gov/?term=%28%28proteomics+OR+metabolomics%29+AND+%28%22LC-MS%22+OR+Orbitrap+OR+%22mass+spectrometry%22%29%29+AND+%28%222025%2F07%2F31%22%5BDate+-+Publication%5D+%3A+%222026%2F07%2F31%22%5BDate+-+Publication%5D%29,Broken,strict access failure,,
[no retained anchor label],https://pubmed.ncbi.nlm.nih.gov/?term=%28%28proteomics+OR+metabolomics%29+AND+%28%22LC-MS%22+OR+Orbitrap+OR+%22mass+spectrometry%22%29%29+AND+%28%222025%2F08%2F01%22%5BDate+-+Publication%5D+%3A+%222026%2F08%2F01%22%5BDate+-+Publication%5D%29,403,https://pubmed.ncbi.nlm.nih.gov/?term=%28%28proteomics+OR+metabolomics%29+AND+%28%22LC-MS%22+OR+Orbitrap+OR+%22mass+spectrometry%22%29%29+AND+%28%222025%2F08%2F01%22%5BDate+-+Publication%5D+%3A+%222026%2F08%2F01%22%5BDate+-+Publication%5D%29,Broken,strict access failure,,
[no retained anchor label],https://pubmed.ncbi.nlm.nih.gov/?term=%28%28proteomics+OR+metabolomics%29+AND+%28%22LC-MS%22+OR+Orbitrap+OR+%22mass+spectrometry%22%29%29+AND+%28%222026%2F05%2F01%22%5BDate+-+Publication%5D+%3A+%222026%2F07%2F30%22%5BDate+-+Publication%5D%29,403,https://pubmed.ncbi.nlm.nih.gov/?term=%28%28proteomics+OR+metabolomics%29+AND+%28%22LC-MS%22+OR+Orbitrap+OR+%22mass+spectrometry%22%29%29+AND+%28%222026%2F05%2F01%22%5BDate+-+Publication%5D+%3A+%222026%2F07%2F30%22%5BDate+-+Publication%5D%29,Broken,strict access failure,,
[no retained anchor label],https://pubmed.ncbi.nlm.nih.gov/?term=%28%28proteomics+OR+metabolomics%29+AND+%28%22LC-MS%22+OR+Orbitrap+OR+%22mass+spectrometry%22%29%29+AND+%28%222026%2F05%2F02%22%5BDate+-+Publication%5D+%3A+%222026%2F07%2F31%22%5BDate+-+Publication%5D%29,403,https://pubmed.ncbi.nlm.nih.gov/?term=%28%28proteomics+OR+metabolomics%29+AND+%28%22LC-MS%22+OR+Orbitrap+OR+%22mass+spectrometry%22%29%29+AND+%28%222026%2F05%2F02%22%5BDate+-+Publication%5D+%3A+%222026%2F07%2F31%22%5BDate+-+Publication%5D%29,Broken,strict access failure,,
[no retained anchor label],https://pubmed.ncbi.nlm.nih.gov/?term=%28%28proteomics+OR+metabolomics%29+AND+%28%22LC-MS%22+OR+Orbitrap+OR+%22mass+spectrometry%22%29%29+AND+%28%222026%2F05%2F03%22%5BDate+-+Publication%5D+%3A+%222026%2F08%2F01%22%5BDate+-+Publication%5D%29,403,https://pubmed.ncbi.nlm.nih.gov/?term=%28%28proteomics+OR+metabolomics%29+AND+%28%22LC-MS%22+OR+Orbitrap+OR+%22mass+spectrometry%22%29%29+AND+%28%222026%2F05%2F03%22%5BDate+-+Publication%5D+%3A+%222026%2F08%2F01%22%5BDate+-+Publication%5D%29,Broken,strict access failure,,
[no retained anchor label],https://pubmed.ncbi.nlm.nih.gov/?term=%28%28proteomics+OR+metabolomics%29+AND+%28%22LC-MS%22+OR+Orbitrap+OR+%22mass+spectrometry%22%29%29+AND+%28%222026%2F05%2F31%22%5BDate+-+Publication%5D+%3A+%222026%2F07%2F30%22%5BDate+-+Publication%5D%29,403,https://pubmed.ncbi.nlm.nih.gov/?term=%28%28proteomics+OR+metabolomics%29+AND+%28%22LC-MS%22+OR+Orbitrap+OR+%22mass+spectrometry%22%29%29+AND+%28%222026%2F05%2F31%22%5BDate+-+Publication%5D+%3A+%222026%2F07%2F30%22%5BDate+-+Publication%5D%29,Broken,strict access failure,,
[no retained anchor label],https://pubmed.ncbi.nlm.nih.gov/?term=%28%28proteomics+OR+metabolomics%29+AND+%28%22LC-MS%22+OR+Orbitrap+OR+%22mass+spectrometry%22%29%29+AND+%28%222026%2F06%2F01%22%5BDate+-+Publication%5D+%3A+%222026%2F07%2F31%22%5BDate+-+Publication%5D%29,403,https://pubmed.ncbi.nlm.nih.gov/?term=%28%28proteomics+OR+metabolomics%29+AND+%28%22LC-MS%22+OR+Orbitrap+OR+%22mass+spectrometry%22%29%29+AND+%28%222026%2F06%2F01%22%5BDate+-+Publication%5D+%3A+%222026%2F07%2F31%22%5BDate+-+Publication%5D%29,Broken,strict access failure,,
[no retained anchor label],https://pubmed.ncbi.nlm.nih.gov/?term=%28%28proteomics+OR+metabolomics%29+AND+%28%22LC-MS%22+OR+Orbitrap+OR+%22mass+spectrometry%22%29%29+AND+%28%222026%2F06%2F02%22%5BDate+-+Publication%5D+%3A+%222026%2F08%2F01%22%5BDate+-+Publication%5D%29,403,https://pubmed.ncbi.nlm.nih.gov/?term=%28%28proteomics+OR+metabolomics%29+AND+%28%22LC-MS%22+OR+Orbitrap+OR+%22mass+spectrometry%22%29%29+AND+%28%222026%2F06%2F02%22%5BDate+-+Publication%5D+%3A+%222026%2F08%2F01%22%5BDate+-+Publication%5D%29,Broken,strict access failure,,
[no retained anchor label],https://pubmed.ncbi.nlm.nih.gov/?term=%28%28proteomics+OR+metabolomics%29+AND+%28%22LC-MS%22+OR+Orbitrap+OR+%22mass+spectrometry%22%29%29+AND+%28%222026%2F06%2F30%22%5BDate+-+Publication%5D+%3A+%222026%2F07%2F30%22%5BDate+-+Publication%5D%29,403,https://pubmed.ncbi.nlm.nih.gov/?term=%28%28proteomics+OR+metabolomics%29+AND+%28%22LC-MS%22+OR+Orbitrap+OR+%22mass+spectrometry%22%29%29+AND+%28%222026%2F06%2F30%22%5BDate+-+Publication%5D+%3A+%222026%2F07%2F30%22%5BDate+-+Publication%5D%29,Broken,strict access failure,,
[no retained anchor label],https://pubmed.ncbi.nlm.nih.gov/?term=%28%28proteomics+OR+metabolomics%29+AND+%28%22LC-MS%22+OR+Orbitrap+OR+%22mass+spectrometry%22%29%29+AND+%28%222026%2F07%2F01%22%5BDate+-+Publication%5D+%3A+%222026%2F07%2F31%22%5BDate+-+Publication%5D%29,403,https://pubmed.ncbi.nlm.nih.gov/?term=%28%28proteomics+OR+metabolomics%29+AND+%28%22LC-MS%22+OR+Orbitrap+OR+%22mass+spectrometry%22%29%29+AND+%28%222026%2F07%2F01%22%5BDate+-+Publication%5D+%3A+%222026%2F07%2F31%22%5BDate+-+Publication%5D%29,Broken,strict access failure,,
[no retained anchor label],https://pubmed.ncbi.nlm.nih.gov/?term=%28%28proteomics+OR+metabolomics%29+AND+%28%22LC-MS%22+OR+Orbitrap+OR+%22mass+spectrometry%22%29%29+AND+%28%222026%2F07%2F02%22%5BDate+-+Publication%5D+%3A+%222026%2F08%2F01%22%5BDate+-+Publication%5D%29,403,https://pubmed.ncbi.nlm.nih.gov/?term=%28%28proteomics+OR+metabolomics%29+AND+%28%22LC-MS%22+OR+Orbitrap+OR+%22mass+spectrometry%22%29%29+AND+%28%222026%2F07%2F02%22%5BDate+-+Publication%5D+%3A+%222026%2F08%2F01%22%5BDate+-+Publication%5D%29,Broken,strict access failure,,
Analytical Chemistry | Data Source Inventory,https://pubs.acs.org/journal/ancham,403,https://pubs.acs.org/journal/ancham,Broken,HTTP response contains an access-control or bot-challenge page,,data/journal_sources.json: | data/journal_sources.json:sources.9 | data/source_catalog.json: | data/source_catalog.json:sources.20
Data Source Inventory | Journal of the American Society for Mass Spectrometry (JASMS),https://pubs.acs.org/journal/jamsef,403,https://pubs.acs.org/journal/jamsef,Broken,HTTP response contains an access-control or bot-challenge page,,data/journal_sources.json: | data/journal_sources.json:sources.12 | data/source_catalog.json: | data/source_catalog.json:sources.23
QSight 110 Triple Quadrupole LC-MS/MS | QSight 210 Triple Quadrupole LC-MS/MS | QSight 220 Triple Quadrupole LC-MS/MS | QSight 420 Triple Quadrupole LC-MS/MS,https://shop.perkinelmer.com/product/BC003382,200,https://shop.perkinelmer.com/product/BC003382,Broken,HTTP response contains an access-control or bot-challenge page,,data/historical_product_catalog.json: | data/historical_product_catalog.json:products.100 | data/historical_product_catalog.json:products.101 | data/historical_product_catalog.json:products.98 | data/historical_product_catalog.json:products.99
[no retained anchor label],https://support.waters.com/%40api/deki/files/28009/Premier_specs_720007029en.pdf?revision=1,502,https://support.waters.com/%40api/deki/files/28009/Premier_specs_720007029en.pdf?revision=1,Broken,strict access failure,,
[no retained anchor label],https://www.aaps.org/pharmsci/program,,,Broken,fetch error,,
HP 1100 Series HPLC,https://www.agilent.com/about/companyinfo/history/Agilent-history-timeline.pdf,403,https://www.agilent.com/about/companyinfo/history/Agilent-history-timeline.pdf,Broken,login/access or redirect wall,,data/historical_product_catalog.json: | data/historical_product_catalog.json:products.0
Access Denied | Data Source Inventory,https://www.agilent.com/about/newsroom/presrel.html,403,https://www.agilent.com/about/newsroom/presrel.html,Broken,login/access or redirect wall,,data/agilent_monitor.json: | data/agilent_monitor.json:source_status.4 | data/intelligence.json: | data/intelligence.json:agilentMonitor | data/intelligence.json:agilentMonitor.sourceStatus.4 | data/intelligence.json:sourceHealth.5 | data/source_catalog.json: | data/source_catalog.json:sources.7
6100 Series Single Quadrupole LC/MS | 6210 TOF LC/MS | 6410 Triple Quadrupole LC/MS | 6510 Q-TOF LC/MS,https://www.agilent.com/about/newsroom/presrel/2007/05apr-ca07020.html,403,https://www.agilent.com/about/newsroom/presrel/2007/05apr-ca07020.html,Broken,login/access or redirect wall,,data/historical_product_catalog.json: | data/historical_product_catalog.json:products.2 | data/historical_product_catalog.json:products.3 | data/historical_product_catalog.json:products.4 | data/historical_product_catalog.json:products.5
6220 TOF LC/MS,https://www.agilent.com/about/newsroom/presrel/2008/07apr-ca08025.html,403,https://www.agilent.com/about/newsroom/presrel/2008/07apr-ca08025.html,Broken,login/access or redirect wall,,data/historical_product_catalog.json: | data/historical_product_catalog.json:products.6
InfinityLab LC/MSD iQ,https://www.agilent.com/about/newsroom/presrel/2019/03jun-ca19014.html,403,https://www.agilent.com/about/newsroom/presrel/2019/03jun-ca19014.html,Broken,login/access or redirect wall,,data/historical_product_catalog.json: | data/historical_product_catalog.json:products.15
6546 LC/Q-TOF,https://www.agilent.com/about/newsroom/presrel/2019/15apr-ca19010.html,403,https://www.agilent.com/about/newsroom/presrel/2019/15apr-ca19010.html,Broken,login/access or redirect wall,,data/historical_product_catalog.json: | data/historical_product_catalog.json:products.14
6470B Triple Quadrupole LC/MS | RapidFire 400 High-Throughput MS System,https://www.agilent.com/about/newsroom/presrel/2020/01jun-ca20017.html,403,https://www.agilent.com/about/newsroom/presrel/2020/01jun-ca20017.html,Broken,login/access or redirect wall,,data/historical_product_catalog.json: | data/historical_product_catalog.json:products.16 | data/historical_product_catalog.json:products.17
6475 Triple Quadrupole LC/MS,https://www.agilent.com/about/newsroom/presrel/2022/06jun-ca22017.html,403,https://www.agilent.com/about/newsroom/presrel/2022/06jun-ca22017.html,Broken,login/access or redirect wall,,data/historical_product_catalog.json: | data/historical_product_catalog.json:products.18
6495D Triple Quadrupole LC/MS | Revident LC/Q-TOF,https://www.agilent.com/about/newsroom/presrel/2023/05jun-ca23023.html,403,https://www.agilent.com/about/newsroom/presrel/2023/05jun-ca23023.html,Broken,login/access or redirect wall,,data/historical_product_catalog.json: | data/historical_product_catalog.json:products.19 | data/historical_product_catalog.json:products.20
1260 Infinity III LC | 1260 Infinity III Prime LC | 1290 Infinity III LC,https://www.agilent.com/about/newsroom/presrel/2024/21oct-ca24026.html,403,https://www.agilent.com/about/newsroom/presrel/2024/21oct-ca24026.html,Broken,login/access or redirect wall,,data/historical_product_catalog.json: | data/historical_product_catalog.json:products.21 | data/historical_product_catalog.json:products.22 | data/historical_product_catalog.json:products.23
[no retained anchor label],https://www.agilent.com/about/newsroom/presrel/2026/01jul-ca26024.html,403,https://www.agilent.com/about/newsroom/presrel/2026/01jul-ca26024.html,Broken,HTTP response contains an access-control or bot-challenge page,,
Agilent and Sound Analytics collaborate on LC/MS workflows for DMPK,https://www.agilent.com/about/newsroom/presrel/2026/01jun-ca26022.html,403,https://www.agilent.com/about/newsroom/presrel/2026/01jun-ca26022.html,Broken,login/access or redirect wall,,data/intelligence.json: | data/intelligence.json:signals.182
Agilent opens Customer Experience Center in Mumbai,https://www.agilent.com/about/newsroom/presrel/2026/02apr-ca26011.html,403,https://www.agilent.com/about/newsroom/presrel/2026/02apr-ca26011.html,Broken,login/access or redirect wall,,data/intelligence.json: | data/intelligence.json:signals.216
[no retained anchor label],https://www.agilent.com/about/newsroom/presrel/2026/02jun-ca26023.html,403,https://www.agilent.com/about/newsroom/presrel/2026/02jun-ca26023.html,Broken,HTTP response contains an access-control or bot-challenge page,,
"Agilent, OpenAI, and BCG collaborate on AI-driven scientific innovation",https://www.agilent.com/about/newsroom/presrel/2026/03jun-gp26013.html,403,https://www.agilent.com/about/newsroom/presrel/2026/03jun-gp26013.html,Broken,login/access or redirect wall,,data/intelligence.json: | data/intelligence.json:signals.180
[no retained anchor label],https://www.agilent.com/about/newsroom/presrel/2026/08jul-ca26025.html,403,https://www.agilent.com/about/newsroom/presrel/2026/08jul-ca26025.html,Broken,HTTP response contains an access-control or bot-challenge page,,
Agilent partners with OmixAI on AI-driven proteomics in South Korea,https://www.agilent.com/about/newsroom/presrel/2026/14apr-ca26012.html,403,https://www.agilent.com/about/newsroom/presrel/2026/14apr-ca26012.html,Broken,login/access or redirect wall,,data/intelligence.json: | data/intelligence.json:signals.213
[no retained anchor label],https://www.agilent.com/about/newsroom/presrel/2026/14jul-ca26026.html,403,https://www.agilent.com/about/newsroom/presrel/2026/14jul-ca26026.html,Broken,HTTP response contains an access-control or bot-challenge page,,
Agilent opens ORCA biopharma research hub in South Korea,https://www.agilent.com/about/newsroom/presrel/2026/20may-ca26014.html,403,https://www.agilent.com/about/newsroom/presrel/2026/20may-ca26014.html,Broken,login/access or redirect wall,,data/intelligence.json: | data/intelligence.json:signals.195
Agilent and NATi oligonucleotide partnership | Agilent and Singapore NATi partner on lipid-conjugated oligonucleotide research | Decide whether Next Gen LC needs an oligonucleotide method-readiness package,https://www.agilent.com/about/newsroom/presrel/2026/20may-ca26015.html,403,https://www.agilent.com/about/newsroom/presrel/2026/20may-ca26015.html,Broken,login/access or redirect wall,,data/intelligence.json: | data/intelligence.json:recommendations.2 | data/intelligence.json:recommendations.2.evidenceBasis | data/intelligence.json:recommendations.2.evidenceBasis.links.1 | data/intelligence.json:recommendations.2.urgency | data/intelligence.json:recommendations.2.urgency.competitorActions.0 | data/intelligence.json:signals.194
1290 Infinity III Fluorescence Detector,https://www.agilent.com/about/newsroom/presrel/2026/21may-ca26016.html,403,https://www.agilent.com/about/newsroom/presrel/2026/21may-ca26016.html,Broken,login/access or redirect wall,,data/product_launches.json: | data/product_launches.json:launches.15
"Agilent Receives EU Approval for PD-L1 IHC 22C3 pharmDx in Epithelial Ovarian, Fallopian Tube, or Primary Peritoneal Carcinoma",https://www.agilent.com/about/newsroom/presrel/2026/23jul-ca26027.html,403,https://www.agilent.com/about/newsroom/presrel/2026/23jul-ca26027.html,Broken,login/access or redirect wall,,data/intelligence.json: | data/intelligence.json:signals.78
[no retained anchor label],https://www.agilent.com/about/newsroom/presrel/2026/25jun-gp26014.html,403,https://www.agilent.com/about/newsroom/presrel/2026/25jun-gp26014.html,Broken,HTTP response contains an access-control or bot-challenge page,,
Agilent to Announce Third-Quarter Fiscal Year 2026 Financial Results on Aug. 26,https://www.agilent.com/about/newsroom/presrel/2026/28jul-gp26015.html,403,https://www.agilent.com/about/newsroom/presrel/2026/28jul-gp26015.html,Broken,login/access or redirect wall,,data/agilent_monitor.json: | data/agilent_monitor.json:new_press_releases.0 | data/agilent_monitor.json:source_status.6 | data/intelligence.json: | data/intelligence.json:agilentMonitor | data/intelligence.json:agilentMonitor.sourceStatus.6 | data/intelligence.json:signals.11
Agilent introduces OpenLab Sync with USP MethodConnect integration | Lab of the Future Europe,https://www.agilent.com/about/newsroom/presrel/2026/28may-ca26020.html,403,https://www.agilent.com/about/newsroom/presrel/2026/28may-ca26020.html,Broken,login/access or redirect wall,,data/conference_preparation.json: | data/conference_preparation.json:events.4 | data/conference_preparation.json:events.4.competitorContent.1 | data/intelligence.json: | data/intelligence.json:signals.186
[no retained anchor label],https://www.agilent.com/about/newsroom/presrel/2026/29jul-ca26028.html,403,https://www.agilent.com/about/newsroom/presrel/2026/29jul-ca26028.html,Broken,HTTP response contains an access-control or bot-challenge page,,
6230C LC/TOF Mass Spectrometer in MAM workflow | CASSS Mass Spec 2026,https://www.agilent.com/about/newsroom/presrel/2026/29may-ca26021.html,403,https://www.agilent.com/about/newsroom/presrel/2026/29may-ca26021.html,Broken,login/access or redirect wall,,data/conference_preparation.json: | data/conference_preparation.json:events.3 | data/conference_preparation.json:events.3.competitorContent.0 | data/product_launches.json: | data/product_launches.json:launches.14
6495B Triple Quadrupole LC/MS,https://www.agilent.com/cn/about/newsroom/presrel/2017/0308.html,403,https://www.agilent.com/cn/about/newsroom/presrel/2017/0308.html,Broken,login/access or redirect wall,,data/historical_product_catalog.json: | data/historical_product_catalog.json:products.13
Enhanced Data Quality in LC-MS/MS Analysis of Nitrosamines,https://www.agilent.com/cs/library/applications/an-infinitylab-quick-change-nitrosamines-analysis-lc-ms-ms-5994-9264en-agilent.pdf,403,https://www.agilent.com/cs/library/applications/an-infinitylab-quick-change-nitrosamines-analysis-lc-ms-ms-5994-9264en-agilent.pdf,Broken,login/access or redirect wall,,data/competitor_application_notes.json: | data/competitor_application_notes.json:notes.0
ACS Fall 2026 | Pesticide Screening with Fast Polarity Switching Using Agilent Revident LC/Q-TOF,https://www.agilent.com/cs/library/applications/an-pesticide-screening-revident-lc-qtof-5994-8751en-agilent.pdf,403,https://www.agilent.com/cs/library/applications/an-pesticide-screening-revident-lc-qtof-5994-8751en-agilent.pdf,Broken,login/access or redirect wall,,data/competitor_application_notes.json: | data/competitor_application_notes.json:notes.2 | data/conference_preparation.json: | data/conference_preparation.json:events.2 | data/conference_preparation.json:events.2.competitorContent.0
1200 Series LC | 1260 Infinity LC | 1290 Infinity 2D-LC | 1290 Infinity II LC | 1290 Infinity LC,https://www.agilent.com/cs/library/slidepresentation/public/Discover_the_Efficiency_Advantage_in_your_LC_Phoenix07012017.pdf,403,https://www.agilent.com/cs/library/slidepresentation/public/Discover_the_Efficiency_Advantage_in_your_LC_Phoenix07012017.pdf,Broken,login/access or redirect wall,,data/historical_product_catalog.json: | data/historical_product_catalog.json:products.1 | data/historical_product_catalog.json:products.10 | data/historical_product_catalog.json:products.7 | data/historical_product_catalog.json:products.8 | data/historical_product_catalog.json:products.9
[no retained anchor label],https://www.agilent.com/cs/library/usermanuals/public/G7104ASystem.pdf,403,https://www.agilent.com/cs/library/usermanuals/public/G7104ASystem.pdf,Broken,HTTP response contains an access-control or bot-challenge page,,
[no retained anchor label],https://www.agilent.com/cs/library/usermanuals/public/G7123-Fluorescence-Detector-UseMa-en-D0129488.pdf,403,https://www.agilent.com/cs/library/usermanuals/public/G7123-Fluorescence-Detector-UseMa-en-D0129488.pdf,Broken,login/access or redirect wall,,data/technical_comparisons.json: | data/technical_comparisons.json:profiles.0 | data/technical_comparisons.json:profiles.0.rows.1 | data/technical_comparisons.json:profiles.0.rows.2 | data/technical_comparisons.json:profiles.0.rows.3 | data/technical_comparisons.json:profiles.0.rows.4 | data/technical_comparisons.json:profiles.0.rows.5 | data/technical_comparisons.json:profiles.0.rows.6 | data/technical_comparisons.json:profiles.0.rows.7
[no retained anchor label],https://www.agilent.com/cs/library/usermanuals/public/InfinityLab-Hybrid-Multisamplers-UseMa-en-D0029905.pdf,403,https://www.agilent.com/cs/library/usermanuals/public/InfinityLab-Hybrid-Multisamplers-UseMa-en-D0029905.pdf,Broken,login/access or redirect wall,,data/technical_comparisons.json: | data/technical_comparisons.json:profiles.1 | data/technical_comparisons.json:profiles.1.rows.2
Drug Metabolite Identification with a Streamlined Software Workflow,https://www.agilent.com/en/product/liquid-chromatography-mass-spectrometry-lc-ms/lc-ms-instruments/quadrupole-time-of-flight-lc-ms/revident-lc-q-tof,403,https://www.agilent.com/en/product/liquid-chromatography-mass-spectrometry-lc-ms/lc-ms-instruments/quadrupole-time-of-flight-lc-ms/revident-lc-q-tof,Broken,login/access or redirect wall,,data/competitor_application_notes.json: | data/competitor_application_notes.json:notes.1
6230C LC/TOF Mass Spectrometer in MAM workflow,https://www.agilent.com/en/product/liquid-chromatography-mass-spectrometry-lc-ms/lc-ms-instruments/time-of-flight-lc-ms/6230-time-of-flight-tof-lc-ms,403,https://www.agilent.com/en/product/liquid-chromatography-mass-spectrometry-lc-ms/lc-ms-instruments/time-of-flight-lc-ms/6230-time-of-flight-tof-lc-ms,Broken,login/access or redirect wall,,data/product_launches.json: | data/product_launches.json:launches.14 | data/technical_comparisons.json: | data/technical_comparisons.json:profiles.3 | data/technical_comparisons.json:profiles.3.rows.0 | data/technical_comparisons.json:profiles.3.rows.1 | data/technical_comparisons.json:profiles.3.rows.2 | data/technical_comparisons.json:profiles.3.rows.3 | data/technical_comparisons.json:profiles.3.rows.4
1290 Infinity III Fluorescence Detector,https://www.agilent.com/en/product/liquid-chromatography/hplc-components-accessories/hplc-detectors/1290-fluorescence-detector,403,https://www.agilent.com/en/product/liquid-chromatography/hplc-components-accessories/hplc-detectors/1290-fluorescence-detector,Broken,login/access or redirect wall,,data/product_launches.json: | data/product_launches.json:launches.15 | data/technical_comparisons.json: | data/technical_comparisons.json:profiles.0 | data/technical_comparisons.json:profiles.0.rows.0
[no retained anchor label],https://www.agilent.com/en/product/liquid-chromatography/hplc-components-accessories/hplc-pumps/1290-high-speed-pump,403,https://www.agilent.com/en/product/liquid-chromatography/hplc-components-accessories/hplc-pumps/1290-high-speed-pump,Broken,login/access or redirect wall,,data/technical_comparisons.json: | data/technical_comparisons.json:profiles.1 | data/technical_comparisons.json:profiles.1.rows.0
[no retained anchor label],https://www.agilent.com/en/product/liquid-chromatography/hplc-systems/analytical-hplc-systems/1290-lc-system,403,https://www.agilent.com/en/product/liquid-chromatography/hplc-systems/analytical-hplc-systems/1290-lc-system,Broken,login/access or redirect wall,,data/technical_comparisons.json: | data/technical_comparisons.json:profiles.1 | data/technical_comparisons.json:profiles.1.rows.1
[no retained anchor label],https://www.agilent.com/en/product/small-molecule-columns/reversed-phase-hplc-columns/infinitylab-poroshell-120,403,https://www.agilent.com/en/product/small-molecule-columns/reversed-phase-hplc-columns/infinitylab-poroshell-120,Broken,login/access or redirect wall,,data/technical_comparisons.json: | data/technical_comparisons.json:profiles.1 | data/technical_comparisons.json:profiles.1.rows.6
Automated LC/MS Quality Control of Anti-Sense Oligonucleotides | TIDES Europe,https://www.agilent.com/en/product/software-informatics/chromatography-software/chromatography-add-on/oligo-analysis-accelerator-for-openlab-cds,403,https://www.agilent.com/en/product/software-informatics/chromatography-software/chromatography-add-on/oligo-analysis-accelerator-for-openlab-cds,Broken,login/access or redirect wall,,data/competitor_application_notes.json: | data/competitor_application_notes.json:notes.3 | data/conference_preparation.json: | data/conference_preparation.json:events.5 | data/conference_preparation.json:events.5.competitorContent.0
[no retained anchor label],https://www.agilent.com/en/products/liquid-chromatography/infinitylab-lc-series-modules/lc-injection-systems/1290-infinity-ii-multisampler,403,https://www.agilent.com/en/products/liquid-chromatography/infinitylab-lc-series-modules/lc-injection-systems/1290-infinity-ii-multisampler,Broken,login/access or redirect wall,,data/technical_comparisons.json: | data/technical_comparisons.json:profiles.1 | data/technical_comparisons.json:profiles.1.rows.3
1220 Infinity II LC | 1260 Infinity II LC,https://www.agilent.com/newsjp/presrel/fy2016/ca05_1260infinity.shtml,403,https://www.agilent.com/newsjp/presrel/fy2016/ca05_1260infinity.shtml,Broken,login/access or redirect wall,,data/historical_product_catalog.json: | data/historical_product_catalog.json:products.11 | data/historical_product_catalog.json:products.12
[no retained anchor label],https://www.agilent.com/sites/Satellite?c=Page&cid=1419316050655&d=Touch&pagename=Agilent%2FPage%2FFirmwareDownload%2FLayout&whid=99818,403,https://www.agilent.com/sites/Satellite?c=Page&cid=1419316050655&d=Touch&pagename=Agilent%2FPage%2FFirmwareDownload%2FLayout&whid=99818,Broken,HTTP response contains an access-control or bot-challenge page,,
[no retained anchor label],https://www.agilent.com/store/en_US/Prod-959758-902/959758-902,403,https://www.agilent.com/store/en_US/Prod-959758-902/959758-902,Broken,login/access or redirect wall,,data/technical_comparisons.json: | data/technical_comparisons.json:profiles.1 | data/technical_comparisons.json:profiles.1.rows.4 | data/technical_comparisons.json:profiles.1.rows.5 | data/technical_comparisons.json:profiles.1.rows.7
[no retained anchor label],https://www.asms.org/conferences/annual-conference/conference-program/workshops,200,https://www.asms.org/error404,Broken,soft 404,,
[no retained anchor label],https://www.casss.org/docs/default-source/mass-spec/2025-speaker-presentations/whitty-l&,400,https://www.casss.org/docs/default-source/mass-spec/2025-speaker-presentations/whitty-l&,Broken,strict access failure,,
[no retained anchor label],https://www.cell.com/molecular-therapy-family/molecular-therapy/fulltext/S1525-0016(26)00312-6,403,https://www.cell.com/molecular-therapy-family/molecular-therapy/fulltext/S1525-0016(26)00312-6,Broken,HTTP response contains an access-control or bot-challenge page,,
LCGC,https://www.chromatographyonline.com/,403,https://www.chromatographyonline.com/,Broken,HTTP response contains an access-control or bot-challenge page,,data/journal_sources.json: | data/journal_sources.json:sources.0
[no retained anchor label],https://www.chromatographyonline.com/rss.xml,403,https://www.chromatographyonline.com/rss.xml,Broken,HTTP response contains an access-control or bot-challenge page,,
Advancing Miniaturized Column and Instrument Technologies for Capillary Liquid Chromatography,https://www.chromatographyonline.com/view/advancing-miniaturized-column-and-instrument-technologies-for-capillary-liquid-chromatography,403,https://www.chromatographyonline.com/view/advancing-miniaturized-column-and-instrument-technologies-for-capillary-liquid-chromatography,Broken,HTTP 403,,data/journal_sources.json:LCGC.recentRecords.8
HTC-19 Insights: Capillary Liquid Chromatography: Sustainability and Routine Applications,https://www.chromatographyonline.com/view/capillary-liquid-chromatography-sustainability-and-routine-applications,403,https://www.chromatographyonline.com/view/capillary-liquid-chromatography-sustainability-and-routine-applications,Broken,HTTP 403,,data/journal_sources.json:LCGC.recentRecords.7
Highlights from the HPLC2026 Conference through the Lens of LC Troubleshooting,https://www.chromatographyonline.com/view/highlights-hplc2026-conference-lens-lc-troubleshooting,403,https://www.chromatographyonline.com/view/highlights-hplc2026-conference-lens-lc-troubleshooting,Broken,HTTP 403,,data/journal_sources.json:LCGC.recentRecords.3
HPLC 2026 Heads To Indianapolis,https://www.chromatographyonline.com/view/hplc-2026-heads-to-indianapolis,403,https://www.chromatographyonline.com/view/hplc-2026-heads-to-indianapolis,Broken,HTTP 403,,data/journal_sources.json:LCGC.recentRecords.11
HPLC Confirms Caffeine Dose to Fight Fatigue,https://www.chromatographyonline.com/view/hplc-confirms-caffeine-dose-fight-fatigue,403,https://www.chromatographyonline.com/view/hplc-confirms-caffeine-dose-fight-fatigue,Broken,HTTP 403,,data/journal_sources.json:LCGC.recentRecords.5
"HPLC-MS/MS Measures PFAS, Breast Density Link",https://www.chromatographyonline.com/view/hplc-ms-ms-measures-pfas-breast-density-link,403,https://www.chromatographyonline.com/view/hplc-ms-ms-measures-pfas-breast-density-link,Broken,HTTP 403,,data/journal_sources.json:LCGC.recentRecords.6
ISC 2026 Preview,https://www.chromatographyonline.com/view/isc-2026-preview,403,https://www.chromatographyonline.com/view/isc-2026-preview,Broken,HTTP 403,,data/journal_sources.json:LCGC.recentRecords.2
LC-MS/MS Links Vitamin D Levels to Sleep Timing,https://www.chromatographyonline.com/view/lc-ms-ms-links-vitamin-d-levels-sleep-timing,403,https://www.chromatographyonline.com/view/lc-ms-ms-links-vitamin-d-levels-sleep-timing,Broken,HTTP 403,,data/journal_sources.json:LCGC.recentRecords.1
Miniaturized Liquid Sample Preparation for Environmental Analysis,https://www.chromatographyonline.com/view/miniaturized-liquid-sample-preparation-environmental-analysis,403,https://www.chromatographyonline.com/view/miniaturized-liquid-sample-preparation-environmental-analysis,Broken,HTTP 403,,data/journal_sources.json:LCGC.recentRecords.10
The Promise and Challenges of Capillary LC: Lessons From Pittcon 2026 Networking Session,https://www.chromatographyonline.com/view/promise-challenges-capillary-lc-lessons-pittcon-2026-networking-session,403,https://www.chromatographyonline.com/view/promise-challenges-capillary-lc-lessons-pittcon-2026-networking-session,Broken,HTTP 403,,data/journal_sources.json:LCGC.recentRecords.9
Py-GC-MS Reveals Microplastics in Playgrounds,https://www.chromatographyonline.com/view/py-gc-ms-reveals-microplastics-playgrounds,403,https://www.chromatographyonline.com/view/py-gc-ms-reveals-microplastics-playgrounds,Broken,HTTP 403,,data/journal_sources.json:LCGC.recentRecords.4
UHPLC-MS/MS Reveals Rice PDD's Role in tRNA Tags,https://www.chromatographyonline.com/view/uhplc-ms-ms-reveals-rice-pdd-s-role-trna-tags,403,https://www.chromatographyonline.com/view/uhplc-ms-ms-reveals-rice-pdd-s-role-trna-tags,Broken,HTTP response contains an access-control or bot-challenge page,,data/journal_sources.json:LCGC.recentRecords.0
European Pharmaceutical Review,https://www.europeanpharmaceuticalreview.com/,200,https://www.europeanpharmaceuticalreview.com/,Broken,HTTP response contains an access-control or bot-challenge page,,data/journal_sources.json: | data/journal_sources.json:sources.7
QC Laboratories Preparing For A More Connected Compliant Future,https://www.europeanpharmaceuticalreview.com/modernising-pharma-qa/qc-laboratories-preparing-for-a-more-connected-compliant-future/2136119.article,200,https://www.europeanpharmaceuticalreview.com/modernising-pharma-qa/qc-laboratories-preparing-for-a-more-connected-compliant-future/2136119.article,Broken,HTTP response contains an access-control or bot-challenge page,,data/journal_sources.json:European Pharmaceutical Review.recentRecords.0
Conference overview | Data Source Inventory | IMSC 2026 | IMSC 2026 (International Mass Spectrometry Conference),https://www.imss.nl/,200,https://www.imss.nl/,Broken,HTTP response contains an access-control or bot-challenge page,,data/conference_preparation.json: | data/conference_preparation.json:events.1 | data/conference_preparation.json:events.1.monitoringLinks.0 | data/conference_sources.json: | data/conference_sources.json:events.17 | data/conference_sources.json:events.17.monitoredEndpoints.0 | data/source_catalog.json: | data/source_catalog.json:sources.29
[no retained anchor label],https://www.investor.agilent.com/news-and-events/news/news-details/2026/Agilent-to-Announce-Second-Quarter-Fiscal-Year-2026-Financial-Results-on-May-27/default.aspx,200,https://www.investor.agilent.com/news-and-events/news/news-details/2026/Agilent-to-Announce-Second-Quarter-Fiscal-Year-2026-Financial-Results-on-May-27/default.aspx,Broken,HTTP response contains an access-control or bot-challenge page,,
[no retained anchor label],https://www.investor.agilent.com/news-and-events/news/news-details/2026/Agilent-to-Participate-in-Jefferies-Global-Healthcare-Conference/default.aspx,200,https://www.investor.agilent.com/news-and-events/news/news-details/2026/Agilent-to-Participate-in-Jefferies-Global-Healthcare-Conference/default.aspx,Broken,HTTP response contains an access-control or bot-challenge page,,
[no retained anchor label],https://www.investor.agilent.com/overview/default.aspx,200,https://www.investor.agilent.com/overview/default.aspx,Broken,HTTP response contains an access-control or bot-challenge page,,data/agilent_monitor.json: | data/agilent_monitor.json:source_status.5 | data/intelligence.json: | data/intelligence.json:agilentMonitor | data/intelligence.json:agilentMonitor.sourceStatus.5
[no retained anchor label],https://www.issx.org/resource/resmgr/meetings_-_general/2026_euro/marketing_kits/Euro_2026_Exhibitors_Market.docx,403,https://www.issx.org/resource/resmgr/meetings_-_general/2026_euro/marketing_kits/Euro_2026_Exhibitors_Market.docx,Broken,HTTP response contains an access-control or bot-challenge page,,
[no retained anchor label],https://www.issx.org/resource/resmgr/meetings_-_general/2026_euro/marketing_kits/Euro_2026_Speaker_Marketing.docx,403,https://www.issx.org/resource/resmgr/meetings_-_general/2026_euro/marketing_kits/Euro_2026_Speaker_Marketing.docx,Broken,HTTP response contains an access-control or bot-challenge page,,
[no retained anchor label],https://www.issx.org/resource/resmgr/meetings_-_general/2026_na/marketing_toolkits/NA_2026_Marketing_Kit_-_Exh.docx,403,https://www.issx.org/resource/resmgr/meetings_-_general/2026_na/marketing_toolkits/NA_2026_Marketing_Kit_-_Exh.docx,Broken,HTTP response contains an access-control or bot-challenge page,,
[no retained anchor label],https://www.issx.org/resource/resmgr/meetings_-_general/2026_na/marketing_toolkits/NA_2026_Marketing_Kit_-_Spe.docx,403,https://www.issx.org/resource/resmgr/meetings_-_general/2026_na/marketing_toolkits/NA_2026_Marketing_Kit_-_Spe.docx,Broken,HTTP response contains an access-control or bot-challenge page,,
LabWrench equipment pages and Q&A,https://www.labwrench.com/,200,https://www.labwrench.com/,Broken,HTTP response contains an access-control or bot-challenge page,,data/customer_voice.json: | data/customer_voice.json:sources.2
LabWrench,https://www.labwrench.com/forums/,200,https://www.labwrench.com/forums/,Broken,HTTP response contains an access-control or bot-challenge page,,data/customer_voice.json: | data/customer_voice.json:sources.4
[no retained anchor label],https://www.labwrench.com/thread/112979/no-signal-in-the-els-detector,200,https://www.labwrench.com/thread/112979/no-signal-in-the-els-detector,Broken,HTTP response contains an access-control or bot-challenge page,,
[no retained anchor label],https://www.labwrench.com/thread/12858/serious-software-and-pump-problems,200,https://www.labwrench.com/thread/12858/serious-software-and-pump-problems,Broken,HTTP response contains an access-control or bot-challenge page,,
Alliance HPLC / e2695 | LabWrench: HPLC pump and autosampler preventative/performance maintenance,https://www.labwrench.com/thread/135698/hplc-pump-and-autosampler-preventative-performance-maintenance,200,https://www.labwrench.com/thread/135698/hplc-pump-and-autosampler-preventative-performance-maintenance,Broken,HTTP response contains an access-control or bot-challenge page,,data/customer_voice.json: | data/customer_voice.json:feedback.3 | data/customer_voice.json:feedback.3.evidenceRecords.0 | data/customer_voice_validation_cache.json: | data/customer_voice_validation_cache.json:sources.6
[no retained anchor label],https://www.labwrench.com/thread/13625/hplc-problems-rt-off-compounds-missing-not-seperating,200,https://www.labwrench.com/thread/13625/hplc-problems-rt-off-compounds-missing-not-seperating,Broken,HTTP response contains an access-control or bot-challenge page,,
Alliance HPLC / e2695 | LabWrench: Waters Alliance 2695 seal wash pump on during operation,https://www.labwrench.com/thread/187926/waters-alliance-2695-seal-wash-pump-on-during-operation,200,https://www.labwrench.com/thread/187926/waters-alliance-2695-seal-wash-pump-on-during-operation,Broken,HTTP response contains an access-control or bot-challenge page,,data/customer_voice.json: | data/customer_voice.json:feedback.3 | data/customer_voice.json:feedback.3.evidenceRecords.1 | data/customer_voice_validation_cache.json: | data/customer_voice_validation_cache.json:sources.7
[no retained anchor label],https://www.labwrench.com/thread/260254/flow-stoppage,200,https://www.labwrench.com/thread/260254/flow-stoppage,Broken,HTTP response contains an access-control or bot-challenge page,,
[no retained anchor label],https://www.labwrench.com/thread/821/trying-to-compare-to-waters-uplc,200,https://www.labwrench.com/thread/821/trying-to-compare-to-waters-uplc,Broken,HTTP response contains an access-control or bot-challenge page,,
Pharmaceutical Online,https://www.pharmaceuticalonline.com/,200,https://www.pharmaceuticalonline.com/,Broken,HTTP response contains an access-control or bot-challenge page,,data/journal_sources.json: | data/journal_sources.json:sources.5
"Amneal's Planned Sterile Facility Creates Opportunity For Aseptic Filling, Isolator, And Automation Suppliers",https://www.pharmaceuticalonline.com/doc/amneal-s-planned-sterile-facility-creates-opportunity-for-aseptic-filling-isolator-and-automation-suppliers-0001,200,https://www.pharmaceuticalonline.com/doc/amneal-s-planned-sterile-facility-creates-opportunity-for-aseptic-filling-isolator-and-automation-suppliers-0001,Broken,HTTP response contains an access-control or bot-challenge page,,data/journal_sources.json:Pharmaceutical Online.recentRecords.0
Reddit official OAuth API,https://www.reddit.com/dev/api/,200,https://www.reddit.com/dev/api/,Broken,HTTP response contains an access-control or bot-challenge page,,data/customer_voice.json: | data/customer_voice.json:sources.5
ExionLC | Reddit discussion: LC/MS help for SCIEX 6500,https://www.reddit.com/r/CHROMATOGRAPHY/comments/14w7fxn/lcms_help_sciex_6500/,200,https://www.reddit.com/r/CHROMATOGRAPHY/comments/14w7fxn/lcms_help_sciex_6500/,Broken,login/access or redirect wall,,data/customer_voice.json: | data/customer_voice.json:feedback.12 | data/customer_voice.json:feedback.12.evidenceRecords.1 | data/customer_voice_validation_cache.json: | data/customer_voice_validation_cache.json:sources.19
Nexera / Prominence | Reddit discussion: Shimadzu Nexera XS inert versus Agilent 1290 Bio,https://www.reddit.com/r/CHROMATOGRAPHY/comments/17v4dij/shimadzu_nexera_xs_inert_vs_agilent_1290_bio/,200,https://www.reddit.com/r/CHROMATOGRAPHY/comments/17v4dij/shimadzu_nexera_xs_inert_vs_agilent_1290_bio/,Broken,login/access or redirect wall,,data/customer_voice.json: | data/customer_voice.json:feedback.10 | data/customer_voice.json:feedback.10.evidenceRecords.1 | data/customer_voice_validation_cache.json: | data/customer_voice_validation_cache.json:sources.16
InfinityLab LC + OpenLab workflows | Reddit discussion: Agilent 1260 repair,https://www.reddit.com/r/CHROMATOGRAPHY/comments/1cdniok/agilent_1260_repair_pm/,200,https://www.reddit.com/r/CHROMATOGRAPHY/comments/1cdniok/agilent_1260_repair_pm/,Broken,login/access or redirect wall,,data/customer_voice.json: | data/customer_voice.json:feedback.7 | data/customer_voice.json:feedback.7.evidenceRecords.1 | data/customer_voice_validation_cache.json: | data/customer_voice_validation_cache.json:sources.14
Empower / Breeze-connected LC workflows | Reddit discussion: Getting started with Empower 3,https://www.reddit.com/r/CHROMATOGRAPHY/comments/1e3y2sy/getting_started_with_empower_3/,200,https://www.reddit.com/r/CHROMATOGRAPHY/comments/1e3y2sy/getting_started_with_empower_3/,Broken,login/access or redirect wall,,data/customer_voice.json: | data/customer_voice.json:feedback.2 | data/customer_voice.json:feedback.2.evidenceRecords.0 | data/customer_voice_validation_cache.json: | data/customer_voice_validation_cache.json:sources.4
ExionLC | Reddit discussion: Which HPLC-MS/MS?,https://www.reddit.com/r/CHROMATOGRAPHY/comments/1f4airi/which_hplcmsms/,200,https://www.reddit.com/r/CHROMATOGRAPHY/comments/1f4airi/which_hplcmsms/,Broken,login/access or redirect wall,,data/customer_voice.json: | data/customer_voice.json:feedback.12 | data/customer_voice.json:feedback.12.evidenceRecords.0 | data/customer_voice_validation_cache.json: | data/customer_voice_validation_cache.json:sources.18
ACQUITY UPLC / LC modules | Reddit discussion: Waters ACQUITY UPLC column or needle issues,https://www.reddit.com/r/CHROMATOGRAPHY/comments/1h1i93y/waters_acquity_uplc_beh_17_um_21_x_100_mm_column/,200,https://www.reddit.com/r/CHROMATOGRAPHY/comments/1h1i93y/waters_acquity_uplc_beh_17_um_21_x_100_mm_column/,Broken,login/access or redirect wall,,data/customer_voice.json: | data/customer_voice.json:feedback.1 | data/customer_voice.json:feedback.1.evidenceRecords.0 | data/customer_voice_validation_cache.json: | data/customer_voice_validation_cache.json:sources.3
InfinityLab 1260/1290 | Reddit discussion: Agilent 1260 HPLC versus Thermo Vanquish Flex | Vanquish / Chromeleon workflows | Vanquish / UltiMate LC,https://www.reddit.com/r/CHROMATOGRAPHY/comments/1h6lnr0/agilent_1260_hplc_vs_thermo_vanquish_flex/,200,https://www.reddit.com/r/CHROMATOGRAPHY/comments/1h6lnr0/agilent_1260_hplc_vs_thermo_vanquish_flex/,Broken,login/access or redirect wall,,data/customer_voice.json: | data/customer_voice.json:feedback.6 | data/customer_voice.json:feedback.6.evidenceRecords.1 | data/customer_voice.json:feedback.8 | data/customer_voice.json:feedback.8.evidenceRecords.0 | data/customer_voice.json:feedback.9 | data/customer_voice.json:feedback.9.evidenceRecords.1 | data/customer_voice_validation_cache.json: | data/customer_voice_validation_cache.json:sources.13
Nexera / LabSolutions workflows | Reddit discussion: Lab Solutions frustration,https://www.reddit.com/r/CHROMATOGRAPHY/comments/1i7ixun/lab_solutions_frustration/,200,https://www.reddit.com/r/CHROMATOGRAPHY/comments/1i7ixun/lab_solutions_frustration/,Broken,login/access or redirect wall,,data/customer_voice.json: | data/customer_voice.json:feedback.11 | data/customer_voice.json:feedback.11.evidenceRecords.0 | data/customer_voice_validation_cache.json: | data/customer_voice_validation_cache.json:sources.17
Empower / Breeze-connected LC workflows | LC / UHPLC systems | Reddit discussion: Is Waters training worth it?,https://www.reddit.com/r/CHROMATOGRAPHY/comments/1ion27e/is_getting_training_from_waters_worth_it/,200,https://www.reddit.com/r/CHROMATOGRAPHY/comments/1ion27e/is_getting_training_from_waters_worth_it/,Broken,login/access or redirect wall,,data/customer_voice.json: | data/customer_voice.json:feedback.13 | data/customer_voice.json:feedback.13.evidenceRecords.1 | data/customer_voice.json:feedback.2 | data/customer_voice.json:feedback.2.evidenceRecords.1 | data/customer_voice_validation_cache.json: | data/customer_voice_validation_cache.json:sources.5
LC / UHPLC systems | Reddit discussion: Looking for an HPLC machine,https://www.reddit.com/r/CHROMATOGRAPHY/comments/1onikdf/looking_for_a_hplc_machine/,200,https://www.reddit.com/r/CHROMATOGRAPHY/comments/1onikdf/looking_for_a_hplc_machine/,Broken,login/access or redirect wall,,data/customer_voice.json: | data/customer_voice.json:feedback.14 | data/customer_voice.json:feedback.14.evidenceRecords.1 | data/customer_voice_validation_cache.json: | data/customer_voice_validation_cache.json:sources.21
Multi-vendor chromatography service | Reddit discussion: Best service and preventive maintenance,https://www.reddit.com/r/CHROMATOGRAPHY/comments/1peddhs/who_consistently_gives_the_best_highest_quality/,200,https://www.reddit.com/r/CHROMATOGRAPHY/comments/1peddhs/who_consistently_gives_the_best_highest_quality/,Broken,login/access or redirect wall,,data/customer_voice.json: | data/customer_voice.json:feedback.27 | data/customer_voice.json:feedback.27.evidenceRecords.0 | data/customer_voice_validation_cache.json: | data/customer_voice_validation_cache.json:sources.34
InfinityLab 1260/1290 | InfinityLab LC + OpenLab workflows | LC / UHPLC systems | Nexera / LabSolutions workflows | Nexera / Prominence | Reddit discussion: New HPLC system for routine work | Vanquish / Chromeleon workflows,https://www.reddit.com/r/CHROMATOGRAPHY/comments/1q24noh/reccomendations_for_new_hplc_system_for_routine/,200,https://www.reddit.com/r/CHROMATOGRAPHY/comments/1q24noh/reccomendations_for_new_hplc_system_for_routine/,Broken,login/access or redirect wall,,data/customer_voice.json: | data/customer_voice.json:feedback.10 | data/customer_voice.json:feedback.10.evidenceRecords.0 | data/customer_voice.json:feedback.11 | data/customer_voice.json:feedback.11.evidenceRecords.1 | data/customer_voice.json:feedback.13 | data/customer_voice.json:feedback.13.evidenceRecords.0 | data/customer_voice.json:feedback.6 | data/customer_voice.json:feedback.6.evidenceRecords.0 | data/customer_voice.json:feedback.7 | data/customer_voice.json:feedback.7.evidenceRecords.0 | data/customer_voice.json:feedback.9 | data/customer_voice.json:feedback.9.evidenceRecords.0 | data/customer_voice_validation_cache.json: | data/customer_voice_validation_cache.json:sources.12
LC / UHPLC vendor experience | Reddit discussion: Comparing vendors and systems,https://www.reddit.com/r/CHROMATOGRAPHY/comments/1sbtsdx/comparing_vendors_and_systems_thoughts/,200,https://www.reddit.com/r/CHROMATOGRAPHY/comments/1sbtsdx/comparing_vendors_and_systems_thoughts/,Broken,login/access or redirect wall,,data/customer_voice.json: | data/customer_voice.json:feedback.19 | data/customer_voice.json:feedback.19.evidenceRecords.0 | data/customer_voice_validation_cache.json: | data/customer_voice_validation_cache.json:sources.26
Arc HPLC | Reddit discussion: Waters ACQUITY Arc LCMS UV baseline oscillations,https://www.reddit.com/r/CHROMATOGRAPHY/comments/1somxpf/waters_acquity_arc_lcms_214_nm_uv_baseline/,200,https://www.reddit.com/r/CHROMATOGRAPHY/comments/1somxpf/waters_acquity_arc_lcms_214_nm_uv_baseline/,Broken,login/access or redirect wall,,data/customer_voice.json: | data/customer_voice.json:feedback.4 | data/customer_voice.json:feedback.4.evidenceRecords.0 | data/customer_voice_validation_cache.json: | data/customer_voice_validation_cache.json:sources.8
Arc HPLC | Reddit discussion: compatibility between Waters and Agilent testing methods,https://www.reddit.com/r/CHROMATOGRAPHY/comments/1tk17h8/how_to_solve_the_problem_of_compatibility_between/,200,https://www.reddit.com/r/CHROMATOGRAPHY/comments/1tk17h8/how_to_solve_the_problem_of_compatibility_between/,Broken,login/access or redirect wall,,data/customer_voice.json: | data/customer_voice.json:feedback.4 | data/customer_voice.json:feedback.4.evidenceRecords.1 | data/customer_voice_validation_cache.json: | data/customer_voice_validation_cache.json:sources.9
ACQUITY UPLC | Reddit discussion: UPLC Waters high-pressure problem,https://www.reddit.com/r/CHROMATOGRAPHY/comments/1uk333s/update_uplc_waters_high_pressure_problem/,200,https://www.reddit.com/r/CHROMATOGRAPHY/comments/1uk333s/update_uplc_waters_high_pressure_problem/,Broken,login/access or redirect wall,,data/customer_voice.json: | data/customer_voice.json:feedback.0 | data/customer_voice.json:feedback.0.evidenceRecords.0 | data/customer_voice_validation_cache.json: | data/customer_voice_validation_cache.json:sources.1
LC / UHPLC systems | Reddit discussion: Which LC-MS brand is reliable and affordable?,https://www.reddit.com/r/CHROMATOGRAPHY/comments/1uu27p8/which_lc_ms_brand_is_reliable_and_affordable/,200,https://www.reddit.com/r/CHROMATOGRAPHY/comments/1uu27p8/which_lc_ms_brand_is_reliable_and_affordable/,Broken,login/access or redirect wall,,data/customer_voice.json: | data/customer_voice.json:feedback.14 | data/customer_voice.json:feedback.14.evidenceRecords.0 | data/customer_voice_validation_cache.json: | data/customer_voice_validation_cache.json:sources.20
ACQUITY UPLC | Reddit discussion: Best UHPLC on the market?,https://www.reddit.com/r/CHROMATOGRAPHY/comments/xlr4pf/best_uhplc_on_the_market/,200,https://www.reddit.com/r/CHROMATOGRAPHY/comments/xlr4pf/best_uhplc_on_the_market/,Broken,login/access or redirect wall,,data/customer_voice.json: | data/customer_voice.json:feedback.5 | data/customer_voice.json:feedback.5.evidenceRecords.0 | data/customer_voice_validation_cache.json: | data/customer_voice_validation_cache.json:sources.10
Reddit discussion: Purchase of Waters/Thermo LC-MS system | Vanquish / UltiMate LC,https://www.reddit.com/r/Chempros/comments/157qppk/purchase_of_watersthermo_lcms_system/,200,https://www.reddit.com/r/Chempros/comments/157qppk/purchase_of_watersthermo_lcms_system/,Broken,login/access or redirect wall,,data/customer_voice.json: | data/customer_voice.json:feedback.8 | data/customer_voice.json:feedback.8.evidenceRecords.1 | data/customer_voice_validation_cache.json: | data/customer_voice_validation_cache.json:sources.15
Agilent 6550 Q-TOF | Reddit discussion: Repairing a second-hand Agilent 6550,https://www.reddit.com/r/massspectrometry/comments/1mzna4c/a_record_of_fixing_a_secondhand_agilent_ms/,200,https://www.reddit.com/r/massspectrometry/comments/1mzna4c/a_record_of_fixing_a_secondhand_agilent_ms/,Broken,login/access or redirect wall,,data/customer_voice.json: | data/customer_voice.json:feedback.26 | data/customer_voice.json:feedback.26.evidenceRecords.0 | data/customer_voice_validation_cache.json: | data/customer_voice_validation_cache.json:sources.33
HRMS / TOF platform selection | Reddit discussion: New lab mass-spectrometer options,https://www.reddit.com/r/massspectrometry/comments/1nlcb3p/new_lab_ms_option_help/,200,https://www.reddit.com/r/massspectrometry/comments/1nlcb3p/new_lab_ms_option_help/,Broken,login/access or redirect wall,,data/customer_voice.json: | data/customer_voice.json:feedback.25 | data/customer_voice.json:feedback.25.evidenceRecords.0 | data/customer_voice_validation_cache.json: | data/customer_voice_validation_cache.json:sources.32
LC-MS vendor selection | Reddit discussion: Which company ranks first for LC-MS?,https://www.reddit.com/r/massspectrometry/comments/1p15xrz/which_company_ranked_1_for_lcms/,200,https://www.reddit.com/r/massspectrometry/comments/1p15xrz/which_company_ranked_1_for_lcms/,Broken,login/access or redirect wall,,data/customer_voice.json: | data/customer_voice.json:feedback.23 | data/customer_voice.json:feedback.23.evidenceRecords.0 | data/customer_voice_validation_cache.json: | data/customer_voice_validation_cache.json:sources.30
Orbitrap / Vanquish Flex versus SCIEX ZenoTOF | Reddit discussion: SCIEX or Thermo for proteomics,https://www.reddit.com/r/massspectrometry/comments/1pw3739/sciex_or_thermo_for_proteomics/,200,https://www.reddit.com/r/massspectrometry/comments/1pw3739/sciex_or_thermo_for_proteomics/,Broken,login/access or redirect wall,,data/customer_voice.json: | data/customer_voice.json:feedback.24 | data/customer_voice.json:feedback.24.evidenceRecords.0 | data/customer_voice_validation_cache.json: | data/customer_voice_validation_cache.json:sources.31
Reddit discussion: IM-MS options | UNIFI / waters_connect ion-mobility workflows,https://www.reddit.com/r/massspectrometry/comments/1rembme/imms_options/,200,https://www.reddit.com/r/massspectrometry/comments/1rembme/imms_options/,Broken,login/access or redirect wall,,data/customer_voice.json: | data/customer_voice.json:feedback.21 | data/customer_voice.json:feedback.21.evidenceRecords.0 | data/customer_voice_validation_cache.json: | data/customer_voice_validation_cache.json:sources.28
MassLynx raw-data workflows | Reddit discussion: Converting Waters raw files to mzML,https://www.reddit.com/r/massspectrometry/comments/1sognqt/what_is_the_fastest_way_to_convert_raw_files_to/,200,https://www.reddit.com/r/massspectrometry/comments/1sognqt/what_is_the_fastest_way_to_convert_raw_files_to/,Broken,login/access or redirect wall,,data/customer_voice.json: | data/customer_voice.json:feedback.20 | data/customer_voice.json:feedback.20.evidenceRecords.0 | data/customer_voice_validation_cache.json: | data/customer_voice_validation_cache.json:sources.27
"LC systems, columns, and mixed-vendor drivers | Reddit discussion: MS is half the equation",https://www.reddit.com/r/massspectrometry/comments/1tausv5/ms_is_half_the_equation/,200,https://www.reddit.com/r/massspectrometry/comments/1tausv5/ms_is_half_the_equation/,Broken,login/access or redirect wall,,data/customer_voice.json: | data/customer_voice.json:feedback.22 | data/customer_voice.json:feedback.22.evidenceRecords.0 | data/customer_voice_validation_cache.json: | data/customer_voice_validation_cache.json:sources.29
Reddit discussion: SYNAPT non-responsive fluidics purge issue | SYNAPT G2-Si,https://www.reddit.com/r/massspectrometry/comments/1u1dpq6/synapt_nonresponsive_fluidics_purge_issue/,200,https://www.reddit.com/r/massspectrometry/comments/1u1dpq6/synapt_nonresponsive_fluidics_purge_issue/,Broken,login/access or redirect wall,,data/customer_voice.json: | data/customer_voice.json:feedback.17 | data/customer_voice.json:feedback.17.evidenceRecords.0 | data/customer_voice_validation_cache.json: | data/customer_voice_validation_cache.json:sources.24
Reddit discussion: Software for Agilent chromatography with Waters Xevo | Xevo TQ-S with third-party chromatography,https://www.reddit.com/r/massspectrometry/comments/1up1dlw/best_software_to_use_agilent_g3540a_gc_with/,200,https://www.reddit.com/r/massspectrometry/comments/1up1dlw/best_software_to_use_agilent_g3540a_gc_with/,Broken,login/access or redirect wall,,data/customer_voice.json: | data/customer_voice.json:feedback.18 | data/customer_voice.json:feedback.18.evidenceRecords.0 | data/customer_voice_validation_cache.json: | data/customer_voice_validation_cache.json:sources.25
Reddit discussion: Most frustrating thing about mass spectrometry | UNIFI / waters_connect / MassLynx,https://www.reddit.com/r/massspectrometry/comments/1ux1imr/most_frustrating_thing_about_mass_spectrometry/,200,https://www.reddit.com/r/massspectrometry/comments/1ux1imr/most_frustrating_thing_about_mass_spectrometry/,Broken,login/access or redirect wall,,data/customer_voice.json: | data/customer_voice.json:feedback.16 | data/customer_voice.json:feedback.16.evidenceRecords.0 | data/customer_voice_validation_cache.json: | data/customer_voice_validation_cache.json:sources.23
MassLynx / TargetLynx / waters_connect | Reddit discussion: Efficient quantitation workflow for TargetLynx,https://www.reddit.com/r/massspectrometry/comments/1uxyipd/efficient_quant_workflow_for_targetlynx/,200,https://www.reddit.com/r/massspectrometry/comments/1uxyipd/efficient_quant_workflow_for_targetlynx/,Broken,login/access or redirect wall,,data/customer_voice.json: | data/customer_voice.json:feedback.15 | data/customer_voice.json:feedback.15.evidenceRecords.0 | data/customer_voice_validation_cache.json: | data/customer_voice_validation_cache.json:sources.22
Reddit lab/science communities,https://www.reddit.com/search/?q=Waters%20ACQUITY%20UPLC%20HPLC,200,https://www.reddit.com/search/?q=Waters%20ACQUITY%20UPLC%20HPLC,Broken,login/access or redirect wall,,data/customer_voice.json: | data/customer_voice.json:sources.3
Data Source Inventory | Journal of Chromatography A,https://www.sciencedirect.com/journal/journal-of-chromatography-a,403,https://www.sciencedirect.com/journal/journal-of-chromatography-a,Broken,strict access failure,,data/journal_sources.json: | data/journal_sources.json:sources.10 | data/source_catalog.json: | data/source_catalog.json:sources.21
Data Source Inventory | Journal of Chromatography B,https://www.sciencedirect.com/journal/journal-of-chromatography-b,403,https://www.sciencedirect.com/journal/journal-of-chromatography-b,Broken,strict access failure,,data/journal_sources.json: | data/journal_sources.json:sources.11 | data/source_catalog.json: | data/source_catalog.json:sources.22
Data Source Inventory | Journal of Pharmaceutical and Biomedical Analysis,https://www.sciencedirect.com/journal/journal-of-pharmaceutical-and-biomedical-analysis,403,https://www.sciencedirect.com/journal/journal-of-pharmaceutical-and-biomedical-analysis,Broken,strict access failure,,data/journal_sources.json: | data/journal_sources.json:sources.14 | data/source_catalog.json: | data/source_catalog.json:sources.25
Data Source Inventory | Talanta,https://www.sciencedirect.com/journal/talanta,403,https://www.sciencedirect.com/journal/talanta,Broken,strict access failure,,data/journal_sources.json: | data/journal_sources.json:sources.15 | data/source_catalog.json: | data/source_catalog.json:sources.26
LCT Premier TOF Mass Spectrometer | Quattro Premier Tandem Quadrupole,https://www.sec.gov/Archives/edgar/data/1000697/000095013504001254/b48994wce10vk.htm,403,https://www.sec.gov/Archives/edgar/data/1000697/000095013504001254/b48994wce10vk.htm,Broken,strict access failure,,data/historical_waters_catalog.json: | data/historical_waters_catalog.json:products.1 | data/historical_waters_catalog.json:products.2
Q-Tof Premier Mass Spectrometer,https://www.sec.gov/Archives/edgar/data/1000697/000095013505001421/b53305wce10vk.htm,403,https://www.sec.gov/Archives/edgar/data/1000697/000095013505001421/b53305wce10vk.htm,Broken,strict access failure,,data/historical_waters_catalog.json: | data/historical_waters_catalog.json:products.4
SQ Detector | SYNAPT HDMS System | TQ Detector,https://www.sec.gov/Archives/edgar/data/1000697/000095013507001300/b63656wce10vk.htm,403,https://www.sec.gov/Archives/edgar/data/1000697/000095013507001300/b63656wce10vk.htm,Broken,strict access failure,,data/historical_waters_catalog.json: | data/historical_waters_catalog.json:products.5 | data/historical_waters_catalog.json:products.6 | data/historical_waters_catalog.json:products.7
SYNAPT G2 HDMS System | SYNAPT MS System | Xevo Q-Tof Mass Spectrometer,https://www.sec.gov/Archives/edgar/data/1000697/000095013509001331/b72903wce10vk.htm,403,https://www.sec.gov/Archives/edgar/data/1000697/000095013509001331/b72903wce10vk.htm,Broken,strict access failure,,data/historical_waters_catalog.json: | data/historical_waters_catalog.json:products.10 | data/historical_waters_catalog.json:products.8 | data/historical_waters_catalog.json:products.9
ACQUITY UPLC H-Class System | SYNAPT G2-S HDMS System | Xevo G2 Q-Tof Mass Spectrometer | Xevo TQ-S Mass Spectrometer,https://www.sec.gov/Archives/edgar/data/1000697/000119312512077126/d274872d10k.htm,403,https://www.sec.gov/Archives/edgar/data/1000697/000119312512077126/d274872d10k.htm,Broken,strict access failure,,data/historical_waters_catalog.json: | data/historical_waters_catalog.json:products.11 | data/historical_waters_catalog.json:products.12 | data/historical_waters_catalog.json:products.13 | data/historical_waters_catalog.json:products.14
ACQUITY Advanced Polymer Chromatography System | ACQUITY UPC2 System | Xevo G2-S QTof Mass Spectrometer | Xevo G2-S Tof Mass Spectrometer,https://www.sec.gov/Archives/edgar/data/1000697/000119312514072515/d644127d10k.htm,403,https://www.sec.gov/Archives/edgar/data/1000697/000119312514072515/d644127d10k.htm,Broken,strict access failure,,data/historical_waters_catalog.json: | data/historical_waters_catalog.json:products.15 | data/historical_waters_catalog.json:products.16 | data/historical_waters_catalog.json:products.17 | data/historical_waters_catalog.json:products.18
ACQUITY UPLC M-Class System,https://www.sec.gov/Archives/edgar/data/1000697/000119312515067900/d849246d10k.htm,403,https://www.sec.gov/Archives/edgar/data/1000697/000119312515067900/d849246d10k.htm,Broken,strict access failure,,data/historical_waters_catalog.json: | data/historical_waters_catalog.json:products.20
Xevo G2-XS QTof Mass Spectrometer | Xevo TQ-S micro Mass Spectrometer | ionKey/MS System,https://www.sec.gov/Archives/edgar/data/1000697/000119312516480594/d108530d10k.htm,403,https://www.sec.gov/Archives/edgar/data/1000697/000119312516480594/d108530d10k.htm,Broken,strict access failure,,data/historical_waters_catalog.json: | data/historical_waters_catalog.json:products.21 | data/historical_waters_catalog.json:products.22 | data/historical_waters_catalog.json:products.23
Vion IMS QTof Mass Spectrometer | Xevo TQ-XS Mass Spectrometer,https://www.sec.gov/Archives/edgar/data/1000697/000119312517056239/d268303d10k.htm,403,https://www.sec.gov/Archives/edgar/data/1000697/000119312517056239/d268303d10k.htm,Broken,strict access failure,,data/historical_waters_catalog.json: | data/historical_waters_catalog.json:products.25 | data/historical_waters_catalog.json:products.26
ACQUITY Arc Bio System | ACQUITY RDa Detector | ACQUITY UPLC H-Class PLUS Bio System | ACQUITY UPLC H-Class PLUS System | ACQUITY UPLC I-Class PLUS System | BioAccord LC-MS System | Radian ASAP Mass Detector | SELECT SERIES Cyclic IMS | SELECT SERIES MRT | SYNAPT XS Mass Spectrometer | Xevo G3 QTof Mass Spectrometer | Xevo TQ Absolute IVD System | Xevo TQ-S cronos Mass Spectrometer | waters_connect Software Platform,https://www.sec.gov/Archives/edgar/data/1000697/000119312524094009/d691142dars.pdf,403,https://www.sec.gov/Archives/edgar/data/1000697/000119312524094009/d691142dars.pdf,Broken,strict access failure,,data/historical_waters_catalog.json: | data/historical_waters_catalog.json:products.27 | data/historical_waters_catalog.json:products.28 | data/historical_waters_catalog.json:products.29 | data/historical_waters_catalog.json:products.30 | data/historical_waters_catalog.json:products.31 | data/historical_waters_catalog.json:products.32 | data/historical_waters_catalog.json:products.33 | data/historical_waters_catalog.json:products.34 | data/historical_waters_catalog.json:products.35 | data/historical_waters_catalog.json:products.37 | data/historical_waters_catalog.json:products.38 | data/historical_waters_catalog.json:products.39 | data/product_comparisons.json: | data/product_comparisons.json:watersSystems.1 | data/product_comparisons.json:watersSystems.6
Xevo Charge Detection Mass Spectrometer,https://www.sec.gov/Archives/edgar/data/1000697/000119312526062604/d778470d10k.htm,403,https://www.sec.gov/Archives/edgar/data/1000697/000119312526062604/d778470d10k.htm,Broken,strict access failure,,data/historical_waters_catalog.json: | data/historical_waters_catalog.json:products.44
[no retained anchor label],https://www.sec.gov/Archives/edgar/data/1090872/000095012324003692/a-20240501.htm,403,https://www.sec.gov/Archives/edgar/data/1090872/000095012324003692/a-20240501.htm,Broken,strict access failure,,
[no retained anchor label],https://www.sec.gov/Archives/edgar/data/1090872/000095017023046178/a-20230901.htm,403,https://www.sec.gov/Archives/edgar/data/1090872/000095017023046178/a-20230901.htm,Broken,strict access failure,,
[no retained anchor label],https://www.sec.gov/Archives/edgar/data/1090872/000095017023057148/a-20231026.htm,403,https://www.sec.gov/Archives/edgar/data/1090872/000095017023057148/a-20231026.htm,Broken,strict access failure,,
[no retained anchor label],https://www.sec.gov/Archives/edgar/data/1090872/000095017023071756/a-20231220.htm,403,https://www.sec.gov/Archives/edgar/data/1090872/000095017023071756/a-20231220.htm,Broken,strict access failure,,
[no retained anchor label],https://www.sec.gov/Archives/edgar/data/1090872/000095017024017940/a-20240220.htm,403,https://www.sec.gov/Archives/edgar/data/1090872/000095017024017940/a-20240220.htm,Broken,strict access failure,,
[no retained anchor label],https://www.sec.gov/Archives/edgar/data/1090872/000095017024032163/a-20240314.htm,403,https://www.sec.gov/Archives/edgar/data/1090872/000095017024032163/a-20240314.htm,Broken,strict access failure,,
[no retained anchor label],https://www.sec.gov/Archives/edgar/data/1090872/000095017024064091/a-20240522.htm,403,https://www.sec.gov/Archives/edgar/data/1090872/000095017024064091/a-20240522.htm,Broken,strict access failure,,
[no retained anchor label],https://www.sec.gov/Archives/edgar/data/1090872/000095017025040344/a-20250313.htm,403,https://www.sec.gov/Archives/edgar/data/1090872/000095017025040344/a-20250313.htm,Broken,strict access failure,,
[no retained anchor label],https://www.sec.gov/Archives/edgar/data/1090872/000095017025049516/a-20250327.htm,403,https://www.sec.gov/Archives/edgar/data/1090872/000095017025049516/a-20250327.htm,Broken,strict access failure,,
[no retained anchor label],https://www.sec.gov/Archives/edgar/data/1090872/000095017025075587/a-20250520.htm,403,https://www.sec.gov/Archives/edgar/data/1090872/000095017025075587/a-20250520.htm,Broken,strict access failure,,
[no retained anchor label],https://www.sec.gov/Archives/edgar/data/1090872/000109087223000013/a-20230815.htm,403,https://www.sec.gov/Archives/edgar/data/1090872/000109087223000013/a-20230815.htm,Broken,strict access failure,,
Agilent filed 10-Q,https://www.sec.gov/Archives/edgar/data/1090872/000109087223000015/a-20230731.htm,403,https://www.sec.gov/Archives/edgar/data/1090872/000109087223000015/a-20230731.htm,Broken,strict access failure,,data/intelligence.json: | data/intelligence.json:signals.291
[no retained anchor label],https://www.sec.gov/Archives/edgar/data/1090872/000109087223000018/a-20231120.htm,403,https://www.sec.gov/Archives/edgar/data/1090872/000109087223000018/a-20231120.htm,Broken,strict access failure,,
Agilent filed 10-K,https://www.sec.gov/Archives/edgar/data/1090872/000109087223000020/a-20231031.htm,403,https://www.sec.gov/Archives/edgar/data/1090872/000109087223000020/a-20231031.htm,Broken,strict access failure,,data/intelligence.json: | data/intelligence.json:signals.286
[no retained anchor label],https://www.sec.gov/Archives/edgar/data/1090872/000109087224000003/a-20240105.htm,403,https://www.sec.gov/Archives/edgar/data/1090872/000109087224000003/a-20240105.htm,Broken,strict access failure,,
[no retained anchor label],https://www.sec.gov/Archives/edgar/data/1090872/000109087224000006/a-20240227.htm,403,https://www.sec.gov/Archives/edgar/data/1090872/000109087224000006/a-20240227.htm,Broken,strict access failure,,
Agilent filed 10-Q,https://www.sec.gov/Archives/edgar/data/1090872/000109087224000011/a-20240131.htm,403,https://www.sec.gov/Archives/edgar/data/1090872/000109087224000011/a-20240131.htm,Broken,strict access failure,,data/intelligence.json: | data/intelligence.json:signals.280
[no retained anchor label],https://www.sec.gov/Archives/edgar/data/1090872/000109087224000017/a-20240529.htm,403,https://www.sec.gov/Archives/edgar/data/1090872/000109087224000017/a-20240529.htm,Broken,strict access failure,,
Agilent filed 10-Q,https://www.sec.gov/Archives/edgar/data/1090872/000109087224000021/a-20240430.htm,403,https://www.sec.gov/Archives/edgar/data/1090872/000109087224000021/a-20240430.htm,Broken,strict access failure,,data/intelligence.json: | data/intelligence.json:signals.276
[no retained anchor label],https://www.sec.gov/Archives/edgar/data/1090872/000109087224000024/a-20240821.htm,403,https://www.sec.gov/Archives/edgar/data/1090872/000109087224000024/a-20240821.htm,Broken,strict access failure,,
Agilent filed 10-Q,https://www.sec.gov/Archives/edgar/data/1090872/000109087224000033/a-20240731.htm,403,https://www.sec.gov/Archives/edgar/data/1090872/000109087224000033/a-20240731.htm,Broken,strict access failure,,data/intelligence.json: | data/intelligence.json:signals.271
[no retained anchor label],https://www.sec.gov/Archives/edgar/data/1090872/000109087224000036/a-20240903_d2.htm,403,https://www.sec.gov/Archives/edgar/data/1090872/000109087224000036/a-20240903_d2.htm,Broken,strict access failure,,
[no retained anchor label],https://www.sec.gov/Archives/edgar/data/1090872/000109087224000042/a-20241125.htm,403,https://www.sec.gov/Archives/edgar/data/1090872/000109087224000042/a-20241125.htm,Broken,strict access failure,,
[no retained anchor label],https://www.sec.gov/Archives/edgar/data/1090872/000109087224000045/a-20241213.htm,403,https://www.sec.gov/Archives/edgar/data/1090872/000109087224000045/a-20241213.htm,Broken,strict access failure,,
Agilent filed 10-K,https://www.sec.gov/Archives/edgar/data/1090872/000109087224000049/a-20241031.htm,403,https://www.sec.gov/Archives/edgar/data/1090872/000109087224000049/a-20241031.htm,Broken,strict access failure,,data/intelligence.json: | data/intelligence.json:signals.265
[no retained anchor label],https://www.sec.gov/Archives/edgar/data/1090872/000109087225000003/a-20250226.htm,403,https://www.sec.gov/Archives/edgar/data/1090872/000109087225000003/a-20250226.htm,Broken,strict access failure,,
Agilent filed 10-Q,https://www.sec.gov/Archives/edgar/data/1090872/000109087225000008/a-20250131.htm,403,https://www.sec.gov/Archives/edgar/data/1090872/000109087225000008/a-20250131.htm,Broken,strict access failure,,data/intelligence.json: | data/intelligence.json:signals.257
[no retained anchor label],https://www.sec.gov/Archives/edgar/data/1090872/000109087225000010/a-20250303_d2.htm,403,https://www.sec.gov/Archives/edgar/data/1090872/000109087225000010/a-20250303_d2.htm,Broken,strict access failure,,
[no retained anchor label],https://www.sec.gov/Archives/edgar/data/1090872/000109087225000013/a-20250528.htm,403,https://www.sec.gov/Archives/edgar/data/1090872/000109087225000013/a-20250528.htm,Broken,strict access failure,,
Agilent filed 10-Q,https://www.sec.gov/Archives/edgar/data/1090872/000109087225000021/a-20250430.htm,403,https://www.sec.gov/Archives/edgar/data/1090872/000109087225000021/a-20250430.htm,Broken,strict access failure,,data/intelligence.json: | data/intelligence.json:signals.253
[no retained anchor label],https://www.sec.gov/Archives/edgar/data/1090872/000109087225000034/a-20250827.htm,403,https://www.sec.gov/Archives/edgar/data/1090872/000109087225000034/a-20250827.htm,Broken,strict access failure,,
Agilent filed 10-Q,https://www.sec.gov/Archives/edgar/data/1090872/000109087225000036/a-20250731.htm,403,https://www.sec.gov/Archives/edgar/data/1090872/000109087225000036/a-20250731.htm,Broken,strict access failure,,data/intelligence.json: | data/intelligence.json:signals.244
[no retained anchor label],https://www.sec.gov/Archives/edgar/data/1090872/000109087225000070/a-20251124.htm,403,https://www.sec.gov/Archives/edgar/data/1090872/000109087225000070/a-20251124.htm,Broken,strict access failure,,
Agilent filed 10-K,https://www.sec.gov/Archives/edgar/data/1090872/000109087225000087/a-20251031.htm,403,https://www.sec.gov/Archives/edgar/data/1090872/000109087225000087/a-20251031.htm,Broken,strict access failure,,data/intelligence.json: | data/intelligence.json:signals.235
[no retained anchor label],https://www.sec.gov/Archives/edgar/data/1090872/000109087226000015/a-20260225.htm,403,https://www.sec.gov/Archives/edgar/data/1090872/000109087226000015/a-20260225.htm,Broken,strict access failure,,
Agilent filed 10-Q,https://www.sec.gov/Archives/edgar/data/1090872/000109087226000023/a-20260131.htm,403,https://www.sec.gov/Archives/edgar/data/1090872/000109087226000023/a-20260131.htm,Broken,strict access failure,,data/intelligence.json: | data/intelligence.json:signals.223
Agilent filed 8-K,https://www.sec.gov/Archives/edgar/data/1090872/000109087226000052/a-20260520.htm,403,https://www.sec.gov/Archives/edgar/data/1090872/000109087226000052/a-20260520.htm,Broken,strict access failure,,data/intelligence.json: | data/intelligence.json:signals.190
"Agilent CrossLab and services growth points to lifecycle/service differentiation | Agilent filed 10-Q | Agilent says LC and LC-MS are helping drive pharma, APAC, and advanced-materials growth | Biocare (BC Midco I, Inc.)",https://www.sec.gov/Archives/edgar/data/1090872/000109087226000055/a-20260430.htm,403,https://www.sec.gov/Archives/edgar/data/1090872/000109087226000055/a-20260430.htm,Broken,strict access failure,,data/filing_insights.json: | data/filing_insights.json:companyCorporateMoves.0 | data/filing_insights.json:companyCorporateMoves.0.items.0 | data/filing_insights.json:insights.0 | data/filing_insights.json:insights.1 | data/intelligence.json: | data/intelligence.json:signals.185
[no retained anchor label],https://www.sec.gov/Archives/edgar/data/1090872/000119312524214337/d891217d8k.htm,403,https://www.sec.gov/Archives/edgar/data/1090872/000119312524214337/d891217d8k.htm,Broken,strict access failure,,
[no retained anchor label],https://www.sec.gov/Archives/edgar/data/1090872/000119312524215906/d894739d8k.htm,403,https://www.sec.gov/Archives/edgar/data/1090872/000119312524215906/d894739d8k.htm,Broken,strict access failure,,
[no retained anchor label],https://www.sec.gov/Archives/edgar/data/1090872/000119312525111596/d889863d8k.htm,403,https://www.sec.gov/Archives/edgar/data/1090872/000119312525111596/d889863d8k.htm,Broken,strict access failure,,
[no retained anchor label],https://www.sec.gov/Archives/edgar/data/1090872/000119312525159100/d866414d8k.htm,403,https://www.sec.gov/Archives/edgar/data/1090872/000119312525159100/d866414d8k.htm,Broken,strict access failure,,
[no retained anchor label],https://www.sec.gov/Archives/edgar/data/1090872/000119312525251622/a-20251023.htm,403,https://www.sec.gov/Archives/edgar/data/1090872/000119312525251622/a-20251023.htm,Broken,strict access failure,,
[no retained anchor label],https://www.sec.gov/Archives/edgar/data/1090872/000119312526096487/a-20260305.htm,403,https://www.sec.gov/Archives/edgar/data/1090872/000119312526096487/a-20260305.htm,Broken,strict access failure,,
[no retained anchor label],https://www.sec.gov/Archives/edgar/data/1090872/000119312526117614/a-20260318.htm,403,https://www.sec.gov/Archives/edgar/data/1090872/000119312526117614/a-20260318.htm,Broken,strict access failure,,
Agilent filed 8-K,https://www.sec.gov/Archives/edgar/data/1090872/000119312526142101/a-20260331.htm,403,https://www.sec.gov/Archives/edgar/data/1090872/000119312526142101/a-20260331.htm,Broken,strict access failure,,data/intelligence.json: | data/intelligence.json:signals.215
Agilent filed 8-K,https://www.sec.gov/Archives/edgar/data/1090872/000119312526202636/a-20260504.htm,403,https://www.sec.gov/Archives/edgar/data/1090872/000119312526202636/a-20260504.htm,Broken,strict access failure,,data/intelligence.json: | data/intelligence.json:signals.202
Agilent filed 8-K,https://www.sec.gov/Archives/edgar/data/1090872/000119312526282845/d75293d8k.htm,403,https://www.sec.gov/Archives/edgar/data/1090872/000119312526282845/d75293d8k.htm,Broken,strict access failure,,data/intelligence.json: | data/intelligence.json:signals.177
[no retained anchor label],https://www.sec.gov/Archives/edgar/data/313616/000031361623000244/dhr-20230811.htm,403,https://www.sec.gov/Archives/edgar/data/313616/000031361623000244/dhr-20230811.htm,Broken,strict access failure,,
[no retained anchor label],https://www.sec.gov/Archives/edgar/data/313616/000031361623000250/dhr-20230831.htm,403,https://www.sec.gov/Archives/edgar/data/313616/000031361623000250/dhr-20230831.htm,Broken,strict access failure,,
[no retained anchor label],https://www.sec.gov/Archives/edgar/data/313616/000031361623000252/dhr-20230929.htm,403,https://www.sec.gov/Archives/edgar/data/313616/000031361623000252/dhr-20230929.htm,Broken,strict access failure,,
SCIEX filed 10-Q,https://www.sec.gov/Archives/edgar/data/313616/000031361623000256/dhr-20230929.htm,403,https://www.sec.gov/Archives/edgar/data/313616/000031361623000256/dhr-20230929.htm,Broken,strict access failure,,data/intelligence.json: | data/intelligence.json:signals.289
[no retained anchor label],https://www.sec.gov/Archives/edgar/data/313616/000031361623000258/dhr-20231024.htm,403,https://www.sec.gov/Archives/edgar/data/313616/000031361623000258/dhr-20231024.htm,Broken,strict access failure,,
[no retained anchor label],https://www.sec.gov/Archives/edgar/data/313616/000031361624000004/dhr-20240108.htm,403,https://www.sec.gov/Archives/edgar/data/313616/000031361624000004/dhr-20240108.htm,Broken,strict access failure,,
[no retained anchor label],https://www.sec.gov/Archives/edgar/data/313616/000031361624000006/dhr-20240130.htm,403,https://www.sec.gov/Archives/edgar/data/313616/000031361624000006/dhr-20240130.htm,Broken,strict access failure,,
[no retained anchor label],https://www.sec.gov/Archives/edgar/data/313616/000031361624000046/dhr-20240212.htm,403,https://www.sec.gov/Archives/edgar/data/313616/000031361624000046/dhr-20240212.htm,Broken,strict access failure,,
SCIEX filed 10-K,https://www.sec.gov/Archives/edgar/data/313616/000031361624000052/dhr-20231231.htm,403,https://www.sec.gov/Archives/edgar/data/313616/000031361624000052/dhr-20231231.htm,Broken,strict access failure,,data/intelligence.json: | data/intelligence.json:signals.283
SCIEX filed 10-Q,https://www.sec.gov/Archives/edgar/data/313616/000031361624000102/dhr-20240329.htm,403,https://www.sec.gov/Archives/edgar/data/313616/000031361624000102/dhr-20240329.htm,Broken,strict access failure,,data/intelligence.json: | data/intelligence.json:signals.279
[no retained anchor label],https://www.sec.gov/Archives/edgar/data/313616/000031361624000106/dhr-20240423.htm,403,https://www.sec.gov/Archives/edgar/data/313616/000031361624000106/dhr-20240423.htm,Broken,strict access failure,,
[no retained anchor label],https://www.sec.gov/Archives/edgar/data/313616/000031361624000133/dhr-20240507.htm,403,https://www.sec.gov/Archives/edgar/data/313616/000031361624000133/dhr-20240507.htm,Broken,strict access failure,,
[no retained anchor label],https://www.sec.gov/Archives/edgar/data/313616/000031361624000174/dhr-20240616.htm,403,https://www.sec.gov/Archives/edgar/data/313616/000031361624000174/dhr-20240616.htm,Broken,strict access failure,,
SCIEX filed 10-Q,https://www.sec.gov/Archives/edgar/data/313616/000031361624000186/dhr-20240628.htm,403,https://www.sec.gov/Archives/edgar/data/313616/000031361624000186/dhr-20240628.htm,Broken,strict access failure,,data/intelligence.json: | data/intelligence.json:signals.275
[no retained anchor label],https://www.sec.gov/Archives/edgar/data/313616/000031361624000188/dhr-20240723.htm,403,https://www.sec.gov/Archives/edgar/data/313616/000031361624000188/dhr-20240723.htm,Broken,strict access failure,,
SCIEX filed 10-Q,https://www.sec.gov/Archives/edgar/data/313616/000031361624000220/dhr-20240927.htm,403,https://www.sec.gov/Archives/edgar/data/313616/000031361624000220/dhr-20240927.htm,Broken,strict access failure,,data/intelligence.json: | data/intelligence.json:signals.269
[no retained anchor label],https://www.sec.gov/Archives/edgar/data/313616/000031361624000223/dhr-20241022.htm,403,https://www.sec.gov/Archives/edgar/data/313616/000031361624000223/dhr-20241022.htm,Broken,strict access failure,,
[no retained anchor label],https://www.sec.gov/Archives/edgar/data/313616/000031361624000251/dhr-20241209.htm,403,https://www.sec.gov/Archives/edgar/data/313616/000031361624000251/dhr-20241209.htm,Broken,strict access failure,,
[no retained anchor label],https://www.sec.gov/Archives/edgar/data/313616/000031361625000002/dhr-20250113.htm,403,https://www.sec.gov/Archives/edgar/data/313616/000031361625000002/dhr-20250113.htm,Broken,strict access failure,,
[no retained anchor label],https://www.sec.gov/Archives/edgar/data/313616/000031361625000004/dhr-20250129.htm,403,https://www.sec.gov/Archives/edgar/data/313616/000031361625000004/dhr-20250129.htm,Broken,strict access failure,,
SCIEX filed 10-K,https://www.sec.gov/Archives/edgar/data/313616/000031361625000043/dhr-20241231.htm,403,https://www.sec.gov/Archives/edgar/data/313616/000031361625000043/dhr-20241231.htm,Broken,strict access failure,,data/intelligence.json: | data/intelligence.json:signals.260
[no retained anchor label],https://www.sec.gov/Archives/edgar/data/313616/000031361625000044/dhr-20250220.htm,403,https://www.sec.gov/Archives/edgar/data/313616/000031361625000044/dhr-20250220.htm,Broken,strict access failure,,
SCIEX filed 10-Q,https://www.sec.gov/Archives/edgar/data/313616/000031361625000088/dhr-20250328.htm,403,https://www.sec.gov/Archives/edgar/data/313616/000031361625000088/dhr-20250328.htm,Broken,strict access failure,,data/intelligence.json: | data/intelligence.json:signals.256
[no retained anchor label],https://www.sec.gov/Archives/edgar/data/313616/000031361625000090/dhr-20250422.htm,403,https://www.sec.gov/Archives/edgar/data/313616/000031361625000090/dhr-20250422.htm,Broken,strict access failure,,
[no retained anchor label],https://www.sec.gov/Archives/edgar/data/313616/000031361625000110/dhr-20250506.htm,403,https://www.sec.gov/Archives/edgar/data/313616/000031361625000110/dhr-20250506.htm,Broken,strict access failure,,
[no retained anchor label],https://www.sec.gov/Archives/edgar/data/313616/000031361625000152/dhr-20250722.htm,403,https://www.sec.gov/Archives/edgar/data/313616/000031361625000152/dhr-20250722.htm,Broken,strict access failure,,
SCIEX filed 10-Q,https://www.sec.gov/Archives/edgar/data/313616/000031361625000153/dhr-20250627.htm,403,https://www.sec.gov/Archives/edgar/data/313616/000031361625000153/dhr-20250627.htm,Broken,strict access failure,,data/intelligence.json: | data/intelligence.json:signals.250
[no retained anchor label],https://www.sec.gov/Archives/edgar/data/313616/000031361625000155/dhr-20250721.htm,403,https://www.sec.gov/Archives/edgar/data/313616/000031361625000155/dhr-20250721.htm,Broken,strict access failure,,
[no retained anchor label],https://www.sec.gov/Archives/edgar/data/313616/000031361625000172/dhr-20250728.htm,403,https://www.sec.gov/Archives/edgar/data/313616/000031361625000172/dhr-20250728.htm,Broken,strict access failure,,
[no retained anchor label],https://www.sec.gov/Archives/edgar/data/313616/000031361625000178/dhr-20250909.htm,429,https://www.sec.gov/Archives/edgar/data/313616/000031361625000178/dhr-20250909.htm,Broken,strict access failure,,
[no retained anchor label],https://www.sec.gov/Archives/edgar/data/313616/000031361625000180/dhr-20251021.htm,429,https://www.sec.gov/Archives/edgar/data/313616/000031361625000180/dhr-20251021.htm,Broken,strict access failure,,
SCIEX filed 10-Q,https://www.sec.gov/Archives/edgar/data/313616/000031361625000182/dhr-20250926.htm,429,https://www.sec.gov/Archives/edgar/data/313616/000031361625000182/dhr-20250926.htm,Broken,strict access failure,,data/intelligence.json: | data/intelligence.json:signals.242
[no retained anchor label],https://www.sec.gov/Archives/edgar/data/313616/000031361625000198/dhr-20251106.htm,429,https://www.sec.gov/Archives/edgar/data/313616/000031361625000198/dhr-20251106.htm,Broken,strict access failure,,
[no retained anchor label],https://www.sec.gov/Archives/edgar/data/313616/000031361626000002/dhr-20260112.htm,429,https://www.sec.gov/Archives/edgar/data/313616/000031361626000002/dhr-20260112.htm,Broken,strict access failure,,
[no retained anchor label],https://www.sec.gov/Archives/edgar/data/313616/000031361626000004/dhr-20260128.htm,429,https://www.sec.gov/Archives/edgar/data/313616/000031361626000004/dhr-20260128.htm,Broken,strict access failure,,
[no retained anchor label],https://www.sec.gov/Archives/edgar/data/313616/000031361626000058/dhr-20260205.htm,429,https://www.sec.gov/Archives/edgar/data/313616/000031361626000058/dhr-20260205.htm,Broken,strict access failure,,
SCIEX filed 10-K,https://www.sec.gov/Archives/edgar/data/313616/000031361626000062/dhr-20251231.htm,429,https://www.sec.gov/Archives/edgar/data/313616/000031361626000062/dhr-20251231.htm,Broken,strict access failure,,data/intelligence.json: | data/intelligence.json:signals.226
SCIEX filed 10-Q,https://www.sec.gov/Archives/edgar/data/313616/000031361626000107/dhr-20260327.htm,429,https://www.sec.gov/Archives/edgar/data/313616/000031361626000107/dhr-20260327.htm,Broken,strict access failure,,data/intelligence.json: | data/intelligence.json:signals.212
[no retained anchor label],https://www.sec.gov/Archives/edgar/data/313616/000031361626000109/dhr-20260421.htm,429,https://www.sec.gov/Archives/edgar/data/313616/000031361626000109/dhr-20260421.htm,Broken,strict access failure,,
SCIEX filed 8-K,https://www.sec.gov/Archives/edgar/data/313616/000031361626000127/dhr-20260505.htm,429,https://www.sec.gov/Archives/edgar/data/313616/000031361626000127/dhr-20260505.htm,Broken,strict access failure,,data/intelligence.json: | data/intelligence.json:signals.199
SCIEX filed 10-Q,https://www.sec.gov/Archives/edgar/data/313616/000031361626000161/dhr-20260626.htm,429,https://www.sec.gov/Archives/edgar/data/313616/000031361626000161/dhr-20260626.htm,Broken,strict access failure,,data/intelligence.json: | data/intelligence.json:signals.82
SCIEX filed 8-K,https://www.sec.gov/Archives/edgar/data/313616/000031361626000163/dhr-20260721.htm,429,https://www.sec.gov/Archives/edgar/data/313616/000031361626000163/dhr-20260721.htm,Broken,strict access failure,,data/intelligence.json: | data/intelligence.json:signals.81
[no retained anchor label],https://www.sec.gov/Archives/edgar/data/313616/000114036123043697/ef2001057_8k.htm,429,https://www.sec.gov/Archives/edgar/data/313616/000114036123043697/ef2001057_8k.htm,Broken,strict access failure,,
[no retained anchor label],https://www.sec.gov/Archives/edgar/data/313616/000114036123044482/ef20010872_8k.htm,429,https://www.sec.gov/Archives/edgar/data/313616/000114036123044482/ef20010872_8k.htm,Broken,strict access failure,,
[no retained anchor label],https://www.sec.gov/Archives/edgar/data/313616/000119312526053124/d110495d8k.htm,429,https://www.sec.gov/Archives/edgar/data/313616/000119312526053124/d110495d8k.htm,Broken,strict access failure,,
[no retained anchor label],https://www.sec.gov/Archives/edgar/data/313616/000119312526160383/d56203d8k.htm,429,https://www.sec.gov/Archives/edgar/data/313616/000119312526160383/d56203d8k.htm,Broken,strict access failure,,
SCIEX filed 8-K,https://www.sec.gov/Archives/edgar/data/313616/000119312526191608/d107133d8k.htm,429,https://www.sec.gov/Archives/edgar/data/313616/000119312526191608/d107133d8k.htm,Broken,strict access failure,,data/intelligence.json: | data/intelligence.json:signals.207
SCIEX filed 8-K,https://www.sec.gov/Archives/edgar/data/313616/000119312526255555/d63873d8k.htm,429,https://www.sec.gov/Archives/edgar/data/313616/000119312526255555/d63873d8k.htm,Broken,strict access failure,,data/intelligence.json: | data/intelligence.json:signals.181
PerkinElmer filed 10-Q,https://www.sec.gov/Archives/edgar/data/31791/000003179123000011/pki-20230702.htm,429,https://www.sec.gov/Archives/edgar/data/31791/000003179123000011/pki-20230702.htm,Broken,strict access failure,,data/intelligence.json: | data/intelligence.json:signals.292
PerkinElmer filed 10-Q,https://www.sec.gov/Archives/edgar/data/31791/000003179123000014/pki-20231001.htm,429,https://www.sec.gov/Archives/edgar/data/31791/000003179123000014/pki-20231001.htm,Broken,strict access failure,,data/intelligence.json: | data/intelligence.json:signals.287
PerkinElmer filed 10-K,https://www.sec.gov/Archives/edgar/data/31791/000003179124000004/pki-20231231.htm,429,https://www.sec.gov/Archives/edgar/data/31791/000003179124000004/pki-20231231.htm,Broken,strict access failure,,data/intelligence.json: | data/intelligence.json:signals.281
PerkinElmer filed 10-Q,https://www.sec.gov/Archives/edgar/data/31791/000003179124000014/pki-20240331.htm,429,https://www.sec.gov/Archives/edgar/data/31791/000003179124000014/pki-20240331.htm,Broken,strict access failure,,data/intelligence.json: | data/intelligence.json:signals.277
[no retained anchor label],https://www.sec.gov/Archives/edgar/data/31791/000003179124000018/pki-20240729.htm,429,https://www.sec.gov/Archives/edgar/data/31791/000003179124000018/pki-20240729.htm,Broken,strict access failure,,
PerkinElmer filed 10-Q,https://www.sec.gov/Archives/edgar/data/31791/000003179124000021/pki-20240630.htm,429,https://www.sec.gov/Archives/edgar/data/31791/000003179124000021/pki-20240630.htm,Broken,strict access failure,,data/intelligence.json: | data/intelligence.json:signals.273
[no retained anchor label],https://www.sec.gov/Archives/edgar/data/31791/000003179124000026/pki-20241104.htm,429,https://www.sec.gov/Archives/edgar/data/31791/000003179124000026/pki-20241104.htm,Broken,strict access failure,,
PerkinElmer filed 10-Q,https://www.sec.gov/Archives/edgar/data/31791/000003179124000028/pki-20240929.htm,429,https://www.sec.gov/Archives/edgar/data/31791/000003179124000028/pki-20240929.htm,Broken,strict access failure,,data/intelligence.json: | data/intelligence.json:signals.267
[no retained anchor label],https://www.sec.gov/Archives/edgar/data/31791/000003179125000003/pki-20250112.htm,429,https://www.sec.gov/Archives/edgar/data/31791/000003179125000003/pki-20250112.htm,Broken,strict access failure,,
[no retained anchor label],https://www.sec.gov/Archives/edgar/data/31791/000003179125000006/pki-20250131.htm,429,https://www.sec.gov/Archives/edgar/data/31791/000003179125000006/pki-20250131.htm,Broken,strict access failure,,
PerkinElmer filed 10-K,https://www.sec.gov/Archives/edgar/data/31791/000003179125000009/revv-20241229.htm,429,https://www.sec.gov/Archives/edgar/data/31791/000003179125000009/revv-20241229.htm,Broken,strict access failure,,data/intelligence.json: | data/intelligence.json:signals.258
[no retained anchor label],https://www.sec.gov/Archives/edgar/data/31791/000003179125000012/pki-20250428.htm,429,https://www.sec.gov/Archives/edgar/data/31791/000003179125000012/pki-20250428.htm,Broken,strict access failure,,
PerkinElmer filed 10-Q,https://www.sec.gov/Archives/edgar/data/31791/000003179125000015/revv-20250330.htm,429,https://www.sec.gov/Archives/edgar/data/31791/000003179125000015/revv-20250330.htm,Broken,strict access failure,,data/intelligence.json: | data/intelligence.json:signals.254
[no retained anchor label],https://www.sec.gov/Archives/edgar/data/31791/000003179125000022/pki-20250728.htm,429,https://www.sec.gov/Archives/edgar/data/31791/000003179125000022/pki-20250728.htm,Broken,strict access failure,,
PerkinElmer filed 10-Q,https://www.sec.gov/Archives/edgar/data/31791/000003179125000026/revv-20250629.htm,429,https://www.sec.gov/Archives/edgar/data/31791/000003179125000026/revv-20250629.htm,Broken,strict access failure,,data/intelligence.json: | data/intelligence.json:signals.247
[no retained anchor label],https://www.sec.gov/Archives/edgar/data/31791/000003179125000032/pki-20251027.htm,429,https://www.sec.gov/Archives/edgar/data/31791/000003179125000032/pki-20251027.htm,Broken,strict access failure,,
PerkinElmer filed 10-Q,https://www.sec.gov/Archives/edgar/data/31791/000003179125000037/revv-20250928.htm,429,https://www.sec.gov/Archives/edgar/data/31791/000003179125000037/revv-20250928.htm,Broken,strict access failure,,data/intelligence.json: | data/intelligence.json:signals.239
PerkinElmer filed 8-K,https://www.sec.gov/Archives/edgar/data/31791/000003179126000003/pki-20260112.htm,429,https://www.sec.gov/Archives/edgar/data/31791/000003179126000003/pki-20260112.htm,Broken,strict access failure,,data/intelligence.json: | data/intelligence.json:signals.232
PerkinElmer filed 8-K,https://www.sec.gov/Archives/edgar/data/31791/000003179126000007/pki-20260202.htm,429,https://www.sec.gov/Archives/edgar/data/31791/000003179126000007/pki-20260202.htm,Broken,strict access failure,,data/intelligence.json: | data/intelligence.json:signals.230
PerkinElmer filed 10-K,https://www.sec.gov/Archives/edgar/data/31791/000003179126000012/revv-20251228.htm,429,https://www.sec.gov/Archives/edgar/data/31791/000003179126000012/revv-20251228.htm,Broken,strict access failure,,data/intelligence.json: | data/intelligence.json:signals.227
PerkinElmer filed 8-K,https://www.sec.gov/Archives/edgar/data/31791/000003179126000016/pki-20260505.htm,429,https://www.sec.gov/Archives/edgar/data/31791/000003179126000016/pki-20260505.htm,Broken,strict access failure,,data/intelligence.json: | data/intelligence.json:signals.201
Advanced Chemistry Development Inc. (ACD/Labs) | PerkinElmer filed 10-Q | PerkinElmer-related life-science software and AI signals are rising,https://www.sec.gov/Archives/edgar/data/31791/000003179126000019/revv-20260405.htm,429,https://www.sec.gov/Archives/edgar/data/31791/000003179126000019/revv-20260405.htm,Broken,strict access failure,,data/filing_insights.json: | data/filing_insights.json:companyCorporateMoves.2 | data/filing_insights.json:companyCorporateMoves.2.items.0 | data/filing_insights.json:insights.4 | data/intelligence.json: | data/intelligence.json:signals.198
[no retained anchor label],https://www.sec.gov/Archives/edgar/data/31791/000115752323001568/a53701637.htm,429,https://www.sec.gov/Archives/edgar/data/31791/000115752323001568/a53701637.htm,Broken,strict access failure,,
[no retained anchor label],https://www.sec.gov/Archives/edgar/data/31791/000115752324000035/a53878895.htm,429,https://www.sec.gov/Archives/edgar/data/31791/000115752324000035/a53878895.htm,Broken,strict access failure,,
[no retained anchor label],https://www.sec.gov/Archives/edgar/data/31791/000115752324000120/a53887562.htm,429,https://www.sec.gov/Archives/edgar/data/31791/000115752324000120/a53887562.htm,Broken,strict access failure,,
[no retained anchor label],https://www.sec.gov/Archives/edgar/data/31791/000115752324000146/a53889507.htm,429,https://www.sec.gov/Archives/edgar/data/31791/000115752324000146/a53889507.htm,Broken,strict access failure,,
[no retained anchor label],https://www.sec.gov/Archives/edgar/data/31791/000119312524110060/d817018d8k.htm,429,https://www.sec.gov/Archives/edgar/data/31791/000119312524110060/d817018d8k.htm,Broken,strict access failure,,
[no retained anchor label],https://www.sec.gov/Archives/edgar/data/31791/000119312525002871/d915642d8k.htm,429,https://www.sec.gov/Archives/edgar/data/31791/000119312525002871/d915642d8k.htm,Broken,strict access failure,,
[no retained anchor label],https://www.sec.gov/Archives/edgar/data/31791/000119312525096747/d900630d8k.htm,429,https://www.sec.gov/Archives/edgar/data/31791/000119312525096747/d900630d8k.htm,Broken,strict access failure,,
[no retained anchor label],https://www.sec.gov/Archives/edgar/data/31791/000119312525249958/d52648d8k.htm,429,https://www.sec.gov/Archives/edgar/data/31791/000119312525249958/d52648d8k.htm,Broken,strict access failure,,
PerkinElmer filed 8-K,https://www.sec.gov/Archives/edgar/data/31791/000119312526201401/d146870d8k.htm,429,https://www.sec.gov/Archives/edgar/data/31791/000119312526201401/d146870d8k.htm,Broken,strict access failure,,data/intelligence.json: | data/intelligence.json:signals.205
[no retained anchor label],https://www.sec.gov/Archives/edgar/data/31791/000162828024018795/pki-20240429.htm,429,https://www.sec.gov/Archives/edgar/data/31791/000162828024018795/pki-20240429.htm,Broken,strict access failure,,
Thermo Fisher filed 10-Q,https://www.sec.gov/Archives/edgar/data/97745/000009774523000059/tmo-20230701.htm,429,https://www.sec.gov/Archives/edgar/data/97745/000009774523000059/tmo-20230701.htm,Broken,strict access failure,,data/intelligence.json: | data/intelligence.json:signals.293
[no retained anchor label],https://www.sec.gov/Archives/edgar/data/97745/000009774523000065/tmo-20231025.htm,429,https://www.sec.gov/Archives/edgar/data/97745/000009774523000065/tmo-20231025.htm,Broken,strict access failure,,
Thermo Fisher filed 10-Q,https://www.sec.gov/Archives/edgar/data/97745/000009774523000069/tmo-20230930.htm,429,https://www.sec.gov/Archives/edgar/data/97745/000009774523000069/tmo-20230930.htm,Broken,strict access failure,,data/intelligence.json: | data/intelligence.json:signals.288
[no retained anchor label],https://www.sec.gov/Archives/edgar/data/97745/000009774523000072/tmo-20231107.htm,429,https://www.sec.gov/Archives/edgar/data/97745/000009774523000072/tmo-20231107.htm,Broken,strict access failure,,
[no retained anchor label],https://www.sec.gov/Archives/edgar/data/97745/000009774524000003/tmo-20240131.htm,429,https://www.sec.gov/Archives/edgar/data/97745/000009774524000003/tmo-20240131.htm,Broken,strict access failure,,
Thermo Fisher filed 10-K,https://www.sec.gov/Archives/edgar/data/97745/000009774524000007/tmo-20231231.htm,429,https://www.sec.gov/Archives/edgar/data/97745/000009774524000007/tmo-20231231.htm,Broken,strict access failure,,data/intelligence.json: | data/intelligence.json:signals.282
[no retained anchor label],https://www.sec.gov/Archives/edgar/data/97745/000009774524000019/tmo-20240424.htm,429,https://www.sec.gov/Archives/edgar/data/97745/000009774524000019/tmo-20240424.htm,Broken,strict access failure,,
Thermo Fisher filed 10-Q,https://www.sec.gov/Archives/edgar/data/97745/000009774524000023/tmo-20240330.htm,429,https://www.sec.gov/Archives/edgar/data/97745/000009774524000023/tmo-20240330.htm,Broken,strict access failure,,data/intelligence.json: | data/intelligence.json:signals.278
[no retained anchor label],https://www.sec.gov/Archives/edgar/data/97745/000009774524000026/tmo-20240522.htm,429,https://www.sec.gov/Archives/edgar/data/97745/000009774524000026/tmo-20240522.htm,Broken,strict access failure,,
[no retained anchor label],https://www.sec.gov/Archives/edgar/data/97745/000009774524000036/tmo-20240724.htm,429,https://www.sec.gov/Archives/edgar/data/97745/000009774524000036/tmo-20240724.htm,Broken,strict access failure,,
Thermo Fisher filed 10-Q,https://www.sec.gov/Archives/edgar/data/97745/000009774524000040/tmo-20240629.htm,429,https://www.sec.gov/Archives/edgar/data/97745/000009774524000040/tmo-20240629.htm,Broken,strict access failure,,data/intelligence.json: | data/intelligence.json:signals.274
[no retained anchor label],https://www.sec.gov/Archives/edgar/data/97745/000009774524000043/tmo-20241023.htm,429,https://www.sec.gov/Archives/edgar/data/97745/000009774524000043/tmo-20241023.htm,Broken,strict access failure,,
Thermo Fisher filed 10-Q,https://www.sec.gov/Archives/edgar/data/97745/000009774524000046/tmo-20240928.htm,429,https://www.sec.gov/Archives/edgar/data/97745/000009774524000046/tmo-20240928.htm,Broken,strict access failure,,data/intelligence.json: | data/intelligence.json:signals.268
[no retained anchor label],https://www.sec.gov/Archives/edgar/data/97745/000009774525000003/tmo-20250130.htm,429,https://www.sec.gov/Archives/edgar/data/97745/000009774525000003/tmo-20250130.htm,Broken,strict access failure,,
[no retained anchor label],https://www.sec.gov/Archives/edgar/data/97745/000009774525000007/tmo-20250219.htm,429,https://www.sec.gov/Archives/edgar/data/97745/000009774525000007/tmo-20250219.htm,Broken,strict access failure,,
Thermo Fisher filed 10-K,https://www.sec.gov/Archives/edgar/data/97745/000009774525000010/tmo-20241231.htm,429,https://www.sec.gov/Archives/edgar/data/97745/000009774525000010/tmo-20241231.htm,Broken,strict access failure,,data/intelligence.json: | data/intelligence.json:signals.259
[no retained anchor label],https://www.sec.gov/Archives/edgar/data/97745/000009774525000016/tmo-20250225.htm,429,https://www.sec.gov/Archives/edgar/data/97745/000009774525000016/tmo-20250225.htm,Broken,strict access failure,,
[no retained anchor label],https://www.sec.gov/Archives/edgar/data/97745/000009774525000034/tmo-20250423.htm,429,https://www.sec.gov/Archives/edgar/data/97745/000009774525000034/tmo-20250423.htm,Broken,strict access failure,,
Thermo Fisher filed 10-Q,https://www.sec.gov/Archives/edgar/data/97745/000009774525000041/tmo-20250329.htm,429,https://www.sec.gov/Archives/edgar/data/97745/000009774525000041/tmo-20250329.htm,Broken,strict access failure,,data/intelligence.json: | data/intelligence.json:signals.255
[no retained anchor label],https://www.sec.gov/Archives/edgar/data/97745/000009774525000066/tmo-20250521.htm,429,https://www.sec.gov/Archives/edgar/data/97745/000009774525000066/tmo-20250521.htm,Broken,strict access failure,,
[no retained anchor label],https://www.sec.gov/Archives/edgar/data/97745/000009774525000069/tmo-20250521.htm,429,https://www.sec.gov/Archives/edgar/data/97745/000009774525000069/tmo-20250521.htm,Broken,strict access failure,,
[no retained anchor label],https://www.sec.gov/Archives/edgar/data/97745/000009774525000095/tmo-20250723.htm,429,https://www.sec.gov/Archives/edgar/data/97745/000009774525000095/tmo-20250723.htm,Broken,strict access failure,,
Thermo Fisher filed 10-Q,https://www.sec.gov/Archives/edgar/data/97745/000009774525000101/tmo-20250628.htm,429,https://www.sec.gov/Archives/edgar/data/97745/000009774525000101/tmo-20250628.htm,Broken,strict access failure,,data/intelligence.json: | data/intelligence.json:signals.248
[no retained anchor label],https://www.sec.gov/Archives/edgar/data/97745/000009774525000111/tmo-20250901.htm,429,https://www.sec.gov/Archives/edgar/data/97745/000009774525000111/tmo-20250901.htm,Broken,strict access failure,,
[no retained anchor label],https://www.sec.gov/Archives/edgar/data/97745/000009774525000150/tmo-20251022.htm,429,https://www.sec.gov/Archives/edgar/data/97745/000009774525000150/tmo-20251022.htm,Broken,strict access failure,,
[no retained anchor label],https://www.sec.gov/Archives/edgar/data/97745/000009774525000156/tmo-20251029.htm,429,https://www.sec.gov/Archives/edgar/data/97745/000009774525000156/tmo-20251029.htm,Broken,strict access failure,,
Thermo Fisher filed 10-Q,https://www.sec.gov/Archives/edgar/data/97745/000009774525000159/tmo-20250927.htm,429,https://www.sec.gov/Archives/edgar/data/97745/000009774525000159/tmo-20250927.htm,Broken,strict access failure,,data/intelligence.json: | data/intelligence.json:signals.240
[no retained anchor label],https://www.sec.gov/Archives/edgar/data/97745/000009774526000012/tmo-20260129.htm,429,https://www.sec.gov/Archives/edgar/data/97745/000009774526000012/tmo-20260129.htm,Broken,strict access failure,,
Thermo Fisher filed 10-K,https://www.sec.gov/Archives/edgar/data/97745/000009774526000018/tmo-20251231.htm,429,https://www.sec.gov/Archives/edgar/data/97745/000009774526000018/tmo-20251231.htm,Broken,strict access failure,,data/intelligence.json: | data/intelligence.json:signals.225
Thermo Fisher filed 8-K,https://www.sec.gov/Archives/edgar/data/97745/000009774526000066/tmo-20260324.htm,429,https://www.sec.gov/Archives/edgar/data/97745/000009774526000066/tmo-20260324.htm,Broken,strict access failure,,data/intelligence.json: | data/intelligence.json:signals.218
Thermo Fisher filed 8-K,https://www.sec.gov/Archives/edgar/data/97745/000009774526000086/tmo-20260423.htm,429,https://www.sec.gov/Archives/edgar/data/97745/000009774526000086/tmo-20260423.htm,Broken,strict access failure,,data/intelligence.json: | data/intelligence.json:signals.209
"Clario Holdings, Inc. | Microbiology business sale to Astorg | Solventum Purification and Filtration business | Thermo Analytical Instruments was flat with margin pressure despite chromatography/MS growth | Thermo Fisher filed 10-Q | Thermo is pairing bioproduction investment with chromatography and MS resilience",https://www.sec.gov/Archives/edgar/data/97745/000009774526000092/tmo-20260328.htm,429,https://www.sec.gov/Archives/edgar/data/97745/000009774526000092/tmo-20260328.htm,Broken,strict access failure,,data/filing_insights.json: | data/filing_insights.json:companyCorporateMoves.1 | data/filing_insights.json:companyCorporateMoves.1.items.0 | data/filing_insights.json:companyCorporateMoves.1.items.1 | data/filing_insights.json:companyCorporateMoves.1.items.2 | data/filing_insights.json:insights.2 | data/filing_insights.json:insights.3 | data/intelligence.json: | data/intelligence.json:signals.204
Thermo Fisher filed 8-K,https://www.sec.gov/Archives/edgar/data/97745/000009774526000117/tmo-20260520.htm,429,https://www.sec.gov/Archives/edgar/data/97745/000009774526000117/tmo-20260520.htm,Broken,strict access failure,,data/intelligence.json: | data/intelligence.json:signals.192
Thermo Fisher filed 8-K,https://www.sec.gov/Archives/edgar/data/97745/000009774526000138/tmo-20260723.htm,429,https://www.sec.gov/Archives/edgar/data/97745/000009774526000138/tmo-20260723.htm,Broken,strict access failure,,data/intelligence.json: | data/intelligence.json:signals.79
[no retained anchor label],https://www.sec.gov/Archives/edgar/data/97745/000009774526000144/tmo-20260627.htm,429,https://www.sec.gov/Archives/edgar/data/97745/000009774526000144/tmo-20260627.htm,Broken,strict access failure,,
[no retained anchor label],https://www.sec.gov/Archives/edgar/data/97745/000095015723001058/form8-k.htm,429,https://www.sec.gov/Archives/edgar/data/97745/000095015723001058/form8-k.htm,Broken,strict access failure,,
[no retained anchor label],https://www.sec.gov/Archives/edgar/data/97745/000095015724000978/form8-k.htm,429,https://www.sec.gov/Archives/edgar/data/97745/000095015724000978/form8-k.htm,Broken,strict access failure,,
[no retained anchor label],https://www.sec.gov/Archives/edgar/data/97745/000114036123038455/ny20009949x3_8k.htm,429,https://www.sec.gov/Archives/edgar/data/97745/000114036123038455/ny20009949x3_8k.htm,Broken,strict access failure,,
[no retained anchor label],https://www.sec.gov/Archives/edgar/data/97745/000114036123039086/brhc20057279_8k.htm,429,https://www.sec.gov/Archives/edgar/data/97745/000114036123039086/brhc20057279_8k.htm,Broken,strict access failure,,
[no retained anchor label],https://www.sec.gov/Archives/edgar/data/97745/000114036123056365/ny20015413x4_8k.htm,429,https://www.sec.gov/Archives/edgar/data/97745/000114036123056365/ny20015413x4_8k.htm,Broken,strict access failure,,
[no retained anchor label],https://www.sec.gov/Archives/edgar/data/97745/000114036125037501/ef20056709_8k.htm,429,https://www.sec.gov/Archives/edgar/data/97745/000114036125037501/ef20056709_8k.htm,Broken,strict access failure,,
[no retained anchor label],https://www.sec.gov/Archives/edgar/data/97745/000114036125043790/ef20060146_8k.htm,429,https://www.sec.gov/Archives/edgar/data/97745/000114036125043790/ef20060146_8k.htm,Broken,strict access failure,,
[no retained anchor label],https://www.sec.gov/Archives/edgar/data/97745/000114036126000871/ef20062683_8k.htm,429,https://www.sec.gov/Archives/edgar/data/97745/000114036126000871/ef20062683_8k.htm,Broken,strict access failure,,
[no retained anchor label],https://www.sec.gov/Archives/edgar/data/97745/000114036126005014/ef20065513_8k.htm,429,https://www.sec.gov/Archives/edgar/data/97745/000114036126005014/ef20065513_8k.htm,Broken,strict access failure,,
Data Source Inventory | SEC.gov | EDGAR Full Text Search,https://www.sec.gov/edgar/search/,429,https://www.sec.gov/edgar/search/,Broken,strict access failure,,data/intelligence.json: | data/intelligence.json:sourceHealth.13 | data/source_catalog.json: | data/source_catalog.json:sources.16
[no retained anchor label],https://www.sec.gov/search-filings/edgar-application-programming-interfaces,429,https://www.sec.gov/search-filings/edgar-application-programming-interfaces,Broken,strict access failure,,
[no retained anchor label],https://www.setac.org/discover-events/global-meetings/setac-north-america-47th-annual-meeting/program/propose-an-event.html,429,https://www.setac.org/discover-events/global-meetings/setac-north-america-47th-annual-meeting/program/propose-an-event.html,Broken,strict access failure,,
[no retained anchor label],https://www.slas.org/education/slas-micro-credentials-program/,200,https://www.slas.org/education/slas-micro-credentials-program/,Broken,HTTP response contains an access-control or bot-challenge page,,
SLAS EU (Society for Laboratory Automation and Screening),https://www.slas.org/events-calendar/slas-europe-2026-conference-and-exhibition/,200,https://www.slas.org/events-calendar/slas-europe-2026-conference-and-exhibition/,Broken,HTTP response contains an access-control or bot-challenge page,,data/conference_sources.json: | data/conference_sources.json:events.10
[no retained anchor label],https://www.slas.org/events-calendar/slas-europe-2026-conference-and-exhibition/learn/,200,https://www.slas.org/events-calendar/slas-europe-2026-conference-and-exhibition/learn/,Broken,HTTP response contains an access-control or bot-challenge page,,
[no retained anchor label],https://www.slas.org/events-calendar/slas-europe-2026-conference-and-exhibition/sponsor-and-exhibit/,200,https://www.slas.org/events-calendar/slas-europe-2026-conference-and-exhibition/sponsor-and-exhibit/,Broken,HTTP response contains an access-control or bot-challenge page,,
[no retained anchor label],https://www.slas.org/events-calendar/slas-europe-2026-conference-and-exhibition/sponsor-and-exhibit/innovation-avenew/,200,https://www.slas.org/events-calendar/slas-europe-2026-conference-and-exhibition/sponsor-and-exhibit/innovation-avenew/,Broken,HTTP response contains an access-control or bot-challenge page,,
SLAS 2026 (Society for Laboratory Automation and Screening),https://www.slas.org/events-calendar/slas2026-international-conference-exhibition/,200,https://www.slas.org/events-calendar/slas2026-international-conference-exhibition/,Broken,HTTP response contains an access-control or bot-challenge page,,data/conference_sources.json: | data/conference_sources.json:events.1
[no retained anchor label],https://www.slas.org/events-calendar/slas2026-international-conference-exhibition/learn/keynote-speaker-bios/,200,https://www.slas.org/events-calendar/slas2026-international-conference-exhibition/learn/keynote-speaker-bios/,Broken,HTTP response contains an access-control or bot-challenge page,,
[no retained anchor label],https://www.slas.org/events-calendar/slas2026-international-conference-exhibition/sponsor-and-exhibit/,200,https://www.slas.org/events-calendar/slas2026-international-conference-exhibition/sponsor-and-exhibit/,Broken,HTTP response contains an access-control or bot-challenge page,,
[no retained anchor label],https://www.slas.org/events/slas-2026-sample-management-symposium/,200,https://www.slas.org/events-calendar/slas-2026-sample-management-symposium/,Broken,HTTP response contains an access-control or bot-challenge page,,
[no retained anchor label],https://www.slas.org/footer-nav-links/for-partners/slas-event-sponsorship/,200,https://www.slas.org/events-calendar/,Broken,HTTP response contains an access-control or bot-challenge page,,
[no retained anchor label],https://www.slas.org/membership/slas-fellow-member-program1/,200,https://www.slas.org/membership/slas-fellow-member-program/,Broken,HTTP response contains an access-control or bot-challenge page,,
[no retained anchor label],https://www.waters.com/content/dam/waters/en/app-notes/2022/720007766/720007766-en.pdf,403,https://www.waters.com/content/dam/waters/en/app-notes/2022/720007766/720007766-en.pdf,Broken,login/access or redirect wall,,data/technical_comparisons.json: | data/technical_comparisons.json:profiles.3 | data/technical_comparisons.json:profiles.3.rows.4
[no retained anchor label],https://www.waters.com/content/dam/waters/en/library/specifications/2020/waters-specification-ACQUITYUPLCFLRDetectorspecifications-720001985.pdf,403,https://www.waters.com/content/dam/waters/en/library/specifications/2020/waters-specification-ACQUITYUPLCFLRDetectorspecifications-720001985.pdf,Broken,login/access or redirect wall,,data/technical_comparisons.json: | data/technical_comparisons.json:profiles.0 | data/technical_comparisons.json:profiles.0.rows.0 | data/technical_comparisons.json:profiles.0.rows.1 | data/technical_comparisons.json:profiles.0.rows.2 | data/technical_comparisons.json:profiles.0.rows.3 | data/technical_comparisons.json:profiles.0.rows.4 | data/technical_comparisons.json:profiles.0.rows.5 | data/technical_comparisons.json:profiles.0.rows.6
ACS Fall 2026 | SETAC North America 2026 | Xevo TQ Absolute XR | waters_connect for Quantitation,https://www.waters.com/nextgen/ee/en/library/application-notes/2025/enhanced-reliability-for-long-term-pfas-analysis-with-the-xevo-tq-absolute-xr-mass-spectrometer.html,403,https://www.waters.com/nextgen/ee/en/library/application-notes/2025/enhanced-reliability-for-long-term-pfas-analysis-with-the-xevo-tq-absolute-xr-mass-spectrometer.html,Broken,login/access or redirect wall,,data/conference_preparation.json: | data/conference_preparation.json:events.2 | data/conference_preparation.json:events.2.boothRecommendations.0 | data/conference_preparation.json:events.6 | data/conference_preparation.json:events.6.boothRecommendations.0 | data/conference_preparation.json:events.6.boothRecommendations.2
[no retained anchor label],https://www.waters.com/nextgen/en/products/chromatography/chromatography-systems/acquity-premier-system.html,403,https://www.waters.com/nextgen/en/products/chromatography/chromatography-systems/acquity-premier-system.html,Broken,login/access or redirect wall,,data/technical_comparisons.json: | data/technical_comparisons.json:profiles.1 | data/technical_comparisons.json:profiles.1.rows.0 | data/technical_comparisons.json:profiles.1.rows.1 | data/technical_comparisons.json:profiles.1.rows.2 | data/technical_comparisons.json:profiles.1.rows.3
ACS Fall 2026 | Alliance iS Bio HPLC System with Empower CDS | Alliance iS Bio HPLC with Empower CDS | Alliance iS HPLC System | Bioprocessing Summit US | CASSS Mass Spec 2026 | Lab of the Future Europe,https://www.waters.com/nextgen/en/products/chromatography/chromatography-systems/alliance-is-hplc-system.html,403,https://www.waters.com/nextgen/en/products/chromatography/chromatography-systems/alliance-is-hplc-system.html,Broken,login/access or redirect wall,,data/conference_preparation.json: | data/conference_preparation.json:events.0 | data/conference_preparation.json:events.0.boothRecommendations.1 | data/conference_preparation.json:events.2 | data/conference_preparation.json:events.2.boothRecommendations.2 | data/conference_preparation.json:events.3 | data/conference_preparation.json:events.3.boothRecommendations.2 | data/conference_preparation.json:events.4 | data/conference_preparation.json:events.4.boothRecommendations.1
[no retained anchor label],https://www.waters.com/nextgen/en/products/mass-spectrometry-systems/xevo-tq-absolute.html,403,https://www.waters.com/nextgen/en/products/mass-spectrometry-systems/xevo-tq-absolute.html,Broken,login/access or redirect wall,,data/technical_comparisons.json: | data/technical_comparisons.json:profiles.4 | data/technical_comparisons.json:profiles.4.rows.0 | data/technical_comparisons.json:profiles.4.rows.3
Alliance 2690 HPLC System | Empower-connected LC workflow,https://www.waters.com/nextgen/is/en/about-waters.html,403,https://www.waters.com/nextgen/is/en/about-waters.html,Broken,login/access or redirect wall,,data/historical_waters_catalog.json: | data/historical_waters_catalog.json:products.0 | data/product_comparisons.json: | data/product_comparisons.json:watersSystems.7
[no retained anchor label],https://www.waters.com/nextgen/tw/zh/library/application-notes/2021/the-bioaccord-system-with-acquity-premier-for-improved-peptide-cqa-monitoring.html,403,https://www.waters.com/nextgen/tw/zh/library/application-notes/2021/the-bioaccord-system-with-acquity-premier-for-improved-peptide-cqa-monitoring.html,Broken,login/access or redirect wall,,data/technical_comparisons.json: | data/technical_comparisons.json:profiles.3 | data/technical_comparisons.json:profiles.3.rows.0
ACQUITY Premier System | ACQUITY UPLC System,https://www.waters.com/nextgen/us/en/products/chromatography.html,403,https://www.waters.com/nextgen/us/en/products/chromatography.html,Broken,login/access or redirect wall,,data/historical_waters_catalog.json: | data/historical_waters_catalog.json:products.3 | data/product_comparisons.json: | data/product_comparisons.json:watersSystems.0
ACQUITY Premier LC and environmental sample-preparation workflow | ACQUITY Premier System and MaxPeak Premier Columns | ACQUITY Premier System and MaxPeak Premier chemistries | CASSS Mass Spec 2026 | SETAC North America 2026 | TIDES Europe,https://www.waters.com/nextgen/us/en/products/chromatography/chromatography-systems/acquity-premier-system-with-multi-dimensional-technology.html,403,https://www.waters.com/nextgen/us/en/products/chromatography/chromatography-systems/acquity-premier-system-with-multi-dimensional-technology.html,Broken,login/access or redirect wall,,data/conference_preparation.json: | data/conference_preparation.json:events.3 | data/conference_preparation.json:events.3.boothRecommendations.1 | data/conference_preparation.json:events.5 | data/conference_preparation.json:events.5.boothRecommendations.1 | data/conference_preparation.json:events.6 | data/conference_preparation.json:events.6.boothRecommendations.1
[no retained anchor label],https://www.waters.com/nextgen/us/en/products/chromatography/chromatography-systems/acquity-uplc-i-class-plus-system.html,403,https://www.waters.com/nextgen/us/en/products/chromatography/chromatography-systems/acquity-uplc-i-class-plus-system.html,Broken,login/access or redirect wall,,data/technical_comparisons.json: | data/technical_comparisons.json:profiles.0 | data/technical_comparisons.json:profiles.0.rows.7 | data/technical_comparisons.json:profiles.2 | data/technical_comparisons.json:profiles.2.rows.0 | data/technical_comparisons.json:profiles.2.rows.1
[no retained anchor label],https://www.waters.com/nextgen/us/en/products/columns/acquity-uplc-columns.html,403,https://www.waters.com/nextgen/us/en/products/columns/acquity-uplc-columns.html,Broken,login/access or redirect wall,,data/technical_comparisons.json: | data/technical_comparisons.json:profiles.1 | data/technical_comparisons.json:profiles.1.rows.6 | data/technical_comparisons.json:profiles.2 | data/technical_comparisons.json:profiles.2.rows.6
[no retained anchor label],https://www.waters.com/nextgen/us/en/products/in-vitro-diagnostics-solutions/lc-ms-ms-ivd-systems-portfolio/masstrak-acquity-uplc-i-class-plus-xevo-tq-absolute-ivd-system.html,403,https://www.waters.com/nextgen/us/en/products/in-vitro-diagnostics-solutions/lc-ms-ms-ivd-systems-portfolio/masstrak-acquity-uplc-i-class-plus-xevo-tq-absolute-ivd-system.html,Broken,login/access or redirect wall,,data/technical_comparisons.json: | data/technical_comparisons.json:profiles.4 | data/technical_comparisons.json:profiles.4.rows.4
Empower CDS | Empower Chromatography Data System | Lab of the Future Europe | TIDES Europe,https://www.waters.com/nextgen/us/en/products/informatics-and-software/chromatography-software/empower-software-solutions/empower-cds.html,403,https://www.waters.com/nextgen/us/en/products/informatics-and-software/chromatography-software/empower-software-solutions/empower-cds.html,Broken,login/access or redirect wall,,data/conference_preparation.json: | data/conference_preparation.json:events.4 | data/conference_preparation.json:events.4.boothRecommendations.0 | data/conference_preparation.json:events.5 | data/conference_preparation.json:events.5.boothRecommendations.2
BioAccord LC-MS System | BioAccord LC-MS System with ACQUITY Premier | BioAccord LC-MS System with waters_connect | Bioprocessing Summit US | CASSS Mass Spec 2026 | IMSC 2026 | Lab of the Future Europe | TIDES Europe,https://www.waters.com/nextgen/us/en/products/mass-spectrometry/mass-spectrometry-systems/bioaccord-lc-ms-system.html,403,https://www.waters.com/nextgen/us/en/products/mass-spectrometry/mass-spectrometry-systems/bioaccord-lc-ms-system.html,Broken,login/access or redirect wall,,data/conference_preparation.json: | data/conference_preparation.json:events.0 | data/conference_preparation.json:events.0.boothRecommendations.0 | data/conference_preparation.json:events.1 | data/conference_preparation.json:events.1.boothRecommendations.2 | data/conference_preparation.json:events.3 | data/conference_preparation.json:events.3.boothRecommendations.0 | data/conference_preparation.json:events.4 | data/conference_preparation.json:events.4.boothRecommendations.2 | data/conference_preparation.json:events.5 | data/conference_preparation.json:events.5.boothRecommendations.0 | data/technical_comparisons.json: | data/technical_comparisons.json:profiles.3 | data/technical_comparisons.json:profiles.3.rows.1 | data/technical_comparisons.json:profiles.3.rows.2 | data/technical_comparisons.json:profiles.3.rows.3
IMSC 2026 | SELECT SERIES MRT,https://www.waters.com/nextgen/us/en/products/mass-spectrometry/mass-spectrometry-systems/select-series-mrt.html,403,https://www.waters.com/nextgen/us/en/products/mass-spectrometry/mass-spectrometry-systems/select-series-mrt.html,Broken,login/access or redirect wall,,data/conference_preparation.json: | data/conference_preparation.json:events.1 | data/conference_preparation.json:events.1.boothRecommendations.1
ACS Fall 2026 | IMSC 2026 | Xevo MRT Mass Spectrometer | Xevo MRT with ACQUITY Premier,https://www.waters.com/nextgen/us/en/products/mass-spectrometry/mass-spectrometry-systems/xevo-mrt.html,403,https://www.waters.com/nextgen/us/en/products/mass-spectrometry/mass-spectrometry-systems/xevo-mrt.html,Broken,login/access or redirect wall,,data/conference_preparation.json: | data/conference_preparation.json:events.1 | data/conference_preparation.json:events.1.boothRecommendations.0 | data/conference_preparation.json:events.2 | data/conference_preparation.json:events.2.boothRecommendations.1
[no retained anchor label],https://www.waters.com/nextgen/us/en/shop/columns/176000864-acquity-uplc-beh-c18-column-130a-17--m-21-mm-x-100-mm-3-pk.html,403,https://www.waters.com/nextgen/us/en/shop/columns/176000864-acquity-uplc-beh-c18-column-130a-17--m-21-mm-x-100-mm-3-pk.html,Broken,login/access or redirect wall,,data/technical_comparisons.json: | data/technical_comparisons.json:profiles.1 | data/technical_comparisons.json:profiles.1.rows.4 | data/technical_comparisons.json:profiles.1.rows.5 | data/technical_comparisons.json:profiles.1.rows.7 | data/technical_comparisons.json:profiles.2 | data/technical_comparisons.json:profiles.2.rows.4 | data/technical_comparisons.json:profiles.2.rows.5 | data/technical_comparisons.json:profiles.2.rows.7
