anchor_or_record_label,original_url,http_status,final_url,link_status,error,correct_url_if_found,referenced_from,checked_at
aaps2026.eventscribe.net/index.asp,https://aaps2026.eventscribe.net/index.asp,200,https://aaps2026.eventscribe.net/index.asp,OK,,,data/conference_sources.json; data/source_catalog.json,2026-08-02T20:04:58+00:00
adc-analytical.com/,https://adc-analytical.com/,200,https://adc-analytical.com/,OK,,,data/conference_sources.json; data/source_catalog.json; data/source_health.json; data/source_registry.json,2026-08-02T20:04:58+00:00
adc-analytical.com/full-event-guide/,https://adc-analytical.com/full-event-guide/,200,https://adc-analytical.com/full-event-guide/,OK,,,data/conference_sources.json; data/source_catalog.json,2026-08-02T20:04:58+00:00
adc-analytical.com/speaker/amanda-ampey/,https://adc-analytical.com/speaker/amanda-ampey/,200,https://adc-analytical.com/speaker/amanda-ampey/,OK,,,data/conference_sources.json; data/source_catalog.json,2026-08-02T20:04:58+00:00
adc-analytical.com/speaker/john-valliere-douglass/,https://adc-analytical.com/speaker/john-valliere-douglass/,200,https://adc-analytical.com/speaker/john-valliere-douglass/,OK,,,data/conference_sources.json; data/source_catalog.json,2026-08-02T20:04:58+00:00
adc-analytical.com/speaker/kishore-hotha/,https://adc-analytical.com/speaker/kishore-hotha/,200,https://adc-analytical.com/speaker/kishore-hotha/,OK,,,data/conference_sources.json; data/source_catalog.json,2026-08-02T20:04:58+00:00
adc-analytical.com/speaker/stacey-cummins-bitz/,https://adc-analytical.com/speaker/stacey-cummins-bitz/,200,https://adc-analytical.com/speaker/stacey-cummins-bitz/,OK,,,data/conference_sources.json; data/source_catalog.json,2026-08-02T20:04:58+00:00
adc-analytical.com/speaker/susan-clardy/,https://adc-analytical.com/speaker/susan-clardy/,200,https://adc-analytical.com/speaker/susan-clardy/,OK,,,data/conference_sources.json; data/source_catalog.json,2026-08-02T20:04:58+00:00
adc-analytical.com/speaker/zhengqi-zhang/,https://adc-analytical.com/speaker/zhengqi-zhang/,200,https://adc-analytical.com/speaker/zhengqi-zhang/,OK,,,data/conference_sources.json; data/source_catalog.json,2026-08-02T20:04:58+00:00
adc-analytical.com/speakers/,https://adc-analytical.com/speakers/,200,https://adc-analytical.com/speakers/,OK,,,data/conference_sources.json; data/source_catalog.json,2026-08-02T20:04:58+00:00
adc-analytical.com/why-partner/,https://adc-analytical.com/why-partner/,200,https://adc-analytical.com/why-partner/,OK,,,data/conference_sources.json; data/source_catalog.json,2026-08-02T20:04:58+00:00
analytica.de/en/munich/,https://analytica.de/en/munich/,200,https://analytica.de/en/munich/,OK,,,data/conference_sources.json; data/source_catalog.json; data/source_health.json; data/source_registry.json,2026-08-02T20:04:58+00:00
analytica.de/en/munich/data/partners-sponsors/,https://analytica.de/en/munich/data/partners-sponsors/,200,https://analytica.de/en/munich/data/partners-sponsors/,OK,,,data/conference_sources.json; data/source_catalog.json,2026-08-02T20:04:58+00:00
analytica.de/en/munich/exhibitor-directory/,https://analytica.de/en/munich/exhibitor-directory/,200,https://analytica.de/en/munich/exhibitor-directory/,OK,,,data/conference_sources.json; data/source_catalog.json,2026-08-02T20:04:59+00:00
analytica.de/en/munich/exhibitors/advice-contacts/,https://analytica.de/en/munich/exhibitors/advice-contacts/,200,https://analytica.de/en/munich/exhibitors/advice-contacts/,OK,,,data/conference_sources.json; data/source_catalog.json,2026-08-02T20:04:59+00:00
analytica.de/en/munich/exhibitors/advice-contacts/contact-form-exhibitor/,https://analytica.de/en/munich/exhibitors/advice-contacts/contact-form-exhibitor/,200,https://analytica.de/en/munich/exhibitors/advice-contacts/contact-form-exhibitor/,Blocked,HTTP response contains an access-control or bot-challenge page,,data/conference_sources.json; data/source_catalog.json,2026-08-02T20:04:59+00:00
analytica.de/en/munich/exhibitors/application-prices/,https://analytica.de/en/munich/exhibitors/application-prices/,200,https://analytica.de/en/munich/exhibitors/application-prices/,OK,,,data/conference_sources.json; data/source_catalog.json,2026-08-02T20:04:59+00:00
analytica.de/en/munich/exhibitors/exhibitor-shop/,https://analytica.de/en/munich/exhibitors/exhibitor-shop/,200,https://analytica.de/en/munich/exhibitors/exhibitor-shop/,OK,,,data/conference_sources.json; data/source_catalog.json,2026-08-02T20:04:59+00:00
analytica.de/en/munich/exhibitors/good-reasons-to-exhibit/,https://analytica.de/en/munich/exhibitors/good-reasons-to-exhibit/,200,https://analytica.de/en/munich/exhibitors/good-reasons-to-exhibit/,OK,,,data/conference_sources.json; data/source_catalog.json,2026-08-02T20:04:59+00:00
analytica.de/en/munich/exhibitors/logistics-traffic/,https://analytica.de/en/munich/exhibitors/logistics-traffic/,200,https://analytica.de/en/munich/exhibitors/logistics-traffic/,OK,,,data/conference_sources.json; data/source_catalog.json,2026-08-02T20:04:59+00:00
analytica.de/en/munich/exhibitors/marketing-services/,https://analytica.de/en/munich/exhibitors/marketing-services/,200,https://analytica.de/en/munich/exhibitors/marketing-services/,OK,,,data/conference_sources.json; data/source_catalog.json,2026-08-02T20:04:59+00:00
analytica.de/en/munich/exhibitors/overview/,https://analytica.de/en/munich/exhibitors/overview/,200,https://analytica.de/en/munich/exhibitors/overview/,OK,,,data/conference_sources.json; data/source_catalog.json,2026-08-02T20:04:59+00:00
analytica.de/en/munich/exhibitors/tips-dates-deadlines/,https://analytica.de/en/munich/exhibitors/tips-dates-deadlines/,200,https://analytica.de/en/munich/exhibitors/tips-dates-deadlines/,OK,,,data/conference_sources.json; data/source_catalog.json,2026-08-02T20:04:59+00:00
analytica.de/en/munich/program/forums/,https://analytica.de/en/munich/program/forums/,200,https://analytica.de/en/munich/program/forums/,OK,,,data/conference_sources.json; data/source_catalog.json,2026-08-02T20:04:59+00:00
analytica.de/en/munich/program/special-shows-events/,https://analytica.de/en/munich/program/special-shows-events/,200,https://analytica.de/en/munich/program/special-shows-events/,OK,,,data/conference_sources.json; data/source_catalog.json,2026-08-02T20:04:59+00:00
annualmeeting.asgct.org/,https://annualmeeting.asgct.org/,200,https://annualmeeting.asgct.org/,OK,,,data/conference_sources.json; data/source_catalog.json; data/source_health.json; data/source_registry.json,2026-08-02T20:04:59+00:00
annualmeeting.asgct.org/abstracts,https://annualmeeting.asgct.org/abstracts,200,https://annualmeeting.asgct.org/abstracts,OK,,,data/conference_sources.json; data/source_catalog.json,2026-08-02T20:04:59+00:00
annualmeeting.asgct.org/abstracts/review-annual-meeting-abstracts,https://annualmeeting.asgct.org/abstracts/review-annual-meeting-abstracts,200,https://annualmeeting.asgct.org/abstracts/review-annual-meeting-abstracts,OK,,,data/conference_sources.json; data/source_catalog.json,2026-08-02T20:05:00+00:00
annualmeeting.asgct.org/program-workshops,https://annualmeeting.asgct.org/program-workshops,200,https://annualmeeting.asgct.org/program-workshops,OK,,,data/conference_sources.json; data/source_catalog.json,2026-08-02T20:05:00+00:00
annualmeeting.asgct.org/program-workshops/keynote-speakers,https://annualmeeting.asgct.org/program-workshops/keynote-speakers,200,https://annualmeeting.asgct.org/program-workshops/keynote-speakers,OK,,,data/conference_sources.json; data/source_catalog.json,2026-08-02T20:05:00+00:00
annualmeeting.asgct.org/program-workshops/program-tracks,https://annualmeeting.asgct.org/program-workshops/program-tracks,200,https://annualmeeting.asgct.org/program-workshops/program-tracks,OK,,,data/conference_sources.json; data/source_catalog.json,2026-08-02T20:05:00+00:00
annualmeeting.asgct.org/program-workshops/workshops,https://annualmeeting.asgct.org/program-workshops/workshops,200,https://annualmeeting.asgct.org/program-workshops/workshops,OK,,,data/conference_sources.json; data/source_catalog.json,2026-08-02T20:05:00+00:00
annualmeeting.asgct.org/sponsors-exhibitors,https://annualmeeting.asgct.org/sponsors-exhibitors,200,https://annualmeeting.asgct.org/sponsors-exhibitors,OK,,,data/conference_sources.json; data/source_catalog.json,2026-08-02T20:05:00+00:00
annualmeeting.asgct.org/sponsors-exhibitors/list-of-sponsors-exhibitors,https://annualmeeting.asgct.org/sponsors-exhibitors/list-of-sponsors-exhibitors,200,https://annualmeeting.asgct.org/sponsors-exhibitors/list-of-sponsors-exhibitors,OK,,,data/conference_sources.json; data/source_catalog.json,2026-08-02T20:05:00+00:00
api.crossref.org/journals/0003-2700/works,https://api.crossref.org/journals/0003-2700/works,200,https://api.crossref.org/journals/0003-2700/works,OK,,,data/journal_sources.json; data/source_catalog.json; data/source_health.json; data/source_registry.json,2026-08-02T20:05:00+00:00
api.crossref.org/journals/0021-9673/works,https://api.crossref.org/journals/0021-9673/works,200,https://api.crossref.org/journals/0021-9673/works,OK,,,data/journal_sources.json; data/source_catalog.json; data/source_health.json; data/source_registry.json,2026-08-02T20:05:00+00:00
api.crossref.org/journals/0039-9140/works,https://api.crossref.org/journals/0039-9140/works,200,https://api.crossref.org/journals/0039-9140/works,OK,,,data/journal_sources.json; data/source_catalog.json; data/source_health.json; data/source_registry.json,2026-08-02T20:05:00+00:00
api.crossref.org/journals/0731-7085/works,https://api.crossref.org/journals/0731-7085/works,429,https://api.crossref.org/journals/0731-7085/works,Blocked,,,data/journal_sources.json; data/source_catalog.json; data/source_health.json; data/source_registry.json,2026-08-02T20:05:00+00:00
api.crossref.org/journals/1044-0305/works,https://api.crossref.org/journals/1044-0305/works,429,https://api.crossref.org/journals/1044-0305/works,Blocked,,,data/journal_sources.json; data/source_catalog.json; data/source_health.json; data/source_registry.json,2026-08-02T20:05:00+00:00
api.crossref.org/journals/1570-0232/works,https://api.crossref.org/journals/1570-0232/works,200,https://api.crossref.org/journals/1570-0232/works,OK,,,data/journal_sources.json; data/source_catalog.json; data/source_health.json; data/source_registry.json,2026-08-02T20:05:00+00:00
api.crossref.org/journals/1618-2642/works,https://api.crossref.org/journals/1618-2642/works,429,https://api.crossref.org/journals/1618-2642/works,Blocked,,,data/journal_sources.json; data/source_catalog.json; data/source_health.json; data/source_registry.json,2026-08-02T20:05:00+00:00
api.reporter.nih.gov/,https://api.reporter.nih.gov/,200,https://api.reporter.nih.gov/,OK,,,data/market_application_sources.json,2026-08-02T20:05:00+00:00
asms.org/docs/default-source/conference/74th-asms-final-program_as-of-may-8-2026.pdf,https://asms.org/docs/default-source/conference/74th-asms-final-program_as-of-may-8-2026.pdf?sfvrsn=1234fc3_0,200,https://asms.org/docs/default-source/conference/74th-asms-final-program_as-of-may-8-2026.pdf?sfvrsn=1234fc3_0,OK,,,data/conference_sources.json; data/source_catalog.json,2026-08-02T20:05:00+00:00
calendar.yahoo.com/,https://calendar.yahoo.com/?v=60&title=58th+International+Symposium+on+High+Performance+Liquid+Phase+Separations+and+Related+Techniques&st=20280610&et=20280616&desc=Join+us%2C+as+this+scientific+symposium+series+proudly+stands+as+the+world%27s+foremost+conference+on+liquid+phase+separations+and+related+innovations%2C+featuring+analytical+instrumentation+and+chromatography+innovations.+Delve+into+the+multifaceted+world+of+separation+sciences+in+both+liquid+and+supercritical+fluid+phases.+Discover+multidimensional+chromatography%2C+hyphenated+techniques+with+pioneering+HPLC+detection+technologies%2C+primarily+mass+spectrometry%2C+and+explore+the+latest+in+separation+materials%2C+column+technologies%2C+and+cutting-edge+complex+mixture+analyses.&in_loc=Westgate+Las+Vegas+Resort+%26+Casino,200,https://calendar.yahoo.com/?v=60&title=58th+International+Symposium+on+High+Performance+Liquid+Phase+Separations+and+Related+Techniques&st=20280610&et=20280616&desc=Join+us%2C+as+this+scientific+symposium+series+proudly+stands+as+the+world%27s+foremost+conference+on+liquid+phase+separations+and+related+innovations%2C+featuring+analytical+instrumentation+and+chromatography+innovations.+Delve+into+the+multifaceted+world+of+separation+sciences+in+both+liquid+and+supercritical+fluid+phases.+Discover+multidimensional+chromatography%2C+hyphenated+techniques+with+pioneering+HPLC+detection+technologies%2C+primarily+mass+spectrometry%2C+and+explore+the+latest+in+separation+materials%2C+column+technologies%2C+and+cutting-edge+complex+mixture+analyses.&in_loc=Westgate+Las+Vegas+Resort+%26+Casino,OK,,,data/conference_sources.json; data/source_catalog.json,2026-08-02T20:05:00+00:00
clinicaltrials.gov/data-api/api,https://clinicaltrials.gov/data-api/api,200,https://clinicaltrials.gov/data-api/api,OK,,,data/market_application_sources.json,2026-08-02T20:05:00+00:00
comptox.epa.gov/dashboard/,https://comptox.epa.gov/dashboard/,200,https://comptox.epa.gov/dashboard/,OK,,,data/market_application_sources.json,2026-08-02T20:05:00+00:00
content.perkinelmer.com/de/library/alt-driving-lab-efficiency-performance-lc-ms-ms.html,https://content.perkinelmer.com/de/library/alt-driving-lab-efficiency-performance-lc-ms-ms.html,200,https://www.perkinelmer.com/de/library/alt-driving-lab-efficiency-performance-lc-ms-ms.html,OK,,,data/perkinelmer_monitor.json,2026-08-02T20:05:00+00:00
content.perkinelmer.com/de/library/app-analysis-of-cannabinoids-in-hemp-seed-oils-by-hplc.html,https://content.perkinelmer.com/de/library/app-analysis-of-cannabinoids-in-hemp-seed-oils-by-hplc.html,200,https://www.perkinelmer.com/de/library/app-analysis-of-cannabinoids-in-hemp-seed-oils-by-hplc.html,OK,,,data/perkinelmer_monitor.json,2026-08-02T20:05:00+00:00
content.perkinelmer.com/de/library/app-analysis-of-illegal-dyes-in-chili-spices-via-uhplc-msms.html,https://content.perkinelmer.com/de/library/app-analysis-of-illegal-dyes-in-chili-spices-via-uhplc-msms.html,200,https://www.perkinelmer.com/de/library/app-analysis-of-illegal-dyes-in-chili-spices-via-uhplc-msms.html,OK,,,data/perkinelmer_monitor.json,2026-08-02T20:05:00+00:00
content.perkinelmer.com/de/library/app-analysis-of-organic-acids-in-fruit-juices-by-hplc-and-uv-detection.html,https://content.perkinelmer.com/de/library/app-analysis-of-organic-acids-in-fruit-juices-by-hplc-and-uv-detection.html,200,https://www.perkinelmer.com/de/library/app-analysis-of-organic-acids-in-fruit-juices-by-hplc-and-uv-detection.html,OK,,,data/perkinelmer_monitor.json,2026-08-02T20:05:01+00:00
content.perkinelmer.com/de/library/app-analysis-of-perfluorinated-compounds-in-water-by-lcmsms.html,https://content.perkinelmer.com/de/library/app-analysis-of-perfluorinated-compounds-in-water-by-lcmsms.html,200,https://www.perkinelmer.com/de/library/app-analysis-of-perfluorinated-compounds-in-water-by-lcmsms.html,OK,,,data/perkinelmer_monitor.json,2026-08-02T20:05:01+00:00
content.perkinelmer.com/de/library/app-automated-vet-drugs-analysis-in-chicken-by-spme-uhplc-ms-ms.html,https://content.perkinelmer.com/de/library/app-automated-vet-drugs-analysis-in-chicken-by-spme-uhplc-ms-ms.html,200,https://www.perkinelmer.com/de/library/app-automated-vet-drugs-analysis-in-chicken-by-spme-uhplc-ms-ms.html,OK,,,data/perkinelmer_monitor.json,2026-08-02T20:05:01+00:00
content.perkinelmer.com/de/library/app-determination-of-coumarin-in-electronic-cigarette-liquid-by-uhplc.html,https://content.perkinelmer.com/de/library/app-determination-of-coumarin-in-electronic-cigarette-liquid-by-uhplc.html,200,https://www.perkinelmer.com/de/library/app-determination-of-coumarin-in-electronic-cigarette-liquid-by-uhplc.html,OK,,,data/perkinelmer_monitor.json,2026-08-02T20:05:01+00:00
content.perkinelmer.com/de/library/app-determination-of-sulfonamides-in-milk-by-uplc-ms-ms.html,https://content.perkinelmer.com/de/library/app-determination-of-sulfonamides-in-milk-by-uplc-ms-ms.html,200,https://www.perkinelmer.com/de/library/app-determination-of-sulfonamides-in-milk-by-uplc-ms-ms.html,OK,,,data/perkinelmer_monitor.json,2026-08-02T20:05:01+00:00
content.perkinelmer.com/de/library/app-fast-screening-44-illicit-drugs-by-uhplc-ms-ms.html,https://content.perkinelmer.com/de/library/app-fast-screening-44-illicit-drugs-by-uhplc-ms-ms.html,200,https://www.perkinelmer.com/de/library/app-fast-screening-44-illicit-drugs-by-uhplc-ms-ms.html,OK,,,data/perkinelmer_monitor.json,2026-08-02T20:05:01+00:00
content.perkinelmer.com/de/library/app-rapid-uhplc-determination-of-nine-common-herbicides-in-drinking-water.html,https://content.perkinelmer.com/de/library/app-rapid-uhplc-determination-of-nine-common-herbicides-in-drinking-water.html,200,https://www.perkinelmer.com/de/library/app-rapid-uhplc-determination-of-nine-common-herbicides-in-drinking-water.html,OK,,,data/perkinelmer_monitor.json,2026-08-02T20:05:01+00:00
content.perkinelmer.com/de/library/app-uhplc-separation-and-detection-of-bisphenol.html,https://content.perkinelmer.com/de/library/app-uhplc-separation-and-detection-of-bisphenol.html,200,https://www.perkinelmer.com/de/library/app-uhplc-separation-and-detection-of-bisphenol.html,OK,,,data/perkinelmer_monitor.json,2026-08-02T20:05:01+00:00
content.perkinelmer.com/de/library/atl-lc-ms-ms-basics-how-it-works-design-enhancements-key-applications.html,https://content.perkinelmer.com/de/library/atl-lc-ms-ms-basics-how-it-works-design-enhancements-key-applications.html,200,https://www.perkinelmer.com/de/library/atl-lc-ms-ms-basics-how-it-works-design-enhancements-key-applications.html,OK,,,data/perkinelmer_monitor.json,2026-08-02T20:05:02+00:00
content.perkinelmer.com/de/library/bro-enhancing-food-testing-productivity-lc-ms-ms.html,https://content.perkinelmer.com/de/library/bro-enhancing-food-testing-productivity-lc-ms-ms.html,200,https://www.perkinelmer.com/de/library/bro-enhancing-food-testing-productivity-lc-ms-ms.html,OK,,,data/perkinelmer_monitor.json,2026-08-02T20:05:04+00:00
content.perkinelmer.com/de/library/bro-lc-300-hplc-uhplc-systems-interactive-brochure.html,https://content.perkinelmer.com/de/library/bro-lc-300-hplc-uhplc-systems-interactive-brochure.html,200,https://www.perkinelmer.com/de/library/bro-lc-300-hplc-uhplc-systems-interactive-brochure.html,OK,,,data/perkinelmer_monitor.json,2026-08-02T20:05:07+00:00
content.perkinelmer.com/de/library/bro-nexsar-hplc-icp-ms-speciation-solution.html,https://content.perkinelmer.com/de/library/bro-nexsar-hplc-icp-ms-speciation-solution.html,200,https://www.perkinelmer.com/de/library/bro-nexsar-hplc-icp-ms-speciation-solution.html,OK,,,data/perkinelmer_monitor.json,2026-08-02T20:05:07+00:00
content.perkinelmer.com/de/library/bro-productivity-power-two-qsight-lc-ms-ms-system.html,https://content.perkinelmer.com/de/library/bro-productivity-power-two-qsight-lc-ms-ms-system.html,200,https://www.perkinelmer.com/de/library/bro-productivity-power-two-qsight-lc-ms-ms-system.html,OK,,,data/perkinelmer_monitor.json,2026-08-02T20:05:07+00:00
content.perkinelmer.com/de/library/determination-of-sulfonamides-in-honey-by-uhplc-ms-ms-method.html,https://content.perkinelmer.com/de/library/determination-of-sulfonamides-in-honey-by-uhplc-ms-ms-method.html,200,https://www.perkinelmer.com/de/library/determination-of-sulfonamides-in-honey-by-uhplc-ms-ms-method.html,OK,,,data/perkinelmer_monitor.json,2026-08-02T20:05:07+00:00
content.perkinelmer.com/de/library/fly-perkinelmer-pfas-qsight-lc-ms-quantitative-workflow.html,https://content.perkinelmer.com/de/library/fly-perkinelmer-pfas-qsight-lc-ms-quantitative-workflow.html,200,https://www.perkinelmer.com/de/library/fly-perkinelmer-pfas-qsight-lc-ms-quantitative-workflow.html,OK,,,data/perkinelmer_monitor.json,2026-08-02T20:05:07+00:00
content.perkinelmer.com/de/library/gde-hplc-guide-choosing-right-detector.html,https://content.perkinelmer.com/de/library/gde-hplc-guide-choosing-right-detector.html,200,https://www.perkinelmer.com/de/library/gde-hplc-guide-choosing-right-detector.html,OK,,,data/perkinelmer_monitor.json,2026-08-02T20:05:08+00:00
cordis.europa.eu/projects,https://cordis.europa.eu/projects,200,https://cordis.europa.eu/projects,OK,,,data/market_application_sources.json,2026-08-02T20:05:08+00:00
cvent.me/lKEada,https://cvent.me/lKEada,200,https://web.cvent.com/event/aa60970c-53a0-466e-87f7-5af317a3dc9a/summary,OK,,,data/conference_sources.json; data/source_catalog.json; data/source_health.json; data/source_registry.json,2026-08-02T20:05:08+00:00
database.ich.org/sites/default/files/ICH_Q14_Guideline_2023_1116.pdf,https://database.ich.org/sites/default/files/ICH_Q14_Guideline_2023_1116.pdf,200,https://database.ich.org/sites/default/files/ICH_Q14_Guideline_2023_1116.pdf,OK,,,data/source_catalog.json; data/source_health.json; data/source_registry.json,2026-08-02T20:05:08+00:00
database.ich.org/sites/default/files/ICH_Q2%28R2%29_Guideline_2023_1130.pdf,https://database.ich.org/sites/default/files/ICH_Q2%28R2%29_Guideline_2023_1130.pdf,200,https://database.ich.org/sites/default/files/ICH_Q2%28R2%29_Guideline_2023_1130.pdf,OK,,,data/source_catalog.json; data/source_health.json; data/source_registry.json,2026-08-02T20:05:08+00:00
developers.openalex.org/,https://developers.openalex.org/,200,https://developers.openalex.org/,OK,,,data/market_application_sources.json,2026-08-02T20:05:09+00:00
docs.google.com/spreadsheets/d/1v3FVTganoTmDrA2ZdZ0swO0WAyuvcaZxgmnXajvLAiE/edit,https://docs.google.com/spreadsheets/d/1v3FVTganoTmDrA2ZdZ0swO0WAyuvcaZxgmnXajvLAiE/edit?usp=sharing,401,https://docs.google.com/spreadsheets/d/1v3FVTganoTmDrA2ZdZ0swO0WAyuvcaZxgmnXajvLAiE/edit?usp=sharing,Blocked,,,data/conference_sources.json; data/source_catalog.json,2026-08-02T20:05:09+00:00
documents.thermofisher.com/TFS-Assets/CMD/Application-Notes/an-001954-bt-integrated-lc-ms-oligonucleotide-analysis-an001954-na-en.pdf,https://documents.thermofisher.com/TFS-Assets/CMD/Application-Notes/an-001954-bt-integrated-lc-ms-oligonucleotide-analysis-an001954-na-en.pdf,200,https://documents.thermofisher.com/TFS-Assets/CMD/Application-Notes/an-001954-bt-integrated-lc-ms-oligonucleotide-analysis-an001954-na-en.pdf,OK,,,data/competitor_application_notes.json; data/conference_preparation.json,2026-08-02T20:05:09+00:00
documents.thermofisher.com/TFS-Assets/CMD/Application-Notes/an-004442-en-pfas-tsq-altis-plus-efox-editon-an004442-em-en.pdf,https://documents.thermofisher.com/TFS-Assets/CMD/Application-Notes/an-004442-en-pfas-tsq-altis-plus-efox-editon-an004442-em-en.pdf,200,https://documents.thermofisher.com/TFS-Assets/CMD/Application-Notes/an-004442-en-pfas-tsq-altis-plus-efox-editon-an004442-em-en.pdf,OK,,,data/competitor_application_notes.json; data/conference_preparation.json,2026-08-02T20:05:09+00:00
documents.thermofisher.com/TFS-Assets/CMD/brochures/in-73065-vanquish-uhplc-platform-in73065-en.pdf,https://documents.thermofisher.com/TFS-Assets/CMD/brochures/in-73065-vanquish-uhplc-platform-in73065-en.pdf,200,https://documents.thermofisher.com/TFS-Assets/CMD/brochures/in-73065-vanquish-uhplc-platform-in73065-en.pdf,OK,,,data/historical_product_catalog.json,2026-08-02T20:05:09+00:00
doi.usp.org/USPNF/USPNF_M1124_01_01.html,https://doi.usp.org/USPNF/USPNF_M1124_01_01.html,200,https://doi.usp.org/USPNF/USPNF_M1124_01_01.html,OK,,,data/source_catalog.json; data/source_health.json; data/source_registry.json,2026-08-02T20:05:09+00:00
doi.usp.org/USPNF/USPNF_M99380_06_01.html,https://doi.usp.org/USPNF/USPNF_M99380_06_01.html,200,https://doi.usp.org/USPNF/USPNF_M99380_06_01.html,OK,,,data/source_catalog.json; data/source_health.json; data/source_registry.json,2026-08-02T20:05:09+00:00
download.asgct.org/2026ASGCTAbstractPublication.pdf,https://download.asgct.org/2026ASGCTAbstractPublication.pdf,401,https://download.asgct.org/2026ASGCTAbstractPublication.pdf,Blocked,,,data/conference_sources.json; data/source_catalog.json,2026-08-02T20:05:09+00:00
e-b-f.eu/meetings/,https://e-b-f.eu/meetings/,200,https://e-b-f.eu/meetings/,OK,,,data/conference_sources.json; data/source_catalog.json,2026-08-02T20:05:09+00:00
eutils.ncbi.nlm.nih.gov/entrez/eutils/,https://eutils.ncbi.nlm.nih.gov/entrez/eutils/,400,https://eutils.ncbi.nlm.nih.gov/entrez/eutils/,Blocked,,,data/source_health.json; data/source_registry.json,2026-08-02T20:05:09+00:00
eutils.ncbi.nlm.nih.gov/entrez/eutils/esearch.fcgi,https://eutils.ncbi.nlm.nih.gov/entrez/eutils/esearch.fcgi?db=pubmed&term=%28%22Agilent+1290%22+OR+%22Agilent+InfinityLab%22+OR+%22Agilent+LC%2FMS%22+OR+%22Agilent+6495%22+OR+%22Ultivo%22%29+AND+%28%222021%2F07%2F31%22%5BDate+-+Publication%5D+%3A+%222026%2F07%2F30%22%5BDate+-+Publication%5D%29&retmode=json&retmax=0,200,https://eutils.ncbi.nlm.nih.gov/entrez/eutils/esearch.fcgi?db=pubmed&term=%28%22Agilent+1290%22+OR+%22Agilent+InfinityLab%22+OR+%22Agilent+LC%2FMS%22+OR+%22Agilent+6495%22+OR+%22Ultivo%22%29+AND+%28%222021%2F07%2F31%22%5BDate+-+Publication%5D+%3A+%222026%2F07%2F30%22%5BDate+-+Publication%5D%29&retmode=json&retmax=0,OK,,,data/pubmed_query_observations.json,2026-08-02T20:05:09+00:00
eutils.ncbi.nlm.nih.gov/entrez/eutils/esearch.fcgi,https://eutils.ncbi.nlm.nih.gov/entrez/eutils/esearch.fcgi?db=pubmed&term=%28%22Agilent+1290%22+OR+%22Agilent+InfinityLab%22+OR+%22Agilent+LC%2FMS%22+OR+%22Agilent+6495%22+OR+%22Ultivo%22%29+AND+%28%222021%2F08%2F01%22%5BDate+-+Publication%5D+%3A+%222026%2F07%2F31%22%5BDate+-+Publication%5D%29&retmode=json&retmax=0,200,https://eutils.ncbi.nlm.nih.gov/entrez/eutils/esearch.fcgi?db=pubmed&term=%28%22Agilent+1290%22+OR+%22Agilent+InfinityLab%22+OR+%22Agilent+LC%2FMS%22+OR+%22Agilent+6495%22+OR+%22Ultivo%22%29+AND+%28%222021%2F08%2F01%22%5BDate+-+Publication%5D+%3A+%222026%2F07%2F31%22%5BDate+-+Publication%5D%29&retmode=json&retmax=0,OK,,,data/pubmed_query_observations.json,2026-08-02T20:05:09+00:00
eutils.ncbi.nlm.nih.gov/entrez/eutils/esearch.fcgi,https://eutils.ncbi.nlm.nih.gov/entrez/eutils/esearch.fcgi?db=pubmed&term=%28%22Agilent+1290%22+OR+%22Agilent+InfinityLab%22+OR+%22Agilent+LC%2FMS%22+OR+%22Agilent+6495%22+OR+%22Ultivo%22%29+AND+%28%222021%2F08%2F02%22%5BDate+-+Publication%5D+%3A+%222026%2F08%2F01%22%5BDate+-+Publication%5D%29&retmode=json&retmax=0,200,https://eutils.ncbi.nlm.nih.gov/entrez/eutils/esearch.fcgi?db=pubmed&term=%28%22Agilent+1290%22+OR+%22Agilent+InfinityLab%22+OR+%22Agilent+LC%2FMS%22+OR+%22Agilent+6495%22+OR+%22Ultivo%22%29+AND+%28%222021%2F08%2F02%22%5BDate+-+Publication%5D+%3A+%222026%2F08%2F01%22%5BDate+-+Publication%5D%29&retmode=json&retmax=0,OK,,,data/pubmed_query_observations.json,2026-08-02T20:05:09+00:00
eutils.ncbi.nlm.nih.gov/entrez/eutils/esearch.fcgi,https://eutils.ncbi.nlm.nih.gov/entrez/eutils/esearch.fcgi?db=pubmed&term=%28%22Agilent+1290%22+OR+%22Agilent+InfinityLab%22+OR+%22Agilent+LC%2FMS%22+OR+%22Agilent+6495%22+OR+%22Ultivo%22%29+AND+%28%222021%2F08%2F03%22%5BDate+-+Publication%5D+%3A+%222026%2F08%2F02%22%5BDate+-+Publication%5D%29&retmode=json&retmax=0,429,https://eutils.ncbi.nlm.nih.gov/entrez/eutils/esearch.fcgi?db=pubmed&term=%28%22Agilent+1290%22+OR+%22Agilent+InfinityLab%22+OR+%22Agilent+LC%2FMS%22+OR+%22Agilent+6495%22+OR+%22Ultivo%22%29+AND+%28%222021%2F08%2F03%22%5BDate+-+Publication%5D+%3A+%222026%2F08%2F02%22%5BDate+-+Publication%5D%29&retmode=json&retmax=0,Blocked,,,data/intelligence.json; data/pubmed_query_observations.json,2026-08-02T20:05:09+00:00
eutils.ncbi.nlm.nih.gov/entrez/eutils/esearch.fcgi,https://eutils.ncbi.nlm.nih.gov/entrez/eutils/esearch.fcgi?db=pubmed&term=%28%22Agilent+1290%22+OR+%22Agilent+InfinityLab%22+OR+%22Agilent+LC%2FMS%22+OR+%22Agilent+6495%22+OR+%22Ultivo%22%29+AND+%28%222023%2F07%2F31%22%5BDate+-+Publication%5D+%3A+%222026%2F07%2F30%22%5BDate+-+Publication%5D%29&retmode=json&retmax=0,429,https://eutils.ncbi.nlm.nih.gov/entrez/eutils/esearch.fcgi?db=pubmed&term=%28%22Agilent+1290%22+OR+%22Agilent+InfinityLab%22+OR+%22Agilent+LC%2FMS%22+OR+%22Agilent+6495%22+OR+%22Ultivo%22%29+AND+%28%222023%2F07%2F31%22%5BDate+-+Publication%5D+%3A+%222026%2F07%2F30%22%5BDate+-+Publication%5D%29&retmode=json&retmax=0,Blocked,,,data/pubmed_query_observations.json,2026-08-02T20:05:10+00:00
eutils.ncbi.nlm.nih.gov/entrez/eutils/esearch.fcgi,https://eutils.ncbi.nlm.nih.gov/entrez/eutils/esearch.fcgi?db=pubmed&term=%28%22Agilent+1290%22+OR+%22Agilent+InfinityLab%22+OR+%22Agilent+LC%2FMS%22+OR+%22Agilent+6495%22+OR+%22Ultivo%22%29+AND+%28%222023%2F08%2F01%22%5BDate+-+Publication%5D+%3A+%222026%2F07%2F31%22%5BDate+-+Publication%5D%29&retmode=json&retmax=0,429,https://eutils.ncbi.nlm.nih.gov/entrez/eutils/esearch.fcgi?db=pubmed&term=%28%22Agilent+1290%22+OR+%22Agilent+InfinityLab%22+OR+%22Agilent+LC%2FMS%22+OR+%22Agilent+6495%22+OR+%22Ultivo%22%29+AND+%28%222023%2F08%2F01%22%5BDate+-+Publication%5D+%3A+%222026%2F07%2F31%22%5BDate+-+Publication%5D%29&retmode=json&retmax=0,Blocked,,,data/pubmed_query_observations.json,2026-08-02T20:05:10+00:00
eutils.ncbi.nlm.nih.gov/entrez/eutils/esearch.fcgi,https://eutils.ncbi.nlm.nih.gov/entrez/eutils/esearch.fcgi?db=pubmed&term=%28%22Agilent+1290%22+OR+%22Agilent+InfinityLab%22+OR+%22Agilent+LC%2FMS%22+OR+%22Agilent+6495%22+OR+%22Ultivo%22%29+AND+%28%222023%2F08%2F02%22%5BDate+-+Publication%5D+%3A+%222026%2F08%2F01%22%5BDate+-+Publication%5D%29&retmode=json&retmax=0,429,https://eutils.ncbi.nlm.nih.gov/entrez/eutils/esearch.fcgi?db=pubmed&term=%28%22Agilent+1290%22+OR+%22Agilent+InfinityLab%22+OR+%22Agilent+LC%2FMS%22+OR+%22Agilent+6495%22+OR+%22Ultivo%22%29+AND+%28%222023%2F08%2F02%22%5BDate+-+Publication%5D+%3A+%222026%2F08%2F01%22%5BDate+-+Publication%5D%29&retmode=json&retmax=0,Blocked,,,data/pubmed_query_observations.json,2026-08-02T20:05:10+00:00
eutils.ncbi.nlm.nih.gov/entrez/eutils/esearch.fcgi,https://eutils.ncbi.nlm.nih.gov/entrez/eutils/esearch.fcgi?db=pubmed&term=%28%22Agilent+1290%22+OR+%22Agilent+InfinityLab%22+OR+%22Agilent+LC%2FMS%22+OR+%22Agilent+6495%22+OR+%22Ultivo%22%29+AND+%28%222023%2F08%2F03%22%5BDate+-+Publication%5D+%3A+%222026%2F08%2F02%22%5BDate+-+Publication%5D%29&retmode=json&retmax=0,429,https://eutils.ncbi.nlm.nih.gov/entrez/eutils/esearch.fcgi?db=pubmed&term=%28%22Agilent+1290%22+OR+%22Agilent+InfinityLab%22+OR+%22Agilent+LC%2FMS%22+OR+%22Agilent+6495%22+OR+%22Ultivo%22%29+AND+%28%222023%2F08%2F03%22%5BDate+-+Publication%5D+%3A+%222026%2F08%2F02%22%5BDate+-+Publication%5D%29&retmode=json&retmax=0,Blocked,,,data/intelligence.json; data/pubmed_query_observations.json,2026-08-02T20:05:10+00:00
eutils.ncbi.nlm.nih.gov/entrez/eutils/esearch.fcgi,https://eutils.ncbi.nlm.nih.gov/entrez/eutils/esearch.fcgi?db=pubmed&term=%28%22Agilent+1290%22+OR+%22Agilent+InfinityLab%22+OR+%22Agilent+LC%2FMS%22+OR+%22Agilent+6495%22+OR+%22Ultivo%22%29+AND+%28%222025%2F07%2F30%22%5BDate+-+Publication%5D+%3A+%222026%2F07%2F30%22%5BDate+-+Publication%5D%29&retmode=json&retmax=0,429,https://eutils.ncbi.nlm.nih.gov/entrez/eutils/esearch.fcgi?db=pubmed&term=%28%22Agilent+1290%22+OR+%22Agilent+InfinityLab%22+OR+%22Agilent+LC%2FMS%22+OR+%22Agilent+6495%22+OR+%22Ultivo%22%29+AND+%28%222025%2F07%2F30%22%5BDate+-+Publication%5D+%3A+%222026%2F07%2F30%22%5BDate+-+Publication%5D%29&retmode=json&retmax=0,Blocked,,,data/pubmed_query_observations.json,2026-08-02T20:05:10+00:00
eutils.ncbi.nlm.nih.gov/entrez/eutils/esearch.fcgi,https://eutils.ncbi.nlm.nih.gov/entrez/eutils/esearch.fcgi?db=pubmed&term=%28%22Agilent+1290%22+OR+%22Agilent+InfinityLab%22+OR+%22Agilent+LC%2FMS%22+OR+%22Agilent+6495%22+OR+%22Ultivo%22%29+AND+%28%222025%2F07%2F31%22%5BDate+-+Publication%5D+%3A+%222026%2F07%2F31%22%5BDate+-+Publication%5D%29&retmode=json&retmax=0,429,https://eutils.ncbi.nlm.nih.gov/entrez/eutils/esearch.fcgi?db=pubmed&term=%28%22Agilent+1290%22+OR+%22Agilent+InfinityLab%22+OR+%22Agilent+LC%2FMS%22+OR+%22Agilent+6495%22+OR+%22Ultivo%22%29+AND+%28%222025%2F07%2F31%22%5BDate+-+Publication%5D+%3A+%222026%2F07%2F31%22%5BDate+-+Publication%5D%29&retmode=json&retmax=0,Blocked,,,data/pubmed_query_observations.json,2026-08-02T20:05:10+00:00
eutils.ncbi.nlm.nih.gov/entrez/eutils/esearch.fcgi,https://eutils.ncbi.nlm.nih.gov/entrez/eutils/esearch.fcgi?db=pubmed&term=%28%22Agilent+1290%22+OR+%22Agilent+InfinityLab%22+OR+%22Agilent+LC%2FMS%22+OR+%22Agilent+6495%22+OR+%22Ultivo%22%29+AND+%28%222025%2F08%2F01%22%5BDate+-+Publication%5D+%3A+%222026%2F08%2F01%22%5BDate+-+Publication%5D%29&retmode=json&retmax=0,429,https://eutils.ncbi.nlm.nih.gov/entrez/eutils/esearch.fcgi?db=pubmed&term=%28%22Agilent+1290%22+OR+%22Agilent+InfinityLab%22+OR+%22Agilent+LC%2FMS%22+OR+%22Agilent+6495%22+OR+%22Ultivo%22%29+AND+%28%222025%2F08%2F01%22%5BDate+-+Publication%5D+%3A+%222026%2F08%2F01%22%5BDate+-+Publication%5D%29&retmode=json&retmax=0,Blocked,,,data/pubmed_query_observations.json,2026-08-02T20:05:10+00:00
eutils.ncbi.nlm.nih.gov/entrez/eutils/esearch.fcgi,https://eutils.ncbi.nlm.nih.gov/entrez/eutils/esearch.fcgi?db=pubmed&term=%28%22Agilent+1290%22+OR+%22Agilent+InfinityLab%22+OR+%22Agilent+LC%2FMS%22+OR+%22Agilent+6495%22+OR+%22Ultivo%22%29+AND+%28%222025%2F08%2F02%22%5BDate+-+Publication%5D+%3A+%222026%2F08%2F02%22%5BDate+-+Publication%5D%29&retmode=json&retmax=0,429,https://eutils.ncbi.nlm.nih.gov/entrez/eutils/esearch.fcgi?db=pubmed&term=%28%22Agilent+1290%22+OR+%22Agilent+InfinityLab%22+OR+%22Agilent+LC%2FMS%22+OR+%22Agilent+6495%22+OR+%22Ultivo%22%29+AND+%28%222025%2F08%2F02%22%5BDate+-+Publication%5D+%3A+%222026%2F08%2F02%22%5BDate+-+Publication%5D%29&retmode=json&retmax=0,Blocked,,,data/intelligence.json; data/pubmed_query_observations.json,2026-08-02T20:05:10+00:00
eutils.ncbi.nlm.nih.gov/entrez/eutils/esearch.fcgi,https://eutils.ncbi.nlm.nih.gov/entrez/eutils/esearch.fcgi?db=pubmed&term=%28%22Agilent+1290%22+OR+%22Agilent+InfinityLab%22+OR+%22Agilent+LC%2FMS%22+OR+%22Agilent+6495%22+OR+%22Ultivo%22%29+AND+%28%222026%2F05%2F01%22%5BDate+-+Publication%5D+%3A+%222026%2F07%2F30%22%5BDate+-+Publication%5D%29&retmode=json&retmax=0,429,https://eutils.ncbi.nlm.nih.gov/entrez/eutils/esearch.fcgi?db=pubmed&term=%28%22Agilent+1290%22+OR+%22Agilent+InfinityLab%22+OR+%22Agilent+LC%2FMS%22+OR+%22Agilent+6495%22+OR+%22Ultivo%22%29+AND+%28%222026%2F05%2F01%22%5BDate+-+Publication%5D+%3A+%222026%2F07%2F30%22%5BDate+-+Publication%5D%29&retmode=json&retmax=0,Blocked,,,data/pubmed_query_observations.json,2026-08-02T20:05:10+00:00
eutils.ncbi.nlm.nih.gov/entrez/eutils/esearch.fcgi,https://eutils.ncbi.nlm.nih.gov/entrez/eutils/esearch.fcgi?db=pubmed&term=%28%22Agilent+1290%22+OR+%22Agilent+InfinityLab%22+OR+%22Agilent+LC%2FMS%22+OR+%22Agilent+6495%22+OR+%22Ultivo%22%29+AND+%28%222026%2F05%2F02%22%5BDate+-+Publication%5D+%3A+%222026%2F07%2F31%22%5BDate+-+Publication%5D%29&retmode=json&retmax=0,429,https://eutils.ncbi.nlm.nih.gov/entrez/eutils/esearch.fcgi?db=pubmed&term=%28%22Agilent+1290%22+OR+%22Agilent+InfinityLab%22+OR+%22Agilent+LC%2FMS%22+OR+%22Agilent+6495%22+OR+%22Ultivo%22%29+AND+%28%222026%2F05%2F02%22%5BDate+-+Publication%5D+%3A+%222026%2F07%2F31%22%5BDate+-+Publication%5D%29&retmode=json&retmax=0,Blocked,,,data/pubmed_query_observations.json,2026-08-02T20:05:10+00:00
eutils.ncbi.nlm.nih.gov/entrez/eutils/esearch.fcgi,https://eutils.ncbi.nlm.nih.gov/entrez/eutils/esearch.fcgi?db=pubmed&term=%28%22Agilent+1290%22+OR+%22Agilent+InfinityLab%22+OR+%22Agilent+LC%2FMS%22+OR+%22Agilent+6495%22+OR+%22Ultivo%22%29+AND+%28%222026%2F05%2F03%22%5BDate+-+Publication%5D+%3A+%222026%2F08%2F01%22%5BDate+-+Publication%5D%29&retmode=json&retmax=0,429,https://eutils.ncbi.nlm.nih.gov/entrez/eutils/esearch.fcgi?db=pubmed&term=%28%22Agilent+1290%22+OR+%22Agilent+InfinityLab%22+OR+%22Agilent+LC%2FMS%22+OR+%22Agilent+6495%22+OR+%22Ultivo%22%29+AND+%28%222026%2F05%2F03%22%5BDate+-+Publication%5D+%3A+%222026%2F08%2F01%22%5BDate+-+Publication%5D%29&retmode=json&retmax=0,Blocked,,,data/pubmed_query_observations.json,2026-08-02T20:05:10+00:00
eutils.ncbi.nlm.nih.gov/entrez/eutils/esearch.fcgi,https://eutils.ncbi.nlm.nih.gov/entrez/eutils/esearch.fcgi?db=pubmed&term=%28%22Agilent+1290%22+OR+%22Agilent+InfinityLab%22+OR+%22Agilent+LC%2FMS%22+OR+%22Agilent+6495%22+OR+%22Ultivo%22%29+AND+%28%222026%2F05%2F04%22%5BDate+-+Publication%5D+%3A+%222026%2F08%2F02%22%5BDate+-+Publication%5D%29&retmode=json&retmax=0,429,https://eutils.ncbi.nlm.nih.gov/entrez/eutils/esearch.fcgi?db=pubmed&term=%28%22Agilent+1290%22+OR+%22Agilent+InfinityLab%22+OR+%22Agilent+LC%2FMS%22+OR+%22Agilent+6495%22+OR+%22Ultivo%22%29+AND+%28%222026%2F05%2F04%22%5BDate+-+Publication%5D+%3A+%222026%2F08%2F02%22%5BDate+-+Publication%5D%29&retmode=json&retmax=0,Blocked,,,data/intelligence.json; data/pubmed_query_observations.json,2026-08-02T20:05:10+00:00
eutils.ncbi.nlm.nih.gov/entrez/eutils/esearch.fcgi,https://eutils.ncbi.nlm.nih.gov/entrez/eutils/esearch.fcgi?db=pubmed&term=%28%22Agilent+1290%22+OR+%22Agilent+InfinityLab%22+OR+%22Agilent+LC%2FMS%22+OR+%22Agilent+6495%22+OR+%22Ultivo%22%29+AND+%28%222026%2F05%2F31%22%5BDate+-+Publication%5D+%3A+%222026%2F07%2F30%22%5BDate+-+Publication%5D%29&retmode=json&retmax=0,429,https://eutils.ncbi.nlm.nih.gov/entrez/eutils/esearch.fcgi?db=pubmed&term=%28%22Agilent+1290%22+OR+%22Agilent+InfinityLab%22+OR+%22Agilent+LC%2FMS%22+OR+%22Agilent+6495%22+OR+%22Ultivo%22%29+AND+%28%222026%2F05%2F31%22%5BDate+-+Publication%5D+%3A+%222026%2F07%2F30%22%5BDate+-+Publication%5D%29&retmode=json&retmax=0,Blocked,,,data/pubmed_query_observations.json,2026-08-02T20:05:10+00:00
eutils.ncbi.nlm.nih.gov/entrez/eutils/esearch.fcgi,https://eutils.ncbi.nlm.nih.gov/entrez/eutils/esearch.fcgi?db=pubmed&term=%28%22Agilent+1290%22+OR+%22Agilent+InfinityLab%22+OR+%22Agilent+LC%2FMS%22+OR+%22Agilent+6495%22+OR+%22Ultivo%22%29+AND+%28%222026%2F06%2F01%22%5BDate+-+Publication%5D+%3A+%222026%2F07%2F31%22%5BDate+-+Publication%5D%29&retmode=json&retmax=0,200,https://eutils.ncbi.nlm.nih.gov/entrez/eutils/esearch.fcgi?db=pubmed&term=%28%22Agilent+1290%22+OR+%22Agilent+InfinityLab%22+OR+%22Agilent+LC%2FMS%22+OR+%22Agilent+6495%22+OR+%22Ultivo%22%29+AND+%28%222026%2F06%2F01%22%5BDate+-+Publication%5D+%3A+%222026%2F07%2F31%22%5BDate+-+Publication%5D%29&retmode=json&retmax=0,OK,,,data/pubmed_query_observations.json,2026-08-02T20:05:10+00:00
eutils.ncbi.nlm.nih.gov/entrez/eutils/esearch.fcgi,https://eutils.ncbi.nlm.nih.gov/entrez/eutils/esearch.fcgi?db=pubmed&term=%28%22Agilent+1290%22+OR+%22Agilent+InfinityLab%22+OR+%22Agilent+LC%2FMS%22+OR+%22Agilent+6495%22+OR+%22Ultivo%22%29+AND+%28%222026%2F06%2F02%22%5BDate+-+Publication%5D+%3A+%222026%2F08%2F01%22%5BDate+-+Publication%5D%29&retmode=json&retmax=0,200,https://eutils.ncbi.nlm.nih.gov/entrez/eutils/esearch.fcgi?db=pubmed&term=%28%22Agilent+1290%22+OR+%22Agilent+InfinityLab%22+OR+%22Agilent+LC%2FMS%22+OR+%22Agilent+6495%22+OR+%22Ultivo%22%29+AND+%28%222026%2F06%2F02%22%5BDate+-+Publication%5D+%3A+%222026%2F08%2F01%22%5BDate+-+Publication%5D%29&retmode=json&retmax=0,OK,,,data/pubmed_query_observations.json,2026-08-02T20:05:10+00:00
eutils.ncbi.nlm.nih.gov/entrez/eutils/esearch.fcgi,https://eutils.ncbi.nlm.nih.gov/entrez/eutils/esearch.fcgi?db=pubmed&term=%28%22Agilent+1290%22+OR+%22Agilent+InfinityLab%22+OR+%22Agilent+LC%2FMS%22+OR+%22Agilent+6495%22+OR+%22Ultivo%22%29+AND+%28%222026%2F06%2F03%22%5BDate+-+Publication%5D+%3A+%222026%2F08%2F02%22%5BDate+-+Publication%5D%29&retmode=json&retmax=0,429,https://eutils.ncbi.nlm.nih.gov/entrez/eutils/esearch.fcgi?db=pubmed&term=%28%22Agilent+1290%22+OR+%22Agilent+InfinityLab%22+OR+%22Agilent+LC%2FMS%22+OR+%22Agilent+6495%22+OR+%22Ultivo%22%29+AND+%28%222026%2F06%2F03%22%5BDate+-+Publication%5D+%3A+%222026%2F08%2F02%22%5BDate+-+Publication%5D%29&retmode=json&retmax=0,Blocked,,,data/intelligence.json; data/pubmed_query_observations.json,2026-08-02T20:05:10+00:00
eutils.ncbi.nlm.nih.gov/entrez/eutils/esearch.fcgi,https://eutils.ncbi.nlm.nih.gov/entrez/eutils/esearch.fcgi?db=pubmed&term=%28%22Agilent+1290%22+OR+%22Agilent+InfinityLab%22+OR+%22Agilent+LC%2FMS%22+OR+%22Agilent+6495%22+OR+%22Ultivo%22%29+AND+%28%222026%2F06%2F30%22%5BDate+-+Publication%5D+%3A+%222026%2F07%2F30%22%5BDate+-+Publication%5D%29&retmode=json&retmax=0,429,https://eutils.ncbi.nlm.nih.gov/entrez/eutils/esearch.fcgi?db=pubmed&term=%28%22Agilent+1290%22+OR+%22Agilent+InfinityLab%22+OR+%22Agilent+LC%2FMS%22+OR+%22Agilent+6495%22+OR+%22Ultivo%22%29+AND+%28%222026%2F06%2F30%22%5BDate+-+Publication%5D+%3A+%222026%2F07%2F30%22%5BDate+-+Publication%5D%29&retmode=json&retmax=0,Blocked,,,data/pubmed_query_observations.json,2026-08-02T20:05:10+00:00
eutils.ncbi.nlm.nih.gov/entrez/eutils/esearch.fcgi,https://eutils.ncbi.nlm.nih.gov/entrez/eutils/esearch.fcgi?db=pubmed&term=%28%22Agilent+1290%22+OR+%22Agilent+InfinityLab%22+OR+%22Agilent+LC%2FMS%22+OR+%22Agilent+6495%22+OR+%22Ultivo%22%29+AND+%28%222026%2F07%2F01%22%5BDate+-+Publication%5D+%3A+%222026%2F07%2F31%22%5BDate+-+Publication%5D%29&retmode=json&retmax=0,429,https://eutils.ncbi.nlm.nih.gov/entrez/eutils/esearch.fcgi?db=pubmed&term=%28%22Agilent+1290%22+OR+%22Agilent+InfinityLab%22+OR+%22Agilent+LC%2FMS%22+OR+%22Agilent+6495%22+OR+%22Ultivo%22%29+AND+%28%222026%2F07%2F01%22%5BDate+-+Publication%5D+%3A+%222026%2F07%2F31%22%5BDate+-+Publication%5D%29&retmode=json&retmax=0,Blocked,,,data/pubmed_query_observations.json,2026-08-02T20:05:10+00:00
eutils.ncbi.nlm.nih.gov/entrez/eutils/esearch.fcgi,https://eutils.ncbi.nlm.nih.gov/entrez/eutils/esearch.fcgi?db=pubmed&term=%28%22Agilent+1290%22+OR+%22Agilent+InfinityLab%22+OR+%22Agilent+LC%2FMS%22+OR+%22Agilent+6495%22+OR+%22Ultivo%22%29+AND+%28%222026%2F07%2F02%22%5BDate+-+Publication%5D+%3A+%222026%2F08%2F01%22%5BDate+-+Publication%5D%29&retmode=json&retmax=0,429,https://eutils.ncbi.nlm.nih.gov/entrez/eutils/esearch.fcgi?db=pubmed&term=%28%22Agilent+1290%22+OR+%22Agilent+InfinityLab%22+OR+%22Agilent+LC%2FMS%22+OR+%22Agilent+6495%22+OR+%22Ultivo%22%29+AND+%28%222026%2F07%2F02%22%5BDate+-+Publication%5D+%3A+%222026%2F08%2F01%22%5BDate+-+Publication%5D%29&retmode=json&retmax=0,Blocked,,,data/pubmed_query_observations.json,2026-08-02T20:05:10+00:00
eutils.ncbi.nlm.nih.gov/entrez/eutils/esearch.fcgi,https://eutils.ncbi.nlm.nih.gov/entrez/eutils/esearch.fcgi?db=pubmed&term=%28%22Agilent+1290%22+OR+%22Agilent+InfinityLab%22+OR+%22Agilent+LC%2FMS%22+OR+%22Agilent+6495%22+OR+%22Ultivo%22%29+AND+%28%222026%2F07%2F03%22%5BDate+-+Publication%5D+%3A+%222026%2F08%2F02%22%5BDate+-+Publication%5D%29&retmode=json&retmax=0,200,https://eutils.ncbi.nlm.nih.gov/entrez/eutils/esearch.fcgi?db=pubmed&term=%28%22Agilent+1290%22+OR+%22Agilent+InfinityLab%22+OR+%22Agilent+LC%2FMS%22+OR+%22Agilent+6495%22+OR+%22Ultivo%22%29+AND+%28%222026%2F07%2F03%22%5BDate+-+Publication%5D+%3A+%222026%2F08%2F02%22%5BDate+-+Publication%5D%29&retmode=json&retmax=0,OK,,,data/intelligence.json; data/pubmed_query_observations.json,2026-08-02T20:05:11+00:00
eutils.ncbi.nlm.nih.gov/entrez/eutils/esearch.fcgi,https://eutils.ncbi.nlm.nih.gov/entrez/eutils/esearch.fcgi?db=pubmed&term=%28%22Orbitrap%22+OR+%22Vanquish%22+OR+%22Q+Exactive%22+OR+%22TSQ+Altis%22+OR+%22Thermo+Fisher+Scientific%22%29+AND+%28%222021%2F07%2F31%22%5BDate+-+Publication%5D+%3A+%222026%2F07%2F30%22%5BDate+-+Publication%5D%29&retmode=json&retmax=0,429,https://eutils.ncbi.nlm.nih.gov/entrez/eutils/esearch.fcgi?db=pubmed&term=%28%22Orbitrap%22+OR+%22Vanquish%22+OR+%22Q+Exactive%22+OR+%22TSQ+Altis%22+OR+%22Thermo+Fisher+Scientific%22%29+AND+%28%222021%2F07%2F31%22%5BDate+-+Publication%5D+%3A+%222026%2F07%2F30%22%5BDate+-+Publication%5D%29&retmode=json&retmax=0,Blocked,,,data/pubmed_query_observations.json,2026-08-02T20:05:11+00:00
eutils.ncbi.nlm.nih.gov/entrez/eutils/esearch.fcgi,https://eutils.ncbi.nlm.nih.gov/entrez/eutils/esearch.fcgi?db=pubmed&term=%28%22Orbitrap%22+OR+%22Vanquish%22+OR+%22Q+Exactive%22+OR+%22TSQ+Altis%22+OR+%22Thermo+Fisher+Scientific%22%29+AND+%28%222021%2F08%2F01%22%5BDate+-+Publication%5D+%3A+%222026%2F07%2F31%22%5BDate+-+Publication%5D%29&retmode=json&retmax=0,429,https://eutils.ncbi.nlm.nih.gov/entrez/eutils/esearch.fcgi?db=pubmed&term=%28%22Orbitrap%22+OR+%22Vanquish%22+OR+%22Q+Exactive%22+OR+%22TSQ+Altis%22+OR+%22Thermo+Fisher+Scientific%22%29+AND+%28%222021%2F08%2F01%22%5BDate+-+Publication%5D+%3A+%222026%2F07%2F31%22%5BDate+-+Publication%5D%29&retmode=json&retmax=0,Blocked,,,data/pubmed_query_observations.json,2026-08-02T20:05:11+00:00
eutils.ncbi.nlm.nih.gov/entrez/eutils/esearch.fcgi,https://eutils.ncbi.nlm.nih.gov/entrez/eutils/esearch.fcgi?db=pubmed&term=%28%22Orbitrap%22+OR+%22Vanquish%22+OR+%22Q+Exactive%22+OR+%22TSQ+Altis%22+OR+%22Thermo+Fisher+Scientific%22%29+AND+%28%222021%2F08%2F02%22%5BDate+-+Publication%5D+%3A+%222026%2F08%2F01%22%5BDate+-+Publication%5D%29&retmode=json&retmax=0,429,https://eutils.ncbi.nlm.nih.gov/entrez/eutils/esearch.fcgi?db=pubmed&term=%28%22Orbitrap%22+OR+%22Vanquish%22+OR+%22Q+Exactive%22+OR+%22TSQ+Altis%22+OR+%22Thermo+Fisher+Scientific%22%29+AND+%28%222021%2F08%2F02%22%5BDate+-+Publication%5D+%3A+%222026%2F08%2F01%22%5BDate+-+Publication%5D%29&retmode=json&retmax=0,Blocked,,,data/pubmed_query_observations.json,2026-08-02T20:05:11+00:00
eutils.ncbi.nlm.nih.gov/entrez/eutils/esearch.fcgi,https://eutils.ncbi.nlm.nih.gov/entrez/eutils/esearch.fcgi?db=pubmed&term=%28%22Orbitrap%22+OR+%22Vanquish%22+OR+%22Q+Exactive%22+OR+%22TSQ+Altis%22+OR+%22Thermo+Fisher+Scientific%22%29+AND+%28%222021%2F08%2F03%22%5BDate+-+Publication%5D+%3A+%222026%2F08%2F02%22%5BDate+-+Publication%5D%29&retmode=json&retmax=0,429,https://eutils.ncbi.nlm.nih.gov/entrez/eutils/esearch.fcgi?db=pubmed&term=%28%22Orbitrap%22+OR+%22Vanquish%22+OR+%22Q+Exactive%22+OR+%22TSQ+Altis%22+OR+%22Thermo+Fisher+Scientific%22%29+AND+%28%222021%2F08%2F03%22%5BDate+-+Publication%5D+%3A+%222026%2F08%2F02%22%5BDate+-+Publication%5D%29&retmode=json&retmax=0,Blocked,,,data/intelligence.json; data/pubmed_query_observations.json,2026-08-02T20:05:11+00:00
eutils.ncbi.nlm.nih.gov/entrez/eutils/esearch.fcgi,https://eutils.ncbi.nlm.nih.gov/entrez/eutils/esearch.fcgi?db=pubmed&term=%28%22Orbitrap%22+OR+%22Vanquish%22+OR+%22Q+Exactive%22+OR+%22TSQ+Altis%22+OR+%22Thermo+Fisher+Scientific%22%29+AND+%28%222023%2F07%2F31%22%5BDate+-+Publication%5D+%3A+%222026%2F07%2F30%22%5BDate+-+Publication%5D%29&retmode=json&retmax=0,429,https://eutils.ncbi.nlm.nih.gov/entrez/eutils/esearch.fcgi?db=pubmed&term=%28%22Orbitrap%22+OR+%22Vanquish%22+OR+%22Q+Exactive%22+OR+%22TSQ+Altis%22+OR+%22Thermo+Fisher+Scientific%22%29+AND+%28%222023%2F07%2F31%22%5BDate+-+Publication%5D+%3A+%222026%2F07%2F30%22%5BDate+-+Publication%5D%29&retmode=json&retmax=0,Blocked,,,data/pubmed_query_observations.json,2026-08-02T20:05:11+00:00
eutils.ncbi.nlm.nih.gov/entrez/eutils/esearch.fcgi,https://eutils.ncbi.nlm.nih.gov/entrez/eutils/esearch.fcgi?db=pubmed&term=%28%22Orbitrap%22+OR+%22Vanquish%22+OR+%22Q+Exactive%22+OR+%22TSQ+Altis%22+OR+%22Thermo+Fisher+Scientific%22%29+AND+%28%222023%2F08%2F01%22%5BDate+-+Publication%5D+%3A+%222026%2F07%2F31%22%5BDate+-+Publication%5D%29&retmode=json&retmax=0,429,https://eutils.ncbi.nlm.nih.gov/entrez/eutils/esearch.fcgi?db=pubmed&term=%28%22Orbitrap%22+OR+%22Vanquish%22+OR+%22Q+Exactive%22+OR+%22TSQ+Altis%22+OR+%22Thermo+Fisher+Scientific%22%29+AND+%28%222023%2F08%2F01%22%5BDate+-+Publication%5D+%3A+%222026%2F07%2F31%22%5BDate+-+Publication%5D%29&retmode=json&retmax=0,Blocked,,,data/pubmed_query_observations.json,2026-08-02T20:05:11+00:00
eutils.ncbi.nlm.nih.gov/entrez/eutils/esearch.fcgi,https://eutils.ncbi.nlm.nih.gov/entrez/eutils/esearch.fcgi?db=pubmed&term=%28%22Orbitrap%22+OR+%22Vanquish%22+OR+%22Q+Exactive%22+OR+%22TSQ+Altis%22+OR+%22Thermo+Fisher+Scientific%22%29+AND+%28%222023%2F08%2F02%22%5BDate+-+Publication%5D+%3A+%222026%2F08%2F01%22%5BDate+-+Publication%5D%29&retmode=json&retmax=0,429,https://eutils.ncbi.nlm.nih.gov/entrez/eutils/esearch.fcgi?db=pubmed&term=%28%22Orbitrap%22+OR+%22Vanquish%22+OR+%22Q+Exactive%22+OR+%22TSQ+Altis%22+OR+%22Thermo+Fisher+Scientific%22%29+AND+%28%222023%2F08%2F02%22%5BDate+-+Publication%5D+%3A+%222026%2F08%2F01%22%5BDate+-+Publication%5D%29&retmode=json&retmax=0,Blocked,,,data/pubmed_query_observations.json,2026-08-02T20:05:11+00:00
eutils.ncbi.nlm.nih.gov/entrez/eutils/esearch.fcgi,https://eutils.ncbi.nlm.nih.gov/entrez/eutils/esearch.fcgi?db=pubmed&term=%28%22Orbitrap%22+OR+%22Vanquish%22+OR+%22Q+Exactive%22+OR+%22TSQ+Altis%22+OR+%22Thermo+Fisher+Scientific%22%29+AND+%28%222023%2F08%2F03%22%5BDate+-+Publication%5D+%3A+%222026%2F08%2F02%22%5BDate+-+Publication%5D%29&retmode=json&retmax=0,429,https://eutils.ncbi.nlm.nih.gov/entrez/eutils/esearch.fcgi?db=pubmed&term=%28%22Orbitrap%22+OR+%22Vanquish%22+OR+%22Q+Exactive%22+OR+%22TSQ+Altis%22+OR+%22Thermo+Fisher+Scientific%22%29+AND+%28%222023%2F08%2F03%22%5BDate+-+Publication%5D+%3A+%222026%2F08%2F02%22%5BDate+-+Publication%5D%29&retmode=json&retmax=0,Blocked,,,data/intelligence.json; data/pubmed_query_observations.json,2026-08-02T20:05:11+00:00
eutils.ncbi.nlm.nih.gov/entrez/eutils/esearch.fcgi,https://eutils.ncbi.nlm.nih.gov/entrez/eutils/esearch.fcgi?db=pubmed&term=%28%22Orbitrap%22+OR+%22Vanquish%22+OR+%22Q+Exactive%22+OR+%22TSQ+Altis%22+OR+%22Thermo+Fisher+Scientific%22%29+AND+%28%222025%2F07%2F30%22%5BDate+-+Publication%5D+%3A+%222026%2F07%2F30%22%5BDate+-+Publication%5D%29&retmode=json&retmax=0,429,https://eutils.ncbi.nlm.nih.gov/entrez/eutils/esearch.fcgi?db=pubmed&term=%28%22Orbitrap%22+OR+%22Vanquish%22+OR+%22Q+Exactive%22+OR+%22TSQ+Altis%22+OR+%22Thermo+Fisher+Scientific%22%29+AND+%28%222025%2F07%2F30%22%5BDate+-+Publication%5D+%3A+%222026%2F07%2F30%22%5BDate+-+Publication%5D%29&retmode=json&retmax=0,Blocked,,,data/pubmed_query_observations.json,2026-08-02T20:05:11+00:00
eutils.ncbi.nlm.nih.gov/entrez/eutils/esearch.fcgi,https://eutils.ncbi.nlm.nih.gov/entrez/eutils/esearch.fcgi?db=pubmed&term=%28%22Orbitrap%22+OR+%22Vanquish%22+OR+%22Q+Exactive%22+OR+%22TSQ+Altis%22+OR+%22Thermo+Fisher+Scientific%22%29+AND+%28%222025%2F07%2F31%22%5BDate+-+Publication%5D+%3A+%222026%2F07%2F31%22%5BDate+-+Publication%5D%29&retmode=json&retmax=0,429,https://eutils.ncbi.nlm.nih.gov/entrez/eutils/esearch.fcgi?db=pubmed&term=%28%22Orbitrap%22+OR+%22Vanquish%22+OR+%22Q+Exactive%22+OR+%22TSQ+Altis%22+OR+%22Thermo+Fisher+Scientific%22%29+AND+%28%222025%2F07%2F31%22%5BDate+-+Publication%5D+%3A+%222026%2F07%2F31%22%5BDate+-+Publication%5D%29&retmode=json&retmax=0,Blocked,,,data/pubmed_query_observations.json,2026-08-02T20:05:11+00:00
eutils.ncbi.nlm.nih.gov/entrez/eutils/esearch.fcgi,https://eutils.ncbi.nlm.nih.gov/entrez/eutils/esearch.fcgi?db=pubmed&term=%28%22Orbitrap%22+OR+%22Vanquish%22+OR+%22Q+Exactive%22+OR+%22TSQ+Altis%22+OR+%22Thermo+Fisher+Scientific%22%29+AND+%28%222025%2F08%2F01%22%5BDate+-+Publication%5D+%3A+%222026%2F08%2F01%22%5BDate+-+Publication%5D%29&retmode=json&retmax=0,429,https://eutils.ncbi.nlm.nih.gov/entrez/eutils/esearch.fcgi?db=pubmed&term=%28%22Orbitrap%22+OR+%22Vanquish%22+OR+%22Q+Exactive%22+OR+%22TSQ+Altis%22+OR+%22Thermo+Fisher+Scientific%22%29+AND+%28%222025%2F08%2F01%22%5BDate+-+Publication%5D+%3A+%222026%2F08%2F01%22%5BDate+-+Publication%5D%29&retmode=json&retmax=0,Blocked,,,data/pubmed_query_observations.json,2026-08-02T20:05:11+00:00
eutils.ncbi.nlm.nih.gov/entrez/eutils/esearch.fcgi,https://eutils.ncbi.nlm.nih.gov/entrez/eutils/esearch.fcgi?db=pubmed&term=%28%22Orbitrap%22+OR+%22Vanquish%22+OR+%22Q+Exactive%22+OR+%22TSQ+Altis%22+OR+%22Thermo+Fisher+Scientific%22%29+AND+%28%222025%2F08%2F02%22%5BDate+-+Publication%5D+%3A+%222026%2F08%2F02%22%5BDate+-+Publication%5D%29&retmode=json&retmax=0,429,https://eutils.ncbi.nlm.nih.gov/entrez/eutils/esearch.fcgi?db=pubmed&term=%28%22Orbitrap%22+OR+%22Vanquish%22+OR+%22Q+Exactive%22+OR+%22TSQ+Altis%22+OR+%22Thermo+Fisher+Scientific%22%29+AND+%28%222025%2F08%2F02%22%5BDate+-+Publication%5D+%3A+%222026%2F08%2F02%22%5BDate+-+Publication%5D%29&retmode=json&retmax=0,Blocked,,,data/intelligence.json; data/pubmed_query_observations.json,2026-08-02T20:05:11+00:00
eutils.ncbi.nlm.nih.gov/entrez/eutils/esearch.fcgi,https://eutils.ncbi.nlm.nih.gov/entrez/eutils/esearch.fcgi?db=pubmed&term=%28%22Orbitrap%22+OR+%22Vanquish%22+OR+%22Q+Exactive%22+OR+%22TSQ+Altis%22+OR+%22Thermo+Fisher+Scientific%22%29+AND+%28%222026%2F05%2F01%22%5BDate+-+Publication%5D+%3A+%222026%2F07%2F30%22%5BDate+-+Publication%5D%29&retmode=json&retmax=0,429,https://eutils.ncbi.nlm.nih.gov/entrez/eutils/esearch.fcgi?db=pubmed&term=%28%22Orbitrap%22+OR+%22Vanquish%22+OR+%22Q+Exactive%22+OR+%22TSQ+Altis%22+OR+%22Thermo+Fisher+Scientific%22%29+AND+%28%222026%2F05%2F01%22%5BDate+-+Publication%5D+%3A+%222026%2F07%2F30%22%5BDate+-+Publication%5D%29&retmode=json&retmax=0,Blocked,,,data/pubmed_query_observations.json,2026-08-02T20:05:11+00:00
eutils.ncbi.nlm.nih.gov/entrez/eutils/esearch.fcgi,https://eutils.ncbi.nlm.nih.gov/entrez/eutils/esearch.fcgi?db=pubmed&term=%28%22Orbitrap%22+OR+%22Vanquish%22+OR+%22Q+Exactive%22+OR+%22TSQ+Altis%22+OR+%22Thermo+Fisher+Scientific%22%29+AND+%28%222026%2F05%2F02%22%5BDate+-+Publication%5D+%3A+%222026%2F07%2F31%22%5BDate+-+Publication%5D%29&retmode=json&retmax=0,429,https://eutils.ncbi.nlm.nih.gov/entrez/eutils/esearch.fcgi?db=pubmed&term=%28%22Orbitrap%22+OR+%22Vanquish%22+OR+%22Q+Exactive%22+OR+%22TSQ+Altis%22+OR+%22Thermo+Fisher+Scientific%22%29+AND+%28%222026%2F05%2F02%22%5BDate+-+Publication%5D+%3A+%222026%2F07%2F31%22%5BDate+-+Publication%5D%29&retmode=json&retmax=0,Blocked,,,data/pubmed_query_observations.json,2026-08-02T20:05:11+00:00
eutils.ncbi.nlm.nih.gov/entrez/eutils/esearch.fcgi,https://eutils.ncbi.nlm.nih.gov/entrez/eutils/esearch.fcgi?db=pubmed&term=%28%22Orbitrap%22+OR+%22Vanquish%22+OR+%22Q+Exactive%22+OR+%22TSQ+Altis%22+OR+%22Thermo+Fisher+Scientific%22%29+AND+%28%222026%2F05%2F03%22%5BDate+-+Publication%5D+%3A+%222026%2F08%2F01%22%5BDate+-+Publication%5D%29&retmode=json&retmax=0,429,https://eutils.ncbi.nlm.nih.gov/entrez/eutils/esearch.fcgi?db=pubmed&term=%28%22Orbitrap%22+OR+%22Vanquish%22+OR+%22Q+Exactive%22+OR+%22TSQ+Altis%22+OR+%22Thermo+Fisher+Scientific%22%29+AND+%28%222026%2F05%2F03%22%5BDate+-+Publication%5D+%3A+%222026%2F08%2F01%22%5BDate+-+Publication%5D%29&retmode=json&retmax=0,Blocked,,,data/pubmed_query_observations.json,2026-08-02T20:05:11+00:00
eutils.ncbi.nlm.nih.gov/entrez/eutils/esearch.fcgi,https://eutils.ncbi.nlm.nih.gov/entrez/eutils/esearch.fcgi?db=pubmed&term=%28%22Orbitrap%22+OR+%22Vanquish%22+OR+%22Q+Exactive%22+OR+%22TSQ+Altis%22+OR+%22Thermo+Fisher+Scientific%22%29+AND+%28%222026%2F05%2F04%22%5BDate+-+Publication%5D+%3A+%222026%2F08%2F02%22%5BDate+-+Publication%5D%29&retmode=json&retmax=0,200,https://eutils.ncbi.nlm.nih.gov/entrez/eutils/esearch.fcgi?db=pubmed&term=%28%22Orbitrap%22+OR+%22Vanquish%22+OR+%22Q+Exactive%22+OR+%22TSQ+Altis%22+OR+%22Thermo+Fisher+Scientific%22%29+AND+%28%222026%2F05%2F04%22%5BDate+-+Publication%5D+%3A+%222026%2F08%2F02%22%5BDate+-+Publication%5D%29&retmode=json&retmax=0,OK,,,data/intelligence.json; data/pubmed_query_observations.json,2026-08-02T20:05:11+00:00
eutils.ncbi.nlm.nih.gov/entrez/eutils/esearch.fcgi,https://eutils.ncbi.nlm.nih.gov/entrez/eutils/esearch.fcgi?db=pubmed&term=%28%22Orbitrap%22+OR+%22Vanquish%22+OR+%22Q+Exactive%22+OR+%22TSQ+Altis%22+OR+%22Thermo+Fisher+Scientific%22%29+AND+%28%222026%2F05%2F31%22%5BDate+-+Publication%5D+%3A+%222026%2F07%2F30%22%5BDate+-+Publication%5D%29&retmode=json&retmax=0,200,https://eutils.ncbi.nlm.nih.gov/entrez/eutils/esearch.fcgi?db=pubmed&term=%28%22Orbitrap%22+OR+%22Vanquish%22+OR+%22Q+Exactive%22+OR+%22TSQ+Altis%22+OR+%22Thermo+Fisher+Scientific%22%29+AND+%28%222026%2F05%2F31%22%5BDate+-+Publication%5D+%3A+%222026%2F07%2F30%22%5BDate+-+Publication%5D%29&retmode=json&retmax=0,OK,,,data/pubmed_query_observations.json,2026-08-02T20:05:11+00:00
eutils.ncbi.nlm.nih.gov/entrez/eutils/esearch.fcgi,https://eutils.ncbi.nlm.nih.gov/entrez/eutils/esearch.fcgi?db=pubmed&term=%28%22Orbitrap%22+OR+%22Vanquish%22+OR+%22Q+Exactive%22+OR+%22TSQ+Altis%22+OR+%22Thermo+Fisher+Scientific%22%29+AND+%28%222026%2F06%2F01%22%5BDate+-+Publication%5D+%3A+%222026%2F07%2F31%22%5BDate+-+Publication%5D%29&retmode=json&retmax=0,429,https://eutils.ncbi.nlm.nih.gov/entrez/eutils/esearch.fcgi?db=pubmed&term=%28%22Orbitrap%22+OR+%22Vanquish%22+OR+%22Q+Exactive%22+OR+%22TSQ+Altis%22+OR+%22Thermo+Fisher+Scientific%22%29+AND+%28%222026%2F06%2F01%22%5BDate+-+Publication%5D+%3A+%222026%2F07%2F31%22%5BDate+-+Publication%5D%29&retmode=json&retmax=0,Blocked,,,data/pubmed_query_observations.json,2026-08-02T20:05:11+00:00
eutils.ncbi.nlm.nih.gov/entrez/eutils/esearch.fcgi,https://eutils.ncbi.nlm.nih.gov/entrez/eutils/esearch.fcgi?db=pubmed&term=%28%22Orbitrap%22+OR+%22Vanquish%22+OR+%22Q+Exactive%22+OR+%22TSQ+Altis%22+OR+%22Thermo+Fisher+Scientific%22%29+AND+%28%222026%2F06%2F02%22%5BDate+-+Publication%5D+%3A+%222026%2F08%2F01%22%5BDate+-+Publication%5D%29&retmode=json&retmax=0,429,https://eutils.ncbi.nlm.nih.gov/entrez/eutils/esearch.fcgi?db=pubmed&term=%28%22Orbitrap%22+OR+%22Vanquish%22+OR+%22Q+Exactive%22+OR+%22TSQ+Altis%22+OR+%22Thermo+Fisher+Scientific%22%29+AND+%28%222026%2F06%2F02%22%5BDate+-+Publication%5D+%3A+%222026%2F08%2F01%22%5BDate+-+Publication%5D%29&retmode=json&retmax=0,Blocked,,,data/pubmed_query_observations.json,2026-08-02T20:05:11+00:00
eutils.ncbi.nlm.nih.gov/entrez/eutils/esearch.fcgi,https://eutils.ncbi.nlm.nih.gov/entrez/eutils/esearch.fcgi?db=pubmed&term=%28%22Orbitrap%22+OR+%22Vanquish%22+OR+%22Q+Exactive%22+OR+%22TSQ+Altis%22+OR+%22Thermo+Fisher+Scientific%22%29+AND+%28%222026%2F06%2F03%22%5BDate+-+Publication%5D+%3A+%222026%2F08%2F02%22%5BDate+-+Publication%5D%29&retmode=json&retmax=0,429,https://eutils.ncbi.nlm.nih.gov/entrez/eutils/esearch.fcgi?db=pubmed&term=%28%22Orbitrap%22+OR+%22Vanquish%22+OR+%22Q+Exactive%22+OR+%22TSQ+Altis%22+OR+%22Thermo+Fisher+Scientific%22%29+AND+%28%222026%2F06%2F03%22%5BDate+-+Publication%5D+%3A+%222026%2F08%2F02%22%5BDate+-+Publication%5D%29&retmode=json&retmax=0,Blocked,,,data/intelligence.json; data/pubmed_query_observations.json,2026-08-02T20:05:12+00:00
eutils.ncbi.nlm.nih.gov/entrez/eutils/esearch.fcgi,https://eutils.ncbi.nlm.nih.gov/entrez/eutils/esearch.fcgi?db=pubmed&term=%28%22Orbitrap%22+OR+%22Vanquish%22+OR+%22Q+Exactive%22+OR+%22TSQ+Altis%22+OR+%22Thermo+Fisher+Scientific%22%29+AND+%28%222026%2F06%2F30%22%5BDate+-+Publication%5D+%3A+%222026%2F07%2F30%22%5BDate+-+Publication%5D%29&retmode=json&retmax=0,429,https://eutils.ncbi.nlm.nih.gov/entrez/eutils/esearch.fcgi?db=pubmed&term=%28%22Orbitrap%22+OR+%22Vanquish%22+OR+%22Q+Exactive%22+OR+%22TSQ+Altis%22+OR+%22Thermo+Fisher+Scientific%22%29+AND+%28%222026%2F06%2F30%22%5BDate+-+Publication%5D+%3A+%222026%2F07%2F30%22%5BDate+-+Publication%5D%29&retmode=json&retmax=0,Blocked,,,data/pubmed_query_observations.json,2026-08-02T20:05:12+00:00
eutils.ncbi.nlm.nih.gov/entrez/eutils/esearch.fcgi,https://eutils.ncbi.nlm.nih.gov/entrez/eutils/esearch.fcgi?db=pubmed&term=%28%22Orbitrap%22+OR+%22Vanquish%22+OR+%22Q+Exactive%22+OR+%22TSQ+Altis%22+OR+%22Thermo+Fisher+Scientific%22%29+AND+%28%222026%2F07%2F01%22%5BDate+-+Publication%5D+%3A+%222026%2F07%2F31%22%5BDate+-+Publication%5D%29&retmode=json&retmax=0,429,https://eutils.ncbi.nlm.nih.gov/entrez/eutils/esearch.fcgi?db=pubmed&term=%28%22Orbitrap%22+OR+%22Vanquish%22+OR+%22Q+Exactive%22+OR+%22TSQ+Altis%22+OR+%22Thermo+Fisher+Scientific%22%29+AND+%28%222026%2F07%2F01%22%5BDate+-+Publication%5D+%3A+%222026%2F07%2F31%22%5BDate+-+Publication%5D%29&retmode=json&retmax=0,Blocked,,,data/pubmed_query_observations.json,2026-08-02T20:05:12+00:00
eutils.ncbi.nlm.nih.gov/entrez/eutils/esearch.fcgi,https://eutils.ncbi.nlm.nih.gov/entrez/eutils/esearch.fcgi?db=pubmed&term=%28%22Orbitrap%22+OR+%22Vanquish%22+OR+%22Q+Exactive%22+OR+%22TSQ+Altis%22+OR+%22Thermo+Fisher+Scientific%22%29+AND+%28%222026%2F07%2F02%22%5BDate+-+Publication%5D+%3A+%222026%2F08%2F01%22%5BDate+-+Publication%5D%29&retmode=json&retmax=0,200,https://eutils.ncbi.nlm.nih.gov/entrez/eutils/esearch.fcgi?db=pubmed&term=%28%22Orbitrap%22+OR+%22Vanquish%22+OR+%22Q+Exactive%22+OR+%22TSQ+Altis%22+OR+%22Thermo+Fisher+Scientific%22%29+AND+%28%222026%2F07%2F02%22%5BDate+-+Publication%5D+%3A+%222026%2F08%2F01%22%5BDate+-+Publication%5D%29&retmode=json&retmax=0,OK,,,data/pubmed_query_observations.json,2026-08-02T20:05:12+00:00
eutils.ncbi.nlm.nih.gov/entrez/eutils/esearch.fcgi,https://eutils.ncbi.nlm.nih.gov/entrez/eutils/esearch.fcgi?db=pubmed&term=%28%22Orbitrap%22+OR+%22Vanquish%22+OR+%22Q+Exactive%22+OR+%22TSQ+Altis%22+OR+%22Thermo+Fisher+Scientific%22%29+AND+%28%222026%2F07%2F03%22%5BDate+-+Publication%5D+%3A+%222026%2F08%2F02%22%5BDate+-+Publication%5D%29&retmode=json&retmax=0,429,https://eutils.ncbi.nlm.nih.gov/entrez/eutils/esearch.fcgi?db=pubmed&term=%28%22Orbitrap%22+OR+%22Vanquish%22+OR+%22Q+Exactive%22+OR+%22TSQ+Altis%22+OR+%22Thermo+Fisher+Scientific%22%29+AND+%28%222026%2F07%2F03%22%5BDate+-+Publication%5D+%3A+%222026%2F08%2F02%22%5BDate+-+Publication%5D%29&retmode=json&retmax=0,Blocked,,,data/intelligence.json; data/pubmed_query_observations.json,2026-08-02T20:05:12+00:00
eutils.ncbi.nlm.nih.gov/entrez/eutils/esearch.fcgi,https://eutils.ncbi.nlm.nih.gov/entrez/eutils/esearch.fcgi?db=pubmed&term=%28%22PerkinElmer+QSight%22+OR+%22PerkinElmer+LC%22+OR+%22PerkinElmer+chromatography%22%29+AND+%28%222021%2F07%2F31%22%5BDate+-+Publication%5D+%3A+%222026%2F07%2F30%22%5BDate+-+Publication%5D%29&retmode=json&retmax=0,429,https://eutils.ncbi.nlm.nih.gov/entrez/eutils/esearch.fcgi?db=pubmed&term=%28%22PerkinElmer+QSight%22+OR+%22PerkinElmer+LC%22+OR+%22PerkinElmer+chromatography%22%29+AND+%28%222021%2F07%2F31%22%5BDate+-+Publication%5D+%3A+%222026%2F07%2F30%22%5BDate+-+Publication%5D%29&retmode=json&retmax=0,Blocked,,,data/pubmed_query_observations.json,2026-08-02T20:05:12+00:00
eutils.ncbi.nlm.nih.gov/entrez/eutils/esearch.fcgi,https://eutils.ncbi.nlm.nih.gov/entrez/eutils/esearch.fcgi?db=pubmed&term=%28%22PerkinElmer+QSight%22+OR+%22PerkinElmer+LC%22+OR+%22PerkinElmer+chromatography%22%29+AND+%28%222021%2F08%2F01%22%5BDate+-+Publication%5D+%3A+%222026%2F07%2F31%22%5BDate+-+Publication%5D%29&retmode=json&retmax=0,429,https://eutils.ncbi.nlm.nih.gov/entrez/eutils/esearch.fcgi?db=pubmed&term=%28%22PerkinElmer+QSight%22+OR+%22PerkinElmer+LC%22+OR+%22PerkinElmer+chromatography%22%29+AND+%28%222021%2F08%2F01%22%5BDate+-+Publication%5D+%3A+%222026%2F07%2F31%22%5BDate+-+Publication%5D%29&retmode=json&retmax=0,Blocked,,,data/pubmed_query_observations.json,2026-08-02T20:05:12+00:00
eutils.ncbi.nlm.nih.gov/entrez/eutils/esearch.fcgi,https://eutils.ncbi.nlm.nih.gov/entrez/eutils/esearch.fcgi?db=pubmed&term=%28%22PerkinElmer+QSight%22+OR+%22PerkinElmer+LC%22+OR+%22PerkinElmer+chromatography%22%29+AND+%28%222021%2F08%2F02%22%5BDate+-+Publication%5D+%3A+%222026%2F08%2F01%22%5BDate+-+Publication%5D%29&retmode=json&retmax=0,429,https://eutils.ncbi.nlm.nih.gov/entrez/eutils/esearch.fcgi?db=pubmed&term=%28%22PerkinElmer+QSight%22+OR+%22PerkinElmer+LC%22+OR+%22PerkinElmer+chromatography%22%29+AND+%28%222021%2F08%2F02%22%5BDate+-+Publication%5D+%3A+%222026%2F08%2F01%22%5BDate+-+Publication%5D%29&retmode=json&retmax=0,Blocked,,,data/pubmed_query_observations.json,2026-08-02T20:05:12+00:00
eutils.ncbi.nlm.nih.gov/entrez/eutils/esearch.fcgi,https://eutils.ncbi.nlm.nih.gov/entrez/eutils/esearch.fcgi?db=pubmed&term=%28%22PerkinElmer+QSight%22+OR+%22PerkinElmer+LC%22+OR+%22PerkinElmer+chromatography%22%29+AND+%28%222021%2F08%2F03%22%5BDate+-+Publication%5D+%3A+%222026%2F08%2F02%22%5BDate+-+Publication%5D%29&retmode=json&retmax=0,429,https://eutils.ncbi.nlm.nih.gov/entrez/eutils/esearch.fcgi?db=pubmed&term=%28%22PerkinElmer+QSight%22+OR+%22PerkinElmer+LC%22+OR+%22PerkinElmer+chromatography%22%29+AND+%28%222021%2F08%2F03%22%5BDate+-+Publication%5D+%3A+%222026%2F08%2F02%22%5BDate+-+Publication%5D%29&retmode=json&retmax=0,Blocked,,,data/intelligence.json; data/pubmed_query_observations.json,2026-08-02T20:05:12+00:00
eutils.ncbi.nlm.nih.gov/entrez/eutils/esearch.fcgi,https://eutils.ncbi.nlm.nih.gov/entrez/eutils/esearch.fcgi?db=pubmed&term=%28%22PerkinElmer+QSight%22+OR+%22PerkinElmer+LC%22+OR+%22PerkinElmer+chromatography%22%29+AND+%28%222023%2F07%2F31%22%5BDate+-+Publication%5D+%3A+%222026%2F07%2F30%22%5BDate+-+Publication%5D%29&retmode=json&retmax=0,429,https://eutils.ncbi.nlm.nih.gov/entrez/eutils/esearch.fcgi?db=pubmed&term=%28%22PerkinElmer+QSight%22+OR+%22PerkinElmer+LC%22+OR+%22PerkinElmer+chromatography%22%29+AND+%28%222023%2F07%2F31%22%5BDate+-+Publication%5D+%3A+%222026%2F07%2F30%22%5BDate+-+Publication%5D%29&retmode=json&retmax=0,Blocked,,,data/pubmed_query_observations.json,2026-08-02T20:05:12+00:00
eutils.ncbi.nlm.nih.gov/entrez/eutils/esearch.fcgi,https://eutils.ncbi.nlm.nih.gov/entrez/eutils/esearch.fcgi?db=pubmed&term=%28%22PerkinElmer+QSight%22+OR+%22PerkinElmer+LC%22+OR+%22PerkinElmer+chromatography%22%29+AND+%28%222023%2F08%2F01%22%5BDate+-+Publication%5D+%3A+%222026%2F07%2F31%22%5BDate+-+Publication%5D%29&retmode=json&retmax=0,429,https://eutils.ncbi.nlm.nih.gov/entrez/eutils/esearch.fcgi?db=pubmed&term=%28%22PerkinElmer+QSight%22+OR+%22PerkinElmer+LC%22+OR+%22PerkinElmer+chromatography%22%29+AND+%28%222023%2F08%2F01%22%5BDate+-+Publication%5D+%3A+%222026%2F07%2F31%22%5BDate+-+Publication%5D%29&retmode=json&retmax=0,Blocked,,,data/pubmed_query_observations.json,2026-08-02T20:05:12+00:00
eutils.ncbi.nlm.nih.gov/entrez/eutils/esearch.fcgi,https://eutils.ncbi.nlm.nih.gov/entrez/eutils/esearch.fcgi?db=pubmed&term=%28%22PerkinElmer+QSight%22+OR+%22PerkinElmer+LC%22+OR+%22PerkinElmer+chromatography%22%29+AND+%28%222023%2F08%2F02%22%5BDate+-+Publication%5D+%3A+%222026%2F08%2F01%22%5BDate+-+Publication%5D%29&retmode=json&retmax=0,429,https://eutils.ncbi.nlm.nih.gov/entrez/eutils/esearch.fcgi?db=pubmed&term=%28%22PerkinElmer+QSight%22+OR+%22PerkinElmer+LC%22+OR+%22PerkinElmer+chromatography%22%29+AND+%28%222023%2F08%2F02%22%5BDate+-+Publication%5D+%3A+%222026%2F08%2F01%22%5BDate+-+Publication%5D%29&retmode=json&retmax=0,Blocked,,,data/pubmed_query_observations.json,2026-08-02T20:05:12+00:00
eutils.ncbi.nlm.nih.gov/entrez/eutils/esearch.fcgi,https://eutils.ncbi.nlm.nih.gov/entrez/eutils/esearch.fcgi?db=pubmed&term=%28%22PerkinElmer+QSight%22+OR+%22PerkinElmer+LC%22+OR+%22PerkinElmer+chromatography%22%29+AND+%28%222023%2F08%2F03%22%5BDate+-+Publication%5D+%3A+%222026%2F08%2F02%22%5BDate+-+Publication%5D%29&retmode=json&retmax=0,429,https://eutils.ncbi.nlm.nih.gov/entrez/eutils/esearch.fcgi?db=pubmed&term=%28%22PerkinElmer+QSight%22+OR+%22PerkinElmer+LC%22+OR+%22PerkinElmer+chromatography%22%29+AND+%28%222023%2F08%2F03%22%5BDate+-+Publication%5D+%3A+%222026%2F08%2F02%22%5BDate+-+Publication%5D%29&retmode=json&retmax=0,Blocked,,,data/intelligence.json; data/pubmed_query_observations.json,2026-08-02T20:05:12+00:00
eutils.ncbi.nlm.nih.gov/entrez/eutils/esearch.fcgi,https://eutils.ncbi.nlm.nih.gov/entrez/eutils/esearch.fcgi?db=pubmed&term=%28%22PerkinElmer+QSight%22+OR+%22PerkinElmer+LC%22+OR+%22PerkinElmer+chromatography%22%29+AND+%28%222025%2F07%2F30%22%5BDate+-+Publication%5D+%3A+%222026%2F07%2F30%22%5BDate+-+Publication%5D%29&retmode=json&retmax=0,429,https://eutils.ncbi.nlm.nih.gov/entrez/eutils/esearch.fcgi?db=pubmed&term=%28%22PerkinElmer+QSight%22+OR+%22PerkinElmer+LC%22+OR+%22PerkinElmer+chromatography%22%29+AND+%28%222025%2F07%2F30%22%5BDate+-+Publication%5D+%3A+%222026%2F07%2F30%22%5BDate+-+Publication%5D%29&retmode=json&retmax=0,Blocked,,,data/pubmed_query_observations.json,2026-08-02T20:05:12+00:00
eutils.ncbi.nlm.nih.gov/entrez/eutils/esearch.fcgi,https://eutils.ncbi.nlm.nih.gov/entrez/eutils/esearch.fcgi?db=pubmed&term=%28%22PerkinElmer+QSight%22+OR+%22PerkinElmer+LC%22+OR+%22PerkinElmer+chromatography%22%29+AND+%28%222025%2F07%2F31%22%5BDate+-+Publication%5D+%3A+%222026%2F07%2F31%22%5BDate+-+Publication%5D%29&retmode=json&retmax=0,429,https://eutils.ncbi.nlm.nih.gov/entrez/eutils/esearch.fcgi?db=pubmed&term=%28%22PerkinElmer+QSight%22+OR+%22PerkinElmer+LC%22+OR+%22PerkinElmer+chromatography%22%29+AND+%28%222025%2F07%2F31%22%5BDate+-+Publication%5D+%3A+%222026%2F07%2F31%22%5BDate+-+Publication%5D%29&retmode=json&retmax=0,Blocked,,,data/pubmed_query_observations.json,2026-08-02T20:05:12+00:00
eutils.ncbi.nlm.nih.gov/entrez/eutils/esearch.fcgi,https://eutils.ncbi.nlm.nih.gov/entrez/eutils/esearch.fcgi?db=pubmed&term=%28%22PerkinElmer+QSight%22+OR+%22PerkinElmer+LC%22+OR+%22PerkinElmer+chromatography%22%29+AND+%28%222025%2F08%2F01%22%5BDate+-+Publication%5D+%3A+%222026%2F08%2F01%22%5BDate+-+Publication%5D%29&retmode=json&retmax=0,429,https://eutils.ncbi.nlm.nih.gov/entrez/eutils/esearch.fcgi?db=pubmed&term=%28%22PerkinElmer+QSight%22+OR+%22PerkinElmer+LC%22+OR+%22PerkinElmer+chromatography%22%29+AND+%28%222025%2F08%2F01%22%5BDate+-+Publication%5D+%3A+%222026%2F08%2F01%22%5BDate+-+Publication%5D%29&retmode=json&retmax=0,Blocked,,,data/pubmed_query_observations.json,2026-08-02T20:05:12+00:00
eutils.ncbi.nlm.nih.gov/entrez/eutils/esearch.fcgi,https://eutils.ncbi.nlm.nih.gov/entrez/eutils/esearch.fcgi?db=pubmed&term=%28%22PerkinElmer+QSight%22+OR+%22PerkinElmer+LC%22+OR+%22PerkinElmer+chromatography%22%29+AND+%28%222025%2F08%2F02%22%5BDate+-+Publication%5D+%3A+%222026%2F08%2F02%22%5BDate+-+Publication%5D%29&retmode=json&retmax=0,429,https://eutils.ncbi.nlm.nih.gov/entrez/eutils/esearch.fcgi?db=pubmed&term=%28%22PerkinElmer+QSight%22+OR+%22PerkinElmer+LC%22+OR+%22PerkinElmer+chromatography%22%29+AND+%28%222025%2F08%2F02%22%5BDate+-+Publication%5D+%3A+%222026%2F08%2F02%22%5BDate+-+Publication%5D%29&retmode=json&retmax=0,Blocked,,,data/intelligence.json; data/pubmed_query_observations.json,2026-08-02T20:05:12+00:00
eutils.ncbi.nlm.nih.gov/entrez/eutils/esearch.fcgi,https://eutils.ncbi.nlm.nih.gov/entrez/eutils/esearch.fcgi?db=pubmed&term=%28%22PerkinElmer+QSight%22+OR+%22PerkinElmer+LC%22+OR+%22PerkinElmer+chromatography%22%29+AND+%28%222026%2F05%2F01%22%5BDate+-+Publication%5D+%3A+%222026%2F07%2F30%22%5BDate+-+Publication%5D%29&retmode=json&retmax=0,429,https://eutils.ncbi.nlm.nih.gov/entrez/eutils/esearch.fcgi?db=pubmed&term=%28%22PerkinElmer+QSight%22+OR+%22PerkinElmer+LC%22+OR+%22PerkinElmer+chromatography%22%29+AND+%28%222026%2F05%2F01%22%5BDate+-+Publication%5D+%3A+%222026%2F07%2F30%22%5BDate+-+Publication%5D%29&retmode=json&retmax=0,Blocked,,,data/pubmed_query_observations.json,2026-08-02T20:05:12+00:00
eutils.ncbi.nlm.nih.gov/entrez/eutils/esearch.fcgi,https://eutils.ncbi.nlm.nih.gov/entrez/eutils/esearch.fcgi?db=pubmed&term=%28%22PerkinElmer+QSight%22+OR+%22PerkinElmer+LC%22+OR+%22PerkinElmer+chromatography%22%29+AND+%28%222026%2F05%2F02%22%5BDate+-+Publication%5D+%3A+%222026%2F07%2F31%22%5BDate+-+Publication%5D%29&retmode=json&retmax=0,429,https://eutils.ncbi.nlm.nih.gov/entrez/eutils/esearch.fcgi?db=pubmed&term=%28%22PerkinElmer+QSight%22+OR+%22PerkinElmer+LC%22+OR+%22PerkinElmer+chromatography%22%29+AND+%28%222026%2F05%2F02%22%5BDate+-+Publication%5D+%3A+%222026%2F07%2F31%22%5BDate+-+Publication%5D%29&retmode=json&retmax=0,Blocked,,,data/pubmed_query_observations.json,2026-08-02T20:05:12+00:00
eutils.ncbi.nlm.nih.gov/entrez/eutils/esearch.fcgi,https://eutils.ncbi.nlm.nih.gov/entrez/eutils/esearch.fcgi?db=pubmed&term=%28%22PerkinElmer+QSight%22+OR+%22PerkinElmer+LC%22+OR+%22PerkinElmer+chromatography%22%29+AND+%28%222026%2F05%2F03%22%5BDate+-+Publication%5D+%3A+%222026%2F08%2F01%22%5BDate+-+Publication%5D%29&retmode=json&retmax=0,429,https://eutils.ncbi.nlm.nih.gov/entrez/eutils/esearch.fcgi?db=pubmed&term=%28%22PerkinElmer+QSight%22+OR+%22PerkinElmer+LC%22+OR+%22PerkinElmer+chromatography%22%29+AND+%28%222026%2F05%2F03%22%5BDate+-+Publication%5D+%3A+%222026%2F08%2F01%22%5BDate+-+Publication%5D%29&retmode=json&retmax=0,Blocked,,,data/pubmed_query_observations.json,2026-08-02T20:05:12+00:00
eutils.ncbi.nlm.nih.gov/entrez/eutils/esearch.fcgi,https://eutils.ncbi.nlm.nih.gov/entrez/eutils/esearch.fcgi?db=pubmed&term=%28%22PerkinElmer+QSight%22+OR+%22PerkinElmer+LC%22+OR+%22PerkinElmer+chromatography%22%29+AND+%28%222026%2F05%2F04%22%5BDate+-+Publication%5D+%3A+%222026%2F08%2F02%22%5BDate+-+Publication%5D%29&retmode=json&retmax=0,429,https://eutils.ncbi.nlm.nih.gov/entrez/eutils/esearch.fcgi?db=pubmed&term=%28%22PerkinElmer+QSight%22+OR+%22PerkinElmer+LC%22+OR+%22PerkinElmer+chromatography%22%29+AND+%28%222026%2F05%2F04%22%5BDate+-+Publication%5D+%3A+%222026%2F08%2F02%22%5BDate+-+Publication%5D%29&retmode=json&retmax=0,Blocked,,,data/intelligence.json; data/pubmed_query_observations.json,2026-08-02T20:05:12+00:00
eutils.ncbi.nlm.nih.gov/entrez/eutils/esearch.fcgi,https://eutils.ncbi.nlm.nih.gov/entrez/eutils/esearch.fcgi?db=pubmed&term=%28%22PerkinElmer+QSight%22+OR+%22PerkinElmer+LC%22+OR+%22PerkinElmer+chromatography%22%29+AND+%28%222026%2F05%2F31%22%5BDate+-+Publication%5D+%3A+%222026%2F07%2F30%22%5BDate+-+Publication%5D%29&retmode=json&retmax=0,429,https://eutils.ncbi.nlm.nih.gov/entrez/eutils/esearch.fcgi?db=pubmed&term=%28%22PerkinElmer+QSight%22+OR+%22PerkinElmer+LC%22+OR+%22PerkinElmer+chromatography%22%29+AND+%28%222026%2F05%2F31%22%5BDate+-+Publication%5D+%3A+%222026%2F07%2F30%22%5BDate+-+Publication%5D%29&retmode=json&retmax=0,Blocked,,,data/pubmed_query_observations.json,2026-08-02T20:05:12+00:00
eutils.ncbi.nlm.nih.gov/entrez/eutils/esearch.fcgi,https://eutils.ncbi.nlm.nih.gov/entrez/eutils/esearch.fcgi?db=pubmed&term=%28%22PerkinElmer+QSight%22+OR+%22PerkinElmer+LC%22+OR+%22PerkinElmer+chromatography%22%29+AND+%28%222026%2F06%2F01%22%5BDate+-+Publication%5D+%3A+%222026%2F07%2F31%22%5BDate+-+Publication%5D%29&retmode=json&retmax=0,429,https://eutils.ncbi.nlm.nih.gov/entrez/eutils/esearch.fcgi?db=pubmed&term=%28%22PerkinElmer+QSight%22+OR+%22PerkinElmer+LC%22+OR+%22PerkinElmer+chromatography%22%29+AND+%28%222026%2F06%2F01%22%5BDate+-+Publication%5D+%3A+%222026%2F07%2F31%22%5BDate+-+Publication%5D%29&retmode=json&retmax=0,Blocked,,,data/pubmed_query_observations.json,2026-08-02T20:05:12+00:00
eutils.ncbi.nlm.nih.gov/entrez/eutils/esearch.fcgi,https://eutils.ncbi.nlm.nih.gov/entrez/eutils/esearch.fcgi?db=pubmed&term=%28%22PerkinElmer+QSight%22+OR+%22PerkinElmer+LC%22+OR+%22PerkinElmer+chromatography%22%29+AND+%28%222026%2F06%2F02%22%5BDate+-+Publication%5D+%3A+%222026%2F08%2F01%22%5BDate+-+Publication%5D%29&retmode=json&retmax=0,429,https://eutils.ncbi.nlm.nih.gov/entrez/eutils/esearch.fcgi?db=pubmed&term=%28%22PerkinElmer+QSight%22+OR+%22PerkinElmer+LC%22+OR+%22PerkinElmer+chromatography%22%29+AND+%28%222026%2F06%2F02%22%5BDate+-+Publication%5D+%3A+%222026%2F08%2F01%22%5BDate+-+Publication%5D%29&retmode=json&retmax=0,Blocked,,,data/pubmed_query_observations.json,2026-08-02T20:05:12+00:00
eutils.ncbi.nlm.nih.gov/entrez/eutils/esearch.fcgi,https://eutils.ncbi.nlm.nih.gov/entrez/eutils/esearch.fcgi?db=pubmed&term=%28%22PerkinElmer+QSight%22+OR+%22PerkinElmer+LC%22+OR+%22PerkinElmer+chromatography%22%29+AND+%28%222026%2F06%2F03%22%5BDate+-+Publication%5D+%3A+%222026%2F08%2F02%22%5BDate+-+Publication%5D%29&retmode=json&retmax=0,429,https://eutils.ncbi.nlm.nih.gov/entrez/eutils/esearch.fcgi?db=pubmed&term=%28%22PerkinElmer+QSight%22+OR+%22PerkinElmer+LC%22+OR+%22PerkinElmer+chromatography%22%29+AND+%28%222026%2F06%2F03%22%5BDate+-+Publication%5D+%3A+%222026%2F08%2F02%22%5BDate+-+Publication%5D%29&retmode=json&retmax=0,Blocked,,,data/intelligence.json; data/pubmed_query_observations.json,2026-08-02T20:05:12+00:00
eutils.ncbi.nlm.nih.gov/entrez/eutils/esearch.fcgi,https://eutils.ncbi.nlm.nih.gov/entrez/eutils/esearch.fcgi?db=pubmed&term=%28%22PerkinElmer+QSight%22+OR+%22PerkinElmer+LC%22+OR+%22PerkinElmer+chromatography%22%29+AND+%28%222026%2F06%2F30%22%5BDate+-+Publication%5D+%3A+%222026%2F07%2F30%22%5BDate+-+Publication%5D%29&retmode=json&retmax=0,429,https://eutils.ncbi.nlm.nih.gov/entrez/eutils/esearch.fcgi?db=pubmed&term=%28%22PerkinElmer+QSight%22+OR+%22PerkinElmer+LC%22+OR+%22PerkinElmer+chromatography%22%29+AND+%28%222026%2F06%2F30%22%5BDate+-+Publication%5D+%3A+%222026%2F07%2F30%22%5BDate+-+Publication%5D%29&retmode=json&retmax=0,Blocked,,,data/pubmed_query_observations.json,2026-08-02T20:05:12+00:00
eutils.ncbi.nlm.nih.gov/entrez/eutils/esearch.fcgi,https://eutils.ncbi.nlm.nih.gov/entrez/eutils/esearch.fcgi?db=pubmed&term=%28%22PerkinElmer+QSight%22+OR+%22PerkinElmer+LC%22+OR+%22PerkinElmer+chromatography%22%29+AND+%28%222026%2F07%2F01%22%5BDate+-+Publication%5D+%3A+%222026%2F07%2F31%22%5BDate+-+Publication%5D%29&retmode=json&retmax=0,429,https://eutils.ncbi.nlm.nih.gov/entrez/eutils/esearch.fcgi?db=pubmed&term=%28%22PerkinElmer+QSight%22+OR+%22PerkinElmer+LC%22+OR+%22PerkinElmer+chromatography%22%29+AND+%28%222026%2F07%2F01%22%5BDate+-+Publication%5D+%3A+%222026%2F07%2F31%22%5BDate+-+Publication%5D%29&retmode=json&retmax=0,Blocked,,,data/pubmed_query_observations.json,2026-08-02T20:05:12+00:00
eutils.ncbi.nlm.nih.gov/entrez/eutils/esearch.fcgi,https://eutils.ncbi.nlm.nih.gov/entrez/eutils/esearch.fcgi?db=pubmed&term=%28%22PerkinElmer+QSight%22+OR+%22PerkinElmer+LC%22+OR+%22PerkinElmer+chromatography%22%29+AND+%28%222026%2F07%2F02%22%5BDate+-+Publication%5D+%3A+%222026%2F08%2F01%22%5BDate+-+Publication%5D%29&retmode=json&retmax=0,429,https://eutils.ncbi.nlm.nih.gov/entrez/eutils/esearch.fcgi?db=pubmed&term=%28%22PerkinElmer+QSight%22+OR+%22PerkinElmer+LC%22+OR+%22PerkinElmer+chromatography%22%29+AND+%28%222026%2F07%2F02%22%5BDate+-+Publication%5D+%3A+%222026%2F08%2F01%22%5BDate+-+Publication%5D%29&retmode=json&retmax=0,Blocked,,,data/pubmed_query_observations.json,2026-08-02T20:05:12+00:00
eutils.ncbi.nlm.nih.gov/entrez/eutils/esearch.fcgi,https://eutils.ncbi.nlm.nih.gov/entrez/eutils/esearch.fcgi?db=pubmed&term=%28%22PerkinElmer+QSight%22+OR+%22PerkinElmer+LC%22+OR+%22PerkinElmer+chromatography%22%29+AND+%28%222026%2F07%2F03%22%5BDate+-+Publication%5D+%3A+%222026%2F08%2F02%22%5BDate+-+Publication%5D%29&retmode=json&retmax=0,429,https://eutils.ncbi.nlm.nih.gov/entrez/eutils/esearch.fcgi?db=pubmed&term=%28%22PerkinElmer+QSight%22+OR+%22PerkinElmer+LC%22+OR+%22PerkinElmer+chromatography%22%29+AND+%28%222026%2F07%2F03%22%5BDate+-+Publication%5D+%3A+%222026%2F08%2F02%22%5BDate+-+Publication%5D%29&retmode=json&retmax=0,Blocked,,,data/intelligence.json; data/pubmed_query_observations.json,2026-08-02T20:05:12+00:00
eutils.ncbi.nlm.nih.gov/entrez/eutils/esearch.fcgi,https://eutils.ncbi.nlm.nih.gov/entrez/eutils/esearch.fcgi?db=pubmed&term=%28%22SCIEX%22+OR+%22ZenoTOF%22+OR+%22TripleTOF%22+OR+%22QTRAP%22+OR+%22Echo+MS%22%29+AND+%28%222021%2F07%2F31%22%5BDate+-+Publication%5D+%3A+%222026%2F07%2F30%22%5BDate+-+Publication%5D%29&retmode=json&retmax=0,429,https://eutils.ncbi.nlm.nih.gov/entrez/eutils/esearch.fcgi?db=pubmed&term=%28%22SCIEX%22+OR+%22ZenoTOF%22+OR+%22TripleTOF%22+OR+%22QTRAP%22+OR+%22Echo+MS%22%29+AND+%28%222021%2F07%2F31%22%5BDate+-+Publication%5D+%3A+%222026%2F07%2F30%22%5BDate+-+Publication%5D%29&retmode=json&retmax=0,Blocked,,,data/pubmed_query_observations.json,2026-08-02T20:05:13+00:00
eutils.ncbi.nlm.nih.gov/entrez/eutils/esearch.fcgi,https://eutils.ncbi.nlm.nih.gov/entrez/eutils/esearch.fcgi?db=pubmed&term=%28%22SCIEX%22+OR+%22ZenoTOF%22+OR+%22TripleTOF%22+OR+%22QTRAP%22+OR+%22Echo+MS%22%29+AND+%28%222021%2F08%2F01%22%5BDate+-+Publication%5D+%3A+%222026%2F07%2F31%22%5BDate+-+Publication%5D%29&retmode=json&retmax=0,429,https://eutils.ncbi.nlm.nih.gov/entrez/eutils/esearch.fcgi?db=pubmed&term=%28%22SCIEX%22+OR+%22ZenoTOF%22+OR+%22TripleTOF%22+OR+%22QTRAP%22+OR+%22Echo+MS%22%29+AND+%28%222021%2F08%2F01%22%5BDate+-+Publication%5D+%3A+%222026%2F07%2F31%22%5BDate+-+Publication%5D%29&retmode=json&retmax=0,Blocked,,,data/pubmed_query_observations.json,2026-08-02T20:05:13+00:00
eutils.ncbi.nlm.nih.gov/entrez/eutils/esearch.fcgi,https://eutils.ncbi.nlm.nih.gov/entrez/eutils/esearch.fcgi?db=pubmed&term=%28%22SCIEX%22+OR+%22ZenoTOF%22+OR+%22TripleTOF%22+OR+%22QTRAP%22+OR+%22Echo+MS%22%29+AND+%28%222021%2F08%2F02%22%5BDate+-+Publication%5D+%3A+%222026%2F08%2F01%22%5BDate+-+Publication%5D%29&retmode=json&retmax=0,429,https://eutils.ncbi.nlm.nih.gov/entrez/eutils/esearch.fcgi?db=pubmed&term=%28%22SCIEX%22+OR+%22ZenoTOF%22+OR+%22TripleTOF%22+OR+%22QTRAP%22+OR+%22Echo+MS%22%29+AND+%28%222021%2F08%2F02%22%5BDate+-+Publication%5D+%3A+%222026%2F08%2F01%22%5BDate+-+Publication%5D%29&retmode=json&retmax=0,Blocked,,,data/pubmed_query_observations.json,2026-08-02T20:05:13+00:00
eutils.ncbi.nlm.nih.gov/entrez/eutils/esearch.fcgi,https://eutils.ncbi.nlm.nih.gov/entrez/eutils/esearch.fcgi?db=pubmed&term=%28%22SCIEX%22+OR+%22ZenoTOF%22+OR+%22TripleTOF%22+OR+%22QTRAP%22+OR+%22Echo+MS%22%29+AND+%28%222021%2F08%2F03%22%5BDate+-+Publication%5D+%3A+%222026%2F08%2F02%22%5BDate+-+Publication%5D%29&retmode=json&retmax=0,429,https://eutils.ncbi.nlm.nih.gov/entrez/eutils/esearch.fcgi?db=pubmed&term=%28%22SCIEX%22+OR+%22ZenoTOF%22+OR+%22TripleTOF%22+OR+%22QTRAP%22+OR+%22Echo+MS%22%29+AND+%28%222021%2F08%2F03%22%5BDate+-+Publication%5D+%3A+%222026%2F08%2F02%22%5BDate+-+Publication%5D%29&retmode=json&retmax=0,Blocked,,,data/intelligence.json; data/pubmed_query_observations.json,2026-08-02T20:05:13+00:00
eutils.ncbi.nlm.nih.gov/entrez/eutils/esearch.fcgi,https://eutils.ncbi.nlm.nih.gov/entrez/eutils/esearch.fcgi?db=pubmed&term=%28%22SCIEX%22+OR+%22ZenoTOF%22+OR+%22TripleTOF%22+OR+%22QTRAP%22+OR+%22Echo+MS%22%29+AND+%28%222023%2F07%2F31%22%5BDate+-+Publication%5D+%3A+%222026%2F07%2F30%22%5BDate+-+Publication%5D%29&retmode=json&retmax=0,429,https://eutils.ncbi.nlm.nih.gov/entrez/eutils/esearch.fcgi?db=pubmed&term=%28%22SCIEX%22+OR+%22ZenoTOF%22+OR+%22TripleTOF%22+OR+%22QTRAP%22+OR+%22Echo+MS%22%29+AND+%28%222023%2F07%2F31%22%5BDate+-+Publication%5D+%3A+%222026%2F07%2F30%22%5BDate+-+Publication%5D%29&retmode=json&retmax=0,Blocked,,,data/pubmed_query_observations.json,2026-08-02T20:05:13+00:00
eutils.ncbi.nlm.nih.gov/entrez/eutils/esearch.fcgi,https://eutils.ncbi.nlm.nih.gov/entrez/eutils/esearch.fcgi?db=pubmed&term=%28%22SCIEX%22+OR+%22ZenoTOF%22+OR+%22TripleTOF%22+OR+%22QTRAP%22+OR+%22Echo+MS%22%29+AND+%28%222023%2F08%2F01%22%5BDate+-+Publication%5D+%3A+%222026%2F07%2F31%22%5BDate+-+Publication%5D%29&retmode=json&retmax=0,429,https://eutils.ncbi.nlm.nih.gov/entrez/eutils/esearch.fcgi?db=pubmed&term=%28%22SCIEX%22+OR+%22ZenoTOF%22+OR+%22TripleTOF%22+OR+%22QTRAP%22+OR+%22Echo+MS%22%29+AND+%28%222023%2F08%2F01%22%5BDate+-+Publication%5D+%3A+%222026%2F07%2F31%22%5BDate+-+Publication%5D%29&retmode=json&retmax=0,Blocked,,,data/pubmed_query_observations.json,2026-08-02T20:05:13+00:00
eutils.ncbi.nlm.nih.gov/entrez/eutils/esearch.fcgi,https://eutils.ncbi.nlm.nih.gov/entrez/eutils/esearch.fcgi?db=pubmed&term=%28%22SCIEX%22+OR+%22ZenoTOF%22+OR+%22TripleTOF%22+OR+%22QTRAP%22+OR+%22Echo+MS%22%29+AND+%28%222023%2F08%2F02%22%5BDate+-+Publication%5D+%3A+%222026%2F08%2F01%22%5BDate+-+Publication%5D%29&retmode=json&retmax=0,429,https://eutils.ncbi.nlm.nih.gov/entrez/eutils/esearch.fcgi?db=pubmed&term=%28%22SCIEX%22+OR+%22ZenoTOF%22+OR+%22TripleTOF%22+OR+%22QTRAP%22+OR+%22Echo+MS%22%29+AND+%28%222023%2F08%2F02%22%5BDate+-+Publication%5D+%3A+%222026%2F08%2F01%22%5BDate+-+Publication%5D%29&retmode=json&retmax=0,Blocked,,,data/pubmed_query_observations.json,2026-08-02T20:05:13+00:00
eutils.ncbi.nlm.nih.gov/entrez/eutils/esearch.fcgi,https://eutils.ncbi.nlm.nih.gov/entrez/eutils/esearch.fcgi?db=pubmed&term=%28%22SCIEX%22+OR+%22ZenoTOF%22+OR+%22TripleTOF%22+OR+%22QTRAP%22+OR+%22Echo+MS%22%29+AND+%28%222023%2F08%2F03%22%5BDate+-+Publication%5D+%3A+%222026%2F08%2F02%22%5BDate+-+Publication%5D%29&retmode=json&retmax=0,429,https://eutils.ncbi.nlm.nih.gov/entrez/eutils/esearch.fcgi?db=pubmed&term=%28%22SCIEX%22+OR+%22ZenoTOF%22+OR+%22TripleTOF%22+OR+%22QTRAP%22+OR+%22Echo+MS%22%29+AND+%28%222023%2F08%2F03%22%5BDate+-+Publication%5D+%3A+%222026%2F08%2F02%22%5BDate+-+Publication%5D%29&retmode=json&retmax=0,Blocked,,,data/intelligence.json; data/pubmed_query_observations.json,2026-08-02T20:05:13+00:00
eutils.ncbi.nlm.nih.gov/entrez/eutils/esearch.fcgi,https://eutils.ncbi.nlm.nih.gov/entrez/eutils/esearch.fcgi?db=pubmed&term=%28%22SCIEX%22+OR+%22ZenoTOF%22+OR+%22TripleTOF%22+OR+%22QTRAP%22+OR+%22Echo+MS%22%29+AND+%28%222025%2F07%2F30%22%5BDate+-+Publication%5D+%3A+%222026%2F07%2F30%22%5BDate+-+Publication%5D%29&retmode=json&retmax=0,429,https://eutils.ncbi.nlm.nih.gov/entrez/eutils/esearch.fcgi?db=pubmed&term=%28%22SCIEX%22+OR+%22ZenoTOF%22+OR+%22TripleTOF%22+OR+%22QTRAP%22+OR+%22Echo+MS%22%29+AND+%28%222025%2F07%2F30%22%5BDate+-+Publication%5D+%3A+%222026%2F07%2F30%22%5BDate+-+Publication%5D%29&retmode=json&retmax=0,Blocked,,,data/pubmed_query_observations.json,2026-08-02T20:05:13+00:00
eutils.ncbi.nlm.nih.gov/entrez/eutils/esearch.fcgi,https://eutils.ncbi.nlm.nih.gov/entrez/eutils/esearch.fcgi?db=pubmed&term=%28%22SCIEX%22+OR+%22ZenoTOF%22+OR+%22TripleTOF%22+OR+%22QTRAP%22+OR+%22Echo+MS%22%29+AND+%28%222025%2F07%2F31%22%5BDate+-+Publication%5D+%3A+%222026%2F07%2F31%22%5BDate+-+Publication%5D%29&retmode=json&retmax=0,429,https://eutils.ncbi.nlm.nih.gov/entrez/eutils/esearch.fcgi?db=pubmed&term=%28%22SCIEX%22+OR+%22ZenoTOF%22+OR+%22TripleTOF%22+OR+%22QTRAP%22+OR+%22Echo+MS%22%29+AND+%28%222025%2F07%2F31%22%5BDate+-+Publication%5D+%3A+%222026%2F07%2F31%22%5BDate+-+Publication%5D%29&retmode=json&retmax=0,Blocked,,,data/pubmed_query_observations.json,2026-08-02T20:05:13+00:00
eutils.ncbi.nlm.nih.gov/entrez/eutils/esearch.fcgi,https://eutils.ncbi.nlm.nih.gov/entrez/eutils/esearch.fcgi?db=pubmed&term=%28%22SCIEX%22+OR+%22ZenoTOF%22+OR+%22TripleTOF%22+OR+%22QTRAP%22+OR+%22Echo+MS%22%29+AND+%28%222025%2F08%2F01%22%5BDate+-+Publication%5D+%3A+%222026%2F08%2F01%22%5BDate+-+Publication%5D%29&retmode=json&retmax=0,429,https://eutils.ncbi.nlm.nih.gov/entrez/eutils/esearch.fcgi?db=pubmed&term=%28%22SCIEX%22+OR+%22ZenoTOF%22+OR+%22TripleTOF%22+OR+%22QTRAP%22+OR+%22Echo+MS%22%29+AND+%28%222025%2F08%2F01%22%5BDate+-+Publication%5D+%3A+%222026%2F08%2F01%22%5BDate+-+Publication%5D%29&retmode=json&retmax=0,Blocked,,,data/pubmed_query_observations.json,2026-08-02T20:05:13+00:00
eutils.ncbi.nlm.nih.gov/entrez/eutils/esearch.fcgi,https://eutils.ncbi.nlm.nih.gov/entrez/eutils/esearch.fcgi?db=pubmed&term=%28%22SCIEX%22+OR+%22ZenoTOF%22+OR+%22TripleTOF%22+OR+%22QTRAP%22+OR+%22Echo+MS%22%29+AND+%28%222025%2F08%2F02%22%5BDate+-+Publication%5D+%3A+%222026%2F08%2F02%22%5BDate+-+Publication%5D%29&retmode=json&retmax=0,429,https://eutils.ncbi.nlm.nih.gov/entrez/eutils/esearch.fcgi?db=pubmed&term=%28%22SCIEX%22+OR+%22ZenoTOF%22+OR+%22TripleTOF%22+OR+%22QTRAP%22+OR+%22Echo+MS%22%29+AND+%28%222025%2F08%2F02%22%5BDate+-+Publication%5D+%3A+%222026%2F08%2F02%22%5BDate+-+Publication%5D%29&retmode=json&retmax=0,Blocked,,,data/intelligence.json; data/pubmed_query_observations.json,2026-08-02T20:05:13+00:00
eutils.ncbi.nlm.nih.gov/entrez/eutils/esearch.fcgi,https://eutils.ncbi.nlm.nih.gov/entrez/eutils/esearch.fcgi?db=pubmed&term=%28%22SCIEX%22+OR+%22ZenoTOF%22+OR+%22TripleTOF%22+OR+%22QTRAP%22+OR+%22Echo+MS%22%29+AND+%28%222026%2F05%2F01%22%5BDate+-+Publication%5D+%3A+%222026%2F07%2F30%22%5BDate+-+Publication%5D%29&retmode=json&retmax=0,429,https://eutils.ncbi.nlm.nih.gov/entrez/eutils/esearch.fcgi?db=pubmed&term=%28%22SCIEX%22+OR+%22ZenoTOF%22+OR+%22TripleTOF%22+OR+%22QTRAP%22+OR+%22Echo+MS%22%29+AND+%28%222026%2F05%2F01%22%5BDate+-+Publication%5D+%3A+%222026%2F07%2F30%22%5BDate+-+Publication%5D%29&retmode=json&retmax=0,Blocked,,,data/pubmed_query_observations.json,2026-08-02T20:05:13+00:00
eutils.ncbi.nlm.nih.gov/entrez/eutils/esearch.fcgi,https://eutils.ncbi.nlm.nih.gov/entrez/eutils/esearch.fcgi?db=pubmed&term=%28%22SCIEX%22+OR+%22ZenoTOF%22+OR+%22TripleTOF%22+OR+%22QTRAP%22+OR+%22Echo+MS%22%29+AND+%28%222026%2F05%2F02%22%5BDate+-+Publication%5D+%3A+%222026%2F07%2F31%22%5BDate+-+Publication%5D%29&retmode=json&retmax=0,429,https://eutils.ncbi.nlm.nih.gov/entrez/eutils/esearch.fcgi?db=pubmed&term=%28%22SCIEX%22+OR+%22ZenoTOF%22+OR+%22TripleTOF%22+OR+%22QTRAP%22+OR+%22Echo+MS%22%29+AND+%28%222026%2F05%2F02%22%5BDate+-+Publication%5D+%3A+%222026%2F07%2F31%22%5BDate+-+Publication%5D%29&retmode=json&retmax=0,Blocked,,,data/pubmed_query_observations.json,2026-08-02T20:05:13+00:00
eutils.ncbi.nlm.nih.gov/entrez/eutils/esearch.fcgi,https://eutils.ncbi.nlm.nih.gov/entrez/eutils/esearch.fcgi?db=pubmed&term=%28%22SCIEX%22+OR+%22ZenoTOF%22+OR+%22TripleTOF%22+OR+%22QTRAP%22+OR+%22Echo+MS%22%29+AND+%28%222026%2F05%2F03%22%5BDate+-+Publication%5D+%3A+%222026%2F08%2F01%22%5BDate+-+Publication%5D%29&retmode=json&retmax=0,429,https://eutils.ncbi.nlm.nih.gov/entrez/eutils/esearch.fcgi?db=pubmed&term=%28%22SCIEX%22+OR+%22ZenoTOF%22+OR+%22TripleTOF%22+OR+%22QTRAP%22+OR+%22Echo+MS%22%29+AND+%28%222026%2F05%2F03%22%5BDate+-+Publication%5D+%3A+%222026%2F08%2F01%22%5BDate+-+Publication%5D%29&retmode=json&retmax=0,Blocked,,,data/pubmed_query_observations.json,2026-08-02T20:05:13+00:00
eutils.ncbi.nlm.nih.gov/entrez/eutils/esearch.fcgi,https://eutils.ncbi.nlm.nih.gov/entrez/eutils/esearch.fcgi?db=pubmed&term=%28%22SCIEX%22+OR+%22ZenoTOF%22+OR+%22TripleTOF%22+OR+%22QTRAP%22+OR+%22Echo+MS%22%29+AND+%28%222026%2F05%2F04%22%5BDate+-+Publication%5D+%3A+%222026%2F08%2F02%22%5BDate+-+Publication%5D%29&retmode=json&retmax=0,429,https://eutils.ncbi.nlm.nih.gov/entrez/eutils/esearch.fcgi?db=pubmed&term=%28%22SCIEX%22+OR+%22ZenoTOF%22+OR+%22TripleTOF%22+OR+%22QTRAP%22+OR+%22Echo+MS%22%29+AND+%28%222026%2F05%2F04%22%5BDate+-+Publication%5D+%3A+%222026%2F08%2F02%22%5BDate+-+Publication%5D%29&retmode=json&retmax=0,Blocked,,,data/intelligence.json; data/pubmed_query_observations.json,2026-08-02T20:05:13+00:00
eutils.ncbi.nlm.nih.gov/entrez/eutils/esearch.fcgi,https://eutils.ncbi.nlm.nih.gov/entrez/eutils/esearch.fcgi?db=pubmed&term=%28%22SCIEX%22+OR+%22ZenoTOF%22+OR+%22TripleTOF%22+OR+%22QTRAP%22+OR+%22Echo+MS%22%29+AND+%28%222026%2F05%2F31%22%5BDate+-+Publication%5D+%3A+%222026%2F07%2F30%22%5BDate+-+Publication%5D%29&retmode=json&retmax=0,429,https://eutils.ncbi.nlm.nih.gov/entrez/eutils/esearch.fcgi?db=pubmed&term=%28%22SCIEX%22+OR+%22ZenoTOF%22+OR+%22TripleTOF%22+OR+%22QTRAP%22+OR+%22Echo+MS%22%29+AND+%28%222026%2F05%2F31%22%5BDate+-+Publication%5D+%3A+%222026%2F07%2F30%22%5BDate+-+Publication%5D%29&retmode=json&retmax=0,Blocked,,,data/pubmed_query_observations.json,2026-08-02T20:05:13+00:00
eutils.ncbi.nlm.nih.gov/entrez/eutils/esearch.fcgi,https://eutils.ncbi.nlm.nih.gov/entrez/eutils/esearch.fcgi?db=pubmed&term=%28%22SCIEX%22+OR+%22ZenoTOF%22+OR+%22TripleTOF%22+OR+%22QTRAP%22+OR+%22Echo+MS%22%29+AND+%28%222026%2F06%2F01%22%5BDate+-+Publication%5D+%3A+%222026%2F07%2F31%22%5BDate+-+Publication%5D%29&retmode=json&retmax=0,429,https://eutils.ncbi.nlm.nih.gov/entrez/eutils/esearch.fcgi?db=pubmed&term=%28%22SCIEX%22+OR+%22ZenoTOF%22+OR+%22TripleTOF%22+OR+%22QTRAP%22+OR+%22Echo+MS%22%29+AND+%28%222026%2F06%2F01%22%5BDate+-+Publication%5D+%3A+%222026%2F07%2F31%22%5BDate+-+Publication%5D%29&retmode=json&retmax=0,Blocked,,,data/pubmed_query_observations.json,2026-08-02T20:05:13+00:00
eutils.ncbi.nlm.nih.gov/entrez/eutils/esearch.fcgi,https://eutils.ncbi.nlm.nih.gov/entrez/eutils/esearch.fcgi?db=pubmed&term=%28%22SCIEX%22+OR+%22ZenoTOF%22+OR+%22TripleTOF%22+OR+%22QTRAP%22+OR+%22Echo+MS%22%29+AND+%28%222026%2F06%2F02%22%5BDate+-+Publication%5D+%3A+%222026%2F08%2F01%22%5BDate+-+Publication%5D%29&retmode=json&retmax=0,429,https://eutils.ncbi.nlm.nih.gov/entrez/eutils/esearch.fcgi?db=pubmed&term=%28%22SCIEX%22+OR+%22ZenoTOF%22+OR+%22TripleTOF%22+OR+%22QTRAP%22+OR+%22Echo+MS%22%29+AND+%28%222026%2F06%2F02%22%5BDate+-+Publication%5D+%3A+%222026%2F08%2F01%22%5BDate+-+Publication%5D%29&retmode=json&retmax=0,Blocked,,,data/pubmed_query_observations.json,2026-08-02T20:05:13+00:00
eutils.ncbi.nlm.nih.gov/entrez/eutils/esearch.fcgi,https://eutils.ncbi.nlm.nih.gov/entrez/eutils/esearch.fcgi?db=pubmed&term=%28%22SCIEX%22+OR+%22ZenoTOF%22+OR+%22TripleTOF%22+OR+%22QTRAP%22+OR+%22Echo+MS%22%29+AND+%28%222026%2F06%2F03%22%5BDate+-+Publication%5D+%3A+%222026%2F08%2F02%22%5BDate+-+Publication%5D%29&retmode=json&retmax=0,429,https://eutils.ncbi.nlm.nih.gov/entrez/eutils/esearch.fcgi?db=pubmed&term=%28%22SCIEX%22+OR+%22ZenoTOF%22+OR+%22TripleTOF%22+OR+%22QTRAP%22+OR+%22Echo+MS%22%29+AND+%28%222026%2F06%2F03%22%5BDate+-+Publication%5D+%3A+%222026%2F08%2F02%22%5BDate+-+Publication%5D%29&retmode=json&retmax=0,Blocked,,,data/intelligence.json; data/pubmed_query_observations.json,2026-08-02T20:05:14+00:00
eutils.ncbi.nlm.nih.gov/entrez/eutils/esearch.fcgi,https://eutils.ncbi.nlm.nih.gov/entrez/eutils/esearch.fcgi?db=pubmed&term=%28%22SCIEX%22+OR+%22ZenoTOF%22+OR+%22TripleTOF%22+OR+%22QTRAP%22+OR+%22Echo+MS%22%29+AND+%28%222026%2F06%2F30%22%5BDate+-+Publication%5D+%3A+%222026%2F07%2F30%22%5BDate+-+Publication%5D%29&retmode=json&retmax=0,429,https://eutils.ncbi.nlm.nih.gov/entrez/eutils/esearch.fcgi?db=pubmed&term=%28%22SCIEX%22+OR+%22ZenoTOF%22+OR+%22TripleTOF%22+OR+%22QTRAP%22+OR+%22Echo+MS%22%29+AND+%28%222026%2F06%2F30%22%5BDate+-+Publication%5D+%3A+%222026%2F07%2F30%22%5BDate+-+Publication%5D%29&retmode=json&retmax=0,Blocked,,,data/pubmed_query_observations.json,2026-08-02T20:05:14+00:00
eutils.ncbi.nlm.nih.gov/entrez/eutils/esearch.fcgi,https://eutils.ncbi.nlm.nih.gov/entrez/eutils/esearch.fcgi?db=pubmed&term=%28%22SCIEX%22+OR+%22ZenoTOF%22+OR+%22TripleTOF%22+OR+%22QTRAP%22+OR+%22Echo+MS%22%29+AND+%28%222026%2F07%2F01%22%5BDate+-+Publication%5D+%3A+%222026%2F07%2F31%22%5BDate+-+Publication%5D%29&retmode=json&retmax=0,429,https://eutils.ncbi.nlm.nih.gov/entrez/eutils/esearch.fcgi?db=pubmed&term=%28%22SCIEX%22+OR+%22ZenoTOF%22+OR+%22TripleTOF%22+OR+%22QTRAP%22+OR+%22Echo+MS%22%29+AND+%28%222026%2F07%2F01%22%5BDate+-+Publication%5D+%3A+%222026%2F07%2F31%22%5BDate+-+Publication%5D%29&retmode=json&retmax=0,Blocked,,,data/pubmed_query_observations.json,2026-08-02T20:05:14+00:00
eutils.ncbi.nlm.nih.gov/entrez/eutils/esearch.fcgi,https://eutils.ncbi.nlm.nih.gov/entrez/eutils/esearch.fcgi?db=pubmed&term=%28%22SCIEX%22+OR+%22ZenoTOF%22+OR+%22TripleTOF%22+OR+%22QTRAP%22+OR+%22Echo+MS%22%29+AND+%28%222026%2F07%2F02%22%5BDate+-+Publication%5D+%3A+%222026%2F08%2F01%22%5BDate+-+Publication%5D%29&retmode=json&retmax=0,429,https://eutils.ncbi.nlm.nih.gov/entrez/eutils/esearch.fcgi?db=pubmed&term=%28%22SCIEX%22+OR+%22ZenoTOF%22+OR+%22TripleTOF%22+OR+%22QTRAP%22+OR+%22Echo+MS%22%29+AND+%28%222026%2F07%2F02%22%5BDate+-+Publication%5D+%3A+%222026%2F08%2F01%22%5BDate+-+Publication%5D%29&retmode=json&retmax=0,Blocked,,,data/pubmed_query_observations.json,2026-08-02T20:05:14+00:00
eutils.ncbi.nlm.nih.gov/entrez/eutils/esearch.fcgi,https://eutils.ncbi.nlm.nih.gov/entrez/eutils/esearch.fcgi?db=pubmed&term=%28%22SCIEX%22+OR+%22ZenoTOF%22+OR+%22TripleTOF%22+OR+%22QTRAP%22+OR+%22Echo+MS%22%29+AND+%28%222026%2F07%2F03%22%5BDate+-+Publication%5D+%3A+%222026%2F08%2F02%22%5BDate+-+Publication%5D%29&retmode=json&retmax=0,429,https://eutils.ncbi.nlm.nih.gov/entrez/eutils/esearch.fcgi?db=pubmed&term=%28%22SCIEX%22+OR+%22ZenoTOF%22+OR+%22TripleTOF%22+OR+%22QTRAP%22+OR+%22Echo+MS%22%29+AND+%28%222026%2F07%2F03%22%5BDate+-+Publication%5D+%3A+%222026%2F08%2F02%22%5BDate+-+Publication%5D%29&retmode=json&retmax=0,Blocked,,,data/intelligence.json; data/pubmed_query_observations.json,2026-08-02T20:05:14+00:00
eutils.ncbi.nlm.nih.gov/entrez/eutils/esearch.fcgi,https://eutils.ncbi.nlm.nih.gov/entrez/eutils/esearch.fcgi?db=pubmed&term=%28%22Shimadzu+LCMS%22+OR+%22Shimadzu+Nexera%22+OR+%22LCMS-8060%22+OR+%22LCMS-9030%22+OR+%22LCMS-9050%22%29+AND+%28%222021%2F07%2F31%22%5BDate+-+Publication%5D+%3A+%222026%2F07%2F30%22%5BDate+-+Publication%5D%29&retmode=json&retmax=0,429,https://eutils.ncbi.nlm.nih.gov/entrez/eutils/esearch.fcgi?db=pubmed&term=%28%22Shimadzu+LCMS%22+OR+%22Shimadzu+Nexera%22+OR+%22LCMS-8060%22+OR+%22LCMS-9030%22+OR+%22LCMS-9050%22%29+AND+%28%222021%2F07%2F31%22%5BDate+-+Publication%5D+%3A+%222026%2F07%2F30%22%5BDate+-+Publication%5D%29&retmode=json&retmax=0,Blocked,,,data/pubmed_query_observations.json,2026-08-02T20:05:14+00:00
eutils.ncbi.nlm.nih.gov/entrez/eutils/esearch.fcgi,https://eutils.ncbi.nlm.nih.gov/entrez/eutils/esearch.fcgi?db=pubmed&term=%28%22Shimadzu+LCMS%22+OR+%22Shimadzu+Nexera%22+OR+%22LCMS-8060%22+OR+%22LCMS-9030%22+OR+%22LCMS-9050%22%29+AND+%28%222021%2F08%2F01%22%5BDate+-+Publication%5D+%3A+%222026%2F07%2F31%22%5BDate+-+Publication%5D%29&retmode=json&retmax=0,429,https://eutils.ncbi.nlm.nih.gov/entrez/eutils/esearch.fcgi?db=pubmed&term=%28%22Shimadzu+LCMS%22+OR+%22Shimadzu+Nexera%22+OR+%22LCMS-8060%22+OR+%22LCMS-9030%22+OR+%22LCMS-9050%22%29+AND+%28%222021%2F08%2F01%22%5BDate+-+Publication%5D+%3A+%222026%2F07%2F31%22%5BDate+-+Publication%5D%29&retmode=json&retmax=0,Blocked,,,data/pubmed_query_observations.json,2026-08-02T20:05:14+00:00
eutils.ncbi.nlm.nih.gov/entrez/eutils/esearch.fcgi,https://eutils.ncbi.nlm.nih.gov/entrez/eutils/esearch.fcgi?db=pubmed&term=%28%22Shimadzu+LCMS%22+OR+%22Shimadzu+Nexera%22+OR+%22LCMS-8060%22+OR+%22LCMS-9030%22+OR+%22LCMS-9050%22%29+AND+%28%222021%2F08%2F02%22%5BDate+-+Publication%5D+%3A+%222026%2F08%2F01%22%5BDate+-+Publication%5D%29&retmode=json&retmax=0,429,https://eutils.ncbi.nlm.nih.gov/entrez/eutils/esearch.fcgi?db=pubmed&term=%28%22Shimadzu+LCMS%22+OR+%22Shimadzu+Nexera%22+OR+%22LCMS-8060%22+OR+%22LCMS-9030%22+OR+%22LCMS-9050%22%29+AND+%28%222021%2F08%2F02%22%5BDate+-+Publication%5D+%3A+%222026%2F08%2F01%22%5BDate+-+Publication%5D%29&retmode=json&retmax=0,Blocked,,,data/pubmed_query_observations.json,2026-08-02T20:05:14+00:00
eutils.ncbi.nlm.nih.gov/entrez/eutils/esearch.fcgi,https://eutils.ncbi.nlm.nih.gov/entrez/eutils/esearch.fcgi?db=pubmed&term=%28%22Shimadzu+LCMS%22+OR+%22Shimadzu+Nexera%22+OR+%22LCMS-8060%22+OR+%22LCMS-9030%22+OR+%22LCMS-9050%22%29+AND+%28%222021%2F08%2F03%22%5BDate+-+Publication%5D+%3A+%222026%2F08%2F02%22%5BDate+-+Publication%5D%29&retmode=json&retmax=0,429,https://eutils.ncbi.nlm.nih.gov/entrez/eutils/esearch.fcgi?db=pubmed&term=%28%22Shimadzu+LCMS%22+OR+%22Shimadzu+Nexera%22+OR+%22LCMS-8060%22+OR+%22LCMS-9030%22+OR+%22LCMS-9050%22%29+AND+%28%222021%2F08%2F03%22%5BDate+-+Publication%5D+%3A+%222026%2F08%2F02%22%5BDate+-+Publication%5D%29&retmode=json&retmax=0,Blocked,,,data/intelligence.json; data/pubmed_query_observations.json,2026-08-02T20:05:14+00:00
eutils.ncbi.nlm.nih.gov/entrez/eutils/esearch.fcgi,https://eutils.ncbi.nlm.nih.gov/entrez/eutils/esearch.fcgi?db=pubmed&term=%28%22Shimadzu+LCMS%22+OR+%22Shimadzu+Nexera%22+OR+%22LCMS-8060%22+OR+%22LCMS-9030%22+OR+%22LCMS-9050%22%29+AND+%28%222023%2F07%2F31%22%5BDate+-+Publication%5D+%3A+%222026%2F07%2F30%22%5BDate+-+Publication%5D%29&retmode=json&retmax=0,429,https://eutils.ncbi.nlm.nih.gov/entrez/eutils/esearch.fcgi?db=pubmed&term=%28%22Shimadzu+LCMS%22+OR+%22Shimadzu+Nexera%22+OR+%22LCMS-8060%22+OR+%22LCMS-9030%22+OR+%22LCMS-9050%22%29+AND+%28%222023%2F07%2F31%22%5BDate+-+Publication%5D+%3A+%222026%2F07%2F30%22%5BDate+-+Publication%5D%29&retmode=json&retmax=0,Blocked,,,data/pubmed_query_observations.json,2026-08-02T20:05:14+00:00
eutils.ncbi.nlm.nih.gov/entrez/eutils/esearch.fcgi,https://eutils.ncbi.nlm.nih.gov/entrez/eutils/esearch.fcgi?db=pubmed&term=%28%22Shimadzu+LCMS%22+OR+%22Shimadzu+Nexera%22+OR+%22LCMS-8060%22+OR+%22LCMS-9030%22+OR+%22LCMS-9050%22%29+AND+%28%222023%2F08%2F01%22%5BDate+-+Publication%5D+%3A+%222026%2F07%2F31%22%5BDate+-+Publication%5D%29&retmode=json&retmax=0,429,https://eutils.ncbi.nlm.nih.gov/entrez/eutils/esearch.fcgi?db=pubmed&term=%28%22Shimadzu+LCMS%22+OR+%22Shimadzu+Nexera%22+OR+%22LCMS-8060%22+OR+%22LCMS-9030%22+OR+%22LCMS-9050%22%29+AND+%28%222023%2F08%2F01%22%5BDate+-+Publication%5D+%3A+%222026%2F07%2F31%22%5BDate+-+Publication%5D%29&retmode=json&retmax=0,Blocked,,,data/pubmed_query_observations.json,2026-08-02T20:05:14+00:00
eutils.ncbi.nlm.nih.gov/entrez/eutils/esearch.fcgi,https://eutils.ncbi.nlm.nih.gov/entrez/eutils/esearch.fcgi?db=pubmed&term=%28%22Shimadzu+LCMS%22+OR+%22Shimadzu+Nexera%22+OR+%22LCMS-8060%22+OR+%22LCMS-9030%22+OR+%22LCMS-9050%22%29+AND+%28%222023%2F08%2F02%22%5BDate+-+Publication%5D+%3A+%222026%2F08%2F01%22%5BDate+-+Publication%5D%29&retmode=json&retmax=0,429,https://eutils.ncbi.nlm.nih.gov/entrez/eutils/esearch.fcgi?db=pubmed&term=%28%22Shimadzu+LCMS%22+OR+%22Shimadzu+Nexera%22+OR+%22LCMS-8060%22+OR+%22LCMS-9030%22+OR+%22LCMS-9050%22%29+AND+%28%222023%2F08%2F02%22%5BDate+-+Publication%5D+%3A+%222026%2F08%2F01%22%5BDate+-+Publication%5D%29&retmode=json&retmax=0,Blocked,,,data/pubmed_query_observations.json,2026-08-02T20:05:14+00:00
eutils.ncbi.nlm.nih.gov/entrez/eutils/esearch.fcgi,https://eutils.ncbi.nlm.nih.gov/entrez/eutils/esearch.fcgi?db=pubmed&term=%28%22Shimadzu+LCMS%22+OR+%22Shimadzu+Nexera%22+OR+%22LCMS-8060%22+OR+%22LCMS-9030%22+OR+%22LCMS-9050%22%29+AND+%28%222023%2F08%2F03%22%5BDate+-+Publication%5D+%3A+%222026%2F08%2F02%22%5BDate+-+Publication%5D%29&retmode=json&retmax=0,429,https://eutils.ncbi.nlm.nih.gov/entrez/eutils/esearch.fcgi?db=pubmed&term=%28%22Shimadzu+LCMS%22+OR+%22Shimadzu+Nexera%22+OR+%22LCMS-8060%22+OR+%22LCMS-9030%22+OR+%22LCMS-9050%22%29+AND+%28%222023%2F08%2F03%22%5BDate+-+Publication%5D+%3A+%222026%2F08%2F02%22%5BDate+-+Publication%5D%29&retmode=json&retmax=0,Blocked,,,data/intelligence.json; data/pubmed_query_observations.json,2026-08-02T20:05:14+00:00
eutils.ncbi.nlm.nih.gov/entrez/eutils/esearch.fcgi,https://eutils.ncbi.nlm.nih.gov/entrez/eutils/esearch.fcgi?db=pubmed&term=%28%22Shimadzu+LCMS%22+OR+%22Shimadzu+Nexera%22+OR+%22LCMS-8060%22+OR+%22LCMS-9030%22+OR+%22LCMS-9050%22%29+AND+%28%222025%2F07%2F30%22%5BDate+-+Publication%5D+%3A+%222026%2F07%2F30%22%5BDate+-+Publication%5D%29&retmode=json&retmax=0,429,https://eutils.ncbi.nlm.nih.gov/entrez/eutils/esearch.fcgi?db=pubmed&term=%28%22Shimadzu+LCMS%22+OR+%22Shimadzu+Nexera%22+OR+%22LCMS-8060%22+OR+%22LCMS-9030%22+OR+%22LCMS-9050%22%29+AND+%28%222025%2F07%2F30%22%5BDate+-+Publication%5D+%3A+%222026%2F07%2F30%22%5BDate+-+Publication%5D%29&retmode=json&retmax=0,Blocked,,,data/pubmed_query_observations.json,2026-08-02T20:05:15+00:00
eutils.ncbi.nlm.nih.gov/entrez/eutils/esearch.fcgi,https://eutils.ncbi.nlm.nih.gov/entrez/eutils/esearch.fcgi?db=pubmed&term=%28%22Shimadzu+LCMS%22+OR+%22Shimadzu+Nexera%22+OR+%22LCMS-8060%22+OR+%22LCMS-9030%22+OR+%22LCMS-9050%22%29+AND+%28%222025%2F07%2F31%22%5BDate+-+Publication%5D+%3A+%222026%2F07%2F31%22%5BDate+-+Publication%5D%29&retmode=json&retmax=0,429,https://eutils.ncbi.nlm.nih.gov/entrez/eutils/esearch.fcgi?db=pubmed&term=%28%22Shimadzu+LCMS%22+OR+%22Shimadzu+Nexera%22+OR+%22LCMS-8060%22+OR+%22LCMS-9030%22+OR+%22LCMS-9050%22%29+AND+%28%222025%2F07%2F31%22%5BDate+-+Publication%5D+%3A+%222026%2F07%2F31%22%5BDate+-+Publication%5D%29&retmode=json&retmax=0,Blocked,,,data/pubmed_query_observations.json,2026-08-02T20:05:15+00:00
eutils.ncbi.nlm.nih.gov/entrez/eutils/esearch.fcgi,https://eutils.ncbi.nlm.nih.gov/entrez/eutils/esearch.fcgi?db=pubmed&term=%28%22Shimadzu+LCMS%22+OR+%22Shimadzu+Nexera%22+OR+%22LCMS-8060%22+OR+%22LCMS-9030%22+OR+%22LCMS-9050%22%29+AND+%28%222025%2F08%2F01%22%5BDate+-+Publication%5D+%3A+%222026%2F08%2F01%22%5BDate+-+Publication%5D%29&retmode=json&retmax=0,429,https://eutils.ncbi.nlm.nih.gov/entrez/eutils/esearch.fcgi?db=pubmed&term=%28%22Shimadzu+LCMS%22+OR+%22Shimadzu+Nexera%22+OR+%22LCMS-8060%22+OR+%22LCMS-9030%22+OR+%22LCMS-9050%22%29+AND+%28%222025%2F08%2F01%22%5BDate+-+Publication%5D+%3A+%222026%2F08%2F01%22%5BDate+-+Publication%5D%29&retmode=json&retmax=0,Blocked,,,data/pubmed_query_observations.json,2026-08-02T20:05:15+00:00
eutils.ncbi.nlm.nih.gov/entrez/eutils/esearch.fcgi,https://eutils.ncbi.nlm.nih.gov/entrez/eutils/esearch.fcgi?db=pubmed&term=%28%22Shimadzu+LCMS%22+OR+%22Shimadzu+Nexera%22+OR+%22LCMS-8060%22+OR+%22LCMS-9030%22+OR+%22LCMS-9050%22%29+AND+%28%222025%2F08%2F02%22%5BDate+-+Publication%5D+%3A+%222026%2F08%2F02%22%5BDate+-+Publication%5D%29&retmode=json&retmax=0,429,https://eutils.ncbi.nlm.nih.gov/entrez/eutils/esearch.fcgi?db=pubmed&term=%28%22Shimadzu+LCMS%22+OR+%22Shimadzu+Nexera%22+OR+%22LCMS-8060%22+OR+%22LCMS-9030%22+OR+%22LCMS-9050%22%29+AND+%28%222025%2F08%2F02%22%5BDate+-+Publication%5D+%3A+%222026%2F08%2F02%22%5BDate+-+Publication%5D%29&retmode=json&retmax=0,Blocked,,,data/intelligence.json; data/pubmed_query_observations.json,2026-08-02T20:05:15+00:00
eutils.ncbi.nlm.nih.gov/entrez/eutils/esearch.fcgi,https://eutils.ncbi.nlm.nih.gov/entrez/eutils/esearch.fcgi?db=pubmed&term=%28%22Shimadzu+LCMS%22+OR+%22Shimadzu+Nexera%22+OR+%22LCMS-8060%22+OR+%22LCMS-9030%22+OR+%22LCMS-9050%22%29+AND+%28%222026%2F05%2F01%22%5BDate+-+Publication%5D+%3A+%222026%2F07%2F30%22%5BDate+-+Publication%5D%29&retmode=json&retmax=0,429,https://eutils.ncbi.nlm.nih.gov/entrez/eutils/esearch.fcgi?db=pubmed&term=%28%22Shimadzu+LCMS%22+OR+%22Shimadzu+Nexera%22+OR+%22LCMS-8060%22+OR+%22LCMS-9030%22+OR+%22LCMS-9050%22%29+AND+%28%222026%2F05%2F01%22%5BDate+-+Publication%5D+%3A+%222026%2F07%2F30%22%5BDate+-+Publication%5D%29&retmode=json&retmax=0,Blocked,,,data/pubmed_query_observations.json,2026-08-02T20:05:15+00:00
eutils.ncbi.nlm.nih.gov/entrez/eutils/esearch.fcgi,https://eutils.ncbi.nlm.nih.gov/entrez/eutils/esearch.fcgi?db=pubmed&term=%28%22Shimadzu+LCMS%22+OR+%22Shimadzu+Nexera%22+OR+%22LCMS-8060%22+OR+%22LCMS-9030%22+OR+%22LCMS-9050%22%29+AND+%28%222026%2F05%2F02%22%5BDate+-+Publication%5D+%3A+%222026%2F07%2F31%22%5BDate+-+Publication%5D%29&retmode=json&retmax=0,429,https://eutils.ncbi.nlm.nih.gov/entrez/eutils/esearch.fcgi?db=pubmed&term=%28%22Shimadzu+LCMS%22+OR+%22Shimadzu+Nexera%22+OR+%22LCMS-8060%22+OR+%22LCMS-9030%22+OR+%22LCMS-9050%22%29+AND+%28%222026%2F05%2F02%22%5BDate+-+Publication%5D+%3A+%222026%2F07%2F31%22%5BDate+-+Publication%5D%29&retmode=json&retmax=0,Blocked,,,data/pubmed_query_observations.json,2026-08-02T20:05:15+00:00
eutils.ncbi.nlm.nih.gov/entrez/eutils/esearch.fcgi,https://eutils.ncbi.nlm.nih.gov/entrez/eutils/esearch.fcgi?db=pubmed&term=%28%22Shimadzu+LCMS%22+OR+%22Shimadzu+Nexera%22+OR+%22LCMS-8060%22+OR+%22LCMS-9030%22+OR+%22LCMS-9050%22%29+AND+%28%222026%2F05%2F03%22%5BDate+-+Publication%5D+%3A+%222026%2F08%2F01%22%5BDate+-+Publication%5D%29&retmode=json&retmax=0,429,https://eutils.ncbi.nlm.nih.gov/entrez/eutils/esearch.fcgi?db=pubmed&term=%28%22Shimadzu+LCMS%22+OR+%22Shimadzu+Nexera%22+OR+%22LCMS-8060%22+OR+%22LCMS-9030%22+OR+%22LCMS-9050%22%29+AND+%28%222026%2F05%2F03%22%5BDate+-+Publication%5D+%3A+%222026%2F08%2F01%22%5BDate+-+Publication%5D%29&retmode=json&retmax=0,Blocked,,,data/pubmed_query_observations.json,2026-08-02T20:05:15+00:00
eutils.ncbi.nlm.nih.gov/entrez/eutils/esearch.fcgi,https://eutils.ncbi.nlm.nih.gov/entrez/eutils/esearch.fcgi?db=pubmed&term=%28%22Shimadzu+LCMS%22+OR+%22Shimadzu+Nexera%22+OR+%22LCMS-8060%22+OR+%22LCMS-9030%22+OR+%22LCMS-9050%22%29+AND+%28%222026%2F05%2F04%22%5BDate+-+Publication%5D+%3A+%222026%2F08%2F02%22%5BDate+-+Publication%5D%29&retmode=json&retmax=0,429,https://eutils.ncbi.nlm.nih.gov/entrez/eutils/esearch.fcgi?db=pubmed&term=%28%22Shimadzu+LCMS%22+OR+%22Shimadzu+Nexera%22+OR+%22LCMS-8060%22+OR+%22LCMS-9030%22+OR+%22LCMS-9050%22%29+AND+%28%222026%2F05%2F04%22%5BDate+-+Publication%5D+%3A+%222026%2F08%2F02%22%5BDate+-+Publication%5D%29&retmode=json&retmax=0,Blocked,,,data/intelligence.json; data/pubmed_query_observations.json,2026-08-02T20:05:15+00:00
eutils.ncbi.nlm.nih.gov/entrez/eutils/esearch.fcgi,https://eutils.ncbi.nlm.nih.gov/entrez/eutils/esearch.fcgi?db=pubmed&term=%28%22Shimadzu+LCMS%22+OR+%22Shimadzu+Nexera%22+OR+%22LCMS-8060%22+OR+%22LCMS-9030%22+OR+%22LCMS-9050%22%29+AND+%28%222026%2F05%2F31%22%5BDate+-+Publication%5D+%3A+%222026%2F07%2F30%22%5BDate+-+Publication%5D%29&retmode=json&retmax=0,429,https://eutils.ncbi.nlm.nih.gov/entrez/eutils/esearch.fcgi?db=pubmed&term=%28%22Shimadzu+LCMS%22+OR+%22Shimadzu+Nexera%22+OR+%22LCMS-8060%22+OR+%22LCMS-9030%22+OR+%22LCMS-9050%22%29+AND+%28%222026%2F05%2F31%22%5BDate+-+Publication%5D+%3A+%222026%2F07%2F30%22%5BDate+-+Publication%5D%29&retmode=json&retmax=0,Blocked,,,data/pubmed_query_observations.json,2026-08-02T20:05:15+00:00
eutils.ncbi.nlm.nih.gov/entrez/eutils/esearch.fcgi,https://eutils.ncbi.nlm.nih.gov/entrez/eutils/esearch.fcgi?db=pubmed&term=%28%22Shimadzu+LCMS%22+OR+%22Shimadzu+Nexera%22+OR+%22LCMS-8060%22+OR+%22LCMS-9030%22+OR+%22LCMS-9050%22%29+AND+%28%222026%2F06%2F01%22%5BDate+-+Publication%5D+%3A+%222026%2F07%2F31%22%5BDate+-+Publication%5D%29&retmode=json&retmax=0,429,https://eutils.ncbi.nlm.nih.gov/entrez/eutils/esearch.fcgi?db=pubmed&term=%28%22Shimadzu+LCMS%22+OR+%22Shimadzu+Nexera%22+OR+%22LCMS-8060%22+OR+%22LCMS-9030%22+OR+%22LCMS-9050%22%29+AND+%28%222026%2F06%2F01%22%5BDate+-+Publication%5D+%3A+%222026%2F07%2F31%22%5BDate+-+Publication%5D%29&retmode=json&retmax=0,Blocked,,,data/pubmed_query_observations.json,2026-08-02T20:05:15+00:00
eutils.ncbi.nlm.nih.gov/entrez/eutils/esearch.fcgi,https://eutils.ncbi.nlm.nih.gov/entrez/eutils/esearch.fcgi?db=pubmed&term=%28%22Shimadzu+LCMS%22+OR+%22Shimadzu+Nexera%22+OR+%22LCMS-8060%22+OR+%22LCMS-9030%22+OR+%22LCMS-9050%22%29+AND+%28%222026%2F06%2F02%22%5BDate+-+Publication%5D+%3A+%222026%2F08%2F01%22%5BDate+-+Publication%5D%29&retmode=json&retmax=0,429,https://eutils.ncbi.nlm.nih.gov/entrez/eutils/esearch.fcgi?db=pubmed&term=%28%22Shimadzu+LCMS%22+OR+%22Shimadzu+Nexera%22+OR+%22LCMS-8060%22+OR+%22LCMS-9030%22+OR+%22LCMS-9050%22%29+AND+%28%222026%2F06%2F02%22%5BDate+-+Publication%5D+%3A+%222026%2F08%2F01%22%5BDate+-+Publication%5D%29&retmode=json&retmax=0,Blocked,,,data/pubmed_query_observations.json,2026-08-02T20:05:15+00:00
eutils.ncbi.nlm.nih.gov/entrez/eutils/esearch.fcgi,https://eutils.ncbi.nlm.nih.gov/entrez/eutils/esearch.fcgi?db=pubmed&term=%28%22Shimadzu+LCMS%22+OR+%22Shimadzu+Nexera%22+OR+%22LCMS-8060%22+OR+%22LCMS-9030%22+OR+%22LCMS-9050%22%29+AND+%28%222026%2F06%2F03%22%5BDate+-+Publication%5D+%3A+%222026%2F08%2F02%22%5BDate+-+Publication%5D%29&retmode=json&retmax=0,429,https://eutils.ncbi.nlm.nih.gov/entrez/eutils/esearch.fcgi?db=pubmed&term=%28%22Shimadzu+LCMS%22+OR+%22Shimadzu+Nexera%22+OR+%22LCMS-8060%22+OR+%22LCMS-9030%22+OR+%22LCMS-9050%22%29+AND+%28%222026%2F06%2F03%22%5BDate+-+Publication%5D+%3A+%222026%2F08%2F02%22%5BDate+-+Publication%5D%29&retmode=json&retmax=0,Blocked,,,data/intelligence.json; data/pubmed_query_observations.json,2026-08-02T20:05:15+00:00
eutils.ncbi.nlm.nih.gov/entrez/eutils/esearch.fcgi,https://eutils.ncbi.nlm.nih.gov/entrez/eutils/esearch.fcgi?db=pubmed&term=%28%22Shimadzu+LCMS%22+OR+%22Shimadzu+Nexera%22+OR+%22LCMS-8060%22+OR+%22LCMS-9030%22+OR+%22LCMS-9050%22%29+AND+%28%222026%2F06%2F30%22%5BDate+-+Publication%5D+%3A+%222026%2F07%2F30%22%5BDate+-+Publication%5D%29&retmode=json&retmax=0,429,https://eutils.ncbi.nlm.nih.gov/entrez/eutils/esearch.fcgi?db=pubmed&term=%28%22Shimadzu+LCMS%22+OR+%22Shimadzu+Nexera%22+OR+%22LCMS-8060%22+OR+%22LCMS-9030%22+OR+%22LCMS-9050%22%29+AND+%28%222026%2F06%2F30%22%5BDate+-+Publication%5D+%3A+%222026%2F07%2F30%22%5BDate+-+Publication%5D%29&retmode=json&retmax=0,Blocked,,,data/pubmed_query_observations.json,2026-08-02T20:05:15+00:00
eutils.ncbi.nlm.nih.gov/entrez/eutils/esearch.fcgi,https://eutils.ncbi.nlm.nih.gov/entrez/eutils/esearch.fcgi?db=pubmed&term=%28%22Shimadzu+LCMS%22+OR+%22Shimadzu+Nexera%22+OR+%22LCMS-8060%22+OR+%22LCMS-9030%22+OR+%22LCMS-9050%22%29+AND+%28%222026%2F07%2F01%22%5BDate+-+Publication%5D+%3A+%222026%2F07%2F31%22%5BDate+-+Publication%5D%29&retmode=json&retmax=0,429,https://eutils.ncbi.nlm.nih.gov/entrez/eutils/esearch.fcgi?db=pubmed&term=%28%22Shimadzu+LCMS%22+OR+%22Shimadzu+Nexera%22+OR+%22LCMS-8060%22+OR+%22LCMS-9030%22+OR+%22LCMS-9050%22%29+AND+%28%222026%2F07%2F01%22%5BDate+-+Publication%5D+%3A+%222026%2F07%2F31%22%5BDate+-+Publication%5D%29&retmode=json&retmax=0,Blocked,,,data/pubmed_query_observations.json,2026-08-02T20:05:15+00:00
eutils.ncbi.nlm.nih.gov/entrez/eutils/esearch.fcgi,https://eutils.ncbi.nlm.nih.gov/entrez/eutils/esearch.fcgi?db=pubmed&term=%28%22Shimadzu+LCMS%22+OR+%22Shimadzu+Nexera%22+OR+%22LCMS-8060%22+OR+%22LCMS-9030%22+OR+%22LCMS-9050%22%29+AND+%28%222026%2F07%2F02%22%5BDate+-+Publication%5D+%3A+%222026%2F08%2F01%22%5BDate+-+Publication%5D%29&retmode=json&retmax=0,429,https://eutils.ncbi.nlm.nih.gov/entrez/eutils/esearch.fcgi?db=pubmed&term=%28%22Shimadzu+LCMS%22+OR+%22Shimadzu+Nexera%22+OR+%22LCMS-8060%22+OR+%22LCMS-9030%22+OR+%22LCMS-9050%22%29+AND+%28%222026%2F07%2F02%22%5BDate+-+Publication%5D+%3A+%222026%2F08%2F01%22%5BDate+-+Publication%5D%29&retmode=json&retmax=0,Blocked,,,data/pubmed_query_observations.json,2026-08-02T20:05:15+00:00
eutils.ncbi.nlm.nih.gov/entrez/eutils/esearch.fcgi,https://eutils.ncbi.nlm.nih.gov/entrez/eutils/esearch.fcgi?db=pubmed&term=%28%22Shimadzu+LCMS%22+OR+%22Shimadzu+Nexera%22+OR+%22LCMS-8060%22+OR+%22LCMS-9030%22+OR+%22LCMS-9050%22%29+AND+%28%222026%2F07%2F03%22%5BDate+-+Publication%5D+%3A+%222026%2F08%2F02%22%5BDate+-+Publication%5D%29&retmode=json&retmax=0,429,https://eutils.ncbi.nlm.nih.gov/entrez/eutils/esearch.fcgi?db=pubmed&term=%28%22Shimadzu+LCMS%22+OR+%22Shimadzu+Nexera%22+OR+%22LCMS-8060%22+OR+%22LCMS-9030%22+OR+%22LCMS-9050%22%29+AND+%28%222026%2F07%2F03%22%5BDate+-+Publication%5D+%3A+%222026%2F08%2F02%22%5BDate+-+Publication%5D%29&retmode=json&retmax=0,Blocked,,,data/intelligence.json; data/pubmed_query_observations.json,2026-08-02T20:05:15+00:00
eutils.ncbi.nlm.nih.gov/entrez/eutils/esearch.fcgi,https://eutils.ncbi.nlm.nih.gov/entrez/eutils/esearch.fcgi?db=pubmed&term=%28%28%22laboratory+automation%22+OR+%22workflow+software%22+OR+%22AI%22%29+AND+%28%22LC-MS%22+OR+chromatography+OR+%22mass+spectrometry%22%29%29+AND+%28%222021%2F07%2F31%22%5BDate+-+Publication%5D+%3A+%222026%2F07%2F30%22%5BDate+-+Publication%5D%29&retmode=json&retmax=0,429,https://eutils.ncbi.nlm.nih.gov/entrez/eutils/esearch.fcgi?db=pubmed&term=%28%28%22laboratory+automation%22+OR+%22workflow+software%22+OR+%22AI%22%29+AND+%28%22LC-MS%22+OR+chromatography+OR+%22mass+spectrometry%22%29%29+AND+%28%222021%2F07%2F31%22%5BDate+-+Publication%5D+%3A+%222026%2F07%2F30%22%5BDate+-+Publication%5D%29&retmode=json&retmax=0,Blocked,,,data/pubmed_query_observations.json,2026-08-02T20:05:16+00:00
eutils.ncbi.nlm.nih.gov/entrez/eutils/esearch.fcgi,https://eutils.ncbi.nlm.nih.gov/entrez/eutils/esearch.fcgi?db=pubmed&term=%28%28%22laboratory+automation%22+OR+%22workflow+software%22+OR+%22AI%22%29+AND+%28%22LC-MS%22+OR+chromatography+OR+%22mass+spectrometry%22%29%29+AND+%28%222021%2F08%2F01%22%5BDate+-+Publication%5D+%3A+%222026%2F07%2F31%22%5BDate+-+Publication%5D%29&retmode=json&retmax=0,429,https://eutils.ncbi.nlm.nih.gov/entrez/eutils/esearch.fcgi?db=pubmed&term=%28%28%22laboratory+automation%22+OR+%22workflow+software%22+OR+%22AI%22%29+AND+%28%22LC-MS%22+OR+chromatography+OR+%22mass+spectrometry%22%29%29+AND+%28%222021%2F08%2F01%22%5BDate+-+Publication%5D+%3A+%222026%2F07%2F31%22%5BDate+-+Publication%5D%29&retmode=json&retmax=0,Blocked,,,data/pubmed_query_observations.json,2026-08-02T20:05:16+00:00
eutils.ncbi.nlm.nih.gov/entrez/eutils/esearch.fcgi,https://eutils.ncbi.nlm.nih.gov/entrez/eutils/esearch.fcgi?db=pubmed&term=%28%28%22laboratory+automation%22+OR+%22workflow+software%22+OR+%22AI%22%29+AND+%28%22LC-MS%22+OR+chromatography+OR+%22mass+spectrometry%22%29%29+AND+%28%222021%2F08%2F02%22%5BDate+-+Publication%5D+%3A+%222026%2F08%2F01%22%5BDate+-+Publication%5D%29&retmode=json&retmax=0,429,https://eutils.ncbi.nlm.nih.gov/entrez/eutils/esearch.fcgi?db=pubmed&term=%28%28%22laboratory+automation%22+OR+%22workflow+software%22+OR+%22AI%22%29+AND+%28%22LC-MS%22+OR+chromatography+OR+%22mass+spectrometry%22%29%29+AND+%28%222021%2F08%2F02%22%5BDate+-+Publication%5D+%3A+%222026%2F08%2F01%22%5BDate+-+Publication%5D%29&retmode=json&retmax=0,Blocked,,,data/pubmed_query_observations.json,2026-08-02T20:05:16+00:00
eutils.ncbi.nlm.nih.gov/entrez/eutils/esearch.fcgi,https://eutils.ncbi.nlm.nih.gov/entrez/eutils/esearch.fcgi?db=pubmed&term=%28%28%22laboratory+automation%22+OR+%22workflow+software%22+OR+%22AI%22%29+AND+%28%22LC-MS%22+OR+chromatography+OR+%22mass+spectrometry%22%29%29+AND+%28%222021%2F08%2F03%22%5BDate+-+Publication%5D+%3A+%222026%2F08%2F02%22%5BDate+-+Publication%5D%29&retmode=json&retmax=0,429,https://eutils.ncbi.nlm.nih.gov/entrez/eutils/esearch.fcgi?db=pubmed&term=%28%28%22laboratory+automation%22+OR+%22workflow+software%22+OR+%22AI%22%29+AND+%28%22LC-MS%22+OR+chromatography+OR+%22mass+spectrometry%22%29%29+AND+%28%222021%2F08%2F03%22%5BDate+-+Publication%5D+%3A+%222026%2F08%2F02%22%5BDate+-+Publication%5D%29&retmode=json&retmax=0,Blocked,,,data/intelligence.json; data/pubmed_query_observations.json,2026-08-02T20:05:16+00:00
eutils.ncbi.nlm.nih.gov/entrez/eutils/esearch.fcgi,https://eutils.ncbi.nlm.nih.gov/entrez/eutils/esearch.fcgi?db=pubmed&term=%28%28%22laboratory+automation%22+OR+%22workflow+software%22+OR+%22AI%22%29+AND+%28%22LC-MS%22+OR+chromatography+OR+%22mass+spectrometry%22%29%29+AND+%28%222023%2F07%2F31%22%5BDate+-+Publication%5D+%3A+%222026%2F07%2F30%22%5BDate+-+Publication%5D%29&retmode=json&retmax=0,429,https://eutils.ncbi.nlm.nih.gov/entrez/eutils/esearch.fcgi?db=pubmed&term=%28%28%22laboratory+automation%22+OR+%22workflow+software%22+OR+%22AI%22%29+AND+%28%22LC-MS%22+OR+chromatography+OR+%22mass+spectrometry%22%29%29+AND+%28%222023%2F07%2F31%22%5BDate+-+Publication%5D+%3A+%222026%2F07%2F30%22%5BDate+-+Publication%5D%29&retmode=json&retmax=0,Blocked,,,data/pubmed_query_observations.json,2026-08-02T20:05:16+00:00
eutils.ncbi.nlm.nih.gov/entrez/eutils/esearch.fcgi,https://eutils.ncbi.nlm.nih.gov/entrez/eutils/esearch.fcgi?db=pubmed&term=%28%28%22laboratory+automation%22+OR+%22workflow+software%22+OR+%22AI%22%29+AND+%28%22LC-MS%22+OR+chromatography+OR+%22mass+spectrometry%22%29%29+AND+%28%222023%2F08%2F01%22%5BDate+-+Publication%5D+%3A+%222026%2F07%2F31%22%5BDate+-+Publication%5D%29&retmode=json&retmax=0,429,https://eutils.ncbi.nlm.nih.gov/entrez/eutils/esearch.fcgi?db=pubmed&term=%28%28%22laboratory+automation%22+OR+%22workflow+software%22+OR+%22AI%22%29+AND+%28%22LC-MS%22+OR+chromatography+OR+%22mass+spectrometry%22%29%29+AND+%28%222023%2F08%2F01%22%5BDate+-+Publication%5D+%3A+%222026%2F07%2F31%22%5BDate+-+Publication%5D%29&retmode=json&retmax=0,Blocked,,,data/pubmed_query_observations.json,2026-08-02T20:05:16+00:00
eutils.ncbi.nlm.nih.gov/entrez/eutils/esearch.fcgi,https://eutils.ncbi.nlm.nih.gov/entrez/eutils/esearch.fcgi?db=pubmed&term=%28%28%22laboratory+automation%22+OR+%22workflow+software%22+OR+%22AI%22%29+AND+%28%22LC-MS%22+OR+chromatography+OR+%22mass+spectrometry%22%29%29+AND+%28%222023%2F08%2F02%22%5BDate+-+Publication%5D+%3A+%222026%2F08%2F01%22%5BDate+-+Publication%5D%29&retmode=json&retmax=0,429,https://eutils.ncbi.nlm.nih.gov/entrez/eutils/esearch.fcgi?db=pubmed&term=%28%28%22laboratory+automation%22+OR+%22workflow+software%22+OR+%22AI%22%29+AND+%28%22LC-MS%22+OR+chromatography+OR+%22mass+spectrometry%22%29%29+AND+%28%222023%2F08%2F02%22%5BDate+-+Publication%5D+%3A+%222026%2F08%2F01%22%5BDate+-+Publication%5D%29&retmode=json&retmax=0,Blocked,,,data/pubmed_query_observations.json,2026-08-02T20:05:16+00:00
eutils.ncbi.nlm.nih.gov/entrez/eutils/esearch.fcgi,https://eutils.ncbi.nlm.nih.gov/entrez/eutils/esearch.fcgi?db=pubmed&term=%28%28%22laboratory+automation%22+OR+%22workflow+software%22+OR+%22AI%22%29+AND+%28%22LC-MS%22+OR+chromatography+OR+%22mass+spectrometry%22%29%29+AND+%28%222023%2F08%2F03%22%5BDate+-+Publication%5D+%3A+%222026%2F08%2F02%22%5BDate+-+Publication%5D%29&retmode=json&retmax=0,429,https://eutils.ncbi.nlm.nih.gov/entrez/eutils/esearch.fcgi?db=pubmed&term=%28%28%22laboratory+automation%22+OR+%22workflow+software%22+OR+%22AI%22%29+AND+%28%22LC-MS%22+OR+chromatography+OR+%22mass+spectrometry%22%29%29+AND+%28%222023%2F08%2F03%22%5BDate+-+Publication%5D+%3A+%222026%2F08%2F02%22%5BDate+-+Publication%5D%29&retmode=json&retmax=0,Blocked,,,data/intelligence.json; data/pubmed_query_observations.json,2026-08-02T20:05:16+00:00
eutils.ncbi.nlm.nih.gov/entrez/eutils/esearch.fcgi,https://eutils.ncbi.nlm.nih.gov/entrez/eutils/esearch.fcgi?db=pubmed&term=%28%28%22laboratory+automation%22+OR+%22workflow+software%22+OR+%22AI%22%29+AND+%28%22LC-MS%22+OR+chromatography+OR+%22mass+spectrometry%22%29%29+AND+%28%222025%2F07%2F30%22%5BDate+-+Publication%5D+%3A+%222026%2F07%2F30%22%5BDate+-+Publication%5D%29&retmode=json&retmax=0,200,https://eutils.ncbi.nlm.nih.gov/entrez/eutils/esearch.fcgi?db=pubmed&term=%28%28%22laboratory+automation%22+OR+%22workflow+software%22+OR+%22AI%22%29+AND+%28%22LC-MS%22+OR+chromatography+OR+%22mass+spectrometry%22%29%29+AND+%28%222025%2F07%2F30%22%5BDate+-+Publication%5D+%3A+%222026%2F07%2F30%22%5BDate+-+Publication%5D%29&retmode=json&retmax=0,OK,,,data/pubmed_query_observations.json,2026-08-02T20:05:16+00:00
eutils.ncbi.nlm.nih.gov/entrez/eutils/esearch.fcgi,https://eutils.ncbi.nlm.nih.gov/entrez/eutils/esearch.fcgi?db=pubmed&term=%28%28%22laboratory+automation%22+OR+%22workflow+software%22+OR+%22AI%22%29+AND+%28%22LC-MS%22+OR+chromatography+OR+%22mass+spectrometry%22%29%29+AND+%28%222025%2F07%2F31%22%5BDate+-+Publication%5D+%3A+%222026%2F07%2F31%22%5BDate+-+Publication%5D%29&retmode=json&retmax=0,429,https://eutils.ncbi.nlm.nih.gov/entrez/eutils/esearch.fcgi?db=pubmed&term=%28%28%22laboratory+automation%22+OR+%22workflow+software%22+OR+%22AI%22%29+AND+%28%22LC-MS%22+OR+chromatography+OR+%22mass+spectrometry%22%29%29+AND+%28%222025%2F07%2F31%22%5BDate+-+Publication%5D+%3A+%222026%2F07%2F31%22%5BDate+-+Publication%5D%29&retmode=json&retmax=0,Blocked,,,data/pubmed_query_observations.json,2026-08-02T20:05:16+00:00
eutils.ncbi.nlm.nih.gov/entrez/eutils/esearch.fcgi,https://eutils.ncbi.nlm.nih.gov/entrez/eutils/esearch.fcgi?db=pubmed&term=%28%28%22laboratory+automation%22+OR+%22workflow+software%22+OR+%22AI%22%29+AND+%28%22LC-MS%22+OR+chromatography+OR+%22mass+spectrometry%22%29%29+AND+%28%222025%2F08%2F01%22%5BDate+-+Publication%5D+%3A+%222026%2F08%2F01%22%5BDate+-+Publication%5D%29&retmode=json&retmax=0,429,https://eutils.ncbi.nlm.nih.gov/entrez/eutils/esearch.fcgi?db=pubmed&term=%28%28%22laboratory+automation%22+OR+%22workflow+software%22+OR+%22AI%22%29+AND+%28%22LC-MS%22+OR+chromatography+OR+%22mass+spectrometry%22%29%29+AND+%28%222025%2F08%2F01%22%5BDate+-+Publication%5D+%3A+%222026%2F08%2F01%22%5BDate+-+Publication%5D%29&retmode=json&retmax=0,Blocked,,,data/pubmed_query_observations.json,2026-08-02T20:05:16+00:00
eutils.ncbi.nlm.nih.gov/entrez/eutils/esearch.fcgi,https://eutils.ncbi.nlm.nih.gov/entrez/eutils/esearch.fcgi?db=pubmed&term=%28%28%22laboratory+automation%22+OR+%22workflow+software%22+OR+%22AI%22%29+AND+%28%22LC-MS%22+OR+chromatography+OR+%22mass+spectrometry%22%29%29+AND+%28%222025%2F08%2F02%22%5BDate+-+Publication%5D+%3A+%222026%2F08%2F02%22%5BDate+-+Publication%5D%29&retmode=json&retmax=0,429,https://eutils.ncbi.nlm.nih.gov/entrez/eutils/esearch.fcgi?db=pubmed&term=%28%28%22laboratory+automation%22+OR+%22workflow+software%22+OR+%22AI%22%29+AND+%28%22LC-MS%22+OR+chromatography+OR+%22mass+spectrometry%22%29%29+AND+%28%222025%2F08%2F02%22%5BDate+-+Publication%5D+%3A+%222026%2F08%2F02%22%5BDate+-+Publication%5D%29&retmode=json&retmax=0,Blocked,,,data/intelligence.json; data/pubmed_query_observations.json,2026-08-02T20:05:16+00:00
eutils.ncbi.nlm.nih.gov/entrez/eutils/esearch.fcgi,https://eutils.ncbi.nlm.nih.gov/entrez/eutils/esearch.fcgi?db=pubmed&term=%28%28%22laboratory+automation%22+OR+%22workflow+software%22+OR+%22AI%22%29+AND+%28%22LC-MS%22+OR+chromatography+OR+%22mass+spectrometry%22%29%29+AND+%28%222026%2F05%2F01%22%5BDate+-+Publication%5D+%3A+%222026%2F07%2F30%22%5BDate+-+Publication%5D%29&retmode=json&retmax=0,429,https://eutils.ncbi.nlm.nih.gov/entrez/eutils/esearch.fcgi?db=pubmed&term=%28%28%22laboratory+automation%22+OR+%22workflow+software%22+OR+%22AI%22%29+AND+%28%22LC-MS%22+OR+chromatography+OR+%22mass+spectrometry%22%29%29+AND+%28%222026%2F05%2F01%22%5BDate+-+Publication%5D+%3A+%222026%2F07%2F30%22%5BDate+-+Publication%5D%29&retmode=json&retmax=0,Blocked,,,data/pubmed_query_observations.json,2026-08-02T20:05:16+00:00
eutils.ncbi.nlm.nih.gov/entrez/eutils/esearch.fcgi,https://eutils.ncbi.nlm.nih.gov/entrez/eutils/esearch.fcgi?db=pubmed&term=%28%28%22laboratory+automation%22+OR+%22workflow+software%22+OR+%22AI%22%29+AND+%28%22LC-MS%22+OR+chromatography+OR+%22mass+spectrometry%22%29%29+AND+%28%222026%2F05%2F02%22%5BDate+-+Publication%5D+%3A+%222026%2F07%2F31%22%5BDate+-+Publication%5D%29&retmode=json&retmax=0,429,https://eutils.ncbi.nlm.nih.gov/entrez/eutils/esearch.fcgi?db=pubmed&term=%28%28%22laboratory+automation%22+OR+%22workflow+software%22+OR+%22AI%22%29+AND+%28%22LC-MS%22+OR+chromatography+OR+%22mass+spectrometry%22%29%29+AND+%28%222026%2F05%2F02%22%5BDate+-+Publication%5D+%3A+%222026%2F07%2F31%22%5BDate+-+Publication%5D%29&retmode=json&retmax=0,Blocked,,,data/pubmed_query_observations.json,2026-08-02T20:05:17+00:00
eutils.ncbi.nlm.nih.gov/entrez/eutils/esearch.fcgi,https://eutils.ncbi.nlm.nih.gov/entrez/eutils/esearch.fcgi?db=pubmed&term=%28%28%22laboratory+automation%22+OR+%22workflow+software%22+OR+%22AI%22%29+AND+%28%22LC-MS%22+OR+chromatography+OR+%22mass+spectrometry%22%29%29+AND+%28%222026%2F05%2F03%22%5BDate+-+Publication%5D+%3A+%222026%2F08%2F01%22%5BDate+-+Publication%5D%29&retmode=json&retmax=0,429,https://eutils.ncbi.nlm.nih.gov/entrez/eutils/esearch.fcgi?db=pubmed&term=%28%28%22laboratory+automation%22+OR+%22workflow+software%22+OR+%22AI%22%29+AND+%28%22LC-MS%22+OR+chromatography+OR+%22mass+spectrometry%22%29%29+AND+%28%222026%2F05%2F03%22%5BDate+-+Publication%5D+%3A+%222026%2F08%2F01%22%5BDate+-+Publication%5D%29&retmode=json&retmax=0,Blocked,,,data/pubmed_query_observations.json,2026-08-02T20:05:17+00:00
eutils.ncbi.nlm.nih.gov/entrez/eutils/esearch.fcgi,https://eutils.ncbi.nlm.nih.gov/entrez/eutils/esearch.fcgi?db=pubmed&term=%28%28%22laboratory+automation%22+OR+%22workflow+software%22+OR+%22AI%22%29+AND+%28%22LC-MS%22+OR+chromatography+OR+%22mass+spectrometry%22%29%29+AND+%28%222026%2F05%2F04%22%5BDate+-+Publication%5D+%3A+%222026%2F08%2F02%22%5BDate+-+Publication%5D%29&retmode=json&retmax=0,429,https://eutils.ncbi.nlm.nih.gov/entrez/eutils/esearch.fcgi?db=pubmed&term=%28%28%22laboratory+automation%22+OR+%22workflow+software%22+OR+%22AI%22%29+AND+%28%22LC-MS%22+OR+chromatography+OR+%22mass+spectrometry%22%29%29+AND+%28%222026%2F05%2F04%22%5BDate+-+Publication%5D+%3A+%222026%2F08%2F02%22%5BDate+-+Publication%5D%29&retmode=json&retmax=0,Blocked,,,data/intelligence.json; data/pubmed_query_observations.json,2026-08-02T20:05:17+00:00
eutils.ncbi.nlm.nih.gov/entrez/eutils/esearch.fcgi,https://eutils.ncbi.nlm.nih.gov/entrez/eutils/esearch.fcgi?db=pubmed&term=%28%28%22laboratory+automation%22+OR+%22workflow+software%22+OR+%22AI%22%29+AND+%28%22LC-MS%22+OR+chromatography+OR+%22mass+spectrometry%22%29%29+AND+%28%222026%2F05%2F31%22%5BDate+-+Publication%5D+%3A+%222026%2F07%2F30%22%5BDate+-+Publication%5D%29&retmode=json&retmax=0,429,https://eutils.ncbi.nlm.nih.gov/entrez/eutils/esearch.fcgi?db=pubmed&term=%28%28%22laboratory+automation%22+OR+%22workflow+software%22+OR+%22AI%22%29+AND+%28%22LC-MS%22+OR+chromatography+OR+%22mass+spectrometry%22%29%29+AND+%28%222026%2F05%2F31%22%5BDate+-+Publication%5D+%3A+%222026%2F07%2F30%22%5BDate+-+Publication%5D%29&retmode=json&retmax=0,Blocked,,,data/pubmed_query_observations.json,2026-08-02T20:05:17+00:00
eutils.ncbi.nlm.nih.gov/entrez/eutils/esearch.fcgi,https://eutils.ncbi.nlm.nih.gov/entrez/eutils/esearch.fcgi?db=pubmed&term=%28%28%22laboratory+automation%22+OR+%22workflow+software%22+OR+%22AI%22%29+AND+%28%22LC-MS%22+OR+chromatography+OR+%22mass+spectrometry%22%29%29+AND+%28%222026%2F06%2F01%22%5BDate+-+Publication%5D+%3A+%222026%2F07%2F31%22%5BDate+-+Publication%5D%29&retmode=json&retmax=0,429,https://eutils.ncbi.nlm.nih.gov/entrez/eutils/esearch.fcgi?db=pubmed&term=%28%28%22laboratory+automation%22+OR+%22workflow+software%22+OR+%22AI%22%29+AND+%28%22LC-MS%22+OR+chromatography+OR+%22mass+spectrometry%22%29%29+AND+%28%222026%2F06%2F01%22%5BDate+-+Publication%5D+%3A+%222026%2F07%2F31%22%5BDate+-+Publication%5D%29&retmode=json&retmax=0,Blocked,,,data/pubmed_query_observations.json,2026-08-02T20:05:17+00:00
eutils.ncbi.nlm.nih.gov/entrez/eutils/esearch.fcgi,https://eutils.ncbi.nlm.nih.gov/entrez/eutils/esearch.fcgi?db=pubmed&term=%28%28%22laboratory+automation%22+OR+%22workflow+software%22+OR+%22AI%22%29+AND+%28%22LC-MS%22+OR+chromatography+OR+%22mass+spectrometry%22%29%29+AND+%28%222026%2F06%2F02%22%5BDate+-+Publication%5D+%3A+%222026%2F08%2F01%22%5BDate+-+Publication%5D%29&retmode=json&retmax=0,429,https://eutils.ncbi.nlm.nih.gov/entrez/eutils/esearch.fcgi?db=pubmed&term=%28%28%22laboratory+automation%22+OR+%22workflow+software%22+OR+%22AI%22%29+AND+%28%22LC-MS%22+OR+chromatography+OR+%22mass+spectrometry%22%29%29+AND+%28%222026%2F06%2F02%22%5BDate+-+Publication%5D+%3A+%222026%2F08%2F01%22%5BDate+-+Publication%5D%29&retmode=json&retmax=0,Blocked,,,data/pubmed_query_observations.json,2026-08-02T20:05:17+00:00
eutils.ncbi.nlm.nih.gov/entrez/eutils/esearch.fcgi,https://eutils.ncbi.nlm.nih.gov/entrez/eutils/esearch.fcgi?db=pubmed&term=%28%28%22laboratory+automation%22+OR+%22workflow+software%22+OR+%22AI%22%29+AND+%28%22LC-MS%22+OR+chromatography+OR+%22mass+spectrometry%22%29%29+AND+%28%222026%2F06%2F03%22%5BDate+-+Publication%5D+%3A+%222026%2F08%2F02%22%5BDate+-+Publication%5D%29&retmode=json&retmax=0,429,https://eutils.ncbi.nlm.nih.gov/entrez/eutils/esearch.fcgi?db=pubmed&term=%28%28%22laboratory+automation%22+OR+%22workflow+software%22+OR+%22AI%22%29+AND+%28%22LC-MS%22+OR+chromatography+OR+%22mass+spectrometry%22%29%29+AND+%28%222026%2F06%2F03%22%5BDate+-+Publication%5D+%3A+%222026%2F08%2F02%22%5BDate+-+Publication%5D%29&retmode=json&retmax=0,Blocked,,,data/intelligence.json; data/pubmed_query_observations.json,2026-08-02T20:05:17+00:00
eutils.ncbi.nlm.nih.gov/entrez/eutils/esearch.fcgi,https://eutils.ncbi.nlm.nih.gov/entrez/eutils/esearch.fcgi?db=pubmed&term=%28%28%22laboratory+automation%22+OR+%22workflow+software%22+OR+%22AI%22%29+AND+%28%22LC-MS%22+OR+chromatography+OR+%22mass+spectrometry%22%29%29+AND+%28%222026%2F06%2F30%22%5BDate+-+Publication%5D+%3A+%222026%2F07%2F30%22%5BDate+-+Publication%5D%29&retmode=json&retmax=0,200,https://eutils.ncbi.nlm.nih.gov/entrez/eutils/esearch.fcgi?db=pubmed&term=%28%28%22laboratory+automation%22+OR+%22workflow+software%22+OR+%22AI%22%29+AND+%28%22LC-MS%22+OR+chromatography+OR+%22mass+spectrometry%22%29%29+AND+%28%222026%2F06%2F30%22%5BDate+-+Publication%5D+%3A+%222026%2F07%2F30%22%5BDate+-+Publication%5D%29&retmode=json&retmax=0,OK,,,data/pubmed_query_observations.json,2026-08-02T20:05:17+00:00
eutils.ncbi.nlm.nih.gov/entrez/eutils/esearch.fcgi,https://eutils.ncbi.nlm.nih.gov/entrez/eutils/esearch.fcgi?db=pubmed&term=%28%28%22laboratory+automation%22+OR+%22workflow+software%22+OR+%22AI%22%29+AND+%28%22LC-MS%22+OR+chromatography+OR+%22mass+spectrometry%22%29%29+AND+%28%222026%2F07%2F01%22%5BDate+-+Publication%5D+%3A+%222026%2F07%2F31%22%5BDate+-+Publication%5D%29&retmode=json&retmax=0,200,https://eutils.ncbi.nlm.nih.gov/entrez/eutils/esearch.fcgi?db=pubmed&term=%28%28%22laboratory+automation%22+OR+%22workflow+software%22+OR+%22AI%22%29+AND+%28%22LC-MS%22+OR+chromatography+OR+%22mass+spectrometry%22%29%29+AND+%28%222026%2F07%2F01%22%5BDate+-+Publication%5D+%3A+%222026%2F07%2F31%22%5BDate+-+Publication%5D%29&retmode=json&retmax=0,OK,,,data/pubmed_query_observations.json,2026-08-02T20:05:17+00:00
eutils.ncbi.nlm.nih.gov/entrez/eutils/esearch.fcgi,https://eutils.ncbi.nlm.nih.gov/entrez/eutils/esearch.fcgi?db=pubmed&term=%28%28%22laboratory+automation%22+OR+%22workflow+software%22+OR+%22AI%22%29+AND+%28%22LC-MS%22+OR+chromatography+OR+%22mass+spectrometry%22%29%29+AND+%28%222026%2F07%2F02%22%5BDate+-+Publication%5D+%3A+%222026%2F08%2F01%22%5BDate+-+Publication%5D%29&retmode=json&retmax=0,429,https://eutils.ncbi.nlm.nih.gov/entrez/eutils/esearch.fcgi?db=pubmed&term=%28%28%22laboratory+automation%22+OR+%22workflow+software%22+OR+%22AI%22%29+AND+%28%22LC-MS%22+OR+chromatography+OR+%22mass+spectrometry%22%29%29+AND+%28%222026%2F07%2F02%22%5BDate+-+Publication%5D+%3A+%222026%2F08%2F01%22%5BDate+-+Publication%5D%29&retmode=json&retmax=0,Blocked,,,data/pubmed_query_observations.json,2026-08-02T20:05:17+00:00
eutils.ncbi.nlm.nih.gov/entrez/eutils/esearch.fcgi,https://eutils.ncbi.nlm.nih.gov/entrez/eutils/esearch.fcgi?db=pubmed&term=%28%28%22laboratory+automation%22+OR+%22workflow+software%22+OR+%22AI%22%29+AND+%28%22LC-MS%22+OR+chromatography+OR+%22mass+spectrometry%22%29%29+AND+%28%222026%2F07%2F03%22%5BDate+-+Publication%5D+%3A+%222026%2F08%2F02%22%5BDate+-+Publication%5D%29&retmode=json&retmax=0,429,https://eutils.ncbi.nlm.nih.gov/entrez/eutils/esearch.fcgi?db=pubmed&term=%28%28%22laboratory+automation%22+OR+%22workflow+software%22+OR+%22AI%22%29+AND+%28%22LC-MS%22+OR+chromatography+OR+%22mass+spectrometry%22%29%29+AND+%28%222026%2F07%2F03%22%5BDate+-+Publication%5D+%3A+%222026%2F08%2F02%22%5BDate+-+Publication%5D%29&retmode=json&retmax=0,Blocked,,,data/intelligence.json; data/pubmed_query_observations.json,2026-08-02T20:05:17+00:00
eutils.ncbi.nlm.nih.gov/entrez/eutils/esearch.fcgi,https://eutils.ncbi.nlm.nih.gov/entrez/eutils/esearch.fcgi?db=pubmed&term=%28%28%22lipid+nanoparticle%22+OR+LNP+OR+%22RNA+therapeutics%22+OR+mRNA%29+AND+%28%22LC-MS%22+OR+chromatography+OR+%22mass+spectrometry%22%29%29+AND+%28%222021%2F07%2F31%22%5BDate+-+Publication%5D+%3A+%222026%2F07%2F30%22%5BDate+-+Publication%5D%29&retmode=json&retmax=0,429,https://eutils.ncbi.nlm.nih.gov/entrez/eutils/esearch.fcgi?db=pubmed&term=%28%28%22lipid+nanoparticle%22+OR+LNP+OR+%22RNA+therapeutics%22+OR+mRNA%29+AND+%28%22LC-MS%22+OR+chromatography+OR+%22mass+spectrometry%22%29%29+AND+%28%222021%2F07%2F31%22%5BDate+-+Publication%5D+%3A+%222026%2F07%2F30%22%5BDate+-+Publication%5D%29&retmode=json&retmax=0,Blocked,,,data/pubmed_query_observations.json,2026-08-02T20:05:17+00:00
eutils.ncbi.nlm.nih.gov/entrez/eutils/esearch.fcgi,https://eutils.ncbi.nlm.nih.gov/entrez/eutils/esearch.fcgi?db=pubmed&term=%28%28%22lipid+nanoparticle%22+OR+LNP+OR+%22RNA+therapeutics%22+OR+mRNA%29+AND+%28%22LC-MS%22+OR+chromatography+OR+%22mass+spectrometry%22%29%29+AND+%28%222021%2F08%2F01%22%5BDate+-+Publication%5D+%3A+%222026%2F07%2F31%22%5BDate+-+Publication%5D%29&retmode=json&retmax=0,200,https://eutils.ncbi.nlm.nih.gov/entrez/eutils/esearch.fcgi?db=pubmed&term=%28%28%22lipid+nanoparticle%22+OR+LNP+OR+%22RNA+therapeutics%22+OR+mRNA%29+AND+%28%22LC-MS%22+OR+chromatography+OR+%22mass+spectrometry%22%29%29+AND+%28%222021%2F08%2F01%22%5BDate+-+Publication%5D+%3A+%222026%2F07%2F31%22%5BDate+-+Publication%5D%29&retmode=json&retmax=0,OK,,,data/pubmed_query_observations.json,2026-08-02T20:05:17+00:00
eutils.ncbi.nlm.nih.gov/entrez/eutils/esearch.fcgi,https://eutils.ncbi.nlm.nih.gov/entrez/eutils/esearch.fcgi?db=pubmed&term=%28%28%22lipid+nanoparticle%22+OR+LNP+OR+%22RNA+therapeutics%22+OR+mRNA%29+AND+%28%22LC-MS%22+OR+chromatography+OR+%22mass+spectrometry%22%29%29+AND+%28%222021%2F08%2F02%22%5BDate+-+Publication%5D+%3A+%222026%2F08%2F01%22%5BDate+-+Publication%5D%29&retmode=json&retmax=0,429,https://eutils.ncbi.nlm.nih.gov/entrez/eutils/esearch.fcgi?db=pubmed&term=%28%28%22lipid+nanoparticle%22+OR+LNP+OR+%22RNA+therapeutics%22+OR+mRNA%29+AND+%28%22LC-MS%22+OR+chromatography+OR+%22mass+spectrometry%22%29%29+AND+%28%222021%2F08%2F02%22%5BDate+-+Publication%5D+%3A+%222026%2F08%2F01%22%5BDate+-+Publication%5D%29&retmode=json&retmax=0,Blocked,,,data/pubmed_query_observations.json,2026-08-02T20:05:17+00:00
eutils.ncbi.nlm.nih.gov/entrez/eutils/esearch.fcgi,https://eutils.ncbi.nlm.nih.gov/entrez/eutils/esearch.fcgi?db=pubmed&term=%28%28%22lipid+nanoparticle%22+OR+LNP+OR+%22RNA+therapeutics%22+OR+mRNA%29+AND+%28%22LC-MS%22+OR+chromatography+OR+%22mass+spectrometry%22%29%29+AND+%28%222021%2F08%2F03%22%5BDate+-+Publication%5D+%3A+%222026%2F08%2F02%22%5BDate+-+Publication%5D%29&retmode=json&retmax=0,429,https://eutils.ncbi.nlm.nih.gov/entrez/eutils/esearch.fcgi?db=pubmed&term=%28%28%22lipid+nanoparticle%22+OR+LNP+OR+%22RNA+therapeutics%22+OR+mRNA%29+AND+%28%22LC-MS%22+OR+chromatography+OR+%22mass+spectrometry%22%29%29+AND+%28%222021%2F08%2F03%22%5BDate+-+Publication%5D+%3A+%222026%2F08%2F02%22%5BDate+-+Publication%5D%29&retmode=json&retmax=0,Blocked,,,data/intelligence.json; data/pubmed_query_observations.json,2026-08-02T20:05:17+00:00
eutils.ncbi.nlm.nih.gov/entrez/eutils/esearch.fcgi,https://eutils.ncbi.nlm.nih.gov/entrez/eutils/esearch.fcgi?db=pubmed&term=%28%28%22lipid+nanoparticle%22+OR+LNP+OR+%22RNA+therapeutics%22+OR+mRNA%29+AND+%28%22LC-MS%22+OR+chromatography+OR+%22mass+spectrometry%22%29%29+AND+%28%222023%2F07%2F31%22%5BDate+-+Publication%5D+%3A+%222026%2F07%2F30%22%5BDate+-+Publication%5D%29&retmode=json&retmax=0,429,https://eutils.ncbi.nlm.nih.gov/entrez/eutils/esearch.fcgi?db=pubmed&term=%28%28%22lipid+nanoparticle%22+OR+LNP+OR+%22RNA+therapeutics%22+OR+mRNA%29+AND+%28%22LC-MS%22+OR+chromatography+OR+%22mass+spectrometry%22%29%29+AND+%28%222023%2F07%2F31%22%5BDate+-+Publication%5D+%3A+%222026%2F07%2F30%22%5BDate+-+Publication%5D%29&retmode=json&retmax=0,Blocked,,,data/pubmed_query_observations.json,2026-08-02T20:05:17+00:00
eutils.ncbi.nlm.nih.gov/entrez/eutils/esearch.fcgi,https://eutils.ncbi.nlm.nih.gov/entrez/eutils/esearch.fcgi?db=pubmed&term=%28%28%22lipid+nanoparticle%22+OR+LNP+OR+%22RNA+therapeutics%22+OR+mRNA%29+AND+%28%22LC-MS%22+OR+chromatography+OR+%22mass+spectrometry%22%29%29+AND+%28%222023%2F08%2F01%22%5BDate+-+Publication%5D+%3A+%222026%2F07%2F31%22%5BDate+-+Publication%5D%29&retmode=json&retmax=0,429,https://eutils.ncbi.nlm.nih.gov/entrez/eutils/esearch.fcgi?db=pubmed&term=%28%28%22lipid+nanoparticle%22+OR+LNP+OR+%22RNA+therapeutics%22+OR+mRNA%29+AND+%28%22LC-MS%22+OR+chromatography+OR+%22mass+spectrometry%22%29%29+AND+%28%222023%2F08%2F01%22%5BDate+-+Publication%5D+%3A+%222026%2F07%2F31%22%5BDate+-+Publication%5D%29&retmode=json&retmax=0,Blocked,,,data/pubmed_query_observations.json,2026-08-02T20:05:17+00:00
eutils.ncbi.nlm.nih.gov/entrez/eutils/esearch.fcgi,https://eutils.ncbi.nlm.nih.gov/entrez/eutils/esearch.fcgi?db=pubmed&term=%28%28%22lipid+nanoparticle%22+OR+LNP+OR+%22RNA+therapeutics%22+OR+mRNA%29+AND+%28%22LC-MS%22+OR+chromatography+OR+%22mass+spectrometry%22%29%29+AND+%28%222023%2F08%2F02%22%5BDate+-+Publication%5D+%3A+%222026%2F08%2F01%22%5BDate+-+Publication%5D%29&retmode=json&retmax=0,429,https://eutils.ncbi.nlm.nih.gov/entrez/eutils/esearch.fcgi?db=pubmed&term=%28%28%22lipid+nanoparticle%22+OR+LNP+OR+%22RNA+therapeutics%22+OR+mRNA%29+AND+%28%22LC-MS%22+OR+chromatography+OR+%22mass+spectrometry%22%29%29+AND+%28%222023%2F08%2F02%22%5BDate+-+Publication%5D+%3A+%222026%2F08%2F01%22%5BDate+-+Publication%5D%29&retmode=json&retmax=0,Blocked,,,data/pubmed_query_observations.json,2026-08-02T20:05:17+00:00
eutils.ncbi.nlm.nih.gov/entrez/eutils/esearch.fcgi,https://eutils.ncbi.nlm.nih.gov/entrez/eutils/esearch.fcgi?db=pubmed&term=%28%28%22lipid+nanoparticle%22+OR+LNP+OR+%22RNA+therapeutics%22+OR+mRNA%29+AND+%28%22LC-MS%22+OR+chromatography+OR+%22mass+spectrometry%22%29%29+AND+%28%222023%2F08%2F03%22%5BDate+-+Publication%5D+%3A+%222026%2F08%2F02%22%5BDate+-+Publication%5D%29&retmode=json&retmax=0,429,https://eutils.ncbi.nlm.nih.gov/entrez/eutils/esearch.fcgi?db=pubmed&term=%28%28%22lipid+nanoparticle%22+OR+LNP+OR+%22RNA+therapeutics%22+OR+mRNA%29+AND+%28%22LC-MS%22+OR+chromatography+OR+%22mass+spectrometry%22%29%29+AND+%28%222023%2F08%2F03%22%5BDate+-+Publication%5D+%3A+%222026%2F08%2F02%22%5BDate+-+Publication%5D%29&retmode=json&retmax=0,Blocked,,,data/intelligence.json; data/pubmed_query_observations.json,2026-08-02T20:05:17+00:00
eutils.ncbi.nlm.nih.gov/entrez/eutils/esearch.fcgi,https://eutils.ncbi.nlm.nih.gov/entrez/eutils/esearch.fcgi?db=pubmed&term=%28%28%22lipid+nanoparticle%22+OR+LNP+OR+%22RNA+therapeutics%22+OR+mRNA%29+AND+%28%22LC-MS%22+OR+chromatography+OR+%22mass+spectrometry%22%29%29+AND+%28%222025%2F07%2F30%22%5BDate+-+Publication%5D+%3A+%222026%2F07%2F30%22%5BDate+-+Publication%5D%29&retmode=json&retmax=0,429,https://eutils.ncbi.nlm.nih.gov/entrez/eutils/esearch.fcgi?db=pubmed&term=%28%28%22lipid+nanoparticle%22+OR+LNP+OR+%22RNA+therapeutics%22+OR+mRNA%29+AND+%28%22LC-MS%22+OR+chromatography+OR+%22mass+spectrometry%22%29%29+AND+%28%222025%2F07%2F30%22%5BDate+-+Publication%5D+%3A+%222026%2F07%2F30%22%5BDate+-+Publication%5D%29&retmode=json&retmax=0,Blocked,,,data/pubmed_query_observations.json,2026-08-02T20:05:18+00:00
eutils.ncbi.nlm.nih.gov/entrez/eutils/esearch.fcgi,https://eutils.ncbi.nlm.nih.gov/entrez/eutils/esearch.fcgi?db=pubmed&term=%28%28%22lipid+nanoparticle%22+OR+LNP+OR+%22RNA+therapeutics%22+OR+mRNA%29+AND+%28%22LC-MS%22+OR+chromatography+OR+%22mass+spectrometry%22%29%29+AND+%28%222025%2F07%2F31%22%5BDate+-+Publication%5D+%3A+%222026%2F07%2F31%22%5BDate+-+Publication%5D%29&retmode=json&retmax=0,429,https://eutils.ncbi.nlm.nih.gov/entrez/eutils/esearch.fcgi?db=pubmed&term=%28%28%22lipid+nanoparticle%22+OR+LNP+OR+%22RNA+therapeutics%22+OR+mRNA%29+AND+%28%22LC-MS%22+OR+chromatography+OR+%22mass+spectrometry%22%29%29+AND+%28%222025%2F07%2F31%22%5BDate+-+Publication%5D+%3A+%222026%2F07%2F31%22%5BDate+-+Publication%5D%29&retmode=json&retmax=0,Blocked,,,data/pubmed_query_observations.json,2026-08-02T20:05:18+00:00
eutils.ncbi.nlm.nih.gov/entrez/eutils/esearch.fcgi,https://eutils.ncbi.nlm.nih.gov/entrez/eutils/esearch.fcgi?db=pubmed&term=%28%28%22lipid+nanoparticle%22+OR+LNP+OR+%22RNA+therapeutics%22+OR+mRNA%29+AND+%28%22LC-MS%22+OR+chromatography+OR+%22mass+spectrometry%22%29%29+AND+%28%222025%2F08%2F01%22%5BDate+-+Publication%5D+%3A+%222026%2F08%2F01%22%5BDate+-+Publication%5D%29&retmode=json&retmax=0,429,https://eutils.ncbi.nlm.nih.gov/entrez/eutils/esearch.fcgi?db=pubmed&term=%28%28%22lipid+nanoparticle%22+OR+LNP+OR+%22RNA+therapeutics%22+OR+mRNA%29+AND+%28%22LC-MS%22+OR+chromatography+OR+%22mass+spectrometry%22%29%29+AND+%28%222025%2F08%2F01%22%5BDate+-+Publication%5D+%3A+%222026%2F08%2F01%22%5BDate+-+Publication%5D%29&retmode=json&retmax=0,Blocked,,,data/pubmed_query_observations.json,2026-08-02T20:05:18+00:00
eutils.ncbi.nlm.nih.gov/entrez/eutils/esearch.fcgi,https://eutils.ncbi.nlm.nih.gov/entrez/eutils/esearch.fcgi?db=pubmed&term=%28%28%22lipid+nanoparticle%22+OR+LNP+OR+%22RNA+therapeutics%22+OR+mRNA%29+AND+%28%22LC-MS%22+OR+chromatography+OR+%22mass+spectrometry%22%29%29+AND+%28%222025%2F08%2F02%22%5BDate+-+Publication%5D+%3A+%222026%2F08%2F02%22%5BDate+-+Publication%5D%29&retmode=json&retmax=0,429,https://eutils.ncbi.nlm.nih.gov/entrez/eutils/esearch.fcgi?db=pubmed&term=%28%28%22lipid+nanoparticle%22+OR+LNP+OR+%22RNA+therapeutics%22+OR+mRNA%29+AND+%28%22LC-MS%22+OR+chromatography+OR+%22mass+spectrometry%22%29%29+AND+%28%222025%2F08%2F02%22%5BDate+-+Publication%5D+%3A+%222026%2F08%2F02%22%5BDate+-+Publication%5D%29&retmode=json&retmax=0,Blocked,,,data/intelligence.json; data/pubmed_query_observations.json,2026-08-02T20:05:18+00:00
eutils.ncbi.nlm.nih.gov/entrez/eutils/esearch.fcgi,https://eutils.ncbi.nlm.nih.gov/entrez/eutils/esearch.fcgi?db=pubmed&term=%28%28%22lipid+nanoparticle%22+OR+LNP+OR+%22RNA+therapeutics%22+OR+mRNA%29+AND+%28%22LC-MS%22+OR+chromatography+OR+%22mass+spectrometry%22%29%29+AND+%28%222026%2F05%2F01%22%5BDate+-+Publication%5D+%3A+%222026%2F07%2F30%22%5BDate+-+Publication%5D%29&retmode=json&retmax=0,200,https://eutils.ncbi.nlm.nih.gov/entrez/eutils/esearch.fcgi?db=pubmed&term=%28%28%22lipid+nanoparticle%22+OR+LNP+OR+%22RNA+therapeutics%22+OR+mRNA%29+AND+%28%22LC-MS%22+OR+chromatography+OR+%22mass+spectrometry%22%29%29+AND+%28%222026%2F05%2F01%22%5BDate+-+Publication%5D+%3A+%222026%2F07%2F30%22%5BDate+-+Publication%5D%29&retmode=json&retmax=0,OK,,,data/pubmed_query_observations.json,2026-08-02T20:05:18+00:00
eutils.ncbi.nlm.nih.gov/entrez/eutils/esearch.fcgi,https://eutils.ncbi.nlm.nih.gov/entrez/eutils/esearch.fcgi?db=pubmed&term=%28%28%22lipid+nanoparticle%22+OR+LNP+OR+%22RNA+therapeutics%22+OR+mRNA%29+AND+%28%22LC-MS%22+OR+chromatography+OR+%22mass+spectrometry%22%29%29+AND+%28%222026%2F05%2F02%22%5BDate+-+Publication%5D+%3A+%222026%2F07%2F31%22%5BDate+-+Publication%5D%29&retmode=json&retmax=0,200,https://eutils.ncbi.nlm.nih.gov/entrez/eutils/esearch.fcgi?db=pubmed&term=%28%28%22lipid+nanoparticle%22+OR+LNP+OR+%22RNA+therapeutics%22+OR+mRNA%29+AND+%28%22LC-MS%22+OR+chromatography+OR+%22mass+spectrometry%22%29%29+AND+%28%222026%2F05%2F02%22%5BDate+-+Publication%5D+%3A+%222026%2F07%2F31%22%5BDate+-+Publication%5D%29&retmode=json&retmax=0,OK,,,data/pubmed_query_observations.json,2026-08-02T20:05:18+00:00
eutils.ncbi.nlm.nih.gov/entrez/eutils/esearch.fcgi,https://eutils.ncbi.nlm.nih.gov/entrez/eutils/esearch.fcgi?db=pubmed&term=%28%28%22lipid+nanoparticle%22+OR+LNP+OR+%22RNA+therapeutics%22+OR+mRNA%29+AND+%28%22LC-MS%22+OR+chromatography+OR+%22mass+spectrometry%22%29%29+AND+%28%222026%2F05%2F03%22%5BDate+-+Publication%5D+%3A+%222026%2F08%2F01%22%5BDate+-+Publication%5D%29&retmode=json&retmax=0,200,https://eutils.ncbi.nlm.nih.gov/entrez/eutils/esearch.fcgi?db=pubmed&term=%28%28%22lipid+nanoparticle%22+OR+LNP+OR+%22RNA+therapeutics%22+OR+mRNA%29+AND+%28%22LC-MS%22+OR+chromatography+OR+%22mass+spectrometry%22%29%29+AND+%28%222026%2F05%2F03%22%5BDate+-+Publication%5D+%3A+%222026%2F08%2F01%22%5BDate+-+Publication%5D%29&retmode=json&retmax=0,OK,,,data/pubmed_query_observations.json,2026-08-02T20:05:18+00:00
eutils.ncbi.nlm.nih.gov/entrez/eutils/esearch.fcgi,https://eutils.ncbi.nlm.nih.gov/entrez/eutils/esearch.fcgi?db=pubmed&term=%28%28%22lipid+nanoparticle%22+OR+LNP+OR+%22RNA+therapeutics%22+OR+mRNA%29+AND+%28%22LC-MS%22+OR+chromatography+OR+%22mass+spectrometry%22%29%29+AND+%28%222026%2F05%2F04%22%5BDate+-+Publication%5D+%3A+%222026%2F08%2F02%22%5BDate+-+Publication%5D%29&retmode=json&retmax=0,429,https://eutils.ncbi.nlm.nih.gov/entrez/eutils/esearch.fcgi?db=pubmed&term=%28%28%22lipid+nanoparticle%22+OR+LNP+OR+%22RNA+therapeutics%22+OR+mRNA%29+AND+%28%22LC-MS%22+OR+chromatography+OR+%22mass+spectrometry%22%29%29+AND+%28%222026%2F05%2F04%22%5BDate+-+Publication%5D+%3A+%222026%2F08%2F02%22%5BDate+-+Publication%5D%29&retmode=json&retmax=0,Blocked,,,data/intelligence.json; data/pubmed_query_observations.json,2026-08-02T20:05:18+00:00
eutils.ncbi.nlm.nih.gov/entrez/eutils/esearch.fcgi,https://eutils.ncbi.nlm.nih.gov/entrez/eutils/esearch.fcgi?db=pubmed&term=%28%28%22lipid+nanoparticle%22+OR+LNP+OR+%22RNA+therapeutics%22+OR+mRNA%29+AND+%28%22LC-MS%22+OR+chromatography+OR+%22mass+spectrometry%22%29%29+AND+%28%222026%2F05%2F31%22%5BDate+-+Publication%5D+%3A+%222026%2F07%2F30%22%5BDate+-+Publication%5D%29&retmode=json&retmax=0,429,https://eutils.ncbi.nlm.nih.gov/entrez/eutils/esearch.fcgi?db=pubmed&term=%28%28%22lipid+nanoparticle%22+OR+LNP+OR+%22RNA+therapeutics%22+OR+mRNA%29+AND+%28%22LC-MS%22+OR+chromatography+OR+%22mass+spectrometry%22%29%29+AND+%28%222026%2F05%2F31%22%5BDate+-+Publication%5D+%3A+%222026%2F07%2F30%22%5BDate+-+Publication%5D%29&retmode=json&retmax=0,Blocked,,,data/pubmed_query_observations.json,2026-08-02T20:05:18+00:00
eutils.ncbi.nlm.nih.gov/entrez/eutils/esearch.fcgi,https://eutils.ncbi.nlm.nih.gov/entrez/eutils/esearch.fcgi?db=pubmed&term=%28%28%22lipid+nanoparticle%22+OR+LNP+OR+%22RNA+therapeutics%22+OR+mRNA%29+AND+%28%22LC-MS%22+OR+chromatography+OR+%22mass+spectrometry%22%29%29+AND+%28%222026%2F06%2F01%22%5BDate+-+Publication%5D+%3A+%222026%2F07%2F31%22%5BDate+-+Publication%5D%29&retmode=json&retmax=0,429,https://eutils.ncbi.nlm.nih.gov/entrez/eutils/esearch.fcgi?db=pubmed&term=%28%28%22lipid+nanoparticle%22+OR+LNP+OR+%22RNA+therapeutics%22+OR+mRNA%29+AND+%28%22LC-MS%22+OR+chromatography+OR+%22mass+spectrometry%22%29%29+AND+%28%222026%2F06%2F01%22%5BDate+-+Publication%5D+%3A+%222026%2F07%2F31%22%5BDate+-+Publication%5D%29&retmode=json&retmax=0,Blocked,,,data/pubmed_query_observations.json,2026-08-02T20:05:18+00:00
eutils.ncbi.nlm.nih.gov/entrez/eutils/esearch.fcgi,https://eutils.ncbi.nlm.nih.gov/entrez/eutils/esearch.fcgi?db=pubmed&term=%28%28%22lipid+nanoparticle%22+OR+LNP+OR+%22RNA+therapeutics%22+OR+mRNA%29+AND+%28%22LC-MS%22+OR+chromatography+OR+%22mass+spectrometry%22%29%29+AND+%28%222026%2F06%2F02%22%5BDate+-+Publication%5D+%3A+%222026%2F08%2F01%22%5BDate+-+Publication%5D%29&retmode=json&retmax=0,429,https://eutils.ncbi.nlm.nih.gov/entrez/eutils/esearch.fcgi?db=pubmed&term=%28%28%22lipid+nanoparticle%22+OR+LNP+OR+%22RNA+therapeutics%22+OR+mRNA%29+AND+%28%22LC-MS%22+OR+chromatography+OR+%22mass+spectrometry%22%29%29+AND+%28%222026%2F06%2F02%22%5BDate+-+Publication%5D+%3A+%222026%2F08%2F01%22%5BDate+-+Publication%5D%29&retmode=json&retmax=0,Blocked,,,data/pubmed_query_observations.json,2026-08-02T20:05:18+00:00
eutils.ncbi.nlm.nih.gov/entrez/eutils/esearch.fcgi,https://eutils.ncbi.nlm.nih.gov/entrez/eutils/esearch.fcgi?db=pubmed&term=%28%28%22lipid+nanoparticle%22+OR+LNP+OR+%22RNA+therapeutics%22+OR+mRNA%29+AND+%28%22LC-MS%22+OR+chromatography+OR+%22mass+spectrometry%22%29%29+AND+%28%222026%2F06%2F03%22%5BDate+-+Publication%5D+%3A+%222026%2F08%2F02%22%5BDate+-+Publication%5D%29&retmode=json&retmax=0,429,https://eutils.ncbi.nlm.nih.gov/entrez/eutils/esearch.fcgi?db=pubmed&term=%28%28%22lipid+nanoparticle%22+OR+LNP+OR+%22RNA+therapeutics%22+OR+mRNA%29+AND+%28%22LC-MS%22+OR+chromatography+OR+%22mass+spectrometry%22%29%29+AND+%28%222026%2F06%2F03%22%5BDate+-+Publication%5D+%3A+%222026%2F08%2F02%22%5BDate+-+Publication%5D%29&retmode=json&retmax=0,Blocked,,,data/intelligence.json; data/pubmed_query_observations.json,2026-08-02T20:05:18+00:00
eutils.ncbi.nlm.nih.gov/entrez/eutils/esearch.fcgi,https://eutils.ncbi.nlm.nih.gov/entrez/eutils/esearch.fcgi?db=pubmed&term=%28%28%22lipid+nanoparticle%22+OR+LNP+OR+%22RNA+therapeutics%22+OR+mRNA%29+AND+%28%22LC-MS%22+OR+chromatography+OR+%22mass+spectrometry%22%29%29+AND+%28%222026%2F06%2F30%22%5BDate+-+Publication%5D+%3A+%222026%2F07%2F30%22%5BDate+-+Publication%5D%29&retmode=json&retmax=0,429,https://eutils.ncbi.nlm.nih.gov/entrez/eutils/esearch.fcgi?db=pubmed&term=%28%28%22lipid+nanoparticle%22+OR+LNP+OR+%22RNA+therapeutics%22+OR+mRNA%29+AND+%28%22LC-MS%22+OR+chromatography+OR+%22mass+spectrometry%22%29%29+AND+%28%222026%2F06%2F30%22%5BDate+-+Publication%5D+%3A+%222026%2F07%2F30%22%5BDate+-+Publication%5D%29&retmode=json&retmax=0,Blocked,,,data/pubmed_query_observations.json,2026-08-02T20:05:18+00:00
eutils.ncbi.nlm.nih.gov/entrez/eutils/esearch.fcgi,https://eutils.ncbi.nlm.nih.gov/entrez/eutils/esearch.fcgi?db=pubmed&term=%28%28%22lipid+nanoparticle%22+OR+LNP+OR+%22RNA+therapeutics%22+OR+mRNA%29+AND+%28%22LC-MS%22+OR+chromatography+OR+%22mass+spectrometry%22%29%29+AND+%28%222026%2F07%2F01%22%5BDate+-+Publication%5D+%3A+%222026%2F07%2F31%22%5BDate+-+Publication%5D%29&retmode=json&retmax=0,429,https://eutils.ncbi.nlm.nih.gov/entrez/eutils/esearch.fcgi?db=pubmed&term=%28%28%22lipid+nanoparticle%22+OR+LNP+OR+%22RNA+therapeutics%22+OR+mRNA%29+AND+%28%22LC-MS%22+OR+chromatography+OR+%22mass+spectrometry%22%29%29+AND+%28%222026%2F07%2F01%22%5BDate+-+Publication%5D+%3A+%222026%2F07%2F31%22%5BDate+-+Publication%5D%29&retmode=json&retmax=0,Blocked,,,data/pubmed_query_observations.json,2026-08-02T20:05:18+00:00
eutils.ncbi.nlm.nih.gov/entrez/eutils/esearch.fcgi,https://eutils.ncbi.nlm.nih.gov/entrez/eutils/esearch.fcgi?db=pubmed&term=%28%28%22lipid+nanoparticle%22+OR+LNP+OR+%22RNA+therapeutics%22+OR+mRNA%29+AND+%28%22LC-MS%22+OR+chromatography+OR+%22mass+spectrometry%22%29%29+AND+%28%222026%2F07%2F02%22%5BDate+-+Publication%5D+%3A+%222026%2F08%2F01%22%5BDate+-+Publication%5D%29&retmode=json&retmax=0,429,https://eutils.ncbi.nlm.nih.gov/entrez/eutils/esearch.fcgi?db=pubmed&term=%28%28%22lipid+nanoparticle%22+OR+LNP+OR+%22RNA+therapeutics%22+OR+mRNA%29+AND+%28%22LC-MS%22+OR+chromatography+OR+%22mass+spectrometry%22%29%29+AND+%28%222026%2F07%2F02%22%5BDate+-+Publication%5D+%3A+%222026%2F08%2F01%22%5BDate+-+Publication%5D%29&retmode=json&retmax=0,Blocked,,,data/pubmed_query_observations.json,2026-08-02T20:05:18+00:00
eutils.ncbi.nlm.nih.gov/entrez/eutils/esearch.fcgi,https://eutils.ncbi.nlm.nih.gov/entrez/eutils/esearch.fcgi?db=pubmed&term=%28%28%22lipid+nanoparticle%22+OR+LNP+OR+%22RNA+therapeutics%22+OR+mRNA%29+AND+%28%22LC-MS%22+OR+chromatography+OR+%22mass+spectrometry%22%29%29+AND+%28%222026%2F07%2F03%22%5BDate+-+Publication%5D+%3A+%222026%2F08%2F02%22%5BDate+-+Publication%5D%29&retmode=json&retmax=0,429,https://eutils.ncbi.nlm.nih.gov/entrez/eutils/esearch.fcgi?db=pubmed&term=%28%28%22lipid+nanoparticle%22+OR+LNP+OR+%22RNA+therapeutics%22+OR+mRNA%29+AND+%28%22LC-MS%22+OR+chromatography+OR+%22mass+spectrometry%22%29%29+AND+%28%222026%2F07%2F03%22%5BDate+-+Publication%5D+%3A+%222026%2F08%2F02%22%5BDate+-+Publication%5D%29&retmode=json&retmax=0,Blocked,,,data/intelligence.json; data/pubmed_query_observations.json,2026-08-02T20:05:18+00:00
eutils.ncbi.nlm.nih.gov/entrez/eutils/esearch.fcgi,https://eutils.ncbi.nlm.nih.gov/entrez/eutils/esearch.fcgi?db=pubmed&term=%28%28PFAS+OR+%22per-+and+polyfluoroalkyl%22%29+AND+%28%22LC-MS%22+OR+%22LC-MS%2FMS%22+OR+chromatography%29%29+AND+%28%222021%2F07%2F31%22%5BDate+-+Publication%5D+%3A+%222026%2F07%2F30%22%5BDate+-+Publication%5D%29&retmode=json&retmax=0,429,https://eutils.ncbi.nlm.nih.gov/entrez/eutils/esearch.fcgi?db=pubmed&term=%28%28PFAS+OR+%22per-+and+polyfluoroalkyl%22%29+AND+%28%22LC-MS%22+OR+%22LC-MS%2FMS%22+OR+chromatography%29%29+AND+%28%222021%2F07%2F31%22%5BDate+-+Publication%5D+%3A+%222026%2F07%2F30%22%5BDate+-+Publication%5D%29&retmode=json&retmax=0,Blocked,,,data/pubmed_query_observations.json,2026-08-02T20:05:19+00:00
eutils.ncbi.nlm.nih.gov/entrez/eutils/esearch.fcgi,https://eutils.ncbi.nlm.nih.gov/entrez/eutils/esearch.fcgi?db=pubmed&term=%28%28PFAS+OR+%22per-+and+polyfluoroalkyl%22%29+AND+%28%22LC-MS%22+OR+%22LC-MS%2FMS%22+OR+chromatography%29%29+AND+%28%222021%2F08%2F01%22%5BDate+-+Publication%5D+%3A+%222026%2F07%2F31%22%5BDate+-+Publication%5D%29&retmode=json&retmax=0,429,https://eutils.ncbi.nlm.nih.gov/entrez/eutils/esearch.fcgi?db=pubmed&term=%28%28PFAS+OR+%22per-+and+polyfluoroalkyl%22%29+AND+%28%22LC-MS%22+OR+%22LC-MS%2FMS%22+OR+chromatography%29%29+AND+%28%222021%2F08%2F01%22%5BDate+-+Publication%5D+%3A+%222026%2F07%2F31%22%5BDate+-+Publication%5D%29&retmode=json&retmax=0,Blocked,,,data/pubmed_query_observations.json,2026-08-02T20:05:19+00:00
eutils.ncbi.nlm.nih.gov/entrez/eutils/esearch.fcgi,https://eutils.ncbi.nlm.nih.gov/entrez/eutils/esearch.fcgi?db=pubmed&term=%28%28PFAS+OR+%22per-+and+polyfluoroalkyl%22%29+AND+%28%22LC-MS%22+OR+%22LC-MS%2FMS%22+OR+chromatography%29%29+AND+%28%222021%2F08%2F02%22%5BDate+-+Publication%5D+%3A+%222026%2F08%2F01%22%5BDate+-+Publication%5D%29&retmode=json&retmax=0,429,https://eutils.ncbi.nlm.nih.gov/entrez/eutils/esearch.fcgi?db=pubmed&term=%28%28PFAS+OR+%22per-+and+polyfluoroalkyl%22%29+AND+%28%22LC-MS%22+OR+%22LC-MS%2FMS%22+OR+chromatography%29%29+AND+%28%222021%2F08%2F02%22%5BDate+-+Publication%5D+%3A+%222026%2F08%2F01%22%5BDate+-+Publication%5D%29&retmode=json&retmax=0,Blocked,,,data/pubmed_query_observations.json,2026-08-02T20:05:19+00:00
eutils.ncbi.nlm.nih.gov/entrez/eutils/esearch.fcgi,https://eutils.ncbi.nlm.nih.gov/entrez/eutils/esearch.fcgi?db=pubmed&term=%28%28PFAS+OR+%22per-+and+polyfluoroalkyl%22%29+AND+%28%22LC-MS%22+OR+%22LC-MS%2FMS%22+OR+chromatography%29%29+AND+%28%222021%2F08%2F03%22%5BDate+-+Publication%5D+%3A+%222026%2F08%2F02%22%5BDate+-+Publication%5D%29&retmode=json&retmax=0,429,https://eutils.ncbi.nlm.nih.gov/entrez/eutils/esearch.fcgi?db=pubmed&term=%28%28PFAS+OR+%22per-+and+polyfluoroalkyl%22%29+AND+%28%22LC-MS%22+OR+%22LC-MS%2FMS%22+OR+chromatography%29%29+AND+%28%222021%2F08%2F03%22%5BDate+-+Publication%5D+%3A+%222026%2F08%2F02%22%5BDate+-+Publication%5D%29&retmode=json&retmax=0,Blocked,,,data/intelligence.json; data/pubmed_query_observations.json,2026-08-02T20:05:19+00:00
eutils.ncbi.nlm.nih.gov/entrez/eutils/esearch.fcgi,https://eutils.ncbi.nlm.nih.gov/entrez/eutils/esearch.fcgi?db=pubmed&term=%28%28PFAS+OR+%22per-+and+polyfluoroalkyl%22%29+AND+%28%22LC-MS%22+OR+%22LC-MS%2FMS%22+OR+chromatography%29%29+AND+%28%222023%2F07%2F31%22%5BDate+-+Publication%5D+%3A+%222026%2F07%2F30%22%5BDate+-+Publication%5D%29&retmode=json&retmax=0,429,https://eutils.ncbi.nlm.nih.gov/entrez/eutils/esearch.fcgi?db=pubmed&term=%28%28PFAS+OR+%22per-+and+polyfluoroalkyl%22%29+AND+%28%22LC-MS%22+OR+%22LC-MS%2FMS%22+OR+chromatography%29%29+AND+%28%222023%2F07%2F31%22%5BDate+-+Publication%5D+%3A+%222026%2F07%2F30%22%5BDate+-+Publication%5D%29&retmode=json&retmax=0,Blocked,,,data/pubmed_query_observations.json,2026-08-02T20:05:19+00:00
eutils.ncbi.nlm.nih.gov/entrez/eutils/esearch.fcgi,https://eutils.ncbi.nlm.nih.gov/entrez/eutils/esearch.fcgi?db=pubmed&term=%28%28PFAS+OR+%22per-+and+polyfluoroalkyl%22%29+AND+%28%22LC-MS%22+OR+%22LC-MS%2FMS%22+OR+chromatography%29%29+AND+%28%222023%2F08%2F01%22%5BDate+-+Publication%5D+%3A+%222026%2F07%2F31%22%5BDate+-+Publication%5D%29&retmode=json&retmax=0,429,https://eutils.ncbi.nlm.nih.gov/entrez/eutils/esearch.fcgi?db=pubmed&term=%28%28PFAS+OR+%22per-+and+polyfluoroalkyl%22%29+AND+%28%22LC-MS%22+OR+%22LC-MS%2FMS%22+OR+chromatography%29%29+AND+%28%222023%2F08%2F01%22%5BDate+-+Publication%5D+%3A+%222026%2F07%2F31%22%5BDate+-+Publication%5D%29&retmode=json&retmax=0,Blocked,,,data/pubmed_query_observations.json,2026-08-02T20:05:19+00:00
eutils.ncbi.nlm.nih.gov/entrez/eutils/esearch.fcgi,https://eutils.ncbi.nlm.nih.gov/entrez/eutils/esearch.fcgi?db=pubmed&term=%28%28PFAS+OR+%22per-+and+polyfluoroalkyl%22%29+AND+%28%22LC-MS%22+OR+%22LC-MS%2FMS%22+OR+chromatography%29%29+AND+%28%222023%2F08%2F02%22%5BDate+-+Publication%5D+%3A+%222026%2F08%2F01%22%5BDate+-+Publication%5D%29&retmode=json&retmax=0,429,https://eutils.ncbi.nlm.nih.gov/entrez/eutils/esearch.fcgi?db=pubmed&term=%28%28PFAS+OR+%22per-+and+polyfluoroalkyl%22%29+AND+%28%22LC-MS%22+OR+%22LC-MS%2FMS%22+OR+chromatography%29%29+AND+%28%222023%2F08%2F02%22%5BDate+-+Publication%5D+%3A+%222026%2F08%2F01%22%5BDate+-+Publication%5D%29&retmode=json&retmax=0,Blocked,,,data/pubmed_query_observations.json,2026-08-02T20:05:19+00:00
eutils.ncbi.nlm.nih.gov/entrez/eutils/esearch.fcgi,https://eutils.ncbi.nlm.nih.gov/entrez/eutils/esearch.fcgi?db=pubmed&term=%28%28PFAS+OR+%22per-+and+polyfluoroalkyl%22%29+AND+%28%22LC-MS%22+OR+%22LC-MS%2FMS%22+OR+chromatography%29%29+AND+%28%222023%2F08%2F03%22%5BDate+-+Publication%5D+%3A+%222026%2F08%2F02%22%5BDate+-+Publication%5D%29&retmode=json&retmax=0,429,https://eutils.ncbi.nlm.nih.gov/entrez/eutils/esearch.fcgi?db=pubmed&term=%28%28PFAS+OR+%22per-+and+polyfluoroalkyl%22%29+AND+%28%22LC-MS%22+OR+%22LC-MS%2FMS%22+OR+chromatography%29%29+AND+%28%222023%2F08%2F03%22%5BDate+-+Publication%5D+%3A+%222026%2F08%2F02%22%5BDate+-+Publication%5D%29&retmode=json&retmax=0,Blocked,,,data/intelligence.json; data/pubmed_query_observations.json,2026-08-02T20:05:19+00:00
eutils.ncbi.nlm.nih.gov/entrez/eutils/esearch.fcgi,https://eutils.ncbi.nlm.nih.gov/entrez/eutils/esearch.fcgi?db=pubmed&term=%28%28PFAS+OR+%22per-+and+polyfluoroalkyl%22%29+AND+%28%22LC-MS%22+OR+%22LC-MS%2FMS%22+OR+chromatography%29%29+AND+%28%222025%2F07%2F30%22%5BDate+-+Publication%5D+%3A+%222026%2F07%2F30%22%5BDate+-+Publication%5D%29&retmode=json&retmax=0,429,https://eutils.ncbi.nlm.nih.gov/entrez/eutils/esearch.fcgi?db=pubmed&term=%28%28PFAS+OR+%22per-+and+polyfluoroalkyl%22%29+AND+%28%22LC-MS%22+OR+%22LC-MS%2FMS%22+OR+chromatography%29%29+AND+%28%222025%2F07%2F30%22%5BDate+-+Publication%5D+%3A+%222026%2F07%2F30%22%5BDate+-+Publication%5D%29&retmode=json&retmax=0,Blocked,,,data/pubmed_query_observations.json,2026-08-02T20:05:19+00:00
eutils.ncbi.nlm.nih.gov/entrez/eutils/esearch.fcgi,https://eutils.ncbi.nlm.nih.gov/entrez/eutils/esearch.fcgi?db=pubmed&term=%28%28PFAS+OR+%22per-+and+polyfluoroalkyl%22%29+AND+%28%22LC-MS%22+OR+%22LC-MS%2FMS%22+OR+chromatography%29%29+AND+%28%222025%2F07%2F31%22%5BDate+-+Publication%5D+%3A+%222026%2F07%2F31%22%5BDate+-+Publication%5D%29&retmode=json&retmax=0,200,https://eutils.ncbi.nlm.nih.gov/entrez/eutils/esearch.fcgi?db=pubmed&term=%28%28PFAS+OR+%22per-+and+polyfluoroalkyl%22%29+AND+%28%22LC-MS%22+OR+%22LC-MS%2FMS%22+OR+chromatography%29%29+AND+%28%222025%2F07%2F31%22%5BDate+-+Publication%5D+%3A+%222026%2F07%2F31%22%5BDate+-+Publication%5D%29&retmode=json&retmax=0,OK,,,data/pubmed_query_observations.json,2026-08-02T20:05:19+00:00
eutils.ncbi.nlm.nih.gov/entrez/eutils/esearch.fcgi,https://eutils.ncbi.nlm.nih.gov/entrez/eutils/esearch.fcgi?db=pubmed&term=%28%28PFAS+OR+%22per-+and+polyfluoroalkyl%22%29+AND+%28%22LC-MS%22+OR+%22LC-MS%2FMS%22+OR+chromatography%29%29+AND+%28%222025%2F08%2F01%22%5BDate+-+Publication%5D+%3A+%222026%2F08%2F01%22%5BDate+-+Publication%5D%29&retmode=json&retmax=0,200,https://eutils.ncbi.nlm.nih.gov/entrez/eutils/esearch.fcgi?db=pubmed&term=%28%28PFAS+OR+%22per-+and+polyfluoroalkyl%22%29+AND+%28%22LC-MS%22+OR+%22LC-MS%2FMS%22+OR+chromatography%29%29+AND+%28%222025%2F08%2F01%22%5BDate+-+Publication%5D+%3A+%222026%2F08%2F01%22%5BDate+-+Publication%5D%29&retmode=json&retmax=0,OK,,,data/pubmed_query_observations.json,2026-08-02T20:05:19+00:00
eutils.ncbi.nlm.nih.gov/entrez/eutils/esearch.fcgi,https://eutils.ncbi.nlm.nih.gov/entrez/eutils/esearch.fcgi?db=pubmed&term=%28%28PFAS+OR+%22per-+and+polyfluoroalkyl%22%29+AND+%28%22LC-MS%22+OR+%22LC-MS%2FMS%22+OR+chromatography%29%29+AND+%28%222025%2F08%2F02%22%5BDate+-+Publication%5D+%3A+%222026%2F08%2F02%22%5BDate+-+Publication%5D%29&retmode=json&retmax=0,200,https://eutils.ncbi.nlm.nih.gov/entrez/eutils/esearch.fcgi?db=pubmed&term=%28%28PFAS+OR+%22per-+and+polyfluoroalkyl%22%29+AND+%28%22LC-MS%22+OR+%22LC-MS%2FMS%22+OR+chromatography%29%29+AND+%28%222025%2F08%2F02%22%5BDate+-+Publication%5D+%3A+%222026%2F08%2F02%22%5BDate+-+Publication%5D%29&retmode=json&retmax=0,OK,,,data/intelligence.json; data/pubmed_query_observations.json,2026-08-02T20:05:19+00:00
eutils.ncbi.nlm.nih.gov/entrez/eutils/esearch.fcgi,https://eutils.ncbi.nlm.nih.gov/entrez/eutils/esearch.fcgi?db=pubmed&term=%28%28PFAS+OR+%22per-+and+polyfluoroalkyl%22%29+AND+%28%22LC-MS%22+OR+%22LC-MS%2FMS%22+OR+chromatography%29%29+AND+%28%222026%2F05%2F01%22%5BDate+-+Publication%5D+%3A+%222026%2F07%2F30%22%5BDate+-+Publication%5D%29&retmode=json&retmax=0,429,https://eutils.ncbi.nlm.nih.gov/entrez/eutils/esearch.fcgi?db=pubmed&term=%28%28PFAS+OR+%22per-+and+polyfluoroalkyl%22%29+AND+%28%22LC-MS%22+OR+%22LC-MS%2FMS%22+OR+chromatography%29%29+AND+%28%222026%2F05%2F01%22%5BDate+-+Publication%5D+%3A+%222026%2F07%2F30%22%5BDate+-+Publication%5D%29&retmode=json&retmax=0,Blocked,,,data/pubmed_query_observations.json,2026-08-02T20:05:19+00:00
eutils.ncbi.nlm.nih.gov/entrez/eutils/esearch.fcgi,https://eutils.ncbi.nlm.nih.gov/entrez/eutils/esearch.fcgi?db=pubmed&term=%28%28PFAS+OR+%22per-+and+polyfluoroalkyl%22%29+AND+%28%22LC-MS%22+OR+%22LC-MS%2FMS%22+OR+chromatography%29%29+AND+%28%222026%2F05%2F02%22%5BDate+-+Publication%5D+%3A+%222026%2F07%2F31%22%5BDate+-+Publication%5D%29&retmode=json&retmax=0,429,https://eutils.ncbi.nlm.nih.gov/entrez/eutils/esearch.fcgi?db=pubmed&term=%28%28PFAS+OR+%22per-+and+polyfluoroalkyl%22%29+AND+%28%22LC-MS%22+OR+%22LC-MS%2FMS%22+OR+chromatography%29%29+AND+%28%222026%2F05%2F02%22%5BDate+-+Publication%5D+%3A+%222026%2F07%2F31%22%5BDate+-+Publication%5D%29&retmode=json&retmax=0,Blocked,,,data/pubmed_query_observations.json,2026-08-02T20:05:19+00:00
eutils.ncbi.nlm.nih.gov/entrez/eutils/esearch.fcgi,https://eutils.ncbi.nlm.nih.gov/entrez/eutils/esearch.fcgi?db=pubmed&term=%28%28PFAS+OR+%22per-+and+polyfluoroalkyl%22%29+AND+%28%22LC-MS%22+OR+%22LC-MS%2FMS%22+OR+chromatography%29%29+AND+%28%222026%2F05%2F03%22%5BDate+-+Publication%5D+%3A+%222026%2F08%2F01%22%5BDate+-+Publication%5D%29&retmode=json&retmax=0,429,https://eutils.ncbi.nlm.nih.gov/entrez/eutils/esearch.fcgi?db=pubmed&term=%28%28PFAS+OR+%22per-+and+polyfluoroalkyl%22%29+AND+%28%22LC-MS%22+OR+%22LC-MS%2FMS%22+OR+chromatography%29%29+AND+%28%222026%2F05%2F03%22%5BDate+-+Publication%5D+%3A+%222026%2F08%2F01%22%5BDate+-+Publication%5D%29&retmode=json&retmax=0,Blocked,,,data/pubmed_query_observations.json,2026-08-02T20:05:19+00:00
eutils.ncbi.nlm.nih.gov/entrez/eutils/esearch.fcgi,https://eutils.ncbi.nlm.nih.gov/entrez/eutils/esearch.fcgi?db=pubmed&term=%28%28PFAS+OR+%22per-+and+polyfluoroalkyl%22%29+AND+%28%22LC-MS%22+OR+%22LC-MS%2FMS%22+OR+chromatography%29%29+AND+%28%222026%2F05%2F04%22%5BDate+-+Publication%5D+%3A+%222026%2F08%2F02%22%5BDate+-+Publication%5D%29&retmode=json&retmax=0,429,https://eutils.ncbi.nlm.nih.gov/entrez/eutils/esearch.fcgi?db=pubmed&term=%28%28PFAS+OR+%22per-+and+polyfluoroalkyl%22%29+AND+%28%22LC-MS%22+OR+%22LC-MS%2FMS%22+OR+chromatography%29%29+AND+%28%222026%2F05%2F04%22%5BDate+-+Publication%5D+%3A+%222026%2F08%2F02%22%5BDate+-+Publication%5D%29&retmode=json&retmax=0,Blocked,,,data/intelligence.json; data/pubmed_query_observations.json,2026-08-02T20:05:19+00:00
eutils.ncbi.nlm.nih.gov/entrez/eutils/esearch.fcgi,https://eutils.ncbi.nlm.nih.gov/entrez/eutils/esearch.fcgi?db=pubmed&term=%28%28PFAS+OR+%22per-+and+polyfluoroalkyl%22%29+AND+%28%22LC-MS%22+OR+%22LC-MS%2FMS%22+OR+chromatography%29%29+AND+%28%222026%2F05%2F31%22%5BDate+-+Publication%5D+%3A+%222026%2F07%2F30%22%5BDate+-+Publication%5D%29&retmode=json&retmax=0,429,https://eutils.ncbi.nlm.nih.gov/entrez/eutils/esearch.fcgi?db=pubmed&term=%28%28PFAS+OR+%22per-+and+polyfluoroalkyl%22%29+AND+%28%22LC-MS%22+OR+%22LC-MS%2FMS%22+OR+chromatography%29%29+AND+%28%222026%2F05%2F31%22%5BDate+-+Publication%5D+%3A+%222026%2F07%2F30%22%5BDate+-+Publication%5D%29&retmode=json&retmax=0,Blocked,,,data/pubmed_query_observations.json,2026-08-02T20:05:19+00:00
eutils.ncbi.nlm.nih.gov/entrez/eutils/esearch.fcgi,https://eutils.ncbi.nlm.nih.gov/entrez/eutils/esearch.fcgi?db=pubmed&term=%28%28PFAS+OR+%22per-+and+polyfluoroalkyl%22%29+AND+%28%22LC-MS%22+OR+%22LC-MS%2FMS%22+OR+chromatography%29%29+AND+%28%222026%2F06%2F01%22%5BDate+-+Publication%5D+%3A+%222026%2F07%2F31%22%5BDate+-+Publication%5D%29&retmode=json&retmax=0,429,https://eutils.ncbi.nlm.nih.gov/entrez/eutils/esearch.fcgi?db=pubmed&term=%28%28PFAS+OR+%22per-+and+polyfluoroalkyl%22%29+AND+%28%22LC-MS%22+OR+%22LC-MS%2FMS%22+OR+chromatography%29%29+AND+%28%222026%2F06%2F01%22%5BDate+-+Publication%5D+%3A+%222026%2F07%2F31%22%5BDate+-+Publication%5D%29&retmode=json&retmax=0,Blocked,,,data/pubmed_query_observations.json,2026-08-02T20:05:19+00:00
eutils.ncbi.nlm.nih.gov/entrez/eutils/esearch.fcgi,https://eutils.ncbi.nlm.nih.gov/entrez/eutils/esearch.fcgi?db=pubmed&term=%28%28PFAS+OR+%22per-+and+polyfluoroalkyl%22%29+AND+%28%22LC-MS%22+OR+%22LC-MS%2FMS%22+OR+chromatography%29%29+AND+%28%222026%2F06%2F02%22%5BDate+-+Publication%5D+%3A+%222026%2F08%2F01%22%5BDate+-+Publication%5D%29&retmode=json&retmax=0,429,https://eutils.ncbi.nlm.nih.gov/entrez/eutils/esearch.fcgi?db=pubmed&term=%28%28PFAS+OR+%22per-+and+polyfluoroalkyl%22%29+AND+%28%22LC-MS%22+OR+%22LC-MS%2FMS%22+OR+chromatography%29%29+AND+%28%222026%2F06%2F02%22%5BDate+-+Publication%5D+%3A+%222026%2F08%2F01%22%5BDate+-+Publication%5D%29&retmode=json&retmax=0,Blocked,,,data/pubmed_query_observations.json,2026-08-02T20:05:20+00:00
eutils.ncbi.nlm.nih.gov/entrez/eutils/esearch.fcgi,https://eutils.ncbi.nlm.nih.gov/entrez/eutils/esearch.fcgi?db=pubmed&term=%28%28PFAS+OR+%22per-+and+polyfluoroalkyl%22%29+AND+%28%22LC-MS%22+OR+%22LC-MS%2FMS%22+OR+chromatography%29%29+AND+%28%222026%2F06%2F03%22%5BDate+-+Publication%5D+%3A+%222026%2F08%2F02%22%5BDate+-+Publication%5D%29&retmode=json&retmax=0,429,https://eutils.ncbi.nlm.nih.gov/entrez/eutils/esearch.fcgi?db=pubmed&term=%28%28PFAS+OR+%22per-+and+polyfluoroalkyl%22%29+AND+%28%22LC-MS%22+OR+%22LC-MS%2FMS%22+OR+chromatography%29%29+AND+%28%222026%2F06%2F03%22%5BDate+-+Publication%5D+%3A+%222026%2F08%2F02%22%5BDate+-+Publication%5D%29&retmode=json&retmax=0,Blocked,,,data/intelligence.json; data/pubmed_query_observations.json,2026-08-02T20:05:20+00:00
eutils.ncbi.nlm.nih.gov/entrez/eutils/esearch.fcgi,https://eutils.ncbi.nlm.nih.gov/entrez/eutils/esearch.fcgi?db=pubmed&term=%28%28PFAS+OR+%22per-+and+polyfluoroalkyl%22%29+AND+%28%22LC-MS%22+OR+%22LC-MS%2FMS%22+OR+chromatography%29%29+AND+%28%222026%2F06%2F30%22%5BDate+-+Publication%5D+%3A+%222026%2F07%2F30%22%5BDate+-+Publication%5D%29&retmode=json&retmax=0,429,https://eutils.ncbi.nlm.nih.gov/entrez/eutils/esearch.fcgi?db=pubmed&term=%28%28PFAS+OR+%22per-+and+polyfluoroalkyl%22%29+AND+%28%22LC-MS%22+OR+%22LC-MS%2FMS%22+OR+chromatography%29%29+AND+%28%222026%2F06%2F30%22%5BDate+-+Publication%5D+%3A+%222026%2F07%2F30%22%5BDate+-+Publication%5D%29&retmode=json&retmax=0,Blocked,,,data/pubmed_query_observations.json,2026-08-02T20:05:20+00:00
eutils.ncbi.nlm.nih.gov/entrez/eutils/esearch.fcgi,https://eutils.ncbi.nlm.nih.gov/entrez/eutils/esearch.fcgi?db=pubmed&term=%28%28PFAS+OR+%22per-+and+polyfluoroalkyl%22%29+AND+%28%22LC-MS%22+OR+%22LC-MS%2FMS%22+OR+chromatography%29%29+AND+%28%222026%2F07%2F01%22%5BDate+-+Publication%5D+%3A+%222026%2F07%2F31%22%5BDate+-+Publication%5D%29&retmode=json&retmax=0,429,https://eutils.ncbi.nlm.nih.gov/entrez/eutils/esearch.fcgi?db=pubmed&term=%28%28PFAS+OR+%22per-+and+polyfluoroalkyl%22%29+AND+%28%22LC-MS%22+OR+%22LC-MS%2FMS%22+OR+chromatography%29%29+AND+%28%222026%2F07%2F01%22%5BDate+-+Publication%5D+%3A+%222026%2F07%2F31%22%5BDate+-+Publication%5D%29&retmode=json&retmax=0,Blocked,,,data/pubmed_query_observations.json,2026-08-02T20:05:20+00:00
eutils.ncbi.nlm.nih.gov/entrez/eutils/esearch.fcgi,https://eutils.ncbi.nlm.nih.gov/entrez/eutils/esearch.fcgi?db=pubmed&term=%28%28PFAS+OR+%22per-+and+polyfluoroalkyl%22%29+AND+%28%22LC-MS%22+OR+%22LC-MS%2FMS%22+OR+chromatography%29%29+AND+%28%222026%2F07%2F02%22%5BDate+-+Publication%5D+%3A+%222026%2F08%2F01%22%5BDate+-+Publication%5D%29&retmode=json&retmax=0,429,https://eutils.ncbi.nlm.nih.gov/entrez/eutils/esearch.fcgi?db=pubmed&term=%28%28PFAS+OR+%22per-+and+polyfluoroalkyl%22%29+AND+%28%22LC-MS%22+OR+%22LC-MS%2FMS%22+OR+chromatography%29%29+AND+%28%222026%2F07%2F02%22%5BDate+-+Publication%5D+%3A+%222026%2F08%2F01%22%5BDate+-+Publication%5D%29&retmode=json&retmax=0,Blocked,,,data/pubmed_query_observations.json,2026-08-02T20:05:20+00:00
eutils.ncbi.nlm.nih.gov/entrez/eutils/esearch.fcgi,https://eutils.ncbi.nlm.nih.gov/entrez/eutils/esearch.fcgi?db=pubmed&term=%28%28PFAS+OR+%22per-+and+polyfluoroalkyl%22%29+AND+%28%22LC-MS%22+OR+%22LC-MS%2FMS%22+OR+chromatography%29%29+AND+%28%222026%2F07%2F03%22%5BDate+-+Publication%5D+%3A+%222026%2F08%2F02%22%5BDate+-+Publication%5D%29&retmode=json&retmax=0,429,https://eutils.ncbi.nlm.nih.gov/entrez/eutils/esearch.fcgi?db=pubmed&term=%28%28PFAS+OR+%22per-+and+polyfluoroalkyl%22%29+AND+%28%22LC-MS%22+OR+%22LC-MS%2FMS%22+OR+chromatography%29%29+AND+%28%222026%2F07%2F03%22%5BDate+-+Publication%5D+%3A+%222026%2F08%2F02%22%5BDate+-+Publication%5D%29&retmode=json&retmax=0,Blocked,,,data/intelligence.json; data/pubmed_query_observations.json,2026-08-02T20:05:20+00:00
eutils.ncbi.nlm.nih.gov/entrez/eutils/esearch.fcgi,https://eutils.ncbi.nlm.nih.gov/entrez/eutils/esearch.fcgi?db=pubmed&term=%28%28oligonucleotide+OR+%22nucleic+acid%22+OR+siRNA%29+AND+%28%22LC-MS%22+OR+chromatography+OR+%22mass+spectrometry%22%29%29+AND+%28%222021%2F07%2F31%22%5BDate+-+Publication%5D+%3A+%222026%2F07%2F30%22%5BDate+-+Publication%5D%29&retmode=json&retmax=0,429,https://eutils.ncbi.nlm.nih.gov/entrez/eutils/esearch.fcgi?db=pubmed&term=%28%28oligonucleotide+OR+%22nucleic+acid%22+OR+siRNA%29+AND+%28%22LC-MS%22+OR+chromatography+OR+%22mass+spectrometry%22%29%29+AND+%28%222021%2F07%2F31%22%5BDate+-+Publication%5D+%3A+%222026%2F07%2F30%22%5BDate+-+Publication%5D%29&retmode=json&retmax=0,Blocked,,,data/pubmed_query_observations.json,2026-08-02T20:05:20+00:00
eutils.ncbi.nlm.nih.gov/entrez/eutils/esearch.fcgi,https://eutils.ncbi.nlm.nih.gov/entrez/eutils/esearch.fcgi?db=pubmed&term=%28%28oligonucleotide+OR+%22nucleic+acid%22+OR+siRNA%29+AND+%28%22LC-MS%22+OR+chromatography+OR+%22mass+spectrometry%22%29%29+AND+%28%222021%2F08%2F01%22%5BDate+-+Publication%5D+%3A+%222026%2F07%2F31%22%5BDate+-+Publication%5D%29&retmode=json&retmax=0,429,https://eutils.ncbi.nlm.nih.gov/entrez/eutils/esearch.fcgi?db=pubmed&term=%28%28oligonucleotide+OR+%22nucleic+acid%22+OR+siRNA%29+AND+%28%22LC-MS%22+OR+chromatography+OR+%22mass+spectrometry%22%29%29+AND+%28%222021%2F08%2F01%22%5BDate+-+Publication%5D+%3A+%222026%2F07%2F31%22%5BDate+-+Publication%5D%29&retmode=json&retmax=0,Blocked,,,data/pubmed_query_observations.json,2026-08-02T20:05:20+00:00
eutils.ncbi.nlm.nih.gov/entrez/eutils/esearch.fcgi,https://eutils.ncbi.nlm.nih.gov/entrez/eutils/esearch.fcgi?db=pubmed&term=%28%28oligonucleotide+OR+%22nucleic+acid%22+OR+siRNA%29+AND+%28%22LC-MS%22+OR+chromatography+OR+%22mass+spectrometry%22%29%29+AND+%28%222021%2F08%2F02%22%5BDate+-+Publication%5D+%3A+%222026%2F08%2F01%22%5BDate+-+Publication%5D%29&retmode=json&retmax=0,429,https://eutils.ncbi.nlm.nih.gov/entrez/eutils/esearch.fcgi?db=pubmed&term=%28%28oligonucleotide+OR+%22nucleic+acid%22+OR+siRNA%29+AND+%28%22LC-MS%22+OR+chromatography+OR+%22mass+spectrometry%22%29%29+AND+%28%222021%2F08%2F02%22%5BDate+-+Publication%5D+%3A+%222026%2F08%2F01%22%5BDate+-+Publication%5D%29&retmode=json&retmax=0,Blocked,,,data/pubmed_query_observations.json,2026-08-02T20:05:20+00:00
eutils.ncbi.nlm.nih.gov/entrez/eutils/esearch.fcgi,https://eutils.ncbi.nlm.nih.gov/entrez/eutils/esearch.fcgi?db=pubmed&term=%28%28oligonucleotide+OR+%22nucleic+acid%22+OR+siRNA%29+AND+%28%22LC-MS%22+OR+chromatography+OR+%22mass+spectrometry%22%29%29+AND+%28%222021%2F08%2F03%22%5BDate+-+Publication%5D+%3A+%222026%2F08%2F02%22%5BDate+-+Publication%5D%29&retmode=json&retmax=0,429,https://eutils.ncbi.nlm.nih.gov/entrez/eutils/esearch.fcgi?db=pubmed&term=%28%28oligonucleotide+OR+%22nucleic+acid%22+OR+siRNA%29+AND+%28%22LC-MS%22+OR+chromatography+OR+%22mass+spectrometry%22%29%29+AND+%28%222021%2F08%2F03%22%5BDate+-+Publication%5D+%3A+%222026%2F08%2F02%22%5BDate+-+Publication%5D%29&retmode=json&retmax=0,Blocked,,,data/intelligence.json; data/pubmed_query_observations.json,2026-08-02T20:05:20+00:00
eutils.ncbi.nlm.nih.gov/entrez/eutils/esearch.fcgi,https://eutils.ncbi.nlm.nih.gov/entrez/eutils/esearch.fcgi?db=pubmed&term=%28%28oligonucleotide+OR+%22nucleic+acid%22+OR+siRNA%29+AND+%28%22LC-MS%22+OR+chromatography+OR+%22mass+spectrometry%22%29%29+AND+%28%222023%2F07%2F31%22%5BDate+-+Publication%5D+%3A+%222026%2F07%2F30%22%5BDate+-+Publication%5D%29&retmode=json&retmax=0,429,https://eutils.ncbi.nlm.nih.gov/entrez/eutils/esearch.fcgi?db=pubmed&term=%28%28oligonucleotide+OR+%22nucleic+acid%22+OR+siRNA%29+AND+%28%22LC-MS%22+OR+chromatography+OR+%22mass+spectrometry%22%29%29+AND+%28%222023%2F07%2F31%22%5BDate+-+Publication%5D+%3A+%222026%2F07%2F30%22%5BDate+-+Publication%5D%29&retmode=json&retmax=0,Blocked,,,data/pubmed_query_observations.json,2026-08-02T20:05:20+00:00
eutils.ncbi.nlm.nih.gov/entrez/eutils/esearch.fcgi,https://eutils.ncbi.nlm.nih.gov/entrez/eutils/esearch.fcgi?db=pubmed&term=%28%28oligonucleotide+OR+%22nucleic+acid%22+OR+siRNA%29+AND+%28%22LC-MS%22+OR+chromatography+OR+%22mass+spectrometry%22%29%29+AND+%28%222023%2F08%2F01%22%5BDate+-+Publication%5D+%3A+%222026%2F07%2F31%22%5BDate+-+Publication%5D%29&retmode=json&retmax=0,429,https://eutils.ncbi.nlm.nih.gov/entrez/eutils/esearch.fcgi?db=pubmed&term=%28%28oligonucleotide+OR+%22nucleic+acid%22+OR+siRNA%29+AND+%28%22LC-MS%22+OR+chromatography+OR+%22mass+spectrometry%22%29%29+AND+%28%222023%2F08%2F01%22%5BDate+-+Publication%5D+%3A+%222026%2F07%2F31%22%5BDate+-+Publication%5D%29&retmode=json&retmax=0,Blocked,,,data/pubmed_query_observations.json,2026-08-02T20:05:20+00:00
eutils.ncbi.nlm.nih.gov/entrez/eutils/esearch.fcgi,https://eutils.ncbi.nlm.nih.gov/entrez/eutils/esearch.fcgi?db=pubmed&term=%28%28oligonucleotide+OR+%22nucleic+acid%22+OR+siRNA%29+AND+%28%22LC-MS%22+OR+chromatography+OR+%22mass+spectrometry%22%29%29+AND+%28%222023%2F08%2F02%22%5BDate+-+Publication%5D+%3A+%222026%2F08%2F01%22%5BDate+-+Publication%5D%29&retmode=json&retmax=0,429,https://eutils.ncbi.nlm.nih.gov/entrez/eutils/esearch.fcgi?db=pubmed&term=%28%28oligonucleotide+OR+%22nucleic+acid%22+OR+siRNA%29+AND+%28%22LC-MS%22+OR+chromatography+OR+%22mass+spectrometry%22%29%29+AND+%28%222023%2F08%2F02%22%5BDate+-+Publication%5D+%3A+%222026%2F08%2F01%22%5BDate+-+Publication%5D%29&retmode=json&retmax=0,Blocked,,,data/pubmed_query_observations.json,2026-08-02T20:05:20+00:00
eutils.ncbi.nlm.nih.gov/entrez/eutils/esearch.fcgi,https://eutils.ncbi.nlm.nih.gov/entrez/eutils/esearch.fcgi?db=pubmed&term=%28%28oligonucleotide+OR+%22nucleic+acid%22+OR+siRNA%29+AND+%28%22LC-MS%22+OR+chromatography+OR+%22mass+spectrometry%22%29%29+AND+%28%222023%2F08%2F03%22%5BDate+-+Publication%5D+%3A+%222026%2F08%2F02%22%5BDate+-+Publication%5D%29&retmode=json&retmax=0,429,https://eutils.ncbi.nlm.nih.gov/entrez/eutils/esearch.fcgi?db=pubmed&term=%28%28oligonucleotide+OR+%22nucleic+acid%22+OR+siRNA%29+AND+%28%22LC-MS%22+OR+chromatography+OR+%22mass+spectrometry%22%29%29+AND+%28%222023%2F08%2F03%22%5BDate+-+Publication%5D+%3A+%222026%2F08%2F02%22%5BDate+-+Publication%5D%29&retmode=json&retmax=0,Blocked,,,data/intelligence.json; data/pubmed_query_observations.json,2026-08-02T20:05:20+00:00
eutils.ncbi.nlm.nih.gov/entrez/eutils/esearch.fcgi,https://eutils.ncbi.nlm.nih.gov/entrez/eutils/esearch.fcgi?db=pubmed&term=%28%28oligonucleotide+OR+%22nucleic+acid%22+OR+siRNA%29+AND+%28%22LC-MS%22+OR+chromatography+OR+%22mass+spectrometry%22%29%29+AND+%28%222025%2F07%2F30%22%5BDate+-+Publication%5D+%3A+%222026%2F07%2F30%22%5BDate+-+Publication%5D%29&retmode=json&retmax=0,429,https://eutils.ncbi.nlm.nih.gov/entrez/eutils/esearch.fcgi?db=pubmed&term=%28%28oligonucleotide+OR+%22nucleic+acid%22+OR+siRNA%29+AND+%28%22LC-MS%22+OR+chromatography+OR+%22mass+spectrometry%22%29%29+AND+%28%222025%2F07%2F30%22%5BDate+-+Publication%5D+%3A+%222026%2F07%2F30%22%5BDate+-+Publication%5D%29&retmode=json&retmax=0,Blocked,,,data/pubmed_query_observations.json,2026-08-02T20:05:20+00:00
eutils.ncbi.nlm.nih.gov/entrez/eutils/esearch.fcgi,https://eutils.ncbi.nlm.nih.gov/entrez/eutils/esearch.fcgi?db=pubmed&term=%28%28oligonucleotide+OR+%22nucleic+acid%22+OR+siRNA%29+AND+%28%22LC-MS%22+OR+chromatography+OR+%22mass+spectrometry%22%29%29+AND+%28%222025%2F07%2F31%22%5BDate+-+Publication%5D+%3A+%222026%2F07%2F31%22%5BDate+-+Publication%5D%29&retmode=json&retmax=0,429,https://eutils.ncbi.nlm.nih.gov/entrez/eutils/esearch.fcgi?db=pubmed&term=%28%28oligonucleotide+OR+%22nucleic+acid%22+OR+siRNA%29+AND+%28%22LC-MS%22+OR+chromatography+OR+%22mass+spectrometry%22%29%29+AND+%28%222025%2F07%2F31%22%5BDate+-+Publication%5D+%3A+%222026%2F07%2F31%22%5BDate+-+Publication%5D%29&retmode=json&retmax=0,Blocked,,,data/pubmed_query_observations.json,2026-08-02T20:05:20+00:00
eutils.ncbi.nlm.nih.gov/entrez/eutils/esearch.fcgi,https://eutils.ncbi.nlm.nih.gov/entrez/eutils/esearch.fcgi?db=pubmed&term=%28%28oligonucleotide+OR+%22nucleic+acid%22+OR+siRNA%29+AND+%28%22LC-MS%22+OR+chromatography+OR+%22mass+spectrometry%22%29%29+AND+%28%222025%2F08%2F01%22%5BDate+-+Publication%5D+%3A+%222026%2F08%2F01%22%5BDate+-+Publication%5D%29&retmode=json&retmax=0,429,https://eutils.ncbi.nlm.nih.gov/entrez/eutils/esearch.fcgi?db=pubmed&term=%28%28oligonucleotide+OR+%22nucleic+acid%22+OR+siRNA%29+AND+%28%22LC-MS%22+OR+chromatography+OR+%22mass+spectrometry%22%29%29+AND+%28%222025%2F08%2F01%22%5BDate+-+Publication%5D+%3A+%222026%2F08%2F01%22%5BDate+-+Publication%5D%29&retmode=json&retmax=0,Blocked,,,data/pubmed_query_observations.json,2026-08-02T20:05:20+00:00
eutils.ncbi.nlm.nih.gov/entrez/eutils/esearch.fcgi,https://eutils.ncbi.nlm.nih.gov/entrez/eutils/esearch.fcgi?db=pubmed&term=%28%28oligonucleotide+OR+%22nucleic+acid%22+OR+siRNA%29+AND+%28%22LC-MS%22+OR+chromatography+OR+%22mass+spectrometry%22%29%29+AND+%28%222025%2F08%2F02%22%5BDate+-+Publication%5D+%3A+%222026%2F08%2F02%22%5BDate+-+Publication%5D%29&retmode=json&retmax=0,429,https://eutils.ncbi.nlm.nih.gov/entrez/eutils/esearch.fcgi?db=pubmed&term=%28%28oligonucleotide+OR+%22nucleic+acid%22+OR+siRNA%29+AND+%28%22LC-MS%22+OR+chromatography+OR+%22mass+spectrometry%22%29%29+AND+%28%222025%2F08%2F02%22%5BDate+-+Publication%5D+%3A+%222026%2F08%2F02%22%5BDate+-+Publication%5D%29&retmode=json&retmax=0,Blocked,,,data/intelligence.json; data/pubmed_query_observations.json,2026-08-02T20:05:20+00:00
eutils.ncbi.nlm.nih.gov/entrez/eutils/esearch.fcgi,https://eutils.ncbi.nlm.nih.gov/entrez/eutils/esearch.fcgi?db=pubmed&term=%28%28oligonucleotide+OR+%22nucleic+acid%22+OR+siRNA%29+AND+%28%22LC-MS%22+OR+chromatography+OR+%22mass+spectrometry%22%29%29+AND+%28%222026%2F05%2F01%22%5BDate+-+Publication%5D+%3A+%222026%2F07%2F30%22%5BDate+-+Publication%5D%29&retmode=json&retmax=0,429,https://eutils.ncbi.nlm.nih.gov/entrez/eutils/esearch.fcgi?db=pubmed&term=%28%28oligonucleotide+OR+%22nucleic+acid%22+OR+siRNA%29+AND+%28%22LC-MS%22+OR+chromatography+OR+%22mass+spectrometry%22%29%29+AND+%28%222026%2F05%2F01%22%5BDate+-+Publication%5D+%3A+%222026%2F07%2F30%22%5BDate+-+Publication%5D%29&retmode=json&retmax=0,Blocked,,,data/pubmed_query_observations.json,2026-08-02T20:05:21+00:00
eutils.ncbi.nlm.nih.gov/entrez/eutils/esearch.fcgi,https://eutils.ncbi.nlm.nih.gov/entrez/eutils/esearch.fcgi?db=pubmed&term=%28%28oligonucleotide+OR+%22nucleic+acid%22+OR+siRNA%29+AND+%28%22LC-MS%22+OR+chromatography+OR+%22mass+spectrometry%22%29%29+AND+%28%222026%2F05%2F02%22%5BDate+-+Publication%5D+%3A+%222026%2F07%2F31%22%5BDate+-+Publication%5D%29&retmode=json&retmax=0,429,https://eutils.ncbi.nlm.nih.gov/entrez/eutils/esearch.fcgi?db=pubmed&term=%28%28oligonucleotide+OR+%22nucleic+acid%22+OR+siRNA%29+AND+%28%22LC-MS%22+OR+chromatography+OR+%22mass+spectrometry%22%29%29+AND+%28%222026%2F05%2F02%22%5BDate+-+Publication%5D+%3A+%222026%2F07%2F31%22%5BDate+-+Publication%5D%29&retmode=json&retmax=0,Blocked,,,data/pubmed_query_observations.json,2026-08-02T20:05:21+00:00
eutils.ncbi.nlm.nih.gov/entrez/eutils/esearch.fcgi,https://eutils.ncbi.nlm.nih.gov/entrez/eutils/esearch.fcgi?db=pubmed&term=%28%28oligonucleotide+OR+%22nucleic+acid%22+OR+siRNA%29+AND+%28%22LC-MS%22+OR+chromatography+OR+%22mass+spectrometry%22%29%29+AND+%28%222026%2F05%2F03%22%5BDate+-+Publication%5D+%3A+%222026%2F08%2F01%22%5BDate+-+Publication%5D%29&retmode=json&retmax=0,429,https://eutils.ncbi.nlm.nih.gov/entrez/eutils/esearch.fcgi?db=pubmed&term=%28%28oligonucleotide+OR+%22nucleic+acid%22+OR+siRNA%29+AND+%28%22LC-MS%22+OR+chromatography+OR+%22mass+spectrometry%22%29%29+AND+%28%222026%2F05%2F03%22%5BDate+-+Publication%5D+%3A+%222026%2F08%2F01%22%5BDate+-+Publication%5D%29&retmode=json&retmax=0,Blocked,,,data/pubmed_query_observations.json,2026-08-02T20:05:21+00:00
eutils.ncbi.nlm.nih.gov/entrez/eutils/esearch.fcgi,https://eutils.ncbi.nlm.nih.gov/entrez/eutils/esearch.fcgi?db=pubmed&term=%28%28oligonucleotide+OR+%22nucleic+acid%22+OR+siRNA%29+AND+%28%22LC-MS%22+OR+chromatography+OR+%22mass+spectrometry%22%29%29+AND+%28%222026%2F05%2F04%22%5BDate+-+Publication%5D+%3A+%222026%2F08%2F02%22%5BDate+-+Publication%5D%29&retmode=json&retmax=0,429,https://eutils.ncbi.nlm.nih.gov/entrez/eutils/esearch.fcgi?db=pubmed&term=%28%28oligonucleotide+OR+%22nucleic+acid%22+OR+siRNA%29+AND+%28%22LC-MS%22+OR+chromatography+OR+%22mass+spectrometry%22%29%29+AND+%28%222026%2F05%2F04%22%5BDate+-+Publication%5D+%3A+%222026%2F08%2F02%22%5BDate+-+Publication%5D%29&retmode=json&retmax=0,Blocked,,,data/intelligence.json; data/pubmed_query_observations.json,2026-08-02T20:05:21+00:00
eutils.ncbi.nlm.nih.gov/entrez/eutils/esearch.fcgi,https://eutils.ncbi.nlm.nih.gov/entrez/eutils/esearch.fcgi?db=pubmed&term=%28%28oligonucleotide+OR+%22nucleic+acid%22+OR+siRNA%29+AND+%28%22LC-MS%22+OR+chromatography+OR+%22mass+spectrometry%22%29%29+AND+%28%222026%2F05%2F31%22%5BDate+-+Publication%5D+%3A+%222026%2F07%2F30%22%5BDate+-+Publication%5D%29&retmode=json&retmax=0,429,https://eutils.ncbi.nlm.nih.gov/entrez/eutils/esearch.fcgi?db=pubmed&term=%28%28oligonucleotide+OR+%22nucleic+acid%22+OR+siRNA%29+AND+%28%22LC-MS%22+OR+chromatography+OR+%22mass+spectrometry%22%29%29+AND+%28%222026%2F05%2F31%22%5BDate+-+Publication%5D+%3A+%222026%2F07%2F30%22%5BDate+-+Publication%5D%29&retmode=json&retmax=0,Blocked,,,data/pubmed_query_observations.json,2026-08-02T20:05:21+00:00
eutils.ncbi.nlm.nih.gov/entrez/eutils/esearch.fcgi,https://eutils.ncbi.nlm.nih.gov/entrez/eutils/esearch.fcgi?db=pubmed&term=%28%28oligonucleotide+OR+%22nucleic+acid%22+OR+siRNA%29+AND+%28%22LC-MS%22+OR+chromatography+OR+%22mass+spectrometry%22%29%29+AND+%28%222026%2F06%2F01%22%5BDate+-+Publication%5D+%3A+%222026%2F07%2F31%22%5BDate+-+Publication%5D%29&retmode=json&retmax=0,429,https://eutils.ncbi.nlm.nih.gov/entrez/eutils/esearch.fcgi?db=pubmed&term=%28%28oligonucleotide+OR+%22nucleic+acid%22+OR+siRNA%29+AND+%28%22LC-MS%22+OR+chromatography+OR+%22mass+spectrometry%22%29%29+AND+%28%222026%2F06%2F01%22%5BDate+-+Publication%5D+%3A+%222026%2F07%2F31%22%5BDate+-+Publication%5D%29&retmode=json&retmax=0,Blocked,,,data/pubmed_query_observations.json,2026-08-02T20:05:21+00:00
eutils.ncbi.nlm.nih.gov/entrez/eutils/esearch.fcgi,https://eutils.ncbi.nlm.nih.gov/entrez/eutils/esearch.fcgi?db=pubmed&term=%28%28oligonucleotide+OR+%22nucleic+acid%22+OR+siRNA%29+AND+%28%22LC-MS%22+OR+chromatography+OR+%22mass+spectrometry%22%29%29+AND+%28%222026%2F06%2F02%22%5BDate+-+Publication%5D+%3A+%222026%2F08%2F01%22%5BDate+-+Publication%5D%29&retmode=json&retmax=0,429,https://eutils.ncbi.nlm.nih.gov/entrez/eutils/esearch.fcgi?db=pubmed&term=%28%28oligonucleotide+OR+%22nucleic+acid%22+OR+siRNA%29+AND+%28%22LC-MS%22+OR+chromatography+OR+%22mass+spectrometry%22%29%29+AND+%28%222026%2F06%2F02%22%5BDate+-+Publication%5D+%3A+%222026%2F08%2F01%22%5BDate+-+Publication%5D%29&retmode=json&retmax=0,Blocked,,,data/pubmed_query_observations.json,2026-08-02T20:05:21+00:00
eutils.ncbi.nlm.nih.gov/entrez/eutils/esearch.fcgi,https://eutils.ncbi.nlm.nih.gov/entrez/eutils/esearch.fcgi?db=pubmed&term=%28%28oligonucleotide+OR+%22nucleic+acid%22+OR+siRNA%29+AND+%28%22LC-MS%22+OR+chromatography+OR+%22mass+spectrometry%22%29%29+AND+%28%222026%2F06%2F03%22%5BDate+-+Publication%5D+%3A+%222026%2F08%2F02%22%5BDate+-+Publication%5D%29&retmode=json&retmax=0,429,https://eutils.ncbi.nlm.nih.gov/entrez/eutils/esearch.fcgi?db=pubmed&term=%28%28oligonucleotide+OR+%22nucleic+acid%22+OR+siRNA%29+AND+%28%22LC-MS%22+OR+chromatography+OR+%22mass+spectrometry%22%29%29+AND+%28%222026%2F06%2F03%22%5BDate+-+Publication%5D+%3A+%222026%2F08%2F02%22%5BDate+-+Publication%5D%29&retmode=json&retmax=0,Blocked,,,data/intelligence.json; data/pubmed_query_observations.json,2026-08-02T20:05:21+00:00
eutils.ncbi.nlm.nih.gov/entrez/eutils/esearch.fcgi,https://eutils.ncbi.nlm.nih.gov/entrez/eutils/esearch.fcgi?db=pubmed&term=%28%28oligonucleotide+OR+%22nucleic+acid%22+OR+siRNA%29+AND+%28%22LC-MS%22+OR+chromatography+OR+%22mass+spectrometry%22%29%29+AND+%28%222026%2F06%2F30%22%5BDate+-+Publication%5D+%3A+%222026%2F07%2F30%22%5BDate+-+Publication%5D%29&retmode=json&retmax=0,429,https://eutils.ncbi.nlm.nih.gov/entrez/eutils/esearch.fcgi?db=pubmed&term=%28%28oligonucleotide+OR+%22nucleic+acid%22+OR+siRNA%29+AND+%28%22LC-MS%22+OR+chromatography+OR+%22mass+spectrometry%22%29%29+AND+%28%222026%2F06%2F30%22%5BDate+-+Publication%5D+%3A+%222026%2F07%2F30%22%5BDate+-+Publication%5D%29&retmode=json&retmax=0,Blocked,,,data/pubmed_query_observations.json,2026-08-02T20:05:21+00:00
eutils.ncbi.nlm.nih.gov/entrez/eutils/esearch.fcgi,https://eutils.ncbi.nlm.nih.gov/entrez/eutils/esearch.fcgi?db=pubmed&term=%28%28oligonucleotide+OR+%22nucleic+acid%22+OR+siRNA%29+AND+%28%22LC-MS%22+OR+chromatography+OR+%22mass+spectrometry%22%29%29+AND+%28%222026%2F07%2F01%22%5BDate+-+Publication%5D+%3A+%222026%2F07%2F31%22%5BDate+-+Publication%5D%29&retmode=json&retmax=0,429,https://eutils.ncbi.nlm.nih.gov/entrez/eutils/esearch.fcgi?db=pubmed&term=%28%28oligonucleotide+OR+%22nucleic+acid%22+OR+siRNA%29+AND+%28%22LC-MS%22+OR+chromatography+OR+%22mass+spectrometry%22%29%29+AND+%28%222026%2F07%2F01%22%5BDate+-+Publication%5D+%3A+%222026%2F07%2F31%22%5BDate+-+Publication%5D%29&retmode=json&retmax=0,Blocked,,,data/pubmed_query_observations.json,2026-08-02T20:05:21+00:00
eutils.ncbi.nlm.nih.gov/entrez/eutils/esearch.fcgi,https://eutils.ncbi.nlm.nih.gov/entrez/eutils/esearch.fcgi?db=pubmed&term=%28%28oligonucleotide+OR+%22nucleic+acid%22+OR+siRNA%29+AND+%28%22LC-MS%22+OR+chromatography+OR+%22mass+spectrometry%22%29%29+AND+%28%222026%2F07%2F02%22%5BDate+-+Publication%5D+%3A+%222026%2F08%2F01%22%5BDate+-+Publication%5D%29&retmode=json&retmax=0,429,https://eutils.ncbi.nlm.nih.gov/entrez/eutils/esearch.fcgi?db=pubmed&term=%28%28oligonucleotide+OR+%22nucleic+acid%22+OR+siRNA%29+AND+%28%22LC-MS%22+OR+chromatography+OR+%22mass+spectrometry%22%29%29+AND+%28%222026%2F07%2F02%22%5BDate+-+Publication%5D+%3A+%222026%2F08%2F01%22%5BDate+-+Publication%5D%29&retmode=json&retmax=0,Blocked,,,data/pubmed_query_observations.json,2026-08-02T20:05:21+00:00
eutils.ncbi.nlm.nih.gov/entrez/eutils/esearch.fcgi,https://eutils.ncbi.nlm.nih.gov/entrez/eutils/esearch.fcgi?db=pubmed&term=%28%28oligonucleotide+OR+%22nucleic+acid%22+OR+siRNA%29+AND+%28%22LC-MS%22+OR+chromatography+OR+%22mass+spectrometry%22%29%29+AND+%28%222026%2F07%2F03%22%5BDate+-+Publication%5D+%3A+%222026%2F08%2F02%22%5BDate+-+Publication%5D%29&retmode=json&retmax=0,429,https://eutils.ncbi.nlm.nih.gov/entrez/eutils/esearch.fcgi?db=pubmed&term=%28%28oligonucleotide+OR+%22nucleic+acid%22+OR+siRNA%29+AND+%28%22LC-MS%22+OR+chromatography+OR+%22mass+spectrometry%22%29%29+AND+%28%222026%2F07%2F03%22%5BDate+-+Publication%5D+%3A+%222026%2F08%2F02%22%5BDate+-+Publication%5D%29&retmode=json&retmax=0,Blocked,,,data/intelligence.json; data/pubmed_query_observations.json,2026-08-02T20:05:21+00:00
eutils.ncbi.nlm.nih.gov/entrez/eutils/esearch.fcgi,https://eutils.ncbi.nlm.nih.gov/entrez/eutils/esearch.fcgi?db=pubmed&term=%28%28proteomics+OR+metabolomics%29+AND+%28%22LC-MS%22+OR+Orbitrap+OR+%22mass+spectrometry%22%29%29+AND+%28%222021%2F07%2F31%22%5BDate+-+Publication%5D+%3A+%222026%2F07%2F30%22%5BDate+-+Publication%5D%29&retmode=json&retmax=0,429,https://eutils.ncbi.nlm.nih.gov/entrez/eutils/esearch.fcgi?db=pubmed&term=%28%28proteomics+OR+metabolomics%29+AND+%28%22LC-MS%22+OR+Orbitrap+OR+%22mass+spectrometry%22%29%29+AND+%28%222021%2F07%2F31%22%5BDate+-+Publication%5D+%3A+%222026%2F07%2F30%22%5BDate+-+Publication%5D%29&retmode=json&retmax=0,Blocked,,,data/pubmed_query_observations.json,2026-08-02T20:05:21+00:00
eutils.ncbi.nlm.nih.gov/entrez/eutils/esearch.fcgi,https://eutils.ncbi.nlm.nih.gov/entrez/eutils/esearch.fcgi?db=pubmed&term=%28%28proteomics+OR+metabolomics%29+AND+%28%22LC-MS%22+OR+Orbitrap+OR+%22mass+spectrometry%22%29%29+AND+%28%222021%2F08%2F01%22%5BDate+-+Publication%5D+%3A+%222026%2F07%2F31%22%5BDate+-+Publication%5D%29&retmode=json&retmax=0,429,https://eutils.ncbi.nlm.nih.gov/entrez/eutils/esearch.fcgi?db=pubmed&term=%28%28proteomics+OR+metabolomics%29+AND+%28%22LC-MS%22+OR+Orbitrap+OR+%22mass+spectrometry%22%29%29+AND+%28%222021%2F08%2F01%22%5BDate+-+Publication%5D+%3A+%222026%2F07%2F31%22%5BDate+-+Publication%5D%29&retmode=json&retmax=0,Blocked,,,data/pubmed_query_observations.json,2026-08-02T20:05:21+00:00
eutils.ncbi.nlm.nih.gov/entrez/eutils/esearch.fcgi,https://eutils.ncbi.nlm.nih.gov/entrez/eutils/esearch.fcgi?db=pubmed&term=%28%28proteomics+OR+metabolomics%29+AND+%28%22LC-MS%22+OR+Orbitrap+OR+%22mass+spectrometry%22%29%29+AND+%28%222021%2F08%2F02%22%5BDate+-+Publication%5D+%3A+%222026%2F08%2F01%22%5BDate+-+Publication%5D%29&retmode=json&retmax=0,429,https://eutils.ncbi.nlm.nih.gov/entrez/eutils/esearch.fcgi?db=pubmed&term=%28%28proteomics+OR+metabolomics%29+AND+%28%22LC-MS%22+OR+Orbitrap+OR+%22mass+spectrometry%22%29%29+AND+%28%222021%2F08%2F02%22%5BDate+-+Publication%5D+%3A+%222026%2F08%2F01%22%5BDate+-+Publication%5D%29&retmode=json&retmax=0,Blocked,,,data/pubmed_query_observations.json,2026-08-02T20:05:21+00:00
eutils.ncbi.nlm.nih.gov/entrez/eutils/esearch.fcgi,https://eutils.ncbi.nlm.nih.gov/entrez/eutils/esearch.fcgi?db=pubmed&term=%28%28proteomics+OR+metabolomics%29+AND+%28%22LC-MS%22+OR+Orbitrap+OR+%22mass+spectrometry%22%29%29+AND+%28%222021%2F08%2F03%22%5BDate+-+Publication%5D+%3A+%222026%2F08%2F02%22%5BDate+-+Publication%5D%29&retmode=json&retmax=0,429,https://eutils.ncbi.nlm.nih.gov/entrez/eutils/esearch.fcgi?db=pubmed&term=%28%28proteomics+OR+metabolomics%29+AND+%28%22LC-MS%22+OR+Orbitrap+OR+%22mass+spectrometry%22%29%29+AND+%28%222021%2F08%2F03%22%5BDate+-+Publication%5D+%3A+%222026%2F08%2F02%22%5BDate+-+Publication%5D%29&retmode=json&retmax=0,Blocked,,,data/intelligence.json; data/pubmed_query_observations.json,2026-08-02T20:05:21+00:00
eutils.ncbi.nlm.nih.gov/entrez/eutils/esearch.fcgi,https://eutils.ncbi.nlm.nih.gov/entrez/eutils/esearch.fcgi?db=pubmed&term=%28%28proteomics+OR+metabolomics%29+AND+%28%22LC-MS%22+OR+Orbitrap+OR+%22mass+spectrometry%22%29%29+AND+%28%222023%2F07%2F31%22%5BDate+-+Publication%5D+%3A+%222026%2F07%2F30%22%5BDate+-+Publication%5D%29&retmode=json&retmax=0,429,https://eutils.ncbi.nlm.nih.gov/entrez/eutils/esearch.fcgi?db=pubmed&term=%28%28proteomics+OR+metabolomics%29+AND+%28%22LC-MS%22+OR+Orbitrap+OR+%22mass+spectrometry%22%29%29+AND+%28%222023%2F07%2F31%22%5BDate+-+Publication%5D+%3A+%222026%2F07%2F30%22%5BDate+-+Publication%5D%29&retmode=json&retmax=0,Blocked,,,data/pubmed_query_observations.json,2026-08-02T20:05:21+00:00
eutils.ncbi.nlm.nih.gov/entrez/eutils/esearch.fcgi,https://eutils.ncbi.nlm.nih.gov/entrez/eutils/esearch.fcgi?db=pubmed&term=%28%28proteomics+OR+metabolomics%29+AND+%28%22LC-MS%22+OR+Orbitrap+OR+%22mass+spectrometry%22%29%29+AND+%28%222023%2F08%2F01%22%5BDate+-+Publication%5D+%3A+%222026%2F07%2F31%22%5BDate+-+Publication%5D%29&retmode=json&retmax=0,429,https://eutils.ncbi.nlm.nih.gov/entrez/eutils/esearch.fcgi?db=pubmed&term=%28%28proteomics+OR+metabolomics%29+AND+%28%22LC-MS%22+OR+Orbitrap+OR+%22mass+spectrometry%22%29%29+AND+%28%222023%2F08%2F01%22%5BDate+-+Publication%5D+%3A+%222026%2F07%2F31%22%5BDate+-+Publication%5D%29&retmode=json&retmax=0,Blocked,,,data/pubmed_query_observations.json,2026-08-02T20:05:21+00:00
eutils.ncbi.nlm.nih.gov/entrez/eutils/esearch.fcgi,https://eutils.ncbi.nlm.nih.gov/entrez/eutils/esearch.fcgi?db=pubmed&term=%28%28proteomics+OR+metabolomics%29+AND+%28%22LC-MS%22+OR+Orbitrap+OR+%22mass+spectrometry%22%29%29+AND+%28%222023%2F08%2F02%22%5BDate+-+Publication%5D+%3A+%222026%2F08%2F01%22%5BDate+-+Publication%5D%29&retmode=json&retmax=0,429,https://eutils.ncbi.nlm.nih.gov/entrez/eutils/esearch.fcgi?db=pubmed&term=%28%28proteomics+OR+metabolomics%29+AND+%28%22LC-MS%22+OR+Orbitrap+OR+%22mass+spectrometry%22%29%29+AND+%28%222023%2F08%2F02%22%5BDate+-+Publication%5D+%3A+%222026%2F08%2F01%22%5BDate+-+Publication%5D%29&retmode=json&retmax=0,Blocked,,,data/pubmed_query_observations.json,2026-08-02T20:05:21+00:00
eutils.ncbi.nlm.nih.gov/entrez/eutils/esearch.fcgi,https://eutils.ncbi.nlm.nih.gov/entrez/eutils/esearch.fcgi?db=pubmed&term=%28%28proteomics+OR+metabolomics%29+AND+%28%22LC-MS%22+OR+Orbitrap+OR+%22mass+spectrometry%22%29%29+AND+%28%222023%2F08%2F03%22%5BDate+-+Publication%5D+%3A+%222026%2F08%2F02%22%5BDate+-+Publication%5D%29&retmode=json&retmax=0,429,https://eutils.ncbi.nlm.nih.gov/entrez/eutils/esearch.fcgi?db=pubmed&term=%28%28proteomics+OR+metabolomics%29+AND+%28%22LC-MS%22+OR+Orbitrap+OR+%22mass+spectrometry%22%29%29+AND+%28%222023%2F08%2F03%22%5BDate+-+Publication%5D+%3A+%222026%2F08%2F02%22%5BDate+-+Publication%5D%29&retmode=json&retmax=0,Blocked,,,data/intelligence.json; data/pubmed_query_observations.json,2026-08-02T20:05:22+00:00
eutils.ncbi.nlm.nih.gov/entrez/eutils/esearch.fcgi,https://eutils.ncbi.nlm.nih.gov/entrez/eutils/esearch.fcgi?db=pubmed&term=%28%28proteomics+OR+metabolomics%29+AND+%28%22LC-MS%22+OR+Orbitrap+OR+%22mass+spectrometry%22%29%29+AND+%28%222025%2F07%2F30%22%5BDate+-+Publication%5D+%3A+%222026%2F07%2F30%22%5BDate+-+Publication%5D%29&retmode=json&retmax=0,429,https://eutils.ncbi.nlm.nih.gov/entrez/eutils/esearch.fcgi?db=pubmed&term=%28%28proteomics+OR+metabolomics%29+AND+%28%22LC-MS%22+OR+Orbitrap+OR+%22mass+spectrometry%22%29%29+AND+%28%222025%2F07%2F30%22%5BDate+-+Publication%5D+%3A+%222026%2F07%2F30%22%5BDate+-+Publication%5D%29&retmode=json&retmax=0,Blocked,,,data/pubmed_query_observations.json,2026-08-02T20:05:22+00:00
eutils.ncbi.nlm.nih.gov/entrez/eutils/esearch.fcgi,https://eutils.ncbi.nlm.nih.gov/entrez/eutils/esearch.fcgi?db=pubmed&term=%28%28proteomics+OR+metabolomics%29+AND+%28%22LC-MS%22+OR+Orbitrap+OR+%22mass+spectrometry%22%29%29+AND+%28%222025%2F07%2F31%22%5BDate+-+Publication%5D+%3A+%222026%2F07%2F31%22%5BDate+-+Publication%5D%29&retmode=json&retmax=0,429,https://eutils.ncbi.nlm.nih.gov/entrez/eutils/esearch.fcgi?db=pubmed&term=%28%28proteomics+OR+metabolomics%29+AND+%28%22LC-MS%22+OR+Orbitrap+OR+%22mass+spectrometry%22%29%29+AND+%28%222025%2F07%2F31%22%5BDate+-+Publication%5D+%3A+%222026%2F07%2F31%22%5BDate+-+Publication%5D%29&retmode=json&retmax=0,Blocked,,,data/pubmed_query_observations.json,2026-08-02T20:05:22+00:00
eutils.ncbi.nlm.nih.gov/entrez/eutils/esearch.fcgi,https://eutils.ncbi.nlm.nih.gov/entrez/eutils/esearch.fcgi?db=pubmed&term=%28%28proteomics+OR+metabolomics%29+AND+%28%22LC-MS%22+OR+Orbitrap+OR+%22mass+spectrometry%22%29%29+AND+%28%222025%2F08%2F01%22%5BDate+-+Publication%5D+%3A+%222026%2F08%2F01%22%5BDate+-+Publication%5D%29&retmode=json&retmax=0,429,https://eutils.ncbi.nlm.nih.gov/entrez/eutils/esearch.fcgi?db=pubmed&term=%28%28proteomics+OR+metabolomics%29+AND+%28%22LC-MS%22+OR+Orbitrap+OR+%22mass+spectrometry%22%29%29+AND+%28%222025%2F08%2F01%22%5BDate+-+Publication%5D+%3A+%222026%2F08%2F01%22%5BDate+-+Publication%5D%29&retmode=json&retmax=0,Blocked,,,data/pubmed_query_observations.json,2026-08-02T20:05:22+00:00
eutils.ncbi.nlm.nih.gov/entrez/eutils/esearch.fcgi,https://eutils.ncbi.nlm.nih.gov/entrez/eutils/esearch.fcgi?db=pubmed&term=%28%28proteomics+OR+metabolomics%29+AND+%28%22LC-MS%22+OR+Orbitrap+OR+%22mass+spectrometry%22%29%29+AND+%28%222025%2F08%2F02%22%5BDate+-+Publication%5D+%3A+%222026%2F08%2F02%22%5BDate+-+Publication%5D%29&retmode=json&retmax=0,429,https://eutils.ncbi.nlm.nih.gov/entrez/eutils/esearch.fcgi?db=pubmed&term=%28%28proteomics+OR+metabolomics%29+AND+%28%22LC-MS%22+OR+Orbitrap+OR+%22mass+spectrometry%22%29%29+AND+%28%222025%2F08%2F02%22%5BDate+-+Publication%5D+%3A+%222026%2F08%2F02%22%5BDate+-+Publication%5D%29&retmode=json&retmax=0,Blocked,,,data/intelligence.json; data/pubmed_query_observations.json,2026-08-02T20:05:22+00:00
eutils.ncbi.nlm.nih.gov/entrez/eutils/esearch.fcgi,https://eutils.ncbi.nlm.nih.gov/entrez/eutils/esearch.fcgi?db=pubmed&term=%28%28proteomics+OR+metabolomics%29+AND+%28%22LC-MS%22+OR+Orbitrap+OR+%22mass+spectrometry%22%29%29+AND+%28%222026%2F05%2F01%22%5BDate+-+Publication%5D+%3A+%222026%2F07%2F30%22%5BDate+-+Publication%5D%29&retmode=json&retmax=0,429,https://eutils.ncbi.nlm.nih.gov/entrez/eutils/esearch.fcgi?db=pubmed&term=%28%28proteomics+OR+metabolomics%29+AND+%28%22LC-MS%22+OR+Orbitrap+OR+%22mass+spectrometry%22%29%29+AND+%28%222026%2F05%2F01%22%5BDate+-+Publication%5D+%3A+%222026%2F07%2F30%22%5BDate+-+Publication%5D%29&retmode=json&retmax=0,Blocked,,,data/pubmed_query_observations.json,2026-08-02T20:05:22+00:00
eutils.ncbi.nlm.nih.gov/entrez/eutils/esearch.fcgi,https://eutils.ncbi.nlm.nih.gov/entrez/eutils/esearch.fcgi?db=pubmed&term=%28%28proteomics+OR+metabolomics%29+AND+%28%22LC-MS%22+OR+Orbitrap+OR+%22mass+spectrometry%22%29%29+AND+%28%222026%2F05%2F02%22%5BDate+-+Publication%5D+%3A+%222026%2F07%2F31%22%5BDate+-+Publication%5D%29&retmode=json&retmax=0,429,https://eutils.ncbi.nlm.nih.gov/entrez/eutils/esearch.fcgi?db=pubmed&term=%28%28proteomics+OR+metabolomics%29+AND+%28%22LC-MS%22+OR+Orbitrap+OR+%22mass+spectrometry%22%29%29+AND+%28%222026%2F05%2F02%22%5BDate+-+Publication%5D+%3A+%222026%2F07%2F31%22%5BDate+-+Publication%5D%29&retmode=json&retmax=0,Blocked,,,data/pubmed_query_observations.json,2026-08-02T20:05:22+00:00
eutils.ncbi.nlm.nih.gov/entrez/eutils/esearch.fcgi,https://eutils.ncbi.nlm.nih.gov/entrez/eutils/esearch.fcgi?db=pubmed&term=%28%28proteomics+OR+metabolomics%29+AND+%28%22LC-MS%22+OR+Orbitrap+OR+%22mass+spectrometry%22%29%29+AND+%28%222026%2F05%2F03%22%5BDate+-+Publication%5D+%3A+%222026%2F08%2F01%22%5BDate+-+Publication%5D%29&retmode=json&retmax=0,429,https://eutils.ncbi.nlm.nih.gov/entrez/eutils/esearch.fcgi?db=pubmed&term=%28%28proteomics+OR+metabolomics%29+AND+%28%22LC-MS%22+OR+Orbitrap+OR+%22mass+spectrometry%22%29%29+AND+%28%222026%2F05%2F03%22%5BDate+-+Publication%5D+%3A+%222026%2F08%2F01%22%5BDate+-+Publication%5D%29&retmode=json&retmax=0,Blocked,,,data/pubmed_query_observations.json,2026-08-02T20:05:22+00:00
eutils.ncbi.nlm.nih.gov/entrez/eutils/esearch.fcgi,https://eutils.ncbi.nlm.nih.gov/entrez/eutils/esearch.fcgi?db=pubmed&term=%28%28proteomics+OR+metabolomics%29+AND+%28%22LC-MS%22+OR+Orbitrap+OR+%22mass+spectrometry%22%29%29+AND+%28%222026%2F05%2F04%22%5BDate+-+Publication%5D+%3A+%222026%2F08%2F02%22%5BDate+-+Publication%5D%29&retmode=json&retmax=0,429,https://eutils.ncbi.nlm.nih.gov/entrez/eutils/esearch.fcgi?db=pubmed&term=%28%28proteomics+OR+metabolomics%29+AND+%28%22LC-MS%22+OR+Orbitrap+OR+%22mass+spectrometry%22%29%29+AND+%28%222026%2F05%2F04%22%5BDate+-+Publication%5D+%3A+%222026%2F08%2F02%22%5BDate+-+Publication%5D%29&retmode=json&retmax=0,Blocked,,,data/intelligence.json; data/pubmed_query_observations.json,2026-08-02T20:05:22+00:00
eutils.ncbi.nlm.nih.gov/entrez/eutils/esearch.fcgi,https://eutils.ncbi.nlm.nih.gov/entrez/eutils/esearch.fcgi?db=pubmed&term=%28%28proteomics+OR+metabolomics%29+AND+%28%22LC-MS%22+OR+Orbitrap+OR+%22mass+spectrometry%22%29%29+AND+%28%222026%2F05%2F31%22%5BDate+-+Publication%5D+%3A+%222026%2F07%2F30%22%5BDate+-+Publication%5D%29&retmode=json&retmax=0,429,https://eutils.ncbi.nlm.nih.gov/entrez/eutils/esearch.fcgi?db=pubmed&term=%28%28proteomics+OR+metabolomics%29+AND+%28%22LC-MS%22+OR+Orbitrap+OR+%22mass+spectrometry%22%29%29+AND+%28%222026%2F05%2F31%22%5BDate+-+Publication%5D+%3A+%222026%2F07%2F30%22%5BDate+-+Publication%5D%29&retmode=json&retmax=0,Blocked,,,data/pubmed_query_observations.json,2026-08-02T20:05:22+00:00
eutils.ncbi.nlm.nih.gov/entrez/eutils/esearch.fcgi,https://eutils.ncbi.nlm.nih.gov/entrez/eutils/esearch.fcgi?db=pubmed&term=%28%28proteomics+OR+metabolomics%29+AND+%28%22LC-MS%22+OR+Orbitrap+OR+%22mass+spectrometry%22%29%29+AND+%28%222026%2F06%2F01%22%5BDate+-+Publication%5D+%3A+%222026%2F07%2F31%22%5BDate+-+Publication%5D%29&retmode=json&retmax=0,429,https://eutils.ncbi.nlm.nih.gov/entrez/eutils/esearch.fcgi?db=pubmed&term=%28%28proteomics+OR+metabolomics%29+AND+%28%22LC-MS%22+OR+Orbitrap+OR+%22mass+spectrometry%22%29%29+AND+%28%222026%2F06%2F01%22%5BDate+-+Publication%5D+%3A+%222026%2F07%2F31%22%5BDate+-+Publication%5D%29&retmode=json&retmax=0,Blocked,,,data/pubmed_query_observations.json,2026-08-02T20:05:22+00:00
eutils.ncbi.nlm.nih.gov/entrez/eutils/esearch.fcgi,https://eutils.ncbi.nlm.nih.gov/entrez/eutils/esearch.fcgi?db=pubmed&term=%28%28proteomics+OR+metabolomics%29+AND+%28%22LC-MS%22+OR+Orbitrap+OR+%22mass+spectrometry%22%29%29+AND+%28%222026%2F06%2F02%22%5BDate+-+Publication%5D+%3A+%222026%2F08%2F01%22%5BDate+-+Publication%5D%29&retmode=json&retmax=0,429,https://eutils.ncbi.nlm.nih.gov/entrez/eutils/esearch.fcgi?db=pubmed&term=%28%28proteomics+OR+metabolomics%29+AND+%28%22LC-MS%22+OR+Orbitrap+OR+%22mass+spectrometry%22%29%29+AND+%28%222026%2F06%2F02%22%5BDate+-+Publication%5D+%3A+%222026%2F08%2F01%22%5BDate+-+Publication%5D%29&retmode=json&retmax=0,Blocked,,,data/pubmed_query_observations.json,2026-08-02T20:05:22+00:00
eutils.ncbi.nlm.nih.gov/entrez/eutils/esearch.fcgi,https://eutils.ncbi.nlm.nih.gov/entrez/eutils/esearch.fcgi?db=pubmed&term=%28%28proteomics+OR+metabolomics%29+AND+%28%22LC-MS%22+OR+Orbitrap+OR+%22mass+spectrometry%22%29%29+AND+%28%222026%2F06%2F03%22%5BDate+-+Publication%5D+%3A+%222026%2F08%2F02%22%5BDate+-+Publication%5D%29&retmode=json&retmax=0,429,https://eutils.ncbi.nlm.nih.gov/entrez/eutils/esearch.fcgi?db=pubmed&term=%28%28proteomics+OR+metabolomics%29+AND+%28%22LC-MS%22+OR+Orbitrap+OR+%22mass+spectrometry%22%29%29+AND+%28%222026%2F06%2F03%22%5BDate+-+Publication%5D+%3A+%222026%2F08%2F02%22%5BDate+-+Publication%5D%29&retmode=json&retmax=0,Blocked,,,data/intelligence.json; data/pubmed_query_observations.json,2026-08-02T20:05:22+00:00
eutils.ncbi.nlm.nih.gov/entrez/eutils/esearch.fcgi,https://eutils.ncbi.nlm.nih.gov/entrez/eutils/esearch.fcgi?db=pubmed&term=%28%28proteomics+OR+metabolomics%29+AND+%28%22LC-MS%22+OR+Orbitrap+OR+%22mass+spectrometry%22%29%29+AND+%28%222026%2F06%2F30%22%5BDate+-+Publication%5D+%3A+%222026%2F07%2F30%22%5BDate+-+Publication%5D%29&retmode=json&retmax=0,429,https://eutils.ncbi.nlm.nih.gov/entrez/eutils/esearch.fcgi?db=pubmed&term=%28%28proteomics+OR+metabolomics%29+AND+%28%22LC-MS%22+OR+Orbitrap+OR+%22mass+spectrometry%22%29%29+AND+%28%222026%2F06%2F30%22%5BDate+-+Publication%5D+%3A+%222026%2F07%2F30%22%5BDate+-+Publication%5D%29&retmode=json&retmax=0,Blocked,,,data/pubmed_query_observations.json,2026-08-02T20:05:22+00:00
eutils.ncbi.nlm.nih.gov/entrez/eutils/esearch.fcgi,https://eutils.ncbi.nlm.nih.gov/entrez/eutils/esearch.fcgi?db=pubmed&term=%28%28proteomics+OR+metabolomics%29+AND+%28%22LC-MS%22+OR+Orbitrap+OR+%22mass+spectrometry%22%29%29+AND+%28%222026%2F07%2F01%22%5BDate+-+Publication%5D+%3A+%222026%2F07%2F31%22%5BDate+-+Publication%5D%29&retmode=json&retmax=0,429,https://eutils.ncbi.nlm.nih.gov/entrez/eutils/esearch.fcgi?db=pubmed&term=%28%28proteomics+OR+metabolomics%29+AND+%28%22LC-MS%22+OR+Orbitrap+OR+%22mass+spectrometry%22%29%29+AND+%28%222026%2F07%2F01%22%5BDate+-+Publication%5D+%3A+%222026%2F07%2F31%22%5BDate+-+Publication%5D%29&retmode=json&retmax=0,Blocked,,,data/pubmed_query_observations.json,2026-08-02T20:05:22+00:00
eutils.ncbi.nlm.nih.gov/entrez/eutils/esearch.fcgi,https://eutils.ncbi.nlm.nih.gov/entrez/eutils/esearch.fcgi?db=pubmed&term=%28%28proteomics+OR+metabolomics%29+AND+%28%22LC-MS%22+OR+Orbitrap+OR+%22mass+spectrometry%22%29%29+AND+%28%222026%2F07%2F02%22%5BDate+-+Publication%5D+%3A+%222026%2F08%2F01%22%5BDate+-+Publication%5D%29&retmode=json&retmax=0,429,https://eutils.ncbi.nlm.nih.gov/entrez/eutils/esearch.fcgi?db=pubmed&term=%28%28proteomics+OR+metabolomics%29+AND+%28%22LC-MS%22+OR+Orbitrap+OR+%22mass+spectrometry%22%29%29+AND+%28%222026%2F07%2F02%22%5BDate+-+Publication%5D+%3A+%222026%2F08%2F01%22%5BDate+-+Publication%5D%29&retmode=json&retmax=0,Blocked,,,data/pubmed_query_observations.json,2026-08-02T20:05:22+00:00
eutils.ncbi.nlm.nih.gov/entrez/eutils/esearch.fcgi,https://eutils.ncbi.nlm.nih.gov/entrez/eutils/esearch.fcgi?db=pubmed&term=%28%28proteomics+OR+metabolomics%29+AND+%28%22LC-MS%22+OR+Orbitrap+OR+%22mass+spectrometry%22%29%29+AND+%28%222026%2F07%2F03%22%5BDate+-+Publication%5D+%3A+%222026%2F08%2F02%22%5BDate+-+Publication%5D%29&retmode=json&retmax=0,429,https://eutils.ncbi.nlm.nih.gov/entrez/eutils/esearch.fcgi?db=pubmed&term=%28%28proteomics+OR+metabolomics%29+AND+%28%22LC-MS%22+OR+Orbitrap+OR+%22mass+spectrometry%22%29%29+AND+%28%222026%2F07%2F03%22%5BDate+-+Publication%5D+%3A+%222026%2F08%2F02%22%5BDate+-+Publication%5D%29&retmode=json&retmax=0,Blocked,,,data/intelligence.json; data/pubmed_query_observations.json,2026-08-02T20:05:22+00:00
exhibitorportal.healthtech.com,https://exhibitorportal.healthtech.com,200,https://exhibitorportal.healthtech.com/,OK,,,data/conference_sources.json; data/source_catalog.json,2026-08-02T20:05:22+00:00
food.ec.europa.eu/food-safety/rasff_en,https://food.ec.europa.eu/food-safety/rasff_en,200,https://food.ec.europa.eu/food-safety/rasff_en,OK,,,data/market_application_sources.json,2026-08-02T20:05:22+00:00
get.informaconnect.com/tides-europe-agenda/,https://get.informaconnect.com/tides-europe-agenda/?utm_source=Website&amp;utm_medium=Hero-CTA,200,https://get.informaconnect.com/tides-europe-agenda/?utm_source=Website&amp;utm_medium=Hero-CTA,Blocked,HTTP response contains an access-control or bot-challenge page,,data/conference_sources.json; data/source_catalog.json,2026-08-02T20:05:22+00:00
get.informaconnect.com/tides-europe-agenda/,https://get.informaconnect.com/tides-europe-agenda/?utm_source=Website&amp;utm_medium=Nav-Bar,200,https://get.informaconnect.com/tides-europe-agenda/?utm_source=Website&amp;utm_medium=Nav-Bar,Blocked,HTTP response contains an access-control or bot-challenge page,,data/conference_sources.json; data/source_catalog.json,2026-08-02T20:05:22+00:00
get.informaconnect.com/tides-series/sponsorship/,https://get.informaconnect.com/tides-series/sponsorship/?utm_source=CORE&amp;utm_medium=WEB-INQ&amp;utm_campaign=TIDESeurope-home,200,https://get.informaconnect.com/tides-series/sponsorship/?utm_source=CORE&amp;utm_medium=WEB-INQ&amp;utm_campaign=TIDESeurope-home,Blocked,HTTP response contains an access-control or bot-challenge page,,data/conference_sources.json; data/source_catalog.json,2026-08-02T20:05:22+00:00
get.informaconnect.com/tides-series/sponsorship/,https://get.informaconnect.com/tides-series/sponsorship/?utm_source=CORE&amp;utm_medium=WEB-INQ&amp;utm_campaign=tidesus_home_floorplan,200,https://get.informaconnect.com/tides-series/sponsorship/?utm_source=CORE&amp;utm_medium=WEB-INQ&amp;utm_campaign=tidesus_home_floorplan,Blocked,HTTP response contains an access-control or bot-challenge page,,data/conference_sources.json; data/source_catalog.json,2026-08-02T20:05:23+00:00
get.informaconnect.com/tides-series/sponsorship/,https://get.informaconnect.com/tides-series/sponsorship/?utm_source=organic&amp;utm_medium=CORE&amp;utm_campaign=tidesusa-home,200,https://get.informaconnect.com/tides-series/sponsorship/?utm_source=organic&amp;utm_medium=CORE&amp;utm_campaign=tidesusa-home,Blocked,HTTP response contains an access-control or bot-challenge page,,data/conference_sources.json; data/source_catalog.json,2026-08-02T20:05:23+00:00
help.waters.com/content/dam/waters/en/support/releasenotes/2024/715009558/715009558v02.pdf,https://help.waters.com/content/dam/waters/en/support/releasenotes/2024/715009558/715009558v02.pdf,403,https://help.waters.com/content/dam/waters/en/support/releasenotes/2024/715009558/715009558v02.pdf,Blocked,HTTP response contains an access-control or bot-challenge page,,data/product_comparisons.json,2026-08-02T20:05:23+00:00
help.waters.com/content/dam/waters/en/support/usermanuals/2022/715008065/715008065.pdf,https://help.waters.com/content/dam/waters/en/support/usermanuals/2022/715008065/715008065.pdf,403,https://help.waters.com/content/dam/waters/en/support/usermanuals/2022/715008065/715008065.pdf,Blocked,HTTP response contains an access-control or bot-challenge page,,data/technical_comparisons.json,2026-08-02T20:05:23+00:00
help.waters.com/content/dam/waters/en/support/usermanuals/2024/715007574/715007574v03.pdf,https://help.waters.com/content/dam/waters/en/support/usermanuals/2024/715007574/715007574v03.pdf,403,https://help.waters.com/content/dam/waters/en/support/usermanuals/2024/715007574/715007574v03.pdf,Blocked,HTTP response contains an access-control or bot-challenge page,,data/product_comparisons.json,2026-08-02T20:05:23+00:00
help.waters.com/content/dam/waters/it/support/usermanuals/2004/71500269502/71500269502rb.pdf,https://help.waters.com/content/dam/waters/it/support/usermanuals/2004/71500269502/71500269502rb.pdf,403,https://help.waters.com/content/dam/waters/it/support/usermanuals/2004/71500269502/71500269502rb.pdf,Blocked,HTTP response contains an access-control or bot-challenge page,,data/product_comparisons.json,2026-08-02T20:05:23+00:00
help.waters.com/help/en/product-support/alliance-is-system-support/715008450/80EE6BE.html,https://help.waters.com/help/en/product-support/alliance-is-system-support/715008450/80EE6BE.html,403,https://help.waters.com/help/en/product-support/alliance-is-system-support/715008450/80EE6BE.html,Blocked,HTTP response contains an access-control or bot-challenge page,,data/product_comparisons.json,2026-08-02T20:05:23+00:00
hplc-symposium.org/2028,https://hplc-symposium.org/2028,200,https://hplc-symposium.org/2028,OK,,,data/conference_sources.json; data/source_catalog.json,2026-08-02T20:05:23+00:00
hplc-symposium.org/2028/about/general-faq,https://hplc-symposium.org/2028/about/general-faq,200,https://hplc-symposium.org/2028/about/general-faq,OK,,,data/conference_sources.json; data/source_catalog.json,2026-08-02T20:05:23+00:00
hplc-symposium.org/2028/about/history,https://hplc-symposium.org/2028/about/history,200,https://hplc-symposium.org/2028/about/history,OK,,,data/conference_sources.json; data/source_catalog.json,2026-08-02T20:05:23+00:00
hplc-symposium.org/2028/about/organizing-committee,https://hplc-symposium.org/2028/about/organizing-committee,200,https://hplc-symposium.org/2028/about/organizing-committee,OK,,,data/conference_sources.json; data/source_catalog.json,2026-08-02T20:05:23+00:00
hplc-symposium.org/2028/authors/call-for-abstracts,https://hplc-symposium.org/2028/authors/call-for-abstracts,200,https://hplc-symposium.org/2028/authors/call-for-abstracts,OK,,,data/conference_sources.json; data/source_catalog.json,2026-08-02T20:05:23+00:00
hplc-symposium.org/2028/contacts/adam-woolley,https://hplc-symposium.org/2028/contacts/adam-woolley,200,https://hplc-symposium.org/2028/contacts/adam-woolley,OK,,,data/conference_sources.json; data/source_catalog.json,2026-08-02T20:05:23+00:00
hplc-symposium.org/2028/contacts/claire-folkerts,https://hplc-symposium.org/2028/contacts/claire-folkerts,200,https://hplc-symposium.org/2028/contacts/claire-folkerts,OK,,,data/conference_sources.json; data/source_catalog.json,2026-08-02T20:05:24+00:00
hplc-symposium.org/2028/contacts/ryan-kelly,https://hplc-symposium.org/2028/contacts/ryan-kelly,200,https://hplc-symposium.org/2028/contacts/ryan-kelly,OK,,,data/conference_sources.json; data/source_catalog.json,2026-08-02T20:05:24+00:00
hplc-symposium.org/2028/key-dates,https://hplc-symposium.org/2028/key-dates,200,https://hplc-symposium.org/2028/key-dates,OK,,,data/conference_sources.json; data/source_catalog.json,2026-08-02T20:05:24+00:00
hplc-symposium.org/2028/travel/avoid-hotel-fraud,https://hplc-symposium.org/2028/travel/avoid-hotel-fraud,200,https://hplc-symposium.org/2028/travel/avoid-hotel-fraud,OK,,,data/conference_sources.json; data/source_catalog.json,2026-08-02T20:05:24+00:00
hplc-symposium.org/2028/travel/venue,https://hplc-symposium.org/2028/travel/venue,200,https://hplc-symposium.org/2028/travel/venue,OK,,,data/conference_sources.json; data/source_catalog.json,2026-08-02T20:05:24+00:00
hplc-symposium.org/2028/travel/visa-invitation-letter,https://hplc-symposium.org/2028/travel/visa-invitation-letter,200,https://hplc-symposium.org/2028/travel/visa-invitation-letter,OK,,,data/conference_sources.json; data/source_catalog.json,2026-08-02T20:05:24+00:00
hplc-symposium.org/sitemap-hplc28.xml,https://hplc-symposium.org/sitemap-hplc28.xml,200,https://hplc-symposium.org/sitemap-hplc28.xml,OK,,,data/conference_sources.json; data/source_catalog.json,2026-08-02T20:05:24+00:00
hplc2026-symposium.org/,https://hplc2026-symposium.org/,200,https://hplc2026-symposium.org/,OK,,,data/conference_sources.json; data/source_catalog.json; data/source_health.json; data/source_registry.json,2026-08-02T20:05:24+00:00
hplc2026-symposium.org/about/committees,https://hplc2026-symposium.org/about/committees,200,https://hplc2026-symposium.org/about/committees,OK,,,data/conference_sources.json; data/source_catalog.json,2026-08-02T20:05:24+00:00
hplc2026-symposium.org/about/key-dates,https://hplc2026-symposium.org/about/key-dates,200,https://hplc2026-symposium.org/about/key-dates,OK,,,data/conference_sources.json; data/source_catalog.json,2026-08-02T20:05:24+00:00
hplc2026-symposium.org/authors/call-for-abstracts,https://hplc2026-symposium.org/authors/call-for-abstracts,200,https://hplc2026-symposium.org/authors/call-for-abstracts,OK,,,data/conference_sources.json; data/source_catalog.json,2026-08-02T20:05:24+00:00
hplc2026-symposium.org/authors/presentation-instructions,https://hplc2026-symposium.org/authors/presentation-instructions,200,https://hplc2026-symposium.org/authors/presentation-instructions,OK,,,data/conference_sources.json; data/source_catalog.json,2026-08-02T20:05:24+00:00
hplc2026-symposium.org/awards/best-poster-awards,https://hplc2026-symposium.org/awards/best-poster-awards,200,https://hplc2026-symposium.org/awards/best-poster-awards,OK,,,data/conference_sources.json; data/source_catalog.json,2026-08-02T20:05:24+00:00
hplc2026-symposium.org/awards/caca-awards,https://hplc2026-symposium.org/awards/caca-awards,200,https://hplc2026-symposium.org/awards/caca-awards,OK,,,data/conference_sources.json; data/source_catalog.json,2026-08-02T20:05:24+00:00
hplc2026-symposium.org/awards/csaba-horvath-young-scientist-award,https://hplc2026-symposium.org/awards/csaba-horvath-young-scientist-award,200,https://hplc2026-symposium.org/awards/csaba-horvath-young-scientist-award,OK,,,data/conference_sources.json; data/source_catalog.json,2026-08-02T20:05:24+00:00
hplc2026-symposium.org/awards/jubilee-medal-winner,https://hplc2026-symposium.org/awards/jubilee-medal-winner,200,https://hplc2026-symposium.org/awards/jubilee-medal-winner,OK,,,data/conference_sources.json; data/source_catalog.json,2026-08-02T20:05:24+00:00
hplc2026-symposium.org/awards/martin-medal,https://hplc2026-symposium.org/awards/martin-medal,200,https://hplc2026-symposium.org/awards/martin-medal,OK,,,data/conference_sources.json; data/source_catalog.json,2026-08-02T20:05:24+00:00
hplc2026-symposium.org/awards/uwe-d-neue-award-in-separation-science,https://hplc2026-symposium.org/awards/uwe-d-neue-award-in-separation-science,200,https://hplc2026-symposium.org/awards/uwe-d-neue-award-in-separation-science,OK,,,data/conference_sources.json; data/source_catalog.json,2026-08-02T20:05:24+00:00
hplc2026-symposium.org/exhibitor-sponsor/exhibit-hall-information,https://hplc2026-symposium.org/exhibitor-sponsor/exhibit-hall-information,200,https://hplc2026-symposium.org/exhibitor-sponsor/exhibit-hall-information,OK,,,data/conference_sources.json; data/source_catalog.json,2026-08-02T20:05:24+00:00
hplc2026-symposium.org/exhibitor-sponsor/listing,https://hplc2026-symposium.org/exhibitor-sponsor/listing,200,https://hplc2026-symposium.org/exhibitor-sponsor/listing,OK,,,data/conference_sources.json; data/source_catalog.json,2026-08-02T20:05:25+00:00
hplc2026-symposium.org/program/conference-dinner,https://hplc2026-symposium.org/program/conference-dinner,200,https://hplc2026-symposium.org/program/conference-dinner,OK,,,data/conference_sources.json; data/source_catalog.json,2026-08-02T20:05:25+00:00
hplc2026-symposium.org/program/download-program,https://hplc2026-symposium.org/program/download-program,200,https://hplc2026-symposium.org/program/download-program,OK,,,data/conference_sources.json; data/source_catalog.json,2026-08-02T20:05:25+00:00
hplc2026-symposium.org/program/industrial-workshop-the-analytical-laboratory-reimagined,https://hplc2026-symposium.org/program/industrial-workshop-the-analytical-laboratory-reimagined,200,https://hplc2026-symposium.org/program/industrial-workshop-the-analytical-laboratory-reimagined,OK,,,data/conference_sources.json; data/source_catalog.json,2026-08-02T20:05:25+00:00
hplc2026-symposium.org/program/keynote-speakers,https://hplc2026-symposium.org/program/keynote-speakers,200,https://hplc2026-symposium.org/program/keynote-speakers,OK,,,data/conference_sources.json; data/source_catalog.json,2026-08-02T20:05:25+00:00
hplc2026-symposium.org/program/lunch-vendor-seminars,https://hplc2026-symposium.org/program/lunch-vendor-seminars,200,https://hplc2026-symposium.org/program/lunch-vendor-seminars,OK,,,data/conference_sources.json; data/source_catalog.json,2026-08-02T20:05:25+00:00
hplc2026-symposium.org/program/pete-carr-session,https://hplc2026-symposium.org/program/pete-carr-session,200,https://hplc2026-symposium.org/program/pete-carr-session,OK,,,data/conference_sources.json; data/source_catalog.json,2026-08-02T20:05:25+00:00
hplc2026-symposium.org/program/plenary-speakers,https://hplc2026-symposium.org/program/plenary-speakers,200,https://hplc2026-symposium.org/program/plenary-speakers,OK,,,data/conference_sources.json; data/source_catalog.json,2026-08-02T20:05:25+00:00
hplc2026-symposium.org/program/short-courses,https://hplc2026-symposium.org/program/short-courses,200,https://hplc2026-symposium.org/program/short-courses,OK,,,data/conference_sources.json; data/source_catalog.json,2026-08-02T20:05:25+00:00
hplc2026-symposium.org/registration,https://hplc2026-symposium.org/registration,200,https://hplc2026-symposium.org/registration,OK,,,data/conference_sources.json; data/source_catalog.json,2026-08-02T20:05:25+00:00
hplc2026-symposium.org/sponsors/become-a-sponsor,https://hplc2026-symposium.org/sponsors/become-a-sponsor,200,https://hplc2026-symposium.org/sponsors/become-a-sponsor,OK,,,data/conference_sources.json; data/source_catalog.json,2026-08-02T20:05:25+00:00
hplc2026-symposium.org/travel-and-venue/student-travel-grants,https://hplc2026-symposium.org/travel-and-venue/student-travel-grants,200,https://hplc2026-symposium.org/travel-and-venue/student-travel-grants,OK,,,data/conference_sources.json; data/source_catalog.json,2026-08-02T20:05:25+00:00
hplc2026-symposium.org/travel-and-venue/venue-information,https://hplc2026-symposium.org/travel-and-venue/venue-information,200,https://hplc2026-symposium.org/travel-and-venue/venue-information,OK,,,data/conference_sources.json; data/source_catalog.json,2026-08-02T20:05:26+00:00
imsisamericas.org/,https://imsisamericas.org/,200,https://imsisamericas.org/,OK,,,data/conference_sources.json; data/source_catalog.json,2026-08-02T20:05:26+00:00
india.newsroom.thermofisher.com/2020-04-22-Thermo-Fisher-Scientific-Reports-First-Quarter-2020-Results,https://india.newsroom.thermofisher.com/2020-04-22-Thermo-Fisher-Scientific-Reports-First-Quarter-2020-Results,200,https://india.newsroom.thermofisher.com/2020-04-22-Thermo-Fisher-Scientific-Reports-First-Quarter-2020-Results,OK,,,data/historical_product_catalog.json,2026-08-02T20:05:26+00:00
india.newsroom.thermofisher.com/press-releases,https://india.newsroom.thermofisher.com/press-releases?item=122601,200,https://india.newsroom.thermofisher.com/press-releases?item=122601,OK,,,data/historical_product_catalog.json,2026-08-02T20:05:26+00:00
india.newsroom.thermofisher.com/press-releases,https://india.newsroom.thermofisher.com/press-releases?item=122743,200,https://india.newsroom.thermofisher.com/press-releases?item=122743,OK,,,data/historical_product_catalog.json,2026-08-02T20:05:26+00:00
india.newsroom.thermofisher.com/press-releases,https://india.newsroom.thermofisher.com/press-releases?item=123138,200,https://india.newsroom.thermofisher.com/press-releases?item=123138,OK,,,data/historical_product_catalog.json,2026-08-02T20:05:26+00:00
informaconnect.com/tides-europe/,https://informaconnect.com/tides-europe/,200,https://informaconnect.com/tides-europe/,OK,,,data/conference_preparation.json; data/conference_sources.json; data/source_catalog.json; data/source_health.json; data/source_registry.json,2026-08-02T20:05:26+00:00
informaconnect.com/tides-europe/agenda/,https://informaconnect.com/tides-europe/agenda/,200,https://informaconnect.com/tides-europe/agenda/,OK,,,data/conference_preparation.json; data/conference_sources.json; data/source_catalog.json,2026-08-02T20:05:26+00:00
informaconnect.com/tides-europe/obesity-science-innovation-europe-osi-europe/,https://informaconnect.com/tides-europe/obesity-science-innovation-europe-osi-europe/,200,https://informaconnect.com/tides-europe/obesity-science-innovation-europe-osi-europe/,OK,,,data/conference_sources.json; data/source_catalog.json,2026-08-02T20:05:26+00:00
informaconnect.com/tides-europe/poster/,https://informaconnect.com/tides-europe/poster/,200,https://informaconnect.com/tides-europe/poster/,OK,,,data/conference_sources.json; data/source_catalog.json,2026-08-02T20:05:26+00:00
informaconnect.com/tides-europe/speakers/,https://informaconnect.com/tides-europe/speakers/,200,https://informaconnect.com/tides-europe/speakers/,OK,,,data/conference_sources.json; data/source_catalog.json,2026-08-02T20:05:26+00:00
informaconnect.com/tides-europe/speakers/ashish-sarode-phd/,https://informaconnect.com/tides-europe/speakers/ashish-sarode-phd/,200,https://informaconnect.com/tides-europe/speakers/ashish-sarode-phd/,OK,,,data/conference_sources.json; data/source_catalog.json,2026-08-02T20:05:26+00:00
informaconnect.com/tides-europe/speakers/claudia-hbartner-phd/,https://informaconnect.com/tides-europe/speakers/claudia-hbartner-phd/,200,https://informaconnect.com/tides-europe/speakers/claudia-hbartner-phd/,OK,,,data/conference_sources.json; data/source_catalog.json,2026-08-02T20:05:26+00:00
informaconnect.com/tides-europe/speakers/david-craik-phd/,https://informaconnect.com/tides-europe/speakers/david-craik-phd/,200,https://informaconnect.com/tides-europe/speakers/david-craik-phd/,OK,,,data/conference_sources.json; data/source_catalog.json,2026-08-02T20:05:26+00:00
informaconnect.com/tides-europe/speakers/el-djouhar-reka-phd/,https://informaconnect.com/tides-europe/speakers/el-djouhar-reka-phd/,200,https://informaconnect.com/tides-europe/speakers/el-djouhar-reka-phd/,OK,,,data/conference_sources.json; data/source_catalog.json,2026-08-02T20:05:26+00:00
informaconnect.com/tides-europe/speakers/federico-di-chiaro/,https://informaconnect.com/tides-europe/speakers/federico-di-chiaro/,200,https://informaconnect.com/tides-europe/speakers/federico-di-chiaro/,OK,,,data/conference_sources.json; data/source_catalog.json,2026-08-02T20:05:26+00:00
informaconnect.com/tides-europe/speakers/jacob-challand-kofoed-phd/,https://informaconnect.com/tides-europe/speakers/jacob-challand-kofoed-phd/,200,https://informaconnect.com/tides-europe/speakers/jacob-challand-kofoed-phd/,OK,,,data/conference_sources.json; data/source_catalog.json,2026-08-02T20:05:26+00:00
informaconnect.com/tides-europe/speakers/michael-kopach-phd/,https://informaconnect.com/tides-europe/speakers/michael-kopach-phd/,200,https://informaconnect.com/tides-europe/speakers/michael-kopach-phd/,OK,,,data/conference_sources.json; data/source_catalog.json,2026-08-02T20:05:26+00:00
informaconnect.com/tides-europe/speakers/sergey-tsukanov-phd/,https://informaconnect.com/tides-europe/speakers/sergey-tsukanov-phd/,200,https://informaconnect.com/tides-europe/speakers/sergey-tsukanov-phd/,OK,,,data/conference_sources.json; data/source_catalog.json,2026-08-02T20:05:27+00:00
informaconnect.com/tides-europe/sponsorship-opportunities/,https://informaconnect.com/tides-europe/sponsorship-opportunities/,200,https://informaconnect.com/tides-europe/sponsorship-opportunities/,OK,,,data/conference_sources.json; data/source_catalog.json,2026-08-02T20:05:27+00:00
informaconnect.com/tides-europe/third-party-partners/,https://informaconnect.com/tides-europe/third-party-partners/,200,https://informaconnect.com/tides-europe/third-party-partners/,OK,,,data/conference_preparation.json,2026-08-02T20:05:27+00:00
informaconnect.com/tides-europe/why-sponsor/,https://informaconnect.com/tides-europe/why-sponsor/,200,https://informaconnect.com/tides-europe/why-sponsor/,OK,,,data/conference_sources.json; data/source_catalog.json,2026-08-02T20:05:27+00:00
informaconnect.com/tides/,https://informaconnect.com/tides/,200,https://informaconnect.com/tides/,OK,,,data/conference_sources.json; data/source_catalog.json; data/source_health.json; data/source_registry.json,2026-08-02T20:05:27+00:00
informaconnect.com/tides/agenda/,https://informaconnect.com/tides/agenda/,200,https://informaconnect.com/tides/agenda/,OK,,,data/conference_sources.json; data/source_catalog.json,2026-08-02T20:05:27+00:00
informaconnect.com/tides/agenda/2/,https://informaconnect.com/tides/agenda/2/,200,https://informaconnect.com/tides/agenda/2/,OK,,,data/conference_sources.json; data/source_catalog.json,2026-08-02T20:05:27+00:00
informaconnect.com/tides/speakers/,https://informaconnect.com/tides/speakers/,200,https://informaconnect.com/tides/speakers/,OK,,,data/conference_sources.json; data/source_catalog.json,2026-08-02T20:05:27+00:00
informaconnect.com/tides/speakers/anastasia-khvorova-phd/,https://informaconnect.com/tides/speakers/anastasia-khvorova-phd/,200,https://informaconnect.com/tides/speakers/anastasia-khvorova-phd/,OK,,,data/conference_sources.json; data/source_catalog.json,2026-08-02T20:05:27+00:00
informaconnect.com/tides/speakers/ashok-bhandari-phd/,https://informaconnect.com/tides/speakers/ashok-bhandari-phd/,200,https://informaconnect.com/tides/speakers/ashok-bhandari-phd/,OK,,,data/conference_sources.json; data/source_catalog.json,2026-08-02T20:05:27+00:00
informaconnect.com/tides/speakers/james-powell/,https://informaconnect.com/tides/speakers/james-powell/,200,https://informaconnect.com/tides/speakers/james-powell/,OK,,,data/conference_sources.json; data/source_catalog.json,2026-08-02T20:05:27+00:00
informaconnect.com/tides/speakers/kiran-musunuru-md-phd/,https://informaconnect.com/tides/speakers/kiran-musunuru-md-phd/,200,https://informaconnect.com/tides/speakers/kiran-musunuru-md-phd/,OK,,,data/conference_sources.json; data/source_catalog.json,2026-08-02T20:05:27+00:00
informaconnect.com/tides/speakers/laura-sepp-lorenzino-phd/,https://informaconnect.com/tides/speakers/laura-sepp-lorenzino-phd/,200,https://informaconnect.com/tides/speakers/laura-sepp-lorenzino-phd/,OK,,,data/conference_sources.json; data/source_catalog.json,2026-08-02T20:05:27+00:00
informaconnect.com/tides/speakers/michael-kopach-phd/,https://informaconnect.com/tides/speakers/michael-kopach-phd/,200,https://informaconnect.com/tides/speakers/michael-kopach-phd/,OK,,,data/conference_sources.json; data/source_catalog.json,2026-08-02T20:05:27+00:00
informaconnect.com/tides/speakers/robert-langer-scd/,https://informaconnect.com/tides/speakers/robert-langer-scd/,200,https://informaconnect.com/tides/speakers/robert-langer-scd/,OK,,,data/conference_sources.json; data/source_catalog.json,2026-08-02T20:05:27+00:00
informaconnect.com/tides/speakers/vadim-dudkin-phd/,https://informaconnect.com/tides/speakers/vadim-dudkin-phd/,200,https://informaconnect.com/tides/speakers/vadim-dudkin-phd/,OK,,,data/conference_sources.json; data/source_catalog.json,2026-08-02T20:05:27+00:00
informaconnect.com/tides/sponsors/,https://informaconnect.com/tides/sponsors/,200,https://informaconnect.com/tides/sponsors/,OK,,,data/conference_sources.json; data/source_catalog.json,2026-08-02T20:05:28+00:00
informaconnect.com/tides/why-sponsor/,https://informaconnect.com/tides/why-sponsor/,200,https://informaconnect.com/tides/why-sponsor/,OK,,,data/conference_sources.json; data/source_catalog.json,2026-08-02T20:05:28+00:00
informaconnect.com/tides/why-sponsor/,https://informaconnect.com/tides/why-sponsor/?utm_source=organic&amp;utm_medium=CORE&amp;utm_campaign=tidesusa-home-whysponsor,200,https://informaconnect.com/tides/why-sponsor/?utm_source=organic&amp;utm_medium=CORE&amp;utm_campaign=tidesusa-home-whysponsor,OK,,,data/conference_sources.json; data/source_catalog.json,2026-08-02T20:05:28+00:00
ir.thermofisher.com/investors/news-events/news/default.aspx,https://ir.thermofisher.com/investors/news-events/news/default.aspx,200,https://ir.thermofisher.com/investors/news-events/news/default.aspx,Blocked,HTTP response contains an access-control or bot-challenge page,,data/competitor_monitors.json; data/intelligence.json; data/source_catalog.json; data/source_health.json; data/source_registry.json,2026-08-02T20:05:28+00:00
ir.thermofisher.com/investors/news-events/news/news-details/2011/Thermo-Fisher-Scientific-Launches-New-Cutting-Edge-Mass-Spectrometry-Instruments-at-ASMS-2011-2011-6-6/default.aspx,https://ir.thermofisher.com/investors/news-events/news/news-details/2011/Thermo-Fisher-Scientific-Launches-New-Cutting-Edge-Mass-Spectrometry-Instruments-at-ASMS-2011-2011-6-6/default.aspx,200,https://ir.thermofisher.com/investors/news-events/news/news-details/2011/Thermo-Fisher-Scientific-Launches-New-Cutting-Edge-Mass-Spectrometry-Instruments-at-ASMS-2011-2011-6-6/default.aspx,Blocked,HTTP response contains an access-control or bot-challenge page,,data/historical_product_catalog.json,2026-08-02T20:05:28+00:00
ir.thermofisher.com/investors/news-events/news/news-details/2014/Thermo-Fisher-Scientific-Strengthens-its-Industry-Leading-Mass-Spectrometry-Portfolio-at-ASMS-2014-2014-6-16/default.aspx,https://ir.thermofisher.com/investors/news-events/news/news-details/2014/Thermo-Fisher-Scientific-Strengthens-its-Industry-Leading-Mass-Spectrometry-Portfolio-at-ASMS-2014-2014-6-16/default.aspx,200,https://ir.thermofisher.com/investors/news-events/news/news-details/2014/Thermo-Fisher-Scientific-Strengthens-its-Industry-Leading-Mass-Spectrometry-Portfolio-at-ASMS-2014-2014-6-16/default.aspx,Blocked,HTTP response contains an access-control or bot-challenge page,,data/historical_product_catalog.json,2026-08-02T20:05:28+00:00
ir.thermofisher.com/investors/news-events/news/news-details/2015/Thermo-Fisher-Scientific-Strengthens-Technology-Leadership-in-Applied-Markets-at-Pittcon-2015-2015-3-9/default.aspx,https://ir.thermofisher.com/investors/news-events/news/news-details/2015/Thermo-Fisher-Scientific-Strengthens-Technology-Leadership-in-Applied-Markets-at-Pittcon-2015-2015-3-9/default.aspx,200,https://ir.thermofisher.com/investors/news-events/news/news-details/2015/Thermo-Fisher-Scientific-Strengthens-Technology-Leadership-in-Applied-Markets-at-Pittcon-2015-2015-3-9/default.aspx,Blocked,HTTP response contains an access-control or bot-challenge page,,data/historical_product_catalog.json,2026-08-02T20:05:28+00:00
ir.thermofisher.com/investors/news-events/news/news-details/2016/Thermo-Fisher-Scientific-Strengthens-Life-Sciences-Leadership-with-New-Instruments-Launched-at-ASMS-2016-2016-6-6/default.aspx,https://ir.thermofisher.com/investors/news-events/news/news-details/2016/Thermo-Fisher-Scientific-Strengthens-Life-Sciences-Leadership-with-New-Instruments-Launched-at-ASMS-2016-2016-6-6/default.aspx,200,https://ir.thermofisher.com/investors/news-events/news/news-details/2016/Thermo-Fisher-Scientific-Strengthens-Life-Sciences-Leadership-with-New-Instruments-Launched-at-ASMS-2016-2016-6-6/default.aspx,Blocked,HTTP response contains an access-control or bot-challenge page,,data/historical_product_catalog.json,2026-08-02T20:05:28+00:00
ir.thermofisher.com/investors/news-events/news/news-details/2017/Thermo-Fisher-Scientific-Raises-the-Bar-in-Mass-Spectrometry-Innovation-at-ASMS-2017-2017-6-5/default.aspx,https://ir.thermofisher.com/investors/news-events/news/news-details/2017/Thermo-Fisher-Scientific-Raises-the-Bar-in-Mass-Spectrometry-Innovation-at-ASMS-2017-2017-6-5/default.aspx,200,https://ir.thermofisher.com/investors/news-events/news/news-details/2017/Thermo-Fisher-Scientific-Raises-the-Bar-in-Mass-Spectrometry-Innovation-at-ASMS-2017-2017-6-5/default.aspx,Blocked,HTTP response contains an access-control or bot-challenge page,,data/historical_product_catalog.json,2026-08-02T20:05:28+00:00
ir.thermofisher.com/investors/news-events/news/news-details/2018/Thermo-Fisher-Scientific-Reports-First-Quarter-2018-Results-2018-4-25/default.aspx,https://ir.thermofisher.com/investors/news-events/news/news-details/2018/Thermo-Fisher-Scientific-Reports-First-Quarter-2018-Results-2018-4-25/default.aspx,200,https://ir.thermofisher.com/investors/news-events/news/news-details/2018/Thermo-Fisher-Scientific-Reports-First-Quarter-2018-Results-2018-4-25/default.aspx,OK,,,data/historical_product_catalog.json,2026-08-02T20:05:28+00:00
ir.thermofisher.com/investors/news-events/news/news-details/2018/Thermo-Fisher-Scientific-Shows-Newest-Mass-Spectrometry-Innovations-at-ASMS-2018-2018-6-4/default.aspx,https://ir.thermofisher.com/investors/news-events/news/news-details/2018/Thermo-Fisher-Scientific-Shows-Newest-Mass-Spectrometry-Innovations-at-ASMS-2018-2018-6-4/default.aspx,200,https://ir.thermofisher.com/investors/news-events/news/news-details/2018/Thermo-Fisher-Scientific-Shows-Newest-Mass-Spectrometry-Innovations-at-ASMS-2018-2018-6-4/default.aspx,Blocked,HTTP response contains an access-control or bot-challenge page,,data/historical_product_catalog.json,2026-08-02T20:05:28+00:00
ir.thermofisher.com/investors/news-events/news/news-details/2019/Thermo-Fisher-Scientific-Extends-Industry-leading-Mass-Spectrometry-Portfolio-with-a-New-Generation-of-Intelligence-Driven-Instruments-and-Software-2019-6-3/default.aspx,https://ir.thermofisher.com/investors/news-events/news/news-details/2019/Thermo-Fisher-Scientific-Extends-Industry-leading-Mass-Spectrometry-Portfolio-with-a-New-Generation-of-Intelligence-Driven-Instruments-and-Software-2019-6-3/default.aspx,200,https://ir.thermofisher.com/investors/news-events/news/news-details/2019/Thermo-Fisher-Scientific-Extends-Industry-leading-Mass-Spectrometry-Portfolio-with-a-New-Generation-of-Intelligence-Driven-Instruments-and-Software-2019-6-3/default.aspx,OK,,,data/historical_product_catalog.json,2026-08-02T20:05:28+00:00
ir.thermofisher.com/investors/news-events/news/news-details/2020/Thermo-Fisher-Scientific-to-Showcase-New-Mass-Spectrometry-Systems-and-Software-During-Virtual-ASMS-Event-2020-5-27/default.aspx,https://ir.thermofisher.com/investors/news-events/news/news-details/2020/Thermo-Fisher-Scientific-to-Showcase-New-Mass-Spectrometry-Systems-and-Software-During-Virtual-ASMS-Event-2020-5-27/default.aspx,200,https://ir.thermofisher.com/investors/news-events/news/news-details/2020/Thermo-Fisher-Scientific-to-Showcase-New-Mass-Spectrometry-Systems-and-Software-During-Virtual-ASMS-Event-2020-5-27/default.aspx,OK,,,data/historical_product_catalog.json,2026-08-02T20:05:28+00:00
ir.thermofisher.com/investors/news-events/news/news-details/2021/Thermo-Fisher-Scientific-Reports-Third-Quarter-2021-Results/,https://ir.thermofisher.com/investors/news-events/news/news-details/2021/Thermo-Fisher-Scientific-Reports-Third-Quarter-2021-Results/,200,https://ir.thermofisher.com/investors/news-events/news/news-details/2021/Thermo-Fisher-Scientific-Reports-Third-Quarter-2021-Results/,OK,,,data/historical_product_catalog.json,2026-08-02T20:05:28+00:00
ir.thermofisher.com/investors/news-events/news/news-details/2022/Thermo-Fisher-Scientific-Reports-Fourth-Quarter-and-Full-Year-2021-Results/default.aspx,https://ir.thermofisher.com/investors/news-events/news/news-details/2022/Thermo-Fisher-Scientific-Reports-Fourth-Quarter-and-Full-Year-2021-Results/default.aspx,200,https://ir.thermofisher.com/investors/news-events/news/news-details/2022/Thermo-Fisher-Scientific-Reports-Fourth-Quarter-and-Full-Year-2021-Results/default.aspx,OK,,,data/historical_product_catalog.json,2026-08-02T20:05:28+00:00
ir.thermofisher.com/investors/news-events/news/news-details/2022/Thermo-Fisher-Scientific-Reports-Third-Quarter-2022-Results/default.aspx,https://ir.thermofisher.com/investors/news-events/news/news-details/2022/Thermo-Fisher-Scientific-Reports-Third-Quarter-2022-Results/default.aspx,200,https://ir.thermofisher.com/investors/news-events/news/news-details/2022/Thermo-Fisher-Scientific-Reports-Third-Quarter-2022-Results/default.aspx,OK,,,data/historical_product_catalog.json,2026-08-02T20:05:28+00:00
ir.thermofisher.com/investors/news-events/news/news-details/2023/Thermo-Fisher-Scientific-Introduces-Groundbreaking-Mass-Spectrometer-to-Revolutionize-Biological-Discovery/default.aspx,https://ir.thermofisher.com/investors/news-events/news/news-details/2023/Thermo-Fisher-Scientific-Introduces-Groundbreaking-Mass-Spectrometer-to-Revolutionize-Biological-Discovery/default.aspx,200,https://ir.thermofisher.com/investors/news-events/news/news-details/2023/Thermo-Fisher-Scientific-Introduces-Groundbreaking-Mass-Spectrometer-to-Revolutionize-Biological-Discovery/default.aspx,Blocked,HTTP response contains an access-control or bot-challenge page,,data/historical_product_catalog.json,2026-08-02T20:05:28+00:00
ir.thermofisher.com/investors/news-events/news/news-details/2024/Thermo-Fisher-Scientific-Introduces-Innovative-Mass-Spectrometer-to-Advance-Clinical-Research/default.aspx,https://ir.thermofisher.com/investors/news-events/news/news-details/2024/Thermo-Fisher-Scientific-Introduces-Innovative-Mass-Spectrometer-to-Advance-Clinical-Research/default.aspx,200,https://ir.thermofisher.com/investors/news-events/news/news-details/2024/Thermo-Fisher-Scientific-Introduces-Innovative-Mass-Spectrometer-to-Advance-Clinical-Research/default.aspx,Blocked,HTTP response contains an access-control or bot-challenge page,,data/historical_product_catalog.json,2026-08-02T20:05:28+00:00
ir.thermofisher.com/investors/news-events/news/news-details/2026/Thermo-Fisher-Scientific-Announces-Quarterly-Dividend-3dcda308b/default.aspx,https://ir.thermofisher.com/investors/news-events/news/news-details/2026/Thermo-Fisher-Scientific-Announces-Quarterly-Dividend-3dcda308b/default.aspx,200,https://ir.thermofisher.com/investors/news-events/news/news-details/2026/Thermo-Fisher-Scientific-Announces-Quarterly-Dividend-3dcda308b/default.aspx,Blocked,HTTP response contains an access-control or bot-challenge page,,data/competitor_monitors.json; data/intelligence.json,2026-08-02T20:05:28+00:00
ir.thermofisher.com/investors/news-events/news/news-details/2026/Thermo-Fisher-Scientific-Announces-Quarterly-Dividend/default.aspx,https://ir.thermofisher.com/investors/news-events/news/news-details/2026/Thermo-Fisher-Scientific-Announces-Quarterly-Dividend/default.aspx,200,https://ir.thermofisher.com/investors/news-events/news/news-details/2026/Thermo-Fisher-Scientific-Announces-Quarterly-Dividend/default.aspx,Blocked,HTTP response contains an access-control or bot-challenge page,,data/competitor_monitors.json; data/intelligence.json,2026-08-02T20:05:28+00:00
ir.thermofisher.com/investors/news-events/news/news-details/2026/Thermo-Fisher-Scientific-Expands-Global-Biobank-Leadership-Through-Strategic-Collaboration-with-PRECISE-SG100K-Singapore-to-Advance-Population-Scale-Proteomics/default.aspx,https://ir.thermofisher.com/investors/news-events/news/news-details/2026/Thermo-Fisher-Scientific-Expands-Global-Biobank-Leadership-Through-Strategic-Collaboration-with-PRECISE-SG100K-Singapore-to-Advance-Population-Scale-Proteomics/default.aspx,200,https://ir.thermofisher.com/investors/news-events/news/news-details/2026/Thermo-Fisher-Scientific-Expands-Global-Biobank-Leadership-Through-Strategic-Collaboration-with-PRECISE-SG100K-Singapore-to-Advance-Population-Scale-Proteomics/default.aspx,Blocked,HTTP response contains an access-control or bot-challenge page,,data/competitor_monitors.json; data/intelligence.json,2026-08-02T20:05:28+00:00
ir.thermofisher.com/investors/news-events/news/news-details/2026/Thermo-Fisher-Scientific-Highlights-Industry-Leadership-Growth-Outlook-and-Long-Term-Value-Creation-at-2026-Investor-Day/default.aspx,https://ir.thermofisher.com/investors/news-events/news/news-details/2026/Thermo-Fisher-Scientific-Highlights-Industry-Leadership-Growth-Outlook-and-Long-Term-Value-Creation-at-2026-Investor-Day/default.aspx,200,https://ir.thermofisher.com/investors/news-events/news/news-details/2026/Thermo-Fisher-Scientific-Highlights-Industry-Leadership-Growth-Outlook-and-Long-Term-Value-Creation-at-2026-Investor-Day/default.aspx,Blocked,HTTP response contains an access-control or bot-challenge page,,data/competitor_monitors.json; data/intelligence.json,2026-08-02T20:05:28+00:00
ir.thermofisher.com/investors/news-events/news/news-details/2026/Thermo-Fisher-Scientific-Reports-First-Quarter-2026-Results/default.aspx,https://ir.thermofisher.com/investors/news-events/news/news-details/2026/Thermo-Fisher-Scientific-Reports-First-Quarter-2026-Results/default.aspx,200,https://ir.thermofisher.com/investors/news-events/news/news-details/2026/Thermo-Fisher-Scientific-Reports-First-Quarter-2026-Results/default.aspx,OK,,,data/competitor_monitors.json; data/intelligence.json,2026-08-02T20:05:29+00:00
ir.thermofisher.com/investors/news-events/news/news-details/2026/Thermo-Fisher-Scientific-Reports-Second-Quarter-2026-Results/default.aspx,https://ir.thermofisher.com/investors/news-events/news/news-details/2026/Thermo-Fisher-Scientific-Reports-Second-Quarter-2026-Results/default.aspx,200,https://ir.thermofisher.com/investors/news-events/news/news-details/2026/Thermo-Fisher-Scientific-Reports-Second-Quarter-2026-Results/default.aspx,OK,,,data/competitor_monitors.json; data/intelligence.json,2026-08-02T20:05:29+00:00
ir.thermofisher.com/investors/news-events/news/news-details/2026/Thermo-Fisher-Scientific-Signs-Agreement-to-Sell-its-Microbiology-Business-to-Astorg/default.aspx,https://ir.thermofisher.com/investors/news-events/news/news-details/2026/Thermo-Fisher-Scientific-Signs-Agreement-to-Sell-its-Microbiology-Business-to-Astorg/default.aspx,200,https://ir.thermofisher.com/investors/news-events/news/news-details/2026/Thermo-Fisher-Scientific-Signs-Agreement-to-Sell-its-Microbiology-Business-to-Astorg/default.aspx,Blocked,HTTP response contains an access-control or bot-challenge page,,data/competitor_monitors.json; data/intelligence.json,2026-08-02T20:05:29+00:00
ir.thermofisher.com/investors/news-events/news/news-details/2026/Thermo-Fisher-Scientific-Unveils-Next-generation-Innovations-at-ASMS-2026-to-Accelerate-the-Path-from-Drug-Discovery-to-New-Therapies/default.aspx,https://ir.thermofisher.com/investors/news-events/news/news-details/2026/Thermo-Fisher-Scientific-Unveils-Next-generation-Innovations-at-ASMS-2026-to-Accelerate-the-Path-from-Drug-Discovery-to-New-Therapies/default.aspx,200,https://ir.thermofisher.com/investors/news-events/news/news-details/2026/Thermo-Fisher-Scientific-Unveils-Next-generation-Innovations-at-ASMS-2026-to-Accelerate-the-Path-from-Drug-Discovery-to-New-Therapies/default.aspx,Blocked,HTTP response contains an access-control or bot-challenge page,,data/competitor_monitors.json; data/historical_product_catalog.json; data/intelligence.json,2026-08-02T20:05:29+00:00
ir.thermofisher.com/investors/news-events/news/news-details/2026/Thermo-Fisher-Scientific-to-Hold-Earnings-Conference-Call-on-Thursday-July-23-2026/default.aspx,https://ir.thermofisher.com/investors/news-events/news/news-details/2026/Thermo-Fisher-Scientific-to-Hold-Earnings-Conference-Call-on-Thursday-July-23-2026/default.aspx,200,https://ir.thermofisher.com/investors/news-events/news/news-details/2026/Thermo-Fisher-Scientific-to-Hold-Earnings-Conference-Call-on-Thursday-July-23-2026/default.aspx,Blocked,HTTP response contains an access-control or bot-challenge page,,data/competitor_monitors.json; data/intelligence.json,2026-08-02T20:05:29+00:00
ir.thermofisher.com/investors/news-events/news/news-details/2026/Thermo-Fisher-Scientific-to-Host-Investor-Day/default.aspx,https://ir.thermofisher.com/investors/news-events/news/news-details/2026/Thermo-Fisher-Scientific-to-Host-Investor-Day/default.aspx,200,https://ir.thermofisher.com/investors/news-events/news/news-details/2026/Thermo-Fisher-Scientific-to-Host-Investor-Day/default.aspx,Blocked,HTTP response contains an access-control or bot-challenge page,,data/competitor_monitors.json; data/intelligence.json,2026-08-02T20:05:29+00:00
ir.waters.com/News--Events/newsroom/news-details/2015/Waters-Introduces-the-New-ACQUITY-Arc-System-Designed-as-a-Bridge-between-HPLC-and-UPLC-Methods/default.aspx,https://ir.waters.com/News--Events/newsroom/news-details/2015/Waters-Introduces-the-New-ACQUITY-Arc-System-Designed-as-a-Bridge-between-HPLC-and-UPLC-Methods/default.aspx,200,https://ir.waters.com/News--Events/newsroom/news-details/2015/Waters-Introduces-the-New-ACQUITY-Arc-System-Designed-as-a-Bridge-between-HPLC-and-UPLC-Methods/default.aspx,Blocked,HTTP response contains an access-control or bot-challenge page,,data/historical_waters_catalog.json,2026-08-02T20:05:29+00:00
ir.waters.com/News--Events/newsroom/news-details/2020/Waters-Introduces-the-New-Arc-High-Performance-Liquid-Chromatograph-to-Help-Laboratories-Meet-Quality-and-Production-Targets/default.aspx,https://ir.waters.com/News--Events/newsroom/news-details/2020/Waters-Introduces-the-New-Arc-High-Performance-Liquid-Chromatograph-to-Help-Laboratories-Meet-Quality-and-Production-Targets/default.aspx,200,https://ir.waters.com/News--Events/newsroom/news-details/2020/Waters-Introduces-the-New-Arc-High-Performance-Liquid-Chromatograph-to-Help-Laboratories-Meet-Quality-and-Production-Targets/default.aspx,Blocked,HTTP response contains an access-control or bot-challenge page,,data/product_comparisons.json,2026-08-02T20:05:29+00:00
ir.waters.com/News--Events/newsroom/news-details/2021/Waters-Arc-Premier-System-Delivers-Increased-Precision-and-Certainty-in-Chromatographic-Results/default.aspx,https://ir.waters.com/News--Events/newsroom/news-details/2021/Waters-Arc-Premier-System-Delivers-Increased-Precision-and-Certainty-in-Chromatographic-Results/default.aspx,200,https://ir.waters.com/News--Events/newsroom/news-details/2021/Waters-Arc-Premier-System-Delivers-Increased-Precision-and-Certainty-in-Chromatographic-Results/default.aspx,Blocked,HTTP response contains an access-control or bot-challenge page,,data/historical_waters_catalog.json,2026-08-02T20:05:29+00:00
ir.waters.com/News--Events/newsroom/news-details/2021/Waters-BioAccord-System-with-ACQUITY-Premier-Brings-Greater-Simplicity-Accuracy-and-Reproducibility-to-Multi-Attribute-Monitoring-of-Biopharmaceuticals/default.aspx,https://ir.waters.com/News--Events/newsroom/news-details/2021/Waters-BioAccord-System-with-ACQUITY-Premier-Brings-Greater-Simplicity-Accuracy-and-Reproducibility-to-Multi-Attribute-Monitoring-of-Biopharmaceuticals/default.aspx,200,https://ir.waters.com/News--Events/newsroom/news-details/2021/Waters-BioAccord-System-with-ACQUITY-Premier-Brings-Greater-Simplicity-Accuracy-and-Reproducibility-to-Multi-Attribute-Monitoring-of-Biopharmaceuticals/default.aspx,Blocked,HTTP response contains an access-control or bot-challenge page,,data/product_comparisons.json,2026-08-02T20:05:29+00:00
ir.waters.com/News--Events/newsroom/news-details/2022/Waters-Introduces-Xevo-TQ-Absolute--The-Most-Sensitive-and-Compact-Benchtop-Tandem-Quadrupole-Mass-Spectrometer/default.aspx,https://ir.waters.com/News--Events/newsroom/news-details/2022/Waters-Introduces-Xevo-TQ-Absolute--The-Most-Sensitive-and-Compact-Benchtop-Tandem-Quadrupole-Mass-Spectrometer/default.aspx,200,https://ir.waters.com/News--Events/newsroom/news-details/2022/Waters-Introduces-Xevo-TQ-Absolute--The-Most-Sensitive-and-Compact-Benchtop-Tandem-Quadrupole-Mass-Spectrometer/default.aspx,Blocked,HTTP response contains an access-control or bot-challenge page,,data/product_comparisons.json,2026-08-02T20:05:29+00:00
ir.waters.com/News--Events/newsroom/news-details/2023/Waters-Introduces-Next-Generation-Alliance-iS-HPLC-System-Aimed-at-Reducing-Up-to-40-of-Common-Lab-Errors/default.aspx,https://ir.waters.com/News--Events/newsroom/news-details/2023/Waters-Introduces-Next-Generation-Alliance-iS-HPLC-System-Aimed-at-Reducing-Up-to-40-of-Common-Lab-Errors/default.aspx,200,https://ir.waters.com/News--Events/newsroom/news-details/2023/Waters-Introduces-Next-Generation-Alliance-iS-HPLC-System-Aimed-at-Reducing-Up-to-40-of-Common-Lab-Errors/default.aspx,Blocked,HTTP response contains an access-control or bot-challenge page,,data/product_comparisons.json,2026-08-02T20:05:29+00:00
ir.waters.com/News--Events/newsroom/news-details/2024/Waters-ACQUITY-QDa-II-Mass-Detector-Delivers-Wider-Range-of-Chemical-Analysis-within-Cost-Effective-Lower-Energy-Instrument/default.aspx,https://ir.waters.com/News--Events/newsroom/news-details/2024/Waters-ACQUITY-QDa-II-Mass-Detector-Delivers-Wider-Range-of-Chemical-Analysis-within-Cost-Effective-Lower-Energy-Instrument/default.aspx,200,https://ir.waters.com/News--Events/newsroom/news-details/2024/Waters-ACQUITY-QDa-II-Mass-Detector-Delivers-Wider-Range-of-Chemical-Analysis-within-Cost-Effective-Lower-Energy-Instrument/default.aspx,Blocked,HTTP response contains an access-control or bot-challenge page,,data/historical_waters_catalog.json,2026-08-02T20:05:29+00:00
ir.waters.com/News--Events/newsroom/news-details/2024/Waters-Launches-Alliance-iS-Bio-HPLC-System-to-Help-Biopharma-QC-Labs-Increase-Efficiency-and-Reduce-Errors/default.aspx,https://ir.waters.com/News--Events/newsroom/news-details/2024/Waters-Launches-Alliance-iS-Bio-HPLC-System-to-Help-Biopharma-QC-Labs-Increase-Efficiency-and-Reduce-Errors/default.aspx,200,https://ir.waters.com/News--Events/newsroom/news-details/2024/Waters-Launches-Alliance-iS-Bio-HPLC-System-to-Help-Biopharma-QC-Labs-Increase-Efficiency-and-Reduce-Errors/default.aspx,Blocked,HTTP response contains an access-control or bot-challenge page,,data/historical_waters_catalog.json,2026-08-02T20:05:29+00:00
ir.waters.com/News--Events/newsroom/news-details/2024/Waters-Sets-New-Standards-for-High-Resolution-Performance-and-Speed-with-Xevo-MRT-Mass-Spectrometer/default.aspx,https://ir.waters.com/News--Events/newsroom/news-details/2024/Waters-Sets-New-Standards-for-High-Resolution-Performance-and-Speed-with-Xevo-MRT-Mass-Spectrometer/default.aspx,200,https://ir.waters.com/News--Events/newsroom/news-details/2024/Waters-Sets-New-Standards-for-High-Resolution-Performance-and-Speed-with-Xevo-MRT-Mass-Spectrometer/default.aspx,Blocked,HTTP response contains an access-control or bot-challenge page,,data/historical_waters_catalog.json,2026-08-02T20:05:29+00:00
ir.waters.com/News--Events/newsroom/news-details/2025/Waters-Sets-a-New-Benchmark-for-Robustness-and-Sensitivity-for-High-Throughput-Labs-with-the-Xevo-TQ-Absolute-XR-Mass-Spectrometer/default.aspx,https://ir.waters.com/News--Events/newsroom/news-details/2025/Waters-Sets-a-New-Benchmark-for-Robustness-and-Sensitivity-for-High-Throughput-Labs-with-the-Xevo-TQ-Absolute-XR-Mass-Spectrometer/default.aspx,200,https://ir.waters.com/News--Events/newsroom/news-details/2025/Waters-Sets-a-New-Benchmark-for-Robustness-and-Sensitivity-for-High-Throughput-Labs-with-the-Xevo-TQ-Absolute-XR-Mass-Spectrometer/default.aspx,Blocked,HTTP response contains an access-control or bot-challenge page,,data/historical_waters_catalog.json,2026-08-02T20:05:29+00:00
issxmeetings.org/2026-euro/call-for-abstracts,https://issxmeetings.org/2026-euro/call-for-abstracts,200,https://issxmeetings.org/2026-euro/call-for-abstracts,Blocked,HTTP response contains an access-control or bot-challenge page,,data/conference_sources.json; data/source_catalog.json,2026-08-02T20:05:29+00:00
issxmeetings.org/2026-euro/exhibit-and-sponsor,https://issxmeetings.org/2026-euro/exhibit-and-sponsor,200,https://issxmeetings.org/2026-euro/exhibit-and-sponsor,Blocked,HTTP response contains an access-control or bot-challenge page,,data/conference_sources.json; data/source_catalog.json,2026-08-02T20:05:30+00:00
issxmeetings.org/2026-euro/home,https://issxmeetings.org/2026-euro/home,200,https://issxmeetings.org/2026-euro/home,Blocked,HTTP response contains an access-control or bot-challenge page,,data/conference_sources.json; data/source_catalog.json; data/source_health.json; data/source_registry.json,2026-08-02T20:05:30+00:00
issxmeetings.org/2026-euro/meeting-program,https://issxmeetings.org/2026-euro/meeting-program,200,https://issxmeetings.org/2026-euro/meeting-program,Blocked,HTTP response contains an access-control or bot-challenge page,,data/conference_sources.json; data/source_catalog.json,2026-08-02T20:05:30+00:00
issxmeetings.org/2026-euro/sponsors,https://issxmeetings.org/2026-euro/sponsors,200,https://issxmeetings.org/2026-euro/sponsors,Blocked,HTTP response contains an access-control or bot-challenge page,,data/conference_sources.json; data/source_catalog.json,2026-08-02T20:05:30+00:00
issxmeetings.org/2026-na/call-for-abstracts,https://issxmeetings.org/2026-na/call-for-abstracts,200,https://issxmeetings.org/2026-na/call-for-abstracts,Blocked,HTTP response contains an access-control or bot-challenge page,,data/conference_sources.json; data/source_catalog.json,2026-08-02T20:05:30+00:00
issxmeetings.org/2026-na/exhibit-and-sponsor,https://issxmeetings.org/2026-na/exhibit-and-sponsor,200,https://issxmeetings.org/2026-na/exhibit-and-sponsor,Blocked,HTTP response contains an access-control or bot-challenge page,,data/conference_sources.json; data/source_catalog.json,2026-08-02T20:05:30+00:00
issxmeetings.org/2026-na/home,https://issxmeetings.org/2026-na/home,200,https://issxmeetings.org/2026-na/home,Blocked,HTTP response contains an access-control or bot-challenge page,,data/conference_sources.json; data/source_catalog.json; data/source_health.json; data/source_registry.json,2026-08-02T20:05:30+00:00
issxmeetings.org/2026-na/meeting-program,https://issxmeetings.org/2026-na/meeting-program,200,https://issxmeetings.org/2026-na/meeting-program,Blocked,HTTP response contains an access-control or bot-challenge page,,data/conference_sources.json; data/source_catalog.json,2026-08-02T20:05:30+00:00
link.springer.com/journal/216,https://link.springer.com/journal/216,200,https://link.springer.com/journal/216,OK,,,data/journal_sources.json; data/source_catalog.json,2026-08-02T20:05:30+00:00
meetings.e-b-f.eu/open/,https://meetings.e-b-f.eu/open/,200,https://meetings.e-b-f.eu/open/,OK,,,data/conference_sources.json; data/source_catalog.json; data/source_health.json; data/source_registry.json,2026-08-02T20:05:30+00:00
meetings.e-b-f.eu/wp-content/uploads/2026/02/12th-YSS-agenda-version-19FEB2026.pdf,https://meetings.e-b-f.eu/wp-content/uploads/2026/02/12th-YSS-agenda-version-19FEB2026.pdf,200,https://meetings.e-b-f.eu/wp-content/uploads/2026/02/12th-YSS-agenda-version-19FEB2026.pdf,OK,,,data/conference_sources.json; data/source_catalog.json,2026-08-02T20:05:30+00:00
meetings.e-b-f.eu/wp-content/uploads/2026/03/19th-OS-Call-for-Abstracts-1st-announcement.pdf,https://meetings.e-b-f.eu/wp-content/uploads/2026/03/19th-OS-Call-for-Abstracts-1st-announcement.pdf,200,https://meetings.e-b-f.eu/wp-content/uploads/2026/03/19th-OS-Call-for-Abstracts-1st-announcement.pdf,OK,,,data/conference_sources.json; data/source_catalog.json,2026-08-02T20:05:30+00:00
meetings.e-b-f.eu/wp-content/uploads/2026/03/19th-OS-Session-Goals.pdf,https://meetings.e-b-f.eu/wp-content/uploads/2026/03/19th-OS-Session-Goals.pdf,200,https://meetings.e-b-f.eu/wp-content/uploads/2026/03/19th-OS-Session-Goals.pdf,OK,,,data/conference_sources.json; data/source_catalog.json,2026-08-02T20:05:30+00:00
meetings.e-b-f.eu/wp-content/uploads/2026/03/Abstracts-submission-form-2026-Podium-presentation.docx,https://meetings.e-b-f.eu/wp-content/uploads/2026/03/Abstracts-submission-form-2026-Podium-presentation.docx,200,https://meetings.e-b-f.eu/wp-content/uploads/2026/03/Abstracts-submission-form-2026-Podium-presentation.docx,OK,,,data/conference_sources.json; data/source_catalog.json,2026-08-02T20:05:31+00:00
meetings.e-b-f.eu/wp-content/uploads/2026/03/Posters-submission-form-2026.docx,https://meetings.e-b-f.eu/wp-content/uploads/2026/03/Posters-submission-form-2026.docx,200,https://meetings.e-b-f.eu/wp-content/uploads/2026/03/Posters-submission-form-2026.docx,OK,,,data/conference_sources.json; data/source_catalog.json,2026-08-02T20:05:31+00:00
metabolomicssociety.org/,https://metabolomicssociety.org/,200,https://metabolomicssociety.org/,OK,,,data/conference_sources.json; data/source_catalog.json; data/source_health.json; data/source_registry.json,2026-08-02T20:05:31+00:00
metabolomicssociety.org/membership/current-corporate-members/,https://metabolomicssociety.org/membership/current-corporate-members/,200,https://metabolomicssociety.org/membership/current-corporate-members/,OK,,,data/conference_sources.json; data/source_catalog.json,2026-08-02T20:05:31+00:00
mrna-analytical-development.com/,https://mrna-analytical-development.com/,200,https://mrna-analytical-development.com/,OK,,,data/conference_sources.json; data/source_catalog.json; data/source_health.json; data/source_registry.json,2026-08-02T20:05:31+00:00
mrna-analytical-development.com/full-event-guide/,https://mrna-analytical-development.com/full-event-guide/,200,https://mrna-analytical-development.com/full-event-guide/,OK,,,data/conference_sources.json; data/source_catalog.json,2026-08-02T20:05:31+00:00
mrna-analytical-development.com/speaker/benjamin-hall/,https://mrna-analytical-development.com/speaker/benjamin-hall/,200,https://mrna-analytical-development.com/speaker/benjamin-hall/,OK,,,data/conference_sources.json; data/source_catalog.json,2026-08-02T20:05:31+00:00
mrna-analytical-development.com/speaker/bohdan-andreiuk/,https://mrna-analytical-development.com/speaker/bohdan-andreiuk/,200,https://mrna-analytical-development.com/speaker/bohdan-andreiuk/,OK,,,data/conference_sources.json; data/source_catalog.json,2026-08-02T20:05:31+00:00
mrna-analytical-development.com/speaker/charles-kline/,https://mrna-analytical-development.com/speaker/charles-kline/,200,https://mrna-analytical-development.com/speaker/charles-kline/,OK,,,data/conference_sources.json; data/source_catalog.json,2026-08-02T20:05:31+00:00
mrna-analytical-development.com/speaker/diane-mccarthy/,https://mrna-analytical-development.com/speaker/diane-mccarthy/,200,https://mrna-analytical-development.com/speaker/diane-mccarthy/,OK,,,data/conference_sources.json; data/source_catalog.json,2026-08-02T20:05:31+00:00
mrna-analytical-development.com/speaker/jean-francois-dierick/,https://mrna-analytical-development.com/speaker/jean-francois-dierick/,200,https://mrna-analytical-development.com/speaker/jean-francois-dierick/,OK,,,data/conference_sources.json; data/source_catalog.json,2026-08-02T20:05:31+00:00
mrna-analytical-development.com/speaker/samuel-valentin/,https://mrna-analytical-development.com/speaker/samuel-valentin/,200,https://mrna-analytical-development.com/speaker/samuel-valentin/,OK,,,data/conference_sources.json; data/source_catalog.json,2026-08-02T20:05:31+00:00
mrna-analytical-development.com/speaker/stefan-heinz/,https://mrna-analytical-development.com/speaker/stefan-heinz/,200,https://mrna-analytical-development.com/speaker/stefan-heinz/,OK,,,data/conference_sources.json; data/source_catalog.json,2026-08-02T20:05:31+00:00
mrna-analytical-development.com/speaker/yurong-guo/,https://mrna-analytical-development.com/speaker/yurong-guo/,200,https://mrna-analytical-development.com/speaker/yurong-guo/,OK,,,data/conference_sources.json; data/source_catalog.json,2026-08-02T20:05:31+00:00
mrna-analytical-development.com/speakers/,https://mrna-analytical-development.com/speakers/,200,https://mrna-analytical-development.com/speakers/,OK,,,data/conference_sources.json; data/source_catalog.json,2026-08-02T20:05:31+00:00
mrna-analytical-development.com/why-partner/,https://mrna-analytical-development.com/why-partner/,200,https://mrna-analytical-development.com/why-partner/,OK,,,data/conference_sources.json; data/source_catalog.json,2026-08-02T20:05:32+00:00
outlook.live.com/calendar/0/deeplink/compose,https://outlook.live.com/calendar/0/deeplink/compose?path=/calendar/action/compose&rru=addevent&subject=58th+International+Symposium+on+High+Performance+Liquid+Phase+Separations+and+Related+Techniques&startdt=2028-06-10&enddt=2028-06-16&allday=true&body=Join+us%2C+as+this+scientific+symposium+series+proudly+stands+as+the+world%27s+foremost+conference+on+liquid+phase+separations+and+related+innovations%2C+featuring+analytical+instrumentation+and+chromatography+innovations.+Delve+into+the+multifaceted+world+of+separation+sciences+in+both+liquid+and+supercritical+fluid+phases.+Discover+multidimensional+chromatography%2C+hyphenated+techniques+with+pioneering+HPLC+detection+technologies%2C+primarily+mass+spectrometry%2C+and+explore+the+latest+in+separation+materials%2C+column+technologies%2C+and+cutting-edge+complex+mixture+analyses.&location=Westgate+Las+Vegas+Resort+%26+Casino,200,https://outlook.live.com/calendar/0/deeplink/compose?path=/calendar/action/compose&rru=addevent&subject=58th+International+Symposium+on+High+Performance+Liquid+Phase+Separations+and+Related+Techniques&startdt=2028-06-10&enddt=2028-06-16&allday=true&body=Join+us%2C+as+this+scientific+symposium+series+proudly+stands+as+the+world%27s+foremost+conference+on+liquid+phase+separations+and+related+innovations%2C+featuring+analytical+instrumentation+and+chromatography+innovations.+Delve+into+the+multifaceted+world+of+separation+sciences+in+both+liquid+and+supercritical+fluid+phases.+Discover+multidimensional+chromatography%2C+hyphenated+techniques+with+pioneering+HPLC+detection+technologies%2C+primarily+mass+spectrometry%2C+and+explore+the+latest+in+separation+materials%2C+column+technologies%2C+and+cutting-edge+complex+mixture+analyses.&location=Westgate+Las+Vegas+Resort+%26+Casino,OK,,,data/conference_sources.json; data/source_catalog.json,2026-08-02T20:05:32+00:00
outlook.office.com/calendar/0/deeplink/compose,https://outlook.office.com/calendar/0/deeplink/compose?path=/calendar/action/compose&rru=addevent&subject=58th+International+Symposium+on+High+Performance+Liquid+Phase+Separations+and+Related+Techniques&startdt=2028-06-10&enddt=2028-06-16&allday=true&body=Join+us%2C+as+this+scientific+symposium+series+proudly+stands+as+the+world%27s+foremost+conference+on+liquid+phase+separations+and+related+innovations%2C+featuring+analytical+instrumentation+and+chromatography+innovations.+Delve+into+the+multifaceted+world+of+separation+sciences+in+both+liquid+and+supercritical+fluid+phases.+Discover+multidimensional+chromatography%2C+hyphenated+techniques+with+pioneering+HPLC+detection+technologies%2C+primarily+mass+spectrometry%2C+and+explore+the+latest+in+separation+materials%2C+column+technologies%2C+and+cutting-edge+complex+mixture+analyses.&location=Westgate+Las+Vegas+Resort+%26+Casino,200,https://outlook.office.com/calendar/0/deeplink/compose?path=/calendar/action/compose&rru=addevent&subject=58th+International+Symposium+on+High+Performance+Liquid+Phase+Separations+and+Related+Techniques&startdt=2028-06-10&enddt=2028-06-16&allday=true&body=Join+us%2C+as+this+scientific+symposium+series+proudly+stands+as+the+world%27s+foremost+conference+on+liquid+phase+separations+and+related+innovations%2C+featuring+analytical+instrumentation+and+chromatography+innovations.+Delve+into+the+multifaceted+world+of+separation+sciences+in+both+liquid+and+supercritical+fluid+phases.+Discover+multidimensional+chromatography%2C+hyphenated+techniques+with+pioneering+HPLC+detection+technologies%2C+primarily+mass+spectrometry%2C+and+explore+the+latest+in+separation+materials%2C+column+technologies%2C+and+cutting-edge+complex+mixture+analyses.&location=Westgate+Las+Vegas+Resort+%26+Casino,OK,,,data/conference_sources.json; data/source_catalog.json,2026-08-02T20:05:32+00:00
pag.virtual-meeting.org/US/asgct2026/en-US/pag,https://pag.virtual-meeting.org/US/asgct2026/en-US/pag?is_sponsored=0&amp;is_highlighted=0&amp;is_on_demand=0&amp;streaming_allowed=0&amp;filterbox=false&amp;legendbox=false&amp;timezone=false&amp;day=2026-05-12&amp;pre_filter=&amp;viewType=calendar&amp;viewSize=L&amp;view=vertical,200,https://pag.virtual-meeting.org/US/asgct2026/en-US/pag?is_sponsored=0&amp;is_highlighted=0&amp;is_on_demand=0&amp;streaming_allowed=0&amp;filterbox=false&amp;legendbox=false&amp;timezone=false&amp;day=2026-05-12&amp;pre_filter=&amp;viewType=calendar&amp;viewSize=L&amp;view=vertical,OK,,,data/conference_sources.json; data/source_catalog.json,2026-08-02T20:05:32+00:00
pubmed.ncbi.nlm.nih.gov/,https://pubmed.ncbi.nlm.nih.gov/,403,https://pubmed.ncbi.nlm.nih.gov/,Blocked,,,data/intelligence.json; data/source_catalog.json,2026-08-02T20:05:32+00:00
pubmed.ncbi.nlm.nih.gov/38685627/,https://pubmed.ncbi.nlm.nih.gov/38685627/,403,https://pubmed.ncbi.nlm.nih.gov/38685627/,Blocked,,,data/intelligence.json,2026-08-02T20:05:32+00:00
pubmed.ncbi.nlm.nih.gov/39126342/,https://pubmed.ncbi.nlm.nih.gov/39126342/,403,https://pubmed.ncbi.nlm.nih.gov/39126342/,Blocked,,,data/intelligence.json,2026-08-02T20:05:32+00:00
pubmed.ncbi.nlm.nih.gov/39660347/,https://pubmed.ncbi.nlm.nih.gov/39660347/,403,https://pubmed.ncbi.nlm.nih.gov/39660347/,Blocked,,,data/intelligence.json,2026-08-02T20:05:32+00:00
pubmed.ncbi.nlm.nih.gov/39759287/,https://pubmed.ncbi.nlm.nih.gov/39759287/,403,https://pubmed.ncbi.nlm.nih.gov/39759287/,Blocked,,,data/intelligence.json,2026-08-02T20:05:32+00:00
pubmed.ncbi.nlm.nih.gov/39830726/,https://pubmed.ncbi.nlm.nih.gov/39830726/,403,https://pubmed.ncbi.nlm.nih.gov/39830726/,Blocked,,,data/intelligence.json,2026-08-02T20:05:32+00:00
pubmed.ncbi.nlm.nih.gov/39884822/,https://pubmed.ncbi.nlm.nih.gov/39884822/,403,https://pubmed.ncbi.nlm.nih.gov/39884822/,Blocked,,,data/intelligence.json,2026-08-02T20:05:32+00:00
pubmed.ncbi.nlm.nih.gov/39949573/,https://pubmed.ncbi.nlm.nih.gov/39949573/,403,https://pubmed.ncbi.nlm.nih.gov/39949573/,Blocked,,,data/intelligence.json,2026-08-02T20:05:32+00:00
pubmed.ncbi.nlm.nih.gov/39957899/,https://pubmed.ncbi.nlm.nih.gov/39957899/,403,https://pubmed.ncbi.nlm.nih.gov/39957899/,Blocked,,,data/intelligence.json,2026-08-02T20:05:32+00:00
pubmed.ncbi.nlm.nih.gov/40841006/,https://pubmed.ncbi.nlm.nih.gov/40841006/,403,https://pubmed.ncbi.nlm.nih.gov/40841006/,Blocked,,,data/intelligence.json,2026-08-02T20:05:32+00:00
pubmed.ncbi.nlm.nih.gov/41111413/,https://pubmed.ncbi.nlm.nih.gov/41111413/,403,https://pubmed.ncbi.nlm.nih.gov/41111413/,Blocked,,,data/intelligence.json,2026-08-02T20:05:32+00:00
pubmed.ncbi.nlm.nih.gov/41355705/,https://pubmed.ncbi.nlm.nih.gov/41355705/,403,https://pubmed.ncbi.nlm.nih.gov/41355705/,Blocked,,,data/intelligence.json,2026-08-02T20:05:32+00:00
pubmed.ncbi.nlm.nih.gov/42021604/,https://pubmed.ncbi.nlm.nih.gov/42021604/,403,https://pubmed.ncbi.nlm.nih.gov/42021604/,Blocked,,,data/intelligence.json,2026-08-02T20:05:32+00:00
pubmed.ncbi.nlm.nih.gov/42312152/,https://pubmed.ncbi.nlm.nih.gov/42312152/,403,https://pubmed.ncbi.nlm.nih.gov/42312152/,Blocked,,,data/intelligence.json,2026-08-02T20:05:32+00:00
pubmed.ncbi.nlm.nih.gov/42398371/,https://pubmed.ncbi.nlm.nih.gov/42398371/,403,https://pubmed.ncbi.nlm.nih.gov/42398371/,Blocked,,,data/intelligence.json,2026-08-02T20:05:32+00:00
pubmed.ncbi.nlm.nih.gov/42417511/,https://pubmed.ncbi.nlm.nih.gov/42417511/,403,https://pubmed.ncbi.nlm.nih.gov/42417511/,Blocked,,,data/intelligence.json,2026-08-02T20:05:32+00:00
pubmed.ncbi.nlm.nih.gov/42470478/,https://pubmed.ncbi.nlm.nih.gov/42470478/,403,https://pubmed.ncbi.nlm.nih.gov/42470478/,Blocked,,,data/intelligence.json,2026-08-02T20:05:32+00:00
pubmed.ncbi.nlm.nih.gov/42523267/,https://pubmed.ncbi.nlm.nih.gov/42523267/,403,https://pubmed.ncbi.nlm.nih.gov/42523267/,Blocked,,,data/intelligence.json,2026-08-02T20:05:32+00:00
pubmed.ncbi.nlm.nih.gov/42541904/,https://pubmed.ncbi.nlm.nih.gov/42541904/,403,https://pubmed.ncbi.nlm.nih.gov/42541904/,Blocked,,,data/intelligence.json,2026-08-02T20:05:33+00:00
pubmed.ncbi.nlm.nih.gov/42542265/,https://pubmed.ncbi.nlm.nih.gov/42542265/,403,https://pubmed.ncbi.nlm.nih.gov/42542265/,Blocked,,,data/intelligence.json,2026-08-02T20:05:33+00:00
pubmed.ncbi.nlm.nih.gov/42542376/,https://pubmed.ncbi.nlm.nih.gov/42542376/,403,https://pubmed.ncbi.nlm.nih.gov/42542376/,Blocked,,,data/intelligence.json,2026-08-02T20:05:33+00:00
pubmed.ncbi.nlm.nih.gov/,https://pubmed.ncbi.nlm.nih.gov/?term=%28%22Agilent+1290%22+OR+%22Agilent+InfinityLab%22+OR+%22Agilent+LC%2FMS%22+OR+%22Agilent+6495%22+OR+%22Ultivo%22%29+AND+%28%222021%2F07%2F31%22%5BDate+-+Publication%5D+%3A+%222026%2F07%2F30%22%5BDate+-+Publication%5D%29,403,https://pubmed.ncbi.nlm.nih.gov/?term=%28%22Agilent+1290%22+OR+%22Agilent+InfinityLab%22+OR+%22Agilent+LC%2FMS%22+OR+%22Agilent+6495%22+OR+%22Ultivo%22%29+AND+%28%222021%2F07%2F31%22%5BDate+-+Publication%5D+%3A+%222026%2F07%2F30%22%5BDate+-+Publication%5D%29,Blocked,,,data/pubmed_query_observations.json,2026-08-02T20:05:33+00:00
pubmed.ncbi.nlm.nih.gov/,https://pubmed.ncbi.nlm.nih.gov/?term=%28%22Agilent+1290%22+OR+%22Agilent+InfinityLab%22+OR+%22Agilent+LC%2FMS%22+OR+%22Agilent+6495%22+OR+%22Ultivo%22%29+AND+%28%222021%2F08%2F01%22%5BDate+-+Publication%5D+%3A+%222026%2F07%2F31%22%5BDate+-+Publication%5D%29,403,https://pubmed.ncbi.nlm.nih.gov/?term=%28%22Agilent+1290%22+OR+%22Agilent+InfinityLab%22+OR+%22Agilent+LC%2FMS%22+OR+%22Agilent+6495%22+OR+%22Ultivo%22%29+AND+%28%222021%2F08%2F01%22%5BDate+-+Publication%5D+%3A+%222026%2F07%2F31%22%5BDate+-+Publication%5D%29,Blocked,,,data/pubmed_query_observations.json,2026-08-02T20:05:33+00:00
pubmed.ncbi.nlm.nih.gov/,https://pubmed.ncbi.nlm.nih.gov/?term=%28%22Agilent+1290%22+OR+%22Agilent+InfinityLab%22+OR+%22Agilent+LC%2FMS%22+OR+%22Agilent+6495%22+OR+%22Ultivo%22%29+AND+%28%222021%2F08%2F02%22%5BDate+-+Publication%5D+%3A+%222026%2F08%2F01%22%5BDate+-+Publication%5D%29,403,https://pubmed.ncbi.nlm.nih.gov/?term=%28%22Agilent+1290%22+OR+%22Agilent+InfinityLab%22+OR+%22Agilent+LC%2FMS%22+OR+%22Agilent+6495%22+OR+%22Ultivo%22%29+AND+%28%222021%2F08%2F02%22%5BDate+-+Publication%5D+%3A+%222026%2F08%2F01%22%5BDate+-+Publication%5D%29,Blocked,,,data/pubmed_query_observations.json,2026-08-02T20:05:33+00:00
pubmed.ncbi.nlm.nih.gov/,https://pubmed.ncbi.nlm.nih.gov/?term=%28%22Agilent+1290%22+OR+%22Agilent+InfinityLab%22+OR+%22Agilent+LC%2FMS%22+OR+%22Agilent+6495%22+OR+%22Ultivo%22%29+AND+%28%222021%2F08%2F03%22%5BDate+-+Publication%5D+%3A+%222026%2F08%2F02%22%5BDate+-+Publication%5D%29,403,https://pubmed.ncbi.nlm.nih.gov/?term=%28%22Agilent+1290%22+OR+%22Agilent+InfinityLab%22+OR+%22Agilent+LC%2FMS%22+OR+%22Agilent+6495%22+OR+%22Ultivo%22%29+AND+%28%222021%2F08%2F03%22%5BDate+-+Publication%5D+%3A+%222026%2F08%2F02%22%5BDate+-+Publication%5D%29,Blocked,,,data/intelligence.json; data/pubmed_query_observations.json,2026-08-02T20:05:33+00:00
pubmed.ncbi.nlm.nih.gov/,https://pubmed.ncbi.nlm.nih.gov/?term=%28%22Agilent+1290%22+OR+%22Agilent+InfinityLab%22+OR+%22Agilent+LC%2FMS%22+OR+%22Agilent+6495%22+OR+%22Ultivo%22%29+AND+%28%222023%2F07%2F31%22%5BDate+-+Publication%5D+%3A+%222026%2F07%2F30%22%5BDate+-+Publication%5D%29,403,https://pubmed.ncbi.nlm.nih.gov/?term=%28%22Agilent+1290%22+OR+%22Agilent+InfinityLab%22+OR+%22Agilent+LC%2FMS%22+OR+%22Agilent+6495%22+OR+%22Ultivo%22%29+AND+%28%222023%2F07%2F31%22%5BDate+-+Publication%5D+%3A+%222026%2F07%2F30%22%5BDate+-+Publication%5D%29,Blocked,,,data/pubmed_query_observations.json,2026-08-02T20:05:33+00:00
pubmed.ncbi.nlm.nih.gov/,https://pubmed.ncbi.nlm.nih.gov/?term=%28%22Agilent+1290%22+OR+%22Agilent+InfinityLab%22+OR+%22Agilent+LC%2FMS%22+OR+%22Agilent+6495%22+OR+%22Ultivo%22%29+AND+%28%222023%2F08%2F01%22%5BDate+-+Publication%5D+%3A+%222026%2F07%2F31%22%5BDate+-+Publication%5D%29,403,https://pubmed.ncbi.nlm.nih.gov/?term=%28%22Agilent+1290%22+OR+%22Agilent+InfinityLab%22+OR+%22Agilent+LC%2FMS%22+OR+%22Agilent+6495%22+OR+%22Ultivo%22%29+AND+%28%222023%2F08%2F01%22%5BDate+-+Publication%5D+%3A+%222026%2F07%2F31%22%5BDate+-+Publication%5D%29,Blocked,,,data/pubmed_query_observations.json,2026-08-02T20:05:33+00:00
pubmed.ncbi.nlm.nih.gov/,https://pubmed.ncbi.nlm.nih.gov/?term=%28%22Agilent+1290%22+OR+%22Agilent+InfinityLab%22+OR+%22Agilent+LC%2FMS%22+OR+%22Agilent+6495%22+OR+%22Ultivo%22%29+AND+%28%222023%2F08%2F02%22%5BDate+-+Publication%5D+%3A+%222026%2F08%2F01%22%5BDate+-+Publication%5D%29,403,https://pubmed.ncbi.nlm.nih.gov/?term=%28%22Agilent+1290%22+OR+%22Agilent+InfinityLab%22+OR+%22Agilent+LC%2FMS%22+OR+%22Agilent+6495%22+OR+%22Ultivo%22%29+AND+%28%222023%2F08%2F02%22%5BDate+-+Publication%5D+%3A+%222026%2F08%2F01%22%5BDate+-+Publication%5D%29,Blocked,,,data/pubmed_query_observations.json,2026-08-02T20:05:33+00:00
pubmed.ncbi.nlm.nih.gov/,https://pubmed.ncbi.nlm.nih.gov/?term=%28%22Agilent+1290%22+OR+%22Agilent+InfinityLab%22+OR+%22Agilent+LC%2FMS%22+OR+%22Agilent+6495%22+OR+%22Ultivo%22%29+AND+%28%222023%2F08%2F03%22%5BDate+-+Publication%5D+%3A+%222026%2F08%2F02%22%5BDate+-+Publication%5D%29,403,https://pubmed.ncbi.nlm.nih.gov/?term=%28%22Agilent+1290%22+OR+%22Agilent+InfinityLab%22+OR+%22Agilent+LC%2FMS%22+OR+%22Agilent+6495%22+OR+%22Ultivo%22%29+AND+%28%222023%2F08%2F03%22%5BDate+-+Publication%5D+%3A+%222026%2F08%2F02%22%5BDate+-+Publication%5D%29,Blocked,,,data/intelligence.json; data/pubmed_query_observations.json,2026-08-02T20:05:33+00:00
pubmed.ncbi.nlm.nih.gov/,https://pubmed.ncbi.nlm.nih.gov/?term=%28%22Agilent+1290%22+OR+%22Agilent+InfinityLab%22+OR+%22Agilent+LC%2FMS%22+OR+%22Agilent+6495%22+OR+%22Ultivo%22%29+AND+%28%222025%2F07%2F30%22%5BDate+-+Publication%5D+%3A+%222026%2F07%2F30%22%5BDate+-+Publication%5D%29,403,https://pubmed.ncbi.nlm.nih.gov/?term=%28%22Agilent+1290%22+OR+%22Agilent+InfinityLab%22+OR+%22Agilent+LC%2FMS%22+OR+%22Agilent+6495%22+OR+%22Ultivo%22%29+AND+%28%222025%2F07%2F30%22%5BDate+-+Publication%5D+%3A+%222026%2F07%2F30%22%5BDate+-+Publication%5D%29,Blocked,,,data/pubmed_query_observations.json,2026-08-02T20:05:33+00:00
pubmed.ncbi.nlm.nih.gov/,https://pubmed.ncbi.nlm.nih.gov/?term=%28%22Agilent+1290%22+OR+%22Agilent+InfinityLab%22+OR+%22Agilent+LC%2FMS%22+OR+%22Agilent+6495%22+OR+%22Ultivo%22%29+AND+%28%222025%2F07%2F31%22%5BDate+-+Publication%5D+%3A+%222026%2F07%2F31%22%5BDate+-+Publication%5D%29,403,https://pubmed.ncbi.nlm.nih.gov/?term=%28%22Agilent+1290%22+OR+%22Agilent+InfinityLab%22+OR+%22Agilent+LC%2FMS%22+OR+%22Agilent+6495%22+OR+%22Ultivo%22%29+AND+%28%222025%2F07%2F31%22%5BDate+-+Publication%5D+%3A+%222026%2F07%2F31%22%5BDate+-+Publication%5D%29,Blocked,,,data/pubmed_query_observations.json,2026-08-02T20:05:33+00:00
pubmed.ncbi.nlm.nih.gov/,https://pubmed.ncbi.nlm.nih.gov/?term=%28%22Agilent+1290%22+OR+%22Agilent+InfinityLab%22+OR+%22Agilent+LC%2FMS%22+OR+%22Agilent+6495%22+OR+%22Ultivo%22%29+AND+%28%222025%2F08%2F01%22%5BDate+-+Publication%5D+%3A+%222026%2F08%2F01%22%5BDate+-+Publication%5D%29,403,https://pubmed.ncbi.nlm.nih.gov/?term=%28%22Agilent+1290%22+OR+%22Agilent+InfinityLab%22+OR+%22Agilent+LC%2FMS%22+OR+%22Agilent+6495%22+OR+%22Ultivo%22%29+AND+%28%222025%2F08%2F01%22%5BDate+-+Publication%5D+%3A+%222026%2F08%2F01%22%5BDate+-+Publication%5D%29,Blocked,,,data/pubmed_query_observations.json,2026-08-02T20:05:33+00:00
pubmed.ncbi.nlm.nih.gov/,https://pubmed.ncbi.nlm.nih.gov/?term=%28%22Agilent+1290%22+OR+%22Agilent+InfinityLab%22+OR+%22Agilent+LC%2FMS%22+OR+%22Agilent+6495%22+OR+%22Ultivo%22%29+AND+%28%222025%2F08%2F02%22%5BDate+-+Publication%5D+%3A+%222026%2F08%2F02%22%5BDate+-+Publication%5D%29,403,https://pubmed.ncbi.nlm.nih.gov/?term=%28%22Agilent+1290%22+OR+%22Agilent+InfinityLab%22+OR+%22Agilent+LC%2FMS%22+OR+%22Agilent+6495%22+OR+%22Ultivo%22%29+AND+%28%222025%2F08%2F02%22%5BDate+-+Publication%5D+%3A+%222026%2F08%2F02%22%5BDate+-+Publication%5D%29,Blocked,,,data/intelligence.json; data/pubmed_query_observations.json,2026-08-02T20:05:33+00:00
pubmed.ncbi.nlm.nih.gov/,https://pubmed.ncbi.nlm.nih.gov/?term=%28%22Agilent+1290%22+OR+%22Agilent+InfinityLab%22+OR+%22Agilent+LC%2FMS%22+OR+%22Agilent+6495%22+OR+%22Ultivo%22%29+AND+%28%222026%2F05%2F01%22%5BDate+-+Publication%5D+%3A+%222026%2F07%2F30%22%5BDate+-+Publication%5D%29,403,https://pubmed.ncbi.nlm.nih.gov/?term=%28%22Agilent+1290%22+OR+%22Agilent+InfinityLab%22+OR+%22Agilent+LC%2FMS%22+OR+%22Agilent+6495%22+OR+%22Ultivo%22%29+AND+%28%222026%2F05%2F01%22%5BDate+-+Publication%5D+%3A+%222026%2F07%2F30%22%5BDate+-+Publication%5D%29,Blocked,,,data/pubmed_query_observations.json,2026-08-02T20:05:33+00:00
pubmed.ncbi.nlm.nih.gov/,https://pubmed.ncbi.nlm.nih.gov/?term=%28%22Agilent+1290%22+OR+%22Agilent+InfinityLab%22+OR+%22Agilent+LC%2FMS%22+OR+%22Agilent+6495%22+OR+%22Ultivo%22%29+AND+%28%222026%2F05%2F02%22%5BDate+-+Publication%5D+%3A+%222026%2F07%2F31%22%5BDate+-+Publication%5D%29,403,https://pubmed.ncbi.nlm.nih.gov/?term=%28%22Agilent+1290%22+OR+%22Agilent+InfinityLab%22+OR+%22Agilent+LC%2FMS%22+OR+%22Agilent+6495%22+OR+%22Ultivo%22%29+AND+%28%222026%2F05%2F02%22%5BDate+-+Publication%5D+%3A+%222026%2F07%2F31%22%5BDate+-+Publication%5D%29,Blocked,,,data/pubmed_query_observations.json,2026-08-02T20:05:33+00:00
pubmed.ncbi.nlm.nih.gov/,https://pubmed.ncbi.nlm.nih.gov/?term=%28%22Agilent+1290%22+OR+%22Agilent+InfinityLab%22+OR+%22Agilent+LC%2FMS%22+OR+%22Agilent+6495%22+OR+%22Ultivo%22%29+AND+%28%222026%2F05%2F03%22%5BDate+-+Publication%5D+%3A+%222026%2F08%2F01%22%5BDate+-+Publication%5D%29,403,https://pubmed.ncbi.nlm.nih.gov/?term=%28%22Agilent+1290%22+OR+%22Agilent+InfinityLab%22+OR+%22Agilent+LC%2FMS%22+OR+%22Agilent+6495%22+OR+%22Ultivo%22%29+AND+%28%222026%2F05%2F03%22%5BDate+-+Publication%5D+%3A+%222026%2F08%2F01%22%5BDate+-+Publication%5D%29,Blocked,,,data/pubmed_query_observations.json,2026-08-02T20:05:34+00:00
pubmed.ncbi.nlm.nih.gov/,https://pubmed.ncbi.nlm.nih.gov/?term=%28%22Agilent+1290%22+OR+%22Agilent+InfinityLab%22+OR+%22Agilent+LC%2FMS%22+OR+%22Agilent+6495%22+OR+%22Ultivo%22%29+AND+%28%222026%2F05%2F04%22%5BDate+-+Publication%5D+%3A+%222026%2F08%2F02%22%5BDate+-+Publication%5D%29,403,https://pubmed.ncbi.nlm.nih.gov/?term=%28%22Agilent+1290%22+OR+%22Agilent+InfinityLab%22+OR+%22Agilent+LC%2FMS%22+OR+%22Agilent+6495%22+OR+%22Ultivo%22%29+AND+%28%222026%2F05%2F04%22%5BDate+-+Publication%5D+%3A+%222026%2F08%2F02%22%5BDate+-+Publication%5D%29,Blocked,,,data/intelligence.json; data/pubmed_query_observations.json,2026-08-02T20:05:34+00:00
pubmed.ncbi.nlm.nih.gov/,https://pubmed.ncbi.nlm.nih.gov/?term=%28%22Agilent+1290%22+OR+%22Agilent+InfinityLab%22+OR+%22Agilent+LC%2FMS%22+OR+%22Agilent+6495%22+OR+%22Ultivo%22%29+AND+%28%222026%2F05%2F31%22%5BDate+-+Publication%5D+%3A+%222026%2F07%2F30%22%5BDate+-+Publication%5D%29,403,https://pubmed.ncbi.nlm.nih.gov/?term=%28%22Agilent+1290%22+OR+%22Agilent+InfinityLab%22+OR+%22Agilent+LC%2FMS%22+OR+%22Agilent+6495%22+OR+%22Ultivo%22%29+AND+%28%222026%2F05%2F31%22%5BDate+-+Publication%5D+%3A+%222026%2F07%2F30%22%5BDate+-+Publication%5D%29,Blocked,,,data/pubmed_query_observations.json,2026-08-02T20:05:34+00:00
pubmed.ncbi.nlm.nih.gov/,https://pubmed.ncbi.nlm.nih.gov/?term=%28%22Agilent+1290%22+OR+%22Agilent+InfinityLab%22+OR+%22Agilent+LC%2FMS%22+OR+%22Agilent+6495%22+OR+%22Ultivo%22%29+AND+%28%222026%2F06%2F01%22%5BDate+-+Publication%5D+%3A+%222026%2F07%2F31%22%5BDate+-+Publication%5D%29,403,https://pubmed.ncbi.nlm.nih.gov/?term=%28%22Agilent+1290%22+OR+%22Agilent+InfinityLab%22+OR+%22Agilent+LC%2FMS%22+OR+%22Agilent+6495%22+OR+%22Ultivo%22%29+AND+%28%222026%2F06%2F01%22%5BDate+-+Publication%5D+%3A+%222026%2F07%2F31%22%5BDate+-+Publication%5D%29,Blocked,,,data/pubmed_query_observations.json,2026-08-02T20:05:34+00:00
pubmed.ncbi.nlm.nih.gov/,https://pubmed.ncbi.nlm.nih.gov/?term=%28%22Agilent+1290%22+OR+%22Agilent+InfinityLab%22+OR+%22Agilent+LC%2FMS%22+OR+%22Agilent+6495%22+OR+%22Ultivo%22%29+AND+%28%222026%2F06%2F02%22%5BDate+-+Publication%5D+%3A+%222026%2F08%2F01%22%5BDate+-+Publication%5D%29,403,https://pubmed.ncbi.nlm.nih.gov/?term=%28%22Agilent+1290%22+OR+%22Agilent+InfinityLab%22+OR+%22Agilent+LC%2FMS%22+OR+%22Agilent+6495%22+OR+%22Ultivo%22%29+AND+%28%222026%2F06%2F02%22%5BDate+-+Publication%5D+%3A+%222026%2F08%2F01%22%5BDate+-+Publication%5D%29,Blocked,,,data/pubmed_query_observations.json,2026-08-02T20:05:34+00:00
pubmed.ncbi.nlm.nih.gov/,https://pubmed.ncbi.nlm.nih.gov/?term=%28%22Agilent+1290%22+OR+%22Agilent+InfinityLab%22+OR+%22Agilent+LC%2FMS%22+OR+%22Agilent+6495%22+OR+%22Ultivo%22%29+AND+%28%222026%2F06%2F03%22%5BDate+-+Publication%5D+%3A+%222026%2F08%2F02%22%5BDate+-+Publication%5D%29,403,https://pubmed.ncbi.nlm.nih.gov/?term=%28%22Agilent+1290%22+OR+%22Agilent+InfinityLab%22+OR+%22Agilent+LC%2FMS%22+OR+%22Agilent+6495%22+OR+%22Ultivo%22%29+AND+%28%222026%2F06%2F03%22%5BDate+-+Publication%5D+%3A+%222026%2F08%2F02%22%5BDate+-+Publication%5D%29,Blocked,,,data/intelligence.json; data/pubmed_query_observations.json,2026-08-02T20:05:34+00:00
pubmed.ncbi.nlm.nih.gov/,https://pubmed.ncbi.nlm.nih.gov/?term=%28%22Agilent+1290%22+OR+%22Agilent+InfinityLab%22+OR+%22Agilent+LC%2FMS%22+OR+%22Agilent+6495%22+OR+%22Ultivo%22%29+AND+%28%222026%2F06%2F30%22%5BDate+-+Publication%5D+%3A+%222026%2F07%2F30%22%5BDate+-+Publication%5D%29,403,https://pubmed.ncbi.nlm.nih.gov/?term=%28%22Agilent+1290%22+OR+%22Agilent+InfinityLab%22+OR+%22Agilent+LC%2FMS%22+OR+%22Agilent+6495%22+OR+%22Ultivo%22%29+AND+%28%222026%2F06%2F30%22%5BDate+-+Publication%5D+%3A+%222026%2F07%2F30%22%5BDate+-+Publication%5D%29,Blocked,,,data/pubmed_query_observations.json,2026-08-02T20:05:34+00:00
pubmed.ncbi.nlm.nih.gov/,https://pubmed.ncbi.nlm.nih.gov/?term=%28%22Agilent+1290%22+OR+%22Agilent+InfinityLab%22+OR+%22Agilent+LC%2FMS%22+OR+%22Agilent+6495%22+OR+%22Ultivo%22%29+AND+%28%222026%2F07%2F01%22%5BDate+-+Publication%5D+%3A+%222026%2F07%2F31%22%5BDate+-+Publication%5D%29,403,https://pubmed.ncbi.nlm.nih.gov/?term=%28%22Agilent+1290%22+OR+%22Agilent+InfinityLab%22+OR+%22Agilent+LC%2FMS%22+OR+%22Agilent+6495%22+OR+%22Ultivo%22%29+AND+%28%222026%2F07%2F01%22%5BDate+-+Publication%5D+%3A+%222026%2F07%2F31%22%5BDate+-+Publication%5D%29,Blocked,,,data/pubmed_query_observations.json,2026-08-02T20:05:34+00:00
pubmed.ncbi.nlm.nih.gov/,https://pubmed.ncbi.nlm.nih.gov/?term=%28%22Agilent+1290%22+OR+%22Agilent+InfinityLab%22+OR+%22Agilent+LC%2FMS%22+OR+%22Agilent+6495%22+OR+%22Ultivo%22%29+AND+%28%222026%2F07%2F02%22%5BDate+-+Publication%5D+%3A+%222026%2F08%2F01%22%5BDate+-+Publication%5D%29,403,https://pubmed.ncbi.nlm.nih.gov/?term=%28%22Agilent+1290%22+OR+%22Agilent+InfinityLab%22+OR+%22Agilent+LC%2FMS%22+OR+%22Agilent+6495%22+OR+%22Ultivo%22%29+AND+%28%222026%2F07%2F02%22%5BDate+-+Publication%5D+%3A+%222026%2F08%2F01%22%5BDate+-+Publication%5D%29,Blocked,,,data/pubmed_query_observations.json,2026-08-02T20:05:34+00:00
pubmed.ncbi.nlm.nih.gov/,https://pubmed.ncbi.nlm.nih.gov/?term=%28%22Agilent+1290%22+OR+%22Agilent+InfinityLab%22+OR+%22Agilent+LC%2FMS%22+OR+%22Agilent+6495%22+OR+%22Ultivo%22%29+AND+%28%222026%2F07%2F03%22%5BDate+-+Publication%5D+%3A+%222026%2F08%2F02%22%5BDate+-+Publication%5D%29,403,https://pubmed.ncbi.nlm.nih.gov/?term=%28%22Agilent+1290%22+OR+%22Agilent+InfinityLab%22+OR+%22Agilent+LC%2FMS%22+OR+%22Agilent+6495%22+OR+%22Ultivo%22%29+AND+%28%222026%2F07%2F03%22%5BDate+-+Publication%5D+%3A+%222026%2F08%2F02%22%5BDate+-+Publication%5D%29,Blocked,,,data/intelligence.json; data/pubmed_query_observations.json,2026-08-02T20:05:34+00:00
pubmed.ncbi.nlm.nih.gov/,https://pubmed.ncbi.nlm.nih.gov/?term=%28%22Orbitrap%22+OR+%22Vanquish%22+OR+%22Q+Exactive%22+OR+%22TSQ+Altis%22+OR+%22Thermo+Fisher+Scientific%22%29+AND+%28%222021%2F07%2F31%22%5BDate+-+Publication%5D+%3A+%222026%2F07%2F30%22%5BDate+-+Publication%5D%29,403,https://pubmed.ncbi.nlm.nih.gov/?term=%28%22Orbitrap%22+OR+%22Vanquish%22+OR+%22Q+Exactive%22+OR+%22TSQ+Altis%22+OR+%22Thermo+Fisher+Scientific%22%29+AND+%28%222021%2F07%2F31%22%5BDate+-+Publication%5D+%3A+%222026%2F07%2F30%22%5BDate+-+Publication%5D%29,Blocked,,,data/pubmed_query_observations.json,2026-08-02T20:05:34+00:00
pubmed.ncbi.nlm.nih.gov/,https://pubmed.ncbi.nlm.nih.gov/?term=%28%22Orbitrap%22+OR+%22Vanquish%22+OR+%22Q+Exactive%22+OR+%22TSQ+Altis%22+OR+%22Thermo+Fisher+Scientific%22%29+AND+%28%222021%2F08%2F01%22%5BDate+-+Publication%5D+%3A+%222026%2F07%2F31%22%5BDate+-+Publication%5D%29,403,https://pubmed.ncbi.nlm.nih.gov/?term=%28%22Orbitrap%22+OR+%22Vanquish%22+OR+%22Q+Exactive%22+OR+%22TSQ+Altis%22+OR+%22Thermo+Fisher+Scientific%22%29+AND+%28%222021%2F08%2F01%22%5BDate+-+Publication%5D+%3A+%222026%2F07%2F31%22%5BDate+-+Publication%5D%29,Blocked,,,data/pubmed_query_observations.json,2026-08-02T20:05:34+00:00
pubmed.ncbi.nlm.nih.gov/,https://pubmed.ncbi.nlm.nih.gov/?term=%28%22Orbitrap%22+OR+%22Vanquish%22+OR+%22Q+Exactive%22+OR+%22TSQ+Altis%22+OR+%22Thermo+Fisher+Scientific%22%29+AND+%28%222021%2F08%2F02%22%5BDate+-+Publication%5D+%3A+%222026%2F08%2F01%22%5BDate+-+Publication%5D%29,403,https://pubmed.ncbi.nlm.nih.gov/?term=%28%22Orbitrap%22+OR+%22Vanquish%22+OR+%22Q+Exactive%22+OR+%22TSQ+Altis%22+OR+%22Thermo+Fisher+Scientific%22%29+AND+%28%222021%2F08%2F02%22%5BDate+-+Publication%5D+%3A+%222026%2F08%2F01%22%5BDate+-+Publication%5D%29,Blocked,,,data/pubmed_query_observations.json,2026-08-02T20:05:34+00:00
pubmed.ncbi.nlm.nih.gov/,https://pubmed.ncbi.nlm.nih.gov/?term=%28%22Orbitrap%22+OR+%22Vanquish%22+OR+%22Q+Exactive%22+OR+%22TSQ+Altis%22+OR+%22Thermo+Fisher+Scientific%22%29+AND+%28%222021%2F08%2F03%22%5BDate+-+Publication%5D+%3A+%222026%2F08%2F02%22%5BDate+-+Publication%5D%29,403,https://pubmed.ncbi.nlm.nih.gov/?term=%28%22Orbitrap%22+OR+%22Vanquish%22+OR+%22Q+Exactive%22+OR+%22TSQ+Altis%22+OR+%22Thermo+Fisher+Scientific%22%29+AND+%28%222021%2F08%2F03%22%5BDate+-+Publication%5D+%3A+%222026%2F08%2F02%22%5BDate+-+Publication%5D%29,Blocked,,,data/intelligence.json; data/pubmed_query_observations.json,2026-08-02T20:05:34+00:00
pubmed.ncbi.nlm.nih.gov/,https://pubmed.ncbi.nlm.nih.gov/?term=%28%22Orbitrap%22+OR+%22Vanquish%22+OR+%22Q+Exactive%22+OR+%22TSQ+Altis%22+OR+%22Thermo+Fisher+Scientific%22%29+AND+%28%222023%2F07%2F31%22%5BDate+-+Publication%5D+%3A+%222026%2F07%2F30%22%5BDate+-+Publication%5D%29,403,https://pubmed.ncbi.nlm.nih.gov/?term=%28%22Orbitrap%22+OR+%22Vanquish%22+OR+%22Q+Exactive%22+OR+%22TSQ+Altis%22+OR+%22Thermo+Fisher+Scientific%22%29+AND+%28%222023%2F07%2F31%22%5BDate+-+Publication%5D+%3A+%222026%2F07%2F30%22%5BDate+-+Publication%5D%29,Blocked,,,data/pubmed_query_observations.json,2026-08-02T20:05:34+00:00
pubmed.ncbi.nlm.nih.gov/,https://pubmed.ncbi.nlm.nih.gov/?term=%28%22Orbitrap%22+OR+%22Vanquish%22+OR+%22Q+Exactive%22+OR+%22TSQ+Altis%22+OR+%22Thermo+Fisher+Scientific%22%29+AND+%28%222023%2F08%2F01%22%5BDate+-+Publication%5D+%3A+%222026%2F07%2F31%22%5BDate+-+Publication%5D%29,403,https://pubmed.ncbi.nlm.nih.gov/?term=%28%22Orbitrap%22+OR+%22Vanquish%22+OR+%22Q+Exactive%22+OR+%22TSQ+Altis%22+OR+%22Thermo+Fisher+Scientific%22%29+AND+%28%222023%2F08%2F01%22%5BDate+-+Publication%5D+%3A+%222026%2F07%2F31%22%5BDate+-+Publication%5D%29,Blocked,,,data/pubmed_query_observations.json,2026-08-02T20:05:34+00:00
pubmed.ncbi.nlm.nih.gov/,https://pubmed.ncbi.nlm.nih.gov/?term=%28%22Orbitrap%22+OR+%22Vanquish%22+OR+%22Q+Exactive%22+OR+%22TSQ+Altis%22+OR+%22Thermo+Fisher+Scientific%22%29+AND+%28%222023%2F08%2F02%22%5BDate+-+Publication%5D+%3A+%222026%2F08%2F01%22%5BDate+-+Publication%5D%29,403,https://pubmed.ncbi.nlm.nih.gov/?term=%28%22Orbitrap%22+OR+%22Vanquish%22+OR+%22Q+Exactive%22+OR+%22TSQ+Altis%22+OR+%22Thermo+Fisher+Scientific%22%29+AND+%28%222023%2F08%2F02%22%5BDate+-+Publication%5D+%3A+%222026%2F08%2F01%22%5BDate+-+Publication%5D%29,Blocked,,,data/pubmed_query_observations.json,2026-08-02T20:05:35+00:00
pubmed.ncbi.nlm.nih.gov/,https://pubmed.ncbi.nlm.nih.gov/?term=%28%22Orbitrap%22+OR+%22Vanquish%22+OR+%22Q+Exactive%22+OR+%22TSQ+Altis%22+OR+%22Thermo+Fisher+Scientific%22%29+AND+%28%222023%2F08%2F03%22%5BDate+-+Publication%5D+%3A+%222026%2F08%2F02%22%5BDate+-+Publication%5D%29,403,https://pubmed.ncbi.nlm.nih.gov/?term=%28%22Orbitrap%22+OR+%22Vanquish%22+OR+%22Q+Exactive%22+OR+%22TSQ+Altis%22+OR+%22Thermo+Fisher+Scientific%22%29+AND+%28%222023%2F08%2F03%22%5BDate+-+Publication%5D+%3A+%222026%2F08%2F02%22%5BDate+-+Publication%5D%29,Blocked,,,data/intelligence.json; data/pubmed_query_observations.json,2026-08-02T20:05:35+00:00
pubmed.ncbi.nlm.nih.gov/,https://pubmed.ncbi.nlm.nih.gov/?term=%28%22Orbitrap%22+OR+%22Vanquish%22+OR+%22Q+Exactive%22+OR+%22TSQ+Altis%22+OR+%22Thermo+Fisher+Scientific%22%29+AND+%28%222025%2F07%2F30%22%5BDate+-+Publication%5D+%3A+%222026%2F07%2F30%22%5BDate+-+Publication%5D%29,403,https://pubmed.ncbi.nlm.nih.gov/?term=%28%22Orbitrap%22+OR+%22Vanquish%22+OR+%22Q+Exactive%22+OR+%22TSQ+Altis%22+OR+%22Thermo+Fisher+Scientific%22%29+AND+%28%222025%2F07%2F30%22%5BDate+-+Publication%5D+%3A+%222026%2F07%2F30%22%5BDate+-+Publication%5D%29,Blocked,,,data/pubmed_query_observations.json,2026-08-02T20:05:35+00:00
pubmed.ncbi.nlm.nih.gov/,https://pubmed.ncbi.nlm.nih.gov/?term=%28%22Orbitrap%22+OR+%22Vanquish%22+OR+%22Q+Exactive%22+OR+%22TSQ+Altis%22+OR+%22Thermo+Fisher+Scientific%22%29+AND+%28%222025%2F07%2F31%22%5BDate+-+Publication%5D+%3A+%222026%2F07%2F31%22%5BDate+-+Publication%5D%29,403,https://pubmed.ncbi.nlm.nih.gov/?term=%28%22Orbitrap%22+OR+%22Vanquish%22+OR+%22Q+Exactive%22+OR+%22TSQ+Altis%22+OR+%22Thermo+Fisher+Scientific%22%29+AND+%28%222025%2F07%2F31%22%5BDate+-+Publication%5D+%3A+%222026%2F07%2F31%22%5BDate+-+Publication%5D%29,Blocked,,,data/pubmed_query_observations.json,2026-08-02T20:05:35+00:00
pubmed.ncbi.nlm.nih.gov/,https://pubmed.ncbi.nlm.nih.gov/?term=%28%22Orbitrap%22+OR+%22Vanquish%22+OR+%22Q+Exactive%22+OR+%22TSQ+Altis%22+OR+%22Thermo+Fisher+Scientific%22%29+AND+%28%222025%2F08%2F01%22%5BDate+-+Publication%5D+%3A+%222026%2F08%2F01%22%5BDate+-+Publication%5D%29,403,https://pubmed.ncbi.nlm.nih.gov/?term=%28%22Orbitrap%22+OR+%22Vanquish%22+OR+%22Q+Exactive%22+OR+%22TSQ+Altis%22+OR+%22Thermo+Fisher+Scientific%22%29+AND+%28%222025%2F08%2F01%22%5BDate+-+Publication%5D+%3A+%222026%2F08%2F01%22%5BDate+-+Publication%5D%29,Blocked,,,data/pubmed_query_observations.json,2026-08-02T20:05:35+00:00
pubmed.ncbi.nlm.nih.gov/,https://pubmed.ncbi.nlm.nih.gov/?term=%28%22Orbitrap%22+OR+%22Vanquish%22+OR+%22Q+Exactive%22+OR+%22TSQ+Altis%22+OR+%22Thermo+Fisher+Scientific%22%29+AND+%28%222025%2F08%2F02%22%5BDate+-+Publication%5D+%3A+%222026%2F08%2F02%22%5BDate+-+Publication%5D%29,403,https://pubmed.ncbi.nlm.nih.gov/?term=%28%22Orbitrap%22+OR+%22Vanquish%22+OR+%22Q+Exactive%22+OR+%22TSQ+Altis%22+OR+%22Thermo+Fisher+Scientific%22%29+AND+%28%222025%2F08%2F02%22%5BDate+-+Publication%5D+%3A+%222026%2F08%2F02%22%5BDate+-+Publication%5D%29,Blocked,,,data/intelligence.json; data/pubmed_query_observations.json,2026-08-02T20:05:35+00:00
pubmed.ncbi.nlm.nih.gov/,https://pubmed.ncbi.nlm.nih.gov/?term=%28%22Orbitrap%22+OR+%22Vanquish%22+OR+%22Q+Exactive%22+OR+%22TSQ+Altis%22+OR+%22Thermo+Fisher+Scientific%22%29+AND+%28%222026%2F05%2F01%22%5BDate+-+Publication%5D+%3A+%222026%2F07%2F30%22%5BDate+-+Publication%5D%29,403,https://pubmed.ncbi.nlm.nih.gov/?term=%28%22Orbitrap%22+OR+%22Vanquish%22+OR+%22Q+Exactive%22+OR+%22TSQ+Altis%22+OR+%22Thermo+Fisher+Scientific%22%29+AND+%28%222026%2F05%2F01%22%5BDate+-+Publication%5D+%3A+%222026%2F07%2F30%22%5BDate+-+Publication%5D%29,Blocked,,,data/pubmed_query_observations.json,2026-08-02T20:05:35+00:00
pubmed.ncbi.nlm.nih.gov/,https://pubmed.ncbi.nlm.nih.gov/?term=%28%22Orbitrap%22+OR+%22Vanquish%22+OR+%22Q+Exactive%22+OR+%22TSQ+Altis%22+OR+%22Thermo+Fisher+Scientific%22%29+AND+%28%222026%2F05%2F02%22%5BDate+-+Publication%5D+%3A+%222026%2F07%2F31%22%5BDate+-+Publication%5D%29,403,https://pubmed.ncbi.nlm.nih.gov/?term=%28%22Orbitrap%22+OR+%22Vanquish%22+OR+%22Q+Exactive%22+OR+%22TSQ+Altis%22+OR+%22Thermo+Fisher+Scientific%22%29+AND+%28%222026%2F05%2F02%22%5BDate+-+Publication%5D+%3A+%222026%2F07%2F31%22%5BDate+-+Publication%5D%29,Blocked,,,data/pubmed_query_observations.json,2026-08-02T20:05:35+00:00
pubmed.ncbi.nlm.nih.gov/,https://pubmed.ncbi.nlm.nih.gov/?term=%28%22Orbitrap%22+OR+%22Vanquish%22+OR+%22Q+Exactive%22+OR+%22TSQ+Altis%22+OR+%22Thermo+Fisher+Scientific%22%29+AND+%28%222026%2F05%2F03%22%5BDate+-+Publication%5D+%3A+%222026%2F08%2F01%22%5BDate+-+Publication%5D%29,403,https://pubmed.ncbi.nlm.nih.gov/?term=%28%22Orbitrap%22+OR+%22Vanquish%22+OR+%22Q+Exactive%22+OR+%22TSQ+Altis%22+OR+%22Thermo+Fisher+Scientific%22%29+AND+%28%222026%2F05%2F03%22%5BDate+-+Publication%5D+%3A+%222026%2F08%2F01%22%5BDate+-+Publication%5D%29,Blocked,,,data/pubmed_query_observations.json,2026-08-02T20:05:35+00:00
pubmed.ncbi.nlm.nih.gov/,https://pubmed.ncbi.nlm.nih.gov/?term=%28%22Orbitrap%22+OR+%22Vanquish%22+OR+%22Q+Exactive%22+OR+%22TSQ+Altis%22+OR+%22Thermo+Fisher+Scientific%22%29+AND+%28%222026%2F05%2F04%22%5BDate+-+Publication%5D+%3A+%222026%2F08%2F02%22%5BDate+-+Publication%5D%29,403,https://pubmed.ncbi.nlm.nih.gov/?term=%28%22Orbitrap%22+OR+%22Vanquish%22+OR+%22Q+Exactive%22+OR+%22TSQ+Altis%22+OR+%22Thermo+Fisher+Scientific%22%29+AND+%28%222026%2F05%2F04%22%5BDate+-+Publication%5D+%3A+%222026%2F08%2F02%22%5BDate+-+Publication%5D%29,Blocked,,,data/intelligence.json; data/pubmed_query_observations.json,2026-08-02T20:05:35+00:00
pubmed.ncbi.nlm.nih.gov/,https://pubmed.ncbi.nlm.nih.gov/?term=%28%22Orbitrap%22+OR+%22Vanquish%22+OR+%22Q+Exactive%22+OR+%22TSQ+Altis%22+OR+%22Thermo+Fisher+Scientific%22%29+AND+%28%222026%2F05%2F31%22%5BDate+-+Publication%5D+%3A+%222026%2F07%2F30%22%5BDate+-+Publication%5D%29,403,https://pubmed.ncbi.nlm.nih.gov/?term=%28%22Orbitrap%22+OR+%22Vanquish%22+OR+%22Q+Exactive%22+OR+%22TSQ+Altis%22+OR+%22Thermo+Fisher+Scientific%22%29+AND+%28%222026%2F05%2F31%22%5BDate+-+Publication%5D+%3A+%222026%2F07%2F30%22%5BDate+-+Publication%5D%29,Blocked,,,data/pubmed_query_observations.json,2026-08-02T20:05:35+00:00
pubmed.ncbi.nlm.nih.gov/,https://pubmed.ncbi.nlm.nih.gov/?term=%28%22Orbitrap%22+OR+%22Vanquish%22+OR+%22Q+Exactive%22+OR+%22TSQ+Altis%22+OR+%22Thermo+Fisher+Scientific%22%29+AND+%28%222026%2F06%2F01%22%5BDate+-+Publication%5D+%3A+%222026%2F07%2F31%22%5BDate+-+Publication%5D%29,403,https://pubmed.ncbi.nlm.nih.gov/?term=%28%22Orbitrap%22+OR+%22Vanquish%22+OR+%22Q+Exactive%22+OR+%22TSQ+Altis%22+OR+%22Thermo+Fisher+Scientific%22%29+AND+%28%222026%2F06%2F01%22%5BDate+-+Publication%5D+%3A+%222026%2F07%2F31%22%5BDate+-+Publication%5D%29,Blocked,,,data/pubmed_query_observations.json,2026-08-02T20:05:35+00:00
pubmed.ncbi.nlm.nih.gov/,https://pubmed.ncbi.nlm.nih.gov/?term=%28%22Orbitrap%22+OR+%22Vanquish%22+OR+%22Q+Exactive%22+OR+%22TSQ+Altis%22+OR+%22Thermo+Fisher+Scientific%22%29+AND+%28%222026%2F06%2F02%22%5BDate+-+Publication%5D+%3A+%222026%2F08%2F01%22%5BDate+-+Publication%5D%29,403,https://pubmed.ncbi.nlm.nih.gov/?term=%28%22Orbitrap%22+OR+%22Vanquish%22+OR+%22Q+Exactive%22+OR+%22TSQ+Altis%22+OR+%22Thermo+Fisher+Scientific%22%29+AND+%28%222026%2F06%2F02%22%5BDate+-+Publication%5D+%3A+%222026%2F08%2F01%22%5BDate+-+Publication%5D%29,Blocked,,,data/pubmed_query_observations.json,2026-08-02T20:05:35+00:00
pubmed.ncbi.nlm.nih.gov/,https://pubmed.ncbi.nlm.nih.gov/?term=%28%22Orbitrap%22+OR+%22Vanquish%22+OR+%22Q+Exactive%22+OR+%22TSQ+Altis%22+OR+%22Thermo+Fisher+Scientific%22%29+AND+%28%222026%2F06%2F03%22%5BDate+-+Publication%5D+%3A+%222026%2F08%2F02%22%5BDate+-+Publication%5D%29,403,https://pubmed.ncbi.nlm.nih.gov/?term=%28%22Orbitrap%22+OR+%22Vanquish%22+OR+%22Q+Exactive%22+OR+%22TSQ+Altis%22+OR+%22Thermo+Fisher+Scientific%22%29+AND+%28%222026%2F06%2F03%22%5BDate+-+Publication%5D+%3A+%222026%2F08%2F02%22%5BDate+-+Publication%5D%29,Blocked,,,data/intelligence.json; data/pubmed_query_observations.json,2026-08-02T20:05:35+00:00
pubmed.ncbi.nlm.nih.gov/,https://pubmed.ncbi.nlm.nih.gov/?term=%28%22Orbitrap%22+OR+%22Vanquish%22+OR+%22Q+Exactive%22+OR+%22TSQ+Altis%22+OR+%22Thermo+Fisher+Scientific%22%29+AND+%28%222026%2F06%2F30%22%5BDate+-+Publication%5D+%3A+%222026%2F07%2F30%22%5BDate+-+Publication%5D%29,403,https://pubmed.ncbi.nlm.nih.gov/?term=%28%22Orbitrap%22+OR+%22Vanquish%22+OR+%22Q+Exactive%22+OR+%22TSQ+Altis%22+OR+%22Thermo+Fisher+Scientific%22%29+AND+%28%222026%2F06%2F30%22%5BDate+-+Publication%5D+%3A+%222026%2F07%2F30%22%5BDate+-+Publication%5D%29,Blocked,,,data/pubmed_query_observations.json,2026-08-02T20:05:35+00:00
pubmed.ncbi.nlm.nih.gov/,https://pubmed.ncbi.nlm.nih.gov/?term=%28%22Orbitrap%22+OR+%22Vanquish%22+OR+%22Q+Exactive%22+OR+%22TSQ+Altis%22+OR+%22Thermo+Fisher+Scientific%22%29+AND+%28%222026%2F07%2F01%22%5BDate+-+Publication%5D+%3A+%222026%2F07%2F31%22%5BDate+-+Publication%5D%29,403,https://pubmed.ncbi.nlm.nih.gov/?term=%28%22Orbitrap%22+OR+%22Vanquish%22+OR+%22Q+Exactive%22+OR+%22TSQ+Altis%22+OR+%22Thermo+Fisher+Scientific%22%29+AND+%28%222026%2F07%2F01%22%5BDate+-+Publication%5D+%3A+%222026%2F07%2F31%22%5BDate+-+Publication%5D%29,Blocked,,,data/pubmed_query_observations.json,2026-08-02T20:05:35+00:00
pubmed.ncbi.nlm.nih.gov/,https://pubmed.ncbi.nlm.nih.gov/?term=%28%22Orbitrap%22+OR+%22Vanquish%22+OR+%22Q+Exactive%22+OR+%22TSQ+Altis%22+OR+%22Thermo+Fisher+Scientific%22%29+AND+%28%222026%2F07%2F02%22%5BDate+-+Publication%5D+%3A+%222026%2F08%2F01%22%5BDate+-+Publication%5D%29,403,https://pubmed.ncbi.nlm.nih.gov/?term=%28%22Orbitrap%22+OR+%22Vanquish%22+OR+%22Q+Exactive%22+OR+%22TSQ+Altis%22+OR+%22Thermo+Fisher+Scientific%22%29+AND+%28%222026%2F07%2F02%22%5BDate+-+Publication%5D+%3A+%222026%2F08%2F01%22%5BDate+-+Publication%5D%29,Blocked,,,data/pubmed_query_observations.json,2026-08-02T20:05:35+00:00
pubmed.ncbi.nlm.nih.gov/,https://pubmed.ncbi.nlm.nih.gov/?term=%28%22Orbitrap%22+OR+%22Vanquish%22+OR+%22Q+Exactive%22+OR+%22TSQ+Altis%22+OR+%22Thermo+Fisher+Scientific%22%29+AND+%28%222026%2F07%2F03%22%5BDate+-+Publication%5D+%3A+%222026%2F08%2F02%22%5BDate+-+Publication%5D%29,403,https://pubmed.ncbi.nlm.nih.gov/?term=%28%22Orbitrap%22+OR+%22Vanquish%22+OR+%22Q+Exactive%22+OR+%22TSQ+Altis%22+OR+%22Thermo+Fisher+Scientific%22%29+AND+%28%222026%2F07%2F03%22%5BDate+-+Publication%5D+%3A+%222026%2F08%2F02%22%5BDate+-+Publication%5D%29,Blocked,,,data/intelligence.json; data/pubmed_query_observations.json,2026-08-02T20:05:36+00:00
pubmed.ncbi.nlm.nih.gov/,https://pubmed.ncbi.nlm.nih.gov/?term=%28%22PerkinElmer+QSight%22+OR+%22PerkinElmer+LC%22+OR+%22PerkinElmer+chromatography%22%29+AND+%28%222021%2F07%2F31%22%5BDate+-+Publication%5D+%3A+%222026%2F07%2F30%22%5BDate+-+Publication%5D%29,403,https://pubmed.ncbi.nlm.nih.gov/?term=%28%22PerkinElmer+QSight%22+OR+%22PerkinElmer+LC%22+OR+%22PerkinElmer+chromatography%22%29+AND+%28%222021%2F07%2F31%22%5BDate+-+Publication%5D+%3A+%222026%2F07%2F30%22%5BDate+-+Publication%5D%29,Blocked,,,data/pubmed_query_observations.json,2026-08-02T20:05:36+00:00
pubmed.ncbi.nlm.nih.gov/,https://pubmed.ncbi.nlm.nih.gov/?term=%28%22PerkinElmer+QSight%22+OR+%22PerkinElmer+LC%22+OR+%22PerkinElmer+chromatography%22%29+AND+%28%222021%2F08%2F01%22%5BDate+-+Publication%5D+%3A+%222026%2F07%2F31%22%5BDate+-+Publication%5D%29,403,https://pubmed.ncbi.nlm.nih.gov/?term=%28%22PerkinElmer+QSight%22+OR+%22PerkinElmer+LC%22+OR+%22PerkinElmer+chromatography%22%29+AND+%28%222021%2F08%2F01%22%5BDate+-+Publication%5D+%3A+%222026%2F07%2F31%22%5BDate+-+Publication%5D%29,Blocked,,,data/pubmed_query_observations.json,2026-08-02T20:05:36+00:00
pubmed.ncbi.nlm.nih.gov/,https://pubmed.ncbi.nlm.nih.gov/?term=%28%22PerkinElmer+QSight%22+OR+%22PerkinElmer+LC%22+OR+%22PerkinElmer+chromatography%22%29+AND+%28%222021%2F08%2F02%22%5BDate+-+Publication%5D+%3A+%222026%2F08%2F01%22%5BDate+-+Publication%5D%29,403,https://pubmed.ncbi.nlm.nih.gov/?term=%28%22PerkinElmer+QSight%22+OR+%22PerkinElmer+LC%22+OR+%22PerkinElmer+chromatography%22%29+AND+%28%222021%2F08%2F02%22%5BDate+-+Publication%5D+%3A+%222026%2F08%2F01%22%5BDate+-+Publication%5D%29,Blocked,,,data/pubmed_query_observations.json,2026-08-02T20:05:36+00:00
pubmed.ncbi.nlm.nih.gov/,https://pubmed.ncbi.nlm.nih.gov/?term=%28%22PerkinElmer+QSight%22+OR+%22PerkinElmer+LC%22+OR+%22PerkinElmer+chromatography%22%29+AND+%28%222021%2F08%2F03%22%5BDate+-+Publication%5D+%3A+%222026%2F08%2F02%22%5BDate+-+Publication%5D%29,403,https://pubmed.ncbi.nlm.nih.gov/?term=%28%22PerkinElmer+QSight%22+OR+%22PerkinElmer+LC%22+OR+%22PerkinElmer+chromatography%22%29+AND+%28%222021%2F08%2F03%22%5BDate+-+Publication%5D+%3A+%222026%2F08%2F02%22%5BDate+-+Publication%5D%29,Blocked,,,data/intelligence.json; data/pubmed_query_observations.json,2026-08-02T20:05:36+00:00
pubmed.ncbi.nlm.nih.gov/,https://pubmed.ncbi.nlm.nih.gov/?term=%28%22PerkinElmer+QSight%22+OR+%22PerkinElmer+LC%22+OR+%22PerkinElmer+chromatography%22%29+AND+%28%222023%2F07%2F31%22%5BDate+-+Publication%5D+%3A+%222026%2F07%2F30%22%5BDate+-+Publication%5D%29,403,https://pubmed.ncbi.nlm.nih.gov/?term=%28%22PerkinElmer+QSight%22+OR+%22PerkinElmer+LC%22+OR+%22PerkinElmer+chromatography%22%29+AND+%28%222023%2F07%2F31%22%5BDate+-+Publication%5D+%3A+%222026%2F07%2F30%22%5BDate+-+Publication%5D%29,Blocked,,,data/pubmed_query_observations.json,2026-08-02T20:05:36+00:00
pubmed.ncbi.nlm.nih.gov/,https://pubmed.ncbi.nlm.nih.gov/?term=%28%22PerkinElmer+QSight%22+OR+%22PerkinElmer+LC%22+OR+%22PerkinElmer+chromatography%22%29+AND+%28%222023%2F08%2F01%22%5BDate+-+Publication%5D+%3A+%222026%2F07%2F31%22%5BDate+-+Publication%5D%29,403,https://pubmed.ncbi.nlm.nih.gov/?term=%28%22PerkinElmer+QSight%22+OR+%22PerkinElmer+LC%22+OR+%22PerkinElmer+chromatography%22%29+AND+%28%222023%2F08%2F01%22%5BDate+-+Publication%5D+%3A+%222026%2F07%2F31%22%5BDate+-+Publication%5D%29,Blocked,,,data/pubmed_query_observations.json,2026-08-02T20:05:36+00:00
pubmed.ncbi.nlm.nih.gov/,https://pubmed.ncbi.nlm.nih.gov/?term=%28%22PerkinElmer+QSight%22+OR+%22PerkinElmer+LC%22+OR+%22PerkinElmer+chromatography%22%29+AND+%28%222023%2F08%2F02%22%5BDate+-+Publication%5D+%3A+%222026%2F08%2F01%22%5BDate+-+Publication%5D%29,403,https://pubmed.ncbi.nlm.nih.gov/?term=%28%22PerkinElmer+QSight%22+OR+%22PerkinElmer+LC%22+OR+%22PerkinElmer+chromatography%22%29+AND+%28%222023%2F08%2F02%22%5BDate+-+Publication%5D+%3A+%222026%2F08%2F01%22%5BDate+-+Publication%5D%29,Blocked,,,data/pubmed_query_observations.json,2026-08-02T20:05:36+00:00
pubmed.ncbi.nlm.nih.gov/,https://pubmed.ncbi.nlm.nih.gov/?term=%28%22PerkinElmer+QSight%22+OR+%22PerkinElmer+LC%22+OR+%22PerkinElmer+chromatography%22%29+AND+%28%222023%2F08%2F03%22%5BDate+-+Publication%5D+%3A+%222026%2F08%2F02%22%5BDate+-+Publication%5D%29,403,https://pubmed.ncbi.nlm.nih.gov/?term=%28%22PerkinElmer+QSight%22+OR+%22PerkinElmer+LC%22+OR+%22PerkinElmer+chromatography%22%29+AND+%28%222023%2F08%2F03%22%5BDate+-+Publication%5D+%3A+%222026%2F08%2F02%22%5BDate+-+Publication%5D%29,Blocked,,,data/intelligence.json; data/pubmed_query_observations.json,2026-08-02T20:05:36+00:00
pubmed.ncbi.nlm.nih.gov/,https://pubmed.ncbi.nlm.nih.gov/?term=%28%22PerkinElmer+QSight%22+OR+%22PerkinElmer+LC%22+OR+%22PerkinElmer+chromatography%22%29+AND+%28%222025%2F07%2F30%22%5BDate+-+Publication%5D+%3A+%222026%2F07%2F30%22%5BDate+-+Publication%5D%29,403,https://pubmed.ncbi.nlm.nih.gov/?term=%28%22PerkinElmer+QSight%22+OR+%22PerkinElmer+LC%22+OR+%22PerkinElmer+chromatography%22%29+AND+%28%222025%2F07%2F30%22%5BDate+-+Publication%5D+%3A+%222026%2F07%2F30%22%5BDate+-+Publication%5D%29,Blocked,,,data/pubmed_query_observations.json,2026-08-02T20:05:36+00:00
pubmed.ncbi.nlm.nih.gov/,https://pubmed.ncbi.nlm.nih.gov/?term=%28%22PerkinElmer+QSight%22+OR+%22PerkinElmer+LC%22+OR+%22PerkinElmer+chromatography%22%29+AND+%28%222025%2F07%2F31%22%5BDate+-+Publication%5D+%3A+%222026%2F07%2F31%22%5BDate+-+Publication%5D%29,403,https://pubmed.ncbi.nlm.nih.gov/?term=%28%22PerkinElmer+QSight%22+OR+%22PerkinElmer+LC%22+OR+%22PerkinElmer+chromatography%22%29+AND+%28%222025%2F07%2F31%22%5BDate+-+Publication%5D+%3A+%222026%2F07%2F31%22%5BDate+-+Publication%5D%29,Blocked,,,data/pubmed_query_observations.json,2026-08-02T20:05:36+00:00
pubmed.ncbi.nlm.nih.gov/,https://pubmed.ncbi.nlm.nih.gov/?term=%28%22PerkinElmer+QSight%22+OR+%22PerkinElmer+LC%22+OR+%22PerkinElmer+chromatography%22%29+AND+%28%222025%2F08%2F01%22%5BDate+-+Publication%5D+%3A+%222026%2F08%2F01%22%5BDate+-+Publication%5D%29,403,https://pubmed.ncbi.nlm.nih.gov/?term=%28%22PerkinElmer+QSight%22+OR+%22PerkinElmer+LC%22+OR+%22PerkinElmer+chromatography%22%29+AND+%28%222025%2F08%2F01%22%5BDate+-+Publication%5D+%3A+%222026%2F08%2F01%22%5BDate+-+Publication%5D%29,Blocked,,,data/pubmed_query_observations.json,2026-08-02T20:05:36+00:00
pubmed.ncbi.nlm.nih.gov/,https://pubmed.ncbi.nlm.nih.gov/?term=%28%22PerkinElmer+QSight%22+OR+%22PerkinElmer+LC%22+OR+%22PerkinElmer+chromatography%22%29+AND+%28%222025%2F08%2F02%22%5BDate+-+Publication%5D+%3A+%222026%2F08%2F02%22%5BDate+-+Publication%5D%29,403,https://pubmed.ncbi.nlm.nih.gov/?term=%28%22PerkinElmer+QSight%22+OR+%22PerkinElmer+LC%22+OR+%22PerkinElmer+chromatography%22%29+AND+%28%222025%2F08%2F02%22%5BDate+-+Publication%5D+%3A+%222026%2F08%2F02%22%5BDate+-+Publication%5D%29,Blocked,,,data/intelligence.json; data/pubmed_query_observations.json,2026-08-02T20:05:36+00:00
pubmed.ncbi.nlm.nih.gov/,https://pubmed.ncbi.nlm.nih.gov/?term=%28%22PerkinElmer+QSight%22+OR+%22PerkinElmer+LC%22+OR+%22PerkinElmer+chromatography%22%29+AND+%28%222026%2F05%2F01%22%5BDate+-+Publication%5D+%3A+%222026%2F07%2F30%22%5BDate+-+Publication%5D%29,403,https://pubmed.ncbi.nlm.nih.gov/?term=%28%22PerkinElmer+QSight%22+OR+%22PerkinElmer+LC%22+OR+%22PerkinElmer+chromatography%22%29+AND+%28%222026%2F05%2F01%22%5BDate+-+Publication%5D+%3A+%222026%2F07%2F30%22%5BDate+-+Publication%5D%29,Blocked,,,data/pubmed_query_observations.json,2026-08-02T20:05:36+00:00
pubmed.ncbi.nlm.nih.gov/,https://pubmed.ncbi.nlm.nih.gov/?term=%28%22PerkinElmer+QSight%22+OR+%22PerkinElmer+LC%22+OR+%22PerkinElmer+chromatography%22%29+AND+%28%222026%2F05%2F02%22%5BDate+-+Publication%5D+%3A+%222026%2F07%2F31%22%5BDate+-+Publication%5D%29,403,https://pubmed.ncbi.nlm.nih.gov/?term=%28%22PerkinElmer+QSight%22+OR+%22PerkinElmer+LC%22+OR+%22PerkinElmer+chromatography%22%29+AND+%28%222026%2F05%2F02%22%5BDate+-+Publication%5D+%3A+%222026%2F07%2F31%22%5BDate+-+Publication%5D%29,Blocked,,,data/pubmed_query_observations.json,2026-08-02T20:05:36+00:00
pubmed.ncbi.nlm.nih.gov/,https://pubmed.ncbi.nlm.nih.gov/?term=%28%22PerkinElmer+QSight%22+OR+%22PerkinElmer+LC%22+OR+%22PerkinElmer+chromatography%22%29+AND+%28%222026%2F05%2F03%22%5BDate+-+Publication%5D+%3A+%222026%2F08%2F01%22%5BDate+-+Publication%5D%29,403,https://pubmed.ncbi.nlm.nih.gov/?term=%28%22PerkinElmer+QSight%22+OR+%22PerkinElmer+LC%22+OR+%22PerkinElmer+chromatography%22%29+AND+%28%222026%2F05%2F03%22%5BDate+-+Publication%5D+%3A+%222026%2F08%2F01%22%5BDate+-+Publication%5D%29,Blocked,,,data/pubmed_query_observations.json,2026-08-02T20:05:36+00:00
pubmed.ncbi.nlm.nih.gov/,https://pubmed.ncbi.nlm.nih.gov/?term=%28%22PerkinElmer+QSight%22+OR+%22PerkinElmer+LC%22+OR+%22PerkinElmer+chromatography%22%29+AND+%28%222026%2F05%2F04%22%5BDate+-+Publication%5D+%3A+%222026%2F08%2F02%22%5BDate+-+Publication%5D%29,403,https://pubmed.ncbi.nlm.nih.gov/?term=%28%22PerkinElmer+QSight%22+OR+%22PerkinElmer+LC%22+OR+%22PerkinElmer+chromatography%22%29+AND+%28%222026%2F05%2F04%22%5BDate+-+Publication%5D+%3A+%222026%2F08%2F02%22%5BDate+-+Publication%5D%29,Blocked,,,data/intelligence.json; data/pubmed_query_observations.json,2026-08-02T20:05:36+00:00
pubmed.ncbi.nlm.nih.gov/,https://pubmed.ncbi.nlm.nih.gov/?term=%28%22PerkinElmer+QSight%22+OR+%22PerkinElmer+LC%22+OR+%22PerkinElmer+chromatography%22%29+AND+%28%222026%2F05%2F31%22%5BDate+-+Publication%5D+%3A+%222026%2F07%2F30%22%5BDate+-+Publication%5D%29,403,https://pubmed.ncbi.nlm.nih.gov/?term=%28%22PerkinElmer+QSight%22+OR+%22PerkinElmer+LC%22+OR+%22PerkinElmer+chromatography%22%29+AND+%28%222026%2F05%2F31%22%5BDate+-+Publication%5D+%3A+%222026%2F07%2F30%22%5BDate+-+Publication%5D%29,Blocked,,,data/pubmed_query_observations.json,2026-08-02T20:05:36+00:00
pubmed.ncbi.nlm.nih.gov/,https://pubmed.ncbi.nlm.nih.gov/?term=%28%22PerkinElmer+QSight%22+OR+%22PerkinElmer+LC%22+OR+%22PerkinElmer+chromatography%22%29+AND+%28%222026%2F06%2F01%22%5BDate+-+Publication%5D+%3A+%222026%2F07%2F31%22%5BDate+-+Publication%5D%29,403,https://pubmed.ncbi.nlm.nih.gov/?term=%28%22PerkinElmer+QSight%22+OR+%22PerkinElmer+LC%22+OR+%22PerkinElmer+chromatography%22%29+AND+%28%222026%2F06%2F01%22%5BDate+-+Publication%5D+%3A+%222026%2F07%2F31%22%5BDate+-+Publication%5D%29,Blocked,,,data/pubmed_query_observations.json,2026-08-02T20:05:36+00:00
pubmed.ncbi.nlm.nih.gov/,https://pubmed.ncbi.nlm.nih.gov/?term=%28%22PerkinElmer+QSight%22+OR+%22PerkinElmer+LC%22+OR+%22PerkinElmer+chromatography%22%29+AND+%28%222026%2F06%2F02%22%5BDate+-+Publication%5D+%3A+%222026%2F08%2F01%22%5BDate+-+Publication%5D%29,403,https://pubmed.ncbi.nlm.nih.gov/?term=%28%22PerkinElmer+QSight%22+OR+%22PerkinElmer+LC%22+OR+%22PerkinElmer+chromatography%22%29+AND+%28%222026%2F06%2F02%22%5BDate+-+Publication%5D+%3A+%222026%2F08%2F01%22%5BDate+-+Publication%5D%29,Blocked,,,data/pubmed_query_observations.json,2026-08-02T20:05:36+00:00
pubmed.ncbi.nlm.nih.gov/,https://pubmed.ncbi.nlm.nih.gov/?term=%28%22PerkinElmer+QSight%22+OR+%22PerkinElmer+LC%22+OR+%22PerkinElmer+chromatography%22%29+AND+%28%222026%2F06%2F03%22%5BDate+-+Publication%5D+%3A+%222026%2F08%2F02%22%5BDate+-+Publication%5D%29,403,https://pubmed.ncbi.nlm.nih.gov/?term=%28%22PerkinElmer+QSight%22+OR+%22PerkinElmer+LC%22+OR+%22PerkinElmer+chromatography%22%29+AND+%28%222026%2F06%2F03%22%5BDate+-+Publication%5D+%3A+%222026%2F08%2F02%22%5BDate+-+Publication%5D%29,Blocked,,,data/intelligence.json; data/pubmed_query_observations.json,2026-08-02T20:05:36+00:00
pubmed.ncbi.nlm.nih.gov/,https://pubmed.ncbi.nlm.nih.gov/?term=%28%22PerkinElmer+QSight%22+OR+%22PerkinElmer+LC%22+OR+%22PerkinElmer+chromatography%22%29+AND+%28%222026%2F06%2F30%22%5BDate+-+Publication%5D+%3A+%222026%2F07%2F30%22%5BDate+-+Publication%5D%29,403,https://pubmed.ncbi.nlm.nih.gov/?term=%28%22PerkinElmer+QSight%22+OR+%22PerkinElmer+LC%22+OR+%22PerkinElmer+chromatography%22%29+AND+%28%222026%2F06%2F30%22%5BDate+-+Publication%5D+%3A+%222026%2F07%2F30%22%5BDate+-+Publication%5D%29,Blocked,,,data/pubmed_query_observations.json,2026-08-02T20:05:37+00:00
pubmed.ncbi.nlm.nih.gov/,https://pubmed.ncbi.nlm.nih.gov/?term=%28%22PerkinElmer+QSight%22+OR+%22PerkinElmer+LC%22+OR+%22PerkinElmer+chromatography%22%29+AND+%28%222026%2F07%2F01%22%5BDate+-+Publication%5D+%3A+%222026%2F07%2F31%22%5BDate+-+Publication%5D%29,403,https://pubmed.ncbi.nlm.nih.gov/?term=%28%22PerkinElmer+QSight%22+OR+%22PerkinElmer+LC%22+OR+%22PerkinElmer+chromatography%22%29+AND+%28%222026%2F07%2F01%22%5BDate+-+Publication%5D+%3A+%222026%2F07%2F31%22%5BDate+-+Publication%5D%29,Blocked,,,data/pubmed_query_observations.json,2026-08-02T20:05:37+00:00
pubmed.ncbi.nlm.nih.gov/,https://pubmed.ncbi.nlm.nih.gov/?term=%28%22PerkinElmer+QSight%22+OR+%22PerkinElmer+LC%22+OR+%22PerkinElmer+chromatography%22%29+AND+%28%222026%2F07%2F02%22%5BDate+-+Publication%5D+%3A+%222026%2F08%2F01%22%5BDate+-+Publication%5D%29,403,https://pubmed.ncbi.nlm.nih.gov/?term=%28%22PerkinElmer+QSight%22+OR+%22PerkinElmer+LC%22+OR+%22PerkinElmer+chromatography%22%29+AND+%28%222026%2F07%2F02%22%5BDate+-+Publication%5D+%3A+%222026%2F08%2F01%22%5BDate+-+Publication%5D%29,Blocked,,,data/pubmed_query_observations.json,2026-08-02T20:05:37+00:00
pubmed.ncbi.nlm.nih.gov/,https://pubmed.ncbi.nlm.nih.gov/?term=%28%22PerkinElmer+QSight%22+OR+%22PerkinElmer+LC%22+OR+%22PerkinElmer+chromatography%22%29+AND+%28%222026%2F07%2F03%22%5BDate+-+Publication%5D+%3A+%222026%2F08%2F02%22%5BDate+-+Publication%5D%29,403,https://pubmed.ncbi.nlm.nih.gov/?term=%28%22PerkinElmer+QSight%22+OR+%22PerkinElmer+LC%22+OR+%22PerkinElmer+chromatography%22%29+AND+%28%222026%2F07%2F03%22%5BDate+-+Publication%5D+%3A+%222026%2F08%2F02%22%5BDate+-+Publication%5D%29,Blocked,,,data/intelligence.json; data/pubmed_query_observations.json,2026-08-02T20:05:37+00:00
pubmed.ncbi.nlm.nih.gov/,https://pubmed.ncbi.nlm.nih.gov/?term=%28%22SCIEX%22+OR+%22ZenoTOF%22+OR+%22TripleTOF%22+OR+%22QTRAP%22+OR+%22Echo+MS%22%29+AND+%28%222021%2F07%2F31%22%5BDate+-+Publication%5D+%3A+%222026%2F07%2F30%22%5BDate+-+Publication%5D%29,403,https://pubmed.ncbi.nlm.nih.gov/?term=%28%22SCIEX%22+OR+%22ZenoTOF%22+OR+%22TripleTOF%22+OR+%22QTRAP%22+OR+%22Echo+MS%22%29+AND+%28%222021%2F07%2F31%22%5BDate+-+Publication%5D+%3A+%222026%2F07%2F30%22%5BDate+-+Publication%5D%29,Blocked,,,data/pubmed_query_observations.json,2026-08-02T20:05:37+00:00
pubmed.ncbi.nlm.nih.gov/,https://pubmed.ncbi.nlm.nih.gov/?term=%28%22SCIEX%22+OR+%22ZenoTOF%22+OR+%22TripleTOF%22+OR+%22QTRAP%22+OR+%22Echo+MS%22%29+AND+%28%222021%2F08%2F01%22%5BDate+-+Publication%5D+%3A+%222026%2F07%2F31%22%5BDate+-+Publication%5D%29,403,https://pubmed.ncbi.nlm.nih.gov/?term=%28%22SCIEX%22+OR+%22ZenoTOF%22+OR+%22TripleTOF%22+OR+%22QTRAP%22+OR+%22Echo+MS%22%29+AND+%28%222021%2F08%2F01%22%5BDate+-+Publication%5D+%3A+%222026%2F07%2F31%22%5BDate+-+Publication%5D%29,Blocked,,,data/pubmed_query_observations.json,2026-08-02T20:05:37+00:00
pubmed.ncbi.nlm.nih.gov/,https://pubmed.ncbi.nlm.nih.gov/?term=%28%22SCIEX%22+OR+%22ZenoTOF%22+OR+%22TripleTOF%22+OR+%22QTRAP%22+OR+%22Echo+MS%22%29+AND+%28%222021%2F08%2F02%22%5BDate+-+Publication%5D+%3A+%222026%2F08%2F01%22%5BDate+-+Publication%5D%29,403,https://pubmed.ncbi.nlm.nih.gov/?term=%28%22SCIEX%22+OR+%22ZenoTOF%22+OR+%22TripleTOF%22+OR+%22QTRAP%22+OR+%22Echo+MS%22%29+AND+%28%222021%2F08%2F02%22%5BDate+-+Publication%5D+%3A+%222026%2F08%2F01%22%5BDate+-+Publication%5D%29,Blocked,,,data/pubmed_query_observations.json,2026-08-02T20:05:37+00:00
pubmed.ncbi.nlm.nih.gov/,https://pubmed.ncbi.nlm.nih.gov/?term=%28%22SCIEX%22+OR+%22ZenoTOF%22+OR+%22TripleTOF%22+OR+%22QTRAP%22+OR+%22Echo+MS%22%29+AND+%28%222021%2F08%2F03%22%5BDate+-+Publication%5D+%3A+%222026%2F08%2F02%22%5BDate+-+Publication%5D%29,403,https://pubmed.ncbi.nlm.nih.gov/?term=%28%22SCIEX%22+OR+%22ZenoTOF%22+OR+%22TripleTOF%22+OR+%22QTRAP%22+OR+%22Echo+MS%22%29+AND+%28%222021%2F08%2F03%22%5BDate+-+Publication%5D+%3A+%222026%2F08%2F02%22%5BDate+-+Publication%5D%29,Blocked,,,data/intelligence.json; data/pubmed_query_observations.json,2026-08-02T20:05:37+00:00
pubmed.ncbi.nlm.nih.gov/,https://pubmed.ncbi.nlm.nih.gov/?term=%28%22SCIEX%22+OR+%22ZenoTOF%22+OR+%22TripleTOF%22+OR+%22QTRAP%22+OR+%22Echo+MS%22%29+AND+%28%222023%2F07%2F31%22%5BDate+-+Publication%5D+%3A+%222026%2F07%2F30%22%5BDate+-+Publication%5D%29,403,https://pubmed.ncbi.nlm.nih.gov/?term=%28%22SCIEX%22+OR+%22ZenoTOF%22+OR+%22TripleTOF%22+OR+%22QTRAP%22+OR+%22Echo+MS%22%29+AND+%28%222023%2F07%2F31%22%5BDate+-+Publication%5D+%3A+%222026%2F07%2F30%22%5BDate+-+Publication%5D%29,Blocked,,,data/pubmed_query_observations.json,2026-08-02T20:05:37+00:00
pubmed.ncbi.nlm.nih.gov/,https://pubmed.ncbi.nlm.nih.gov/?term=%28%22SCIEX%22+OR+%22ZenoTOF%22+OR+%22TripleTOF%22+OR+%22QTRAP%22+OR+%22Echo+MS%22%29+AND+%28%222023%2F08%2F01%22%5BDate+-+Publication%5D+%3A+%222026%2F07%2F31%22%5BDate+-+Publication%5D%29,403,https://pubmed.ncbi.nlm.nih.gov/?term=%28%22SCIEX%22+OR+%22ZenoTOF%22+OR+%22TripleTOF%22+OR+%22QTRAP%22+OR+%22Echo+MS%22%29+AND+%28%222023%2F08%2F01%22%5BDate+-+Publication%5D+%3A+%222026%2F07%2F31%22%5BDate+-+Publication%5D%29,Blocked,,,data/pubmed_query_observations.json,2026-08-02T20:05:37+00:00
pubmed.ncbi.nlm.nih.gov/,https://pubmed.ncbi.nlm.nih.gov/?term=%28%22SCIEX%22+OR+%22ZenoTOF%22+OR+%22TripleTOF%22+OR+%22QTRAP%22+OR+%22Echo+MS%22%29+AND+%28%222023%2F08%2F02%22%5BDate+-+Publication%5D+%3A+%222026%2F08%2F01%22%5BDate+-+Publication%5D%29,403,https://pubmed.ncbi.nlm.nih.gov/?term=%28%22SCIEX%22+OR+%22ZenoTOF%22+OR+%22TripleTOF%22+OR+%22QTRAP%22+OR+%22Echo+MS%22%29+AND+%28%222023%2F08%2F02%22%5BDate+-+Publication%5D+%3A+%222026%2F08%2F01%22%5BDate+-+Publication%5D%29,Blocked,,,data/pubmed_query_observations.json,2026-08-02T20:05:37+00:00
pubmed.ncbi.nlm.nih.gov/,https://pubmed.ncbi.nlm.nih.gov/?term=%28%22SCIEX%22+OR+%22ZenoTOF%22+OR+%22TripleTOF%22+OR+%22QTRAP%22+OR+%22Echo+MS%22%29+AND+%28%222023%2F08%2F03%22%5BDate+-+Publication%5D+%3A+%222026%2F08%2F02%22%5BDate+-+Publication%5D%29,403,https://pubmed.ncbi.nlm.nih.gov/?term=%28%22SCIEX%22+OR+%22ZenoTOF%22+OR+%22TripleTOF%22+OR+%22QTRAP%22+OR+%22Echo+MS%22%29+AND+%28%222023%2F08%2F03%22%5BDate+-+Publication%5D+%3A+%222026%2F08%2F02%22%5BDate+-+Publication%5D%29,Blocked,,,data/intelligence.json; data/pubmed_query_observations.json,2026-08-02T20:05:37+00:00
pubmed.ncbi.nlm.nih.gov/,https://pubmed.ncbi.nlm.nih.gov/?term=%28%22SCIEX%22+OR+%22ZenoTOF%22+OR+%22TripleTOF%22+OR+%22QTRAP%22+OR+%22Echo+MS%22%29+AND+%28%222025%2F07%2F30%22%5BDate+-+Publication%5D+%3A+%222026%2F07%2F30%22%5BDate+-+Publication%5D%29,403,https://pubmed.ncbi.nlm.nih.gov/?term=%28%22SCIEX%22+OR+%22ZenoTOF%22+OR+%22TripleTOF%22+OR+%22QTRAP%22+OR+%22Echo+MS%22%29+AND+%28%222025%2F07%2F30%22%5BDate+-+Publication%5D+%3A+%222026%2F07%2F30%22%5BDate+-+Publication%5D%29,Blocked,,,data/pubmed_query_observations.json,2026-08-02T20:05:37+00:00
pubmed.ncbi.nlm.nih.gov/,https://pubmed.ncbi.nlm.nih.gov/?term=%28%22SCIEX%22+OR+%22ZenoTOF%22+OR+%22TripleTOF%22+OR+%22QTRAP%22+OR+%22Echo+MS%22%29+AND+%28%222025%2F07%2F31%22%5BDate+-+Publication%5D+%3A+%222026%2F07%2F31%22%5BDate+-+Publication%5D%29,403,https://pubmed.ncbi.nlm.nih.gov/?term=%28%22SCIEX%22+OR+%22ZenoTOF%22+OR+%22TripleTOF%22+OR+%22QTRAP%22+OR+%22Echo+MS%22%29+AND+%28%222025%2F07%2F31%22%5BDate+-+Publication%5D+%3A+%222026%2F07%2F31%22%5BDate+-+Publication%5D%29,Blocked,,,data/pubmed_query_observations.json,2026-08-02T20:05:37+00:00
pubmed.ncbi.nlm.nih.gov/,https://pubmed.ncbi.nlm.nih.gov/?term=%28%22SCIEX%22+OR+%22ZenoTOF%22+OR+%22TripleTOF%22+OR+%22QTRAP%22+OR+%22Echo+MS%22%29+AND+%28%222025%2F08%2F01%22%5BDate+-+Publication%5D+%3A+%222026%2F08%2F01%22%5BDate+-+Publication%5D%29,403,https://pubmed.ncbi.nlm.nih.gov/?term=%28%22SCIEX%22+OR+%22ZenoTOF%22+OR+%22TripleTOF%22+OR+%22QTRAP%22+OR+%22Echo+MS%22%29+AND+%28%222025%2F08%2F01%22%5BDate+-+Publication%5D+%3A+%222026%2F08%2F01%22%5BDate+-+Publication%5D%29,Blocked,,,data/pubmed_query_observations.json,2026-08-02T20:05:38+00:00
pubmed.ncbi.nlm.nih.gov/,https://pubmed.ncbi.nlm.nih.gov/?term=%28%22SCIEX%22+OR+%22ZenoTOF%22+OR+%22TripleTOF%22+OR+%22QTRAP%22+OR+%22Echo+MS%22%29+AND+%28%222025%2F08%2F02%22%5BDate+-+Publication%5D+%3A+%222026%2F08%2F02%22%5BDate+-+Publication%5D%29,403,https://pubmed.ncbi.nlm.nih.gov/?term=%28%22SCIEX%22+OR+%22ZenoTOF%22+OR+%22TripleTOF%22+OR+%22QTRAP%22+OR+%22Echo+MS%22%29+AND+%28%222025%2F08%2F02%22%5BDate+-+Publication%5D+%3A+%222026%2F08%2F02%22%5BDate+-+Publication%5D%29,Blocked,,,data/intelligence.json; data/pubmed_query_observations.json,2026-08-02T20:05:38+00:00
pubmed.ncbi.nlm.nih.gov/,https://pubmed.ncbi.nlm.nih.gov/?term=%28%22SCIEX%22+OR+%22ZenoTOF%22+OR+%22TripleTOF%22+OR+%22QTRAP%22+OR+%22Echo+MS%22%29+AND+%28%222026%2F05%2F01%22%5BDate+-+Publication%5D+%3A+%222026%2F07%2F30%22%5BDate+-+Publication%5D%29,403,https://pubmed.ncbi.nlm.nih.gov/?term=%28%22SCIEX%22+OR+%22ZenoTOF%22+OR+%22TripleTOF%22+OR+%22QTRAP%22+OR+%22Echo+MS%22%29+AND+%28%222026%2F05%2F01%22%5BDate+-+Publication%5D+%3A+%222026%2F07%2F30%22%5BDate+-+Publication%5D%29,Blocked,,,data/pubmed_query_observations.json,2026-08-02T20:05:38+00:00
pubmed.ncbi.nlm.nih.gov/,https://pubmed.ncbi.nlm.nih.gov/?term=%28%22SCIEX%22+OR+%22ZenoTOF%22+OR+%22TripleTOF%22+OR+%22QTRAP%22+OR+%22Echo+MS%22%29+AND+%28%222026%2F05%2F02%22%5BDate+-+Publication%5D+%3A+%222026%2F07%2F31%22%5BDate+-+Publication%5D%29,403,https://pubmed.ncbi.nlm.nih.gov/?term=%28%22SCIEX%22+OR+%22ZenoTOF%22+OR+%22TripleTOF%22+OR+%22QTRAP%22+OR+%22Echo+MS%22%29+AND+%28%222026%2F05%2F02%22%5BDate+-+Publication%5D+%3A+%222026%2F07%2F31%22%5BDate+-+Publication%5D%29,Blocked,,,data/pubmed_query_observations.json,2026-08-02T20:05:38+00:00
pubmed.ncbi.nlm.nih.gov/,https://pubmed.ncbi.nlm.nih.gov/?term=%28%22SCIEX%22+OR+%22ZenoTOF%22+OR+%22TripleTOF%22+OR+%22QTRAP%22+OR+%22Echo+MS%22%29+AND+%28%222026%2F05%2F03%22%5BDate+-+Publication%5D+%3A+%222026%2F08%2F01%22%5BDate+-+Publication%5D%29,403,https://pubmed.ncbi.nlm.nih.gov/?term=%28%22SCIEX%22+OR+%22ZenoTOF%22+OR+%22TripleTOF%22+OR+%22QTRAP%22+OR+%22Echo+MS%22%29+AND+%28%222026%2F05%2F03%22%5BDate+-+Publication%5D+%3A+%222026%2F08%2F01%22%5BDate+-+Publication%5D%29,Blocked,,,data/pubmed_query_observations.json,2026-08-02T20:05:38+00:00
pubmed.ncbi.nlm.nih.gov/,https://pubmed.ncbi.nlm.nih.gov/?term=%28%22SCIEX%22+OR+%22ZenoTOF%22+OR+%22TripleTOF%22+OR+%22QTRAP%22+OR+%22Echo+MS%22%29+AND+%28%222026%2F05%2F04%22%5BDate+-+Publication%5D+%3A+%222026%2F08%2F02%22%5BDate+-+Publication%5D%29,403,https://pubmed.ncbi.nlm.nih.gov/?term=%28%22SCIEX%22+OR+%22ZenoTOF%22+OR+%22TripleTOF%22+OR+%22QTRAP%22+OR+%22Echo+MS%22%29+AND+%28%222026%2F05%2F04%22%5BDate+-+Publication%5D+%3A+%222026%2F08%2F02%22%5BDate+-+Publication%5D%29,Blocked,,,data/intelligence.json; data/pubmed_query_observations.json,2026-08-02T20:05:38+00:00
pubmed.ncbi.nlm.nih.gov/,https://pubmed.ncbi.nlm.nih.gov/?term=%28%22SCIEX%22+OR+%22ZenoTOF%22+OR+%22TripleTOF%22+OR+%22QTRAP%22+OR+%22Echo+MS%22%29+AND+%28%222026%2F05%2F31%22%5BDate+-+Publication%5D+%3A+%222026%2F07%2F30%22%5BDate+-+Publication%5D%29,403,https://pubmed.ncbi.nlm.nih.gov/?term=%28%22SCIEX%22+OR+%22ZenoTOF%22+OR+%22TripleTOF%22+OR+%22QTRAP%22+OR+%22Echo+MS%22%29+AND+%28%222026%2F05%2F31%22%5BDate+-+Publication%5D+%3A+%222026%2F07%2F30%22%5BDate+-+Publication%5D%29,Blocked,,,data/pubmed_query_observations.json,2026-08-02T20:05:38+00:00
pubmed.ncbi.nlm.nih.gov/,https://pubmed.ncbi.nlm.nih.gov/?term=%28%22SCIEX%22+OR+%22ZenoTOF%22+OR+%22TripleTOF%22+OR+%22QTRAP%22+OR+%22Echo+MS%22%29+AND+%28%222026%2F06%2F01%22%5BDate+-+Publication%5D+%3A+%222026%2F07%2F31%22%5BDate+-+Publication%5D%29,403,https://pubmed.ncbi.nlm.nih.gov/?term=%28%22SCIEX%22+OR+%22ZenoTOF%22+OR+%22TripleTOF%22+OR+%22QTRAP%22+OR+%22Echo+MS%22%29+AND+%28%222026%2F06%2F01%22%5BDate+-+Publication%5D+%3A+%222026%2F07%2F31%22%5BDate+-+Publication%5D%29,Blocked,,,data/pubmed_query_observations.json,2026-08-02T20:05:38+00:00
pubmed.ncbi.nlm.nih.gov/,https://pubmed.ncbi.nlm.nih.gov/?term=%28%22SCIEX%22+OR+%22ZenoTOF%22+OR+%22TripleTOF%22+OR+%22QTRAP%22+OR+%22Echo+MS%22%29+AND+%28%222026%2F06%2F02%22%5BDate+-+Publication%5D+%3A+%222026%2F08%2F01%22%5BDate+-+Publication%5D%29,403,https://pubmed.ncbi.nlm.nih.gov/?term=%28%22SCIEX%22+OR+%22ZenoTOF%22+OR+%22TripleTOF%22+OR+%22QTRAP%22+OR+%22Echo+MS%22%29+AND+%28%222026%2F06%2F02%22%5BDate+-+Publication%5D+%3A+%222026%2F08%2F01%22%5BDate+-+Publication%5D%29,Blocked,,,data/pubmed_query_observations.json,2026-08-02T20:05:38+00:00
pubmed.ncbi.nlm.nih.gov/,https://pubmed.ncbi.nlm.nih.gov/?term=%28%22SCIEX%22+OR+%22ZenoTOF%22+OR+%22TripleTOF%22+OR+%22QTRAP%22+OR+%22Echo+MS%22%29+AND+%28%222026%2F06%2F03%22%5BDate+-+Publication%5D+%3A+%222026%2F08%2F02%22%5BDate+-+Publication%5D%29,403,https://pubmed.ncbi.nlm.nih.gov/?term=%28%22SCIEX%22+OR+%22ZenoTOF%22+OR+%22TripleTOF%22+OR+%22QTRAP%22+OR+%22Echo+MS%22%29+AND+%28%222026%2F06%2F03%22%5BDate+-+Publication%5D+%3A+%222026%2F08%2F02%22%5BDate+-+Publication%5D%29,Blocked,,,data/intelligence.json; data/pubmed_query_observations.json,2026-08-02T20:05:38+00:00
pubmed.ncbi.nlm.nih.gov/,https://pubmed.ncbi.nlm.nih.gov/?term=%28%22SCIEX%22+OR+%22ZenoTOF%22+OR+%22TripleTOF%22+OR+%22QTRAP%22+OR+%22Echo+MS%22%29+AND+%28%222026%2F06%2F30%22%5BDate+-+Publication%5D+%3A+%222026%2F07%2F30%22%5BDate+-+Publication%5D%29,403,https://pubmed.ncbi.nlm.nih.gov/?term=%28%22SCIEX%22+OR+%22ZenoTOF%22+OR+%22TripleTOF%22+OR+%22QTRAP%22+OR+%22Echo+MS%22%29+AND+%28%222026%2F06%2F30%22%5BDate+-+Publication%5D+%3A+%222026%2F07%2F30%22%5BDate+-+Publication%5D%29,Blocked,,,data/pubmed_query_observations.json,2026-08-02T20:05:38+00:00
pubmed.ncbi.nlm.nih.gov/,https://pubmed.ncbi.nlm.nih.gov/?term=%28%22SCIEX%22+OR+%22ZenoTOF%22+OR+%22TripleTOF%22+OR+%22QTRAP%22+OR+%22Echo+MS%22%29+AND+%28%222026%2F07%2F01%22%5BDate+-+Publication%5D+%3A+%222026%2F07%2F31%22%5BDate+-+Publication%5D%29,403,https://pubmed.ncbi.nlm.nih.gov/?term=%28%22SCIEX%22+OR+%22ZenoTOF%22+OR+%22TripleTOF%22+OR+%22QTRAP%22+OR+%22Echo+MS%22%29+AND+%28%222026%2F07%2F01%22%5BDate+-+Publication%5D+%3A+%222026%2F07%2F31%22%5BDate+-+Publication%5D%29,Blocked,,,data/pubmed_query_observations.json,2026-08-02T20:05:38+00:00
pubmed.ncbi.nlm.nih.gov/,https://pubmed.ncbi.nlm.nih.gov/?term=%28%22SCIEX%22+OR+%22ZenoTOF%22+OR+%22TripleTOF%22+OR+%22QTRAP%22+OR+%22Echo+MS%22%29+AND+%28%222026%2F07%2F02%22%5BDate+-+Publication%5D+%3A+%222026%2F08%2F01%22%5BDate+-+Publication%5D%29,403,https://pubmed.ncbi.nlm.nih.gov/?term=%28%22SCIEX%22+OR+%22ZenoTOF%22+OR+%22TripleTOF%22+OR+%22QTRAP%22+OR+%22Echo+MS%22%29+AND+%28%222026%2F07%2F02%22%5BDate+-+Publication%5D+%3A+%222026%2F08%2F01%22%5BDate+-+Publication%5D%29,Blocked,,,data/pubmed_query_observations.json,2026-08-02T20:05:38+00:00
pubmed.ncbi.nlm.nih.gov/,https://pubmed.ncbi.nlm.nih.gov/?term=%28%22SCIEX%22+OR+%22ZenoTOF%22+OR+%22TripleTOF%22+OR+%22QTRAP%22+OR+%22Echo+MS%22%29+AND+%28%222026%2F07%2F03%22%5BDate+-+Publication%5D+%3A+%222026%2F08%2F02%22%5BDate+-+Publication%5D%29,403,https://pubmed.ncbi.nlm.nih.gov/?term=%28%22SCIEX%22+OR+%22ZenoTOF%22+OR+%22TripleTOF%22+OR+%22QTRAP%22+OR+%22Echo+MS%22%29+AND+%28%222026%2F07%2F03%22%5BDate+-+Publication%5D+%3A+%222026%2F08%2F02%22%5BDate+-+Publication%5D%29,Blocked,,,data/intelligence.json; data/pubmed_query_observations.json,2026-08-02T20:05:38+00:00
pubmed.ncbi.nlm.nih.gov/,https://pubmed.ncbi.nlm.nih.gov/?term=%28%22Shimadzu+LCMS%22+OR+%22Shimadzu+Nexera%22+OR+%22LCMS-8060%22+OR+%22LCMS-9030%22+OR+%22LCMS-9050%22%29+AND+%28%222021%2F07%2F31%22%5BDate+-+Publication%5D+%3A+%222026%2F07%2F30%22%5BDate+-+Publication%5D%29,403,https://pubmed.ncbi.nlm.nih.gov/?term=%28%22Shimadzu+LCMS%22+OR+%22Shimadzu+Nexera%22+OR+%22LCMS-8060%22+OR+%22LCMS-9030%22+OR+%22LCMS-9050%22%29+AND+%28%222021%2F07%2F31%22%5BDate+-+Publication%5D+%3A+%222026%2F07%2F30%22%5BDate+-+Publication%5D%29,Blocked,,,data/pubmed_query_observations.json,2026-08-02T20:05:39+00:00
pubmed.ncbi.nlm.nih.gov/,https://pubmed.ncbi.nlm.nih.gov/?term=%28%22Shimadzu+LCMS%22+OR+%22Shimadzu+Nexera%22+OR+%22LCMS-8060%22+OR+%22LCMS-9030%22+OR+%22LCMS-9050%22%29+AND+%28%222021%2F08%2F01%22%5BDate+-+Publication%5D+%3A+%222026%2F07%2F31%22%5BDate+-+Publication%5D%29,403,https://pubmed.ncbi.nlm.nih.gov/?term=%28%22Shimadzu+LCMS%22+OR+%22Shimadzu+Nexera%22+OR+%22LCMS-8060%22+OR+%22LCMS-9030%22+OR+%22LCMS-9050%22%29+AND+%28%222021%2F08%2F01%22%5BDate+-+Publication%5D+%3A+%222026%2F07%2F31%22%5BDate+-+Publication%5D%29,Blocked,,,data/pubmed_query_observations.json,2026-08-02T20:05:39+00:00
pubmed.ncbi.nlm.nih.gov/,https://pubmed.ncbi.nlm.nih.gov/?term=%28%22Shimadzu+LCMS%22+OR+%22Shimadzu+Nexera%22+OR+%22LCMS-8060%22+OR+%22LCMS-9030%22+OR+%22LCMS-9050%22%29+AND+%28%222021%2F08%2F02%22%5BDate+-+Publication%5D+%3A+%222026%2F08%2F01%22%5BDate+-+Publication%5D%29,403,https://pubmed.ncbi.nlm.nih.gov/?term=%28%22Shimadzu+LCMS%22+OR+%22Shimadzu+Nexera%22+OR+%22LCMS-8060%22+OR+%22LCMS-9030%22+OR+%22LCMS-9050%22%29+AND+%28%222021%2F08%2F02%22%5BDate+-+Publication%5D+%3A+%222026%2F08%2F01%22%5BDate+-+Publication%5D%29,Blocked,,,data/pubmed_query_observations.json,2026-08-02T20:05:39+00:00
pubmed.ncbi.nlm.nih.gov/,https://pubmed.ncbi.nlm.nih.gov/?term=%28%22Shimadzu+LCMS%22+OR+%22Shimadzu+Nexera%22+OR+%22LCMS-8060%22+OR+%22LCMS-9030%22+OR+%22LCMS-9050%22%29+AND+%28%222021%2F08%2F03%22%5BDate+-+Publication%5D+%3A+%222026%2F08%2F02%22%5BDate+-+Publication%5D%29,403,https://pubmed.ncbi.nlm.nih.gov/?term=%28%22Shimadzu+LCMS%22+OR+%22Shimadzu+Nexera%22+OR+%22LCMS-8060%22+OR+%22LCMS-9030%22+OR+%22LCMS-9050%22%29+AND+%28%222021%2F08%2F03%22%5BDate+-+Publication%5D+%3A+%222026%2F08%2F02%22%5BDate+-+Publication%5D%29,Blocked,,,data/intelligence.json; data/pubmed_query_observations.json,2026-08-02T20:05:39+00:00
pubmed.ncbi.nlm.nih.gov/,https://pubmed.ncbi.nlm.nih.gov/?term=%28%22Shimadzu+LCMS%22+OR+%22Shimadzu+Nexera%22+OR+%22LCMS-8060%22+OR+%22LCMS-9030%22+OR+%22LCMS-9050%22%29+AND+%28%222023%2F07%2F31%22%5BDate+-+Publication%5D+%3A+%222026%2F07%2F30%22%5BDate+-+Publication%5D%29,403,https://pubmed.ncbi.nlm.nih.gov/?term=%28%22Shimadzu+LCMS%22+OR+%22Shimadzu+Nexera%22+OR+%22LCMS-8060%22+OR+%22LCMS-9030%22+OR+%22LCMS-9050%22%29+AND+%28%222023%2F07%2F31%22%5BDate+-+Publication%5D+%3A+%222026%2F07%2F30%22%5BDate+-+Publication%5D%29,Blocked,,,data/pubmed_query_observations.json,2026-08-02T20:05:39+00:00
pubmed.ncbi.nlm.nih.gov/,https://pubmed.ncbi.nlm.nih.gov/?term=%28%22Shimadzu+LCMS%22+OR+%22Shimadzu+Nexera%22+OR+%22LCMS-8060%22+OR+%22LCMS-9030%22+OR+%22LCMS-9050%22%29+AND+%28%222023%2F08%2F01%22%5BDate+-+Publication%5D+%3A+%222026%2F07%2F31%22%5BDate+-+Publication%5D%29,403,https://pubmed.ncbi.nlm.nih.gov/?term=%28%22Shimadzu+LCMS%22+OR+%22Shimadzu+Nexera%22+OR+%22LCMS-8060%22+OR+%22LCMS-9030%22+OR+%22LCMS-9050%22%29+AND+%28%222023%2F08%2F01%22%5BDate+-+Publication%5D+%3A+%222026%2F07%2F31%22%5BDate+-+Publication%5D%29,Blocked,,,data/pubmed_query_observations.json,2026-08-02T20:05:39+00:00
pubmed.ncbi.nlm.nih.gov/,https://pubmed.ncbi.nlm.nih.gov/?term=%28%22Shimadzu+LCMS%22+OR+%22Shimadzu+Nexera%22+OR+%22LCMS-8060%22+OR+%22LCMS-9030%22+OR+%22LCMS-9050%22%29+AND+%28%222023%2F08%2F02%22%5BDate+-+Publication%5D+%3A+%222026%2F08%2F01%22%5BDate+-+Publication%5D%29,403,https://pubmed.ncbi.nlm.nih.gov/?term=%28%22Shimadzu+LCMS%22+OR+%22Shimadzu+Nexera%22+OR+%22LCMS-8060%22+OR+%22LCMS-9030%22+OR+%22LCMS-9050%22%29+AND+%28%222023%2F08%2F02%22%5BDate+-+Publication%5D+%3A+%222026%2F08%2F01%22%5BDate+-+Publication%5D%29,Blocked,,,data/pubmed_query_observations.json,2026-08-02T20:05:39+00:00
pubmed.ncbi.nlm.nih.gov/,https://pubmed.ncbi.nlm.nih.gov/?term=%28%22Shimadzu+LCMS%22+OR+%22Shimadzu+Nexera%22+OR+%22LCMS-8060%22+OR+%22LCMS-9030%22+OR+%22LCMS-9050%22%29+AND+%28%222023%2F08%2F03%22%5BDate+-+Publication%5D+%3A+%222026%2F08%2F02%22%5BDate+-+Publication%5D%29,403,https://pubmed.ncbi.nlm.nih.gov/?term=%28%22Shimadzu+LCMS%22+OR+%22Shimadzu+Nexera%22+OR+%22LCMS-8060%22+OR+%22LCMS-9030%22+OR+%22LCMS-9050%22%29+AND+%28%222023%2F08%2F03%22%5BDate+-+Publication%5D+%3A+%222026%2F08%2F02%22%5BDate+-+Publication%5D%29,Blocked,,,data/intelligence.json; data/pubmed_query_observations.json,2026-08-02T20:05:39+00:00
pubmed.ncbi.nlm.nih.gov/,https://pubmed.ncbi.nlm.nih.gov/?term=%28%22Shimadzu+LCMS%22+OR+%22Shimadzu+Nexera%22+OR+%22LCMS-8060%22+OR+%22LCMS-9030%22+OR+%22LCMS-9050%22%29+AND+%28%222025%2F07%2F30%22%5BDate+-+Publication%5D+%3A+%222026%2F07%2F30%22%5BDate+-+Publication%5D%29,403,https://pubmed.ncbi.nlm.nih.gov/?term=%28%22Shimadzu+LCMS%22+OR+%22Shimadzu+Nexera%22+OR+%22LCMS-8060%22+OR+%22LCMS-9030%22+OR+%22LCMS-9050%22%29+AND+%28%222025%2F07%2F30%22%5BDate+-+Publication%5D+%3A+%222026%2F07%2F30%22%5BDate+-+Publication%5D%29,Blocked,,,data/pubmed_query_observations.json,2026-08-02T20:05:39+00:00
pubmed.ncbi.nlm.nih.gov/,https://pubmed.ncbi.nlm.nih.gov/?term=%28%22Shimadzu+LCMS%22+OR+%22Shimadzu+Nexera%22+OR+%22LCMS-8060%22+OR+%22LCMS-9030%22+OR+%22LCMS-9050%22%29+AND+%28%222025%2F07%2F31%22%5BDate+-+Publication%5D+%3A+%222026%2F07%2F31%22%5BDate+-+Publication%5D%29,403,https://pubmed.ncbi.nlm.nih.gov/?term=%28%22Shimadzu+LCMS%22+OR+%22Shimadzu+Nexera%22+OR+%22LCMS-8060%22+OR+%22LCMS-9030%22+OR+%22LCMS-9050%22%29+AND+%28%222025%2F07%2F31%22%5BDate+-+Publication%5D+%3A+%222026%2F07%2F31%22%5BDate+-+Publication%5D%29,Blocked,,,data/pubmed_query_observations.json,2026-08-02T20:05:39+00:00
pubmed.ncbi.nlm.nih.gov/,https://pubmed.ncbi.nlm.nih.gov/?term=%28%22Shimadzu+LCMS%22+OR+%22Shimadzu+Nexera%22+OR+%22LCMS-8060%22+OR+%22LCMS-9030%22+OR+%22LCMS-9050%22%29+AND+%28%222025%2F08%2F01%22%5BDate+-+Publication%5D+%3A+%222026%2F08%2F01%22%5BDate+-+Publication%5D%29,403,https://pubmed.ncbi.nlm.nih.gov/?term=%28%22Shimadzu+LCMS%22+OR+%22Shimadzu+Nexera%22+OR+%22LCMS-8060%22+OR+%22LCMS-9030%22+OR+%22LCMS-9050%22%29+AND+%28%222025%2F08%2F01%22%5BDate+-+Publication%5D+%3A+%222026%2F08%2F01%22%5BDate+-+Publication%5D%29,Blocked,,,data/pubmed_query_observations.json,2026-08-02T20:05:39+00:00
pubmed.ncbi.nlm.nih.gov/,https://pubmed.ncbi.nlm.nih.gov/?term=%28%22Shimadzu+LCMS%22+OR+%22Shimadzu+Nexera%22+OR+%22LCMS-8060%22+OR+%22LCMS-9030%22+OR+%22LCMS-9050%22%29+AND+%28%222025%2F08%2F02%22%5BDate+-+Publication%5D+%3A+%222026%2F08%2F02%22%5BDate+-+Publication%5D%29,403,https://pubmed.ncbi.nlm.nih.gov/?term=%28%22Shimadzu+LCMS%22+OR+%22Shimadzu+Nexera%22+OR+%22LCMS-8060%22+OR+%22LCMS-9030%22+OR+%22LCMS-9050%22%29+AND+%28%222025%2F08%2F02%22%5BDate+-+Publication%5D+%3A+%222026%2F08%2F02%22%5BDate+-+Publication%5D%29,Blocked,,,data/intelligence.json; data/pubmed_query_observations.json,2026-08-02T20:05:39+00:00
pubmed.ncbi.nlm.nih.gov/,https://pubmed.ncbi.nlm.nih.gov/?term=%28%22Shimadzu+LCMS%22+OR+%22Shimadzu+Nexera%22+OR+%22LCMS-8060%22+OR+%22LCMS-9030%22+OR+%22LCMS-9050%22%29+AND+%28%222026%2F05%2F01%22%5BDate+-+Publication%5D+%3A+%222026%2F07%2F30%22%5BDate+-+Publication%5D%29,403,https://pubmed.ncbi.nlm.nih.gov/?term=%28%22Shimadzu+LCMS%22+OR+%22Shimadzu+Nexera%22+OR+%22LCMS-8060%22+OR+%22LCMS-9030%22+OR+%22LCMS-9050%22%29+AND+%28%222026%2F05%2F01%22%5BDate+-+Publication%5D+%3A+%222026%2F07%2F30%22%5BDate+-+Publication%5D%29,Blocked,,,data/pubmed_query_observations.json,2026-08-02T20:05:39+00:00
pubmed.ncbi.nlm.nih.gov/,https://pubmed.ncbi.nlm.nih.gov/?term=%28%22Shimadzu+LCMS%22+OR+%22Shimadzu+Nexera%22+OR+%22LCMS-8060%22+OR+%22LCMS-9030%22+OR+%22LCMS-9050%22%29+AND+%28%222026%2F05%2F02%22%5BDate+-+Publication%5D+%3A+%222026%2F07%2F31%22%5BDate+-+Publication%5D%29,403,https://pubmed.ncbi.nlm.nih.gov/?term=%28%22Shimadzu+LCMS%22+OR+%22Shimadzu+Nexera%22+OR+%22LCMS-8060%22+OR+%22LCMS-9030%22+OR+%22LCMS-9050%22%29+AND+%28%222026%2F05%2F02%22%5BDate+-+Publication%5D+%3A+%222026%2F07%2F31%22%5BDate+-+Publication%5D%29,Blocked,,,data/pubmed_query_observations.json,2026-08-02T20:05:39+00:00
pubmed.ncbi.nlm.nih.gov/,https://pubmed.ncbi.nlm.nih.gov/?term=%28%22Shimadzu+LCMS%22+OR+%22Shimadzu+Nexera%22+OR+%22LCMS-8060%22+OR+%22LCMS-9030%22+OR+%22LCMS-9050%22%29+AND+%28%222026%2F05%2F03%22%5BDate+-+Publication%5D+%3A+%222026%2F08%2F01%22%5BDate+-+Publication%5D%29,403,https://pubmed.ncbi.nlm.nih.gov/?term=%28%22Shimadzu+LCMS%22+OR+%22Shimadzu+Nexera%22+OR+%22LCMS-8060%22+OR+%22LCMS-9030%22+OR+%22LCMS-9050%22%29+AND+%28%222026%2F05%2F03%22%5BDate+-+Publication%5D+%3A+%222026%2F08%2F01%22%5BDate+-+Publication%5D%29,Blocked,,,data/pubmed_query_observations.json,2026-08-02T20:05:39+00:00
pubmed.ncbi.nlm.nih.gov/,https://pubmed.ncbi.nlm.nih.gov/?term=%28%22Shimadzu+LCMS%22+OR+%22Shimadzu+Nexera%22+OR+%22LCMS-8060%22+OR+%22LCMS-9030%22+OR+%22LCMS-9050%22%29+AND+%28%222026%2F05%2F04%22%5BDate+-+Publication%5D+%3A+%222026%2F08%2F02%22%5BDate+-+Publication%5D%29,403,https://pubmed.ncbi.nlm.nih.gov/?term=%28%22Shimadzu+LCMS%22+OR+%22Shimadzu+Nexera%22+OR+%22LCMS-8060%22+OR+%22LCMS-9030%22+OR+%22LCMS-9050%22%29+AND+%28%222026%2F05%2F04%22%5BDate+-+Publication%5D+%3A+%222026%2F08%2F02%22%5BDate+-+Publication%5D%29,Blocked,,,data/intelligence.json; data/pubmed_query_observations.json,2026-08-02T20:05:39+00:00
pubmed.ncbi.nlm.nih.gov/,https://pubmed.ncbi.nlm.nih.gov/?term=%28%22Shimadzu+LCMS%22+OR+%22Shimadzu+Nexera%22+OR+%22LCMS-8060%22+OR+%22LCMS-9030%22+OR+%22LCMS-9050%22%29+AND+%28%222026%2F05%2F31%22%5BDate+-+Publication%5D+%3A+%222026%2F07%2F30%22%5BDate+-+Publication%5D%29,403,https://pubmed.ncbi.nlm.nih.gov/?term=%28%22Shimadzu+LCMS%22+OR+%22Shimadzu+Nexera%22+OR+%22LCMS-8060%22+OR+%22LCMS-9030%22+OR+%22LCMS-9050%22%29+AND+%28%222026%2F05%2F31%22%5BDate+-+Publication%5D+%3A+%222026%2F07%2F30%22%5BDate+-+Publication%5D%29,Blocked,,,data/pubmed_query_observations.json,2026-08-02T20:05:40+00:00
pubmed.ncbi.nlm.nih.gov/,https://pubmed.ncbi.nlm.nih.gov/?term=%28%22Shimadzu+LCMS%22+OR+%22Shimadzu+Nexera%22+OR+%22LCMS-8060%22+OR+%22LCMS-9030%22+OR+%22LCMS-9050%22%29+AND+%28%222026%2F06%2F01%22%5BDate+-+Publication%5D+%3A+%222026%2F07%2F31%22%5BDate+-+Publication%5D%29,403,https://pubmed.ncbi.nlm.nih.gov/?term=%28%22Shimadzu+LCMS%22+OR+%22Shimadzu+Nexera%22+OR+%22LCMS-8060%22+OR+%22LCMS-9030%22+OR+%22LCMS-9050%22%29+AND+%28%222026%2F06%2F01%22%5BDate+-+Publication%5D+%3A+%222026%2F07%2F31%22%5BDate+-+Publication%5D%29,Blocked,,,data/pubmed_query_observations.json,2026-08-02T20:05:40+00:00
pubmed.ncbi.nlm.nih.gov/,https://pubmed.ncbi.nlm.nih.gov/?term=%28%22Shimadzu+LCMS%22+OR+%22Shimadzu+Nexera%22+OR+%22LCMS-8060%22+OR+%22LCMS-9030%22+OR+%22LCMS-9050%22%29+AND+%28%222026%2F06%2F02%22%5BDate+-+Publication%5D+%3A+%222026%2F08%2F01%22%5BDate+-+Publication%5D%29,403,https://pubmed.ncbi.nlm.nih.gov/?term=%28%22Shimadzu+LCMS%22+OR+%22Shimadzu+Nexera%22+OR+%22LCMS-8060%22+OR+%22LCMS-9030%22+OR+%22LCMS-9050%22%29+AND+%28%222026%2F06%2F02%22%5BDate+-+Publication%5D+%3A+%222026%2F08%2F01%22%5BDate+-+Publication%5D%29,Blocked,,,data/pubmed_query_observations.json,2026-08-02T20:05:40+00:00
pubmed.ncbi.nlm.nih.gov/,https://pubmed.ncbi.nlm.nih.gov/?term=%28%22Shimadzu+LCMS%22+OR+%22Shimadzu+Nexera%22+OR+%22LCMS-8060%22+OR+%22LCMS-9030%22+OR+%22LCMS-9050%22%29+AND+%28%222026%2F06%2F03%22%5BDate+-+Publication%5D+%3A+%222026%2F08%2F02%22%5BDate+-+Publication%5D%29,403,https://pubmed.ncbi.nlm.nih.gov/?term=%28%22Shimadzu+LCMS%22+OR+%22Shimadzu+Nexera%22+OR+%22LCMS-8060%22+OR+%22LCMS-9030%22+OR+%22LCMS-9050%22%29+AND+%28%222026%2F06%2F03%22%5BDate+-+Publication%5D+%3A+%222026%2F08%2F02%22%5BDate+-+Publication%5D%29,Blocked,,,data/intelligence.json; data/pubmed_query_observations.json,2026-08-02T20:05:40+00:00
pubmed.ncbi.nlm.nih.gov/,https://pubmed.ncbi.nlm.nih.gov/?term=%28%22Shimadzu+LCMS%22+OR+%22Shimadzu+Nexera%22+OR+%22LCMS-8060%22+OR+%22LCMS-9030%22+OR+%22LCMS-9050%22%29+AND+%28%222026%2F06%2F30%22%5BDate+-+Publication%5D+%3A+%222026%2F07%2F30%22%5BDate+-+Publication%5D%29,403,https://pubmed.ncbi.nlm.nih.gov/?term=%28%22Shimadzu+LCMS%22+OR+%22Shimadzu+Nexera%22+OR+%22LCMS-8060%22+OR+%22LCMS-9030%22+OR+%22LCMS-9050%22%29+AND+%28%222026%2F06%2F30%22%5BDate+-+Publication%5D+%3A+%222026%2F07%2F30%22%5BDate+-+Publication%5D%29,Blocked,,,data/pubmed_query_observations.json,2026-08-02T20:05:40+00:00
pubmed.ncbi.nlm.nih.gov/,https://pubmed.ncbi.nlm.nih.gov/?term=%28%22Shimadzu+LCMS%22+OR+%22Shimadzu+Nexera%22+OR+%22LCMS-8060%22+OR+%22LCMS-9030%22+OR+%22LCMS-9050%22%29+AND+%28%222026%2F07%2F01%22%5BDate+-+Publication%5D+%3A+%222026%2F07%2F31%22%5BDate+-+Publication%5D%29,403,https://pubmed.ncbi.nlm.nih.gov/?term=%28%22Shimadzu+LCMS%22+OR+%22Shimadzu+Nexera%22+OR+%22LCMS-8060%22+OR+%22LCMS-9030%22+OR+%22LCMS-9050%22%29+AND+%28%222026%2F07%2F01%22%5BDate+-+Publication%5D+%3A+%222026%2F07%2F31%22%5BDate+-+Publication%5D%29,Blocked,,,data/pubmed_query_observations.json,2026-08-02T20:05:40+00:00
pubmed.ncbi.nlm.nih.gov/,https://pubmed.ncbi.nlm.nih.gov/?term=%28%22Shimadzu+LCMS%22+OR+%22Shimadzu+Nexera%22+OR+%22LCMS-8060%22+OR+%22LCMS-9030%22+OR+%22LCMS-9050%22%29+AND+%28%222026%2F07%2F02%22%5BDate+-+Publication%5D+%3A+%222026%2F08%2F01%22%5BDate+-+Publication%5D%29,403,https://pubmed.ncbi.nlm.nih.gov/?term=%28%22Shimadzu+LCMS%22+OR+%22Shimadzu+Nexera%22+OR+%22LCMS-8060%22+OR+%22LCMS-9030%22+OR+%22LCMS-9050%22%29+AND+%28%222026%2F07%2F02%22%5BDate+-+Publication%5D+%3A+%222026%2F08%2F01%22%5BDate+-+Publication%5D%29,Blocked,,,data/pubmed_query_observations.json,2026-08-02T20:05:40+00:00
pubmed.ncbi.nlm.nih.gov/,https://pubmed.ncbi.nlm.nih.gov/?term=%28%22Shimadzu+LCMS%22+OR+%22Shimadzu+Nexera%22+OR+%22LCMS-8060%22+OR+%22LCMS-9030%22+OR+%22LCMS-9050%22%29+AND+%28%222026%2F07%2F03%22%5BDate+-+Publication%5D+%3A+%222026%2F08%2F02%22%5BDate+-+Publication%5D%29,403,https://pubmed.ncbi.nlm.nih.gov/?term=%28%22Shimadzu+LCMS%22+OR+%22Shimadzu+Nexera%22+OR+%22LCMS-8060%22+OR+%22LCMS-9030%22+OR+%22LCMS-9050%22%29+AND+%28%222026%2F07%2F03%22%5BDate+-+Publication%5D+%3A+%222026%2F08%2F02%22%5BDate+-+Publication%5D%29,Blocked,,,data/intelligence.json; data/pubmed_query_observations.json,2026-08-02T20:05:40+00:00
pubmed.ncbi.nlm.nih.gov/,https://pubmed.ncbi.nlm.nih.gov/?term=%28%28%22laboratory+automation%22+OR+%22workflow+software%22+OR+%22AI%22%29+AND+%28%22LC-MS%22+OR+chromatography+OR+%22mass+spectrometry%22%29%29+AND+%28%222021%2F07%2F31%22%5BDate+-+Publication%5D+%3A+%222026%2F07%2F30%22%5BDate+-+Publication%5D%29,403,https://pubmed.ncbi.nlm.nih.gov/?term=%28%28%22laboratory+automation%22+OR+%22workflow+software%22+OR+%22AI%22%29+AND+%28%22LC-MS%22+OR+chromatography+OR+%22mass+spectrometry%22%29%29+AND+%28%222021%2F07%2F31%22%5BDate+-+Publication%5D+%3A+%222026%2F07%2F30%22%5BDate+-+Publication%5D%29,Blocked,,,data/pubmed_query_observations.json,2026-08-02T20:05:40+00:00
pubmed.ncbi.nlm.nih.gov/,https://pubmed.ncbi.nlm.nih.gov/?term=%28%28%22laboratory+automation%22+OR+%22workflow+software%22+OR+%22AI%22%29+AND+%28%22LC-MS%22+OR+chromatography+OR+%22mass+spectrometry%22%29%29+AND+%28%222021%2F08%2F01%22%5BDate+-+Publication%5D+%3A+%222026%2F07%2F31%22%5BDate+-+Publication%5D%29,403,https://pubmed.ncbi.nlm.nih.gov/?term=%28%28%22laboratory+automation%22+OR+%22workflow+software%22+OR+%22AI%22%29+AND+%28%22LC-MS%22+OR+chromatography+OR+%22mass+spectrometry%22%29%29+AND+%28%222021%2F08%2F01%22%5BDate+-+Publication%5D+%3A+%222026%2F07%2F31%22%5BDate+-+Publication%5D%29,Blocked,,,data/pubmed_query_observations.json,2026-08-02T20:05:40+00:00
pubmed.ncbi.nlm.nih.gov/,https://pubmed.ncbi.nlm.nih.gov/?term=%28%28%22laboratory+automation%22+OR+%22workflow+software%22+OR+%22AI%22%29+AND+%28%22LC-MS%22+OR+chromatography+OR+%22mass+spectrometry%22%29%29+AND+%28%222021%2F08%2F02%22%5BDate+-+Publication%5D+%3A+%222026%2F08%2F01%22%5BDate+-+Publication%5D%29,403,https://pubmed.ncbi.nlm.nih.gov/?term=%28%28%22laboratory+automation%22+OR+%22workflow+software%22+OR+%22AI%22%29+AND+%28%22LC-MS%22+OR+chromatography+OR+%22mass+spectrometry%22%29%29+AND+%28%222021%2F08%2F02%22%5BDate+-+Publication%5D+%3A+%222026%2F08%2F01%22%5BDate+-+Publication%5D%29,Blocked,,,data/pubmed_query_observations.json,2026-08-02T20:05:40+00:00
pubmed.ncbi.nlm.nih.gov/,https://pubmed.ncbi.nlm.nih.gov/?term=%28%28%22laboratory+automation%22+OR+%22workflow+software%22+OR+%22AI%22%29+AND+%28%22LC-MS%22+OR+chromatography+OR+%22mass+spectrometry%22%29%29+AND+%28%222021%2F08%2F03%22%5BDate+-+Publication%5D+%3A+%222026%2F08%2F02%22%5BDate+-+Publication%5D%29,403,https://pubmed.ncbi.nlm.nih.gov/?term=%28%28%22laboratory+automation%22+OR+%22workflow+software%22+OR+%22AI%22%29+AND+%28%22LC-MS%22+OR+chromatography+OR+%22mass+spectrometry%22%29%29+AND+%28%222021%2F08%2F03%22%5BDate+-+Publication%5D+%3A+%222026%2F08%2F02%22%5BDate+-+Publication%5D%29,Blocked,,,data/intelligence.json; data/pubmed_query_observations.json,2026-08-02T20:05:40+00:00
pubmed.ncbi.nlm.nih.gov/,https://pubmed.ncbi.nlm.nih.gov/?term=%28%28%22laboratory+automation%22+OR+%22workflow+software%22+OR+%22AI%22%29+AND+%28%22LC-MS%22+OR+chromatography+OR+%22mass+spectrometry%22%29%29+AND+%28%222023%2F07%2F31%22%5BDate+-+Publication%5D+%3A+%222026%2F07%2F30%22%5BDate+-+Publication%5D%29,403,https://pubmed.ncbi.nlm.nih.gov/?term=%28%28%22laboratory+automation%22+OR+%22workflow+software%22+OR+%22AI%22%29+AND+%28%22LC-MS%22+OR+chromatography+OR+%22mass+spectrometry%22%29%29+AND+%28%222023%2F07%2F31%22%5BDate+-+Publication%5D+%3A+%222026%2F07%2F30%22%5BDate+-+Publication%5D%29,Blocked,,,data/pubmed_query_observations.json,2026-08-02T20:05:40+00:00
pubmed.ncbi.nlm.nih.gov/,https://pubmed.ncbi.nlm.nih.gov/?term=%28%28%22laboratory+automation%22+OR+%22workflow+software%22+OR+%22AI%22%29+AND+%28%22LC-MS%22+OR+chromatography+OR+%22mass+spectrometry%22%29%29+AND+%28%222023%2F08%2F01%22%5BDate+-+Publication%5D+%3A+%222026%2F07%2F31%22%5BDate+-+Publication%5D%29,403,https://pubmed.ncbi.nlm.nih.gov/?term=%28%28%22laboratory+automation%22+OR+%22workflow+software%22+OR+%22AI%22%29+AND+%28%22LC-MS%22+OR+chromatography+OR+%22mass+spectrometry%22%29%29+AND+%28%222023%2F08%2F01%22%5BDate+-+Publication%5D+%3A+%222026%2F07%2F31%22%5BDate+-+Publication%5D%29,Blocked,,,data/pubmed_query_observations.json,2026-08-02T20:05:40+00:00
pubmed.ncbi.nlm.nih.gov/,https://pubmed.ncbi.nlm.nih.gov/?term=%28%28%22laboratory+automation%22+OR+%22workflow+software%22+OR+%22AI%22%29+AND+%28%22LC-MS%22+OR+chromatography+OR+%22mass+spectrometry%22%29%29+AND+%28%222023%2F08%2F02%22%5BDate+-+Publication%5D+%3A+%222026%2F08%2F01%22%5BDate+-+Publication%5D%29,403,https://pubmed.ncbi.nlm.nih.gov/?term=%28%28%22laboratory+automation%22+OR+%22workflow+software%22+OR+%22AI%22%29+AND+%28%22LC-MS%22+OR+chromatography+OR+%22mass+spectrometry%22%29%29+AND+%28%222023%2F08%2F02%22%5BDate+-+Publication%5D+%3A+%222026%2F08%2F01%22%5BDate+-+Publication%5D%29,Blocked,,,data/pubmed_query_observations.json,2026-08-02T20:05:40+00:00
pubmed.ncbi.nlm.nih.gov/,https://pubmed.ncbi.nlm.nih.gov/?term=%28%28%22laboratory+automation%22+OR+%22workflow+software%22+OR+%22AI%22%29+AND+%28%22LC-MS%22+OR+chromatography+OR+%22mass+spectrometry%22%29%29+AND+%28%222023%2F08%2F03%22%5BDate+-+Publication%5D+%3A+%222026%2F08%2F02%22%5BDate+-+Publication%5D%29,403,https://pubmed.ncbi.nlm.nih.gov/?term=%28%28%22laboratory+automation%22+OR+%22workflow+software%22+OR+%22AI%22%29+AND+%28%22LC-MS%22+OR+chromatography+OR+%22mass+spectrometry%22%29%29+AND+%28%222023%2F08%2F03%22%5BDate+-+Publication%5D+%3A+%222026%2F08%2F02%22%5BDate+-+Publication%5D%29,Blocked,,,data/intelligence.json; data/pubmed_query_observations.json,2026-08-02T20:05:40+00:00
pubmed.ncbi.nlm.nih.gov/,https://pubmed.ncbi.nlm.nih.gov/?term=%28%28%22laboratory+automation%22+OR+%22workflow+software%22+OR+%22AI%22%29+AND+%28%22LC-MS%22+OR+chromatography+OR+%22mass+spectrometry%22%29%29+AND+%28%222025%2F07%2F30%22%5BDate+-+Publication%5D+%3A+%222026%2F07%2F30%22%5BDate+-+Publication%5D%29,403,https://pubmed.ncbi.nlm.nih.gov/?term=%28%28%22laboratory+automation%22+OR+%22workflow+software%22+OR+%22AI%22%29+AND+%28%22LC-MS%22+OR+chromatography+OR+%22mass+spectrometry%22%29%29+AND+%28%222025%2F07%2F30%22%5BDate+-+Publication%5D+%3A+%222026%2F07%2F30%22%5BDate+-+Publication%5D%29,Blocked,,,data/pubmed_query_observations.json,2026-08-02T20:05:40+00:00
pubmed.ncbi.nlm.nih.gov/,https://pubmed.ncbi.nlm.nih.gov/?term=%28%28%22laboratory+automation%22+OR+%22workflow+software%22+OR+%22AI%22%29+AND+%28%22LC-MS%22+OR+chromatography+OR+%22mass+spectrometry%22%29%29+AND+%28%222025%2F07%2F31%22%5BDate+-+Publication%5D+%3A+%222026%2F07%2F31%22%5BDate+-+Publication%5D%29,403,https://pubmed.ncbi.nlm.nih.gov/?term=%28%28%22laboratory+automation%22+OR+%22workflow+software%22+OR+%22AI%22%29+AND+%28%22LC-MS%22+OR+chromatography+OR+%22mass+spectrometry%22%29%29+AND+%28%222025%2F07%2F31%22%5BDate+-+Publication%5D+%3A+%222026%2F07%2F31%22%5BDate+-+Publication%5D%29,Blocked,,,data/pubmed_query_observations.json,2026-08-02T20:05:40+00:00
pubmed.ncbi.nlm.nih.gov/,https://pubmed.ncbi.nlm.nih.gov/?term=%28%28%22laboratory+automation%22+OR+%22workflow+software%22+OR+%22AI%22%29+AND+%28%22LC-MS%22+OR+chromatography+OR+%22mass+spectrometry%22%29%29+AND+%28%222025%2F08%2F01%22%5BDate+-+Publication%5D+%3A+%222026%2F08%2F01%22%5BDate+-+Publication%5D%29,403,https://pubmed.ncbi.nlm.nih.gov/?term=%28%28%22laboratory+automation%22+OR+%22workflow+software%22+OR+%22AI%22%29+AND+%28%22LC-MS%22+OR+chromatography+OR+%22mass+spectrometry%22%29%29+AND+%28%222025%2F08%2F01%22%5BDate+-+Publication%5D+%3A+%222026%2F08%2F01%22%5BDate+-+Publication%5D%29,Blocked,,,data/pubmed_query_observations.json,2026-08-02T20:05:40+00:00
pubmed.ncbi.nlm.nih.gov/,https://pubmed.ncbi.nlm.nih.gov/?term=%28%28%22laboratory+automation%22+OR+%22workflow+software%22+OR+%22AI%22%29+AND+%28%22LC-MS%22+OR+chromatography+OR+%22mass+spectrometry%22%29%29+AND+%28%222025%2F08%2F02%22%5BDate+-+Publication%5D+%3A+%222026%2F08%2F02%22%5BDate+-+Publication%5D%29,403,https://pubmed.ncbi.nlm.nih.gov/?term=%28%28%22laboratory+automation%22+OR+%22workflow+software%22+OR+%22AI%22%29+AND+%28%22LC-MS%22+OR+chromatography+OR+%22mass+spectrometry%22%29%29+AND+%28%222025%2F08%2F02%22%5BDate+-+Publication%5D+%3A+%222026%2F08%2F02%22%5BDate+-+Publication%5D%29,Blocked,,,data/intelligence.json; data/pubmed_query_observations.json,2026-08-02T20:05:40+00:00
pubmed.ncbi.nlm.nih.gov/,https://pubmed.ncbi.nlm.nih.gov/?term=%28%28%22laboratory+automation%22+OR+%22workflow+software%22+OR+%22AI%22%29+AND+%28%22LC-MS%22+OR+chromatography+OR+%22mass+spectrometry%22%29%29+AND+%28%222026%2F05%2F01%22%5BDate+-+Publication%5D+%3A+%222026%2F07%2F30%22%5BDate+-+Publication%5D%29,403,https://pubmed.ncbi.nlm.nih.gov/?term=%28%28%22laboratory+automation%22+OR+%22workflow+software%22+OR+%22AI%22%29+AND+%28%22LC-MS%22+OR+chromatography+OR+%22mass+spectrometry%22%29%29+AND+%28%222026%2F05%2F01%22%5BDate+-+Publication%5D+%3A+%222026%2F07%2F30%22%5BDate+-+Publication%5D%29,Blocked,,,data/pubmed_query_observations.json,2026-08-02T20:05:40+00:00
pubmed.ncbi.nlm.nih.gov/,https://pubmed.ncbi.nlm.nih.gov/?term=%28%28%22laboratory+automation%22+OR+%22workflow+software%22+OR+%22AI%22%29+AND+%28%22LC-MS%22+OR+chromatography+OR+%22mass+spectrometry%22%29%29+AND+%28%222026%2F05%2F02%22%5BDate+-+Publication%5D+%3A+%222026%2F07%2F31%22%5BDate+-+Publication%5D%29,403,https://pubmed.ncbi.nlm.nih.gov/?term=%28%28%22laboratory+automation%22+OR+%22workflow+software%22+OR+%22AI%22%29+AND+%28%22LC-MS%22+OR+chromatography+OR+%22mass+spectrometry%22%29%29+AND+%28%222026%2F05%2F02%22%5BDate+-+Publication%5D+%3A+%222026%2F07%2F31%22%5BDate+-+Publication%5D%29,Blocked,,,data/pubmed_query_observations.json,2026-08-02T20:05:40+00:00
pubmed.ncbi.nlm.nih.gov/,https://pubmed.ncbi.nlm.nih.gov/?term=%28%28%22laboratory+automation%22+OR+%22workflow+software%22+OR+%22AI%22%29+AND+%28%22LC-MS%22+OR+chromatography+OR+%22mass+spectrometry%22%29%29+AND+%28%222026%2F05%2F03%22%5BDate+-+Publication%5D+%3A+%222026%2F08%2F01%22%5BDate+-+Publication%5D%29,403,https://pubmed.ncbi.nlm.nih.gov/?term=%28%28%22laboratory+automation%22+OR+%22workflow+software%22+OR+%22AI%22%29+AND+%28%22LC-MS%22+OR+chromatography+OR+%22mass+spectrometry%22%29%29+AND+%28%222026%2F05%2F03%22%5BDate+-+Publication%5D+%3A+%222026%2F08%2F01%22%5BDate+-+Publication%5D%29,Blocked,,,data/pubmed_query_observations.json,2026-08-02T20:05:41+00:00
pubmed.ncbi.nlm.nih.gov/,https://pubmed.ncbi.nlm.nih.gov/?term=%28%28%22laboratory+automation%22+OR+%22workflow+software%22+OR+%22AI%22%29+AND+%28%22LC-MS%22+OR+chromatography+OR+%22mass+spectrometry%22%29%29+AND+%28%222026%2F05%2F04%22%5BDate+-+Publication%5D+%3A+%222026%2F08%2F02%22%5BDate+-+Publication%5D%29,403,https://pubmed.ncbi.nlm.nih.gov/?term=%28%28%22laboratory+automation%22+OR+%22workflow+software%22+OR+%22AI%22%29+AND+%28%22LC-MS%22+OR+chromatography+OR+%22mass+spectrometry%22%29%29+AND+%28%222026%2F05%2F04%22%5BDate+-+Publication%5D+%3A+%222026%2F08%2F02%22%5BDate+-+Publication%5D%29,Blocked,,,data/intelligence.json; data/pubmed_query_observations.json,2026-08-02T20:05:41+00:00
pubmed.ncbi.nlm.nih.gov/,https://pubmed.ncbi.nlm.nih.gov/?term=%28%28%22laboratory+automation%22+OR+%22workflow+software%22+OR+%22AI%22%29+AND+%28%22LC-MS%22+OR+chromatography+OR+%22mass+spectrometry%22%29%29+AND+%28%222026%2F05%2F31%22%5BDate+-+Publication%5D+%3A+%222026%2F07%2F30%22%5BDate+-+Publication%5D%29,403,https://pubmed.ncbi.nlm.nih.gov/?term=%28%28%22laboratory+automation%22+OR+%22workflow+software%22+OR+%22AI%22%29+AND+%28%22LC-MS%22+OR+chromatography+OR+%22mass+spectrometry%22%29%29+AND+%28%222026%2F05%2F31%22%5BDate+-+Publication%5D+%3A+%222026%2F07%2F30%22%5BDate+-+Publication%5D%29,Blocked,,,data/pubmed_query_observations.json,2026-08-02T20:05:41+00:00
pubmed.ncbi.nlm.nih.gov/,https://pubmed.ncbi.nlm.nih.gov/?term=%28%28%22laboratory+automation%22+OR+%22workflow+software%22+OR+%22AI%22%29+AND+%28%22LC-MS%22+OR+chromatography+OR+%22mass+spectrometry%22%29%29+AND+%28%222026%2F06%2F01%22%5BDate+-+Publication%5D+%3A+%222026%2F07%2F31%22%5BDate+-+Publication%5D%29,403,https://pubmed.ncbi.nlm.nih.gov/?term=%28%28%22laboratory+automation%22+OR+%22workflow+software%22+OR+%22AI%22%29+AND+%28%22LC-MS%22+OR+chromatography+OR+%22mass+spectrometry%22%29%29+AND+%28%222026%2F06%2F01%22%5BDate+-+Publication%5D+%3A+%222026%2F07%2F31%22%5BDate+-+Publication%5D%29,Blocked,,,data/pubmed_query_observations.json,2026-08-02T20:05:41+00:00
pubmed.ncbi.nlm.nih.gov/,https://pubmed.ncbi.nlm.nih.gov/?term=%28%28%22laboratory+automation%22+OR+%22workflow+software%22+OR+%22AI%22%29+AND+%28%22LC-MS%22+OR+chromatography+OR+%22mass+spectrometry%22%29%29+AND+%28%222026%2F06%2F02%22%5BDate+-+Publication%5D+%3A+%222026%2F08%2F01%22%5BDate+-+Publication%5D%29,403,https://pubmed.ncbi.nlm.nih.gov/?term=%28%28%22laboratory+automation%22+OR+%22workflow+software%22+OR+%22AI%22%29+AND+%28%22LC-MS%22+OR+chromatography+OR+%22mass+spectrometry%22%29%29+AND+%28%222026%2F06%2F02%22%5BDate+-+Publication%5D+%3A+%222026%2F08%2F01%22%5BDate+-+Publication%5D%29,Blocked,,,data/pubmed_query_observations.json,2026-08-02T20:05:41+00:00
pubmed.ncbi.nlm.nih.gov/,https://pubmed.ncbi.nlm.nih.gov/?term=%28%28%22laboratory+automation%22+OR+%22workflow+software%22+OR+%22AI%22%29+AND+%28%22LC-MS%22+OR+chromatography+OR+%22mass+spectrometry%22%29%29+AND+%28%222026%2F06%2F03%22%5BDate+-+Publication%5D+%3A+%222026%2F08%2F02%22%5BDate+-+Publication%5D%29,403,https://pubmed.ncbi.nlm.nih.gov/?term=%28%28%22laboratory+automation%22+OR+%22workflow+software%22+OR+%22AI%22%29+AND+%28%22LC-MS%22+OR+chromatography+OR+%22mass+spectrometry%22%29%29+AND+%28%222026%2F06%2F03%22%5BDate+-+Publication%5D+%3A+%222026%2F08%2F02%22%5BDate+-+Publication%5D%29,Blocked,,,data/intelligence.json; data/pubmed_query_observations.json,2026-08-02T20:05:41+00:00
pubmed.ncbi.nlm.nih.gov/,https://pubmed.ncbi.nlm.nih.gov/?term=%28%28%22laboratory+automation%22+OR+%22workflow+software%22+OR+%22AI%22%29+AND+%28%22LC-MS%22+OR+chromatography+OR+%22mass+spectrometry%22%29%29+AND+%28%222026%2F06%2F30%22%5BDate+-+Publication%5D+%3A+%222026%2F07%2F30%22%5BDate+-+Publication%5D%29,403,https://pubmed.ncbi.nlm.nih.gov/?term=%28%28%22laboratory+automation%22+OR+%22workflow+software%22+OR+%22AI%22%29+AND+%28%22LC-MS%22+OR+chromatography+OR+%22mass+spectrometry%22%29%29+AND+%28%222026%2F06%2F30%22%5BDate+-+Publication%5D+%3A+%222026%2F07%2F30%22%5BDate+-+Publication%5D%29,Blocked,,,data/pubmed_query_observations.json,2026-08-02T20:05:41+00:00
pubmed.ncbi.nlm.nih.gov/,https://pubmed.ncbi.nlm.nih.gov/?term=%28%28%22laboratory+automation%22+OR+%22workflow+software%22+OR+%22AI%22%29+AND+%28%22LC-MS%22+OR+chromatography+OR+%22mass+spectrometry%22%29%29+AND+%28%222026%2F07%2F01%22%5BDate+-+Publication%5D+%3A+%222026%2F07%2F31%22%5BDate+-+Publication%5D%29,403,https://pubmed.ncbi.nlm.nih.gov/?term=%28%28%22laboratory+automation%22+OR+%22workflow+software%22+OR+%22AI%22%29+AND+%28%22LC-MS%22+OR+chromatography+OR+%22mass+spectrometry%22%29%29+AND+%28%222026%2F07%2F01%22%5BDate+-+Publication%5D+%3A+%222026%2F07%2F31%22%5BDate+-+Publication%5D%29,Blocked,,,data/pubmed_query_observations.json,2026-08-02T20:05:41+00:00
pubmed.ncbi.nlm.nih.gov/,https://pubmed.ncbi.nlm.nih.gov/?term=%28%28%22laboratory+automation%22+OR+%22workflow+software%22+OR+%22AI%22%29+AND+%28%22LC-MS%22+OR+chromatography+OR+%22mass+spectrometry%22%29%29+AND+%28%222026%2F07%2F02%22%5BDate+-+Publication%5D+%3A+%222026%2F08%2F01%22%5BDate+-+Publication%5D%29,403,https://pubmed.ncbi.nlm.nih.gov/?term=%28%28%22laboratory+automation%22+OR+%22workflow+software%22+OR+%22AI%22%29+AND+%28%22LC-MS%22+OR+chromatography+OR+%22mass+spectrometry%22%29%29+AND+%28%222026%2F07%2F02%22%5BDate+-+Publication%5D+%3A+%222026%2F08%2F01%22%5BDate+-+Publication%5D%29,Blocked,,,data/pubmed_query_observations.json,2026-08-02T20:05:41+00:00
pubmed.ncbi.nlm.nih.gov/,https://pubmed.ncbi.nlm.nih.gov/?term=%28%28%22laboratory+automation%22+OR+%22workflow+software%22+OR+%22AI%22%29+AND+%28%22LC-MS%22+OR+chromatography+OR+%22mass+spectrometry%22%29%29+AND+%28%222026%2F07%2F03%22%5BDate+-+Publication%5D+%3A+%222026%2F08%2F02%22%5BDate+-+Publication%5D%29,403,https://pubmed.ncbi.nlm.nih.gov/?term=%28%28%22laboratory+automation%22+OR+%22workflow+software%22+OR+%22AI%22%29+AND+%28%22LC-MS%22+OR+chromatography+OR+%22mass+spectrometry%22%29%29+AND+%28%222026%2F07%2F03%22%5BDate+-+Publication%5D+%3A+%222026%2F08%2F02%22%5BDate+-+Publication%5D%29,Blocked,,,data/intelligence.json; data/pubmed_query_observations.json,2026-08-02T20:05:41+00:00
pubmed.ncbi.nlm.nih.gov/,https://pubmed.ncbi.nlm.nih.gov/?term=%28%28%22lipid+nanoparticle%22+OR+LNP+OR+%22RNA+therapeutics%22+OR+mRNA%29+AND+%28%22LC-MS%22+OR+chromatography+OR+%22mass+spectrometry%22%29%29+AND+%28%222021%2F07%2F31%22%5BDate+-+Publication%5D+%3A+%222026%2F07%2F30%22%5BDate+-+Publication%5D%29,403,https://pubmed.ncbi.nlm.nih.gov/?term=%28%28%22lipid+nanoparticle%22+OR+LNP+OR+%22RNA+therapeutics%22+OR+mRNA%29+AND+%28%22LC-MS%22+OR+chromatography+OR+%22mass+spectrometry%22%29%29+AND+%28%222021%2F07%2F31%22%5BDate+-+Publication%5D+%3A+%222026%2F07%2F30%22%5BDate+-+Publication%5D%29,Blocked,,,data/pubmed_query_observations.json,2026-08-02T20:05:41+00:00
pubmed.ncbi.nlm.nih.gov/,https://pubmed.ncbi.nlm.nih.gov/?term=%28%28%22lipid+nanoparticle%22+OR+LNP+OR+%22RNA+therapeutics%22+OR+mRNA%29+AND+%28%22LC-MS%22+OR+chromatography+OR+%22mass+spectrometry%22%29%29+AND+%28%222021%2F08%2F01%22%5BDate+-+Publication%5D+%3A+%222026%2F07%2F31%22%5BDate+-+Publication%5D%29,403,https://pubmed.ncbi.nlm.nih.gov/?term=%28%28%22lipid+nanoparticle%22+OR+LNP+OR+%22RNA+therapeutics%22+OR+mRNA%29+AND+%28%22LC-MS%22+OR+chromatography+OR+%22mass+spectrometry%22%29%29+AND+%28%222021%2F08%2F01%22%5BDate+-+Publication%5D+%3A+%222026%2F07%2F31%22%5BDate+-+Publication%5D%29,Blocked,,,data/pubmed_query_observations.json,2026-08-02T20:05:41+00:00
pubmed.ncbi.nlm.nih.gov/,https://pubmed.ncbi.nlm.nih.gov/?term=%28%28%22lipid+nanoparticle%22+OR+LNP+OR+%22RNA+therapeutics%22+OR+mRNA%29+AND+%28%22LC-MS%22+OR+chromatography+OR+%22mass+spectrometry%22%29%29+AND+%28%222021%2F08%2F02%22%5BDate+-+Publication%5D+%3A+%222026%2F08%2F01%22%5BDate+-+Publication%5D%29,403,https://pubmed.ncbi.nlm.nih.gov/?term=%28%28%22lipid+nanoparticle%22+OR+LNP+OR+%22RNA+therapeutics%22+OR+mRNA%29+AND+%28%22LC-MS%22+OR+chromatography+OR+%22mass+spectrometry%22%29%29+AND+%28%222021%2F08%2F02%22%5BDate+-+Publication%5D+%3A+%222026%2F08%2F01%22%5BDate+-+Publication%5D%29,Blocked,,,data/pubmed_query_observations.json,2026-08-02T20:05:41+00:00
pubmed.ncbi.nlm.nih.gov/,https://pubmed.ncbi.nlm.nih.gov/?term=%28%28%22lipid+nanoparticle%22+OR+LNP+OR+%22RNA+therapeutics%22+OR+mRNA%29+AND+%28%22LC-MS%22+OR+chromatography+OR+%22mass+spectrometry%22%29%29+AND+%28%222021%2F08%2F03%22%5BDate+-+Publication%5D+%3A+%222026%2F08%2F02%22%5BDate+-+Publication%5D%29,403,https://pubmed.ncbi.nlm.nih.gov/?term=%28%28%22lipid+nanoparticle%22+OR+LNP+OR+%22RNA+therapeutics%22+OR+mRNA%29+AND+%28%22LC-MS%22+OR+chromatography+OR+%22mass+spectrometry%22%29%29+AND+%28%222021%2F08%2F03%22%5BDate+-+Publication%5D+%3A+%222026%2F08%2F02%22%5BDate+-+Publication%5D%29,Blocked,,,data/intelligence.json; data/pubmed_query_observations.json,2026-08-02T20:05:42+00:00
pubmed.ncbi.nlm.nih.gov/,https://pubmed.ncbi.nlm.nih.gov/?term=%28%28%22lipid+nanoparticle%22+OR+LNP+OR+%22RNA+therapeutics%22+OR+mRNA%29+AND+%28%22LC-MS%22+OR+chromatography+OR+%22mass+spectrometry%22%29%29+AND+%28%222023%2F07%2F31%22%5BDate+-+Publication%5D+%3A+%222026%2F07%2F30%22%5BDate+-+Publication%5D%29,403,https://pubmed.ncbi.nlm.nih.gov/?term=%28%28%22lipid+nanoparticle%22+OR+LNP+OR+%22RNA+therapeutics%22+OR+mRNA%29+AND+%28%22LC-MS%22+OR+chromatography+OR+%22mass+spectrometry%22%29%29+AND+%28%222023%2F07%2F31%22%5BDate+-+Publication%5D+%3A+%222026%2F07%2F30%22%5BDate+-+Publication%5D%29,Blocked,,,data/pubmed_query_observations.json,2026-08-02T20:05:42+00:00
pubmed.ncbi.nlm.nih.gov/,https://pubmed.ncbi.nlm.nih.gov/?term=%28%28%22lipid+nanoparticle%22+OR+LNP+OR+%22RNA+therapeutics%22+OR+mRNA%29+AND+%28%22LC-MS%22+OR+chromatography+OR+%22mass+spectrometry%22%29%29+AND+%28%222023%2F08%2F01%22%5BDate+-+Publication%5D+%3A+%222026%2F07%2F31%22%5BDate+-+Publication%5D%29,403,https://pubmed.ncbi.nlm.nih.gov/?term=%28%28%22lipid+nanoparticle%22+OR+LNP+OR+%22RNA+therapeutics%22+OR+mRNA%29+AND+%28%22LC-MS%22+OR+chromatography+OR+%22mass+spectrometry%22%29%29+AND+%28%222023%2F08%2F01%22%5BDate+-+Publication%5D+%3A+%222026%2F07%2F31%22%5BDate+-+Publication%5D%29,Blocked,,,data/pubmed_query_observations.json,2026-08-02T20:05:42+00:00
pubmed.ncbi.nlm.nih.gov/,https://pubmed.ncbi.nlm.nih.gov/?term=%28%28%22lipid+nanoparticle%22+OR+LNP+OR+%22RNA+therapeutics%22+OR+mRNA%29+AND+%28%22LC-MS%22+OR+chromatography+OR+%22mass+spectrometry%22%29%29+AND+%28%222023%2F08%2F02%22%5BDate+-+Publication%5D+%3A+%222026%2F08%2F01%22%5BDate+-+Publication%5D%29,403,https://pubmed.ncbi.nlm.nih.gov/?term=%28%28%22lipid+nanoparticle%22+OR+LNP+OR+%22RNA+therapeutics%22+OR+mRNA%29+AND+%28%22LC-MS%22+OR+chromatography+OR+%22mass+spectrometry%22%29%29+AND+%28%222023%2F08%2F02%22%5BDate+-+Publication%5D+%3A+%222026%2F08%2F01%22%5BDate+-+Publication%5D%29,Blocked,,,data/pubmed_query_observations.json,2026-08-02T20:05:42+00:00
pubmed.ncbi.nlm.nih.gov/,https://pubmed.ncbi.nlm.nih.gov/?term=%28%28%22lipid+nanoparticle%22+OR+LNP+OR+%22RNA+therapeutics%22+OR+mRNA%29+AND+%28%22LC-MS%22+OR+chromatography+OR+%22mass+spectrometry%22%29%29+AND+%28%222023%2F08%2F03%22%5BDate+-+Publication%5D+%3A+%222026%2F08%2F02%22%5BDate+-+Publication%5D%29,403,https://pubmed.ncbi.nlm.nih.gov/?term=%28%28%22lipid+nanoparticle%22+OR+LNP+OR+%22RNA+therapeutics%22+OR+mRNA%29+AND+%28%22LC-MS%22+OR+chromatography+OR+%22mass+spectrometry%22%29%29+AND+%28%222023%2F08%2F03%22%5BDate+-+Publication%5D+%3A+%222026%2F08%2F02%22%5BDate+-+Publication%5D%29,Blocked,,,data/intelligence.json; data/pubmed_query_observations.json,2026-08-02T20:05:42+00:00
pubmed.ncbi.nlm.nih.gov/,https://pubmed.ncbi.nlm.nih.gov/?term=%28%28%22lipid+nanoparticle%22+OR+LNP+OR+%22RNA+therapeutics%22+OR+mRNA%29+AND+%28%22LC-MS%22+OR+chromatography+OR+%22mass+spectrometry%22%29%29+AND+%28%222025%2F07%2F30%22%5BDate+-+Publication%5D+%3A+%222026%2F07%2F30%22%5BDate+-+Publication%5D%29,403,https://pubmed.ncbi.nlm.nih.gov/?term=%28%28%22lipid+nanoparticle%22+OR+LNP+OR+%22RNA+therapeutics%22+OR+mRNA%29+AND+%28%22LC-MS%22+OR+chromatography+OR+%22mass+spectrometry%22%29%29+AND+%28%222025%2F07%2F30%22%5BDate+-+Publication%5D+%3A+%222026%2F07%2F30%22%5BDate+-+Publication%5D%29,Blocked,,,data/pubmed_query_observations.json,2026-08-02T20:05:42+00:00
pubmed.ncbi.nlm.nih.gov/,https://pubmed.ncbi.nlm.nih.gov/?term=%28%28%22lipid+nanoparticle%22+OR+LNP+OR+%22RNA+therapeutics%22+OR+mRNA%29+AND+%28%22LC-MS%22+OR+chromatography+OR+%22mass+spectrometry%22%29%29+AND+%28%222025%2F07%2F31%22%5BDate+-+Publication%5D+%3A+%222026%2F07%2F31%22%5BDate+-+Publication%5D%29,403,https://pubmed.ncbi.nlm.nih.gov/?term=%28%28%22lipid+nanoparticle%22+OR+LNP+OR+%22RNA+therapeutics%22+OR+mRNA%29+AND+%28%22LC-MS%22+OR+chromatography+OR+%22mass+spectrometry%22%29%29+AND+%28%222025%2F07%2F31%22%5BDate+-+Publication%5D+%3A+%222026%2F07%2F31%22%5BDate+-+Publication%5D%29,Blocked,,,data/pubmed_query_observations.json,2026-08-02T20:05:42+00:00
pubmed.ncbi.nlm.nih.gov/,https://pubmed.ncbi.nlm.nih.gov/?term=%28%28%22lipid+nanoparticle%22+OR+LNP+OR+%22RNA+therapeutics%22+OR+mRNA%29+AND+%28%22LC-MS%22+OR+chromatography+OR+%22mass+spectrometry%22%29%29+AND+%28%222025%2F08%2F01%22%5BDate+-+Publication%5D+%3A+%222026%2F08%2F01%22%5BDate+-+Publication%5D%29,403,https://pubmed.ncbi.nlm.nih.gov/?term=%28%28%22lipid+nanoparticle%22+OR+LNP+OR+%22RNA+therapeutics%22+OR+mRNA%29+AND+%28%22LC-MS%22+OR+chromatography+OR+%22mass+spectrometry%22%29%29+AND+%28%222025%2F08%2F01%22%5BDate+-+Publication%5D+%3A+%222026%2F08%2F01%22%5BDate+-+Publication%5D%29,Blocked,,,data/pubmed_query_observations.json,2026-08-02T20:05:42+00:00
pubmed.ncbi.nlm.nih.gov/,https://pubmed.ncbi.nlm.nih.gov/?term=%28%28%22lipid+nanoparticle%22+OR+LNP+OR+%22RNA+therapeutics%22+OR+mRNA%29+AND+%28%22LC-MS%22+OR+chromatography+OR+%22mass+spectrometry%22%29%29+AND+%28%222025%2F08%2F02%22%5BDate+-+Publication%5D+%3A+%222026%2F08%2F02%22%5BDate+-+Publication%5D%29,403,https://pubmed.ncbi.nlm.nih.gov/?term=%28%28%22lipid+nanoparticle%22+OR+LNP+OR+%22RNA+therapeutics%22+OR+mRNA%29+AND+%28%22LC-MS%22+OR+chromatography+OR+%22mass+spectrometry%22%29%29+AND+%28%222025%2F08%2F02%22%5BDate+-+Publication%5D+%3A+%222026%2F08%2F02%22%5BDate+-+Publication%5D%29,Blocked,,,data/intelligence.json; data/pubmed_query_observations.json,2026-08-02T20:05:42+00:00
pubmed.ncbi.nlm.nih.gov/,https://pubmed.ncbi.nlm.nih.gov/?term=%28%28%22lipid+nanoparticle%22+OR+LNP+OR+%22RNA+therapeutics%22+OR+mRNA%29+AND+%28%22LC-MS%22+OR+chromatography+OR+%22mass+spectrometry%22%29%29+AND+%28%222026%2F05%2F01%22%5BDate+-+Publication%5D+%3A+%222026%2F07%2F30%22%5BDate+-+Publication%5D%29,403,https://pubmed.ncbi.nlm.nih.gov/?term=%28%28%22lipid+nanoparticle%22+OR+LNP+OR+%22RNA+therapeutics%22+OR+mRNA%29+AND+%28%22LC-MS%22+OR+chromatography+OR+%22mass+spectrometry%22%29%29+AND+%28%222026%2F05%2F01%22%5BDate+-+Publication%5D+%3A+%222026%2F07%2F30%22%5BDate+-+Publication%5D%29,Blocked,,,data/pubmed_query_observations.json,2026-08-02T20:05:42+00:00
pubmed.ncbi.nlm.nih.gov/,https://pubmed.ncbi.nlm.nih.gov/?term=%28%28%22lipid+nanoparticle%22+OR+LNP+OR+%22RNA+therapeutics%22+OR+mRNA%29+AND+%28%22LC-MS%22+OR+chromatography+OR+%22mass+spectrometry%22%29%29+AND+%28%222026%2F05%2F02%22%5BDate+-+Publication%5D+%3A+%222026%2F07%2F31%22%5BDate+-+Publication%5D%29,403,https://pubmed.ncbi.nlm.nih.gov/?term=%28%28%22lipid+nanoparticle%22+OR+LNP+OR+%22RNA+therapeutics%22+OR+mRNA%29+AND+%28%22LC-MS%22+OR+chromatography+OR+%22mass+spectrometry%22%29%29+AND+%28%222026%2F05%2F02%22%5BDate+-+Publication%5D+%3A+%222026%2F07%2F31%22%5BDate+-+Publication%5D%29,Blocked,,,data/pubmed_query_observations.json,2026-08-02T20:05:42+00:00
pubmed.ncbi.nlm.nih.gov/,https://pubmed.ncbi.nlm.nih.gov/?term=%28%28%22lipid+nanoparticle%22+OR+LNP+OR+%22RNA+therapeutics%22+OR+mRNA%29+AND+%28%22LC-MS%22+OR+chromatography+OR+%22mass+spectrometry%22%29%29+AND+%28%222026%2F05%2F03%22%5BDate+-+Publication%5D+%3A+%222026%2F08%2F01%22%5BDate+-+Publication%5D%29,403,https://pubmed.ncbi.nlm.nih.gov/?term=%28%28%22lipid+nanoparticle%22+OR+LNP+OR+%22RNA+therapeutics%22+OR+mRNA%29+AND+%28%22LC-MS%22+OR+chromatography+OR+%22mass+spectrometry%22%29%29+AND+%28%222026%2F05%2F03%22%5BDate+-+Publication%5D+%3A+%222026%2F08%2F01%22%5BDate+-+Publication%5D%29,Blocked,,,data/pubmed_query_observations.json,2026-08-02T20:05:42+00:00
pubmed.ncbi.nlm.nih.gov/,https://pubmed.ncbi.nlm.nih.gov/?term=%28%28%22lipid+nanoparticle%22+OR+LNP+OR+%22RNA+therapeutics%22+OR+mRNA%29+AND+%28%22LC-MS%22+OR+chromatography+OR+%22mass+spectrometry%22%29%29+AND+%28%222026%2F05%2F04%22%5BDate+-+Publication%5D+%3A+%222026%2F08%2F02%22%5BDate+-+Publication%5D%29,403,https://pubmed.ncbi.nlm.nih.gov/?term=%28%28%22lipid+nanoparticle%22+OR+LNP+OR+%22RNA+therapeutics%22+OR+mRNA%29+AND+%28%22LC-MS%22+OR+chromatography+OR+%22mass+spectrometry%22%29%29+AND+%28%222026%2F05%2F04%22%5BDate+-+Publication%5D+%3A+%222026%2F08%2F02%22%5BDate+-+Publication%5D%29,Blocked,,,data/intelligence.json; data/pubmed_query_observations.json,2026-08-02T20:05:42+00:00
pubmed.ncbi.nlm.nih.gov/,https://pubmed.ncbi.nlm.nih.gov/?term=%28%28%22lipid+nanoparticle%22+OR+LNP+OR+%22RNA+therapeutics%22+OR+mRNA%29+AND+%28%22LC-MS%22+OR+chromatography+OR+%22mass+spectrometry%22%29%29+AND+%28%222026%2F05%2F31%22%5BDate+-+Publication%5D+%3A+%222026%2F07%2F30%22%5BDate+-+Publication%5D%29,403,https://pubmed.ncbi.nlm.nih.gov/?term=%28%28%22lipid+nanoparticle%22+OR+LNP+OR+%22RNA+therapeutics%22+OR+mRNA%29+AND+%28%22LC-MS%22+OR+chromatography+OR+%22mass+spectrometry%22%29%29+AND+%28%222026%2F05%2F31%22%5BDate+-+Publication%5D+%3A+%222026%2F07%2F30%22%5BDate+-+Publication%5D%29,Blocked,,,data/pubmed_query_observations.json,2026-08-02T20:05:42+00:00
pubmed.ncbi.nlm.nih.gov/,https://pubmed.ncbi.nlm.nih.gov/?term=%28%28%22lipid+nanoparticle%22+OR+LNP+OR+%22RNA+therapeutics%22+OR+mRNA%29+AND+%28%22LC-MS%22+OR+chromatography+OR+%22mass+spectrometry%22%29%29+AND+%28%222026%2F06%2F01%22%5BDate+-+Publication%5D+%3A+%222026%2F07%2F31%22%5BDate+-+Publication%5D%29,403,https://pubmed.ncbi.nlm.nih.gov/?term=%28%28%22lipid+nanoparticle%22+OR+LNP+OR+%22RNA+therapeutics%22+OR+mRNA%29+AND+%28%22LC-MS%22+OR+chromatography+OR+%22mass+spectrometry%22%29%29+AND+%28%222026%2F06%2F01%22%5BDate+-+Publication%5D+%3A+%222026%2F07%2F31%22%5BDate+-+Publication%5D%29,Blocked,,,data/pubmed_query_observations.json,2026-08-02T20:05:42+00:00
pubmed.ncbi.nlm.nih.gov/,https://pubmed.ncbi.nlm.nih.gov/?term=%28%28%22lipid+nanoparticle%22+OR+LNP+OR+%22RNA+therapeutics%22+OR+mRNA%29+AND+%28%22LC-MS%22+OR+chromatography+OR+%22mass+spectrometry%22%29%29+AND+%28%222026%2F06%2F02%22%5BDate+-+Publication%5D+%3A+%222026%2F08%2F01%22%5BDate+-+Publication%5D%29,403,https://pubmed.ncbi.nlm.nih.gov/?term=%28%28%22lipid+nanoparticle%22+OR+LNP+OR+%22RNA+therapeutics%22+OR+mRNA%29+AND+%28%22LC-MS%22+OR+chromatography+OR+%22mass+spectrometry%22%29%29+AND+%28%222026%2F06%2F02%22%5BDate+-+Publication%5D+%3A+%222026%2F08%2F01%22%5BDate+-+Publication%5D%29,Blocked,,,data/pubmed_query_observations.json,2026-08-02T20:05:43+00:00
pubmed.ncbi.nlm.nih.gov/,https://pubmed.ncbi.nlm.nih.gov/?term=%28%28%22lipid+nanoparticle%22+OR+LNP+OR+%22RNA+therapeutics%22+OR+mRNA%29+AND+%28%22LC-MS%22+OR+chromatography+OR+%22mass+spectrometry%22%29%29+AND+%28%222026%2F06%2F03%22%5BDate+-+Publication%5D+%3A+%222026%2F08%2F02%22%5BDate+-+Publication%5D%29,403,https://pubmed.ncbi.nlm.nih.gov/?term=%28%28%22lipid+nanoparticle%22+OR+LNP+OR+%22RNA+therapeutics%22+OR+mRNA%29+AND+%28%22LC-MS%22+OR+chromatography+OR+%22mass+spectrometry%22%29%29+AND+%28%222026%2F06%2F03%22%5BDate+-+Publication%5D+%3A+%222026%2F08%2F02%22%5BDate+-+Publication%5D%29,Blocked,,,data/intelligence.json; data/pubmed_query_observations.json,2026-08-02T20:05:43+00:00
pubmed.ncbi.nlm.nih.gov/,https://pubmed.ncbi.nlm.nih.gov/?term=%28%28%22lipid+nanoparticle%22+OR+LNP+OR+%22RNA+therapeutics%22+OR+mRNA%29+AND+%28%22LC-MS%22+OR+chromatography+OR+%22mass+spectrometry%22%29%29+AND+%28%222026%2F06%2F30%22%5BDate+-+Publication%5D+%3A+%222026%2F07%2F30%22%5BDate+-+Publication%5D%29,403,https://pubmed.ncbi.nlm.nih.gov/?term=%28%28%22lipid+nanoparticle%22+OR+LNP+OR+%22RNA+therapeutics%22+OR+mRNA%29+AND+%28%22LC-MS%22+OR+chromatography+OR+%22mass+spectrometry%22%29%29+AND+%28%222026%2F06%2F30%22%5BDate+-+Publication%5D+%3A+%222026%2F07%2F30%22%5BDate+-+Publication%5D%29,Blocked,,,data/pubmed_query_observations.json,2026-08-02T20:05:43+00:00
pubmed.ncbi.nlm.nih.gov/,https://pubmed.ncbi.nlm.nih.gov/?term=%28%28%22lipid+nanoparticle%22+OR+LNP+OR+%22RNA+therapeutics%22+OR+mRNA%29+AND+%28%22LC-MS%22+OR+chromatography+OR+%22mass+spectrometry%22%29%29+AND+%28%222026%2F07%2F01%22%5BDate+-+Publication%5D+%3A+%222026%2F07%2F31%22%5BDate+-+Publication%5D%29,403,https://pubmed.ncbi.nlm.nih.gov/?term=%28%28%22lipid+nanoparticle%22+OR+LNP+OR+%22RNA+therapeutics%22+OR+mRNA%29+AND+%28%22LC-MS%22+OR+chromatography+OR+%22mass+spectrometry%22%29%29+AND+%28%222026%2F07%2F01%22%5BDate+-+Publication%5D+%3A+%222026%2F07%2F31%22%5BDate+-+Publication%5D%29,Blocked,,,data/pubmed_query_observations.json,2026-08-02T20:05:43+00:00
pubmed.ncbi.nlm.nih.gov/,https://pubmed.ncbi.nlm.nih.gov/?term=%28%28%22lipid+nanoparticle%22+OR+LNP+OR+%22RNA+therapeutics%22+OR+mRNA%29+AND+%28%22LC-MS%22+OR+chromatography+OR+%22mass+spectrometry%22%29%29+AND+%28%222026%2F07%2F02%22%5BDate+-+Publication%5D+%3A+%222026%2F08%2F01%22%5BDate+-+Publication%5D%29,403,https://pubmed.ncbi.nlm.nih.gov/?term=%28%28%22lipid+nanoparticle%22+OR+LNP+OR+%22RNA+therapeutics%22+OR+mRNA%29+AND+%28%22LC-MS%22+OR+chromatography+OR+%22mass+spectrometry%22%29%29+AND+%28%222026%2F07%2F02%22%5BDate+-+Publication%5D+%3A+%222026%2F08%2F01%22%5BDate+-+Publication%5D%29,Blocked,,,data/pubmed_query_observations.json,2026-08-02T20:05:43+00:00
pubmed.ncbi.nlm.nih.gov/,https://pubmed.ncbi.nlm.nih.gov/?term=%28%28%22lipid+nanoparticle%22+OR+LNP+OR+%22RNA+therapeutics%22+OR+mRNA%29+AND+%28%22LC-MS%22+OR+chromatography+OR+%22mass+spectrometry%22%29%29+AND+%28%222026%2F07%2F03%22%5BDate+-+Publication%5D+%3A+%222026%2F08%2F02%22%5BDate+-+Publication%5D%29,403,https://pubmed.ncbi.nlm.nih.gov/?term=%28%28%22lipid+nanoparticle%22+OR+LNP+OR+%22RNA+therapeutics%22+OR+mRNA%29+AND+%28%22LC-MS%22+OR+chromatography+OR+%22mass+spectrometry%22%29%29+AND+%28%222026%2F07%2F03%22%5BDate+-+Publication%5D+%3A+%222026%2F08%2F02%22%5BDate+-+Publication%5D%29,Blocked,,,data/intelligence.json; data/pubmed_query_observations.json,2026-08-02T20:05:43+00:00
pubmed.ncbi.nlm.nih.gov/,https://pubmed.ncbi.nlm.nih.gov/?term=%28%28PFAS+OR+%22per-+and+polyfluoroalkyl%22%29+AND+%28%22LC-MS%22+OR+%22LC-MS%2FMS%22+OR+chromatography%29%29+AND+%28%222021%2F07%2F31%22%5BDate+-+Publication%5D+%3A+%222026%2F07%2F30%22%5BDate+-+Publication%5D%29,403,https://pubmed.ncbi.nlm.nih.gov/?term=%28%28PFAS+OR+%22per-+and+polyfluoroalkyl%22%29+AND+%28%22LC-MS%22+OR+%22LC-MS%2FMS%22+OR+chromatography%29%29+AND+%28%222021%2F07%2F31%22%5BDate+-+Publication%5D+%3A+%222026%2F07%2F30%22%5BDate+-+Publication%5D%29,Blocked,,,data/pubmed_query_observations.json,2026-08-02T20:05:43+00:00
pubmed.ncbi.nlm.nih.gov/,https://pubmed.ncbi.nlm.nih.gov/?term=%28%28PFAS+OR+%22per-+and+polyfluoroalkyl%22%29+AND+%28%22LC-MS%22+OR+%22LC-MS%2FMS%22+OR+chromatography%29%29+AND+%28%222021%2F08%2F01%22%5BDate+-+Publication%5D+%3A+%222026%2F07%2F31%22%5BDate+-+Publication%5D%29,403,https://pubmed.ncbi.nlm.nih.gov/?term=%28%28PFAS+OR+%22per-+and+polyfluoroalkyl%22%29+AND+%28%22LC-MS%22+OR+%22LC-MS%2FMS%22+OR+chromatography%29%29+AND+%28%222021%2F08%2F01%22%5BDate+-+Publication%5D+%3A+%222026%2F07%2F31%22%5BDate+-+Publication%5D%29,Blocked,,,data/pubmed_query_observations.json,2026-08-02T20:05:43+00:00
pubmed.ncbi.nlm.nih.gov/,https://pubmed.ncbi.nlm.nih.gov/?term=%28%28PFAS+OR+%22per-+and+polyfluoroalkyl%22%29+AND+%28%22LC-MS%22+OR+%22LC-MS%2FMS%22+OR+chromatography%29%29+AND+%28%222021%2F08%2F02%22%5BDate+-+Publication%5D+%3A+%222026%2F08%2F01%22%5BDate+-+Publication%5D%29,403,https://pubmed.ncbi.nlm.nih.gov/?term=%28%28PFAS+OR+%22per-+and+polyfluoroalkyl%22%29+AND+%28%22LC-MS%22+OR+%22LC-MS%2FMS%22+OR+chromatography%29%29+AND+%28%222021%2F08%2F02%22%5BDate+-+Publication%5D+%3A+%222026%2F08%2F01%22%5BDate+-+Publication%5D%29,Blocked,,,data/pubmed_query_observations.json,2026-08-02T20:05:43+00:00
pubmed.ncbi.nlm.nih.gov/,https://pubmed.ncbi.nlm.nih.gov/?term=%28%28PFAS+OR+%22per-+and+polyfluoroalkyl%22%29+AND+%28%22LC-MS%22+OR+%22LC-MS%2FMS%22+OR+chromatography%29%29+AND+%28%222021%2F08%2F03%22%5BDate+-+Publication%5D+%3A+%222026%2F08%2F02%22%5BDate+-+Publication%5D%29,403,https://pubmed.ncbi.nlm.nih.gov/?term=%28%28PFAS+OR+%22per-+and+polyfluoroalkyl%22%29+AND+%28%22LC-MS%22+OR+%22LC-MS%2FMS%22+OR+chromatography%29%29+AND+%28%222021%2F08%2F03%22%5BDate+-+Publication%5D+%3A+%222026%2F08%2F02%22%5BDate+-+Publication%5D%29,Blocked,,,data/intelligence.json; data/pubmed_query_observations.json,2026-08-02T20:05:43+00:00
pubmed.ncbi.nlm.nih.gov/,https://pubmed.ncbi.nlm.nih.gov/?term=%28%28PFAS+OR+%22per-+and+polyfluoroalkyl%22%29+AND+%28%22LC-MS%22+OR+%22LC-MS%2FMS%22+OR+chromatography%29%29+AND+%28%222023%2F07%2F31%22%5BDate+-+Publication%5D+%3A+%222026%2F07%2F30%22%5BDate+-+Publication%5D%29,403,https://pubmed.ncbi.nlm.nih.gov/?term=%28%28PFAS+OR+%22per-+and+polyfluoroalkyl%22%29+AND+%28%22LC-MS%22+OR+%22LC-MS%2FMS%22+OR+chromatography%29%29+AND+%28%222023%2F07%2F31%22%5BDate+-+Publication%5D+%3A+%222026%2F07%2F30%22%5BDate+-+Publication%5D%29,Blocked,,,data/pubmed_query_observations.json,2026-08-02T20:05:43+00:00
pubmed.ncbi.nlm.nih.gov/,https://pubmed.ncbi.nlm.nih.gov/?term=%28%28PFAS+OR+%22per-+and+polyfluoroalkyl%22%29+AND+%28%22LC-MS%22+OR+%22LC-MS%2FMS%22+OR+chromatography%29%29+AND+%28%222023%2F08%2F01%22%5BDate+-+Publication%5D+%3A+%222026%2F07%2F31%22%5BDate+-+Publication%5D%29,403,https://pubmed.ncbi.nlm.nih.gov/?term=%28%28PFAS+OR+%22per-+and+polyfluoroalkyl%22%29+AND+%28%22LC-MS%22+OR+%22LC-MS%2FMS%22+OR+chromatography%29%29+AND+%28%222023%2F08%2F01%22%5BDate+-+Publication%5D+%3A+%222026%2F07%2F31%22%5BDate+-+Publication%5D%29,Blocked,,,data/pubmed_query_observations.json,2026-08-02T20:05:43+00:00
pubmed.ncbi.nlm.nih.gov/,https://pubmed.ncbi.nlm.nih.gov/?term=%28%28PFAS+OR+%22per-+and+polyfluoroalkyl%22%29+AND+%28%22LC-MS%22+OR+%22LC-MS%2FMS%22+OR+chromatography%29%29+AND+%28%222023%2F08%2F02%22%5BDate+-+Publication%5D+%3A+%222026%2F08%2F01%22%5BDate+-+Publication%5D%29,403,https://pubmed.ncbi.nlm.nih.gov/?term=%28%28PFAS+OR+%22per-+and+polyfluoroalkyl%22%29+AND+%28%22LC-MS%22+OR+%22LC-MS%2FMS%22+OR+chromatography%29%29+AND+%28%222023%2F08%2F02%22%5BDate+-+Publication%5D+%3A+%222026%2F08%2F01%22%5BDate+-+Publication%5D%29,Blocked,,,data/pubmed_query_observations.json,2026-08-02T20:05:43+00:00
pubmed.ncbi.nlm.nih.gov/,https://pubmed.ncbi.nlm.nih.gov/?term=%28%28PFAS+OR+%22per-+and+polyfluoroalkyl%22%29+AND+%28%22LC-MS%22+OR+%22LC-MS%2FMS%22+OR+chromatography%29%29+AND+%28%222023%2F08%2F03%22%5BDate+-+Publication%5D+%3A+%222026%2F08%2F02%22%5BDate+-+Publication%5D%29,403,https://pubmed.ncbi.nlm.nih.gov/?term=%28%28PFAS+OR+%22per-+and+polyfluoroalkyl%22%29+AND+%28%22LC-MS%22+OR+%22LC-MS%2FMS%22+OR+chromatography%29%29+AND+%28%222023%2F08%2F03%22%5BDate+-+Publication%5D+%3A+%222026%2F08%2F02%22%5BDate+-+Publication%5D%29,Blocked,,,data/intelligence.json; data/pubmed_query_observations.json,2026-08-02T20:05:43+00:00
pubmed.ncbi.nlm.nih.gov/,https://pubmed.ncbi.nlm.nih.gov/?term=%28%28PFAS+OR+%22per-+and+polyfluoroalkyl%22%29+AND+%28%22LC-MS%22+OR+%22LC-MS%2FMS%22+OR+chromatography%29%29+AND+%28%222025%2F07%2F30%22%5BDate+-+Publication%5D+%3A+%222026%2F07%2F30%22%5BDate+-+Publication%5D%29,403,https://pubmed.ncbi.nlm.nih.gov/?term=%28%28PFAS+OR+%22per-+and+polyfluoroalkyl%22%29+AND+%28%22LC-MS%22+OR+%22LC-MS%2FMS%22+OR+chromatography%29%29+AND+%28%222025%2F07%2F30%22%5BDate+-+Publication%5D+%3A+%222026%2F07%2F30%22%5BDate+-+Publication%5D%29,Blocked,,,data/pubmed_query_observations.json,2026-08-02T20:05:43+00:00
pubmed.ncbi.nlm.nih.gov/,https://pubmed.ncbi.nlm.nih.gov/?term=%28%28PFAS+OR+%22per-+and+polyfluoroalkyl%22%29+AND+%28%22LC-MS%22+OR+%22LC-MS%2FMS%22+OR+chromatography%29%29+AND+%28%222025%2F07%2F31%22%5BDate+-+Publication%5D+%3A+%222026%2F07%2F31%22%5BDate+-+Publication%5D%29,403,https://pubmed.ncbi.nlm.nih.gov/?term=%28%28PFAS+OR+%22per-+and+polyfluoroalkyl%22%29+AND+%28%22LC-MS%22+OR+%22LC-MS%2FMS%22+OR+chromatography%29%29+AND+%28%222025%2F07%2F31%22%5BDate+-+Publication%5D+%3A+%222026%2F07%2F31%22%5BDate+-+Publication%5D%29,Blocked,,,data/pubmed_query_observations.json,2026-08-02T20:05:43+00:00
pubmed.ncbi.nlm.nih.gov/,https://pubmed.ncbi.nlm.nih.gov/?term=%28%28PFAS+OR+%22per-+and+polyfluoroalkyl%22%29+AND+%28%22LC-MS%22+OR+%22LC-MS%2FMS%22+OR+chromatography%29%29+AND+%28%222025%2F08%2F01%22%5BDate+-+Publication%5D+%3A+%222026%2F08%2F01%22%5BDate+-+Publication%5D%29,403,https://pubmed.ncbi.nlm.nih.gov/?term=%28%28PFAS+OR+%22per-+and+polyfluoroalkyl%22%29+AND+%28%22LC-MS%22+OR+%22LC-MS%2FMS%22+OR+chromatography%29%29+AND+%28%222025%2F08%2F01%22%5BDate+-+Publication%5D+%3A+%222026%2F08%2F01%22%5BDate+-+Publication%5D%29,Blocked,,,data/pubmed_query_observations.json,2026-08-02T20:05:43+00:00
pubmed.ncbi.nlm.nih.gov/,https://pubmed.ncbi.nlm.nih.gov/?term=%28%28PFAS+OR+%22per-+and+polyfluoroalkyl%22%29+AND+%28%22LC-MS%22+OR+%22LC-MS%2FMS%22+OR+chromatography%29%29+AND+%28%222025%2F08%2F02%22%5BDate+-+Publication%5D+%3A+%222026%2F08%2F02%22%5BDate+-+Publication%5D%29,403,https://pubmed.ncbi.nlm.nih.gov/?term=%28%28PFAS+OR+%22per-+and+polyfluoroalkyl%22%29+AND+%28%22LC-MS%22+OR+%22LC-MS%2FMS%22+OR+chromatography%29%29+AND+%28%222025%2F08%2F02%22%5BDate+-+Publication%5D+%3A+%222026%2F08%2F02%22%5BDate+-+Publication%5D%29,Blocked,,,data/intelligence.json; data/pubmed_query_observations.json,2026-08-02T20:05:43+00:00
pubmed.ncbi.nlm.nih.gov/,https://pubmed.ncbi.nlm.nih.gov/?term=%28%28PFAS+OR+%22per-+and+polyfluoroalkyl%22%29+AND+%28%22LC-MS%22+OR+%22LC-MS%2FMS%22+OR+chromatography%29%29+AND+%28%222026%2F05%2F01%22%5BDate+-+Publication%5D+%3A+%222026%2F07%2F30%22%5BDate+-+Publication%5D%29,403,https://pubmed.ncbi.nlm.nih.gov/?term=%28%28PFAS+OR+%22per-+and+polyfluoroalkyl%22%29+AND+%28%22LC-MS%22+OR+%22LC-MS%2FMS%22+OR+chromatography%29%29+AND+%28%222026%2F05%2F01%22%5BDate+-+Publication%5D+%3A+%222026%2F07%2F30%22%5BDate+-+Publication%5D%29,Blocked,,,data/pubmed_query_observations.json,2026-08-02T20:05:43+00:00
pubmed.ncbi.nlm.nih.gov/,https://pubmed.ncbi.nlm.nih.gov/?term=%28%28PFAS+OR+%22per-+and+polyfluoroalkyl%22%29+AND+%28%22LC-MS%22+OR+%22LC-MS%2FMS%22+OR+chromatography%29%29+AND+%28%222026%2F05%2F02%22%5BDate+-+Publication%5D+%3A+%222026%2F07%2F31%22%5BDate+-+Publication%5D%29,403,https://pubmed.ncbi.nlm.nih.gov/?term=%28%28PFAS+OR+%22per-+and+polyfluoroalkyl%22%29+AND+%28%22LC-MS%22+OR+%22LC-MS%2FMS%22+OR+chromatography%29%29+AND+%28%222026%2F05%2F02%22%5BDate+-+Publication%5D+%3A+%222026%2F07%2F31%22%5BDate+-+Publication%5D%29,Blocked,,,data/pubmed_query_observations.json,2026-08-02T20:05:44+00:00
pubmed.ncbi.nlm.nih.gov/,https://pubmed.ncbi.nlm.nih.gov/?term=%28%28PFAS+OR+%22per-+and+polyfluoroalkyl%22%29+AND+%28%22LC-MS%22+OR+%22LC-MS%2FMS%22+OR+chromatography%29%29+AND+%28%222026%2F05%2F03%22%5BDate+-+Publication%5D+%3A+%222026%2F08%2F01%22%5BDate+-+Publication%5D%29,403,https://pubmed.ncbi.nlm.nih.gov/?term=%28%28PFAS+OR+%22per-+and+polyfluoroalkyl%22%29+AND+%28%22LC-MS%22+OR+%22LC-MS%2FMS%22+OR+chromatography%29%29+AND+%28%222026%2F05%2F03%22%5BDate+-+Publication%5D+%3A+%222026%2F08%2F01%22%5BDate+-+Publication%5D%29,Blocked,,,data/pubmed_query_observations.json,2026-08-02T20:05:44+00:00
pubmed.ncbi.nlm.nih.gov/,https://pubmed.ncbi.nlm.nih.gov/?term=%28%28PFAS+OR+%22per-+and+polyfluoroalkyl%22%29+AND+%28%22LC-MS%22+OR+%22LC-MS%2FMS%22+OR+chromatography%29%29+AND+%28%222026%2F05%2F04%22%5BDate+-+Publication%5D+%3A+%222026%2F08%2F02%22%5BDate+-+Publication%5D%29,403,https://pubmed.ncbi.nlm.nih.gov/?term=%28%28PFAS+OR+%22per-+and+polyfluoroalkyl%22%29+AND+%28%22LC-MS%22+OR+%22LC-MS%2FMS%22+OR+chromatography%29%29+AND+%28%222026%2F05%2F04%22%5BDate+-+Publication%5D+%3A+%222026%2F08%2F02%22%5BDate+-+Publication%5D%29,Blocked,,,data/intelligence.json; data/pubmed_query_observations.json,2026-08-02T20:05:44+00:00
pubmed.ncbi.nlm.nih.gov/,https://pubmed.ncbi.nlm.nih.gov/?term=%28%28PFAS+OR+%22per-+and+polyfluoroalkyl%22%29+AND+%28%22LC-MS%22+OR+%22LC-MS%2FMS%22+OR+chromatography%29%29+AND+%28%222026%2F05%2F31%22%5BDate+-+Publication%5D+%3A+%222026%2F07%2F30%22%5BDate+-+Publication%5D%29,403,https://pubmed.ncbi.nlm.nih.gov/?term=%28%28PFAS+OR+%22per-+and+polyfluoroalkyl%22%29+AND+%28%22LC-MS%22+OR+%22LC-MS%2FMS%22+OR+chromatography%29%29+AND+%28%222026%2F05%2F31%22%5BDate+-+Publication%5D+%3A+%222026%2F07%2F30%22%5BDate+-+Publication%5D%29,Blocked,,,data/pubmed_query_observations.json,2026-08-02T20:05:44+00:00
pubmed.ncbi.nlm.nih.gov/,https://pubmed.ncbi.nlm.nih.gov/?term=%28%28PFAS+OR+%22per-+and+polyfluoroalkyl%22%29+AND+%28%22LC-MS%22+OR+%22LC-MS%2FMS%22+OR+chromatography%29%29+AND+%28%222026%2F06%2F01%22%5BDate+-+Publication%5D+%3A+%222026%2F07%2F31%22%5BDate+-+Publication%5D%29,403,https://pubmed.ncbi.nlm.nih.gov/?term=%28%28PFAS+OR+%22per-+and+polyfluoroalkyl%22%29+AND+%28%22LC-MS%22+OR+%22LC-MS%2FMS%22+OR+chromatography%29%29+AND+%28%222026%2F06%2F01%22%5BDate+-+Publication%5D+%3A+%222026%2F07%2F31%22%5BDate+-+Publication%5D%29,Blocked,,,data/pubmed_query_observations.json,2026-08-02T20:05:44+00:00
pubmed.ncbi.nlm.nih.gov/,https://pubmed.ncbi.nlm.nih.gov/?term=%28%28PFAS+OR+%22per-+and+polyfluoroalkyl%22%29+AND+%28%22LC-MS%22+OR+%22LC-MS%2FMS%22+OR+chromatography%29%29+AND+%28%222026%2F06%2F02%22%5BDate+-+Publication%5D+%3A+%222026%2F08%2F01%22%5BDate+-+Publication%5D%29,403,https://pubmed.ncbi.nlm.nih.gov/?term=%28%28PFAS+OR+%22per-+and+polyfluoroalkyl%22%29+AND+%28%22LC-MS%22+OR+%22LC-MS%2FMS%22+OR+chromatography%29%29+AND+%28%222026%2F06%2F02%22%5BDate+-+Publication%5D+%3A+%222026%2F08%2F01%22%5BDate+-+Publication%5D%29,Blocked,,,data/pubmed_query_observations.json,2026-08-02T20:05:44+00:00
pubmed.ncbi.nlm.nih.gov/,https://pubmed.ncbi.nlm.nih.gov/?term=%28%28PFAS+OR+%22per-+and+polyfluoroalkyl%22%29+AND+%28%22LC-MS%22+OR+%22LC-MS%2FMS%22+OR+chromatography%29%29+AND+%28%222026%2F06%2F03%22%5BDate+-+Publication%5D+%3A+%222026%2F08%2F02%22%5BDate+-+Publication%5D%29,403,https://pubmed.ncbi.nlm.nih.gov/?term=%28%28PFAS+OR+%22per-+and+polyfluoroalkyl%22%29+AND+%28%22LC-MS%22+OR+%22LC-MS%2FMS%22+OR+chromatography%29%29+AND+%28%222026%2F06%2F03%22%5BDate+-+Publication%5D+%3A+%222026%2F08%2F02%22%5BDate+-+Publication%5D%29,Blocked,,,data/intelligence.json; data/pubmed_query_observations.json,2026-08-02T20:05:44+00:00
pubmed.ncbi.nlm.nih.gov/,https://pubmed.ncbi.nlm.nih.gov/?term=%28%28PFAS+OR+%22per-+and+polyfluoroalkyl%22%29+AND+%28%22LC-MS%22+OR+%22LC-MS%2FMS%22+OR+chromatography%29%29+AND+%28%222026%2F06%2F30%22%5BDate+-+Publication%5D+%3A+%222026%2F07%2F30%22%5BDate+-+Publication%5D%29,403,https://pubmed.ncbi.nlm.nih.gov/?term=%28%28PFAS+OR+%22per-+and+polyfluoroalkyl%22%29+AND+%28%22LC-MS%22+OR+%22LC-MS%2FMS%22+OR+chromatography%29%29+AND+%28%222026%2F06%2F30%22%5BDate+-+Publication%5D+%3A+%222026%2F07%2F30%22%5BDate+-+Publication%5D%29,Blocked,,,data/pubmed_query_observations.json,2026-08-02T20:05:44+00:00
pubmed.ncbi.nlm.nih.gov/,https://pubmed.ncbi.nlm.nih.gov/?term=%28%28PFAS+OR+%22per-+and+polyfluoroalkyl%22%29+AND+%28%22LC-MS%22+OR+%22LC-MS%2FMS%22+OR+chromatography%29%29+AND+%28%222026%2F07%2F01%22%5BDate+-+Publication%5D+%3A+%222026%2F07%2F31%22%5BDate+-+Publication%5D%29,403,https://pubmed.ncbi.nlm.nih.gov/?term=%28%28PFAS+OR+%22per-+and+polyfluoroalkyl%22%29+AND+%28%22LC-MS%22+OR+%22LC-MS%2FMS%22+OR+chromatography%29%29+AND+%28%222026%2F07%2F01%22%5BDate+-+Publication%5D+%3A+%222026%2F07%2F31%22%5BDate+-+Publication%5D%29,Blocked,,,data/pubmed_query_observations.json,2026-08-02T20:05:44+00:00
pubmed.ncbi.nlm.nih.gov/,https://pubmed.ncbi.nlm.nih.gov/?term=%28%28PFAS+OR+%22per-+and+polyfluoroalkyl%22%29+AND+%28%22LC-MS%22+OR+%22LC-MS%2FMS%22+OR+chromatography%29%29+AND+%28%222026%2F07%2F02%22%5BDate+-+Publication%5D+%3A+%222026%2F08%2F01%22%5BDate+-+Publication%5D%29,403,https://pubmed.ncbi.nlm.nih.gov/?term=%28%28PFAS+OR+%22per-+and+polyfluoroalkyl%22%29+AND+%28%22LC-MS%22+OR+%22LC-MS%2FMS%22+OR+chromatography%29%29+AND+%28%222026%2F07%2F02%22%5BDate+-+Publication%5D+%3A+%222026%2F08%2F01%22%5BDate+-+Publication%5D%29,Blocked,,,data/pubmed_query_observations.json,2026-08-02T20:05:44+00:00
pubmed.ncbi.nlm.nih.gov/,https://pubmed.ncbi.nlm.nih.gov/?term=%28%28PFAS+OR+%22per-+and+polyfluoroalkyl%22%29+AND+%28%22LC-MS%22+OR+%22LC-MS%2FMS%22+OR+chromatography%29%29+AND+%28%222026%2F07%2F03%22%5BDate+-+Publication%5D+%3A+%222026%2F08%2F02%22%5BDate+-+Publication%5D%29,403,https://pubmed.ncbi.nlm.nih.gov/?term=%28%28PFAS+OR+%22per-+and+polyfluoroalkyl%22%29+AND+%28%22LC-MS%22+OR+%22LC-MS%2FMS%22+OR+chromatography%29%29+AND+%28%222026%2F07%2F03%22%5BDate+-+Publication%5D+%3A+%222026%2F08%2F02%22%5BDate+-+Publication%5D%29,Blocked,,,data/intelligence.json; data/pubmed_query_observations.json,2026-08-02T20:05:44+00:00
pubmed.ncbi.nlm.nih.gov/,https://pubmed.ncbi.nlm.nih.gov/?term=%28%28oligonucleotide+OR+%22nucleic+acid%22+OR+siRNA%29+AND+%28%22LC-MS%22+OR+chromatography+OR+%22mass+spectrometry%22%29%29+AND+%28%222021%2F07%2F31%22%5BDate+-+Publication%5D+%3A+%222026%2F07%2F30%22%5BDate+-+Publication%5D%29,403,https://pubmed.ncbi.nlm.nih.gov/?term=%28%28oligonucleotide+OR+%22nucleic+acid%22+OR+siRNA%29+AND+%28%22LC-MS%22+OR+chromatography+OR+%22mass+spectrometry%22%29%29+AND+%28%222021%2F07%2F31%22%5BDate+-+Publication%5D+%3A+%222026%2F07%2F30%22%5BDate+-+Publication%5D%29,Blocked,,,data/pubmed_query_observations.json,2026-08-02T20:05:44+00:00
pubmed.ncbi.nlm.nih.gov/,https://pubmed.ncbi.nlm.nih.gov/?term=%28%28oligonucleotide+OR+%22nucleic+acid%22+OR+siRNA%29+AND+%28%22LC-MS%22+OR+chromatography+OR+%22mass+spectrometry%22%29%29+AND+%28%222021%2F08%2F01%22%5BDate+-+Publication%5D+%3A+%222026%2F07%2F31%22%5BDate+-+Publication%5D%29,403,https://pubmed.ncbi.nlm.nih.gov/?term=%28%28oligonucleotide+OR+%22nucleic+acid%22+OR+siRNA%29+AND+%28%22LC-MS%22+OR+chromatography+OR+%22mass+spectrometry%22%29%29+AND+%28%222021%2F08%2F01%22%5BDate+-+Publication%5D+%3A+%222026%2F07%2F31%22%5BDate+-+Publication%5D%29,Blocked,,,data/pubmed_query_observations.json,2026-08-02T20:05:44+00:00
pubmed.ncbi.nlm.nih.gov/,https://pubmed.ncbi.nlm.nih.gov/?term=%28%28oligonucleotide+OR+%22nucleic+acid%22+OR+siRNA%29+AND+%28%22LC-MS%22+OR+chromatography+OR+%22mass+spectrometry%22%29%29+AND+%28%222021%2F08%2F02%22%5BDate+-+Publication%5D+%3A+%222026%2F08%2F01%22%5BDate+-+Publication%5D%29,403,https://pubmed.ncbi.nlm.nih.gov/?term=%28%28oligonucleotide+OR+%22nucleic+acid%22+OR+siRNA%29+AND+%28%22LC-MS%22+OR+chromatography+OR+%22mass+spectrometry%22%29%29+AND+%28%222021%2F08%2F02%22%5BDate+-+Publication%5D+%3A+%222026%2F08%2F01%22%5BDate+-+Publication%5D%29,Blocked,,,data/pubmed_query_observations.json,2026-08-02T20:05:44+00:00
pubmed.ncbi.nlm.nih.gov/,https://pubmed.ncbi.nlm.nih.gov/?term=%28%28oligonucleotide+OR+%22nucleic+acid%22+OR+siRNA%29+AND+%28%22LC-MS%22+OR+chromatography+OR+%22mass+spectrometry%22%29%29+AND+%28%222021%2F08%2F03%22%5BDate+-+Publication%5D+%3A+%222026%2F08%2F02%22%5BDate+-+Publication%5D%29,403,https://pubmed.ncbi.nlm.nih.gov/?term=%28%28oligonucleotide+OR+%22nucleic+acid%22+OR+siRNA%29+AND+%28%22LC-MS%22+OR+chromatography+OR+%22mass+spectrometry%22%29%29+AND+%28%222021%2F08%2F03%22%5BDate+-+Publication%5D+%3A+%222026%2F08%2F02%22%5BDate+-+Publication%5D%29,Blocked,,,data/intelligence.json; data/pubmed_query_observations.json,2026-08-02T20:05:44+00:00
pubmed.ncbi.nlm.nih.gov/,https://pubmed.ncbi.nlm.nih.gov/?term=%28%28oligonucleotide+OR+%22nucleic+acid%22+OR+siRNA%29+AND+%28%22LC-MS%22+OR+chromatography+OR+%22mass+spectrometry%22%29%29+AND+%28%222023%2F07%2F31%22%5BDate+-+Publication%5D+%3A+%222026%2F07%2F30%22%5BDate+-+Publication%5D%29,403,https://pubmed.ncbi.nlm.nih.gov/?term=%28%28oligonucleotide+OR+%22nucleic+acid%22+OR+siRNA%29+AND+%28%22LC-MS%22+OR+chromatography+OR+%22mass+spectrometry%22%29%29+AND+%28%222023%2F07%2F31%22%5BDate+-+Publication%5D+%3A+%222026%2F07%2F30%22%5BDate+-+Publication%5D%29,Blocked,,,data/pubmed_query_observations.json,2026-08-02T20:05:44+00:00
pubmed.ncbi.nlm.nih.gov/,https://pubmed.ncbi.nlm.nih.gov/?term=%28%28oligonucleotide+OR+%22nucleic+acid%22+OR+siRNA%29+AND+%28%22LC-MS%22+OR+chromatography+OR+%22mass+spectrometry%22%29%29+AND+%28%222023%2F08%2F01%22%5BDate+-+Publication%5D+%3A+%222026%2F07%2F31%22%5BDate+-+Publication%5D%29,403,https://pubmed.ncbi.nlm.nih.gov/?term=%28%28oligonucleotide+OR+%22nucleic+acid%22+OR+siRNA%29+AND+%28%22LC-MS%22+OR+chromatography+OR+%22mass+spectrometry%22%29%29+AND+%28%222023%2F08%2F01%22%5BDate+-+Publication%5D+%3A+%222026%2F07%2F31%22%5BDate+-+Publication%5D%29,Blocked,,,data/pubmed_query_observations.json,2026-08-02T20:05:44+00:00
pubmed.ncbi.nlm.nih.gov/,https://pubmed.ncbi.nlm.nih.gov/?term=%28%28oligonucleotide+OR+%22nucleic+acid%22+OR+siRNA%29+AND+%28%22LC-MS%22+OR+chromatography+OR+%22mass+spectrometry%22%29%29+AND+%28%222023%2F08%2F02%22%5BDate+-+Publication%5D+%3A+%222026%2F08%2F01%22%5BDate+-+Publication%5D%29,403,https://pubmed.ncbi.nlm.nih.gov/?term=%28%28oligonucleotide+OR+%22nucleic+acid%22+OR+siRNA%29+AND+%28%22LC-MS%22+OR+chromatography+OR+%22mass+spectrometry%22%29%29+AND+%28%222023%2F08%2F02%22%5BDate+-+Publication%5D+%3A+%222026%2F08%2F01%22%5BDate+-+Publication%5D%29,Blocked,,,data/pubmed_query_observations.json,2026-08-02T20:05:45+00:00
pubmed.ncbi.nlm.nih.gov/,https://pubmed.ncbi.nlm.nih.gov/?term=%28%28oligonucleotide+OR+%22nucleic+acid%22+OR+siRNA%29+AND+%28%22LC-MS%22+OR+chromatography+OR+%22mass+spectrometry%22%29%29+AND+%28%222023%2F08%2F03%22%5BDate+-+Publication%5D+%3A+%222026%2F08%2F02%22%5BDate+-+Publication%5D%29,403,https://pubmed.ncbi.nlm.nih.gov/?term=%28%28oligonucleotide+OR+%22nucleic+acid%22+OR+siRNA%29+AND+%28%22LC-MS%22+OR+chromatography+OR+%22mass+spectrometry%22%29%29+AND+%28%222023%2F08%2F03%22%5BDate+-+Publication%5D+%3A+%222026%2F08%2F02%22%5BDate+-+Publication%5D%29,Blocked,,,data/intelligence.json; data/pubmed_query_observations.json,2026-08-02T20:05:45+00:00
pubmed.ncbi.nlm.nih.gov/,https://pubmed.ncbi.nlm.nih.gov/?term=%28%28oligonucleotide+OR+%22nucleic+acid%22+OR+siRNA%29+AND+%28%22LC-MS%22+OR+chromatography+OR+%22mass+spectrometry%22%29%29+AND+%28%222025%2F07%2F30%22%5BDate+-+Publication%5D+%3A+%222026%2F07%2F30%22%5BDate+-+Publication%5D%29,403,https://pubmed.ncbi.nlm.nih.gov/?term=%28%28oligonucleotide+OR+%22nucleic+acid%22+OR+siRNA%29+AND+%28%22LC-MS%22+OR+chromatography+OR+%22mass+spectrometry%22%29%29+AND+%28%222025%2F07%2F30%22%5BDate+-+Publication%5D+%3A+%222026%2F07%2F30%22%5BDate+-+Publication%5D%29,Blocked,,,data/pubmed_query_observations.json,2026-08-02T20:05:45+00:00
pubmed.ncbi.nlm.nih.gov/,https://pubmed.ncbi.nlm.nih.gov/?term=%28%28oligonucleotide+OR+%22nucleic+acid%22+OR+siRNA%29+AND+%28%22LC-MS%22+OR+chromatography+OR+%22mass+spectrometry%22%29%29+AND+%28%222025%2F07%2F31%22%5BDate+-+Publication%5D+%3A+%222026%2F07%2F31%22%5BDate+-+Publication%5D%29,403,https://pubmed.ncbi.nlm.nih.gov/?term=%28%28oligonucleotide+OR+%22nucleic+acid%22+OR+siRNA%29+AND+%28%22LC-MS%22+OR+chromatography+OR+%22mass+spectrometry%22%29%29+AND+%28%222025%2F07%2F31%22%5BDate+-+Publication%5D+%3A+%222026%2F07%2F31%22%5BDate+-+Publication%5D%29,Blocked,,,data/pubmed_query_observations.json,2026-08-02T20:05:45+00:00
pubmed.ncbi.nlm.nih.gov/,https://pubmed.ncbi.nlm.nih.gov/?term=%28%28oligonucleotide+OR+%22nucleic+acid%22+OR+siRNA%29+AND+%28%22LC-MS%22+OR+chromatography+OR+%22mass+spectrometry%22%29%29+AND+%28%222025%2F08%2F01%22%5BDate+-+Publication%5D+%3A+%222026%2F08%2F01%22%5BDate+-+Publication%5D%29,403,https://pubmed.ncbi.nlm.nih.gov/?term=%28%28oligonucleotide+OR+%22nucleic+acid%22+OR+siRNA%29+AND+%28%22LC-MS%22+OR+chromatography+OR+%22mass+spectrometry%22%29%29+AND+%28%222025%2F08%2F01%22%5BDate+-+Publication%5D+%3A+%222026%2F08%2F01%22%5BDate+-+Publication%5D%29,Blocked,,,data/pubmed_query_observations.json,2026-08-02T20:05:45+00:00
pubmed.ncbi.nlm.nih.gov/,https://pubmed.ncbi.nlm.nih.gov/?term=%28%28oligonucleotide+OR+%22nucleic+acid%22+OR+siRNA%29+AND+%28%22LC-MS%22+OR+chromatography+OR+%22mass+spectrometry%22%29%29+AND+%28%222025%2F08%2F02%22%5BDate+-+Publication%5D+%3A+%222026%2F08%2F02%22%5BDate+-+Publication%5D%29,403,https://pubmed.ncbi.nlm.nih.gov/?term=%28%28oligonucleotide+OR+%22nucleic+acid%22+OR+siRNA%29+AND+%28%22LC-MS%22+OR+chromatography+OR+%22mass+spectrometry%22%29%29+AND+%28%222025%2F08%2F02%22%5BDate+-+Publication%5D+%3A+%222026%2F08%2F02%22%5BDate+-+Publication%5D%29,Blocked,,,data/intelligence.json; data/pubmed_query_observations.json,2026-08-02T20:05:45+00:00
pubmed.ncbi.nlm.nih.gov/,https://pubmed.ncbi.nlm.nih.gov/?term=%28%28oligonucleotide+OR+%22nucleic+acid%22+OR+siRNA%29+AND+%28%22LC-MS%22+OR+chromatography+OR+%22mass+spectrometry%22%29%29+AND+%28%222026%2F05%2F01%22%5BDate+-+Publication%5D+%3A+%222026%2F07%2F30%22%5BDate+-+Publication%5D%29,403,https://pubmed.ncbi.nlm.nih.gov/?term=%28%28oligonucleotide+OR+%22nucleic+acid%22+OR+siRNA%29+AND+%28%22LC-MS%22+OR+chromatography+OR+%22mass+spectrometry%22%29%29+AND+%28%222026%2F05%2F01%22%5BDate+-+Publication%5D+%3A+%222026%2F07%2F30%22%5BDate+-+Publication%5D%29,Blocked,,,data/pubmed_query_observations.json,2026-08-02T20:05:45+00:00
pubmed.ncbi.nlm.nih.gov/,https://pubmed.ncbi.nlm.nih.gov/?term=%28%28oligonucleotide+OR+%22nucleic+acid%22+OR+siRNA%29+AND+%28%22LC-MS%22+OR+chromatography+OR+%22mass+spectrometry%22%29%29+AND+%28%222026%2F05%2F02%22%5BDate+-+Publication%5D+%3A+%222026%2F07%2F31%22%5BDate+-+Publication%5D%29,403,https://pubmed.ncbi.nlm.nih.gov/?term=%28%28oligonucleotide+OR+%22nucleic+acid%22+OR+siRNA%29+AND+%28%22LC-MS%22+OR+chromatography+OR+%22mass+spectrometry%22%29%29+AND+%28%222026%2F05%2F02%22%5BDate+-+Publication%5D+%3A+%222026%2F07%2F31%22%5BDate+-+Publication%5D%29,Blocked,,,data/pubmed_query_observations.json,2026-08-02T20:05:45+00:00
pubmed.ncbi.nlm.nih.gov/,https://pubmed.ncbi.nlm.nih.gov/?term=%28%28oligonucleotide+OR+%22nucleic+acid%22+OR+siRNA%29+AND+%28%22LC-MS%22+OR+chromatography+OR+%22mass+spectrometry%22%29%29+AND+%28%222026%2F05%2F03%22%5BDate+-+Publication%5D+%3A+%222026%2F08%2F01%22%5BDate+-+Publication%5D%29,403,https://pubmed.ncbi.nlm.nih.gov/?term=%28%28oligonucleotide+OR+%22nucleic+acid%22+OR+siRNA%29+AND+%28%22LC-MS%22+OR+chromatography+OR+%22mass+spectrometry%22%29%29+AND+%28%222026%2F05%2F03%22%5BDate+-+Publication%5D+%3A+%222026%2F08%2F01%22%5BDate+-+Publication%5D%29,Blocked,,,data/pubmed_query_observations.json,2026-08-02T20:05:45+00:00
pubmed.ncbi.nlm.nih.gov/,https://pubmed.ncbi.nlm.nih.gov/?term=%28%28oligonucleotide+OR+%22nucleic+acid%22+OR+siRNA%29+AND+%28%22LC-MS%22+OR+chromatography+OR+%22mass+spectrometry%22%29%29+AND+%28%222026%2F05%2F04%22%5BDate+-+Publication%5D+%3A+%222026%2F08%2F02%22%5BDate+-+Publication%5D%29,403,https://pubmed.ncbi.nlm.nih.gov/?term=%28%28oligonucleotide+OR+%22nucleic+acid%22+OR+siRNA%29+AND+%28%22LC-MS%22+OR+chromatography+OR+%22mass+spectrometry%22%29%29+AND+%28%222026%2F05%2F04%22%5BDate+-+Publication%5D+%3A+%222026%2F08%2F02%22%5BDate+-+Publication%5D%29,Blocked,,,data/intelligence.json; data/pubmed_query_observations.json,2026-08-02T20:05:45+00:00
pubmed.ncbi.nlm.nih.gov/,https://pubmed.ncbi.nlm.nih.gov/?term=%28%28oligonucleotide+OR+%22nucleic+acid%22+OR+siRNA%29+AND+%28%22LC-MS%22+OR+chromatography+OR+%22mass+spectrometry%22%29%29+AND+%28%222026%2F05%2F31%22%5BDate+-+Publication%5D+%3A+%222026%2F07%2F30%22%5BDate+-+Publication%5D%29,403,https://pubmed.ncbi.nlm.nih.gov/?term=%28%28oligonucleotide+OR+%22nucleic+acid%22+OR+siRNA%29+AND+%28%22LC-MS%22+OR+chromatography+OR+%22mass+spectrometry%22%29%29+AND+%28%222026%2F05%2F31%22%5BDate+-+Publication%5D+%3A+%222026%2F07%2F30%22%5BDate+-+Publication%5D%29,Blocked,,,data/pubmed_query_observations.json,2026-08-02T20:05:45+00:00
pubmed.ncbi.nlm.nih.gov/,https://pubmed.ncbi.nlm.nih.gov/?term=%28%28oligonucleotide+OR+%22nucleic+acid%22+OR+siRNA%29+AND+%28%22LC-MS%22+OR+chromatography+OR+%22mass+spectrometry%22%29%29+AND+%28%222026%2F06%2F01%22%5BDate+-+Publication%5D+%3A+%222026%2F07%2F31%22%5BDate+-+Publication%5D%29,403,https://pubmed.ncbi.nlm.nih.gov/?term=%28%28oligonucleotide+OR+%22nucleic+acid%22+OR+siRNA%29+AND+%28%22LC-MS%22+OR+chromatography+OR+%22mass+spectrometry%22%29%29+AND+%28%222026%2F06%2F01%22%5BDate+-+Publication%5D+%3A+%222026%2F07%2F31%22%5BDate+-+Publication%5D%29,Blocked,,,data/pubmed_query_observations.json,2026-08-02T20:05:45+00:00
pubmed.ncbi.nlm.nih.gov/,https://pubmed.ncbi.nlm.nih.gov/?term=%28%28oligonucleotide+OR+%22nucleic+acid%22+OR+siRNA%29+AND+%28%22LC-MS%22+OR+chromatography+OR+%22mass+spectrometry%22%29%29+AND+%28%222026%2F06%2F02%22%5BDate+-+Publication%5D+%3A+%222026%2F08%2F01%22%5BDate+-+Publication%5D%29,403,https://pubmed.ncbi.nlm.nih.gov/?term=%28%28oligonucleotide+OR+%22nucleic+acid%22+OR+siRNA%29+AND+%28%22LC-MS%22+OR+chromatography+OR+%22mass+spectrometry%22%29%29+AND+%28%222026%2F06%2F02%22%5BDate+-+Publication%5D+%3A+%222026%2F08%2F01%22%5BDate+-+Publication%5D%29,Blocked,,,data/pubmed_query_observations.json,2026-08-02T20:05:45+00:00
pubmed.ncbi.nlm.nih.gov/,https://pubmed.ncbi.nlm.nih.gov/?term=%28%28oligonucleotide+OR+%22nucleic+acid%22+OR+siRNA%29+AND+%28%22LC-MS%22+OR+chromatography+OR+%22mass+spectrometry%22%29%29+AND+%28%222026%2F06%2F03%22%5BDate+-+Publication%5D+%3A+%222026%2F08%2F02%22%5BDate+-+Publication%5D%29,403,https://pubmed.ncbi.nlm.nih.gov/?term=%28%28oligonucleotide+OR+%22nucleic+acid%22+OR+siRNA%29+AND+%28%22LC-MS%22+OR+chromatography+OR+%22mass+spectrometry%22%29%29+AND+%28%222026%2F06%2F03%22%5BDate+-+Publication%5D+%3A+%222026%2F08%2F02%22%5BDate+-+Publication%5D%29,Blocked,,,data/intelligence.json; data/pubmed_query_observations.json,2026-08-02T20:05:45+00:00
pubmed.ncbi.nlm.nih.gov/,https://pubmed.ncbi.nlm.nih.gov/?term=%28%28oligonucleotide+OR+%22nucleic+acid%22+OR+siRNA%29+AND+%28%22LC-MS%22+OR+chromatography+OR+%22mass+spectrometry%22%29%29+AND+%28%222026%2F06%2F30%22%5BDate+-+Publication%5D+%3A+%222026%2F07%2F30%22%5BDate+-+Publication%5D%29,403,https://pubmed.ncbi.nlm.nih.gov/?term=%28%28oligonucleotide+OR+%22nucleic+acid%22+OR+siRNA%29+AND+%28%22LC-MS%22+OR+chromatography+OR+%22mass+spectrometry%22%29%29+AND+%28%222026%2F06%2F30%22%5BDate+-+Publication%5D+%3A+%222026%2F07%2F30%22%5BDate+-+Publication%5D%29,Blocked,,,data/pubmed_query_observations.json,2026-08-02T20:05:45+00:00
pubmed.ncbi.nlm.nih.gov/,https://pubmed.ncbi.nlm.nih.gov/?term=%28%28oligonucleotide+OR+%22nucleic+acid%22+OR+siRNA%29+AND+%28%22LC-MS%22+OR+chromatography+OR+%22mass+spectrometry%22%29%29+AND+%28%222026%2F07%2F01%22%5BDate+-+Publication%5D+%3A+%222026%2F07%2F31%22%5BDate+-+Publication%5D%29,403,https://pubmed.ncbi.nlm.nih.gov/?term=%28%28oligonucleotide+OR+%22nucleic+acid%22+OR+siRNA%29+AND+%28%22LC-MS%22+OR+chromatography+OR+%22mass+spectrometry%22%29%29+AND+%28%222026%2F07%2F01%22%5BDate+-+Publication%5D+%3A+%222026%2F07%2F31%22%5BDate+-+Publication%5D%29,Blocked,,,data/pubmed_query_observations.json,2026-08-02T20:05:45+00:00
pubmed.ncbi.nlm.nih.gov/,https://pubmed.ncbi.nlm.nih.gov/?term=%28%28oligonucleotide+OR+%22nucleic+acid%22+OR+siRNA%29+AND+%28%22LC-MS%22+OR+chromatography+OR+%22mass+spectrometry%22%29%29+AND+%28%222026%2F07%2F02%22%5BDate+-+Publication%5D+%3A+%222026%2F08%2F01%22%5BDate+-+Publication%5D%29,403,https://pubmed.ncbi.nlm.nih.gov/?term=%28%28oligonucleotide+OR+%22nucleic+acid%22+OR+siRNA%29+AND+%28%22LC-MS%22+OR+chromatography+OR+%22mass+spectrometry%22%29%29+AND+%28%222026%2F07%2F02%22%5BDate+-+Publication%5D+%3A+%222026%2F08%2F01%22%5BDate+-+Publication%5D%29,Blocked,,,data/pubmed_query_observations.json,2026-08-02T20:05:45+00:00
pubmed.ncbi.nlm.nih.gov/,https://pubmed.ncbi.nlm.nih.gov/?term=%28%28oligonucleotide+OR+%22nucleic+acid%22+OR+siRNA%29+AND+%28%22LC-MS%22+OR+chromatography+OR+%22mass+spectrometry%22%29%29+AND+%28%222026%2F07%2F03%22%5BDate+-+Publication%5D+%3A+%222026%2F08%2F02%22%5BDate+-+Publication%5D%29,403,https://pubmed.ncbi.nlm.nih.gov/?term=%28%28oligonucleotide+OR+%22nucleic+acid%22+OR+siRNA%29+AND+%28%22LC-MS%22+OR+chromatography+OR+%22mass+spectrometry%22%29%29+AND+%28%222026%2F07%2F03%22%5BDate+-+Publication%5D+%3A+%222026%2F08%2F02%22%5BDate+-+Publication%5D%29,Blocked,,,data/intelligence.json; data/pubmed_query_observations.json,2026-08-02T20:05:45+00:00
pubmed.ncbi.nlm.nih.gov/,https://pubmed.ncbi.nlm.nih.gov/?term=%28%28proteomics+OR+metabolomics%29+AND+%28%22LC-MS%22+OR+Orbitrap+OR+%22mass+spectrometry%22%29%29+AND+%28%222021%2F07%2F31%22%5BDate+-+Publication%5D+%3A+%222026%2F07%2F30%22%5BDate+-+Publication%5D%29,403,https://pubmed.ncbi.nlm.nih.gov/?term=%28%28proteomics+OR+metabolomics%29+AND+%28%22LC-MS%22+OR+Orbitrap+OR+%22mass+spectrometry%22%29%29+AND+%28%222021%2F07%2F31%22%5BDate+-+Publication%5D+%3A+%222026%2F07%2F30%22%5BDate+-+Publication%5D%29,Blocked,,,data/pubmed_query_observations.json,2026-08-02T20:05:46+00:00
pubmed.ncbi.nlm.nih.gov/,https://pubmed.ncbi.nlm.nih.gov/?term=%28%28proteomics+OR+metabolomics%29+AND+%28%22LC-MS%22+OR+Orbitrap+OR+%22mass+spectrometry%22%29%29+AND+%28%222021%2F08%2F01%22%5BDate+-+Publication%5D+%3A+%222026%2F07%2F31%22%5BDate+-+Publication%5D%29,403,https://pubmed.ncbi.nlm.nih.gov/?term=%28%28proteomics+OR+metabolomics%29+AND+%28%22LC-MS%22+OR+Orbitrap+OR+%22mass+spectrometry%22%29%29+AND+%28%222021%2F08%2F01%22%5BDate+-+Publication%5D+%3A+%222026%2F07%2F31%22%5BDate+-+Publication%5D%29,Blocked,,,data/pubmed_query_observations.json,2026-08-02T20:05:46+00:00
pubmed.ncbi.nlm.nih.gov/,https://pubmed.ncbi.nlm.nih.gov/?term=%28%28proteomics+OR+metabolomics%29+AND+%28%22LC-MS%22+OR+Orbitrap+OR+%22mass+spectrometry%22%29%29+AND+%28%222021%2F08%2F02%22%5BDate+-+Publication%5D+%3A+%222026%2F08%2F01%22%5BDate+-+Publication%5D%29,403,https://pubmed.ncbi.nlm.nih.gov/?term=%28%28proteomics+OR+metabolomics%29+AND+%28%22LC-MS%22+OR+Orbitrap+OR+%22mass+spectrometry%22%29%29+AND+%28%222021%2F08%2F02%22%5BDate+-+Publication%5D+%3A+%222026%2F08%2F01%22%5BDate+-+Publication%5D%29,Blocked,,,data/pubmed_query_observations.json,2026-08-02T20:05:46+00:00
pubmed.ncbi.nlm.nih.gov/,https://pubmed.ncbi.nlm.nih.gov/?term=%28%28proteomics+OR+metabolomics%29+AND+%28%22LC-MS%22+OR+Orbitrap+OR+%22mass+spectrometry%22%29%29+AND+%28%222021%2F08%2F03%22%5BDate+-+Publication%5D+%3A+%222026%2F08%2F02%22%5BDate+-+Publication%5D%29,403,https://pubmed.ncbi.nlm.nih.gov/?term=%28%28proteomics+OR+metabolomics%29+AND+%28%22LC-MS%22+OR+Orbitrap+OR+%22mass+spectrometry%22%29%29+AND+%28%222021%2F08%2F03%22%5BDate+-+Publication%5D+%3A+%222026%2F08%2F02%22%5BDate+-+Publication%5D%29,Blocked,,,data/intelligence.json; data/pubmed_query_observations.json,2026-08-02T20:05:46+00:00
pubmed.ncbi.nlm.nih.gov/,https://pubmed.ncbi.nlm.nih.gov/?term=%28%28proteomics+OR+metabolomics%29+AND+%28%22LC-MS%22+OR+Orbitrap+OR+%22mass+spectrometry%22%29%29+AND+%28%222023%2F07%2F31%22%5BDate+-+Publication%5D+%3A+%222026%2F07%2F30%22%5BDate+-+Publication%5D%29,403,https://pubmed.ncbi.nlm.nih.gov/?term=%28%28proteomics+OR+metabolomics%29+AND+%28%22LC-MS%22+OR+Orbitrap+OR+%22mass+spectrometry%22%29%29+AND+%28%222023%2F07%2F31%22%5BDate+-+Publication%5D+%3A+%222026%2F07%2F30%22%5BDate+-+Publication%5D%29,Blocked,,,data/pubmed_query_observations.json,2026-08-02T20:05:46+00:00
pubmed.ncbi.nlm.nih.gov/,https://pubmed.ncbi.nlm.nih.gov/?term=%28%28proteomics+OR+metabolomics%29+AND+%28%22LC-MS%22+OR+Orbitrap+OR+%22mass+spectrometry%22%29%29+AND+%28%222023%2F08%2F01%22%5BDate+-+Publication%5D+%3A+%222026%2F07%2F31%22%5BDate+-+Publication%5D%29,403,https://pubmed.ncbi.nlm.nih.gov/?term=%28%28proteomics+OR+metabolomics%29+AND+%28%22LC-MS%22+OR+Orbitrap+OR+%22mass+spectrometry%22%29%29+AND+%28%222023%2F08%2F01%22%5BDate+-+Publication%5D+%3A+%222026%2F07%2F31%22%5BDate+-+Publication%5D%29,Blocked,,,data/pubmed_query_observations.json,2026-08-02T20:05:46+00:00
pubmed.ncbi.nlm.nih.gov/,https://pubmed.ncbi.nlm.nih.gov/?term=%28%28proteomics+OR+metabolomics%29+AND+%28%22LC-MS%22+OR+Orbitrap+OR+%22mass+spectrometry%22%29%29+AND+%28%222023%2F08%2F02%22%5BDate+-+Publication%5D+%3A+%222026%2F08%2F01%22%5BDate+-+Publication%5D%29,403,https://pubmed.ncbi.nlm.nih.gov/?term=%28%28proteomics+OR+metabolomics%29+AND+%28%22LC-MS%22+OR+Orbitrap+OR+%22mass+spectrometry%22%29%29+AND+%28%222023%2F08%2F02%22%5BDate+-+Publication%5D+%3A+%222026%2F08%2F01%22%5BDate+-+Publication%5D%29,Blocked,,,data/pubmed_query_observations.json,2026-08-02T20:05:46+00:00
pubmed.ncbi.nlm.nih.gov/,https://pubmed.ncbi.nlm.nih.gov/?term=%28%28proteomics+OR+metabolomics%29+AND+%28%22LC-MS%22+OR+Orbitrap+OR+%22mass+spectrometry%22%29%29+AND+%28%222023%2F08%2F03%22%5BDate+-+Publication%5D+%3A+%222026%2F08%2F02%22%5BDate+-+Publication%5D%29,403,https://pubmed.ncbi.nlm.nih.gov/?term=%28%28proteomics+OR+metabolomics%29+AND+%28%22LC-MS%22+OR+Orbitrap+OR+%22mass+spectrometry%22%29%29+AND+%28%222023%2F08%2F03%22%5BDate+-+Publication%5D+%3A+%222026%2F08%2F02%22%5BDate+-+Publication%5D%29,Blocked,,,data/intelligence.json; data/pubmed_query_observations.json,2026-08-02T20:05:46+00:00
pubmed.ncbi.nlm.nih.gov/,https://pubmed.ncbi.nlm.nih.gov/?term=%28%28proteomics+OR+metabolomics%29+AND+%28%22LC-MS%22+OR+Orbitrap+OR+%22mass+spectrometry%22%29%29+AND+%28%222025%2F07%2F30%22%5BDate+-+Publication%5D+%3A+%222026%2F07%2F30%22%5BDate+-+Publication%5D%29,403,https://pubmed.ncbi.nlm.nih.gov/?term=%28%28proteomics+OR+metabolomics%29+AND+%28%22LC-MS%22+OR+Orbitrap+OR+%22mass+spectrometry%22%29%29+AND+%28%222025%2F07%2F30%22%5BDate+-+Publication%5D+%3A+%222026%2F07%2F30%22%5BDate+-+Publication%5D%29,Blocked,,,data/pubmed_query_observations.json,2026-08-02T20:05:46+00:00
pubmed.ncbi.nlm.nih.gov/,https://pubmed.ncbi.nlm.nih.gov/?term=%28%28proteomics+OR+metabolomics%29+AND+%28%22LC-MS%22+OR+Orbitrap+OR+%22mass+spectrometry%22%29%29+AND+%28%222025%2F07%2F31%22%5BDate+-+Publication%5D+%3A+%222026%2F07%2F31%22%5BDate+-+Publication%5D%29,403,https://pubmed.ncbi.nlm.nih.gov/?term=%28%28proteomics+OR+metabolomics%29+AND+%28%22LC-MS%22+OR+Orbitrap+OR+%22mass+spectrometry%22%29%29+AND+%28%222025%2F07%2F31%22%5BDate+-+Publication%5D+%3A+%222026%2F07%2F31%22%5BDate+-+Publication%5D%29,Blocked,,,data/pubmed_query_observations.json,2026-08-02T20:05:46+00:00
pubmed.ncbi.nlm.nih.gov/,https://pubmed.ncbi.nlm.nih.gov/?term=%28%28proteomics+OR+metabolomics%29+AND+%28%22LC-MS%22+OR+Orbitrap+OR+%22mass+spectrometry%22%29%29+AND+%28%222025%2F08%2F01%22%5BDate+-+Publication%5D+%3A+%222026%2F08%2F01%22%5BDate+-+Publication%5D%29,403,https://pubmed.ncbi.nlm.nih.gov/?term=%28%28proteomics+OR+metabolomics%29+AND+%28%22LC-MS%22+OR+Orbitrap+OR+%22mass+spectrometry%22%29%29+AND+%28%222025%2F08%2F01%22%5BDate+-+Publication%5D+%3A+%222026%2F08%2F01%22%5BDate+-+Publication%5D%29,Blocked,,,data/pubmed_query_observations.json,2026-08-02T20:05:46+00:00
pubmed.ncbi.nlm.nih.gov/,https://pubmed.ncbi.nlm.nih.gov/?term=%28%28proteomics+OR+metabolomics%29+AND+%28%22LC-MS%22+OR+Orbitrap+OR+%22mass+spectrometry%22%29%29+AND+%28%222025%2F08%2F02%22%5BDate+-+Publication%5D+%3A+%222026%2F08%2F02%22%5BDate+-+Publication%5D%29,403,https://pubmed.ncbi.nlm.nih.gov/?term=%28%28proteomics+OR+metabolomics%29+AND+%28%22LC-MS%22+OR+Orbitrap+OR+%22mass+spectrometry%22%29%29+AND+%28%222025%2F08%2F02%22%5BDate+-+Publication%5D+%3A+%222026%2F08%2F02%22%5BDate+-+Publication%5D%29,Blocked,,,data/intelligence.json; data/pubmed_query_observations.json,2026-08-02T20:05:46+00:00
pubmed.ncbi.nlm.nih.gov/,https://pubmed.ncbi.nlm.nih.gov/?term=%28%28proteomics+OR+metabolomics%29+AND+%28%22LC-MS%22+OR+Orbitrap+OR+%22mass+spectrometry%22%29%29+AND+%28%222026%2F05%2F01%22%5BDate+-+Publication%5D+%3A+%222026%2F07%2F30%22%5BDate+-+Publication%5D%29,403,https://pubmed.ncbi.nlm.nih.gov/?term=%28%28proteomics+OR+metabolomics%29+AND+%28%22LC-MS%22+OR+Orbitrap+OR+%22mass+spectrometry%22%29%29+AND+%28%222026%2F05%2F01%22%5BDate+-+Publication%5D+%3A+%222026%2F07%2F30%22%5BDate+-+Publication%5D%29,Blocked,,,data/pubmed_query_observations.json,2026-08-02T20:05:46+00:00
pubmed.ncbi.nlm.nih.gov/,https://pubmed.ncbi.nlm.nih.gov/?term=%28%28proteomics+OR+metabolomics%29+AND+%28%22LC-MS%22+OR+Orbitrap+OR+%22mass+spectrometry%22%29%29+AND+%28%222026%2F05%2F02%22%5BDate+-+Publication%5D+%3A+%222026%2F07%2F31%22%5BDate+-+Publication%5D%29,403,https://pubmed.ncbi.nlm.nih.gov/?term=%28%28proteomics+OR+metabolomics%29+AND+%28%22LC-MS%22+OR+Orbitrap+OR+%22mass+spectrometry%22%29%29+AND+%28%222026%2F05%2F02%22%5BDate+-+Publication%5D+%3A+%222026%2F07%2F31%22%5BDate+-+Publication%5D%29,Blocked,,,data/pubmed_query_observations.json,2026-08-02T20:05:46+00:00
pubmed.ncbi.nlm.nih.gov/,https://pubmed.ncbi.nlm.nih.gov/?term=%28%28proteomics+OR+metabolomics%29+AND+%28%22LC-MS%22+OR+Orbitrap+OR+%22mass+spectrometry%22%29%29+AND+%28%222026%2F05%2F03%22%5BDate+-+Publication%5D+%3A+%222026%2F08%2F01%22%5BDate+-+Publication%5D%29,403,https://pubmed.ncbi.nlm.nih.gov/?term=%28%28proteomics+OR+metabolomics%29+AND+%28%22LC-MS%22+OR+Orbitrap+OR+%22mass+spectrometry%22%29%29+AND+%28%222026%2F05%2F03%22%5BDate+-+Publication%5D+%3A+%222026%2F08%2F01%22%5BDate+-+Publication%5D%29,Blocked,,,data/pubmed_query_observations.json,2026-08-02T20:05:46+00:00
pubmed.ncbi.nlm.nih.gov/,https://pubmed.ncbi.nlm.nih.gov/?term=%28%28proteomics+OR+metabolomics%29+AND+%28%22LC-MS%22+OR+Orbitrap+OR+%22mass+spectrometry%22%29%29+AND+%28%222026%2F05%2F04%22%5BDate+-+Publication%5D+%3A+%222026%2F08%2F02%22%5BDate+-+Publication%5D%29,403,https://pubmed.ncbi.nlm.nih.gov/?term=%28%28proteomics+OR+metabolomics%29+AND+%28%22LC-MS%22+OR+Orbitrap+OR+%22mass+spectrometry%22%29%29+AND+%28%222026%2F05%2F04%22%5BDate+-+Publication%5D+%3A+%222026%2F08%2F02%22%5BDate+-+Publication%5D%29,Blocked,,,data/intelligence.json; data/pubmed_query_observations.json,2026-08-02T20:05:47+00:00
pubmed.ncbi.nlm.nih.gov/,https://pubmed.ncbi.nlm.nih.gov/?term=%28%28proteomics+OR+metabolomics%29+AND+%28%22LC-MS%22+OR+Orbitrap+OR+%22mass+spectrometry%22%29%29+AND+%28%222026%2F05%2F31%22%5BDate+-+Publication%5D+%3A+%222026%2F07%2F30%22%5BDate+-+Publication%5D%29,403,https://pubmed.ncbi.nlm.nih.gov/?term=%28%28proteomics+OR+metabolomics%29+AND+%28%22LC-MS%22+OR+Orbitrap+OR+%22mass+spectrometry%22%29%29+AND+%28%222026%2F05%2F31%22%5BDate+-+Publication%5D+%3A+%222026%2F07%2F30%22%5BDate+-+Publication%5D%29,Blocked,,,data/pubmed_query_observations.json,2026-08-02T20:05:47+00:00
pubmed.ncbi.nlm.nih.gov/,https://pubmed.ncbi.nlm.nih.gov/?term=%28%28proteomics+OR+metabolomics%29+AND+%28%22LC-MS%22+OR+Orbitrap+OR+%22mass+spectrometry%22%29%29+AND+%28%222026%2F06%2F01%22%5BDate+-+Publication%5D+%3A+%222026%2F07%2F31%22%5BDate+-+Publication%5D%29,403,https://pubmed.ncbi.nlm.nih.gov/?term=%28%28proteomics+OR+metabolomics%29+AND+%28%22LC-MS%22+OR+Orbitrap+OR+%22mass+spectrometry%22%29%29+AND+%28%222026%2F06%2F01%22%5BDate+-+Publication%5D+%3A+%222026%2F07%2F31%22%5BDate+-+Publication%5D%29,Blocked,,,data/pubmed_query_observations.json,2026-08-02T20:05:47+00:00
pubmed.ncbi.nlm.nih.gov/,https://pubmed.ncbi.nlm.nih.gov/?term=%28%28proteomics+OR+metabolomics%29+AND+%28%22LC-MS%22+OR+Orbitrap+OR+%22mass+spectrometry%22%29%29+AND+%28%222026%2F06%2F02%22%5BDate+-+Publication%5D+%3A+%222026%2F08%2F01%22%5BDate+-+Publication%5D%29,403,https://pubmed.ncbi.nlm.nih.gov/?term=%28%28proteomics+OR+metabolomics%29+AND+%28%22LC-MS%22+OR+Orbitrap+OR+%22mass+spectrometry%22%29%29+AND+%28%222026%2F06%2F02%22%5BDate+-+Publication%5D+%3A+%222026%2F08%2F01%22%5BDate+-+Publication%5D%29,Blocked,,,data/pubmed_query_observations.json,2026-08-02T20:05:47+00:00
pubmed.ncbi.nlm.nih.gov/,https://pubmed.ncbi.nlm.nih.gov/?term=%28%28proteomics+OR+metabolomics%29+AND+%28%22LC-MS%22+OR+Orbitrap+OR+%22mass+spectrometry%22%29%29+AND+%28%222026%2F06%2F03%22%5BDate+-+Publication%5D+%3A+%222026%2F08%2F02%22%5BDate+-+Publication%5D%29,403,https://pubmed.ncbi.nlm.nih.gov/?term=%28%28proteomics+OR+metabolomics%29+AND+%28%22LC-MS%22+OR+Orbitrap+OR+%22mass+spectrometry%22%29%29+AND+%28%222026%2F06%2F03%22%5BDate+-+Publication%5D+%3A+%222026%2F08%2F02%22%5BDate+-+Publication%5D%29,Blocked,,,data/intelligence.json; data/pubmed_query_observations.json,2026-08-02T20:05:47+00:00
pubmed.ncbi.nlm.nih.gov/,https://pubmed.ncbi.nlm.nih.gov/?term=%28%28proteomics+OR+metabolomics%29+AND+%28%22LC-MS%22+OR+Orbitrap+OR+%22mass+spectrometry%22%29%29+AND+%28%222026%2F06%2F30%22%5BDate+-+Publication%5D+%3A+%222026%2F07%2F30%22%5BDate+-+Publication%5D%29,403,https://pubmed.ncbi.nlm.nih.gov/?term=%28%28proteomics+OR+metabolomics%29+AND+%28%22LC-MS%22+OR+Orbitrap+OR+%22mass+spectrometry%22%29%29+AND+%28%222026%2F06%2F30%22%5BDate+-+Publication%5D+%3A+%222026%2F07%2F30%22%5BDate+-+Publication%5D%29,Blocked,,,data/pubmed_query_observations.json,2026-08-02T20:05:47+00:00
pubmed.ncbi.nlm.nih.gov/,https://pubmed.ncbi.nlm.nih.gov/?term=%28%28proteomics+OR+metabolomics%29+AND+%28%22LC-MS%22+OR+Orbitrap+OR+%22mass+spectrometry%22%29%29+AND+%28%222026%2F07%2F01%22%5BDate+-+Publication%5D+%3A+%222026%2F07%2F31%22%5BDate+-+Publication%5D%29,403,https://pubmed.ncbi.nlm.nih.gov/?term=%28%28proteomics+OR+metabolomics%29+AND+%28%22LC-MS%22+OR+Orbitrap+OR+%22mass+spectrometry%22%29%29+AND+%28%222026%2F07%2F01%22%5BDate+-+Publication%5D+%3A+%222026%2F07%2F31%22%5BDate+-+Publication%5D%29,Blocked,,,data/pubmed_query_observations.json,2026-08-02T20:05:47+00:00
pubmed.ncbi.nlm.nih.gov/,https://pubmed.ncbi.nlm.nih.gov/?term=%28%28proteomics+OR+metabolomics%29+AND+%28%22LC-MS%22+OR+Orbitrap+OR+%22mass+spectrometry%22%29%29+AND+%28%222026%2F07%2F02%22%5BDate+-+Publication%5D+%3A+%222026%2F08%2F01%22%5BDate+-+Publication%5D%29,403,https://pubmed.ncbi.nlm.nih.gov/?term=%28%28proteomics+OR+metabolomics%29+AND+%28%22LC-MS%22+OR+Orbitrap+OR+%22mass+spectrometry%22%29%29+AND+%28%222026%2F07%2F02%22%5BDate+-+Publication%5D+%3A+%222026%2F08%2F01%22%5BDate+-+Publication%5D%29,Blocked,,,data/pubmed_query_observations.json,2026-08-02T20:05:47+00:00
pubmed.ncbi.nlm.nih.gov/,https://pubmed.ncbi.nlm.nih.gov/?term=%28%28proteomics+OR+metabolomics%29+AND+%28%22LC-MS%22+OR+Orbitrap+OR+%22mass+spectrometry%22%29%29+AND+%28%222026%2F07%2F03%22%5BDate+-+Publication%5D+%3A+%222026%2F08%2F02%22%5BDate+-+Publication%5D%29,403,https://pubmed.ncbi.nlm.nih.gov/?term=%28%28proteomics+OR+metabolomics%29+AND+%28%22LC-MS%22+OR+Orbitrap+OR+%22mass+spectrometry%22%29%29+AND+%28%222026%2F07%2F03%22%5BDate+-+Publication%5D+%3A+%222026%2F08%2F02%22%5BDate+-+Publication%5D%29,Blocked,,,data/intelligence.json; data/pubmed_query_observations.json,2026-08-02T20:05:47+00:00
pubs.acs.org/journal/ancham,https://pubs.acs.org/journal/ancham,403,https://pubs.acs.org/journal/ancham,Blocked,HTTP response contains an access-control or bot-challenge page,,data/journal_sources.json; data/source_catalog.json,2026-08-02T20:05:47+00:00
pubs.acs.org/journal/jamsef,https://pubs.acs.org/journal/jamsef,403,https://pubs.acs.org/journal/jamsef,Blocked,HTTP response contains an access-control or bot-challenge page,,data/journal_sources.json; data/source_catalog.json,2026-08-02T20:05:47+00:00
registrations.e-b-f.eu/19th-ebf-open-symposium-academy-2026/,https://registrations.e-b-f.eu/19th-ebf-open-symposium-academy-2026/,200,https://registrations.e-b-f.eu/19th-ebf-open-symposium-academy-2026/,OK,,,data/conference_sources.json; data/source_catalog.json,2026-08-02T20:05:47+00:00
registrations.e-b-f.eu/19th-ebf-open-symposium-industry-2026/,https://registrations.e-b-f.eu/19th-ebf-open-symposium-industry-2026/,200,https://registrations.e-b-f.eu/19th-ebf-open-symposium-industry-2026/,OK,,,data/conference_sources.json; data/source_catalog.json,2026-08-02T20:05:47+00:00
s7.goeshow.com/aaps/pharmsci/2026/exhibitors_sponsors.cfm,https://s7.goeshow.com/aaps/pharmsci/2026/exhibitors_sponsors.cfm,200,https://s7.goeshow.com/aaps/pharmsci/2026/exhibitors_sponsors.cfm,OK,,,data/conference_sources.json; data/source_catalog.json,2026-08-02T20:05:47+00:00
sam.gov/content/contracting,https://sam.gov/content/contracting,200,https://sam.gov/content/contracting,OK,,,data/market_application_sources.json,2026-08-02T20:05:47+00:00
sciex.com/about-us/press-releases,https://sciex.com/about-us/press-releases,200,https://sciex.com/about-us/press-releases,OK,,,data/intelligence.json; data/source_catalog.json,2026-08-02T20:05:47+00:00
sciex.com/about-us/press-releases/2010,https://sciex.com/about-us/press-releases/2010,200,https://sciex.com/about-us/press-releases/2010,OK,,,data/historical_product_catalog.json,2026-08-02T20:05:47+00:00
sciex.com/about-us/press-releases/2014,https://sciex.com/about-us/press-releases/2014,200,https://sciex.com/about-us/press-releases/2014,OK,,,data/historical_product_catalog.json,2026-08-02T20:05:48+00:00
sciex.com/about-us/press-releases/2015/sciex-launches-brand-new-high-resolution-mass-spec-system-designed-exclusively-for-routine-testing-use,https://sciex.com/about-us/press-releases/2015/sciex-launches-brand-new-high-resolution-mass-spec-system-designed-exclusively-for-routine-testing-use,200,https://sciex.com/about-us/press-releases/2015/sciex-launches-brand-new-high-resolution-mass-spec-system-designed-exclusively-for-routine-testing-use,OK,,,data/historical_product_catalog.json,2026-08-02T20:05:48+00:00
sciex.com/about-us/press-releases/2019,https://sciex.com/about-us/press-releases/2019,200,https://sciex.com/about-us/press-releases/2019,OK,,,data/historical_product_catalog.json,2026-08-02T20:05:48+00:00
sciex.com/about-us/press-releases/2020,https://sciex.com/about-us/press-releases/2020,200,https://sciex.com/about-us/press-releases/2020,OK,,,data/historical_product_catalog.json,2026-08-02T20:05:48+00:00
sciex.com/about-us/press-releases/2021/sciex-presents-new-accurate-mass-instrument-the-zenotof-7600-system,https://sciex.com/about-us/press-releases/2021/sciex-presents-new-accurate-mass-instrument-the-zenotof-7600-system,200,https://sciex.com/about-us/press-releases/2021/sciex-presents-new-accurate-mass-instrument-the-zenotof-7600-system,OK,,,data/product_launches.json,2026-08-02T20:05:48+00:00
sciex.com/about-us/press-releases/2024/sciex-7500plus-system-launches-at-asms2024,https://sciex.com/about-us/press-releases/2024/sciex-7500plus-system-launches-at-asms2024,200,https://sciex.com/about-us/press-releases/2024/sciex-7500plus-system-launches-at-asms2024,OK,,,data/product_launches.json,2026-08-02T20:05:48+00:00
sciex.com/about-us/press-releases/2024/sciex-expands-high-throughput-screening-solutions-with-echo-ms-system,https://sciex.com/about-us/press-releases/2024/sciex-expands-high-throughput-screening-solutions-with-echo-ms-system,200,https://sciex.com/about-us/press-releases/2024/sciex-expands-high-throughput-screening-solutions-with-echo-ms-system,OK,,,data/product_launches.json,2026-08-02T20:05:48+00:00
sciex.com/about-us/press-releases/2024/sciex-launches-the-zenotof-7600-system-at-hupo-world-congress-2024-alongside-three-collaborations-to-further-proteomics-capabilities,https://sciex.com/about-us/press-releases/2024/sciex-launches-the-zenotof-7600-system-at-hupo-world-congress-2024-alongside-three-collaborations-to-further-proteomics-capabilities,200,https://sciex.com/about-us/press-releases/2024/sciex-launches-the-zenotof-7600-system-at-hupo-world-congress-2024-alongside-three-collaborations-to-further-proteomics-capabilities,OK,,,data/product_launches.json,2026-08-02T20:05:48+00:00
sciex.com/about-us/press-releases/2025/zenotof-8600-system-press-release-5-dot-27-dot-25,https://sciex.com/about-us/press-releases/2025/zenotof-8600-system-press-release-5-dot-27-dot-25,200,https://sciex.com/about-us/press-releases/2025/zenotof-8600-system-press-release-5-dot-27-dot-25,OK,,,data/product_launches.json,2026-08-02T20:05:48+00:00
sciex.com/about-us/press-releases/2026,https://sciex.com/about-us/press-releases/2026,200,https://sciex.com/about-us/press-releases/2026,OK,,,data/competitor_monitors.json; data/intelligence.json; data/source_health.json; data/source_registry.json,2026-08-02T20:05:48+00:00
sciex.com/about-us/press-releases/2026/sciex-launches-its-5th-generation-of-nominal-mass-novus-v55-system-with-sciexos-5-0-software,https://sciex.com/about-us/press-releases/2026/sciex-launches-its-5th-generation-of-nominal-mass-novus-v55-system-with-sciexos-5-0-software,200,https://sciex.com/about-us/press-releases/2026/sciex-launches-its-5th-generation-of-nominal-mass-novus-v55-system-with-sciexos-5-0-software,OK,,,data/competitor_monitors.json; data/intelligence.json; data/product_launches.json,2026-08-02T20:05:48+00:00
sciex.com/about-us/press-releases/2026/sciex-launches-its-5th-generation-of-nominal-mass-novus-v55-system-with-sciexos-5-0-software,https://sciex.com/about-us/press-releases/2026/sciex-launches-its-5th-generation-of-nominal-mass-novus-v55-system-with-sciexos-5-0-software#:~:text=New%20SCIEX%20OS%205.0%20software%20introduces%20new%20features%20including%3A,200,https://sciex.com/about-us/press-releases/2026/sciex-launches-its-5th-generation-of-nominal-mass-novus-v55-system-with-sciexos-5-0-software#:~:text=New%20SCIEX%20OS%205.0%20software%20introduces%20new%20features%20including%3A,OK,,,data/product_launches.json,2026-08-02T20:05:49+00:00
sciex.com/about-us/press-releases/2026/sciex-software-solutions-advance-workflow-efficiency-with-six-industry-collaborations,https://sciex.com/about-us/press-releases/2026/sciex-software-solutions-advance-workflow-efficiency-with-six-industry-collaborations,200,https://sciex.com/about-us/press-releases/2026/sciex-software-solutions-advance-workflow-efficiency-with-six-industry-collaborations,OK,,,data/competitor_monitors.json; data/intelligence.json,2026-08-02T20:05:49+00:00
sciex.com/about-us/press-releases/2026/the-echor-ms-system-integration-with-the-zenotof-8600-system-delivers-enhanced-sensitivity-for-high-throughput-screening,https://sciex.com/about-us/press-releases/2026/the-echor-ms-system-integration-with-the-zenotof-8600-system-delivers-enhanced-sensitivity-for-high-throughput-screening,200,https://sciex.com/about-us/press-releases/2026/the-echor-ms-system-integration-with-the-zenotof-8600-system-delivers-enhanced-sensitivity-for-high-throughput-screening,OK,,,data/intelligence.json,2026-08-02T20:05:49+00:00
sciex.com/about-us/press-releases/2026/zenotof-unlock,https://sciex.com/about-us/press-releases/2026/zenotof-unlock,200,https://sciex.com/about-us/press-releases/2026/zenotof-unlock,OK,,,data/competitor_monitors.json; data/intelligence.json,2026-08-02T20:05:49+00:00
sciex.com/br/about-us/press-releases/2012/6500-series,https://sciex.com/br/about-us/press-releases/2012/6500-series,200,https://sciex.com/br/about-us/press-releases/2012/6500-series,OK,,,data/historical_product_catalog.json,2026-08-02T20:05:49+00:00
sciex.com/content/dam/SCIEX/pdf/flyers/cn/sciex-ms-product-roadmap-zh.pdf,https://sciex.com/content/dam/SCIEX/pdf/flyers/cn/sciex-ms-product-roadmap-zh.pdf,200,https://sciex.com/content/dam/SCIEX/pdf/flyers/cn/sciex-ms-product-roadmap-zh.pdf,OK,,,data/historical_product_catalog.json,2026-08-02T20:05:49+00:00
sciex.com/products/hplc-products/exionlc-2,https://sciex.com/products/hplc-products/exionlc-2,200,https://sciex.com/products/hplc-products/exionlc-2,OK,,,data/intelligence.json,2026-08-02T20:05:49+00:00
sciex.com/products/hplc-products/exionlc-ae,https://sciex.com/products/hplc-products/exionlc-ae,200,https://sciex.com/products/hplc-products/exionlc-ae,OK,,,data/intelligence.json,2026-08-02T20:05:49+00:00
sciex.com/products/hplc-products/microlc-products,https://sciex.com/products/hplc-products/microlc-products,200,https://sciex.com/products/hplc-products/microlc-products,OK,,,data/intelligence.json,2026-08-02T20:05:49+00:00
sciex.com/products/hplc-products/microlc-products/m5-microlc,https://sciex.com/products/hplc-products/microlc-products/m5-microlc,200,https://sciex.com/products/hplc-products/microlc-products/m5-microlc,OK,,,data/intelligence.json,2026-08-02T20:05:49+00:00
sciex.com/products/hplc-products/microlc-products/micro-hplc-columns,https://sciex.com/products/hplc-products/microlc-products/micro-hplc-columns,200,https://sciex.com/products/hplc-products/microlc-products/micro-hplc-columns,OK,,,data/intelligence.json,2026-08-02T20:05:49+00:00
sciex.com/products/hplc-products/nanolc-products,https://sciex.com/products/hplc-products/nanolc-products,200,https://sciex.com/products/hplc-products/nanolc-products,OK,,,data/intelligence.json,2026-08-02T20:05:49+00:00
sciex.com/products/hplc-products/nanolc-products/chiplc-system,https://sciex.com/products/hplc-products/nanolc-products/chiplc-system,200,https://sciex.com/products/hplc-products/nanolc-products/chiplc-system,OK,,,data/intelligence.json,2026-08-02T20:05:49+00:00
sciex.com/products/hplc-products/nanolc-products/micro-chiplc-columns,https://sciex.com/products/hplc-products/nanolc-products/micro-chiplc-columns,200,https://sciex.com/products/hplc-products/nanolc-products/micro-chiplc-columns,OK,,,data/intelligence.json,2026-08-02T20:05:49+00:00
sciex.com/products/hplc-products/nanolc-products/nano-chiplc-columns,https://sciex.com/products/hplc-products/nanolc-products/nano-chiplc-columns,200,https://sciex.com/products/hplc-products/nanolc-products/nano-chiplc-columns,OK,,,data/intelligence.json,2026-08-02T20:05:49+00:00
sciex.com/products/hplc-products/nanolc-products/nanolc-400,https://sciex.com/products/hplc-products/nanolc-products/nanolc-400,200,https://sciex.com/products/hplc-products/nanolc-products/nanolc-400,OK,,,data/intelligence.json,2026-08-02T20:05:49+00:00
sciex.com/products/integrated-solutions/echo-ms-plus,https://sciex.com/products/integrated-solutions/echo-ms-plus,200,https://sciex.com/products/integrated-solutions/echo-ms-plus,OK,,,data/product_launches.json,2026-08-02T20:05:50+00:00
sciex.com/products/mass-spectrometers,https://sciex.com/products/mass-spectrometers,200,https://sciex.com/products/mass-spectrometers,OK,,,data/intelligence.json; data/source_catalog.json,2026-08-02T20:05:50+00:00
sciex.com/products/mass-spectrometers/novus-v55-roi-calculator,https://sciex.com/products/mass-spectrometers/novus-v55-roi-calculator,200,https://sciex.com/products/mass-spectrometers/novus-v55-roi-calculator,OK,,,data/intelligence.json,2026-08-02T20:05:50+00:00
sciex.com/products/mass-spectrometers/qtof-systems,https://sciex.com/products/mass-spectrometers/qtof-systems,200,https://sciex.com/products/mass-spectrometers/qtof-systems,OK,,,data/intelligence.json,2026-08-02T20:05:50+00:00
sciex.com/products/mass-spectrometers/qtof-systems/7600-plus-system,https://sciex.com/products/mass-spectrometers/qtof-systems/7600-plus-system,200,https://sciex.com/products/mass-spectrometers/qtof-systems/7600-plus-system,OK,,,data/intelligence.json; data/product_launches.json,2026-08-02T20:05:50+00:00
sciex.com/products/mass-spectrometers/qtof-systems/8600-system,https://sciex.com/products/mass-spectrometers/qtof-systems/8600-system,200,https://sciex.com/products/mass-spectrometers/qtof-systems/8600-system,OK,,,data/intelligence.json; data/product_launches.json,2026-08-02T20:05:50+00:00
sciex.com/products/mass-spectrometers/qtof-systems/tripletof-systems,https://sciex.com/products/mass-spectrometers/qtof-systems/tripletof-systems,200,https://sciex.com/products/mass-spectrometers/qtof-systems,OK,,,data/intelligence.json,2026-08-02T20:05:50+00:00
sciex.com/products/mass-spectrometers/qtof-systems/tripletof-systems/tripletof-6600-system,https://sciex.com/products/mass-spectrometers/qtof-systems/tripletof-systems/tripletof-6600-system,200,https://sciex.com/products/mass-spectrometers/qtof-systems/zenotof-7600-system,OK,,,data/intelligence.json,2026-08-02T20:05:50+00:00
sciex.com/products/mass-spectrometers/qtof-systems/tripletof-systems/tripletof-6600plus-system,https://sciex.com/products/mass-spectrometers/qtof-systems/tripletof-systems/tripletof-6600plus-system,200,https://sciex.com/products/mass-spectrometers/qtof-systems,OK,,,data/intelligence.json,2026-08-02T20:05:50+00:00
sciex.com/products/mass-spectrometers/qtof-systems/x-series-qtof-systems,https://sciex.com/products/mass-spectrometers/qtof-systems/x-series-qtof-systems,200,https://sciex.com/products/mass-spectrometers/qtof-systems/x-series-qtof-systems,OK,,,data/intelligence.json,2026-08-02T20:05:50+00:00
sciex.com/products/mass-spectrometers/qtof-systems/x-series-qtof-systems/x500b-qtof-system,https://sciex.com/products/mass-spectrometers/qtof-systems/x-series-qtof-systems/x500b-qtof-system,200,https://sciex.com/products/mass-spectrometers/qtof-systems/x-series-qtof-systems/x500b-qtof-system,OK,,,data/intelligence.json,2026-08-02T20:05:50+00:00
sciex.com/products/mass-spectrometers/qtof-systems/x-series-qtof-systems/x500r-qtof-system,https://sciex.com/products/mass-spectrometers/qtof-systems/x-series-qtof-systems/x500r-qtof-system,200,https://sciex.com/products/mass-spectrometers/qtof-systems/x-series-qtof-systems/x500r-qtof-system,OK,,,data/intelligence.json,2026-08-02T20:05:50+00:00
sciex.com/products/mass-spectrometers/qtof-systems/zenotof-7600-system,https://sciex.com/products/mass-spectrometers/qtof-systems/zenotof-7600-system,200,https://sciex.com/products/mass-spectrometers/qtof-systems/zenotof-7600-system,OK,,,data/intelligence.json; data/product_launches.json,2026-08-02T20:05:50+00:00
sciex.com/products/mass-spectrometers/qtrap-systems,https://sciex.com/products/mass-spectrometers/qtrap-systems,200,https://sciex.com/products/mass-spectrometers/qtrap-systems,OK,,,data/intelligence.json,2026-08-02T20:05:50+00:00
sciex.com/products/mass-spectrometers/qtrap-systems/qtrap-3200-system,https://sciex.com/products/mass-spectrometers/qtrap-systems/qtrap-3200-system,200,https://sciex.com/products/mass-spectrometers/qtrap-systems/qtrap-3200-system,OK,,,data/intelligence.json,2026-08-02T20:05:50+00:00
sciex.com/products/mass-spectrometers/qtrap-systems/qtrap-4000-system,https://sciex.com/products/mass-spectrometers/qtrap-systems/qtrap-4000-system,200,https://sciex.com/products/mass-spectrometers/qtrap-systems/qtrap-4000-system,OK,,,data/intelligence.json,2026-08-02T20:05:50+00:00
sciex.com/products/mass-spectrometers/qtrap-systems/qtrap-4500-system,https://sciex.com/products/mass-spectrometers/qtrap-systems/qtrap-4500-system,200,https://sciex.com/products/mass-spectrometers/qtrap-systems/qtrap-4500-system,OK,,,data/intelligence.json,2026-08-02T20:05:51+00:00
sciex.com/products/mass-spectrometers/qtrap-systems/qtrap-5500-system,https://sciex.com/products/mass-spectrometers/qtrap-systems/qtrap-5500-system,200,https://sciex.com/products/mass-spectrometers/triple-quad-systems/triple-quad-5500-plus-system,OK,,,data/intelligence.json,2026-08-02T20:05:51+00:00
sciex.com/products/mass-spectrometers/qtrap-systems/qtrap-6500-system,https://sciex.com/products/mass-spectrometers/qtrap-systems/qtrap-6500-system,200,https://sciex.com/products/mass-spectrometers/qtrap-systems/qtrap-6500-system,OK,,,data/intelligence.json,2026-08-02T20:05:51+00:00
sciex.com/products/mass-spectrometers/qtrap-systems/qtrap-6500plus-system,https://sciex.com/products/mass-spectrometers/qtrap-systems/qtrap-6500plus-system,200,https://sciex.com/products/mass-spectrometers/qtrap-systems/qtrap-6500plus-system,OK,,,data/intelligence.json,2026-08-02T20:05:51+00:00
sciex.com/products/mass-spectrometers/tof-tof-systems,https://sciex.com/products/mass-spectrometers/tof-tof-systems,200,https://sciex.com/products/mass-spectrometers/tof-tof-systems,OK,,,data/intelligence.json,2026-08-02T20:05:51+00:00
sciex.com/products/mass-spectrometers/tof-tof-systems/tof-tof-5800-system,https://sciex.com/products/mass-spectrometers/tof-tof-systems/tof-tof-5800-system,200,https://sciex.com/products/mass-spectrometers/tof-tof-systems/tof-tof-5800-system,OK,,,data/intelligence.json,2026-08-02T20:05:51+00:00
sciex.com/products/mass-spectrometers/triple-quad-systems,https://sciex.com/products/mass-spectrometers/triple-quad-systems,200,https://sciex.com/products/mass-spectrometers/triple-quad-systems,OK,,,data/intelligence.json,2026-08-02T20:05:51+00:00
sciex.com/products/mass-spectrometers/triple-quad-systems/api-3200-system,https://sciex.com/products/mass-spectrometers/triple-quad-systems/api-3200-system,200,https://sciex.com/products/mass-spectrometers/triple-quad-systems/api-3200-system,OK,,,data/intelligence.json,2026-08-02T20:05:51+00:00
sciex.com/products/mass-spectrometers/triple-quad-systems/api-4000-system,https://sciex.com/products/mass-spectrometers/triple-quad-systems/api-4000-system,200,https://sciex.com/products/mass-spectrometers/triple-quad-systems/api-4000-system,OK,,,data/intelligence.json,2026-08-02T20:05:51+00:00
sciex.com/products/mass-spectrometers/triple-quad-systems/novus-v55-system,https://sciex.com/products/mass-spectrometers/triple-quad-systems/novus-v55-system,200,https://sciex.com/products/mass-spectrometers/triple-quad-systems/novus-v55-system,OK,,,data/intelligence.json; data/product_launches.json; data/technical_comparisons.json,2026-08-02T20:05:51+00:00
sciex.com/products/mass-spectrometers/triple-quad-systems/triple-quad-3500-system,https://sciex.com/products/mass-spectrometers/triple-quad-systems/triple-quad-3500-system,200,https://sciex.com/products/mass-spectrometers/triple-quad-systems/triple-quad-3500-system,OK,,,data/intelligence.json,2026-08-02T20:05:51+00:00
sciex.com/products/mass-spectrometers/triple-quad-systems/triple-quad-4500-system,https://sciex.com/products/mass-spectrometers/triple-quad-systems/triple-quad-4500-system,200,https://sciex.com/products/mass-spectrometers/triple-quad-systems/triple-quad-4500-system,OK,,,data/intelligence.json,2026-08-02T20:05:51+00:00
sciex.com/products/mass-spectrometers/triple-quad-systems/triple-quad-5500-plus-system,https://sciex.com/products/mass-spectrometers/triple-quad-systems/triple-quad-5500-plus-system,200,https://sciex.com/products/mass-spectrometers/triple-quad-systems/triple-quad-5500-plus-system,OK,,,data/intelligence.json,2026-08-02T20:05:51+00:00
sciex.com/products/mass-spectrometers/triple-quad-systems/triple-quad-5500-system,https://sciex.com/products/mass-spectrometers/triple-quad-systems/triple-quad-5500-system,200,https://sciex.com/products/mass-spectrometers/triple-quad-systems/triple-quad-5500-system,OK,,,data/intelligence.json,2026-08-02T20:05:52+00:00
sciex.com/products/mass-spectrometers/triple-quad-systems/triple-quad-6500-system,https://sciex.com/products/mass-spectrometers/triple-quad-systems/triple-quad-6500-system,200,https://sciex.com/products/mass-spectrometers/triple-quad-systems/triple-quad-6500-system,OK,,,data/intelligence.json,2026-08-02T20:05:52+00:00
sciex.com/products/mass-spectrometers/triple-quad-systems/triple-quad-6500plus-system,https://sciex.com/products/mass-spectrometers/triple-quad-systems/triple-quad-6500plus-system,200,https://sciex.com/products/mass-spectrometers/triple-quad-systems/triple-quad-6500plus-system,OK,,,data/intelligence.json,2026-08-02T20:05:52+00:00
sciex.com/products/mass-spectrometers/triple-quad-systems/triple-quad-7500-plus-system,https://sciex.com/products/mass-spectrometers/triple-quad-systems/triple-quad-7500-plus-system,200,https://sciex.com/products/mass-spectrometers/triple-quad-systems/triple-quad-7500-plus-system,OK,,,data/intelligence.json; data/product_launches.json,2026-08-02T20:05:52+00:00
sciex.com/products/mass-spectrometers/triple-quad-systems/triple-quad-7500-system,https://sciex.com/products/mass-spectrometers/triple-quad-systems/triple-quad-7500-system,200,https://sciex.com/products/mass-spectrometers/triple-quad-systems/triple-quad-7500-plus-system,OK,,,data/intelligence.json,2026-08-02T20:05:52+00:00
sciex.com/products/software/analyst-software,https://sciex.com/products/software/analyst-software,200,https://sciex.com/products/software/analyst-software,OK,,,data/intelligence.json,2026-08-02T20:05:52+00:00
sciex.com/products/software/analyst-tf-software,https://sciex.com/products/software/analyst-tf-software,200,https://sciex.com/products/software/analyst-tf-software,OK,,,data/intelligence.json,2026-08-02T20:05:52+00:00
sciex.com/products/software/artificial-intelligence-quant,https://sciex.com/products/software/artificial-intelligence-quant,200,https://sciex.com/products/software/artificial-intelligence-quant,OK,,,data/intelligence.json,2026-08-02T20:05:52+00:00
sciex.com/products/software/bio-tool-kit-software,https://sciex.com/products/software/bio-tool-kit-software,200,https://sciex.com/products/software/bio-tool-kit-software,OK,,,data/intelligence.json,2026-08-02T20:05:52+00:00
sciex.com/products/software/biologics-explorer-software,https://sciex.com/products/software/biologics-explorer-software,200,https://sciex.com/products/software/biologics-explorer-software,OK,,,data/intelligence.json,2026-08-02T20:05:52+00:00
sciex.com/products/software/biopharmaview-software,https://sciex.com/products/software/biopharmaview-software,200,https://sciex.com/products/software/biologics-explorer-software,OK,,,data/intelligence.json,2026-08-02T20:05:52+00:00
sciex.com/products/software/chemoview-software,https://sciex.com/products/software/chemoview-software,200,https://sciex.com/products/software/chemoview-software,OK,,,data/intelligence.json,2026-08-02T20:05:52+00:00
sciex.com/products/software/cliquid-software,https://sciex.com/products/software/cliquid-software,200,https://sciex.com/products/software/cliquid-software,OK,,,data/intelligence.json,2026-08-02T20:05:52+00:00
sciex.com/products/software/discoveryquant-software,https://sciex.com/products/software/discoveryquant-software,200,https://sciex.com/products/software/discoveryquant-software,OK,,,data/intelligence.json,2026-08-02T20:05:52+00:00
sciex.com/products/software/lightsight-software,https://sciex.com/products/software/lightsight-software,200,https://sciex.com/products/software/lightsight-software,OK,,,data/intelligence.json,2026-08-02T20:05:52+00:00
sciex.com/products/software/lipidview-software,https://sciex.com/products/software/lipidview-software,200,https://sciex.com/products/software/lipidview-software,OK,,,data/intelligence.json,2026-08-02T20:05:52+00:00
sciex.com/products/software/markerview-software,https://sciex.com/products/software/markerview-software,200,https://sciex.com/products/software/markerview-software,OK,,,data/intelligence.json,2026-08-02T20:05:52+00:00
sciex.com/products/software/mass-spectrometry-software-solutions,https://sciex.com/products/software/mass-spectrometry-software-solutions,200,https://sciex.com/products/software,OK,,,data/intelligence.json,2026-08-02T20:05:52+00:00
sciex.com/products/software/metabolitepilot-software,https://sciex.com/products/software/metabolitepilot-software,200,https://sciex.com/products/software/molecule-profiler-software,OK,,,data/intelligence.json,2026-08-02T20:05:52+00:00
sciex.com/products/software/molecule-profiler-software,https://sciex.com/products/software/molecule-profiler-software,200,https://sciex.com/products/software/molecule-profiler-software,OK,,,data/intelligence.json,2026-08-02T20:05:52+00:00
sciex.com/products/software/mpx-software,https://sciex.com/products/software/mpx-software,200,https://sciex.com/products/software/mpx-software,OK,,,data/intelligence.json,2026-08-02T20:05:52+00:00
sciex.com/products/software/multiquant-software,https://sciex.com/products/software/multiquant-software,200,https://sciex.com/products/software/multiquant-software,OK,,,data/intelligence.json,2026-08-02T20:05:53+00:00
sciex.com/products/software/oneomics,https://sciex.com/products/software/oneomics,200,https://sciex.com/products/software/oneomics,OK,,,data/intelligence.json,2026-08-02T20:05:53+00:00
sciex.com/products/software/os-software-roi-calculator,https://sciex.com/products/software/os-software-roi-calculator,200,https://sciex.com/products/software/os-software-roi-calculator,OK,,,data/intelligence.json,2026-08-02T20:05:53+00:00
sciex.com/products/software/partner-software,https://sciex.com/products/software/partner-software,200,https://sciex.com/products/software/partner-software,OK,,,data/intelligence.json,2026-08-02T20:05:53+00:00
sciex.com/products/software/peakview-software,https://sciex.com/products/software/peakview-software,200,https://sciex.com/products/software/peakview-software,OK,,,data/intelligence.json,2026-08-02T20:05:53+00:00
sciex.com/products/software/proteinpilot-software,https://sciex.com/products/software/proteinpilot-software,200,https://sciex.com/products/software/proteinpilot-software,OK,,,data/intelligence.json,2026-08-02T20:05:53+00:00
sciex.com/products/software/sciex-os-software,https://sciex.com/products/software/sciex-os-software,200,https://sciex.com/products/software/sciex-os-software,OK,,,data/intelligence.json,2026-08-02T20:05:53+00:00
sciex.com/products/software/sciex-os-software/sciex-os-tips-and-tricks,https://sciex.com/products/software/sciex-os-software/sciex-os-tips-and-tricks,200,https://sciex.com/products/software/sciex-os-software/sciex-os-tips-and-tricks,OK,,,data/intelligence.json,2026-08-02T20:05:53+00:00
sciex.com/tech-notes/environmental-industrial/water-and-soil/fast-and-ultra-sensitive-method-for-analysis-of-tfa,https://sciex.com/tech-notes/environmental-industrial/water-and-soil/fast-and-ultra-sensitive-method-for-analysis-of-tfa,200,https://sciex.com/tech-notes/environmental-industrial/water-and-soil/fast-and-ultra-sensitive-method-for-analysis-of-tfa,OK,,,data/competitor_application_notes.json,2026-08-02T20:05:53+00:00
sciex.com/tech-notes/environmental-industrial/water-and-soil/routine-application-of-epa-method-environmental-samples-using-the-novusv55,https://sciex.com/tech-notes/environmental-industrial/water-and-soil/routine-application-of-epa-method-environmental-samples-using-the-novusv55,200,https://sciex.com/tech-notes/environmental-industrial/water-and-soil/routine-application-of-epa-method-environmental-samples-using-the-novusv55,OK,,,data/competitor_application_notes.json; data/conference_preparation.json,2026-08-02T20:05:53+00:00
sciex.com/tech-notes/food-beverage/food-and-beverage/maximizing-throughput-with-accelerated-mrm-aemrm-novus-v55,https://sciex.com/tech-notes/food-beverage/food-and-beverage/maximizing-throughput-with-accelerated-mrm-aemrm-novus-v55,200,https://sciex.com/tech-notes/food-beverage/food-and-beverage/maximizing-throughput-with-accelerated-mrm-aemrm-novus-v55,OK,,,data/technical_comparisons.json,2026-08-02T20:05:53+00:00
sciex.com/tech-notes/life-science-research/metabolomics/zt-scan-dia-3-0-metabolomics-analysis-reduces-chimeric-spectral-overlap-to-improve-metabolic-coverage-and-quantitative-analysis,https://sciex.com/tech-notes/life-science-research/metabolomics/zt-scan-dia-3-0-metabolomics-analysis-reduces-chimeric-spectral-overlap-to-improve-metabolic-coverage-and-quantitative-analysis,200,https://sciex.com/tech-notes/life-science-research/metabolomics/zt-scan-dia-3-0-metabolomics-analysis-reduces-chimeric-spectral-overlap-to-improve-metabolic-coverage-and-quantitative-analysis,OK,,,data/competitor_application_notes.json,2026-08-02T20:05:53+00:00
sciex.com/tech-notes/life-science-research/proteomics/narrow-window-scanning-dia-for-unbiased-label-free-quantitation,https://sciex.com/tech-notes/life-science-research/proteomics/narrow-window-scanning-dia-for-unbiased-label-free-quantitation,200,https://sciex.com/tech-notes/life-science-research/proteomics/narrow-window-scanning-dia-for-unbiased-label-free-quantitation,OK,,,data/competitor_application_notes.json,2026-08-02T20:05:53+00:00
shop.perkinelmer.com/product/BC003382,https://shop.perkinelmer.com/product/BC003382,200,https://shop.perkinelmer.com/product/BC003382,Blocked,HTTP response contains an access-control or bot-challenge page,,data/historical_product_catalog.json,2026-08-02T20:05:53+00:00
spex-cii.com/,https://spex-cii.com/,200,https://spex-cii.com/,OK,,,data/conference_sources.json; data/source_catalog.json,2026-08-02T20:05:53+00:00
support.waters.com/%40api/deki/files/28009/Premier_specs_720007029en.pdf,https://support.waters.com/%40api/deki/files/28009/Premier_specs_720007029en.pdf?revision=1,502,https://support.waters.com/%40api/deki/files/28009/Premier_specs_720007029en.pdf?revision=1,Blocked,,,data/product_comparisons.json,2026-08-02T20:05:53+00:00
support.waters.com/KB_Inst/Chromatography/WKB193162_Carryover_solution_that_can_be_performed_by_user_with_ACQUITY_UPLC_H-Class,https://support.waters.com/KB_Inst/Chromatography/WKB193162_Carryover_solution_that_can_be_performed_by_user_with_ACQUITY_UPLC_H-Class,200,https://support.waters.com/KB_Inst/Chromatography/WKB193162_Carryover_solution_that_can_be_performed_by_user_with_ACQUITY_UPLC_H-Class,OK,,,data/customer_voice_validation_cache.json,2026-08-02T20:05:53+00:00
support.waters.com/KB_Inst/Chromatography/WKB4833_ACQUITY_BSM_or_QSM_Unstable_Pressure,https://support.waters.com/KB_Inst/Chromatography/WKB4833_ACQUITY_BSM_or_QSM_Unstable_Pressure,200,https://support.waters.com/KB_Inst/Chromatography/WKB4833_ACQUITY_BSM_or_QSM_Unstable_Pressure,OK,,,data/customer_voice_validation_cache.json,2026-08-02T20:05:53+00:00
support.waters.com/KB_Inst/Chromatography/WKB97891_Are_there_any_differences_in_the_specifications_of_ACQUITY_UPLC_I-Class_and_I-Class_PLUS,https://support.waters.com/KB_Inst/Chromatography/WKB97891_Are_there_any_differences_in_the_specifications_of_ACQUITY_UPLC_I-Class_and_I-Class_PLUS,200,https://support.waters.com/KB_Inst/Chromatography/WKB97891_Are_there_any_differences_in_the_specifications_of_ACQUITY_UPLC_I-Class_and_I-Class_PLUS,OK,,,data/technical_comparisons.json,2026-08-02T20:05:53+00:00
ted.europa.eu/en/,https://ted.europa.eu/en/,200,https://ted.europa.eu/en/,Blocked,HTTP response contains an access-control or bot-challenge page,,data/market_application_sources.json,2026-08-02T20:05:53+00:00
theanalyticalscientist.com/,https://theanalyticalscientist.com/,200,https://theanalyticalscientist.com/,OK,,,data/journal_sources.json; data/source_catalog.json; data/source_health.json; data/source_registry.json,2026-08-02T20:05:53+00:00
theanalyticalscientist.com/issues/2026/articles/july/2026-innovation-awards-nominate-now/,https://theanalyticalscientist.com/issues/2026/articles/july/2026-innovation-awards-nominate-now/,200,https://theanalyticalscientist.com/issues/2026/articles/july/2026-innovation-awards-nominate-now/,OK,,,data/journal_sources.json,2026-08-02T20:05:53+00:00
virtual.oxfordabstracts.com/,https://virtual.oxfordabstracts.com/,200,https://virtual.oxfordabstracts.com/,OK,,,data/conference_sources.json; data/source_catalog.json,2026-08-02T20:05:53+00:00
virtual.oxfordabstracts.com/event/76939/program,https://virtual.oxfordabstracts.com/event/76939/program,200,https://virtual.oxfordabstracts.com/event/76939/program,OK,,,data/conference_preparation.json,2026-08-02T20:05:53+00:00
web.cvent.com/event/aa60970c-53a0-466e-87f7-5af317a3dc9a/summary,https://web.cvent.com/event/aa60970c-53a0-466e-87f7-5af317a3dc9a/summary,200,https://web.cvent.com/event/aa60970c-53a0-466e-87f7-5af317a3dc9a/summary,OK,,,data/conference_sources.json,2026-08-02T20:05:53+00:00
www.aaps.org/career-development/mentoring,https://www.aaps.org/career-development/mentoring,200,https://www.aaps.org/membership-and-community/mentoring,OK,,,data/conference_sources.json; data/source_catalog.json,2026-08-02T20:05:54+00:00
www.aaps.org/education-and-research/workshops,https://www.aaps.org/education-and-research/workshops,200,https://science360.aaps.org/science360/?menu=26&browseby=9&sortby=1&trend=27610#!*menu=26*browseby=9*sortby=1*trend=27610,OK,,,data/conference_sources.json; data/source_catalog.json,2026-08-02T20:05:54+00:00
www.aaps.org/membership-and-community/mentoring,https://www.aaps.org/membership-and-community/mentoring,200,https://www.aaps.org/membership-and-community/mentoring,OK,,,data/conference_sources.json; data/source_catalog.json,2026-08-02T20:05:54+00:00
www.aaps.org/nbc/nbcexhibitors,https://www.aaps.org/nbc/nbcexhibitors,200,https://s7.goeshow.com/aaps/nbc/2027/exhibitors_sponsors.cfm,OK,,,data/conference_sources.json; data/source_catalog.json,2026-08-02T20:05:54+00:00
www.aaps.org/nbc/nbcposters,https://www.aaps.org/nbc/nbcposters,200,https://www.aaps.org/nbc/nbcposters,OK,,,data/conference_sources.json; data/source_catalog.json,2026-08-02T20:05:54+00:00
www.aaps.org/nbc/submitprogram,https://www.aaps.org/nbc/submitprogram,200,https://nbc2026.eventscribe.net/index.asp?launcher=1,OK,,,data/conference_sources.json; data/source_catalog.json,2026-08-02T20:05:54+00:00
www.aaps.org/pharmsci/2024-exhibitor,https://www.aaps.org/pharmsci/2024-exhibitor,200,https://s7.goeshow.com/aaps/pharmsci/2026/exhibitors_sponsors.cfm,OK,,,data/conference_sources.json; data/source_catalog.json,2026-08-02T20:05:54+00:00
www.aaps.org/pharmsci/annual-meeting,https://www.aaps.org/pharmsci/annual-meeting,200,https://www.aaps.org/pharmsci/annual-meeting,OK,,,data/conference_sources.json; data/source_catalog.json; data/source_health.json; data/source_registry.json,2026-08-02T20:05:54+00:00
www.aaps.org/pharmsci/new-page,https://www.aaps.org/pharmsci/new-page,200,https://science360.aaps.org/science360/#!*menu=6*browseby=3*sortby=2*ce_id=2860,OK,,,data/conference_sources.json; data/source_catalog.json,2026-08-02T20:05:54+00:00
www.aaps.org/pharmsci/posters,https://www.aaps.org/pharmsci/posters,200,https://www.aaps.org/pharmsci/posters,OK,,,data/conference_sources.json; data/source_catalog.json,2026-08-02T20:05:54+00:00
www.aaps.org/pharmsci/program,https://www.aaps.org/pharmsci/program,200,https://aaps2026.eventscribe.net/index.asp,OK,,,data/conference_sources.json; data/source_catalog.json,2026-08-02T20:05:54+00:00
www.aaps.org/ssf/exhibitors,https://www.aaps.org/ssf/exhibitors,200,https://s7.goeshow.com/aaps/summer/2026/exhibitors_sponsors.cfm,OK,,,data/conference_sources.json; data/source_catalog.json,2026-08-02T20:05:54+00:00
www.aaps.org/ssf/ssf-program,https://www.aaps.org/ssf/ssf-program,200,https://ssf2026.eventscribe.net/index.asp?launcher=1,OK,,,data/conference_sources.json; data/source_catalog.json,2026-08-02T20:05:54+00:00
www.aaps.org/ssf/ssf-programmingsubmission,https://www.aaps.org/ssf/ssf-programmingsubmission,200,https://www.aaps.org/ssf/ssf-programmingsubmission,OK,,,data/conference_sources.json; data/source_catalog.json,2026-08-02T20:05:54+00:00
www.acs.org/events/all-events/acs-fall-2026.html,https://www.acs.org/events/all-events/acs-fall-2026.html,200,https://www.acs.org/events/all-events/acs-fall-2026.html,OK,,,data/conference_preparation.json; data/conference_sources.json; data/source_catalog.json; data/source_health.json; data/source_registry.json,2026-08-02T20:05:55+00:00
www.acs.org/events/all-events/acs-spring-2026.html,https://www.acs.org/events/all-events/acs-spring-2026.html,200,https://www.acs.org/events/all-events/acs-spring-2026.html,OK,,,data/conference_sources.json; data/source_catalog.json; data/source_health.json; data/source_registry.json,2026-08-02T20:05:55+00:00
www.acs.org/events/fall/exhibit.html,https://www.acs.org/events/fall/exhibit.html,200,https://www.acs.org/events/fall/exhibit.html,OK,,,data/conference_preparation.json,2026-08-02T20:05:55+00:00
www.agilent.com/about/companyinfo/history/Agilent-history-timeline.pdf,https://www.agilent.com/about/companyinfo/history/Agilent-history-timeline.pdf,403,https://www.agilent.com/about/companyinfo/history/Agilent-history-timeline.pdf,Blocked,HTTP response contains an access-control or bot-challenge page,,data/historical_product_catalog.json,2026-08-02T20:05:55+00:00
www.agilent.com/about/newsroom/presrel.html,https://www.agilent.com/about/newsroom/presrel.html,403,https://www.agilent.com/about/newsroom/presrel.html,Blocked,HTTP response contains an access-control or bot-challenge page,,data/agilent_monitor.json; data/intelligence.json; data/source_catalog.json; data/source_health.json; data/source_registry.json,2026-08-02T20:05:55+00:00
www.agilent.com/about/newsroom/presrel/2007/05apr-ca07020.html,https://www.agilent.com/about/newsroom/presrel/2007/05apr-ca07020.html,403,https://www.agilent.com/about/newsroom/presrel/2007/05apr-ca07020.html,Blocked,HTTP response contains an access-control or bot-challenge page,,data/historical_product_catalog.json,2026-08-02T20:05:55+00:00
www.agilent.com/about/newsroom/presrel/2008/07apr-ca08025.html,https://www.agilent.com/about/newsroom/presrel/2008/07apr-ca08025.html,403,https://www.agilent.com/about/newsroom/presrel/2008/07apr-ca08025.html,Blocked,HTTP response contains an access-control or bot-challenge page,,data/historical_product_catalog.json,2026-08-02T20:05:55+00:00
www.agilent.com/about/newsroom/presrel/2019/03jun-ca19014.html,https://www.agilent.com/about/newsroom/presrel/2019/03jun-ca19014.html,403,https://www.agilent.com/about/newsroom/presrel/2019/03jun-ca19014.html,Blocked,HTTP response contains an access-control or bot-challenge page,,data/historical_product_catalog.json,2026-08-02T20:05:55+00:00
www.agilent.com/about/newsroom/presrel/2019/15apr-ca19010.html,https://www.agilent.com/about/newsroom/presrel/2019/15apr-ca19010.html,403,https://www.agilent.com/about/newsroom/presrel/2019/15apr-ca19010.html,Blocked,HTTP response contains an access-control or bot-challenge page,,data/historical_product_catalog.json,2026-08-02T20:05:55+00:00
www.agilent.com/about/newsroom/presrel/2020/01jun-ca20017.html,https://www.agilent.com/about/newsroom/presrel/2020/01jun-ca20017.html,403,https://www.agilent.com/about/newsroom/presrel/2020/01jun-ca20017.html,Blocked,HTTP response contains an access-control or bot-challenge page,,data/historical_product_catalog.json,2026-08-02T20:05:55+00:00
www.agilent.com/about/newsroom/presrel/2022/06jun-ca22017.html,https://www.agilent.com/about/newsroom/presrel/2022/06jun-ca22017.html,403,https://www.agilent.com/about/newsroom/presrel/2022/06jun-ca22017.html,Blocked,HTTP response contains an access-control or bot-challenge page,,data/historical_product_catalog.json,2026-08-02T20:05:55+00:00
www.agilent.com/about/newsroom/presrel/2023/05jun-ca23023.html,https://www.agilent.com/about/newsroom/presrel/2023/05jun-ca23023.html,403,https://www.agilent.com/about/newsroom/presrel/2023/05jun-ca23023.html,Blocked,HTTP response contains an access-control or bot-challenge page,,data/historical_product_catalog.json,2026-08-02T20:05:55+00:00
www.agilent.com/about/newsroom/presrel/2024/21oct-ca24026.html,https://www.agilent.com/about/newsroom/presrel/2024/21oct-ca24026.html,403,https://www.agilent.com/about/newsroom/presrel/2024/21oct-ca24026.html,Blocked,HTTP response contains an access-control or bot-challenge page,,data/historical_product_catalog.json,2026-08-02T20:05:55+00:00
www.agilent.com/about/newsroom/presrel/2026/01jul-ca26024.html,https://www.agilent.com/about/newsroom/presrel/2026/01jul-ca26024.html,403,https://www.agilent.com/about/newsroom/presrel/2026/01jul-ca26024.html,Blocked,HTTP response contains an access-control or bot-challenge page,,data/agilent_monitor.json; data/intelligence.json; data/source_health.json; data/source_registry.json,2026-08-02T20:05:55+00:00
www.agilent.com/about/newsroom/presrel/2026/01jun-ca26022.html,https://www.agilent.com/about/newsroom/presrel/2026/01jun-ca26022.html,403,https://www.agilent.com/about/newsroom/presrel/2026/01jun-ca26022.html,Blocked,HTTP response contains an access-control or bot-challenge page,,data/agilent_monitor.json; data/intelligence.json; data/source_health.json; data/source_registry.json,2026-08-02T20:05:55+00:00
www.agilent.com/about/newsroom/presrel/2026/02apr-ca26011.html,https://www.agilent.com/about/newsroom/presrel/2026/02apr-ca26011.html,403,https://www.agilent.com/about/newsroom/presrel/2026/02apr-ca26011.html,Blocked,HTTP response contains an access-control or bot-challenge page,,data/intelligence.json,2026-08-02T20:05:55+00:00
www.agilent.com/about/newsroom/presrel/2026/02jun-ca26023.html,https://www.agilent.com/about/newsroom/presrel/2026/02jun-ca26023.html,403,https://www.agilent.com/about/newsroom/presrel/2026/02jun-ca26023.html,Blocked,HTTP response contains an access-control or bot-challenge page,,data/agilent_monitor.json; data/intelligence.json; data/source_health.json; data/source_registry.json,2026-08-02T20:05:56+00:00
www.agilent.com/about/newsroom/presrel/2026/03jun-gp26013.html,https://www.agilent.com/about/newsroom/presrel/2026/03jun-gp26013.html,403,https://www.agilent.com/about/newsroom/presrel/2026/03jun-gp26013.html,Blocked,HTTP response contains an access-control or bot-challenge page,,data/agilent_monitor.json; data/intelligence.json; data/source_health.json; data/source_registry.json,2026-08-02T20:05:56+00:00
www.agilent.com/about/newsroom/presrel/2026/08jul-ca26025.html,https://www.agilent.com/about/newsroom/presrel/2026/08jul-ca26025.html,403,https://www.agilent.com/about/newsroom/presrel/2026/08jul-ca26025.html,Blocked,HTTP response contains an access-control or bot-challenge page,,data/agilent_monitor.json; data/intelligence.json; data/source_health.json; data/source_registry.json,2026-08-02T20:05:56+00:00
www.agilent.com/about/newsroom/presrel/2026/14apr-ca26012.html,https://www.agilent.com/about/newsroom/presrel/2026/14apr-ca26012.html,403,https://www.agilent.com/about/newsroom/presrel/2026/14apr-ca26012.html,Blocked,HTTP response contains an access-control or bot-challenge page,,data/intelligence.json,2026-08-02T20:05:56+00:00
www.agilent.com/about/newsroom/presrel/2026/14jul-ca26026.html,https://www.agilent.com/about/newsroom/presrel/2026/14jul-ca26026.html,403,https://www.agilent.com/about/newsroom/presrel/2026/14jul-ca26026.html,Blocked,HTTP response contains an access-control or bot-challenge page,,data/agilent_monitor.json; data/intelligence.json; data/source_health.json; data/source_registry.json,2026-08-02T20:05:56+00:00
www.agilent.com/about/newsroom/presrel/2026/20may-ca26014.html,https://www.agilent.com/about/newsroom/presrel/2026/20may-ca26014.html,403,https://www.agilent.com/about/newsroom/presrel/2026/20may-ca26014.html,Blocked,HTTP response contains an access-control or bot-challenge page,,data/intelligence.json,2026-08-02T20:05:56+00:00
www.agilent.com/about/newsroom/presrel/2026/20may-ca26015.html,https://www.agilent.com/about/newsroom/presrel/2026/20may-ca26015.html,403,https://www.agilent.com/about/newsroom/presrel/2026/20may-ca26015.html,Blocked,HTTP response contains an access-control or bot-challenge page,,data/intelligence.json,2026-08-02T20:05:56+00:00
www.agilent.com/about/newsroom/presrel/2026/21may-ca26016.html,https://www.agilent.com/about/newsroom/presrel/2026/21may-ca26016.html,403,https://www.agilent.com/about/newsroom/presrel/2026/21may-ca26016.html,Blocked,HTTP response contains an access-control or bot-challenge page,,data/product_launches.json,2026-08-02T20:05:56+00:00
www.agilent.com/about/newsroom/presrel/2026/23jul-ca26027.html,https://www.agilent.com/about/newsroom/presrel/2026/23jul-ca26027.html,403,https://www.agilent.com/about/newsroom/presrel/2026/23jul-ca26027.html,Blocked,HTTP response contains an access-control or bot-challenge page,,data/agilent_monitor.json; data/intelligence.json; data/source_health.json; data/source_registry.json,2026-08-02T20:05:56+00:00
www.agilent.com/about/newsroom/presrel/2026/25jun-gp26014.html,https://www.agilent.com/about/newsroom/presrel/2026/25jun-gp26014.html,403,https://www.agilent.com/about/newsroom/presrel/2026/25jun-gp26014.html,Blocked,HTTP response contains an access-control or bot-challenge page,,data/agilent_monitor.json; data/intelligence.json; data/source_health.json; data/source_registry.json,2026-08-02T20:05:56+00:00
www.agilent.com/about/newsroom/presrel/2026/28jul-gp26015.html,https://www.agilent.com/about/newsroom/presrel/2026/28jul-gp26015.html,403,https://www.agilent.com/about/newsroom/presrel/2026/28jul-gp26015.html,Blocked,HTTP response contains an access-control or bot-challenge page,,data/agilent_monitor.json; data/intelligence.json; data/source_health.json; data/source_registry.json,2026-08-02T20:05:56+00:00
www.agilent.com/about/newsroom/presrel/2026/28may-ca26020.html,https://www.agilent.com/about/newsroom/presrel/2026/28may-ca26020.html,403,https://www.agilent.com/about/newsroom/presrel/2026/28may-ca26020.html,Blocked,HTTP response contains an access-control or bot-challenge page,,data/conference_preparation.json; data/intelligence.json,2026-08-02T20:05:56+00:00
www.agilent.com/about/newsroom/presrel/2026/29jul-ca26028.html,https://www.agilent.com/about/newsroom/presrel/2026/29jul-ca26028.html,403,https://www.agilent.com/about/newsroom/presrel/2026/29jul-ca26028.html,Blocked,HTTP response contains an access-control or bot-challenge page,,data/agilent_monitor.json; data/intelligence.json; data/source_health.json; data/source_registry.json,2026-08-02T20:05:56+00:00
www.agilent.com/about/newsroom/presrel/2026/29may-ca26021.html,https://www.agilent.com/about/newsroom/presrel/2026/29may-ca26021.html,403,https://www.agilent.com/about/newsroom/presrel/2026/29may-ca26021.html,Blocked,HTTP response contains an access-control or bot-challenge page,,data/conference_preparation.json; data/product_launches.json,2026-08-02T20:05:56+00:00
www.agilent.com/cn/about/newsroom/presrel/2017/0308.html,https://www.agilent.com/cn/about/newsroom/presrel/2017/0308.html,403,https://www.agilent.com/cn/about/newsroom/presrel/2017/0308.html,Blocked,HTTP response contains an access-control or bot-challenge page,,data/historical_product_catalog.json,2026-08-02T20:05:56+00:00
www.agilent.com/cs/library/applications/an-infinitylab-quick-change-nitrosamines-analysis-lc-ms-ms-5994-9264en-agilent.pdf,https://www.agilent.com/cs/library/applications/an-infinitylab-quick-change-nitrosamines-analysis-lc-ms-ms-5994-9264en-agilent.pdf,403,https://www.agilent.com/cs/library/applications/an-infinitylab-quick-change-nitrosamines-analysis-lc-ms-ms-5994-9264en-agilent.pdf,Blocked,HTTP response contains an access-control or bot-challenge page,,data/competitor_application_notes.json,2026-08-02T20:05:56+00:00
www.agilent.com/cs/library/applications/an-pesticide-screening-revident-lc-qtof-5994-8751en-agilent.pdf,https://www.agilent.com/cs/library/applications/an-pesticide-screening-revident-lc-qtof-5994-8751en-agilent.pdf,403,https://www.agilent.com/cs/library/applications/an-pesticide-screening-revident-lc-qtof-5994-8751en-agilent.pdf,Blocked,HTTP response contains an access-control or bot-challenge page,,data/competitor_application_notes.json; data/conference_preparation.json,2026-08-02T20:05:56+00:00
www.agilent.com/cs/library/slidepresentation/public/Discover_the_Efficiency_Advantage_in_your_LC_Phoenix07012017.pdf,https://www.agilent.com/cs/library/slidepresentation/public/Discover_the_Efficiency_Advantage_in_your_LC_Phoenix07012017.pdf,403,https://www.agilent.com/cs/library/slidepresentation/public/Discover_the_Efficiency_Advantage_in_your_LC_Phoenix07012017.pdf,Blocked,HTTP response contains an access-control or bot-challenge page,,data/historical_product_catalog.json,2026-08-02T20:05:56+00:00
www.agilent.com/cs/library/usermanuals/public/G7104ASystem.pdf,https://www.agilent.com/cs/library/usermanuals/public/G7104ASystem.pdf,403,https://www.agilent.com/cs/library/usermanuals/public/G7104ASystem.pdf,Blocked,HTTP response contains an access-control or bot-challenge page,,data/historical_product_catalog.json,2026-08-02T20:05:56+00:00
www.agilent.com/cs/library/usermanuals/public/G7123-Fluorescence-Detector-UseMa-en-D0129488.pdf,https://www.agilent.com/cs/library/usermanuals/public/G7123-Fluorescence-Detector-UseMa-en-D0129488.pdf,403,https://www.agilent.com/cs/library/usermanuals/public/G7123-Fluorescence-Detector-UseMa-en-D0129488.pdf,Blocked,HTTP response contains an access-control or bot-challenge page,,data/technical_comparisons.json,2026-08-02T20:05:56+00:00
www.agilent.com/cs/library/usermanuals/public/InfinityLab-Hybrid-Multisamplers-UseMa-en-D0029905.pdf,https://www.agilent.com/cs/library/usermanuals/public/InfinityLab-Hybrid-Multisamplers-UseMa-en-D0029905.pdf,403,https://www.agilent.com/cs/library/usermanuals/public/InfinityLab-Hybrid-Multisamplers-UseMa-en-D0029905.pdf,Blocked,HTTP response contains an access-control or bot-challenge page,,data/technical_comparisons.json,2026-08-02T20:05:56+00:00
www.agilent.com/en/product/liquid-chromatography-mass-spectrometry-lc-ms/lc-ms-instruments/quadrupole-time-of-flight-lc-ms/revident-lc-q-tof,https://www.agilent.com/en/product/liquid-chromatography-mass-spectrometry-lc-ms/lc-ms-instruments/quadrupole-time-of-flight-lc-ms/revident-lc-q-tof,403,https://www.agilent.com/en/product/liquid-chromatography-mass-spectrometry-lc-ms/lc-ms-instruments/quadrupole-time-of-flight-lc-ms/revident-lc-q-tof,Blocked,HTTP response contains an access-control or bot-challenge page,,data/competitor_application_notes.json,2026-08-02T20:05:56+00:00
www.agilent.com/en/product/liquid-chromatography-mass-spectrometry-lc-ms/lc-ms-instruments/time-of-flight-lc-ms/6230-time-of-flight-tof-lc-ms,https://www.agilent.com/en/product/liquid-chromatography-mass-spectrometry-lc-ms/lc-ms-instruments/time-of-flight-lc-ms/6230-time-of-flight-tof-lc-ms,403,https://www.agilent.com/en/product/liquid-chromatography-mass-spectrometry-lc-ms/lc-ms-instruments/time-of-flight-lc-ms/6230-time-of-flight-tof-lc-ms,Blocked,HTTP response contains an access-control or bot-challenge page,,data/product_launches.json; data/technical_comparisons.json,2026-08-02T20:05:57+00:00
www.agilent.com/en/product/liquid-chromatography/hplc-components-accessories/hplc-detectors/1290-fluorescence-detector,https://www.agilent.com/en/product/liquid-chromatography/hplc-components-accessories/hplc-detectors/1290-fluorescence-detector,403,https://www.agilent.com/en/product/liquid-chromatography/hplc-components-accessories/hplc-detectors/1290-fluorescence-detector,Blocked,HTTP response contains an access-control or bot-challenge page,,data/product_launches.json; data/technical_comparisons.json,2026-08-02T20:05:57+00:00
www.agilent.com/en/product/liquid-chromatography/hplc-components-accessories/hplc-pumps/1290-high-speed-pump,https://www.agilent.com/en/product/liquid-chromatography/hplc-components-accessories/hplc-pumps/1290-high-speed-pump,403,https://www.agilent.com/en/product/liquid-chromatography/hplc-components-accessories/hplc-pumps/1290-high-speed-pump,Blocked,HTTP response contains an access-control or bot-challenge page,,data/technical_comparisons.json,2026-08-02T20:05:57+00:00
www.agilent.com/en/product/liquid-chromatography/hplc-systems/analytical-hplc-systems/1290-lc-system,https://www.agilent.com/en/product/liquid-chromatography/hplc-systems/analytical-hplc-systems/1290-lc-system,403,https://www.agilent.com/en/product/liquid-chromatography/hplc-systems/analytical-hplc-systems/1290-lc-system,Blocked,HTTP response contains an access-control or bot-challenge page,,data/technical_comparisons.json,2026-08-02T20:05:57+00:00
www.agilent.com/en/product/small-molecule-columns/reversed-phase-hplc-columns/infinitylab-poroshell-120,https://www.agilent.com/en/product/small-molecule-columns/reversed-phase-hplc-columns/infinitylab-poroshell-120,403,https://www.agilent.com/en/product/small-molecule-columns/reversed-phase-hplc-columns/infinitylab-poroshell-120,Blocked,HTTP response contains an access-control or bot-challenge page,,data/technical_comparisons.json,2026-08-02T20:05:57+00:00
www.agilent.com/en/product/software-informatics/chromatography-software/chromatography-add-on/oligo-analysis-accelerator-for-openlab-cds,https://www.agilent.com/en/product/software-informatics/chromatography-software/chromatography-add-on/oligo-analysis-accelerator-for-openlab-cds,403,https://www.agilent.com/en/product/software-informatics/chromatography-software/chromatography-add-on/oligo-analysis-accelerator-for-openlab-cds,Blocked,HTTP response contains an access-control or bot-challenge page,,data/competitor_application_notes.json; data/conference_preparation.json,2026-08-02T20:05:57+00:00
www.agilent.com/en/products/liquid-chromatography/infinitylab-lc-series-modules/lc-injection-systems/1290-infinity-ii-multisampler,https://www.agilent.com/en/products/liquid-chromatography/infinitylab-lc-series-modules/lc-injection-systems/1290-infinity-ii-multisampler,403,https://www.agilent.com/en/products/liquid-chromatography/infinitylab-lc-series-modules/lc-injection-systems/1290-infinity-ii-multisampler,Blocked,HTTP response contains an access-control or bot-challenge page,,data/technical_comparisons.json,2026-08-02T20:05:57+00:00
www.agilent.com/newsjp/presrel/fy2016/ca05_1260infinity.shtml,https://www.agilent.com/newsjp/presrel/fy2016/ca05_1260infinity.shtml,403,https://www.agilent.com/newsjp/presrel/fy2016/ca05_1260infinity.shtml,Blocked,HTTP response contains an access-control or bot-challenge page,,data/historical_product_catalog.json,2026-08-02T20:05:57+00:00
www.agilent.com/pim_commerce01.xml,https://www.agilent.com/pim_commerce01.xml,200,https://www.agilent.com/pim_commerce01.xml,OK,,,data/agilent_monitor.json; data/intelligence.json; data/source_health.json; data/source_registry.json,2026-08-02T20:05:57+00:00
www.agilent.com/pim_commerce1.xml,https://www.agilent.com/pim_commerce1.xml,200,https://www.agilent.com/pim_commerce1.xml,OK,,,data/agilent_monitor.json; data/intelligence.json; data/source_health.json; data/source_registry.json,2026-08-02T20:05:57+00:00
www.agilent.com/products0.xml,https://www.agilent.com/products0.xml,200,https://www.agilent.com/products0.xml,OK,,,data/agilent_monitor.json; data/intelligence.json; data/source_catalog.json; data/source_health.json; data/source_registry.json,2026-08-02T20:05:57+00:00
www.agilent.com/sitemap.xml,https://www.agilent.com/sitemap.xml,200,https://www.agilent.com/sitemap.xml,OK,,,data/agilent_monitor.json; data/intelligence.json; data/source_health.json; data/source_registry.json,2026-08-02T20:05:57+00:00
www.agilent.com/sites/Satellite,https://www.agilent.com/sites/Satellite?c=Page&cid=1419316050655&d=Touch&pagename=Agilent%2FPage%2FFirmwareDownload%2FLayout&whid=99818,403,https://www.agilent.com/sites/Satellite?c=Page&cid=1419316050655&d=Touch&pagename=Agilent%2FPage%2FFirmwareDownload%2FLayout&whid=99818,Blocked,HTTP response contains an access-control or bot-challenge page,,data/historical_product_catalog.json,2026-08-02T20:05:57+00:00
www.agilent.com/store/en_US/Prod-959758-902/959758-902,https://www.agilent.com/store/en_US/Prod-959758-902/959758-902,403,https://www.agilent.com/store/en_US/Prod-959758-902/959758-902,Blocked,HTTP response contains an access-control or bot-challenge page,,data/technical_comparisons.json,2026-08-02T20:05:57+00:00
www.americanpharmaceuticalreview.com/,https://www.americanpharmaceuticalreview.com/,200,https://www.americanpharmaceuticalreview.com/,OK,,,data/journal_sources.json; data/source_catalog.json; data/source_health.json; data/source_registry.json,2026-08-02T20:05:57+00:00
www.americanpharmaceuticalreview.com/Specialty/Chromatography/1444-Article-Archives/,https://www.americanpharmaceuticalreview.com/Specialty/Chromatography/1444-Article-Archives/,200,https://www.americanpharmaceuticalreview.com/Specialty/Chromatography/1444-Article-Archives/,OK,,,data/journal_sources.json; data/source_catalog.json,2026-08-02T20:05:57+00:00
www.americanpharmaceuticalreview.com/Specialty/Chromatography/Featured-Articles/626623-USP-41-and-1251-Chapters-on-Balances/,https://www.americanpharmaceuticalreview.com/Specialty/Chromatography/Featured-Articles/626623-USP-41-and-1251-Chapters-on-Balances/,200,https://www.americanpharmaceuticalreview.com/Specialty/Chromatography/Featured-Articles/626623-USP-41-and-1251-Chapters-on-Balances/,OK,,,data/journal_sources.json,2026-08-02T20:05:57+00:00
www.ams.usda.gov/datasets/pdp/pdp-standard-operating-procedures,https://www.ams.usda.gov/datasets/pdp/pdp-standard-operating-procedures,200,https://www.ams.usda.gov/datasets/pdp/pdp-standard-operating-procedures,OK,,,data/market_application_sources.json,2026-08-02T20:05:57+00:00
www.asgct.org/education-career-resources/abstracts/abstract-faq,https://www.asgct.org/education-career-resources/abstracts/abstract-faq,200,https://www.asgct.org/education-career-resources/abstracts/abstract-faq,OK,,,data/conference_sources.json; data/source_catalog.json,2026-08-02T20:05:58+00:00
www.asms.org/about-asms-awards/discussion-group-speaker-travel,https://www.asms.org/about-asms-awards/discussion-group-speaker-travel,200,https://www.asms.org/about-asms-awards/discussion-group-speaker-travel,OK,,,data/conference_sources.json; data/source_catalog.json,2026-08-02T20:05:58+00:00
www.asms.org/about-mass-spec/what-is-mass-spectrometry-poster,https://www.asms.org/about-mass-spec/what-is-mass-spectrometry-poster,200,https://www.asms.org/about-mass-spec/what-is-mass-spectrometry-poster,OK,,,data/conference_sources.json; data/source_catalog.json,2026-08-02T20:05:58+00:00
www.asms.org/about/history/history-posters,https://www.asms.org/about/history/history-posters,200,https://www.asms.org/about/history/history-posters,OK,,,data/conference_sources.json; data/source_catalog.json,2026-08-02T20:05:58+00:00
www.asms.org/conferences/annual-conference,https://www.asms.org/conferences/annual-conference,200,https://www.asms.org/conferences/annual-conference,OK,,,data/conference_sources.json; data/source_catalog.json; data/source_health.json; data/source_registry.json,2026-08-02T20:05:58+00:00
www.asms.org/conferences/annual-conference/conference-program,https://www.asms.org/conferences/annual-conference/conference-program,200,https://www.asms.org/conferences/annual-conference/conference-program,OK,,,data/conference_sources.json; data/source_catalog.json,2026-08-02T20:05:58+00:00
www.asms.org/conferences/annual-conference/conference-program/abstracts,https://www.asms.org/conferences/annual-conference/conference-program/abstracts,200,https://www.asms.org/conferences/annual-conference/conference-program/abstracts,OK,,,data/conference_sources.json; data/source_catalog.json,2026-08-02T20:05:58+00:00
www.asms.org/conferences/annual-conference/conference-program/abstracts/changes-for-abstract-submission,https://www.asms.org/conferences/annual-conference/conference-program/abstracts/changes-for-abstract-submission,200,https://www.asms.org/conferences/annual-conference/conference-program/abstracts/changes-for-abstract-submission,OK,,,data/conference_sources.json; data/source_catalog.json,2026-08-02T20:05:58+00:00
www.asms.org/conferences/annual-conference/conference-program/abstracts/oral-and-poster-submission-topics,https://www.asms.org/conferences/annual-conference/conference-program/abstracts/oral-and-poster-submission-topics,200,https://www.asms.org/conferences/annual-conference/conference-program/abstracts/oral-and-poster-submission-topics,OK,,,data/conference_sources.json; data/source_catalog.json,2026-08-02T20:05:58+00:00
www.asms.org/conferences/annual-conference/conference-program/workshops,https://www.asms.org/conferences/annual-conference/conference-program/workshops,200,https://www.asms.org/error404,OK,,,data/conference_sources.json; data/source_catalog.json,2026-08-02T20:05:58+00:00
www.asms.org/conferences/annual-conference/exhibitors,https://www.asms.org/conferences/annual-conference/exhibitors,200,https://www.asms.org/conferences/annual-conference/exhibitors,OK,,,data/conference_sources.json; data/source_catalog.json,2026-08-02T20:05:58+00:00
www.asms.org/conferences/annual-conference/exhibitors/corporate-members-2025,https://www.asms.org/conferences/annual-conference/exhibitors/corporate-members-2025,200,https://www.asms.org/conferences/annual-conference/exhibitors/corporate-members-2025,OK,,,data/conference_sources.json; data/source_catalog.json,2026-08-02T20:05:59+00:00
www.asms.org/conferences/annual-conference/exhibitors/exhibitor-toolkit,https://www.asms.org/conferences/annual-conference/exhibitors/exhibitor-toolkit,200,https://www.asms.org/conferences/annual-conference/exhibitors/exhibitor-toolkit,OK,,,data/conference_sources.json; data/source_catalog.json,2026-08-02T20:05:59+00:00
www.asms.org/conferences/annual-conference/poster-reprint-request-posterbridge,https://www.asms.org/conferences/annual-conference/poster-reprint-request-posterbridge,200,https://www.asms.org/conferences/annual-conference/poster-reprint-request-posterbridge,OK,,,data/conference_sources.json; data/source_catalog.json,2026-08-02T20:05:59+00:00
www.asms.org/conferences/annual-conference/presenter-guidelines/how-to-prepare-a-poster,https://www.asms.org/conferences/annual-conference/presenter-guidelines/how-to-prepare-a-poster,200,https://www.asms.org/conferences/annual-conference/presenter-guidelines/how-to-prepare-a-poster,OK,,,data/conference_sources.json; data/source_catalog.json,2026-08-02T20:05:59+00:00
www.asms.org/conferences/annual-conference/presenter-guidelines/poster-presenters,https://www.asms.org/conferences/annual-conference/presenter-guidelines/poster-presenters,200,https://www.asms.org/conferences/annual-conference/presenter-guidelines/poster-presenters,OK,,,data/conference_sources.json; data/source_catalog.json,2026-08-02T20:05:59+00:00
www.asms.org/conferences/asilomar-conference/abstract-submission,https://www.asms.org/conferences/asilomar-conference/abstract-submission,200,https://www.asms.org/conferences/asilomar-conference/abstract-submission,OK,,,data/conference_sources.json; data/source_catalog.json,2026-08-02T20:05:59+00:00
www.asms.org/conferences/asilomar-conference/corporate-support,https://www.asms.org/conferences/asilomar-conference/corporate-support,200,https://www.asms.org/conferences/asilomar-conference/corporate-support,OK,,,data/conference_sources.json; data/source_catalog.json,2026-08-02T20:05:59+00:00
www.asms.org/conferences/asilomar-conference/program,https://www.asms.org/conferences/asilomar-conference/program,200,https://www.asms.org/conferences/asilomar-conference/program,OK,,,data/conference_sources.json; data/source_catalog.json,2026-08-02T20:05:59+00:00
www.asms.org/conferences/asilomar-conference/program/presenter-guidelines,https://www.asms.org/conferences/asilomar-conference/program/presenter-guidelines,200,https://www.asms.org/conferences/asilomar-conference/program/presenter-guidelines,OK,,,data/conference_sources.json; data/source_catalog.json,2026-08-02T20:05:59+00:00
www.asms.org/conferences/asilomar-conference/program/schedule-overview,https://www.asms.org/conferences/asilomar-conference/program/schedule-overview,200,https://www.asms.org/conferences/asilomar-conference/program/schedule-overview,OK,,,data/conference_sources.json; data/source_catalog.json,2026-08-02T20:05:59+00:00
www.asms.org/conferences/fall-workshop,https://www.asms.org/conferences/fall-workshop,200,https://www.asms.org/conferences/fall-workshop,OK,,,data/conference_sources.json; data/source_catalog.json,2026-08-02T20:05:59+00:00
www.asms.org/conferences/fall-workshop/beware-of-email-scams,https://www.asms.org/conferences/fall-workshop/beware-of-email-scams,200,https://www.asms.org/about/beware-of-email-scams,OK,,,data/conference_sources.json; data/source_catalog.json,2026-08-02T20:05:59+00:00
www.asms.org/conferences/fall-workshop/corporate-support,https://www.asms.org/conferences/fall-workshop/corporate-support,200,https://www.asms.org/conferences/fall-workshop/corporate-support,OK,,,data/conference_sources.json; data/source_catalog.json,2026-08-02T20:05:59+00:00
www.asms.org/conferences/fall-workshop/fall-workshop-homepage,https://www.asms.org/conferences/fall-workshop/fall-workshop-homepage,200,https://www.asms.org/conferences/fall-workshop/fall-workshop-homepage,OK,,,data/conference_sources.json; data/source_catalog.json,2026-08-02T20:05:59+00:00
www.asms.org/conferences/fall-workshop/lodging-travel,https://www.asms.org/conferences/fall-workshop/lodging-travel,200,https://www.asms.org/conferences/fall-workshop/lodging-travel,OK,,,data/conference_sources.json; data/source_catalog.json,2026-08-02T20:05:59+00:00
www.asms.org/conferences/fall-workshop/past-fall-workshops,https://www.asms.org/conferences/fall-workshop/past-fall-workshops,200,https://www.asms.org/conferences/past-conferences,OK,,,data/conference_sources.json; data/source_catalog.json,2026-08-02T20:05:59+00:00
www.asms.org/conferences/fall-workshop/program,https://www.asms.org/conferences/fall-workshop/program,200,https://www.asms.org/conferences/fall-workshop/program,OK,,,data/conference_sources.json; data/source_catalog.json,2026-08-02T20:05:59+00:00
www.asms.org/conferences/fall-workshop/registration,https://www.asms.org/conferences/fall-workshop/registration,200,https://www.asms.org/conferences/fall-workshop/registration,OK,,,data/conference_sources.json; data/source_catalog.json,2026-08-02T20:06:00+00:00
www.asms.org/conferences/fall-workshop/student-post-doc-travel-stipends,https://www.asms.org/conferences/fall-workshop/student-post-doc-travel-stipends,200,https://www.asms.org/conferences/fall-workshop/student-post-doc-travel-stipends,OK,,,data/conference_sources.json; data/source_catalog.json,2026-08-02T20:06:00+00:00
www.asms.org/conferences/fall-workshop/suggest-a-topic,https://www.asms.org/conferences/fall-workshop/suggest-a-topic,200,https://www.asms.org/conferences/suggest-a-topic,OK,,,data/conference_sources.json; data/source_catalog.json,2026-08-02T20:06:00+00:00
www.asms.org/conferences/fall-workshop/travel-invitation-letter,https://www.asms.org/conferences/fall-workshop/travel-invitation-letter,200,https://www.asms.org/conferences/fall-workshop/travel-invitation-letter,OK,,,data/conference_sources.json; data/source_catalog.json,2026-08-02T20:06:00+00:00
www.asms.org/conferences/winter-conference/abstract-submission,https://www.asms.org/conferences/winter-conference/abstract-submission,200,https://www.asms.org/conferences/winter-conference/abstract-submission,OK,,,data/conference_sources.json; data/source_catalog.json,2026-08-02T20:06:00+00:00
www.asms.org/conferences/winter-conference/corporate-sponsors,https://www.asms.org/conferences/winter-conference/corporate-sponsors,200,https://www.asms.org/conferences/winter-conference/corporate-sponsors,OK,,,data/conference_sources.json; data/source_catalog.json,2026-08-02T20:06:00+00:00
www.asms.org/conferences/winter-conference/preliminary-program-topics-speakers,https://www.asms.org/conferences/winter-conference/preliminary-program-topics-speakers,200,https://www.asms.org/conferences/winter-conference/preliminary-program-topics-speakers,OK,,,data/conference_sources.json; data/source_catalog.json,2026-08-02T20:06:00+00:00
www.asms.org/member-services/mock-interviews-career-mentoring,https://www.asms.org/member-services/mock-interviews-career-mentoring,200,https://www.asms.org/member-services/mock-interviews-career-mentoring,OK,,,data/conference_sources.json; data/source_catalog.json,2026-08-02T20:06:00+00:00
www.asms.org/publications/abstracts-and-proceedings,https://www.asms.org/publications/abstracts-and-proceedings,200,https://www.asms.org/publications/abstracts-and-proceedings,OK,,,data/conference_sources.json; data/source_catalog.json,2026-08-02T20:06:00+00:00
www.asms.org/publications/abstracts-and-proceedings/new-search-tool,https://www.asms.org/publications/abstracts-and-proceedings/new-search-tool,200,https://www.asms.org/publications/abstracts-and-proceedings/new-search-tool,OK,,,data/conference_sources.json; data/source_catalog.json,2026-08-02T20:06:00+00:00
www.biopharminternational.com/,https://www.biopharminternational.com/,200,https://www.biopharminternational.com/,OK,,,data/journal_sources.json; data/source_catalog.json; data/source_health.json; data/source_registry.json,2026-08-02T20:06:00+00:00
www.biopharminternational.com/rss.xml,https://www.biopharminternational.com/rss.xml,200,https://www.biopharminternational.com/rss.xml,OK,,,data/journal_sources.json; data/source_catalog.json,2026-08-02T20:06:00+00:00
www.biopharminternational.com/view/faq-analytical-validation-lob-lod-loq-acceptance-criteria-equivalence-testing,https://www.biopharminternational.com/view/faq-analytical-validation-lob-lod-loq-acceptance-criteria-equivalence-testing,200,https://www.biopharminternational.com/view/faq-analytical-validation-lob-lod-loq-acceptance-criteria-equivalence-testing,OK,,,data/journal_sources.json,2026-08-02T20:06:00+00:00
www.bioprocessingeurope.com/,https://www.bioprocessingeurope.com/,200,https://www.bioprocessingeurope.com/,OK,,,data/conference_sources.json; data/source_catalog.json; data/source_health.json; data/source_registry.json,2026-08-02T20:06:00+00:00
www.bioprocessingeurope.com/exhibitor-prospectus-download-form,https://www.bioprocessingeurope.com/exhibitor-prospectus-download-form,200,https://www.bioprocessingeurope.com/exhibitor-prospectus-download-form,OK,,,data/conference_sources.json; data/source_catalog.json,2026-08-02T20:06:00+00:00
www.bioprocessingeurope.com/poster-titles,https://www.bioprocessingeurope.com/poster-titles,200,https://www.bioprocessingeurope.com/poster-titles,OK,,,data/conference_sources.json; data/source_catalog.json,2026-08-02T20:06:01+00:00
www.bioprocessingeurope.com/posters,https://www.bioprocessingeurope.com/posters,200,https://www.bioprocessingeurope.com/posters,OK,,,data/conference_sources.json; data/source_catalog.json,2026-08-02T20:06:01+00:00
www.bioprocessingeurope.com/programs,https://www.bioprocessingeurope.com/programs,200,https://www.bioprocessingeurope.com/programs,OK,,,data/conference_sources.json; data/source_catalog.json,2026-08-02T20:06:01+00:00
www.bioprocessingeurope.com/search,https://www.bioprocessingeurope.com/search,200,https://www.bioprocessingeurope.com/search,OK,,,data/conference_sources.json; data/source_catalog.json,2026-08-02T20:06:01+00:00
www.bioprocessingeurope.com/speaker-biographies,https://www.bioprocessingeurope.com/speaker-biographies,200,https://www.bioprocessingeurope.com/speaker-biographies,OK,,,data/conference_sources.json; data/source_catalog.json,2026-08-02T20:06:01+00:00
www.bioprocessingeurope.com/sponsors,https://www.bioprocessingeurope.com/sponsors,200,https://www.bioprocessingeurope.com/sponsors,OK,,,data/conference_sources.json; data/source_catalog.json,2026-08-02T20:06:01+00:00
www.bioprocessingeurope.com/sponsorship-opportunities,https://www.bioprocessingeurope.com/sponsorship-opportunities,200,https://www.bioprocessingeurope.com/sponsorship-opportunities,OK,,,data/conference_sources.json; data/source_catalog.json,2026-08-02T20:06:01+00:00
www.bioprocessingsummit.com/,https://www.bioprocessingsummit.com/,200,https://www.bioprocessingsummit.com/,OK,,,data/conference_preparation.json; data/conference_sources.json; data/source_catalog.json; data/source_health.json; data/source_registry.json,2026-08-02T20:06:01+00:00
www.bioprocessingsummit.com/Exhibitor-prospectus-download-form,https://www.bioprocessingsummit.com/Exhibitor-prospectus-download-form,200,https://www.bioprocessingsummit.com/Exhibitor-prospectus-download-form,OK,,,data/conference_sources.json; data/source_catalog.json,2026-08-02T20:06:01+00:00
www.bioprocessingsummit.com/Speaker-Biographies,https://www.bioprocessingsummit.com/Speaker-Biographies,200,https://www.bioprocessingsummit.com/Speaker-Biographies,OK,,,data/conference_sources.json; data/source_catalog.json,2026-08-02T20:06:01+00:00
www.bioprocessingsummit.com/exhibitor-faq,https://www.bioprocessingsummit.com/exhibitor-faq,200,https://www.bioprocessingsummit.com/exhibitor-faq,OK,,,data/conference_sources.json; data/source_catalog.json,2026-08-02T20:06:01+00:00
www.bioprocessingsummit.com/plenary-keynotes,https://www.bioprocessingsummit.com/plenary-keynotes,200,https://www.bioprocessingsummit.com/plenary-keynotes,OK,,,data/conference_sources.json; data/source_catalog.json,2026-08-02T20:06:01+00:00
www.bioprocessingsummit.com/poster-titles,https://www.bioprocessingsummit.com/poster-titles,200,https://www.bioprocessingsummit.com/poster-titles,OK,,,data/conference_sources.json; data/source_catalog.json,2026-08-02T20:06:01+00:00
www.bioprocessingsummit.com/poster-winners,https://www.bioprocessingsummit.com/poster-winners,200,https://www.bioprocessingsummit.com/poster-winners,OK,,,data/conference_sources.json; data/source_catalog.json,2026-08-02T20:06:01+00:00
www.bioprocessingsummit.com/posters,https://www.bioprocessingsummit.com/posters,200,https://www.bioprocessingsummit.com/posters,OK,,,data/conference_sources.json; data/source_catalog.json,2026-08-02T20:06:02+00:00
www.bioprocessingsummit.com/programs,https://www.bioprocessingsummit.com/programs,200,https://www.bioprocessingsummit.com/programs,OK,,,data/conference_sources.json; data/source_catalog.json,2026-08-02T20:06:02+00:00
www.bioprocessingsummit.com/search,https://www.bioprocessingsummit.com/search,200,https://www.bioprocessingsummit.com/search,OK,,,data/conference_sources.json; data/source_catalog.json,2026-08-02T20:06:02+00:00
www.bioprocessingsummit.com/sponsor,https://www.bioprocessingsummit.com/sponsor,200,https://www.bioprocessingsummit.com/sponsor,OK,,,data/conference_sources.json; data/source_catalog.json,2026-08-02T20:06:02+00:00
www.bioprocessingsummit.com/sponsor-exhibitor/best-of-show-awards,https://www.bioprocessingsummit.com/sponsor-exhibitor/best-of-show-awards,200,https://www.bioprocessingsummit.com/sponsor-exhibitor/best-of-show-awards,OK,,,data/conference_sources.json; data/source_catalog.json,2026-08-02T20:06:02+00:00
www.bioprocessingsummit.com/sponsors,https://www.bioprocessingsummit.com/sponsors,200,https://www.bioprocessingsummit.com/sponsors,OK,,,data/conference_preparation.json; data/conference_sources.json; data/source_catalog.json,2026-08-02T20:06:02+00:00
www.bioprocessingsummit.com/sponsorship-opportunities,https://www.bioprocessingsummit.com/sponsorship-opportunities,200,https://www.bioprocessingsummit.com/sponsorship-opportunities,OK,,,data/conference_sources.json; data/source_catalog.json,2026-08-02T20:06:02+00:00
www.bruker.com/en/landingpages/bdal/imsc.html,https://www.bruker.com/en/landingpages/bdal/imsc.html,200,https://www.bruker.com/en/landingpages/bdal/imsc.html,OK,,,data/conference_preparation.json,2026-08-02T20:06:02+00:00
www.casss.org/docs/default-source/mass-spec/2025-speaker-presentations/carillo-sara-nibrt-2025.pdf,https://www.casss.org/docs/default-source/mass-spec/2025-speaker-presentations/carillo-sara-nibrt-2025.pdf?sfvrsn=7c6c05d8_5,200,https://www.casss.org/docs/default-source/mass-spec/2025-speaker-presentations/carillo-sara-nibrt-2025.pdf?sfvrsn=7c6c05d8_5,OK,,,data/conference_sources.json; data/source_catalog.json,2026-08-02T20:06:02+00:00
www.casss.org/docs/default-source/mass-spec/2025-speaker-presentations/cazy-aaron-eli-lilly-and-company-2025.pdf,https://www.casss.org/docs/default-source/mass-spec/2025-speaker-presentations/cazy-aaron-eli-lilly-and-company-2025.pdf?sfvrsn=d61f5a58_3,200,https://www.casss.org/docs/default-source/mass-spec/2025-speaker-presentations/cazy-aaron-eli-lilly-and-company-2025.pdf?sfvrsn=d61f5a58_3,OK,,,data/conference_sources.json; data/source_catalog.json,2026-08-02T20:06:02+00:00
www.casss.org/docs/default-source/mass-spec/2025-speaker-presentations/chilmonczyk-mason-andson-biotech-2025.pdf,https://www.casss.org/docs/default-source/mass-spec/2025-speaker-presentations/chilmonczyk-mason-andson-biotech-2025.pdf?sfvrsn=e1754c40_5,200,https://www.casss.org/docs/default-source/mass-spec/2025-speaker-presentations/chilmonczyk-mason-andson-biotech-2025.pdf?sfvrsn=e1754c40_5,OK,,,data/conference_sources.json; data/source_catalog.json,2026-08-02T20:06:02+00:00
www.casss.org/docs/default-source/mass-spec/2025-speaker-presentations/crowe-adam-cytiva-2025.pdf,https://www.casss.org/docs/default-source/mass-spec/2025-speaker-presentations/crowe-adam-cytiva-2025.pdf?sfvrsn=fb10bc76_5,200,https://www.casss.org/docs/default-source/mass-spec/2025-speaker-presentations/crowe-adam-cytiva-2025.pdf?sfvrsn=fb10bc76_5,OK,,,data/conference_sources.json; data/source_catalog.json,2026-08-02T20:06:02+00:00
www.casss.org/docs/default-source/mass-spec/2025-speaker-presentations/gorre-elsa-johnson-johnson-2025.pdf,https://www.casss.org/docs/default-source/mass-spec/2025-speaker-presentations/gorre-elsa-johnson-johnson-2025.pdf?sfvrsn=84467e_5,200,https://www.casss.org/docs/default-source/mass-spec/2025-speaker-presentations/gorre-elsa-johnson-johnson-2025.pdf?sfvrsn=84467e_5,OK,,,data/conference_sources.json; data/source_catalog.json,2026-08-02T20:06:02+00:00
www.casss.org/docs/default-source/mass-spec/2025-speaker-presentations/jiang-tingting-merck-co-inc-2025.pdf,https://www.casss.org/docs/default-source/mass-spec/2025-speaker-presentations/jiang-tingting-merck-co-inc-2025.pdf?sfvrsn=2aee4f82_5,200,https://www.casss.org/docs/default-source/mass-spec/2025-speaker-presentations/jiang-tingting-merck-co-inc-2025.pdf?sfvrsn=2aee4f82_5,OK,,,data/conference_sources.json; data/source_catalog.json,2026-08-02T20:06:02+00:00
www.casss.org/docs/default-source/mass-spec/2025-speaker-presentations/johnson-alex-aldevron-llc-2025.pdf,https://www.casss.org/docs/default-source/mass-spec/2025-speaker-presentations/johnson-alex-aldevron-llc-2025.pdf?sfvrsn=d74f1472_5,200,https://www.casss.org/docs/default-source/mass-spec/2025-speaker-presentations/johnson-alex-aldevron-llc-2025.pdf?sfvrsn=d74f1472_5,OK,,,data/conference_sources.json; data/source_catalog.json,2026-08-02T20:06:02+00:00
www.casss.org/docs/default-source/mass-spec/2025-speaker-presentations/kuang-xinyi-cynthia-washington-university-in-st-louis-2025.pdf,https://www.casss.org/docs/default-source/mass-spec/2025-speaker-presentations/kuang-xinyi-cynthia-washington-university-in-st-louis-2025.pdf?sfvrsn=75312f8d_5,200,https://www.casss.org/docs/default-source/mass-spec/2025-speaker-presentations/kuang-xinyi-cynthia-washington-university-in-st-louis-2025.pdf?sfvrsn=75312f8d_5,OK,,,data/conference_sources.json; data/source_catalog.json,2026-08-02T20:06:02+00:00
www.casss.org/docs/default-source/mass-spec/2025-speaker-presentations/lucas-tiffany-eliquent-life-sciences-2025.pdf,https://www.casss.org/docs/default-source/mass-spec/2025-speaker-presentations/lucas-tiffany-eliquent-life-sciences-2025.pdf?sfvrsn=63188a0a_5,200,https://www.casss.org/docs/default-source/mass-spec/2025-speaker-presentations/lucas-tiffany-eliquent-life-sciences-2025.pdf?sfvrsn=63188a0a_5,OK,,,data/conference_sources.json; data/source_catalog.json,2026-08-02T20:06:02+00:00
www.casss.org/docs/default-source/mass-spec/2025-speaker-presentations/ma-yiran-silvia-eli-lilly-and-company-2025.pdf,https://www.casss.org/docs/default-source/mass-spec/2025-speaker-presentations/ma-yiran-silvia-eli-lilly-and-company-2025.pdf?sfvrsn=4a79fcb2_5,200,https://www.casss.org/docs/default-source/mass-spec/2025-speaker-presentations/ma-yiran-silvia-eli-lilly-and-company-2025.pdf?sfvrsn=4a79fcb2_5,OK,,,data/conference_sources.json; data/source_catalog.json,2026-08-02T20:06:02+00:00
www.casss.org/docs/default-source/mass-spec/2025-speaker-presentations/mcgee-jack-immpro-inc-2025.pdf,https://www.casss.org/docs/default-source/mass-spec/2025-speaker-presentations/mcgee-jack-immpro-inc-2025.pdf?sfvrsn=b5c02f5b_5,200,https://www.casss.org/docs/default-source/mass-spec/2025-speaker-presentations/mcgee-jack-immpro-inc-2025.pdf?sfvrsn=b5c02f5b_5,OK,,,data/conference_sources.json; data/source_catalog.json,2026-08-02T20:06:03+00:00
www.casss.org/docs/default-source/mass-spec/2025-speaker-presentations/merkle-patrick-novartis-pharma-ag-2025.pdf,https://www.casss.org/docs/default-source/mass-spec/2025-speaker-presentations/merkle-patrick-novartis-pharma-ag-2025.pdf?sfvrsn=7781c3d2_5,200,https://www.casss.org/docs/default-source/mass-spec/2025-speaker-presentations/merkle-patrick-novartis-pharma-ag-2025.pdf?sfvrsn=7781c3d2_5,OK,,,data/conference_sources.json; data/source_catalog.json,2026-08-02T20:06:03+00:00
www.casss.org/docs/default-source/mass-spec/2025-speaker-presentations/nanda-hirsh-johnson-johnson-2025.pdf,https://www.casss.org/docs/default-source/mass-spec/2025-speaker-presentations/nanda-hirsh-johnson-johnson-2025.pdf?sfvrsn=735ec26e_5,200,https://www.casss.org/docs/default-source/mass-spec/2025-speaker-presentations/nanda-hirsh-johnson-johnson-2025.pdf?sfvrsn=735ec26e_5,OK,,,data/conference_sources.json; data/source_catalog.json,2026-08-02T20:06:03+00:00
www.casss.org/docs/default-source/mass-spec/2025-speaker-presentations/pomerantz-steven-c-johnson-johnson-2025.pdf,https://www.casss.org/docs/default-source/mass-spec/2025-speaker-presentations/pomerantz-steven-c-johnson-johnson-2025.pdf?sfvrsn=51d30aa7_5,200,https://www.casss.org/docs/default-source/mass-spec/2025-speaker-presentations/pomerantz-steven-c-johnson-johnson-2025.pdf?sfvrsn=51d30aa7_5,OK,,,data/conference_sources.json; data/source_catalog.json,2026-08-02T20:06:03+00:00
www.casss.org/docs/default-source/mass-spec/2025-speaker-presentations/sahasrabuddhe-aniruddha-amgen-inc-2025.pdf,https://www.casss.org/docs/default-source/mass-spec/2025-speaker-presentations/sahasrabuddhe-aniruddha-amgen-inc-2025.pdf?sfvrsn=96a80e14_5,200,https://www.casss.org/docs/default-source/mass-spec/2025-speaker-presentations/sahasrabuddhe-aniruddha-amgen-inc-2025.pdf?sfvrsn=96a80e14_5,OK,,,data/conference_sources.json; data/source_catalog.json,2026-08-02T20:06:03+00:00
www.casss.org/docs/default-source/mass-spec/2025-speaker-presentations/whitty-l&,https://www.casss.org/docs/default-source/mass-spec/2025-speaker-presentations/whitty-l&,400,https://www.casss.org/docs/default-source/mass-spec/2025-speaker-presentations/whitty-l&,Blocked,,,data/conference_sources.json; data/source_catalog.json,2026-08-02T20:06:03+00:00
www.casss.org/docs/default-source/mass-spec/2025-speaker-presentations/xiao-yongsheng-wuxi-biologics-2025.pdf,https://www.casss.org/docs/default-source/mass-spec/2025-speaker-presentations/xiao-yongsheng-wuxi-biologics-2025.pdf?sfvrsn=34940646_5,200,https://www.casss.org/docs/default-source/mass-spec/2025-speaker-presentations/xiao-yongsheng-wuxi-biologics-2025.pdf?sfvrsn=34940646_5,OK,,,data/conference_sources.json; data/source_catalog.json,2026-08-02T20:06:03+00:00
www.casss.org/docs/default-source/mass-spec/final-program/mass-spec-2025-scientific-program.pdf,https://www.casss.org/docs/default-source/mass-spec/final-program/mass-spec-2025-scientific-program.pdf?sfvrsn=894b9b9b_3,200,https://www.casss.org/docs/default-source/mass-spec/final-program/mass-spec-2025-scientific-program.pdf?sfvrsn=894b9b9b_3,OK,,,data/conference_sources.json; data/source_catalog.json,2026-08-02T20:06:03+00:00
www.casss.org/footer/exhibitors,https://www.casss.org/footer/exhibitors,200,https://www.casss.org/partnership-opportunities/exhibitors,OK,,,data/conference_sources.json; data/source_catalog.json,2026-08-02T20:06:03+00:00
www.casss.org/footer/program-partners,https://www.casss.org/footer/program-partners,200,https://www.casss.org/partnership-opportunities/pharma-program-partners,OK,,,data/conference_sources.json; data/source_catalog.json,2026-08-02T20:06:03+00:00
www.casss.org/mass-spectrometry/attend,https://www.casss.org/mass-spectrometry/attend,200,https://www.casss.org/mass-spectrometry/attend,OK,,,data/conference_preparation.json,2026-08-02T20:06:03+00:00
www.casss.org/meetings-and-events/case-studies-workshops,https://www.casss.org/meetings-and-events/case-studies-workshops,200,https://www.casss.org/meetings-and-events/case-studies-workshops,OK,,,data/conference_sources.json; data/source_catalog.json,2026-08-02T20:06:03+00:00
www.casss.org/meetings-and-events/event/2026/01/27/default-calendar/wcbp-2026,https://www.casss.org/meetings-and-events/event/2026/01/27/default-calendar/wcbp-2026,200,https://www.casss.org/meetings-and-events/event/2026/01/27/default-calendar/wcbp-2026,OK,,,data/conference_sources.json; data/source_catalog.json; data/source_health.json; data/source_registry.json,2026-08-02T20:06:03+00:00
www.casss.org/meetings-and-events/exhibitor-webinars-2026,https://www.casss.org/meetings-and-events/exhibitor-webinars-2026,200,https://www.casss.org/exhibitor-webinars,OK,,,data/conference_sources.json; data/source_catalog.json,2026-08-02T20:06:03+00:00
www.casss.org/meetings-and-events/multi-day-symposia/mass-spectrometry,https://www.casss.org/meetings-and-events/multi-day-symposia/mass-spectrometry,200,https://www.casss.org/meetings-and-events/symposia/mass-spectrometry,OK,,,data/conference_sources.json; data/source_catalog.json; data/source_health.json; data/source_registry.json,2026-08-02T20:06:03+00:00
www.casss.org/meetings-and-events/symposia/mass-spectrometry,https://www.casss.org/meetings-and-events/symposia/mass-spectrometry,200,https://www.casss.org/meetings-and-events/symposia/mass-spectrometry,OK,,,data/conference_sources.json; data/source_catalog.json,2026-08-02T20:06:03+00:00
www.casss.org/partnership-opportunities/exhibitors,https://www.casss.org/partnership-opportunities/exhibitors,200,https://www.casss.org/partnership-opportunities/exhibitors,OK,,,data/conference_sources.json; data/source_catalog.json,2026-08-02T20:06:03+00:00
www.casss.org/partnership-opportunities/pharma-program-partners,https://www.casss.org/partnership-opportunities/pharma-program-partners,200,https://www.casss.org/partnership-opportunities/pharma-program-partners,OK,,,data/conference_sources.json; data/source_catalog.json,2026-08-02T20:06:03+00:00
www.casss.org/wcbp/scientific-program,https://www.casss.org/wcbp/scientific-program,200,https://www.casss.org/wcbp/scientific-program,OK,,,data/conference_sources.json; data/source_catalog.json,2026-08-02T20:06:04+00:00
www.cell.com/molecular-therapy-family/molecular-therapy/fulltext/S1525-0016(26)00312-6,https://www.cell.com/molecular-therapy-family/molecular-therapy/fulltext/S1525-0016(26)00312-6,403,https://www.cell.com/molecular-therapy-family/molecular-therapy/fulltext/S1525-0016(26)00312-6,Blocked,HTTP response contains an access-control or bot-challenge page,,data/conference_sources.json; data/source_catalog.json,2026-08-02T20:06:04+00:00
www.chromatographyonline.com/,https://www.chromatographyonline.com/,403,https://www.chromatographyonline.com/,Blocked,HTTP response contains an access-control or bot-challenge page,,data/journal_sources.json; data/source_catalog.json; data/source_health.json; data/source_registry.json,2026-08-02T20:06:04+00:00
www.chromatographyonline.com/rss.xml,https://www.chromatographyonline.com/rss.xml,403,https://www.chromatographyonline.com/rss.xml,Blocked,HTTP response contains an access-control or bot-challenge page,,data/journal_sources.json; data/source_catalog.json,2026-08-02T20:06:04+00:00
www.chromatographyonline.com/view/uhplc-ms-ms-reveals-rice-pdd-s-role-trna-tags,https://www.chromatographyonline.com/view/uhplc-ms-ms-reveals-rice-pdd-s-role-trna-tags,403,https://www.chromatographyonline.com/view/uhplc-ms-ms-reveals-rice-pdd-s-role-trna-tags,Blocked,HTTP response contains an access-control or bot-challenge page,,data/journal_sources.json,2026-08-02T20:06:04+00:00
www.chromforum.org/viewforum.php,https://www.chromforum.org/viewforum.php?f=1,200,https://www.chromforum.org/viewforum.php?f=1,OK,,,data/customer_voice.json; data/source_health.json; data/source_registry.json,2026-08-02T20:06:04+00:00
www.chromforum.org/viewtopic.php,https://www.chromforum.org/viewtopic.php?p=455950,200,https://www.chromforum.org/viewtopic.php?p=455950,OK,,,data/customer_voice.json,2026-08-02T20:06:04+00:00
www.chromforum.org/viewtopic.php,https://www.chromforum.org/viewtopic.php?p=463296,200,https://www.chromforum.org/viewtopic.php?p=463296,OK,,,data/customer_voice.json; data/source_cursors.json,2026-08-02T20:06:04+00:00
www.chromforum.org/viewtopic.php,https://www.chromforum.org/viewtopic.php?t=119394,200,https://www.chromforum.org/viewtopic.php?t=119394,OK,,,data/customer_voice.json,2026-08-02T20:06:04+00:00
www.chromforum.org/viewtopic.php,https://www.chromforum.org/viewtopic.php?t=12125,200,https://www.chromforum.org/viewtopic.php?t=12125,OK,,,data/customer_voice.json,2026-08-02T20:06:04+00:00
www.chromforum.org/viewtopic.php,https://www.chromforum.org/viewtopic.php?t=122288,200,https://www.chromforum.org/viewtopic.php?t=122288,OK,,,data/customer_voice.json,2026-08-02T20:06:04+00:00
www.chromforum.org/viewtopic.php,https://www.chromforum.org/viewtopic.php?t=122324,200,https://www.chromforum.org/viewtopic.php?t=122324,OK,,,data/customer_voice.json,2026-08-02T20:06:04+00:00
www.chromforum.org/viewtopic.php,https://www.chromforum.org/viewtopic.php?t=122334,200,https://www.chromforum.org/viewtopic.php?t=122334,OK,,,data/customer_voice.json,2026-08-02T20:06:04+00:00
www.chromforum.org/viewtopic.php,https://www.chromforum.org/viewtopic.php?t=122404,200,https://www.chromforum.org/viewtopic.php?t=122404,OK,,,data/customer_voice.json,2026-08-02T20:06:04+00:00
www.chromforum.org/viewtopic.php,https://www.chromforum.org/viewtopic.php?t=122410,200,https://www.chromforum.org/viewtopic.php?t=122410,OK,,,data/customer_voice.json,2026-08-02T20:06:04+00:00
www.chromforum.org/viewtopic.php,https://www.chromforum.org/viewtopic.php?t=122419,200,https://www.chromforum.org/viewtopic.php?t=122419,OK,,,data/customer_voice.json,2026-08-02T20:06:04+00:00
www.chromforum.org/viewtopic.php,https://www.chromforum.org/viewtopic.php?t=122420,200,https://www.chromforum.org/viewtopic.php?t=122420,OK,,,data/customer_voice.json,2026-08-02T20:06:05+00:00
www.chromforum.org/viewtopic.php,https://www.chromforum.org/viewtopic.php?t=122426,200,https://www.chromforum.org/viewtopic.php?t=122426,OK,,,data/customer_voice.json,2026-08-02T20:06:05+00:00
www.chromforum.org/viewtopic.php,https://www.chromforum.org/viewtopic.php?t=122460,200,https://www.chromforum.org/viewtopic.php?t=122460,OK,,,data/customer_voice.json,2026-08-02T20:06:05+00:00
www.chromforum.org/viewtopic.php,https://www.chromforum.org/viewtopic.php?t=122479,200,https://www.chromforum.org/viewtopic.php?t=122479,OK,,,data/customer_voice.json,2026-08-02T20:06:05+00:00
www.chromforum.org/viewtopic.php,https://www.chromforum.org/viewtopic.php?t=122481,200,https://www.chromforum.org/viewtopic.php?t=122481,OK,,,data/customer_voice.json,2026-08-02T20:06:05+00:00
www.chromforum.org/viewtopic.php,https://www.chromforum.org/viewtopic.php?t=23778,200,https://www.chromforum.org/viewtopic.php?t=23778,OK,,,data/customer_voice.json,2026-08-02T20:06:05+00:00
www.chromforum.org/viewtopic.php,https://www.chromforum.org/viewtopic.php?t=24303,200,https://www.chromforum.org/viewtopic.php?t=24303,OK,,,data/customer_voice.json,2026-08-02T20:06:05+00:00
www.chromforum.org/viewtopic.php,https://www.chromforum.org/viewtopic.php?t=3574,200,https://www.chromforum.org/viewtopic.php?t=3574,OK,,,data/customer_voice.json,2026-08-02T20:06:05+00:00
www.chromforum.org/viewtopic.php,https://www.chromforum.org/viewtopic.php?t=45171,200,https://www.chromforum.org/viewtopic.php?t=45171,OK,,,data/customer_voice.json,2026-08-02T20:06:05+00:00
www.chromforum.org/viewtopic.php,https://www.chromforum.org/viewtopic.php?t=46491,200,https://www.chromforum.org/viewtopic.php?t=46491,OK,,,data/customer_voice.json,2026-08-02T20:06:05+00:00
www.chromforum.org/viewtopic.php,https://www.chromforum.org/viewtopic.php?t=8508,200,https://www.chromforum.org/viewtopic.php?t=8508,OK,,,data/customer_voice.json; data/customer_voice_validation_cache.json,2026-08-02T20:06:05+00:00
www.crossref.org/documentation/retrieve-metadata/rest-api/,https://www.crossref.org/documentation/retrieve-metadata/rest-api/,200,https://www.crossref.org/documentation/retrieve-metadata/rest-api/,OK,,,data/market_application_sources.json,2026-08-02T20:06:05+00:00
www.ema.europa.eu/en/human-regulatory-overview/research-development/scientific-guidelines/quality-guidelines,https://www.ema.europa.eu/en/human-regulatory-overview/research-development/scientific-guidelines/quality-guidelines,200,https://www.ema.europa.eu/en/human-regulatory-overview/research-development/scientific-guidelines/quality-guidelines,OK,,,data/market_application_sources.json,2026-08-02T20:06:05+00:00
www.ema.europa.eu/en/medicines,https://www.ema.europa.eu/en/medicines,200,https://www.ema.europa.eu/en/medicines,OK,,,data/market_application_sources.json,2026-08-02T20:06:05+00:00
www.epa.gov/dwucmr/fifth-unregulated-contaminant-monitoring-rule,https://www.epa.gov/dwucmr/fifth-unregulated-contaminant-monitoring-rule,200,https://www.epa.gov/dwucmr/fifth-unregulated-contaminant-monitoring-rule,OK,,,data/market_application_sources.json,2026-08-02T20:06:06+00:00
www.epa.gov/hw-sw846/sw-846-compendium,https://www.epa.gov/hw-sw846/sw-846-compendium,200,https://www.epa.gov/hw-sw846/sw-846-compendium,OK,,,data/market_application_sources.json,2026-08-02T20:06:06+00:00
www.europeanpharmaceuticalreview.com/,https://www.europeanpharmaceuticalreview.com/,200,https://www.europeanpharmaceuticalreview.com/,Blocked,HTTP response contains an access-control or bot-challenge page,,data/journal_sources.json; data/source_catalog.json; data/source_health.json; data/source_registry.json,2026-08-02T20:06:06+00:00
www.europeanpharmaceuticalreview.com/googlesitemap.aspx,https://www.europeanpharmaceuticalreview.com/googlesitemap.aspx?year=2026,200,https://www.europeanpharmaceuticalreview.com/googlesitemap.aspx?year=2026,OK,,,data/journal_sources.json; data/source_catalog.json,2026-08-02T20:06:06+00:00
www.europeanpharmaceuticalreview.com/modernising-pharma-qa/qc-laboratories-preparing-for-a-more-connected-compliant-future/2136119.article,https://www.europeanpharmaceuticalreview.com/modernising-pharma-qa/qc-laboratories-preparing-for-a-more-connected-compliant-future/2136119.article,200,https://www.europeanpharmaceuticalreview.com/modernising-pharma-qa/qc-laboratories-preparing-for-a-more-connected-compliant-future/2136119.article,Blocked,HTTP response contains an access-control or bot-challenge page,,data/journal_sources.json,2026-08-02T20:06:06+00:00
www.fda.gov/drugs/development-approval-process-drugs/drug-approvals-and-databases,https://www.fda.gov/drugs/development-approval-process-drugs/drug-approvals-and-databases,200,https://www.fda.gov/drugs/development-approval-process-drugs/drug-approvals-and-databases,OK,,,data/market_application_sources.json,2026-08-02T20:06:06+00:00
www.fda.gov/drugs/drug-approvals-and-databases/compilation-cder-new-molecular-entity-nme-drug-and-new-biologic-approvals,https://www.fda.gov/drugs/drug-approvals-and-databases/compilation-cder-new-molecular-entity-nme-drug-and-new-biologic-approvals,200,https://www.fda.gov/drugs/drug-approvals-and-databases/compilation-cder-new-molecular-entity-nme-drug-and-new-biologic-approvals,OK,,,data/market_application_sources.json,2026-08-02T20:06:06+00:00
www.fda.gov/drugs/drug-approvals-and-databases/drug-establishments-current-registration-site-decrs,https://www.fda.gov/drugs/drug-approvals-and-databases/drug-establishments-current-registration-site-decrs,200,https://www.fda.gov/drugs/drug-approvals-and-databases/drug-establishments-current-registration-site-decrs,OK,,,data/market_application_sources.json,2026-08-02T20:06:06+00:00
www.fda.gov/drugs/drug-master-files-dmfs/list-drug-master-files-dmfs,https://www.fda.gov/drugs/drug-master-files-dmfs/list-drug-master-files-dmfs,200,https://www.fda.gov/drugs/drug-master-files-dmfs/list-drug-master-files-dmfs,OK,,,data/market_application_sources.json,2026-08-02T20:06:06+00:00
www.fda.gov/drugs/drug-safety-and-availability/drug-shortages,https://www.fda.gov/drugs/drug-safety-and-availability/drug-shortages,200,https://www.fda.gov/drugs/drug-safety-and-availability/drug-shortages,OK,,,data/market_application_sources.json,2026-08-02T20:06:06+00:00
www.fda.gov/drugs/therapeutic-biologics-applications-bla/purple-book-lists-licensed-biological-products-reference-product-exclusivity-and-biosimilarity-or,https://www.fda.gov/drugs/therapeutic-biologics-applications-bla/purple-book-lists-licensed-biological-products-reference-product-exclusivity-and-biosimilarity-or,200,https://www.fda.gov/drugs/therapeutic-biologics-applications-bla/purple-book-lists-licensed-biological-products-reference-product-exclusivity-and-biosimilarity-or,OK,,,data/market_application_sources.json,2026-08-02T20:06:06+00:00
www.fda.gov/food/laboratory-methods-food/bacteriological-analytical-manual-bam,https://www.fda.gov/food/laboratory-methods-food/bacteriological-analytical-manual-bam,200,https://www.fda.gov/food/laboratory-methods-food/bacteriological-analytical-manual-bam,OK,,,data/market_application_sources.json,2026-08-02T20:06:06+00:00
www.fda.gov/food/laboratory-methods-food/pesticide-analytical-manual-volume-i-pam-3rd-edition,https://www.fda.gov/food/laboratory-methods-food/pesticide-analytical-manual-volume-i-pam-3rd-edition,200,https://www.fda.gov/food/laboratory-methods-food/pesticide-analytical-manual-volume-i-pam-3rd-edition,OK,,,data/market_application_sources.json,2026-08-02T20:06:06+00:00
www.fda.gov/inspections-compliance-enforcement-and-criminal-investigations/compliance-actions-and-activities/warning-letters,https://www.fda.gov/inspections-compliance-enforcement-and-criminal-investigations/compliance-actions-and-activities/warning-letters,200,https://www.fda.gov/inspections-compliance-enforcement-and-criminal-investigations/compliance-actions-and-activities/warning-letters,OK,,,data/source_catalog.json; data/source_health.json; data/source_registry.json,2026-08-02T20:06:06+00:00
www.fda.gov/inspections-compliance-enforcement-and-criminal-investigations/compliance-actions-and-activities/warning-letters/datatables-data,https://www.fda.gov/inspections-compliance-enforcement-and-criminal-investigations/compliance-actions-and-activities/warning-letters/datatables-data?_format=xlsx&page=0,200,https://www.fda.gov/inspections-compliance-enforcement-and-criminal-investigations/compliance-actions-and-activities/warning-letters/datatables-data?_format=xlsx&page=0,OK,,,data/customer_voice.json,2026-08-02T20:06:06+00:00
www.fda.gov/inspections-compliance-enforcement-and-criminal-investigations/inspection-references/inspection-observations,https://www.fda.gov/inspections-compliance-enforcement-and-criminal-investigations/inspection-references/inspection-observations,200,https://www.fda.gov/inspections-compliance-enforcement-and-criminal-investigations/inspection-references/inspection-observations,OK,,,data/source_catalog.json; data/source_health.json; data/source_registry.json,2026-08-02T20:06:06+00:00
www.fda.gov/media/161202/download,https://www.fda.gov/media/161202/download,200,https://www.fda.gov/media/161202/download,OK,,,data/market_application_sources.json,2026-08-02T20:06:07+00:00
www.fda.gov/media/190190/download,https://www.fda.gov/media/190190/download?attachment,200,https://www.fda.gov/media/190190/download?attachment,OK,,,data/customer_voice.json; data/source_health.json; data/source_registry.json,2026-08-02T20:06:07+00:00
www.fda.gov/media/190190/download,https://www.fda.gov/media/190190/download?attachment=,200,https://www.fda.gov/media/190190/download?attachment=,OK,,,data/customer_voice.json,2026-08-02T20:06:07+00:00
www.fda.gov/medical-devices/510k-clearances/search-releasable-510k-database,https://www.fda.gov/medical-devices/510k-clearances/search-releasable-510k-database,200,https://www.fda.gov/medical-devices/510k-clearances/search-releasable-510k-database,OK,,,data/market_application_sources.json,2026-08-02T20:06:07+00:00
www.fda.gov/medical-devices/device-advice-comprehensive-regulatory-assistance/medical-device-databases,https://www.fda.gov/medical-devices/device-advice-comprehensive-regulatory-assistance/medical-device-databases,200,https://www.fda.gov/medical-devices/device-advice-comprehensive-regulatory-assistance/medical-device-databases,OK,,,data/market_application_sources.json,2026-08-02T20:06:07+00:00
www.google.com/calendar/render,https://www.google.com/calendar/render?action=TEMPLATE&text=58th+International+Symposium+on+High+Performance+Liquid+Phase+Separations+and+Related+Techniques&dates=20280610/20280616&details=Join+us%2C+as+this+scientific+symposium+series+proudly+stands+as+the+world%27s+foremost+conference+on+liquid+phase+separations+and+related+innovations%2C+featuring+analytical+instrumentation+and+chromatography+innovations.+Delve+into+the+multifaceted+world+of+separation+sciences+in+both+liquid+and+supercritical+fluid+phases.+Discover+multidimensional+chromatography%2C+hyphenated+techniques+with+pioneering+HPLC+detection+technologies%2C+primarily+mass+spectrometry%2C+and+explore+the+latest+in+separation+materials%2C+column+technologies%2C+and+cutting-edge+complex+mixture+analyses.&location=Westgate+Las+Vegas+Resort+%26+Casino,200,https://workspace.google.com/intl/en-US/products/calendar/,OK,,,data/conference_sources.json; data/source_catalog.json,2026-08-02T20:06:07+00:00
www.grants.gov/search-grants,https://www.grants.gov/search-grants,200,https://www.grants.gov/search-grants,OK,,,data/market_application_sources.json,2026-08-02T20:06:07+00:00
www.imss.nl/,https://www.imss.nl/,200,https://www.imss.nl/,Blocked,HTTP response contains an access-control or bot-challenge page,,data/conference_preparation.json; data/conference_sources.json; data/source_catalog.json; data/source_health.json; data/source_registry.json,2026-08-02T20:06:07+00:00
www.intheorious.com/chi/pub/bpd2026b_pub/,https://www.intheorious.com/chi/pub/bpd2026b_pub/,200,https://www.intheorious.com/chi/pub/bpd2026b_pub/,OK,,,data/conference_sources.json; data/source_catalog.json,2026-08-02T20:06:07+00:00
www.intheorious.com/chi/pub/pegs2026b_pub/,https://www.intheorious.com/chi/pub/pegs2026b_pub/,200,https://www.intheorious.com/chi/pub/pegs2026b_pub/,OK,,,data/conference_sources.json; data/source_catalog.json,2026-08-02T20:06:07+00:00
www.intheorious.com/chi/pub/pge2026b_pub/,https://www.intheorious.com/chi/pub/pge2026b_pub/,200,https://www.intheorious.com/chi/pub/pge2026b_pub/,OK,,,data/conference_sources.json; data/source_catalog.json,2026-08-02T20:06:07+00:00
www.investor.agilent.com/news-and-events/news/default.aspx,https://www.investor.agilent.com/news-and-events/news/default.aspx,200,https://www.investor.agilent.com/news-and-events/news/default.aspx,OK,,,data/agilent_monitor.json; data/intelligence.json; data/source_catalog.json; data/source_health.json; data/source_registry.json,2026-08-02T20:06:07+00:00
www.investor.agilent.com/news-and-events/news/news-details/2026/Agilent-Announces-Cash-Dividend-of-25-5-Cents-per-Share-cd1e68595/default.aspx,https://www.investor.agilent.com/news-and-events/news/news-details/2026/Agilent-Announces-Cash-Dividend-of-25-5-Cents-per-Share-cd1e68595/default.aspx,200,https://www.investor.agilent.com/news-and-events/news/news-details/2026/Agilent-Announces-Cash-Dividend-of-25-5-Cents-per-Share-cd1e68595/default.aspx,OK,,,data/agilent_monitor.json; data/intelligence.json,2026-08-02T20:06:07+00:00
www.investor.agilent.com/news-and-events/news/news-details/2026/Agilent-Introduces-OpenLab-Sync-to-Support-Guided-Digital-Execution-in-the-Laboratory/default.aspx,https://www.investor.agilent.com/news-and-events/news/news-details/2026/Agilent-Introduces-OpenLab-Sync-to-Support-Guided-Digital-Execution-in-the-Laboratory/default.aspx,200,https://www.investor.agilent.com/news-and-events/news/news-details/2026/Agilent-Introduces-OpenLab-Sync-to-Support-Guided-Digital-Execution-in-the-Laboratory/default.aspx,OK,,,data/agilent_monitor.json; data/intelligence.json,2026-08-02T20:06:07+00:00
www.investor.agilent.com/news-and-events/news/news-details/2026/Agilent-Launches-1290-Infinity-III-Fluorescence-Detector-for-Confident-Trace-Analysis-at-UHPLC-Speed/default.aspx,https://www.investor.agilent.com/news-and-events/news/news-details/2026/Agilent-Launches-1290-Infinity-III-Fluorescence-Detector-for-Confident-Trace-Analysis-at-UHPLC-Speed/default.aspx,200,https://www.investor.agilent.com/news-and-events/news/news-details/2026/Agilent-Launches-1290-Infinity-III-Fluorescence-Detector-for-Confident-Trace-Analysis-at-UHPLC-Speed/default.aspx,OK,,,data/agilent_monitor.json; data/intelligence.json,2026-08-02T20:06:07+00:00
www.investor.agilent.com/news-and-events/news/news-details/2026/Agilent-Launches-Multi-Attribute-Method-MAM-Solution-for-BioPharma-Quality-Control/default.aspx,https://www.investor.agilent.com/news-and-events/news/news-details/2026/Agilent-Launches-Multi-Attribute-Method-MAM-Solution-for-BioPharma-Quality-Control/default.aspx,200,https://www.investor.agilent.com/news-and-events/news/news-details/2026/Agilent-Launches-Multi-Attribute-Method-MAM-Solution-for-BioPharma-Quality-Control/default.aspx,OK,,,data/agilent_monitor.json; data/intelligence.json,2026-08-02T20:06:07+00:00
www.investor.agilent.com/news-and-events/news/news-details/2026/Agilent-Launches-New-GC-Systems-with-GC-Assist-to-Improve-Laboratory-Efficiency-and-Data-Quality/default.aspx,https://www.investor.agilent.com/news-and-events/news/news-details/2026/Agilent-Launches-New-GC-Systems-with-GC-Assist-to-Improve-Laboratory-Efficiency-and-Data-Quality/default.aspx,200,https://www.investor.agilent.com/news-and-events/news/news-details/2026/Agilent-Launches-New-GC-Systems-with-GC-Assist-to-Improve-Laboratory-Efficiency-and-Data-Quality/default.aspx,OK,,,data/agilent_monitor.json; data/intelligence.json,2026-08-02T20:06:07+00:00
www.investor.agilent.com/news-and-events/news/news-details/2026/Agilent-Names-Michael-Buckner-as-Chief-Legal-Officer/default.aspx,https://www.investor.agilent.com/news-and-events/news/news-details/2026/Agilent-Names-Michael-Buckner-as-Chief-Legal-Officer/default.aspx,200,https://www.investor.agilent.com/news-and-events/news/news-details/2026/Agilent-Names-Michael-Buckner-as-Chief-Legal-Officer/default.aspx,OK,,,data/agilent_monitor.json; data/intelligence.json,2026-08-02T20:06:07+00:00
www.investor.agilent.com/news-and-events/news/news-details/2026/Agilent-Reports-First-Quarter-Fiscal-Year-2026-Financial-Results/default.aspx,https://www.investor.agilent.com/news-and-events/news/news-details/2026/Agilent-Reports-First-Quarter-Fiscal-Year-2026-Financial-Results/default.aspx,200,https://www.investor.agilent.com/news-and-events/news/news-details/2026/Agilent-Reports-First-Quarter-Fiscal-Year-2026-Financial-Results/default.aspx,OK,,,data/intelligence.json,2026-08-02T20:06:07+00:00
www.investor.agilent.com/news-and-events/news/news-details/2026/Agilent-Reports-Second-Quarter-Fiscal-Year-2026-Financial-Results/default.aspx,https://www.investor.agilent.com/news-and-events/news/news-details/2026/Agilent-Reports-Second-Quarter-Fiscal-Year-2026-Financial-Results/default.aspx,200,https://www.investor.agilent.com/news-and-events/news/news-details/2026/Agilent-Reports-Second-Quarter-Fiscal-Year-2026-Financial-Results/default.aspx,OK,,,data/agilent_monitor.json; data/intelligence.json,2026-08-02T20:06:08+00:00
www.investor.agilent.com/news-and-events/news/news-details/2026/Agilent-Showcases-Cancer-Research-Solutions-at-AACR-2026/default.aspx,https://www.investor.agilent.com/news-and-events/news/news-details/2026/Agilent-Showcases-Cancer-Research-Solutions-at-AACR-2026/default.aspx,200,https://www.investor.agilent.com/news-and-events/news/news-details/2026/Agilent-Showcases-Cancer-Research-Solutions-at-AACR-2026/default.aspx,OK,,,data/agilent_monitor.json; data/intelligence.json,2026-08-02T20:06:08+00:00
www.investor.agilent.com/news-and-events/news/news-details/2026/Agilent-Unveils-the-9500-ICP-MS-Redefining-Trace-Element-Analysis/default.aspx,https://www.investor.agilent.com/news-and-events/news/news-details/2026/Agilent-Unveils-the-9500-ICP-MS-Redefining-Trace-Element-Analysis/default.aspx,200,https://www.investor.agilent.com/news-and-events/news/news-details/2026/Agilent-Unveils-the-9500-ICP-MS-Redefining-Trace-Element-Analysis/default.aspx,OK,,,data/agilent_monitor.json; data/intelligence.json,2026-08-02T20:06:08+00:00
www.investor.agilent.com/news-and-events/news/news-details/2026/Agilent-to-Announce-Second-Quarter-Fiscal-Year-2026-Financial-Results-on-May-27/default.aspx,https://www.investor.agilent.com/news-and-events/news/news-details/2026/Agilent-to-Announce-Second-Quarter-Fiscal-Year-2026-Financial-Results-on-May-27/default.aspx,200,https://www.investor.agilent.com/news-and-events/news/news-details/2026/Agilent-to-Announce-Second-Quarter-Fiscal-Year-2026-Financial-Results-on-May-27/default.aspx,Blocked,HTTP response contains an access-control or bot-challenge page,,data/agilent_monitor.json; data/intelligence.json,2026-08-02T20:06:08+00:00
www.investor.agilent.com/news-and-events/news/news-details/2026/Agilent-to-Participate-in-Jefferies-Global-Healthcare-Conference/default.aspx,https://www.investor.agilent.com/news-and-events/news/news-details/2026/Agilent-to-Participate-in-Jefferies-Global-Healthcare-Conference/default.aspx,200,https://www.investor.agilent.com/news-and-events/news/news-details/2026/Agilent-to-Participate-in-Jefferies-Global-Healthcare-Conference/default.aspx,Blocked,HTTP response contains an access-control or bot-challenge page,,data/agilent_monitor.json; data/intelligence.json,2026-08-02T20:06:08+00:00
www.investor.agilent.com/news-and-events/news/news-details/2026/Agilent-to-Supply-Next-Generation-Alarm-Resolution-Technology-to-U-S--Airport-Security-Screening-Checkpoints-ahead-of-FIFA-World-Cup-2026/default.aspx,https://www.investor.agilent.com/news-and-events/news/news-details/2026/Agilent-to-Supply-Next-Generation-Alarm-Resolution-Technology-to-U-S--Airport-Security-Screening-Checkpoints-ahead-of-FIFA-World-Cup-2026/default.aspx,200,https://www.investor.agilent.com/news-and-events/news/news-details/2026/Agilent-to-Supply-Next-Generation-Alarm-Resolution-Technology-to-U-S--Airport-Security-Screening-Checkpoints-ahead-of-FIFA-World-Cup-2026/default.aspx,OK,,,data/agilent_monitor.json; data/intelligence.json,2026-08-02T20:06:08+00:00
www.investor.agilent.com/overview/default.aspx,https://www.investor.agilent.com/overview/default.aspx,200,https://www.investor.agilent.com/overview/default.aspx,Blocked,HTTP response contains an access-control or bot-challenge page,,data/agilent_monitor.json; data/intelligence.json; data/source_health.json; data/source_registry.json,2026-08-02T20:06:08+00:00
www.issx.org/resource/resmgr/meetings_-_general/2026_euro/marketing_kits/Euro_2026_Exhibitors_Market.docx,https://www.issx.org/resource/resmgr/meetings_-_general/2026_euro/marketing_kits/Euro_2026_Exhibitors_Market.docx,403,https://www.issx.org/resource/resmgr/meetings_-_general/2026_euro/marketing_kits/Euro_2026_Exhibitors_Market.docx,Blocked,HTTP response contains an access-control or bot-challenge page,,data/conference_sources.json; data/source_catalog.json,2026-08-02T20:06:08+00:00
www.issx.org/resource/resmgr/meetings_-_general/2026_euro/marketing_kits/Euro_2026_Speaker_Marketing.docx,https://www.issx.org/resource/resmgr/meetings_-_general/2026_euro/marketing_kits/Euro_2026_Speaker_Marketing.docx,403,https://www.issx.org/resource/resmgr/meetings_-_general/2026_euro/marketing_kits/Euro_2026_Speaker_Marketing.docx,Blocked,HTTP response contains an access-control or bot-challenge page,,data/conference_sources.json; data/source_catalog.json,2026-08-02T20:06:08+00:00
www.issx.org/resource/resmgr/meetings_-_general/2026_na/marketing_toolkits/NA_2026_Marketing_Kit_-_Exh.docx,https://www.issx.org/resource/resmgr/meetings_-_general/2026_na/marketing_toolkits/NA_2026_Marketing_Kit_-_Exh.docx,403,https://www.issx.org/resource/resmgr/meetings_-_general/2026_na/marketing_toolkits/NA_2026_Marketing_Kit_-_Exh.docx,Blocked,HTTP response contains an access-control or bot-challenge page,,data/conference_sources.json; data/source_catalog.json,2026-08-02T20:06:08+00:00
www.issx.org/resource/resmgr/meetings_-_general/2026_na/marketing_toolkits/NA_2026_Marketing_Kit_-_Spe.docx,https://www.issx.org/resource/resmgr/meetings_-_general/2026_na/marketing_toolkits/NA_2026_Marketing_Kit_-_Spe.docx,403,https://www.issx.org/resource/resmgr/meetings_-_general/2026_na/marketing_toolkits/NA_2026_Marketing_Kit_-_Spe.docx,Blocked,HTTP response contains an access-control or bot-challenge page,,data/conference_sources.json; data/source_catalog.json,2026-08-02T20:06:08+00:00
www.lab-of-the-future.com/europe/,https://www.lab-of-the-future.com/europe/,200,https://www.lab-of-the-future.com/europe/,OK,,,data/conference_preparation.json; data/conference_sources.json; data/source_catalog.json; data/source_health.json; data/source_registry.json,2026-08-02T20:06:08+00:00
www.lab-of-the-future.com/europe/agenda/,https://www.lab-of-the-future.com/europe/agenda/,200,https://www.lab-of-the-future.com/europe/agenda/,OK,,,data/conference_preparation.json; data/conference_sources.json; data/source_catalog.json,2026-08-02T20:06:08+00:00
www.lab-of-the-future.com/europe/congress-sponsors/,https://www.lab-of-the-future.com/europe/congress-sponsors/,200,https://www.lab-of-the-future.com/europe/congress-sponsors/,OK,,,data/conference_sources.json; data/source_catalog.json,2026-08-02T20:06:08+00:00
www.lab-of-the-future.com/europe/congress-themes/,https://www.lab-of-the-future.com/europe/congress-themes/,200,https://www.lab-of-the-future.com/europe/congress-themes/,OK,,,data/conference_preparation.json,2026-08-02T20:06:08+00:00
www.lab-of-the-future.com/europe/speaker-interviews/,https://www.lab-of-the-future.com/europe/speaker-interviews/,200,https://www.lab-of-the-future.com/europe/speaker-interviews/,OK,,,data/conference_sources.json; data/source_catalog.json,2026-08-02T20:06:08+00:00
www.lab-of-the-future.com/europe/speakers/,https://www.lab-of-the-future.com/europe/speakers/,200,https://www.lab-of-the-future.com/europe/speakers/,OK,,,data/conference_preparation.json; data/conference_sources.json; data/source_catalog.json,2026-08-02T20:06:09+00:00
www.lab-of-the-future.com/europe/sponsor-portal-page/,https://www.lab-of-the-future.com/europe/sponsor-portal-page/,200,https://www.lab-of-the-future.com/europe/sponsor-portal-page/,OK,,,data/conference_sources.json; data/source_catalog.json,2026-08-02T20:06:09+00:00
www.labmanager.com/,https://www.labmanager.com/,200,https://www.labmanager.com/,OK,,,data/journal_sources.json; data/source_catalog.json; data/source_health.json; data/source_registry.json,2026-08-02T20:06:09+00:00
www.labmanager.com/sitemap/sitemap-articles-1.xml,https://www.labmanager.com/sitemap/sitemap-articles-1.xml,200,https://www.labmanager.com/sitemap/sitemap-articles-1.xml,OK,,,data/journal_sources.json; data/source_catalog.json,2026-08-02T20:06:09+00:00
www.labmanager.com/what-skills-does-a-spatial-biology-lab-need-35753,https://www.labmanager.com/what-skills-does-a-spatial-biology-lab-need-35753,200,https://www.labmanager.com/what-skills-does-a-spatial-biology-lab-need-35753,OK,,,data/journal_sources.json,2026-08-02T20:06:09+00:00
www.labroots.com/,https://www.labroots.com/,200,https://www.labroots.com/,OK,,,data/journal_sources.json; data/source_catalog.json; data/source_health.json; data/source_registry.json,2026-08-02T20:06:09+00:00
www.labroots.com/rss/trending,https://www.labroots.com/rss/trending,200,https://www.labroots.com/rss/trending,OK,,,data/journal_sources.json; data/source_catalog.json,2026-08-02T20:06:09+00:00
www.labroots.com/rss/trending/chemistry-and-physics,https://www.labroots.com/rss/trending/chemistry-and-physics,200,https://www.labroots.com/rss/trending/chemistry-and-physics,OK,,,data/journal_sources.json; data/source_catalog.json,2026-08-02T20:06:09+00:00
www.labroots.com/rss/trending/sponsored-content,https://www.labroots.com/rss/trending/sponsored-content,200,https://www.labroots.com/rss/trending/sponsored-content,OK,,,data/journal_sources.json; data/source_catalog.json,2026-08-02T20:06:09+00:00
www.labroots.com/trending/cancer/30804/novel-antibody-effectively-targets-prostate-cancer,https://www.labroots.com/trending/cancer/30804/novel-antibody-effectively-targets-prostate-cancer,200,https://www.labroots.com/trending/cancer/30804/novel-antibody-effectively-targets-prostate-cancer,OK,,,data/journal_sources.json,2026-08-02T20:06:09+00:00
www.labwrench.com/,https://www.labwrench.com/,200,https://www.labwrench.com/,Blocked,HTTP response contains an access-control or bot-challenge page,,data/customer_voice.json,2026-08-02T20:06:09+00:00
www.labwrench.com/forums/,https://www.labwrench.com/forums/,200,https://www.labwrench.com/forums/,Blocked,HTTP response contains an access-control or bot-challenge page,,data/customer_voice.json; data/source_health.json; data/source_registry.json,2026-08-02T20:06:09+00:00
www.labwrench.com/thread/112979/no-signal-in-the-els-detector,https://www.labwrench.com/thread/112979/no-signal-in-the-els-detector,200,https://www.labwrench.com/thread/112979/no-signal-in-the-els-detector,Blocked,HTTP response contains an access-control or bot-challenge page,,data/customer_voice.json,2026-08-02T20:06:09+00:00
www.labwrench.com/thread/12858/serious-software-and-pump-problems,https://www.labwrench.com/thread/12858/serious-software-and-pump-problems,200,https://www.labwrench.com/thread/12858/serious-software-and-pump-problems,Blocked,HTTP response contains an access-control or bot-challenge page,,data/customer_voice.json,2026-08-02T20:06:09+00:00
www.labwrench.com/thread/135698/hplc-pump-and-autosampler-preventative-performance-maintenance,https://www.labwrench.com/thread/135698/hplc-pump-and-autosampler-preventative-performance-maintenance,200,https://www.labwrench.com/thread/135698/hplc-pump-and-autosampler-preventative-performance-maintenance,Blocked,HTTP response contains an access-control or bot-challenge page,,data/customer_voice.json; data/customer_voice_validation_cache.json,2026-08-02T20:06:09+00:00
www.labwrench.com/thread/13625/hplc-problems-rt-off-compounds-missing-not-seperating,https://www.labwrench.com/thread/13625/hplc-problems-rt-off-compounds-missing-not-seperating,200,https://www.labwrench.com/thread/13625/hplc-problems-rt-off-compounds-missing-not-seperating,Blocked,HTTP response contains an access-control or bot-challenge page,,data/customer_voice.json,2026-08-02T20:06:09+00:00
www.labwrench.com/thread/187926/waters-alliance-2695-seal-wash-pump-on-during-operation,https://www.labwrench.com/thread/187926/waters-alliance-2695-seal-wash-pump-on-during-operation,200,https://www.labwrench.com/thread/187926/waters-alliance-2695-seal-wash-pump-on-during-operation,Blocked,HTTP response contains an access-control or bot-challenge page,,data/customer_voice.json; data/customer_voice_validation_cache.json,2026-08-02T20:06:09+00:00
www.labwrench.com/thread/260254/flow-stoppage,https://www.labwrench.com/thread/260254/flow-stoppage,200,https://www.labwrench.com/thread/260254/flow-stoppage,Blocked,HTTP response contains an access-control or bot-challenge page,,data/customer_voice.json; data/source_cursors.json,2026-08-02T20:06:10+00:00
www.labwrench.com/thread/821/trying-to-compare-to-waters-uplc,https://www.labwrench.com/thread/821/trying-to-compare-to-waters-uplc,200,https://www.labwrench.com/thread/821/trying-to-compare-to-waters-uplc,Blocked,HTTP response contains an access-control or bot-challenge page,,data/customer_voice.json,2026-08-02T20:06:10+00:00
www.msacl.org/,https://www.msacl.org/,200,https://www.msacl.org/,OK,,,data/conference_sources.json; data/source_catalog.json; data/source_health.json; data/source_registry.json,2026-08-02T20:06:10+00:00
www.msacl.org/index.php,https://www.msacl.org/index.php?header=Connect&tab=For_Vendors,200,https://www.msacl.org/index.php?header=Connect&tab=For_Vendors,OK,,,data/conference_sources.json; data/source_catalog.json,2026-08-02T20:06:10+00:00
www.msacl.org/index.php,https://www.msacl.org/index.php?header=Connect&tab=For_Vendors&subtab=Overview,200,https://www.msacl.org/index.php?header=Connect&tab=For_Vendors&subtab=Overview,OK,,,data/conference_sources.json; data/source_catalog.json,2026-08-02T20:06:10+00:00
www.msacl.org/index.php,https://www.msacl.org/index.php?header=Events&tab=Past&subtab=MSACL_Asia_2025_Workshop,200,https://www.msacl.org/index.php?header=Events&tab=Past&subtab=MSACL_Asia_2025_Workshop,OK,,,data/conference_sources.json; data/source_catalog.json,2026-08-02T20:06:10+00:00
www.msacl.org/index.php,https://www.msacl.org/index.php?header=Learning_Center&tab=Fundamentals&subtab=Structured_Abstract_Format,200,https://www.msacl.org/index.php?header=Learning_Center&tab=Fundamentals&subtab=Structured_Abstract_Format,OK,,,data/conference_sources.json; data/source_catalog.json,2026-08-02T20:06:10+00:00
www.msacl.org/index.php,https://www.msacl.org/index.php?header=MSACL_2020_US&tab=For_Vendors&subtab=Sponsorship,200,https://www.msacl.org/index.php?header=MSACL_2020_US&tab=For_Vendors&subtab=Sponsorship,OK,,,data/conference_sources.json; data/source_catalog.json,2026-08-02T20:06:10+00:00
www.msacl.org/index.php,https://www.msacl.org/index.php?header=MSACL_2026&tab=Abstract_Info,200,https://www.msacl.org/index.php?header=MSACL_2026&tab=Abstract_Info,OK,,,data/conference_sources.json; data/source_catalog.json,2026-08-02T20:06:10+00:00
www.msacl.org/index.php,https://www.msacl.org/index.php?header=MSACL_2026&tab=Abstract_Info&subtab=Manage_Abstract,200,https://www.msacl.org/index.php?header=MSACL_2026&tab=Abstract_Info&subtab=Manage_Abstract,OK,,,data/conference_sources.json; data/source_catalog.json,2026-08-02T20:06:10+00:00
www.msacl.org/index.php,https://www.msacl.org/index.php?header=MSACL_2026&tab=Abstract_Info&subtab=Presenter_Info,200,https://www.msacl.org/index.php?header=MSACL_2026&tab=Abstract_Info&subtab=Presenter_Info,OK,,,data/conference_sources.json; data/source_catalog.json,2026-08-02T20:06:11+00:00
www.msacl.org/index.php,https://www.msacl.org/index.php?header=MSACL_2026&tab=Abstract_Info&subtab=Slide_Upload_for_CME_Review,200,https://www.msacl.org/index.php?header=MSACL_2026&tab=Abstract_Info&subtab=Slide_Upload_for_CME_Review,OK,,,data/conference_sources.json; data/source_catalog.json,2026-08-02T20:06:11+00:00
www.msacl.org/index.php,https://www.msacl.org/index.php?header=MSACL_2026&tab=Abstract_Info&subtab=Submission_Guidelines,200,https://www.msacl.org/index.php?header=MSACL_2026&tab=Abstract_Info&subtab=Submission_Guidelines,OK,,,data/conference_sources.json; data/source_catalog.json,2026-08-02T20:06:11+00:00
www.msacl.org/index.php,https://www.msacl.org/index.php?header=MSACL_2026&tab=Abstract_Info&subtab=Submit_Abstract,200,https://www.msacl.org/index.php?header=MSACL_2026&tab=Abstract_Info&subtab=Submit_Abstract,OK,,,data/conference_sources.json; data/source_catalog.json,2026-08-02T20:06:11+00:00
www.msacl.org/index.php,https://www.msacl.org/index.php?header=MSACL_2026&tab=Agenda,200,https://www.msacl.org/index.php?header=MSACL_2026&tab=Agenda,OK,,,data/conference_sources.json; data/source_catalog.json,2026-08-02T20:06:11+00:00
www.msacl.org/index.php,https://www.msacl.org/index.php?header=MSACL_2026&tab=Agenda&subtab=FRI_October_9,200,https://www.msacl.org/index.php?header=MSACL_2026&tab=Agenda&subtab=FRI_October_9,OK,,,data/conference_sources.json; data/source_catalog.json,2026-08-02T20:06:11+00:00
www.msacl.org/index.php,https://www.msacl.org/index.php?header=MSACL_2026&tab=Agenda&subtab=MON_October_5,200,https://www.msacl.org/index.php?header=MSACL_2026&tab=Agenda&subtab=MON_October_5,OK,,,data/conference_sources.json; data/source_catalog.json,2026-08-02T20:06:11+00:00
www.msacl.org/index.php,https://www.msacl.org/index.php?header=MSACL_2026&tab=Agenda&subtab=SUN_October_4,200,https://www.msacl.org/index.php?header=MSACL_2026&tab=Agenda&subtab=SUN_October_4,OK,,,data/conference_sources.json; data/source_catalog.json,2026-08-02T20:06:11+00:00
www.msacl.org/index.php,https://www.msacl.org/index.php?header=MSACL_2026&tab=Agenda&subtab=THU_October_8,200,https://www.msacl.org/index.php?header=MSACL_2026&tab=Agenda&subtab=THU_October_8,OK,,,data/conference_sources.json; data/source_catalog.json,2026-08-02T20:06:11+00:00
www.msacl.org/index.php,https://www.msacl.org/index.php?header=MSACL_2026&tab=Agenda&subtab=TUE_October_6,200,https://www.msacl.org/index.php?header=MSACL_2026&tab=Agenda&subtab=TUE_October_6,OK,,,data/conference_sources.json; data/source_catalog.json,2026-08-02T20:06:12+00:00
www.msacl.org/index.php,https://www.msacl.org/index.php?header=MSACL_2026&tab=Agenda&subtab=WED_October_7,200,https://www.msacl.org/index.php?header=MSACL_2026&tab=Agenda&subtab=WED_October_7,OK,,,data/conference_sources.json; data/source_catalog.json,2026-08-02T20:06:12+00:00
www.msacl.org/index.php,https://www.msacl.org/index.php?header=MSACL_2026&tab=Call_for_...&subtab=Abstract_Submissions,200,https://www.msacl.org/index.php?header=MSACL_2026&tab=Abstract_Info,OK,,,data/conference_sources.json; data/source_catalog.json,2026-08-02T20:06:12+00:00
www.msacl.org/index.php,https://www.msacl.org/index.php?header=MSACL_2026&tab=Call_for_...&subtab=Workshop_Proposals,200,https://www.msacl.org/index.php?header=MSACL_2026&tab=Call_for_...&subtab=Workshop_Proposals,OK,,,data/conference_sources.json; data/source_catalog.json,2026-08-02T20:06:12+00:00
www.msacl.org/index.php,https://www.msacl.org/index.php?header=MSACL_2026&tab=Details&subtab=Abstracts,200,https://www.msacl.org/index.php?header=MSACL_2026&tab=Abstract_Info,OK,,,data/conference_sources.json; data/source_catalog.json,2026-08-02T20:06:12+00:00
www.msacl.org/index.php,https://www.msacl.org/index.php?header=MSACL_2026&tab=Details&subtab=Guided_Poster_and_Booth_Tours,200,https://www.msacl.org/index.php?header=MSACL_2026&tab=Details&subtab=Guided_Poster_and_Booth_Tours,OK,,,data/conference_sources.json; data/source_catalog.json,2026-08-02T20:06:12+00:00
www.msacl.org/index.php,https://www.msacl.org/index.php?header=MSACL_2026&tab=Details&subtab=Invited_Speakers,200,https://www.msacl.org/index.php?header=MSACL_2026&tab=Details&subtab=Invited_Speakers,OK,,,data/conference_sources.json; data/source_catalog.json,2026-08-02T20:06:12+00:00
www.msacl.org/index.php,https://www.msacl.org/index.php?header=MSACL_2026&tab=Details&subtab=Poster_Contest,200,https://www.msacl.org/index.php?header=MSACL_2026&tab=Details&subtab=Poster_Contest,OK,,,data/conference_sources.json; data/source_catalog.json,2026-08-02T20:06:12+00:00
www.msacl.org/index.php,https://www.msacl.org/index.php?header=MSACL_2026&tab=Details&subtab=Workshops_:_Academic,200,https://www.msacl.org/index.php?header=MSACL_2026&tab=Details&subtab=Workshops_:_Academic,OK,,,data/conference_sources.json; data/source_catalog.json,2026-08-02T20:06:13+00:00
www.msacl.org/index.php,https://www.msacl.org/index.php?header=MSACL_2026&tab=Details&subtab=Workshops_:_Industry,200,https://www.msacl.org/index.php?header=MSACL_2026&tab=Details&subtab=Workshops_:_Industry,OK,,,data/conference_sources.json; data/source_catalog.json,2026-08-02T20:06:13+00:00
www.msacl.org/index.php,https://www.msacl.org/index.php?header=MSACL_2026&tab=For_Exhibitors,200,https://www.msacl.org/index.php?header=MSACL_2026&tab=For_Exhibitors,OK,,,data/conference_sources.json; data/source_catalog.json,2026-08-02T20:06:13+00:00
www.msacl.org/index.php,https://www.msacl.org/index.php?header=MSACL_2026&tab=For_Exhibitors&subtab=::Update_Company_Summary,200,https://www.msacl.org/index.php?header=MSACL_2026&tab=For_Exhibitors&subtab=::Update_Company_Summary,OK,,,data/conference_sources.json; data/source_catalog.json,2026-08-02T20:06:13+00:00
www.msacl.org/index.php,https://www.msacl.org/index.php?header=MSACL_2026&tab=For_Exhibitors&subtab=::Update_Workshop_Summary,200,https://www.msacl.org/index.php?header=MSACL_2026&tab=For_Exhibitors&subtab=::Update_Workshop_Summary,OK,,,data/conference_sources.json; data/source_catalog.json,2026-08-02T20:06:13+00:00
www.msacl.org/index.php,https://www.msacl.org/index.php?header=MSACL_2026&tab=For_Exhibitors&subtab=Customs_Info,200,https://www.msacl.org/index.php?header=MSACL_2026&tab=For_Exhibitors&subtab=Customs_Info,OK,,,data/conference_sources.json; data/source_catalog.json,2026-08-02T20:06:13+00:00
www.msacl.org/index.php,https://www.msacl.org/index.php?header=MSACL_2026&tab=For_Exhibitors&subtab=Educational_Grants,200,https://www.msacl.org/index.php?header=MSACL_2026&tab=For_Exhibitors&subtab=Educational_Grants,OK,,,data/conference_sources.json; data/source_catalog.json,2026-08-02T20:06:14+00:00
www.msacl.org/index.php,https://www.msacl.org/index.php?header=MSACL_2026&tab=For_Exhibitors&subtab=Exhibitor_Overview,200,https://www.msacl.org/index.php?header=MSACL_2026&tab=For_Exhibitors&subtab=Exhibitor_Overview,OK,,,data/conference_sources.json; data/source_catalog.json,2026-08-02T20:06:14+00:00
www.msacl.org/index.php,https://www.msacl.org/index.php?header=MSACL_2026&tab=For_Exhibitors&subtab=Exhibits,200,https://www.msacl.org/index.php?header=MSACL_2026&tab=For_Exhibitors&subtab=Exhibits,OK,,,data/conference_sources.json; data/source_catalog.json,2026-08-02T20:06:14+00:00
www.msacl.org/index.php,https://www.msacl.org/index.php?header=MSACL_2026&tab=For_Exhibitors&subtab=Industry_Workshops,200,https://www.msacl.org/index.php?header=MSACL_2026&tab=For_Exhibitors&subtab=Industry_Workshops,OK,,,data/conference_sources.json; data/source_catalog.json,2026-08-02T20:06:14+00:00
www.msacl.org/index.php,https://www.msacl.org/index.php?header=MSACL_2026&tab=For_Exhibitors&subtab=Lead_Capture,200,https://www.msacl.org/index.php?header=MSACL_2026&tab=For_Exhibitors&subtab=Lead_Capture,OK,,,data/conference_sources.json; data/source_catalog.json,2026-08-02T20:06:15+00:00
www.msacl.org/index.php,https://www.msacl.org/index.php?header=MSACL_2026&tab=For_Exhibitors&subtab=Petite_Suites,200,https://www.msacl.org/index.php?header=MSACL_2026&tab=For_Exhibitors&subtab=Petite_Suites,OK,,,data/conference_sources.json; data/source_catalog.json,2026-08-02T20:06:15+00:00
www.msacl.org/index.php,https://www.msacl.org/index.php?header=MSACL_2026&tab=For_Exhibitors&subtab=Space_Detail,200,https://www.msacl.org/index.php?header=MSACL_2026&tab=For_Exhibitors&subtab=Space_Detail,OK,,,data/conference_sources.json; data/source_catalog.json,2026-08-02T20:06:15+00:00
www.msacl.org/index.php,https://www.msacl.org/index.php?header=MSACL_2026&tab=For_Exhibitors&subtab=Sponsorship,200,https://www.msacl.org/index.php?header=MSACL_2026&tab=For_Exhibitors&subtab=Sponsorship,OK,,,data/conference_sources.json; data/source_catalog.json,2026-08-02T20:06:15+00:00
www.msacl.org/index.php,https://www.msacl.org/index.php?header=MSACL_2026&tab=For_Exhibitors&subtab=Travel_USA_-_Canada,200,https://www.msacl.org/index.php?header=MSACL_2026&tab=For_Exhibitors&subtab=Travel_USA_-_Canada,OK,,,data/conference_sources.json; data/source_catalog.json,2026-08-02T20:06:15+00:00
www.msacl.org/program/,https://www.msacl.org/program/,200,https://www.msacl.org/program/,OK,,,data/conference_sources.json; data/source_catalog.json,2026-08-02T20:06:15+00:00
www.msacl.org/program/,https://www.msacl.org/program/?event=2026,200,https://www.msacl.org/program/?event=2026,OK,,,data/conference_sources.json; data/source_catalog.json,2026-08-02T20:06:15+00:00
www.msacl.org/view_abstract/view_abstract_in_program.php,https://www.msacl.org/view_abstract/view_abstract_in_program.php?id=2747&event=2026,200,https://www.msacl.org/view_abstract/view_abstract_in_program.php?id=2747&event=2026,OK,,,data/conference_sources.json; data/source_catalog.json,2026-08-02T20:06:16+00:00
www.msacl.org/view_abstract/view_abstract_in_program.php,https://www.msacl.org/view_abstract/view_abstract_in_program.php?id=2748&event=2026,200,https://www.msacl.org/view_abstract/view_abstract_in_program.php?id=2748&event=2026,OK,,,data/conference_sources.json; data/source_catalog.json,2026-08-02T20:06:16+00:00
www.msacl.org/view_abstract/view_abstract_in_program.php,https://www.msacl.org/view_abstract/view_abstract_in_program.php?id=2757&event=2026,200,https://www.msacl.org/view_abstract/view_abstract_in_program.php?id=2757&event=2026,OK,,,data/conference_sources.json; data/source_catalog.json,2026-08-02T20:06:16+00:00
www.msacl.org/view_abstract/view_abstract_in_program.php,https://www.msacl.org/view_abstract/view_abstract_in_program.php?id=2758&event=2026,200,https://www.msacl.org/view_abstract/view_abstract_in_program.php?id=2758&event=2026,OK,,,data/conference_sources.json; data/source_catalog.json,2026-08-02T20:06:16+00:00
www.msacl.org/view_abstract/view_abstract_in_program.php,https://www.msacl.org/view_abstract/view_abstract_in_program.php?id=2767&event=2026,200,https://www.msacl.org/view_abstract/view_abstract_in_program.php?id=2767&event=2026,OK,,,data/conference_sources.json; data/source_catalog.json,2026-08-02T20:06:16+00:00
www.msacl.org/view_abstract/view_abstract_in_program.php,https://www.msacl.org/view_abstract/view_abstract_in_program.php?id=2768&event=2026,200,https://www.msacl.org/view_abstract/view_abstract_in_program.php?id=2768&event=2026,OK,,,data/conference_sources.json; data/source_catalog.json,2026-08-02T20:06:16+00:00
www.msacl.org/view_abstract/view_abstract_in_program.php,https://www.msacl.org/view_abstract/view_abstract_in_program.php?id=2769&event=2026,200,https://www.msacl.org/view_abstract/view_abstract_in_program.php?id=2769&event=2026,OK,,,data/conference_sources.json; data/source_catalog.json,2026-08-02T20:06:16+00:00
www.msacl.org/view_abstract/view_abstract_in_program.php,https://www.msacl.org/view_abstract/view_abstract_in_program.php?id=2770&event=2026,200,https://www.msacl.org/view_abstract/view_abstract_in_program.php?id=2770&event=2026,OK,,,data/conference_sources.json; data/source_catalog.json,2026-08-02T20:06:16+00:00
www.msacl.org/view_abstract/view_abstract_in_program.php,https://www.msacl.org/view_abstract/view_abstract_in_program.php?id=2771&event=2026,200,https://www.msacl.org/view_abstract/view_abstract_in_program.php?id=2771&event=2026,OK,,,data/conference_sources.json; data/source_catalog.json,2026-08-02T20:06:16+00:00
www.msacl.org/view_abstract/view_abstract_in_program.php,https://www.msacl.org/view_abstract/view_abstract_in_program.php?id=2775&event=2026,200,https://www.msacl.org/view_abstract/view_abstract_in_program.php?id=2775&event=2026,OK,,,data/conference_sources.json; data/source_catalog.json,2026-08-02T20:06:16+00:00
www.msacl.org/view_abstract/view_abstract_in_program.php,https://www.msacl.org/view_abstract/view_abstract_in_program.php?id=2783&event=2026,200,https://www.msacl.org/view_abstract/view_abstract_in_program.php?id=2783&event=2026,OK,,,data/conference_sources.json; data/source_catalog.json,2026-08-02T20:06:16+00:00
www.msacl.org/view_abstract/view_abstract_in_program.php,https://www.msacl.org/view_abstract/view_abstract_in_program.php?id=2785&event=2026,200,https://www.msacl.org/view_abstract/view_abstract_in_program.php?id=2785&event=2026,OK,,,data/conference_sources.json; data/source_catalog.json,2026-08-02T20:06:16+00:00
www.msacl.org/view_abstract/view_abstract_in_program.php,https://www.msacl.org/view_abstract/view_abstract_in_program.php?id=2787&event=2026,200,https://www.msacl.org/view_abstract/view_abstract_in_program.php?id=2787&event=2026,OK,,,data/conference_sources.json; data/source_catalog.json,2026-08-02T20:06:16+00:00
www.msacl.org/view_abstract/view_abstract_in_program.php,https://www.msacl.org/view_abstract/view_abstract_in_program.php?id=2790&event=2026,200,https://www.msacl.org/view_abstract/view_abstract_in_program.php?id=2790&event=2026,OK,,,data/conference_sources.json; data/source_catalog.json,2026-08-02T20:06:16+00:00
www.msacl.org/view_abstract/view_abstract_in_program.php,https://www.msacl.org/view_abstract/view_abstract_in_program.php?id=2792&event=2026,200,https://www.msacl.org/view_abstract/view_abstract_in_program.php?id=2792&event=2026,OK,,,data/conference_sources.json; data/source_catalog.json,2026-08-02T20:06:16+00:00
www.msacl.org/view_abstract/view_abstract_in_program.php,https://www.msacl.org/view_abstract/view_abstract_in_program.php?id=2798&event=2026,200,https://www.msacl.org/view_abstract/view_abstract_in_program.php?id=2798&event=2026,OK,,,data/conference_sources.json; data/source_catalog.json,2026-08-02T20:06:17+00:00
www.msacl.org/view_abstract/view_abstract_in_program.php,https://www.msacl.org/view_abstract/view_abstract_in_program.php?id=2802&event=2026,200,https://www.msacl.org/view_abstract/view_abstract_in_program.php?id=2802&event=2026,OK,,,data/conference_sources.json; data/source_catalog.json,2026-08-02T20:06:17+00:00
www.msacl.org/view_abstract/view_abstract_in_program.php,https://www.msacl.org/view_abstract/view_abstract_in_program.php?id=2806&event=2026,200,https://www.msacl.org/view_abstract/view_abstract_in_program.php?id=2806&event=2026,OK,,,data/conference_sources.json; data/source_catalog.json,2026-08-02T20:06:17+00:00
www.msacl.org/view_abstract/view_abstract_in_program.php,https://www.msacl.org/view_abstract/view_abstract_in_program.php?id=2807&event=2026,200,https://www.msacl.org/view_abstract/view_abstract_in_program.php?id=2807&event=2026,OK,,,data/conference_sources.json; data/source_catalog.json,2026-08-02T20:06:17+00:00
www.msacl.org/view_abstract/view_abstract_in_program.php,https://www.msacl.org/view_abstract/view_abstract_in_program.php?id=2808&event=2026,200,https://www.msacl.org/view_abstract/view_abstract_in_program.php?id=2808&event=2026,OK,,,data/conference_sources.json; data/source_catalog.json,2026-08-02T20:06:17+00:00
www.msacl.org/view_abstract/view_abstract_in_program.php,https://www.msacl.org/view_abstract/view_abstract_in_program.php?id=2811&event=2026,200,https://www.msacl.org/view_abstract/view_abstract_in_program.php?id=2811&event=2026,OK,,,data/conference_sources.json; data/source_catalog.json,2026-08-02T20:06:17+00:00
www.msacl.org/view_abstract/view_abstract_in_program.php,https://www.msacl.org/view_abstract/view_abstract_in_program.php?id=2813&event=2026,200,https://www.msacl.org/view_abstract/view_abstract_in_program.php?id=2813&event=2026,OK,,,data/conference_sources.json; data/source_catalog.json,2026-08-02T20:06:17+00:00
www.msacl.org/view_abstract/view_abstract_in_program.php,https://www.msacl.org/view_abstract/view_abstract_in_program.php?id=2815&event=2026,200,https://www.msacl.org/view_abstract/view_abstract_in_program.php?id=2815&event=2026,OK,,,data/conference_sources.json; data/source_catalog.json,2026-08-02T20:06:17+00:00
www.msacl.org/view_abstract/view_abstract_in_program.php,https://www.msacl.org/view_abstract/view_abstract_in_program.php?id=2818&event=2026,200,https://www.msacl.org/view_abstract/view_abstract_in_program.php?id=2818&event=2026,OK,,,data/conference_sources.json; data/source_catalog.json,2026-08-02T20:06:17+00:00
www.msacl.org/view_abstract/view_abstract_in_program.php,https://www.msacl.org/view_abstract/view_abstract_in_program.php?id=2819&event=2026,200,https://www.msacl.org/view_abstract/view_abstract_in_program.php?id=2819&event=2026,OK,,,data/conference_sources.json; data/source_catalog.json,2026-08-02T20:06:17+00:00
www.msacl.org/view_abstract/view_abstract_in_program.php,https://www.msacl.org/view_abstract/view_abstract_in_program.php?id=2825&event=2026,200,https://www.msacl.org/view_abstract/view_abstract_in_program.php?id=2825&event=2026,OK,,,data/conference_sources.json; data/source_catalog.json,2026-08-02T20:06:17+00:00
www.msacl.org/view_abstract/view_abstract_in_program.php,https://www.msacl.org/view_abstract/view_abstract_in_program.php?id=2826&event=2026,200,https://www.msacl.org/view_abstract/view_abstract_in_program.php?id=2826&event=2026,OK,,,data/conference_sources.json; data/source_catalog.json,2026-08-02T20:06:17+00:00
www.msacl.org/view_abstract/view_abstract_in_program.php,https://www.msacl.org/view_abstract/view_abstract_in_program.php?id=2832&event=2026,200,https://www.msacl.org/view_abstract/view_abstract_in_program.php?id=2832&event=2026,OK,,,data/conference_sources.json; data/source_catalog.json,2026-08-02T20:06:17+00:00
www.msacl.org/view_abstract/view_abstract_in_program.php,https://www.msacl.org/view_abstract/view_abstract_in_program.php?id=2835&event=2026,200,https://www.msacl.org/view_abstract/view_abstract_in_program.php?id=2835&event=2026,OK,,,data/conference_sources.json; data/source_catalog.json,2026-08-02T20:06:17+00:00
www.msacl.org/view_abstract/view_abstract_in_program.php,https://www.msacl.org/view_abstract/view_abstract_in_program.php?id=2846&event=2026,200,https://www.msacl.org/view_abstract/view_abstract_in_program.php?id=2846&event=2026,OK,,,data/conference_sources.json; data/source_catalog.json,2026-08-02T20:06:17+00:00
www.msacl.org/view_abstract/view_abstract_in_program.php,https://www.msacl.org/view_abstract/view_abstract_in_program.php?id=2847&event=2026,200,https://www.msacl.org/view_abstract/view_abstract_in_program.php?id=2847&event=2026,OK,,,data/conference_sources.json; data/source_catalog.json,2026-08-02T20:06:17+00:00
www.msacl.org/view_abstract/view_abstract_in_program.php,https://www.msacl.org/view_abstract/view_abstract_in_program.php?id=2848&event=2026,200,https://www.msacl.org/view_abstract/view_abstract_in_program.php?id=2848&event=2026,OK,,,data/conference_sources.json; data/source_catalog.json,2026-08-02T20:06:17+00:00
www.msacl.org/view_abstract/view_abstract_in_program.php,https://www.msacl.org/view_abstract/view_abstract_in_program.php?id=2849&event=2026,200,https://www.msacl.org/view_abstract/view_abstract_in_program.php?id=2849&event=2026,OK,,,data/conference_sources.json; data/source_catalog.json,2026-08-02T20:06:17+00:00
www.msacl.org/view_abstract/view_abstract_in_program.php,https://www.msacl.org/view_abstract/view_abstract_in_program.php?id=2851&event=2026,200,https://www.msacl.org/view_abstract/view_abstract_in_program.php?id=2851&event=2026,OK,,,data/conference_sources.json; data/source_catalog.json,2026-08-02T20:06:17+00:00
www.msacl.org/view_abstract/view_abstract_in_program.php,https://www.msacl.org/view_abstract/view_abstract_in_program.php?id=2853&event=2026,200,https://www.msacl.org/view_abstract/view_abstract_in_program.php?id=2853&event=2026,OK,,,data/conference_sources.json; data/source_catalog.json,2026-08-02T20:06:17+00:00
www.msacl.org/view_abstract/view_abstract_in_program.php,https://www.msacl.org/view_abstract/view_abstract_in_program.php?id=2860&event=2026,200,https://www.msacl.org/view_abstract/view_abstract_in_program.php?id=2860&event=2026,OK,,,data/conference_sources.json; data/source_catalog.json,2026-08-02T20:06:17+00:00
www.msacl.org/view_abstract/view_abstract_in_program.php,https://www.msacl.org/view_abstract/view_abstract_in_program.php?id=2862&event=2026,200,https://www.msacl.org/view_abstract/view_abstract_in_program.php?id=2862&event=2026,OK,,,data/conference_sources.json; data/source_catalog.json,2026-08-02T20:06:17+00:00
www.msacl.org/view_abstract/view_abstract_in_program.php,https://www.msacl.org/view_abstract/view_abstract_in_program.php?id=2863&event=2026,200,https://www.msacl.org/view_abstract/view_abstract_in_program.php?id=2863&event=2026,OK,,,data/conference_sources.json; data/source_catalog.json,2026-08-02T20:06:17+00:00
www.msacl.org/view_abstract/view_abstract_in_program.php,https://www.msacl.org/view_abstract/view_abstract_in_program.php?id=2866&event=2026,200,https://www.msacl.org/view_abstract/view_abstract_in_program.php?id=2866&event=2026,OK,,,data/conference_sources.json; data/source_catalog.json,2026-08-02T20:06:17+00:00
www.msacl.org/view_abstract/view_abstract_in_program.php,https://www.msacl.org/view_abstract/view_abstract_in_program.php?id=2867&event=2026,200,https://www.msacl.org/view_abstract/view_abstract_in_program.php?id=2867&event=2026,OK,,,data/conference_sources.json; data/source_catalog.json,2026-08-02T20:06:17+00:00
www.msacl.org/view_abstract/view_abstract_in_program.php,https://www.msacl.org/view_abstract/view_abstract_in_program.php?id=2871&event=2026,200,https://www.msacl.org/view_abstract/view_abstract_in_program.php?id=2871&event=2026,OK,,,data/conference_sources.json; data/source_catalog.json,2026-08-02T20:06:18+00:00
www.msacl.org/view_abstract/view_abstract_in_program.php,https://www.msacl.org/view_abstract/view_abstract_in_program.php?id=2872&event=2026,200,https://www.msacl.org/view_abstract/view_abstract_in_program.php?id=2872&event=2026,OK,,,data/conference_sources.json; data/source_catalog.json,2026-08-02T20:06:18+00:00
www.msacl.org/view_abstract/view_abstract_in_program.php,https://www.msacl.org/view_abstract/view_abstract_in_program.php?id=2873&event=2026,200,https://www.msacl.org/view_abstract/view_abstract_in_program.php?id=2873&event=2026,OK,,,data/conference_sources.json; data/source_catalog.json,2026-08-02T20:06:18+00:00
www.msacl.org/view_abstract/view_abstract_in_program.php,https://www.msacl.org/view_abstract/view_abstract_in_program.php?id=2874&event=2026,200,https://www.msacl.org/view_abstract/view_abstract_in_program.php?id=2874&event=2026,OK,,,data/conference_sources.json; data/source_catalog.json,2026-08-02T20:06:18+00:00
www.msacl.org/view_abstract/view_abstract_in_program.php,https://www.msacl.org/view_abstract/view_abstract_in_program.php?id=2875&event=2026,200,https://www.msacl.org/view_abstract/view_abstract_in_program.php?id=2875&event=2026,OK,,,data/conference_sources.json; data/source_catalog.json,2026-08-02T20:06:18+00:00
www.msacl.org/view_abstract/view_abstract_in_program.php,https://www.msacl.org/view_abstract/view_abstract_in_program.php?id=2876&event=2026,200,https://www.msacl.org/view_abstract/view_abstract_in_program.php?id=2876&event=2026,OK,,,data/conference_sources.json; data/source_catalog.json,2026-08-02T20:06:18+00:00
www.msacl.org/view_abstract/view_abstract_in_program.php,https://www.msacl.org/view_abstract/view_abstract_in_program.php?id=2881&event=2026,200,https://www.msacl.org/view_abstract/view_abstract_in_program.php?id=2881&event=2026,OK,,,data/conference_sources.json; data/source_catalog.json,2026-08-02T20:06:18+00:00
www.msacl.org/view_abstract/view_abstract_in_program.php,https://www.msacl.org/view_abstract/view_abstract_in_program.php?id=2885&event=2026,200,https://www.msacl.org/view_abstract/view_abstract_in_program.php?id=2885&event=2026,OK,,,data/conference_sources.json; data/source_catalog.json,2026-08-02T20:06:18+00:00
www.msacl.org/view_abstract/view_abstract_in_program.php,https://www.msacl.org/view_abstract/view_abstract_in_program.php?id=2890&event=2026,200,https://www.msacl.org/view_abstract/view_abstract_in_program.php?id=2890&event=2026,OK,,,data/conference_sources.json; data/source_catalog.json,2026-08-02T20:06:18+00:00
www.msacl.org/view_abstract/view_abstract_in_program.php,https://www.msacl.org/view_abstract/view_abstract_in_program.php?id=2891&event=2026,200,https://www.msacl.org/view_abstract/view_abstract_in_program.php?id=2891&event=2026,OK,,,data/conference_sources.json; data/source_catalog.json,2026-08-02T20:06:18+00:00
www.msacl.org/view_abstract/view_abstract_in_program.php,https://www.msacl.org/view_abstract/view_abstract_in_program.php?id=2892&event=2026,200,https://www.msacl.org/view_abstract/view_abstract_in_program.php?id=2892&event=2026,OK,,,data/conference_sources.json; data/source_catalog.json,2026-08-02T20:06:18+00:00
www.msacl.org/view_abstract/view_abstract_in_program.php,https://www.msacl.org/view_abstract/view_abstract_in_program.php?id=2894&event=2026,200,https://www.msacl.org/view_abstract/view_abstract_in_program.php?id=2894&event=2026,OK,,,data/conference_sources.json; data/source_catalog.json,2026-08-02T20:06:18+00:00
www.msacl.org/view_abstract/view_abstract_in_program.php,https://www.msacl.org/view_abstract/view_abstract_in_program.php?id=2895&event=2026,200,https://www.msacl.org/view_abstract/view_abstract_in_program.php?id=2895&event=2026,OK,,,data/conference_sources.json; data/source_catalog.json,2026-08-02T20:06:18+00:00
www.msacl.org/view_abstract/view_abstract_in_program.php,https://www.msacl.org/view_abstract/view_abstract_in_program.php?id=2899&event=2026,200,https://www.msacl.org/view_abstract/view_abstract_in_program.php?id=2899&event=2026,OK,,,data/conference_sources.json; data/source_catalog.json,2026-08-02T20:06:18+00:00
www.msacl.org/view_abstract/view_abstract_in_program.php,https://www.msacl.org/view_abstract/view_abstract_in_program.php?id=2901&event=2026,200,https://www.msacl.org/view_abstract/view_abstract_in_program.php?id=2901&event=2026,OK,,,data/conference_sources.json; data/source_catalog.json,2026-08-02T20:06:18+00:00
www.msacl.org/view_abstract/view_abstract_in_program.php,https://www.msacl.org/view_abstract/view_abstract_in_program.php?id=2902&event=2026,200,https://www.msacl.org/view_abstract/view_abstract_in_program.php?id=2902&event=2026,OK,,,data/conference_sources.json; data/source_catalog.json,2026-08-02T20:06:18+00:00
www.msacl.org/view_abstract/view_abstract_in_program.php,https://www.msacl.org/view_abstract/view_abstract_in_program.php?id=2903&event=2026,200,https://www.msacl.org/view_abstract/view_abstract_in_program.php?id=2903&event=2026,OK,,,data/conference_sources.json; data/source_catalog.json,2026-08-02T20:06:18+00:00
www.msacl.org/view_abstract/view_abstract_in_program.php,https://www.msacl.org/view_abstract/view_abstract_in_program.php?id=2906&event=2026,200,https://www.msacl.org/view_abstract/view_abstract_in_program.php?id=2906&event=2026,OK,,,data/conference_sources.json; data/source_catalog.json,2026-08-02T20:06:18+00:00
www.msacl.org/view_abstract/view_abstract_in_program.php,https://www.msacl.org/view_abstract/view_abstract_in_program.php?id=2909&event=2026,200,https://www.msacl.org/view_abstract/view_abstract_in_program.php?id=2909&event=2026,OK,,,data/conference_sources.json; data/source_catalog.json,2026-08-02T20:06:18+00:00
www.msacl.org/view_abstract/view_abstract_in_program.php,https://www.msacl.org/view_abstract/view_abstract_in_program.php?id=2910&event=2026,200,https://www.msacl.org/view_abstract/view_abstract_in_program.php?id=2910&event=2026,OK,,,data/conference_sources.json; data/source_catalog.json,2026-08-02T20:06:18+00:00
www.msacl.org/view_abstract/view_abstract_in_program.php,https://www.msacl.org/view_abstract/view_abstract_in_program.php?id=2914&event=2026,200,https://www.msacl.org/view_abstract/view_abstract_in_program.php?id=2914&event=2026,OK,,,data/conference_sources.json; data/source_catalog.json,2026-08-02T20:06:18+00:00
www.msacl.org/view_abstract/view_abstract_in_program.php,https://www.msacl.org/view_abstract/view_abstract_in_program.php?id=2917&event=2026,200,https://www.msacl.org/view_abstract/view_abstract_in_program.php?id=2917&event=2026,OK,,,data/conference_sources.json; data/source_catalog.json,2026-08-02T20:06:19+00:00
www.msacl.org/view_abstract/view_abstract_in_program.php,https://www.msacl.org/view_abstract/view_abstract_in_program.php?id=2924&event=2026,200,https://www.msacl.org/view_abstract/view_abstract_in_program.php?id=2924&event=2026,OK,,,data/conference_sources.json; data/source_catalog.json,2026-08-02T20:06:19+00:00
www.msacl.org/view_abstract/view_abstract_in_program.php,https://www.msacl.org/view_abstract/view_abstract_in_program.php?id=2925&event=2026,200,https://www.msacl.org/view_abstract/view_abstract_in_program.php?id=2925&event=2026,OK,,,data/conference_sources.json; data/source_catalog.json,2026-08-02T20:06:19+00:00
www.msacl.org/view_abstract/view_abstract_in_program.php,https://www.msacl.org/view_abstract/view_abstract_in_program.php?id=2934&event=2026,200,https://www.msacl.org/view_abstract/view_abstract_in_program.php?id=2934&event=2026,OK,,,data/conference_sources.json; data/source_catalog.json,2026-08-02T20:06:19+00:00
www.msacl.org/view_abstract/view_abstract_in_program.php,https://www.msacl.org/view_abstract/view_abstract_in_program.php?id=2940&event=2026,200,https://www.msacl.org/view_abstract/view_abstract_in_program.php?id=2940&event=2026,OK,,,data/conference_sources.json; data/source_catalog.json,2026-08-02T20:06:19+00:00
www.msacl.org/view_abstract/view_abstract_in_program.php,https://www.msacl.org/view_abstract/view_abstract_in_program.php?id=2946&event=2026,200,https://www.msacl.org/view_abstract/view_abstract_in_program.php?id=2946&event=2026,OK,,,data/conference_sources.json; data/source_catalog.json,2026-08-02T20:06:19+00:00
www.msacl.org/view_abstract/view_abstract_in_program.php,https://www.msacl.org/view_abstract/view_abstract_in_program.php?id=2952&event=2026,200,https://www.msacl.org/view_abstract/view_abstract_in_program.php?id=2952&event=2026,OK,,,data/conference_sources.json; data/source_catalog.json,2026-08-02T20:06:19+00:00
www.msacl.org/workshop_presentation_summary.php,https://www.msacl.org/workshop_presentation_summary.php?workshop_id=190&presenter_id=16,200,https://www.msacl.org/workshop_presentation_summary.php?workshop_id=190&presenter_id=16,OK,,,data/conference_sources.json; data/source_catalog.json,2026-08-02T20:06:19+00:00
www.msimaging.science/,https://www.msimaging.science/,200,https://www.msimaging.science/,OK,,,data/conference_sources.json; data/source_catalog.json; data/source_health.json; data/source_registry.json,2026-08-02T20:06:19+00:00
www.msimaging.science/region-americas/americas-events/imsis-americas-vu-workshop-2026/,https://www.msimaging.science/region-americas/americas-events/imsis-americas-vu-workshop-2026/,200,https://www.msimaging.science/region-americas/americas-events/imsis-americas-vu-workshop-2026/,OK,,,data/conference_sources.json; data/source_catalog.json,2026-08-02T20:06:19+00:00
www.msimaging.science/region-americas/americas-events/madison-workshop-2024/,https://www.msimaging.science/region-americas/americas-events/madison-workshop-2024/,200,https://www.msimaging.science/region-americas/americas-events/madison-workshop-2024/,OK,,,data/conference_sources.json; data/source_catalog.json,2026-08-02T20:06:19+00:00
www.nsf.gov/funding/award-search,https://www.nsf.gov/funding/award-search,200,https://www.nsf.gov/funding/award-search,OK,,,data/market_application_sources.json,2026-08-02T20:06:20+00:00
www.pegsummit.com/,https://www.pegsummit.com/,200,https://www.pegsummit.com/,OK,,,data/conference_sources.json; data/source_catalog.json; data/source_health.json; data/source_registry.json,2026-08-02T20:06:20+00:00
www.pegsummit.com/Sponsor,https://www.pegsummit.com/Sponsor,200,https://www.pegsummit.com/Sponsor,OK,,,data/conference_sources.json; data/source_catalog.json,2026-08-02T20:06:20+00:00
www.pegsummit.com/conference-streams,https://www.pegsummit.com/conference-streams,200,https://www.pegsummit.com/conference-streams,OK,,,data/conference_sources.json; data/source_catalog.json,2026-08-02T20:06:20+00:00
www.pegsummit.com/exhibitor-prospectus-form,https://www.pegsummit.com/exhibitor-prospectus-form,200,https://www.pegsummit.com/exhibitor-prospectus-form,OK,,,data/conference_sources.json; data/source_catalog.json,2026-08-02T20:06:20+00:00
www.pegsummit.com/media-sponsors,https://www.pegsummit.com/media-sponsors,200,https://www.pegsummit.com/media-sponsors,OK,,,data/conference_sources.json; data/source_catalog.json,2026-08-02T20:06:20+00:00
www.pegsummit.com/plenary-keynotes,https://www.pegsummit.com/plenary-keynotes,200,https://www.pegsummit.com/plenary-keynotes,OK,,,data/conference_sources.json; data/source_catalog.json,2026-08-02T20:06:20+00:00
www.pegsummit.com/poster-titles,https://www.pegsummit.com/poster-titles,200,https://www.pegsummit.com/poster-titles,OK,,,data/conference_sources.json; data/source_catalog.json,2026-08-02T20:06:20+00:00
www.pegsummit.com/poster-winners,https://www.pegsummit.com/poster-winners,200,https://www.pegsummit.com/poster-winners,OK,,,data/conference_sources.json; data/source_catalog.json,2026-08-02T20:06:20+00:00
www.pegsummit.com/posters,https://www.pegsummit.com/posters,200,https://www.pegsummit.com/posters,OK,,,data/conference_sources.json; data/source_catalog.json,2026-08-02T20:06:20+00:00
www.pegsummit.com/search,https://www.pegsummit.com/search,200,https://www.pegsummit.com/search,OK,,,data/conference_sources.json; data/source_catalog.json,2026-08-02T20:06:21+00:00
www.pegsummit.com/speaker-biographies,https://www.pegsummit.com/speaker-biographies,200,https://www.pegsummit.com/speaker-biographies,OK,,,data/conference_sources.json; data/source_catalog.json,2026-08-02T20:06:21+00:00
www.pegsummit.com/speaker-interviews,https://www.pegsummit.com/speaker-interviews,200,https://www.pegsummit.com/speaker-interviews,OK,,,data/conference_sources.json; data/source_catalog.json,2026-08-02T20:06:21+00:00
www.pegsummit.com/sponsor-exhibitor/best-of-show-awards,https://www.pegsummit.com/sponsor-exhibitor/best-of-show-awards,200,https://www.pegsummit.com/sponsor-exhibitor/best-of-show-awards,OK,,,data/conference_sources.json; data/source_catalog.json,2026-08-02T20:06:21+00:00
www.pegsummit.com/sponsor-exhibitor/innovation-showcase,https://www.pegsummit.com/sponsor-exhibitor/innovation-showcase,200,https://www.pegsummit.com/sponsor-exhibitor/innovation-showcase,OK,,,data/conference_sources.json; data/source_catalog.json,2026-08-02T20:06:21+00:00
www.pegsummit.com/sponsors,https://www.pegsummit.com/sponsors,200,https://www.pegsummit.com/sponsors,OK,,,data/conference_sources.json; data/source_catalog.json,2026-08-02T20:06:21+00:00
www.pegsummit.com/sponsorship-opportunities,https://www.pegsummit.com/sponsorship-opportunities,200,https://www.pegsummit.com/sponsorship-opportunities,OK,,,data/conference_sources.json; data/source_catalog.json,2026-08-02T20:06:21+00:00
www.pegsummiteurope.com/,https://www.pegsummiteurope.com/,200,https://www.pegsummiteurope.com/,OK,,,data/conference_sources.json; data/source_catalog.json; data/source_health.json; data/source_registry.json,2026-08-02T20:06:21+00:00
www.pegsummiteurope.com/2026-brochure-download-short-form,https://www.pegsummiteurope.com/2026-brochure-download-short-form,200,https://www.pegsummiteurope.com/2026-brochure-download-short-form,OK,,,data/conference_sources.json; data/source_catalog.json,2026-08-02T20:06:21+00:00
www.pegsummiteurope.com/exhibitor-prospectus-form,https://www.pegsummiteurope.com/exhibitor-prospectus-form,200,https://www.pegsummiteurope.com/sponsorship-prospectus-form,OK,,,data/conference_sources.json; data/source_catalog.json,2026-08-02T20:06:21+00:00
www.pegsummiteurope.com/poster-titles,https://www.pegsummiteurope.com/poster-titles,200,https://www.pegsummiteurope.com/poster-titles,OK,,,data/conference_sources.json; data/source_catalog.json,2026-08-02T20:06:21+00:00
www.pegsummiteurope.com/posters,https://www.pegsummiteurope.com/posters,200,https://www.pegsummiteurope.com/posters,OK,,,data/conference_sources.json; data/source_catalog.json,2026-08-02T20:06:22+00:00
www.pegsummiteurope.com/programs,https://www.pegsummiteurope.com/programs,200,https://www.pegsummiteurope.com/programs,OK,,,data/conference_sources.json; data/source_catalog.json,2026-08-02T20:06:22+00:00
www.pegsummiteurope.com/speaker-biographies,https://www.pegsummiteurope.com/speaker-biographies,200,https://www.pegsummiteurope.com/speaker-biographies,OK,,,data/conference_sources.json; data/source_catalog.json,2026-08-02T20:06:22+00:00
www.pegsummiteurope.com/sponsor,https://www.pegsummiteurope.com/sponsor,200,https://www.pegsummiteurope.com/sponsor,OK,,,data/conference_sources.json; data/source_catalog.json,2026-08-02T20:06:22+00:00
www.pegsummiteurope.com/sponsor-exhibit/best-of-show,https://www.pegsummiteurope.com/sponsor-exhibit/best-of-show,200,https://www.pegsummiteurope.com/sponsor-exhibit/best-of-show,OK,,,data/conference_sources.json; data/source_catalog.json,2026-08-02T20:06:22+00:00
www.pegsummiteurope.com/sponsors,https://www.pegsummiteurope.com/sponsors,200,https://www.pegsummiteurope.com/sponsors,OK,,,data/conference_sources.json; data/source_catalog.json,2026-08-02T20:06:22+00:00
www.pegsummiteurope.com/sponsorship-opportunities,https://www.pegsummiteurope.com/sponsorship-opportunities,200,https://www.pegsummiteurope.com/sponsorship-opportunities,OK,,,data/conference_sources.json; data/source_catalog.json,2026-08-02T20:06:22+00:00
www.pegsummiteurope.com/sponsorship-prospectus-form,https://www.pegsummiteurope.com/sponsorship-prospectus-form,200,https://www.pegsummiteurope.com/sponsorship-prospectus-form,OK,,,data/conference_sources.json; data/source_catalog.json,2026-08-02T20:06:22+00:00
www.perkinelmer.com/au/library/app-rapid-uhplc-determination-of-nine-common-herbicides-in-drinking-water.html,https://www.perkinelmer.com/au/library/app-rapid-uhplc-determination-of-nine-common-herbicides-in-drinking-water.html,200,https://www.perkinelmer.com/au/library/app-rapid-uhplc-determination-of-nine-common-herbicides-in-drinking-water.html,OK,,,data/historical_product_catalog.json,2026-08-02T20:06:22+00:00
www.perkinelmer.com/au/newsletter/environmental-april,https://www.perkinelmer.com/au/newsletter/environmental-april,200,https://www.perkinelmer.com/au/newsletter/environmental-april,OK,,,data/historical_product_catalog.json,2026-08-02T20:06:22+00:00
www.perkinelmer.com/au/perkinelmer-inaugurates-expanded-taicang-facility-power-china-china-and-beyond-strategy,https://www.perkinelmer.com/au/perkinelmer-inaugurates-expanded-taicang-facility-power-china-china-and-beyond-strategy,200,https://www.perkinelmer.com/au/perkinelmer-inaugurates-expanded-taicang-facility-power-china-china-and-beyond-strategy,OK,,,data/intelligence.json,2026-08-02T20:06:22+00:00
www.perkinelmer.com/category/liquid-chromatography,https://www.perkinelmer.com/category/liquid-chromatography,200,https://www.perkinelmer.com/category/liquid-chromatography,OK,,,data/intelligence.json; data/perkinelmer_monitor.json; data/source_catalog.json; data/source_health.json; data/source_registry.json,2026-08-02T20:06:22+00:00
www.perkinelmer.com/corporate-and-newsroom,https://www.perkinelmer.com/corporate-and-newsroom,200,https://www.perkinelmer.com/corporate-and-newsroom,OK,,,data/intelligence.json; data/perkinelmer_monitor.json; data/source_catalog.json; data/source_health.json; data/source_registry.json,2026-08-02T20:06:22+00:00
www.perkinelmer.com/corporate-and-newsroom/covaris-introduces-trucollect-solution-decentralized-whole-blood-collection-and-dna-extraction,https://www.perkinelmer.com/corporate-and-newsroom/covaris-introduces-trucollect-solution-decentralized-whole-blood-collection-and-dna-extraction,200,https://www.perkinelmer.com/corporate-and-newsroom/covaris-introduces-trucollect-solution-decentralized-whole-blood-collection-and-dna-extraction,OK,,,data/intelligence.json,2026-08-02T20:06:23+00:00
www.perkinelmer.com/corporate-and-newsroom/lactoscope-500-delivers-next-level-dairy-analysis-greater-accuracy-stability-and-operational,https://www.perkinelmer.com/corporate-and-newsroom/lactoscope-500-delivers-next-level-dairy-analysis-greater-accuracy-stability-and-operational,200,https://www.perkinelmer.com/corporate-and-newsroom/lactoscope-500-delivers-next-level-dairy-analysis-greater-accuracy-stability-and-operational,OK,,,data/intelligence.json,2026-08-02T20:06:23+00:00
www.perkinelmer.com/corporate-and-newsroom/pacbio-and-covaris-announce-joint-workflow-enabling-hifi-sequencing-ffpe-tumor-samples,https://www.perkinelmer.com/corporate-and-newsroom/pacbio-and-covaris-announce-joint-workflow-enabling-hifi-sequencing-ffpe-tumor-samples,200,https://www.perkinelmer.com/corporate-and-newsroom/pacbio-and-covaris-announce-joint-workflow-enabling-hifi-sequencing-ffpe-tumor-samples,OK,,,data/intelligence.json,2026-08-02T20:06:23+00:00
www.perkinelmer.com/corporate-and-newsroom/perkinelmer-and-covalent-announce-strategic-collaboration,https://www.perkinelmer.com/corporate-and-newsroom/perkinelmer-and-covalent-announce-strategic-collaboration,200,https://www.perkinelmer.com/corporate-and-newsroom/perkinelmer-and-covalent-announce-strategic-collaboration,OK,,,data/intelligence.json,2026-08-02T20:06:23+00:00
www.perkinelmer.com/corporate-and-newsroom/perkinelmer-ceo-michael-stubblefield-joins-us-china-business-council-board-directors,https://www.perkinelmer.com/corporate-and-newsroom/perkinelmer-ceo-michael-stubblefield-joins-us-china-business-council-board-directors,200,https://www.perkinelmer.com/corporate-and-newsroom/perkinelmer-ceo-michael-stubblefield-joins-us-china-business-council-board-directors,OK,,,data/intelligence.json,2026-08-02T20:06:23+00:00
www.perkinelmer.com/corporate-and-newsroom/perkinelmer-partners-exxpedition-advance-ocean-science-and-more-sustainable-future,https://www.perkinelmer.com/corporate-and-newsroom/perkinelmer-partners-exxpedition-advance-ocean-science-and-more-sustainable-future,200,https://www.perkinelmer.com/corporate-and-newsroom/perkinelmer-partners-exxpedition-advance-ocean-science-and-more-sustainable-future,OK,,,data/intelligence.json,2026-08-02T20:06:23+00:00
www.perkinelmer.com/corporate-and-newsroom/perkinelmer-publishes-2025-sustainability-report-advancing-its-commitment-cleaner-science-and-more-sustainable-future,https://www.perkinelmer.com/corporate-and-newsroom/perkinelmer-publishes-2025-sustainability-report-advancing-its-commitment-cleaner-science-and-more-sustainable-future,200,https://www.perkinelmer.com/corporate-and-newsroom/perkinelmer-publishes-2025-sustainability-report-advancing-its-commitment-cleaner-science-and-more-sustainable-future,OK,,,data/intelligence.json,2026-08-02T20:06:23+00:00
www.perkinelmer.com/corporate-and-newsroom/project-farma-expands-pmis-offering-oracle-primavera-cloud,https://www.perkinelmer.com/corporate-and-newsroom/project-farma-expands-pmis-offering-oracle-primavera-cloud,200,https://www.perkinelmer.com/corporate-and-newsroom/project-farma-expands-pmis-offering-oracle-primavera-cloud,OK,,,data/intelligence.json,2026-08-02T20:06:23+00:00
www.perkinelmer.com/corporate-and-newsroom/project-farma-partners-valkitai,https://www.perkinelmer.com/corporate-and-newsroom/project-farma-partners-valkitai,200,https://www.perkinelmer.com/corporate-and-newsroom/project-farma-partners-valkitai,OK,,,data/intelligence.json,2026-08-02T20:06:23+00:00
www.perkinelmer.com/corporate-and-newsroom/strategic-partnership-between-covaris-and-hamilton-empowers-labs-with-sonication-star,https://www.perkinelmer.com/corporate-and-newsroom/strategic-partnership-between-covaris-and-hamilton-empowers-labs-with-sonication-star,200,https://www.perkinelmer.com/corporate-and-newsroom/strategic-partnership-between-covaris-and-hamilton-empowers-labs-with-sonication-star,OK,,,data/intelligence.json,2026-08-02T20:06:23+00:00
www.perkinelmer.com/fr/corporate-and-newsroom/covaris-introduces-trucollect-solution-decentralized-whole-blood-collection-and-dna-extraction,https://www.perkinelmer.com/fr/corporate-and-newsroom/covaris-introduces-trucollect-solution-decentralized-whole-blood-collection-and-dna-extraction,200,https://www.perkinelmer.com/fr/corporate-and-newsroom/covaris-introduces-trucollect-solution-decentralized-whole-blood-collection-and-dna-extraction,OK,,,data/perkinelmer_monitor.json,2026-08-02T20:06:23+00:00
www.perkinelmer.com/fr/corporate-and-newsroom/lactoscope-500-delivers-next-level-dairy-analysis-greater-accuracy-stability-and-operational,https://www.perkinelmer.com/fr/corporate-and-newsroom/lactoscope-500-delivers-next-level-dairy-analysis-greater-accuracy-stability-and-operational,200,https://www.perkinelmer.com/fr/corporate-and-newsroom/lactoscope-500-delivers-next-level-dairy-analysis-greater-accuracy-stability-and-operational,OK,,,data/perkinelmer_monitor.json,2026-08-02T20:06:23+00:00
www.perkinelmer.com/fr/corporate-and-newsroom/pacbio-and-covaris-announce-joint-workflow-enabling-hifi-sequencing-ffpe-tumor-samples,https://www.perkinelmer.com/fr/corporate-and-newsroom/pacbio-and-covaris-announce-joint-workflow-enabling-hifi-sequencing-ffpe-tumor-samples,200,https://www.perkinelmer.com/fr/corporate-and-newsroom/pacbio-and-covaris-announce-joint-workflow-enabling-hifi-sequencing-ffpe-tumor-samples,OK,,,data/perkinelmer_monitor.json,2026-08-02T20:06:23+00:00
www.perkinelmer.com/fr/corporate-and-newsroom/perkinelmer-and-covalent-announce-strategic-collaboration,https://www.perkinelmer.com/fr/corporate-and-newsroom/perkinelmer-and-covalent-announce-strategic-collaboration,200,https://www.perkinelmer.com/fr/corporate-and-newsroom/perkinelmer-and-covalent-announce-strategic-collaboration,OK,,,data/perkinelmer_monitor.json,2026-08-02T20:06:23+00:00
www.perkinelmer.com/fr/corporate-and-newsroom/perkinelmer-ceo-michael-stubblefield-joins-us-china-business-council-board-directors,https://www.perkinelmer.com/fr/corporate-and-newsroom/perkinelmer-ceo-michael-stubblefield-joins-us-china-business-council-board-directors,,,Blocked,,,data/perkinelmer_monitor.json,2026-08-02T20:06:23+00:00
www.perkinelmer.com/fr/corporate-and-newsroom/perkinelmer-partners-exxpedition-advance-ocean-science-and-more-sustainable-future,https://www.perkinelmer.com/fr/corporate-and-newsroom/perkinelmer-partners-exxpedition-advance-ocean-science-and-more-sustainable-future,200,https://www.perkinelmer.com/fr/corporate-and-newsroom/perkinelmer-partners-exxpedition-advance-ocean-science-and-more-sustainable-future,OK,,,data/perkinelmer_monitor.json,2026-08-02T20:06:23+00:00
www.perkinelmer.com/fr/corporate-and-newsroom/perkinelmer-publishes-2025-sustainability-report-advancing-its-commitment-cleaner-science-and-more-sustainable-future,https://www.perkinelmer.com/fr/corporate-and-newsroom/perkinelmer-publishes-2025-sustainability-report-advancing-its-commitment-cleaner-science-and-more-sustainable-future,200,https://www.perkinelmer.com/fr/corporate-and-newsroom/perkinelmer-publishes-2025-sustainability-report-advancing-its-commitment-cleaner-science-and-more-sustainable-future,OK,,,data/perkinelmer_monitor.json,2026-08-02T20:06:23+00:00
www.perkinelmer.com/fr/corporate-and-newsroom/project-farma-expands-pmis-offering-oracle-primavera-cloud,https://www.perkinelmer.com/fr/corporate-and-newsroom/project-farma-expands-pmis-offering-oracle-primavera-cloud,200,https://www.perkinelmer.com/fr/corporate-and-newsroom/project-farma-expands-pmis-offering-oracle-primavera-cloud,OK,,,data/perkinelmer_monitor.json,2026-08-02T20:06:23+00:00
www.perkinelmer.com/fr/corporate-and-newsroom/project-farma-partners-valkitai,https://www.perkinelmer.com/fr/corporate-and-newsroom/project-farma-partners-valkitai,200,https://www.perkinelmer.com/fr/corporate-and-newsroom/project-farma-partners-valkitai,OK,,,data/perkinelmer_monitor.json,2026-08-02T20:06:23+00:00
www.perkinelmer.com/fr/corporate-and-newsroom/strategic-partnership-between-covaris-and-hamilton-empowers-labs-with-sonication-star,https://www.perkinelmer.com/fr/corporate-and-newsroom/strategic-partnership-between-covaris-and-hamilton-empowers-labs-with-sonication-star,200,https://www.perkinelmer.com/fr/corporate-and-newsroom/strategic-partnership-between-covaris-and-hamilton-empowers-labs-with-sonication-star,OK,,,data/perkinelmer_monitor.json,2026-08-02T20:06:23+00:00
www.perkinelmer.com/fr/library/abr-determination-of-antimony-speciation-in-soil-using-hplc-icp-ms.html,https://www.perkinelmer.com/fr/library/abr-determination-of-antimony-speciation-in-soil-using-hplc-icp-ms.html,200,https://www.perkinelmer.com/fr/library/abr-determination-of-antimony-speciation-in-soil-using-hplc-icp-ms.html,OK,,,data/perkinelmer_monitor.json,2026-08-02T20:06:23+00:00
www.perkinelmer.com/fr/library/app-fast-reliable-honey-authenticity-testing-for-3-methoxytyramine-analysis-on-the-qsight-500-lc-msms.html,https://www.perkinelmer.com/fr/library/app-fast-reliable-honey-authenticity-testing-for-3-methoxytyramine-analysis-on-the-qsight-500-lc-msms.html,200,https://www.perkinelmer.com/fr/library/app-fast-reliable-honey-authenticity-testing-for-3-methoxytyramine-analysis-on-the-qsight-500-lc-msms.html,OK,,,data/perkinelmer_monitor.json,2026-08-02T20:06:23+00:00
www.perkinelmer.com/fr/library/app-reliable-and-robus-lc-msms-workflow-for-fosetyl-ai-and-metabolites-in-fruit-matrices.html,https://www.perkinelmer.com/fr/library/app-reliable-and-robus-lc-msms-workflow-for-fosetyl-ai-and-metabolites-in-fruit-matrices.html,200,https://www.perkinelmer.com/fr/library/app-reliable-and-robus-lc-msms-workflow-for-fosetyl-ai-and-metabolites-in-fruit-matrices.html,OK,,,data/perkinelmer_monitor.json,2026-08-02T20:06:23+00:00
www.perkinelmer.com/fr/library/cus-how-tera-environnement-is-shaping-the-future-of-pfas-air-monitoring-with-the-qsight-lcmsms.html,https://www.perkinelmer.com/fr/library/cus-how-tera-environnement-is-shaping-the-future-of-pfas-air-monitoring-with-the-qsight-lcmsms.html,200,https://www.perkinelmer.com/fr/library/cus-how-tera-environnement-is-shaping-the-future-of-pfas-air-monitoring-with-the-qsight-lcmsms.html,OK,,,data/perkinelmer_monitor.json,2026-08-02T20:06:23+00:00
www.perkinelmer.com/lab-products-and-services/resources/chromatography-data-systems.html,https://www.perkinelmer.com/lab-products-and-services/resources/chromatography-data-systems.html,200,https://www.perkinelmer.com/lab-products-and-services/resources/chromatography-data-systems.html,OK,,,data/historical_product_catalog.json,2026-08-02T20:06:23+00:00
www.perkinelmer.com/library/abr-determination-of-organotin-in-tap-water-by-hplc-icp-ms.html,https://www.perkinelmer.com/library/abr-determination-of-organotin-in-tap-water-by-hplc-icp-ms.html,200,https://www.perkinelmer.com/library/abr-determination-of-organotin-in-tap-water-by-hplc-icp-ms.html,OK,,,data/perkinelmer_monitor.json,2026-08-02T20:06:23+00:00
www.perkinelmer.com/library/abr-hplc-analysis-of-betamethasone-dipropionate.html,https://www.perkinelmer.com/library/abr-hplc-analysis-of-betamethasone-dipropionate.html,200,https://www.perkinelmer.com/library/abr-hplc-analysis-of-betamethasone-dipropionate.html,OK,,,data/perkinelmer_monitor.json,2026-08-02T20:06:23+00:00
www.perkinelmer.com/library/abr-hplc-analysis-of-finasteride-using-lc-300-in-accordance-with-the-usp.html,https://www.perkinelmer.com/library/abr-hplc-analysis-of-finasteride-using-lc-300-in-accordance-with-the-usp.html,200,https://www.perkinelmer.com/library/abr-hplc-analysis-of-finasteride-using-lc-300-in-accordance-with-the-usp.html,OK,,,data/perkinelmer_monitor.json,2026-08-02T20:06:23+00:00
www.perkinelmer.com/library/abr-hplc-analysis-of-lamotrigine-using-lc300-in-accordance-with-usp.html,https://www.perkinelmer.com/library/abr-hplc-analysis-of-lamotrigine-using-lc300-in-accordance-with-usp.html,200,https://www.perkinelmer.com/library/abr-hplc-analysis-of-lamotrigine-using-lc300-in-accordance-with-usp.html,OK,,,data/perkinelmer_monitor.json,2026-08-02T20:06:23+00:00
www.perkinelmer.com/library/abr-hplc-analysis-of-levetiracetam-using-lc-300-in-accordance-with-usp.html,https://www.perkinelmer.com/library/abr-hplc-analysis-of-levetiracetam-using-lc-300-in-accordance-with-usp.html,200,https://www.perkinelmer.com/library/abr-hplc-analysis-of-levetiracetam-using-lc-300-in-accordance-with-usp.html,OK,,,data/perkinelmer_monitor.json,2026-08-02T20:06:24+00:00
www.perkinelmer.com/library/abr-hplc-analysis-of-meloxicam.html,https://www.perkinelmer.com/library/abr-hplc-analysis-of-meloxicam.html,200,https://www.perkinelmer.com/library/abr-hplc-analysis-of-meloxicam.html,OK,,,data/perkinelmer_monitor.json,2026-08-02T20:06:24+00:00
www.perkinelmer.com/library/abr-hplc-analysis-of-omeprazole-using-lc-300-in-accordance-with-usp.html,https://www.perkinelmer.com/library/abr-hplc-analysis-of-omeprazole-using-lc-300-in-accordance-with-usp.html,200,https://www.perkinelmer.com/library/abr-hplc-analysis-of-omeprazole-using-lc-300-in-accordance-with-usp.html,OK,,,data/perkinelmer_monitor.json,2026-08-02T20:06:24+00:00
www.perkinelmer.com/library/abr-hplc-analysis-of-pregabalin-using-lc-300-in-accordance-with-usp.html,https://www.perkinelmer.com/library/abr-hplc-analysis-of-pregabalin-using-lc-300-in-accordance-with-usp.html,200,https://www.perkinelmer.com/library/abr-hplc-analysis-of-pregabalin-using-lc-300-in-accordance-with-usp.html,OK,,,data/perkinelmer_monitor.json,2026-08-02T20:06:24+00:00
www.perkinelmer.com/library/abr-hplc-analysis-of-vitamin-c-using-quasar-biphenyl-column.html,https://www.perkinelmer.com/library/abr-hplc-analysis-of-vitamin-c-using-quasar-biphenyl-column.html,200,https://www.perkinelmer.com/library/abr-hplc-analysis-of-vitamin-c-using-quasar-biphenyl-column.html,OK,,,data/perkinelmer_monitor.json,2026-08-02T20:06:26+00:00
www.perkinelmer.com/library/abr-hplc-assay-of-risperidone-impurities-using-lc-300-in-accordance-with-usp.html,https://www.perkinelmer.com/library/abr-hplc-assay-of-risperidone-impurities-using-lc-300-in-accordance-with-usp.html,200,https://www.perkinelmer.com/library/abr-hplc-assay-of-risperidone-impurities-using-lc-300-in-accordance-with-usp.html,OK,,,data/perkinelmer_monitor.json,2026-08-02T20:06:28+00:00
www.perkinelmer.com/library/abr-hplc-assay-of-risperidone-using-lc-300-in-accordance-with-usp.html,https://www.perkinelmer.com/library/abr-hplc-assay-of-risperidone-using-lc-300-in-accordance-with-usp.html,200,https://www.perkinelmer.com/library/abr-hplc-assay-of-risperidone-using-lc-300-in-accordance-with-usp.html,OK,,,data/perkinelmer_monitor.json,2026-08-02T20:06:28+00:00
www.perkinelmer.com/library/abr-optimizing-the-separation-of-fourtocopherols-and-fourtocotrienols-via-rp-hplc.html,https://www.perkinelmer.com/library/abr-optimizing-the-separation-of-fourtocopherols-and-fourtocotrienols-via-rp-hplc.html,200,https://www.perkinelmer.com/library/abr-optimizing-the-separation-of-fourtocopherols-and-fourtocotrienols-via-rp-hplc.html,OK,,,data/perkinelmer_monitor.json,2026-08-02T20:06:28+00:00
www.perkinelmer.com/library/abr-warfarin-analysis-using-a-quasar-aq-uhplc-column.html,https://www.perkinelmer.com/library/abr-warfarin-analysis-using-a-quasar-aq-uhplc-column.html,200,https://www.perkinelmer.com/library/abr-warfarin-analysis-using-a-quasar-aq-uhplc-column.html,OK,,,data/perkinelmer_monitor.json,2026-08-02T20:06:28+00:00
www.perkinelmer.com/library/an-introduction-to-lc-ms-ms.html,https://www.perkinelmer.com/library/an-introduction-to-lc-ms-ms.html,200,https://www.perkinelmer.com/library/an-introduction-to-lc-ms-ms.html,OK,,,data/perkinelmer_monitor.json,2026-08-02T20:06:28+00:00
www.perkinelmer.com/library/analysis-of-contaminants-in-food-matrices-by-LC-MSMS.html,https://www.perkinelmer.com/library/analysis-of-contaminants-in-food-matrices-by-LC-MSMS.html,200,https://www.perkinelmer.com/library/analysis-of-contaminants-in-food-matrices-by-LC-MSMS.html,OK,,,data/perkinelmer_monitor.json,2026-08-02T20:06:29+00:00
www.perkinelmer.com/library/app-determination-of-ochratoxin-a-in-wine-by-lc-ms.html,https://www.perkinelmer.com/library/app-determination-of-ochratoxin-a-in-wine-by-lc-ms.html,200,https://www.perkinelmer.com/library/app-determination-of-ochratoxin-a-in-wine-by-lc-ms.html,OK,,,data/perkinelmer_monitor.json,2026-08-02T20:06:29+00:00
www.perkinelmer.com/library/app-efficient-lc-ms-ms-method-for-testing-hemp-samples.html,https://www.perkinelmer.com/library/app-efficient-lc-ms-ms-method-for-testing-hemp-samples.html,200,https://www.perkinelmer.com/library/app-efficient-lc-ms-ms-method-for-testing-hemp-samples.html,OK,,,data/perkinelmer_monitor.json,2026-08-02T20:06:29+00:00
www.perkinelmer.com/library/app-estrogen-monitoring-in-river-water-lc-ms-ms.html,https://www.perkinelmer.com/library/app-estrogen-monitoring-in-river-water-lc-ms-ms.html,200,https://www.perkinelmer.com/library/app-estrogen-monitoring-in-river-water-lc-ms-ms.html,OK,,,data/perkinelmer_monitor.json,2026-08-02T20:06:29+00:00
www.perkinelmer.com/library/app-ferulic-acid-analysis-in-angelica-sinensis-radix-by-hplc.html,https://www.perkinelmer.com/library/app-ferulic-acid-analysis-in-angelica-sinensis-radix-by-hplc.html,200,https://www.perkinelmer.com/library/app-ferulic-acid-analysis-in-angelica-sinensis-radix-by-hplc.html,OK,,,data/perkinelmer_monitor.json,2026-08-02T20:06:29+00:00
www.perkinelmer.com/library/app-hplc-analysis-of-oleanolic-acid-and-ursonic-acid-in-eriobotrya-japonica-leaf.html,https://www.perkinelmer.com/library/app-hplc-analysis-of-oleanolic-acid-and-ursonic-acid-in-eriobotrya-japonica-leaf.html,200,https://www.perkinelmer.com/library/app-hplc-analysis-of-oleanolic-acid-and-ursonic-acid-in-eriobotrya-japonica-leaf.html,OK,,,data/perkinelmer_monitor.json,2026-08-02T20:06:30+00:00
www.perkinelmer.com/library/app-nexsar-hplc-icp-ms-hg-speciation-in-fish.html,https://www.perkinelmer.com/library/app-nexsar-hplc-icp-ms-hg-speciation-in-fish.html,200,https://www.perkinelmer.com/library/app-nexsar-hplc-icp-ms-hg-speciation-in-fish.html,OK,,,data/perkinelmer_monitor.json,2026-08-02T20:06:30+00:00
www.perkinelmer.com/library/app-pesticides-in-grapes-by-lc-ms-ms.html,https://www.perkinelmer.com/library/app-pesticides-in-grapes-by-lc-ms-ms.html,200,https://www.perkinelmer.com/library/app-pesticides-in-grapes-by-lc-ms-ms.html,OK,,,data/perkinelmer_monitor.json,2026-08-02T20:06:30+00:00
www.perkinelmer.com/library/app-the-analysis-of-lactose-in-milk-and-cheese-products-by-hplc-note.html,https://www.perkinelmer.com/library/app-the-analysis-of-lactose-in-milk-and-cheese-products-by-hplc-note.html,200,https://www.perkinelmer.com/library/app-the-analysis-of-lactose-in-milk-and-cheese-products-by-hplc-note.html,OK,,,data/perkinelmer_monitor.json,2026-08-02T20:06:31+00:00
www.perkinelmer.com/library/basics-of-hplc-troubleshooting.html,https://www.perkinelmer.com/library/basics-of-hplc-troubleshooting.html,200,https://www.perkinelmer.com/library/basics-of-hplc-troubleshooting.html,OK,,,data/perkinelmer_monitor.json,2026-08-02T20:06:31+00:00
www.perkinelmer.com/library/best-practices-for-hplc-to-uhplc-method-transfer.html,https://www.perkinelmer.com/library/best-practices-for-hplc-to-uhplc-method-transfer.html,200,https://www.perkinelmer.com/library/best-practices-for-hplc-to-uhplc-method-transfer.html,OK,,,data/perkinelmer_monitor.json,2026-08-02T20:06:32+00:00
www.perkinelmer.com/library/case-study-in-uhplc-method-transfer.html,https://www.perkinelmer.com/library/case-study-in-uhplc-method-transfer.html,200,https://www.perkinelmer.com/library/case-study-in-uhplc-method-transfer.html,OK,,,data/perkinelmer_monitor.json,2026-08-02T20:06:33+00:00
www.perkinelmer.com/library/choosing-the-right-hplc-columns-webinar.html,https://www.perkinelmer.com/library/choosing-the-right-hplc-columns-webinar.html,200,https://www.perkinelmer.com/library/choosing-the-right-hplc-columns-webinar.html,OK,,,data/perkinelmer_monitor.json,2026-08-02T20:06:33+00:00
www.perkinelmer.com/library/chromatography-simplified-liquid-chromatography-basics.html,https://www.perkinelmer.com/library/chromatography-simplified-liquid-chromatography-basics.html,200,https://www.perkinelmer.com/library/chromatography-simplified-liquid-chromatography-basics.html,OK,,,data/perkinelmer_monitor.json,2026-08-02T20:06:33+00:00
www.perkinelmer.com/library/complex-matrices-how-the-perkinelmer-qsight-lc-ms-ms-can-help-tackle-the-toughest-samples.html,https://www.perkinelmer.com/library/complex-matrices-how-the-perkinelmer-qsight-lc-ms-ms-can-help-tackle-the-toughest-samples.html,200,https://www.perkinelmer.com/library/complex-matrices-how-the-perkinelmer-qsight-lc-ms-ms-can-help-tackle-the-toughest-samples.html,OK,,,data/perkinelmer_monitor.json,2026-08-02T20:06:33+00:00
www.perkinelmer.com/library/customer-lc-ms-ms-spotlight-professor-sabra-botch-jones.html,https://www.perkinelmer.com/library/customer-lc-ms-ms-spotlight-professor-sabra-botch-jones.html,200,https://www.perkinelmer.com/library/customer-lc-ms-ms-spotlight-professor-sabra-botch-jones.html,OK,,,data/perkinelmer_monitor.json,2026-08-02T20:06:33+00:00
www.perkinelmer.com/library/determination-of-emerging-contaminants-in-water-by-lc-ms-ms.html,https://www.perkinelmer.com/library/determination-of-emerging-contaminants-in-water-by-lc-ms-ms.html,200,https://www.perkinelmer.com/library/determination-of-emerging-contaminants-in-water-by-lc-ms-ms.html,OK,,,data/perkinelmer_monitor.json,2026-08-02T20:06:34+00:00
www.perkinelmer.com/library/determination-of-thirteen-beta-agonists-in-pork-using-uhplc.html,https://www.perkinelmer.com/library/determination-of-thirteen-beta-agonists-in-pork-using-uhplc.html,200,https://www.perkinelmer.com/library/determination-of-thirteen-beta-agonists-in-pork-using-uhplc.html,OK,,,data/perkinelmer_monitor.json,2026-08-02T20:06:34+00:00
www.perkinelmer.com/library/determination-of-urea-content-in-fertilizers-by-hplc.html,https://www.perkinelmer.com/library/determination-of-urea-content-in-fertilizers-by-hplc.html,200,https://www.perkinelmer.com/library/determination-of-urea-content-in-fertilizers-by-hplc.html,OK,,,data/perkinelmer_monitor.json,2026-08-02T20:06:34+00:00
www.perkinelmer.com/library/efficient-robust-and-reliable-performance-for-lc-ms-ms-analysis.html,https://www.perkinelmer.com/library/efficient-robust-and-reliable-performance-for-lc-ms-ms-analysis.html,200,https://www.perkinelmer.com/library/efficient-robust-and-reliable-performance-for-lc-ms-ms-analysis.html,OK,,,data/perkinelmer_monitor.json,2026-08-02T20:06:35+00:00
www.perkinelmer.com/library/food-safety-advances-in-methods-for-determination-of-allergens-in-food-by-lc-ms-ms.html,https://www.perkinelmer.com/library/food-safety-advances-in-methods-for-determination-of-allergens-in-food-by-lc-ms-ms.html,200,https://www.perkinelmer.com/library/food-safety-advances-in-methods-for-determination-of-allergens-in-food-by-lc-ms-ms.html,OK,,,data/perkinelmer_monitor.json,2026-08-02T20:06:35+00:00
www.perkinelmer.com/library/food-safety-determination-of-mycotoxins-in-food-by-lc-ms-ms.html,https://www.perkinelmer.com/library/food-safety-determination-of-mycotoxins-in-food-by-lc-ms-ms.html,200,https://www.perkinelmer.com/library/food-safety-determination-of-mycotoxins-in-food-by-lc-ms-ms.html,OK,,,data/perkinelmer_monitor.json,2026-08-02T20:06:36+00:00
www.perkinelmer.com/library/food-safety-determination-of-veterinary-drugs-in-food-by-lc-ms-ms.html,https://www.perkinelmer.com/library/food-safety-determination-of-veterinary-drugs-in-food-by-lc-ms-ms.html,200,https://www.perkinelmer.com/library/food-safety-determination-of-veterinary-drugs-in-food-by-lc-ms-ms.html,OK,,,data/perkinelmer_monitor.json,2026-08-02T20:06:36+00:00
www.perkinelmer.com/library/foundations-of-speciation-knowing-your-hplc.html,https://www.perkinelmer.com/library/foundations-of-speciation-knowing-your-hplc.html,200,https://www.perkinelmer.com/library/foundations-of-speciation-knowing-your-hplc.html,OK,,,data/perkinelmer_monitor.json,2026-08-02T20:06:37+00:00
www.perkinelmer.com/library/hpcl-to-uhplc-method-transfer-series.html,https://www.perkinelmer.com/library/hpcl-to-uhplc-method-transfer-series.html,200,https://www.perkinelmer.com/library/hpcl-to-uhplc-method-transfer-series.html,OK,,,data/perkinelmer_monitor.json,2026-08-02T20:06:37+00:00
www.perkinelmer.com/library/hplc-columns-the-foundation-of-great-chromatography.html,https://www.perkinelmer.com/library/hplc-columns-the-foundation-of-great-chromatography.html,200,https://www.perkinelmer.com/library/hplc-columns-the-foundation-of-great-chromatography.html,OK,,,data/perkinelmer_monitor.json,2026-08-02T20:06:38+00:00
www.perkinelmer.com/library/hplc-conference-resources.html,https://www.perkinelmer.com/library/hplc-conference-resources.html,200,https://www.perkinelmer.com/library/hplc-conference-resources.html,OK,,,data/perkinelmer_monitor.json,2026-08-02T20:06:38+00:00
www.perkinelmer.com/library/hplc-troubleshooting-conquering-common-challenges.html,https://www.perkinelmer.com/library/hplc-troubleshooting-conquering-common-challenges.html,200,https://www.perkinelmer.com/library/hplc-troubleshooting-conquering-common-challenges.html,OK,,,data/perkinelmer_monitor.json,2026-08-02T20:06:38+00:00
www.perkinelmer.com/library/intro-to-hplc-column-selection.html,https://www.perkinelmer.com/library/intro-to-hplc-column-selection.html,200,https://www.perkinelmer.com/library/intro-to-hplc-column-selection.html,OK,,,data/perkinelmer_monitor.json,2026-08-02T20:06:38+00:00
www.perkinelmer.com/library/introduction-to-hplc.html,https://www.perkinelmer.com/library/introduction-to-hplc.html,200,https://www.perkinelmer.com/library/introduction-to-hplc.html,OK,,,data/perkinelmer_monitor.json,2026-08-02T20:06:39+00:00
www.perkinelmer.com/library/lc-ms-ms-tour-video-dr-niladri-chatterjee-icar-cift.html,https://www.perkinelmer.com/library/lc-ms-ms-tour-video-dr-niladri-chatterjee-icar-cift.html,200,https://www.perkinelmer.com/library/lc-ms-ms-tour-video-dr-niladri-chatterjee-icar-cift.html,OK,,,data/perkinelmer_monitor.json,2026-08-02T20:06:39+00:00
www.perkinelmer.com/library/lc-ms-tips-and-tricks.html,https://www.perkinelmer.com/library/lc-ms-tips-and-tricks.html,200,https://www.perkinelmer.com/library/lc-ms-tips-and-tricks.html,OK,,,data/perkinelmer_monitor.json,2026-08-02T20:06:39+00:00
www.perkinelmer.com/library/maximizing-your-hplc-method-development.html,https://www.perkinelmer.com/library/maximizing-your-hplc-method-development.html,200,https://www.perkinelmer.com/library/maximizing-your-hplc-method-development.html,OK,,,data/perkinelmer_monitor.json,2026-08-02T20:06:39+00:00
www.perkinelmer.com/library/monitoring-cyanotoxins-in-drinking-water-by-LC-MS-MS.html,https://www.perkinelmer.com/library/monitoring-cyanotoxins-in-drinking-water-by-LC-MS-MS.html,200,https://www.perkinelmer.com/library/monitoring-cyanotoxins-in-drinking-water-by-LC-MS-MS.html,OK,,,data/perkinelmer_monitor.json,2026-08-02T20:06:39+00:00
www.perkinelmer.com/library/monitoring-pharmaceuticals-and-personal-care-products-in-drinking-water-by-lc-ms-ms.html,https://www.perkinelmer.com/library/monitoring-pharmaceuticals-and-personal-care-products-in-drinking-water-by-lc-ms-ms.html,200,https://www.perkinelmer.com/library/monitoring-pharmaceuticals-and-personal-care-products-in-drinking-water-by-lc-ms-ms.html,OK,,,data/perkinelmer_monitor.json,2026-08-02T20:06:39+00:00
www.perkinelmer.com/library/navigating-the-labyrinth-of-lc-ms-ms-contamination.html,https://www.perkinelmer.com/library/navigating-the-labyrinth-of-lc-ms-ms-contamination.html,200,https://www.perkinelmer.com/library/navigating-the-labyrinth-of-lc-ms-ms-contamination.html,OK,,,data/perkinelmer_monitor.json,2026-08-02T20:06:40+00:00
www.perkinelmer.com/library/performance-and-productivity-with-the-lc-300-hplc-and-uhplc-systems-i.html,https://www.perkinelmer.com/library/performance-and-productivity-with-the-lc-300-hplc-and-uhplc-systems-i.html,200,https://www.perkinelmer.com/library/performance-and-productivity-with-the-lc-300-hplc-and-uhplc-systems-i.html,OK,,,data/perkinelmer_monitor.json,2026-08-02T20:06:40+00:00
www.perkinelmer.com/library/preparative-hplc-and-greener-preparative-solutions.html,https://www.perkinelmer.com/library/preparative-hplc-and-greener-preparative-solutions.html,200,https://www.perkinelmer.com/library/preparative-hplc-and-greener-preparative-solutions.html,OK,,,data/perkinelmer_monitor.json,2026-08-02T20:06:41+00:00
www.perkinelmer.com/library/pst-aflatoxins-food-matrices-fluorescence-hplc-analysis.html,https://www.perkinelmer.com/library/pst-aflatoxins-food-matrices-fluorescence-hplc-analysis.html,200,https://www.perkinelmer.com/library/pst-aflatoxins-food-matrices-fluorescence-hplc-analysis.html,OK,,,data/perkinelmer_monitor.json,2026-08-02T20:06:41+00:00
www.perkinelmer.com/library/qsight-lc-ms-ms-in-toxicology-research-at-boston-university.html,https://www.perkinelmer.com/library/qsight-lc-ms-ms-in-toxicology-research-at-boston-university.html,200,https://www.perkinelmer.com/library/qsight-lc-ms-ms-in-toxicology-research-at-boston-university.html,OK,,,data/perkinelmer_monitor.json,2026-08-02T20:06:41+00:00
www.perkinelmer.com/library/uhplc-method-transfer-basics.html,https://www.perkinelmer.com/library/uhplc-method-transfer-basics.html,200,https://www.perkinelmer.com/library/uhplc-method-transfer-basics.html,OK,,,data/perkinelmer_monitor.json,2026-08-02T20:06:42+00:00
www.perkinelmer.com/library/validation-method-for-the-determination-of-pesticides-in-water-by-lc-ms-ms.html,https://www.perkinelmer.com/library/validation-method-for-the-determination-of-pesticides-in-water-by-lc-ms-ms.html,200,https://www.perkinelmer.com/library/validation-method-for-the-determination-of-pesticides-in-water-by-lc-ms-ms.html,OK,,,data/perkinelmer_monitor.json,2026-08-02T20:06:42+00:00
www.perkinelmer.com/library/water-contaminants-analysis-of-pfas-using-lc-ms-ms-technology.html,https://www.perkinelmer.com/library/water-contaminants-analysis-of-pfas-using-lc-ms-ms-technology.html,200,https://www.perkinelmer.com/library/water-contaminants-analysis-of-pfas-using-lc-ms-ms-technology.html,OK,,,data/perkinelmer_monitor.json,2026-08-02T20:06:42+00:00
www.perkinelmer.com/library/water-contaminants-analysis-of-polar-contaminants-and-glyphosate-with-qsight-lc-ms-ms.html,https://www.perkinelmer.com/library/water-contaminants-analysis-of-polar-contaminants-and-glyphosate-with-qsight-lc-ms-ms.html,200,https://www.perkinelmer.com/library/water-contaminants-analysis-of-polar-contaminants-and-glyphosate-with-qsight-lc-ms-ms.html,OK,,,data/perkinelmer_monitor.json,2026-08-02T20:06:42+00:00
www.perkinelmer.com/library/wht-fast-and-efficient-hplc-separations-with-superficially-porous-particles.html,https://www.perkinelmer.com/library/wht-fast-and-efficient-hplc-separations-with-superficially-porous-particles.html,200,https://www.perkinelmer.com/library/wht-fast-and-efficient-hplc-separations-with-superficially-porous-particles.html,OK,,,data/perkinelmer_monitor.json,2026-08-02T20:06:43+00:00
www.perkinelmer.com/library/wht-uhplc-instrumentation-and-method-transfer-guidelines.html,https://www.perkinelmer.com/library/wht-uhplc-instrumentation-and-method-transfer-guidelines.html,200,https://www.perkinelmer.com/library/wht-uhplc-instrumentation-and-method-transfer-guidelines.html,OK,,,data/perkinelmer_monitor.json,2026-08-02T20:06:43+00:00
www.perkinelmer.com/perkinelmer-launches-qsightr-500-lcmsms-pittcon-2025-empowering-labs-speed-accuracy-and-unmatched,https://www.perkinelmer.com/perkinelmer-launches-qsightr-500-lcmsms-pittcon-2025-empowering-labs-speed-accuracy-and-unmatched,200,https://www.perkinelmer.com/perkinelmer-launches-qsightr-500-lcmsms-pittcon-2025-empowering-labs-speed-accuracy-and-unmatched,OK,,,data/historical_product_catalog.json,2026-08-02T20:06:43+00:00
www.pharmaceuticalonline.com/,https://www.pharmaceuticalonline.com/,200,https://www.pharmaceuticalonline.com/,Blocked,HTTP response contains an access-control or bot-challenge page,,data/journal_sources.json; data/source_catalog.json; data/source_health.json; data/source_registry.json,2026-08-02T20:06:43+00:00
www.pharmaceuticalonline.com/doc/amneal-s-planned-sterile-facility-creates-opportunity-for-aseptic-filling-isolator-and-automation-suppliers-0001,https://www.pharmaceuticalonline.com/doc/amneal-s-planned-sterile-facility-creates-opportunity-for-aseptic-filling-isolator-and-automation-suppliers-0001,200,https://www.pharmaceuticalonline.com/doc/amneal-s-planned-sterile-facility-creates-opportunity-for-aseptic-filling-isolator-and-automation-suppliers-0001,Blocked,HTTP response contains an access-control or bot-challenge page,,data/journal_sources.json,2026-08-02T20:06:44+00:00
www.rafa2024.eu/book_of_abstracts.html,https://www.rafa2024.eu/book_of_abstracts.html,200,https://www.rafa2024.eu/book_of_abstracts.html,OK,,,data/conference_sources.json; data/source_catalog.json,2026-08-02T20:06:44+00:00
www.rafa2024.eu/poster_awards.html,https://www.rafa2024.eu/poster_awards.html,200,https://www.rafa2024.eu/poster_awards.html,OK,,,data/conference_sources.json; data/source_catalog.json,2026-08-02T20:06:44+00:00
www.rafa2024.eu/scientific_programme.html,https://www.rafa2024.eu/scientific_programme.html,200,https://www.rafa2024.eu/scientific_programme.html,OK,,,data/conference_sources.json; data/source_catalog.json,2026-08-02T20:06:44+00:00
www.rafa2026.eu/,https://www.rafa2026.eu/,200,https://www.rafa2026.eu/,OK,,,data/conference_sources.json; data/source_catalog.json; data/source_health.json; data/source_registry.json,2026-08-02T20:06:44+00:00
www.rafa2026.eu/about_sponsors_exhibitors_partners.html,https://www.rafa2026.eu/about_sponsors_exhibitors_partners.html,200,https://www.rafa2026.eu/about_sponsors_exhibitors_partners.html,OK,,,data/conference_sources.json; data/source_catalog.json,2026-08-02T20:06:44+00:00
www.rafa2026.eu/abstracts_submission.html,https://www.rafa2026.eu/abstracts_submission.html,200,https://www.rafa2026.eu/abstracts_submission.html,OK,,,data/conference_sources.json; data/source_catalog.json,2026-08-02T20:06:44+00:00
www.rafa2026.eu/invited_speakers.html,https://www.rafa2026.eu/invited_speakers.html,200,https://www.rafa2026.eu/invited_speakers.html,OK,,,data/conference_sources.json; data/source_catalog.json,2026-08-02T20:06:44+00:00
www.rafa2026.eu/programme_at_a_glance.html,https://www.rafa2026.eu/programme_at_a_glance.html,200,https://www.rafa2026.eu/programme_at_a_glance.html,OK,,,data/conference_sources.json; data/source_catalog.json,2026-08-02T20:06:45+00:00
www.rafa2026.eu/scientific_programme.html,https://www.rafa2026.eu/scientific_programme.html,200,https://www.rafa2026.eu/scientific_programme.html,OK,,,data/conference_sources.json; data/source_catalog.json,2026-08-02T20:06:45+00:00
www.rafa2026.eu/social_programme.html,https://www.rafa2026.eu/social_programme.html,200,https://www.rafa2026.eu/social_programme.html,OK,,,data/conference_sources.json; data/source_catalog.json,2026-08-02T20:06:45+00:00
www.rafa2026.eu/sponsors_exhibitors_media_partners_info.html,https://www.rafa2026.eu/sponsors_exhibitors_media_partners_info.html,200,https://www.rafa2026.eu/sponsors_exhibitors_media_partners_info.html,OK,,,data/conference_sources.json; data/source_catalog.json,2026-08-02T20:06:45+00:00
www.reddit.com/dev/api/,https://www.reddit.com/dev/api/,200,https://www.reddit.com/dev/api/,Blocked,HTTP response contains an access-control or bot-challenge page,,data/customer_voice.json; data/source_health.json; data/source_registry.json,2026-08-02T20:06:45+00:00
www.reddit.com/r/CHROMATOGRAPHY/comments/14w7fxn/lcms_help_sciex_6500/,https://www.reddit.com/r/CHROMATOGRAPHY/comments/14w7fxn/lcms_help_sciex_6500/,200,https://www.reddit.com/r/CHROMATOGRAPHY/comments/14w7fxn/lcms_help_sciex_6500/,OK,,,data/customer_voice.json; data/customer_voice_validation_cache.json,2026-08-02T20:06:45+00:00
www.reddit.com/r/CHROMATOGRAPHY/comments/17v4dij/shimadzu_nexera_xs_inert_vs_agilent_1290_bio/,https://www.reddit.com/r/CHROMATOGRAPHY/comments/17v4dij/shimadzu_nexera_xs_inert_vs_agilent_1290_bio/,200,https://www.reddit.com/r/CHROMATOGRAPHY/comments/17v4dij/shimadzu_nexera_xs_inert_vs_agilent_1290_bio/,OK,,,data/customer_voice.json; data/customer_voice_validation_cache.json,2026-08-02T20:06:45+00:00
www.reddit.com/r/CHROMATOGRAPHY/comments/1cdniok/agilent_1260_repair_pm/,https://www.reddit.com/r/CHROMATOGRAPHY/comments/1cdniok/agilent_1260_repair_pm/,200,https://www.reddit.com/r/CHROMATOGRAPHY/comments/1cdniok/agilent_1260_repair_pm/,OK,,,data/customer_voice.json; data/customer_voice_validation_cache.json,2026-08-02T20:06:45+00:00
www.reddit.com/r/CHROMATOGRAPHY/comments/1e3y2sy/getting_started_with_empower_3/,https://www.reddit.com/r/CHROMATOGRAPHY/comments/1e3y2sy/getting_started_with_empower_3/,200,https://www.reddit.com/r/CHROMATOGRAPHY/comments/1e3y2sy/getting_started_with_empower_3/,OK,,,data/customer_voice.json; data/customer_voice_validation_cache.json,2026-08-02T20:06:45+00:00
www.reddit.com/r/CHROMATOGRAPHY/comments/1f4airi/which_hplcmsms/,https://www.reddit.com/r/CHROMATOGRAPHY/comments/1f4airi/which_hplcmsms/,200,https://www.reddit.com/r/CHROMATOGRAPHY/comments/1f4airi/which_hplcmsms/,OK,,,data/customer_voice.json; data/customer_voice_validation_cache.json,2026-08-02T20:06:45+00:00
www.reddit.com/r/CHROMATOGRAPHY/comments/1h1i93y/waters_acquity_uplc_beh_17_um_21_x_100_mm_column/,https://www.reddit.com/r/CHROMATOGRAPHY/comments/1h1i93y/waters_acquity_uplc_beh_17_um_21_x_100_mm_column/,200,https://www.reddit.com/r/CHROMATOGRAPHY/comments/1h1i93y/waters_acquity_uplc_beh_17_um_21_x_100_mm_column/,OK,,,data/customer_voice.json; data/customer_voice_validation_cache.json,2026-08-02T20:06:45+00:00
www.reddit.com/r/CHROMATOGRAPHY/comments/1h6lnr0/agilent_1260_hplc_vs_thermo_vanquish_flex/,https://www.reddit.com/r/CHROMATOGRAPHY/comments/1h6lnr0/agilent_1260_hplc_vs_thermo_vanquish_flex/,200,https://www.reddit.com/r/CHROMATOGRAPHY/comments/1h6lnr0/agilent_1260_hplc_vs_thermo_vanquish_flex/,OK,,,data/customer_voice.json; data/customer_voice_validation_cache.json,2026-08-02T20:06:45+00:00
www.reddit.com/r/CHROMATOGRAPHY/comments/1i7ixun/lab_solutions_frustration/,https://www.reddit.com/r/CHROMATOGRAPHY/comments/1i7ixun/lab_solutions_frustration/,200,https://www.reddit.com/r/CHROMATOGRAPHY/comments/1i7ixun/lab_solutions_frustration/,OK,,,data/customer_voice.json; data/customer_voice_validation_cache.json,2026-08-02T20:06:45+00:00
www.reddit.com/r/CHROMATOGRAPHY/comments/1ion27e/is_getting_training_from_waters_worth_it/,https://www.reddit.com/r/CHROMATOGRAPHY/comments/1ion27e/is_getting_training_from_waters_worth_it/,200,https://www.reddit.com/r/CHROMATOGRAPHY/comments/1ion27e/is_getting_training_from_waters_worth_it/,OK,,,data/customer_voice.json; data/customer_voice_validation_cache.json,2026-08-02T20:06:45+00:00
www.reddit.com/r/CHROMATOGRAPHY/comments/1onikdf/looking_for_a_hplc_machine/,https://www.reddit.com/r/CHROMATOGRAPHY/comments/1onikdf/looking_for_a_hplc_machine/,200,https://www.reddit.com/r/CHROMATOGRAPHY/comments/1onikdf/looking_for_a_hplc_machine/,OK,,,data/customer_voice.json; data/customer_voice_validation_cache.json,2026-08-02T20:06:45+00:00
www.reddit.com/r/CHROMATOGRAPHY/comments/1peddhs/who_consistently_gives_the_best_highest_quality/,https://www.reddit.com/r/CHROMATOGRAPHY/comments/1peddhs/who_consistently_gives_the_best_highest_quality/,200,https://www.reddit.com/r/CHROMATOGRAPHY/comments/1peddhs/who_consistently_gives_the_best_highest_quality/,OK,,,data/customer_voice.json; data/customer_voice_validation_cache.json,2026-08-02T20:06:45+00:00
www.reddit.com/r/CHROMATOGRAPHY/comments/1q24noh/reccomendations_for_new_hplc_system_for_routine/,https://www.reddit.com/r/CHROMATOGRAPHY/comments/1q24noh/reccomendations_for_new_hplc_system_for_routine/,200,https://www.reddit.com/r/CHROMATOGRAPHY/comments/1q24noh/reccomendations_for_new_hplc_system_for_routine/,OK,,,data/customer_voice.json; data/customer_voice_validation_cache.json,2026-08-02T20:06:45+00:00
www.reddit.com/r/CHROMATOGRAPHY/comments/1sbtsdx/comparing_vendors_and_systems_thoughts/,https://www.reddit.com/r/CHROMATOGRAPHY/comments/1sbtsdx/comparing_vendors_and_systems_thoughts/,200,https://www.reddit.com/r/CHROMATOGRAPHY/comments/1sbtsdx/comparing_vendors_and_systems_thoughts/,OK,,,data/customer_voice.json; data/customer_voice_validation_cache.json,2026-08-02T20:06:45+00:00
www.reddit.com/r/CHROMATOGRAPHY/comments/1somxpf/waters_acquity_arc_lcms_214_nm_uv_baseline/,https://www.reddit.com/r/CHROMATOGRAPHY/comments/1somxpf/waters_acquity_arc_lcms_214_nm_uv_baseline/,200,https://www.reddit.com/r/CHROMATOGRAPHY/comments/1somxpf/waters_acquity_arc_lcms_214_nm_uv_baseline/,Blocked,HTTP response contains an access-control or bot-challenge page,,data/customer_voice.json; data/customer_voice_validation_cache.json,2026-08-02T20:06:46+00:00
www.reddit.com/r/CHROMATOGRAPHY/comments/1tk17h8/how_to_solve_the_problem_of_compatibility_between/,https://www.reddit.com/r/CHROMATOGRAPHY/comments/1tk17h8/how_to_solve_the_problem_of_compatibility_between/,200,https://www.reddit.com/r/CHROMATOGRAPHY/comments/1tk17h8/how_to_solve_the_problem_of_compatibility_between/,Blocked,HTTP response contains an access-control or bot-challenge page,,data/customer_voice.json; data/customer_voice_validation_cache.json,2026-08-02T20:06:46+00:00
www.reddit.com/r/CHROMATOGRAPHY/comments/1uk333s/update_uplc_waters_high_pressure_problem/,https://www.reddit.com/r/CHROMATOGRAPHY/comments/1uk333s/update_uplc_waters_high_pressure_problem/,200,https://www.reddit.com/r/CHROMATOGRAPHY/comments/1uk333s/update_uplc_waters_high_pressure_problem/,Blocked,HTTP response contains an access-control or bot-challenge page,,data/customer_voice.json; data/customer_voice_validation_cache.json,2026-08-02T20:06:46+00:00
www.reddit.com/r/CHROMATOGRAPHY/comments/1uu27p8/which_lc_ms_brand_is_reliable_and_affordable/,https://www.reddit.com/r/CHROMATOGRAPHY/comments/1uu27p8/which_lc_ms_brand_is_reliable_and_affordable/,200,https://www.reddit.com/r/CHROMATOGRAPHY/comments/1uu27p8/which_lc_ms_brand_is_reliable_and_affordable/,Blocked,HTTP response contains an access-control or bot-challenge page,,data/customer_voice.json; data/customer_voice_validation_cache.json,2026-08-02T20:06:46+00:00
www.reddit.com/r/CHROMATOGRAPHY/comments/xlr4pf/best_uhplc_on_the_market/,https://www.reddit.com/r/CHROMATOGRAPHY/comments/xlr4pf/best_uhplc_on_the_market/,200,https://www.reddit.com/r/CHROMATOGRAPHY/comments/xlr4pf/best_uhplc_on_the_market/,Blocked,HTTP response contains an access-control or bot-challenge page,,data/customer_voice.json; data/customer_voice_validation_cache.json,2026-08-02T20:06:46+00:00
www.reddit.com/r/Chempros/comments/157qppk/purchase_of_watersthermo_lcms_system/,https://www.reddit.com/r/Chempros/comments/157qppk/purchase_of_watersthermo_lcms_system/,200,https://www.reddit.com/r/Chempros/comments/157qppk/purchase_of_watersthermo_lcms_system/,Blocked,HTTP response contains an access-control or bot-challenge page,,data/customer_voice.json; data/customer_voice_validation_cache.json,2026-08-02T20:06:46+00:00
www.reddit.com/r/massspectrometry/comments/1mzna4c/a_record_of_fixing_a_secondhand_agilent_ms/,https://www.reddit.com/r/massspectrometry/comments/1mzna4c/a_record_of_fixing_a_secondhand_agilent_ms/,200,https://www.reddit.com/r/massspectrometry/comments/1mzna4c/a_record_of_fixing_a_secondhand_agilent_ms/,Blocked,HTTP response contains an access-control or bot-challenge page,,data/customer_voice.json; data/customer_voice_validation_cache.json,2026-08-02T20:06:46+00:00
www.reddit.com/r/massspectrometry/comments/1nlcb3p/new_lab_ms_option_help/,https://www.reddit.com/r/massspectrometry/comments/1nlcb3p/new_lab_ms_option_help/,200,https://www.reddit.com/r/massspectrometry/comments/1nlcb3p/new_lab_ms_option_help/,Blocked,HTTP response contains an access-control or bot-challenge page,,data/customer_voice.json; data/customer_voice_validation_cache.json,2026-08-02T20:06:46+00:00
www.reddit.com/r/massspectrometry/comments/1p15xrz/which_company_ranked_1_for_lcms/,https://www.reddit.com/r/massspectrometry/comments/1p15xrz/which_company_ranked_1_for_lcms/,200,https://www.reddit.com/r/massspectrometry/comments/1p15xrz/which_company_ranked_1_for_lcms/,Blocked,HTTP response contains an access-control or bot-challenge page,,data/customer_voice.json; data/customer_voice_validation_cache.json,2026-08-02T20:06:46+00:00
www.reddit.com/r/massspectrometry/comments/1pw3739/sciex_or_thermo_for_proteomics/,https://www.reddit.com/r/massspectrometry/comments/1pw3739/sciex_or_thermo_for_proteomics/,200,https://www.reddit.com/r/massspectrometry/comments/1pw3739/sciex_or_thermo_for_proteomics/,Blocked,HTTP response contains an access-control or bot-challenge page,,data/customer_voice.json; data/customer_voice_validation_cache.json,2026-08-02T20:06:46+00:00
www.reddit.com/r/massspectrometry/comments/1rembme/imms_options/,https://www.reddit.com/r/massspectrometry/comments/1rembme/imms_options/,200,https://www.reddit.com/r/massspectrometry/comments/1rembme/imms_options/,Blocked,HTTP response contains an access-control or bot-challenge page,,data/customer_voice.json; data/customer_voice_validation_cache.json,2026-08-02T20:06:46+00:00
www.reddit.com/r/massspectrometry/comments/1sognqt/what_is_the_fastest_way_to_convert_raw_files_to/,https://www.reddit.com/r/massspectrometry/comments/1sognqt/what_is_the_fastest_way_to_convert_raw_files_to/,200,https://www.reddit.com/r/massspectrometry/comments/1sognqt/what_is_the_fastest_way_to_convert_raw_files_to/,Blocked,HTTP response contains an access-control or bot-challenge page,,data/customer_voice.json; data/customer_voice_validation_cache.json,2026-08-02T20:06:46+00:00
www.reddit.com/r/massspectrometry/comments/1tausv5/ms_is_half_the_equation/,https://www.reddit.com/r/massspectrometry/comments/1tausv5/ms_is_half_the_equation/,200,https://www.reddit.com/r/massspectrometry/comments/1tausv5/ms_is_half_the_equation/,Blocked,HTTP response contains an access-control or bot-challenge page,,data/customer_voice.json; data/customer_voice_validation_cache.json,2026-08-02T20:06:46+00:00
www.reddit.com/r/massspectrometry/comments/1u1dpq6/synapt_nonresponsive_fluidics_purge_issue/,https://www.reddit.com/r/massspectrometry/comments/1u1dpq6/synapt_nonresponsive_fluidics_purge_issue/,200,https://www.reddit.com/r/massspectrometry/comments/1u1dpq6/synapt_nonresponsive_fluidics_purge_issue/,Blocked,HTTP response contains an access-control or bot-challenge page,,data/customer_voice.json; data/customer_voice_validation_cache.json,2026-08-02T20:06:46+00:00
www.reddit.com/r/massspectrometry/comments/1up1dlw/best_software_to_use_agilent_g3540a_gc_with/,https://www.reddit.com/r/massspectrometry/comments/1up1dlw/best_software_to_use_agilent_g3540a_gc_with/,200,https://www.reddit.com/r/massspectrometry/comments/1up1dlw/best_software_to_use_agilent_g3540a_gc_with/,Blocked,HTTP response contains an access-control or bot-challenge page,,data/customer_voice.json; data/customer_voice_validation_cache.json,2026-08-02T20:06:46+00:00
www.reddit.com/r/massspectrometry/comments/1ux1imr/most_frustrating_thing_about_mass_spectrometry/,https://www.reddit.com/r/massspectrometry/comments/1ux1imr/most_frustrating_thing_about_mass_spectrometry/,200,https://www.reddit.com/r/massspectrometry/comments/1ux1imr/most_frustrating_thing_about_mass_spectrometry/,Blocked,HTTP response contains an access-control or bot-challenge page,,data/customer_voice.json; data/customer_voice_validation_cache.json,2026-08-02T20:06:46+00:00
www.reddit.com/r/massspectrometry/comments/1uxyipd/efficient_quant_workflow_for_targetlynx/,https://www.reddit.com/r/massspectrometry/comments/1uxyipd/efficient_quant_workflow_for_targetlynx/,200,https://www.reddit.com/r/massspectrometry/comments/1uxyipd/efficient_quant_workflow_for_targetlynx/,Blocked,HTTP response contains an access-control or bot-challenge page,,data/customer_voice.json; data/customer_voice_validation_cache.json,2026-08-02T20:06:46+00:00
www.reddit.com/search/,https://www.reddit.com/search/?q=Waters%20ACQUITY%20UPLC%20HPLC,200,https://www.reddit.com/search/?q=Waters%20ACQUITY%20UPLC%20HPLC,Blocked,HTTP response contains an access-control or bot-challenge page,,data/customer_voice.json,2026-08-02T20:06:46+00:00
www.sciencedirect.com/journal/journal-of-chromatography-a,https://www.sciencedirect.com/journal/journal-of-chromatography-a,403,https://www.sciencedirect.com/journal/journal-of-chromatography-a,Blocked,,,data/journal_sources.json; data/source_catalog.json,2026-08-02T20:06:46+00:00
www.sciencedirect.com/journal/journal-of-chromatography-b,https://www.sciencedirect.com/journal/journal-of-chromatography-b,403,https://www.sciencedirect.com/journal/journal-of-chromatography-b,Blocked,,,data/journal_sources.json; data/source_catalog.json,2026-08-02T20:06:46+00:00
www.sciencedirect.com/journal/journal-of-pharmaceutical-and-biomedical-analysis,https://www.sciencedirect.com/journal/journal-of-pharmaceutical-and-biomedical-analysis,403,https://www.sciencedirect.com/journal/journal-of-pharmaceutical-and-biomedical-analysis,Blocked,,,data/journal_sources.json; data/source_catalog.json,2026-08-02T20:06:46+00:00
www.sciencedirect.com/journal/talanta,https://www.sciencedirect.com/journal/talanta,403,https://www.sciencedirect.com/journal/talanta,Blocked,,,data/journal_sources.json; data/source_catalog.json,2026-08-02T20:06:46+00:00
www.sciex.com/sitemap.xml,https://www.sciex.com/sitemap.xml,200,https://www.sciex.com/sitemap.xml,OK,,,data/competitor_monitors.json; data/intelligence.json; data/source_health.json; data/source_registry.json,2026-08-02T20:06:46+00:00
www.sec.gov/Archives/edgar/data/1000697/000095013504001254/b48994wce10vk.htm,https://www.sec.gov/Archives/edgar/data/1000697/000095013504001254/b48994wce10vk.htm,403,https://www.sec.gov/Archives/edgar/data/1000697/000095013504001254/b48994wce10vk.htm,Blocked,,,data/historical_waters_catalog.json,2026-08-02T20:06:46+00:00
www.sec.gov/Archives/edgar/data/1000697/000095013505001421/b53305wce10vk.htm,https://www.sec.gov/Archives/edgar/data/1000697/000095013505001421/b53305wce10vk.htm,403,https://www.sec.gov/Archives/edgar/data/1000697/000095013505001421/b53305wce10vk.htm,Blocked,,,data/historical_waters_catalog.json,2026-08-02T20:06:46+00:00
www.sec.gov/Archives/edgar/data/1000697/000095013507001300/b63656wce10vk.htm,https://www.sec.gov/Archives/edgar/data/1000697/000095013507001300/b63656wce10vk.htm,403,https://www.sec.gov/Archives/edgar/data/1000697/000095013507001300/b63656wce10vk.htm,Blocked,,,data/historical_waters_catalog.json,2026-08-02T20:06:46+00:00
www.sec.gov/Archives/edgar/data/1000697/000095013509001331/b72903wce10vk.htm,https://www.sec.gov/Archives/edgar/data/1000697/000095013509001331/b72903wce10vk.htm,403,https://www.sec.gov/Archives/edgar/data/1000697/000095013509001331/b72903wce10vk.htm,Blocked,,,data/historical_waters_catalog.json,2026-08-02T20:06:46+00:00
www.sec.gov/Archives/edgar/data/1000697/000119312512077126/d274872d10k.htm,https://www.sec.gov/Archives/edgar/data/1000697/000119312512077126/d274872d10k.htm,403,https://www.sec.gov/Archives/edgar/data/1000697/000119312512077126/d274872d10k.htm,Blocked,,,data/historical_waters_catalog.json,2026-08-02T20:06:47+00:00
www.sec.gov/Archives/edgar/data/1000697/000119312514072515/d644127d10k.htm,https://www.sec.gov/Archives/edgar/data/1000697/000119312514072515/d644127d10k.htm,403,https://www.sec.gov/Archives/edgar/data/1000697/000119312514072515/d644127d10k.htm,Blocked,,,data/historical_waters_catalog.json,2026-08-02T20:06:47+00:00
www.sec.gov/Archives/edgar/data/1000697/000119312515067900/d849246d10k.htm,https://www.sec.gov/Archives/edgar/data/1000697/000119312515067900/d849246d10k.htm,403,https://www.sec.gov/Archives/edgar/data/1000697/000119312515067900/d849246d10k.htm,Blocked,,,data/historical_waters_catalog.json,2026-08-02T20:06:47+00:00
www.sec.gov/Archives/edgar/data/1000697/000119312516480594/d108530d10k.htm,https://www.sec.gov/Archives/edgar/data/1000697/000119312516480594/d108530d10k.htm,403,https://www.sec.gov/Archives/edgar/data/1000697/000119312516480594/d108530d10k.htm,Blocked,,,data/historical_waters_catalog.json,2026-08-02T20:06:47+00:00
www.sec.gov/Archives/edgar/data/1000697/000119312517056239/d268303d10k.htm,https://www.sec.gov/Archives/edgar/data/1000697/000119312517056239/d268303d10k.htm,403,https://www.sec.gov/Archives/edgar/data/1000697/000119312517056239/d268303d10k.htm,Blocked,,,data/historical_waters_catalog.json,2026-08-02T20:06:47+00:00
www.sec.gov/Archives/edgar/data/1000697/000119312524094009/d691142dars.pdf,https://www.sec.gov/Archives/edgar/data/1000697/000119312524094009/d691142dars.pdf,403,https://www.sec.gov/Archives/edgar/data/1000697/000119312524094009/d691142dars.pdf,Blocked,,,data/historical_waters_catalog.json; data/product_comparisons.json,2026-08-02T20:06:47+00:00
www.sec.gov/Archives/edgar/data/1000697/000119312526062604/d778470d10k.htm,https://www.sec.gov/Archives/edgar/data/1000697/000119312526062604/d778470d10k.htm,403,https://www.sec.gov/Archives/edgar/data/1000697/000119312526062604/d778470d10k.htm,Blocked,,,data/historical_waters_catalog.json,2026-08-02T20:06:47+00:00
www.sec.gov/Archives/edgar/data/1090872/000095012324003692/a-20240501.htm,https://www.sec.gov/Archives/edgar/data/1090872/000095012324003692/a-20240501.htm,403,https://www.sec.gov/Archives/edgar/data/1090872/000095012324003692/a-20240501.htm,Blocked,,,data/intelligence.json,2026-08-02T20:06:47+00:00
www.sec.gov/Archives/edgar/data/1090872/000095017023046178/a-20230901.htm,https://www.sec.gov/Archives/edgar/data/1090872/000095017023046178/a-20230901.htm,403,https://www.sec.gov/Archives/edgar/data/1090872/000095017023046178/a-20230901.htm,Blocked,,,data/intelligence.json,2026-08-02T20:06:47+00:00
www.sec.gov/Archives/edgar/data/1090872/000095017023057148/a-20231026.htm,https://www.sec.gov/Archives/edgar/data/1090872/000095017023057148/a-20231026.htm,403,https://www.sec.gov/Archives/edgar/data/1090872/000095017023057148/a-20231026.htm,Blocked,,,data/intelligence.json,2026-08-02T20:06:47+00:00
www.sec.gov/Archives/edgar/data/1090872/000095017023071756/a-20231220.htm,https://www.sec.gov/Archives/edgar/data/1090872/000095017023071756/a-20231220.htm,403,https://www.sec.gov/Archives/edgar/data/1090872/000095017023071756/a-20231220.htm,Blocked,,,data/intelligence.json,2026-08-02T20:06:47+00:00
www.sec.gov/Archives/edgar/data/1090872/000095017024017940/a-20240220.htm,https://www.sec.gov/Archives/edgar/data/1090872/000095017024017940/a-20240220.htm,403,https://www.sec.gov/Archives/edgar/data/1090872/000095017024017940/a-20240220.htm,Blocked,,,data/intelligence.json,2026-08-02T20:06:47+00:00
www.sec.gov/Archives/edgar/data/1090872/000095017024032163/a-20240314.htm,https://www.sec.gov/Archives/edgar/data/1090872/000095017024032163/a-20240314.htm,403,https://www.sec.gov/Archives/edgar/data/1090872/000095017024032163/a-20240314.htm,Blocked,,,data/intelligence.json,2026-08-02T20:06:47+00:00
www.sec.gov/Archives/edgar/data/1090872/000095017024064091/a-20240522.htm,https://www.sec.gov/Archives/edgar/data/1090872/000095017024064091/a-20240522.htm,403,https://www.sec.gov/Archives/edgar/data/1090872/000095017024064091/a-20240522.htm,Blocked,,,data/intelligence.json,2026-08-02T20:06:47+00:00
www.sec.gov/Archives/edgar/data/1090872/000095017025040344/a-20250313.htm,https://www.sec.gov/Archives/edgar/data/1090872/000095017025040344/a-20250313.htm,403,https://www.sec.gov/Archives/edgar/data/1090872/000095017025040344/a-20250313.htm,Blocked,,,data/intelligence.json,2026-08-02T20:06:47+00:00
www.sec.gov/Archives/edgar/data/1090872/000095017025049516/a-20250327.htm,https://www.sec.gov/Archives/edgar/data/1090872/000095017025049516/a-20250327.htm,403,https://www.sec.gov/Archives/edgar/data/1090872/000095017025049516/a-20250327.htm,Blocked,,,data/intelligence.json,2026-08-02T20:06:47+00:00
www.sec.gov/Archives/edgar/data/1090872/000095017025075587/a-20250520.htm,https://www.sec.gov/Archives/edgar/data/1090872/000095017025075587/a-20250520.htm,403,https://www.sec.gov/Archives/edgar/data/1090872/000095017025075587/a-20250520.htm,Blocked,,,data/intelligence.json,2026-08-02T20:06:47+00:00
www.sec.gov/Archives/edgar/data/1090872/000109087223000013/a-20230815.htm,https://www.sec.gov/Archives/edgar/data/1090872/000109087223000013/a-20230815.htm,403,https://www.sec.gov/Archives/edgar/data/1090872/000109087223000013/a-20230815.htm,Blocked,,,data/intelligence.json,2026-08-02T20:06:47+00:00
www.sec.gov/Archives/edgar/data/1090872/000109087223000015/a-20230731.htm,https://www.sec.gov/Archives/edgar/data/1090872/000109087223000015/a-20230731.htm,403,https://www.sec.gov/Archives/edgar/data/1090872/000109087223000015/a-20230731.htm,Blocked,,,data/intelligence.json,2026-08-02T20:06:48+00:00
www.sec.gov/Archives/edgar/data/1090872/000109087223000018/a-20231120.htm,https://www.sec.gov/Archives/edgar/data/1090872/000109087223000018/a-20231120.htm,403,https://www.sec.gov/Archives/edgar/data/1090872/000109087223000018/a-20231120.htm,Blocked,,,data/intelligence.json,2026-08-02T20:06:48+00:00
www.sec.gov/Archives/edgar/data/1090872/000109087223000020/a-20231031.htm,https://www.sec.gov/Archives/edgar/data/1090872/000109087223000020/a-20231031.htm,403,https://www.sec.gov/Archives/edgar/data/1090872/000109087223000020/a-20231031.htm,Blocked,,,data/intelligence.json,2026-08-02T20:06:48+00:00
www.sec.gov/Archives/edgar/data/1090872/000109087224000003/a-20240105.htm,https://www.sec.gov/Archives/edgar/data/1090872/000109087224000003/a-20240105.htm,403,https://www.sec.gov/Archives/edgar/data/1090872/000109087224000003/a-20240105.htm,Blocked,,,data/intelligence.json,2026-08-02T20:06:48+00:00
www.sec.gov/Archives/edgar/data/1090872/000109087224000006/a-20240227.htm,https://www.sec.gov/Archives/edgar/data/1090872/000109087224000006/a-20240227.htm,403,https://www.sec.gov/Archives/edgar/data/1090872/000109087224000006/a-20240227.htm,Blocked,,,data/intelligence.json,2026-08-02T20:06:48+00:00
www.sec.gov/Archives/edgar/data/1090872/000109087224000011/a-20240131.htm,https://www.sec.gov/Archives/edgar/data/1090872/000109087224000011/a-20240131.htm,403,https://www.sec.gov/Archives/edgar/data/1090872/000109087224000011/a-20240131.htm,Blocked,,,data/intelligence.json,2026-08-02T20:06:48+00:00
www.sec.gov/Archives/edgar/data/1090872/000109087224000017/a-20240529.htm,https://www.sec.gov/Archives/edgar/data/1090872/000109087224000017/a-20240529.htm,403,https://www.sec.gov/Archives/edgar/data/1090872/000109087224000017/a-20240529.htm,Blocked,,,data/intelligence.json,2026-08-02T20:06:48+00:00
www.sec.gov/Archives/edgar/data/1090872/000109087224000021/a-20240430.htm,https://www.sec.gov/Archives/edgar/data/1090872/000109087224000021/a-20240430.htm,403,https://www.sec.gov/Archives/edgar/data/1090872/000109087224000021/a-20240430.htm,Blocked,,,data/intelligence.json,2026-08-02T20:06:48+00:00
www.sec.gov/Archives/edgar/data/1090872/000109087224000024/a-20240821.htm,https://www.sec.gov/Archives/edgar/data/1090872/000109087224000024/a-20240821.htm,403,https://www.sec.gov/Archives/edgar/data/1090872/000109087224000024/a-20240821.htm,Blocked,,,data/intelligence.json,2026-08-02T20:06:48+00:00
www.sec.gov/Archives/edgar/data/1090872/000109087224000033/a-20240731.htm,https://www.sec.gov/Archives/edgar/data/1090872/000109087224000033/a-20240731.htm,403,https://www.sec.gov/Archives/edgar/data/1090872/000109087224000033/a-20240731.htm,Blocked,,,data/intelligence.json,2026-08-02T20:06:48+00:00
www.sec.gov/Archives/edgar/data/1090872/000109087224000036/a-20240903_d2.htm,https://www.sec.gov/Archives/edgar/data/1090872/000109087224000036/a-20240903_d2.htm,403,https://www.sec.gov/Archives/edgar/data/1090872/000109087224000036/a-20240903_d2.htm,Blocked,,,data/intelligence.json,2026-08-02T20:06:48+00:00
www.sec.gov/Archives/edgar/data/1090872/000109087224000042/a-20241125.htm,https://www.sec.gov/Archives/edgar/data/1090872/000109087224000042/a-20241125.htm,403,https://www.sec.gov/Archives/edgar/data/1090872/000109087224000042/a-20241125.htm,Blocked,,,data/intelligence.json,2026-08-02T20:06:48+00:00
www.sec.gov/Archives/edgar/data/1090872/000109087224000045/a-20241213.htm,https://www.sec.gov/Archives/edgar/data/1090872/000109087224000045/a-20241213.htm,403,https://www.sec.gov/Archives/edgar/data/1090872/000109087224000045/a-20241213.htm,Blocked,,,data/intelligence.json,2026-08-02T20:06:48+00:00
www.sec.gov/Archives/edgar/data/1090872/000109087224000049/a-20241031.htm,https://www.sec.gov/Archives/edgar/data/1090872/000109087224000049/a-20241031.htm,403,https://www.sec.gov/Archives/edgar/data/1090872/000109087224000049/a-20241031.htm,Blocked,,,data/intelligence.json,2026-08-02T20:06:49+00:00
www.sec.gov/Archives/edgar/data/1090872/000109087225000003/a-20250226.htm,https://www.sec.gov/Archives/edgar/data/1090872/000109087225000003/a-20250226.htm,403,https://www.sec.gov/Archives/edgar/data/1090872/000109087225000003/a-20250226.htm,Blocked,,,data/intelligence.json,2026-08-02T20:06:49+00:00
www.sec.gov/Archives/edgar/data/1090872/000109087225000008/a-20250131.htm,https://www.sec.gov/Archives/edgar/data/1090872/000109087225000008/a-20250131.htm,403,https://www.sec.gov/Archives/edgar/data/1090872/000109087225000008/a-20250131.htm,Blocked,,,data/intelligence.json,2026-08-02T20:06:49+00:00
www.sec.gov/Archives/edgar/data/1090872/000109087225000010/a-20250303_d2.htm,https://www.sec.gov/Archives/edgar/data/1090872/000109087225000010/a-20250303_d2.htm,403,https://www.sec.gov/Archives/edgar/data/1090872/000109087225000010/a-20250303_d2.htm,Blocked,,,data/intelligence.json,2026-08-02T20:06:49+00:00
www.sec.gov/Archives/edgar/data/1090872/000109087225000013/a-20250528.htm,https://www.sec.gov/Archives/edgar/data/1090872/000109087225000013/a-20250528.htm,403,https://www.sec.gov/Archives/edgar/data/1090872/000109087225000013/a-20250528.htm,Blocked,,,data/intelligence.json,2026-08-02T20:06:49+00:00
www.sec.gov/Archives/edgar/data/1090872/000109087225000021/a-20250430.htm,https://www.sec.gov/Archives/edgar/data/1090872/000109087225000021/a-20250430.htm,403,https://www.sec.gov/Archives/edgar/data/1090872/000109087225000021/a-20250430.htm,Blocked,,,data/intelligence.json,2026-08-02T20:06:49+00:00
www.sec.gov/Archives/edgar/data/1090872/000109087225000034/a-20250827.htm,https://www.sec.gov/Archives/edgar/data/1090872/000109087225000034/a-20250827.htm,403,https://www.sec.gov/Archives/edgar/data/1090872/000109087225000034/a-20250827.htm,Blocked,,,data/intelligence.json,2026-08-02T20:06:49+00:00
www.sec.gov/Archives/edgar/data/1090872/000109087225000036/a-20250731.htm,https://www.sec.gov/Archives/edgar/data/1090872/000109087225000036/a-20250731.htm,403,https://www.sec.gov/Archives/edgar/data/1090872/000109087225000036/a-20250731.htm,Blocked,,,data/intelligence.json,2026-08-02T20:06:50+00:00
www.sec.gov/Archives/edgar/data/1090872/000109087225000070/a-20251124.htm,https://www.sec.gov/Archives/edgar/data/1090872/000109087225000070/a-20251124.htm,403,https://www.sec.gov/Archives/edgar/data/1090872/000109087225000070/a-20251124.htm,Blocked,,,data/intelligence.json,2026-08-02T20:06:50+00:00
www.sec.gov/Archives/edgar/data/1090872/000109087225000087/a-20251031.htm,https://www.sec.gov/Archives/edgar/data/1090872/000109087225000087/a-20251031.htm,403,https://www.sec.gov/Archives/edgar/data/1090872/000109087225000087/a-20251031.htm,Blocked,,,data/intelligence.json,2026-08-02T20:06:50+00:00
www.sec.gov/Archives/edgar/data/1090872/000109087226000015/a-20260225.htm,https://www.sec.gov/Archives/edgar/data/1090872/000109087226000015/a-20260225.htm,403,https://www.sec.gov/Archives/edgar/data/1090872/000109087226000015/a-20260225.htm,Blocked,,,data/intelligence.json,2026-08-02T20:06:50+00:00
www.sec.gov/Archives/edgar/data/1090872/000109087226000023/a-20260131.htm,https://www.sec.gov/Archives/edgar/data/1090872/000109087226000023/a-20260131.htm,403,https://www.sec.gov/Archives/edgar/data/1090872/000109087226000023/a-20260131.htm,Blocked,,,data/intelligence.json,2026-08-02T20:06:50+00:00
www.sec.gov/Archives/edgar/data/1090872/000109087226000052/a-20260520.htm,https://www.sec.gov/Archives/edgar/data/1090872/000109087226000052/a-20260520.htm,403,https://www.sec.gov/Archives/edgar/data/1090872/000109087226000052/a-20260520.htm,Blocked,,,data/intelligence.json,2026-08-02T20:06:50+00:00
www.sec.gov/Archives/edgar/data/1090872/000109087226000055/a-20260430.htm,https://www.sec.gov/Archives/edgar/data/1090872/000109087226000055/a-20260430.htm,403,https://www.sec.gov/Archives/edgar/data/1090872/000109087226000055/a-20260430.htm,Blocked,,,data/filing_insights.json; data/intelligence.json,2026-08-02T20:06:50+00:00
www.sec.gov/Archives/edgar/data/1090872/000119312524214337/d891217d8k.htm,https://www.sec.gov/Archives/edgar/data/1090872/000119312524214337/d891217d8k.htm,403,https://www.sec.gov/Archives/edgar/data/1090872/000119312524214337/d891217d8k.htm,Blocked,,,data/intelligence.json,2026-08-02T20:06:50+00:00
www.sec.gov/Archives/edgar/data/1090872/000119312524215906/d894739d8k.htm,https://www.sec.gov/Archives/edgar/data/1090872/000119312524215906/d894739d8k.htm,403,https://www.sec.gov/Archives/edgar/data/1090872/000119312524215906/d894739d8k.htm,Blocked,,,data/intelligence.json,2026-08-02T20:06:50+00:00
www.sec.gov/Archives/edgar/data/1090872/000119312525111596/d889863d8k.htm,https://www.sec.gov/Archives/edgar/data/1090872/000119312525111596/d889863d8k.htm,403,https://www.sec.gov/Archives/edgar/data/1090872/000119312525111596/d889863d8k.htm,Blocked,,,data/intelligence.json,2026-08-02T20:06:50+00:00
www.sec.gov/Archives/edgar/data/1090872/000119312525159100/d866414d8k.htm,https://www.sec.gov/Archives/edgar/data/1090872/000119312525159100/d866414d8k.htm,403,https://www.sec.gov/Archives/edgar/data/1090872/000119312525159100/d866414d8k.htm,Blocked,,,data/intelligence.json,2026-08-02T20:06:50+00:00
www.sec.gov/Archives/edgar/data/1090872/000119312525251622/a-20251023.htm,https://www.sec.gov/Archives/edgar/data/1090872/000119312525251622/a-20251023.htm,403,https://www.sec.gov/Archives/edgar/data/1090872/000119312525251622/a-20251023.htm,Blocked,,,data/intelligence.json,2026-08-02T20:06:51+00:00
www.sec.gov/Archives/edgar/data/1090872/000119312526096487/a-20260305.htm,https://www.sec.gov/Archives/edgar/data/1090872/000119312526096487/a-20260305.htm,403,https://www.sec.gov/Archives/edgar/data/1090872/000119312526096487/a-20260305.htm,Blocked,,,data/intelligence.json,2026-08-02T20:06:51+00:00
www.sec.gov/Archives/edgar/data/1090872/000119312526117614/a-20260318.htm,https://www.sec.gov/Archives/edgar/data/1090872/000119312526117614/a-20260318.htm,403,https://www.sec.gov/Archives/edgar/data/1090872/000119312526117614/a-20260318.htm,Blocked,,,data/intelligence.json,2026-08-02T20:06:51+00:00
www.sec.gov/Archives/edgar/data/1090872/000119312526142101/a-20260331.htm,https://www.sec.gov/Archives/edgar/data/1090872/000119312526142101/a-20260331.htm,403,https://www.sec.gov/Archives/edgar/data/1090872/000119312526142101/a-20260331.htm,Blocked,,,data/intelligence.json,2026-08-02T20:06:51+00:00
www.sec.gov/Archives/edgar/data/1090872/000119312526202636/a-20260504.htm,https://www.sec.gov/Archives/edgar/data/1090872/000119312526202636/a-20260504.htm,403,https://www.sec.gov/Archives/edgar/data/1090872/000119312526202636/a-20260504.htm,Blocked,,,data/intelligence.json,2026-08-02T20:06:51+00:00
www.sec.gov/Archives/edgar/data/1090872/000119312526282845/d75293d8k.htm,https://www.sec.gov/Archives/edgar/data/1090872/000119312526282845/d75293d8k.htm,403,https://www.sec.gov/Archives/edgar/data/1090872/000119312526282845/d75293d8k.htm,Blocked,,,data/intelligence.json,2026-08-02T20:06:51+00:00
www.sec.gov/Archives/edgar/data/313616/000031361623000244/dhr-20230811.htm,https://www.sec.gov/Archives/edgar/data/313616/000031361623000244/dhr-20230811.htm,403,https://www.sec.gov/Archives/edgar/data/313616/000031361623000244/dhr-20230811.htm,Blocked,,,data/intelligence.json,2026-08-02T20:06:51+00:00
www.sec.gov/Archives/edgar/data/313616/000031361623000250/dhr-20230831.htm,https://www.sec.gov/Archives/edgar/data/313616/000031361623000250/dhr-20230831.htm,403,https://www.sec.gov/Archives/edgar/data/313616/000031361623000250/dhr-20230831.htm,Blocked,,,data/intelligence.json,2026-08-02T20:06:51+00:00
www.sec.gov/Archives/edgar/data/313616/000031361623000252/dhr-20230929.htm,https://www.sec.gov/Archives/edgar/data/313616/000031361623000252/dhr-20230929.htm,403,https://www.sec.gov/Archives/edgar/data/313616/000031361623000252/dhr-20230929.htm,Blocked,,,data/intelligence.json,2026-08-02T20:06:51+00:00
www.sec.gov/Archives/edgar/data/313616/000031361623000256/dhr-20230929.htm,https://www.sec.gov/Archives/edgar/data/313616/000031361623000256/dhr-20230929.htm,403,https://www.sec.gov/Archives/edgar/data/313616/000031361623000256/dhr-20230929.htm,Blocked,,,data/intelligence.json,2026-08-02T20:06:51+00:00
www.sec.gov/Archives/edgar/data/313616/000031361623000258/dhr-20231024.htm,https://www.sec.gov/Archives/edgar/data/313616/000031361623000258/dhr-20231024.htm,403,https://www.sec.gov/Archives/edgar/data/313616/000031361623000258/dhr-20231024.htm,Blocked,,,data/intelligence.json,2026-08-02T20:06:51+00:00
www.sec.gov/Archives/edgar/data/313616/000031361624000004/dhr-20240108.htm,https://www.sec.gov/Archives/edgar/data/313616/000031361624000004/dhr-20240108.htm,403,https://www.sec.gov/Archives/edgar/data/313616/000031361624000004/dhr-20240108.htm,Blocked,,,data/intelligence.json,2026-08-02T20:06:51+00:00
www.sec.gov/Archives/edgar/data/313616/000031361624000006/dhr-20240130.htm,https://www.sec.gov/Archives/edgar/data/313616/000031361624000006/dhr-20240130.htm,403,https://www.sec.gov/Archives/edgar/data/313616/000031361624000006/dhr-20240130.htm,Blocked,,,data/intelligence.json,2026-08-02T20:06:52+00:00
www.sec.gov/Archives/edgar/data/313616/000031361624000046/dhr-20240212.htm,https://www.sec.gov/Archives/edgar/data/313616/000031361624000046/dhr-20240212.htm,403,https://www.sec.gov/Archives/edgar/data/313616/000031361624000046/dhr-20240212.htm,Blocked,,,data/intelligence.json,2026-08-02T20:06:52+00:00
www.sec.gov/Archives/edgar/data/313616/000031361624000052/dhr-20231231.htm,https://www.sec.gov/Archives/edgar/data/313616/000031361624000052/dhr-20231231.htm,403,https://www.sec.gov/Archives/edgar/data/313616/000031361624000052/dhr-20231231.htm,Blocked,,,data/intelligence.json,2026-08-02T20:06:52+00:00
www.sec.gov/Archives/edgar/data/313616/000031361624000102/dhr-20240329.htm,https://www.sec.gov/Archives/edgar/data/313616/000031361624000102/dhr-20240329.htm,403,https://www.sec.gov/Archives/edgar/data/313616/000031361624000102/dhr-20240329.htm,Blocked,,,data/intelligence.json,2026-08-02T20:06:52+00:00
www.sec.gov/Archives/edgar/data/313616/000031361624000106/dhr-20240423.htm,https://www.sec.gov/Archives/edgar/data/313616/000031361624000106/dhr-20240423.htm,403,https://www.sec.gov/Archives/edgar/data/313616/000031361624000106/dhr-20240423.htm,Blocked,,,data/intelligence.json,2026-08-02T20:06:52+00:00
www.sec.gov/Archives/edgar/data/313616/000031361624000133/dhr-20240507.htm,https://www.sec.gov/Archives/edgar/data/313616/000031361624000133/dhr-20240507.htm,403,https://www.sec.gov/Archives/edgar/data/313616/000031361624000133/dhr-20240507.htm,Blocked,,,data/intelligence.json,2026-08-02T20:06:52+00:00
www.sec.gov/Archives/edgar/data/313616/000031361624000174/dhr-20240616.htm,https://www.sec.gov/Archives/edgar/data/313616/000031361624000174/dhr-20240616.htm,403,https://www.sec.gov/Archives/edgar/data/313616/000031361624000174/dhr-20240616.htm,Blocked,,,data/intelligence.json,2026-08-02T20:06:52+00:00
www.sec.gov/Archives/edgar/data/313616/000031361624000186/dhr-20240628.htm,https://www.sec.gov/Archives/edgar/data/313616/000031361624000186/dhr-20240628.htm,403,https://www.sec.gov/Archives/edgar/data/313616/000031361624000186/dhr-20240628.htm,Blocked,,,data/intelligence.json,2026-08-02T20:06:52+00:00
www.sec.gov/Archives/edgar/data/313616/000031361624000188/dhr-20240723.htm,https://www.sec.gov/Archives/edgar/data/313616/000031361624000188/dhr-20240723.htm,403,https://www.sec.gov/Archives/edgar/data/313616/000031361624000188/dhr-20240723.htm,Blocked,,,data/intelligence.json,2026-08-02T20:06:52+00:00
www.sec.gov/Archives/edgar/data/313616/000031361624000220/dhr-20240927.htm,https://www.sec.gov/Archives/edgar/data/313616/000031361624000220/dhr-20240927.htm,403,https://www.sec.gov/Archives/edgar/data/313616/000031361624000220/dhr-20240927.htm,Blocked,,,data/intelligence.json,2026-08-02T20:06:52+00:00
www.sec.gov/Archives/edgar/data/313616/000031361624000223/dhr-20241022.htm,https://www.sec.gov/Archives/edgar/data/313616/000031361624000223/dhr-20241022.htm,403,https://www.sec.gov/Archives/edgar/data/313616/000031361624000223/dhr-20241022.htm,Blocked,,,data/intelligence.json,2026-08-02T20:06:52+00:00
www.sec.gov/Archives/edgar/data/313616/000031361624000251/dhr-20241209.htm,https://www.sec.gov/Archives/edgar/data/313616/000031361624000251/dhr-20241209.htm,403,https://www.sec.gov/Archives/edgar/data/313616/000031361624000251/dhr-20241209.htm,Blocked,,,data/intelligence.json,2026-08-02T20:06:52+00:00
www.sec.gov/Archives/edgar/data/313616/000031361625000002/dhr-20250113.htm,https://www.sec.gov/Archives/edgar/data/313616/000031361625000002/dhr-20250113.htm,403,https://www.sec.gov/Archives/edgar/data/313616/000031361625000002/dhr-20250113.htm,Blocked,,,data/intelligence.json,2026-08-02T20:06:52+00:00
www.sec.gov/Archives/edgar/data/313616/000031361625000004/dhr-20250129.htm,https://www.sec.gov/Archives/edgar/data/313616/000031361625000004/dhr-20250129.htm,403,https://www.sec.gov/Archives/edgar/data/313616/000031361625000004/dhr-20250129.htm,Blocked,,,data/intelligence.json,2026-08-02T20:06:52+00:00
www.sec.gov/Archives/edgar/data/313616/000031361625000043/dhr-20241231.htm,https://www.sec.gov/Archives/edgar/data/313616/000031361625000043/dhr-20241231.htm,403,https://www.sec.gov/Archives/edgar/data/313616/000031361625000043/dhr-20241231.htm,Blocked,,,data/intelligence.json,2026-08-02T20:06:52+00:00
www.sec.gov/Archives/edgar/data/313616/000031361625000044/dhr-20250220.htm,https://www.sec.gov/Archives/edgar/data/313616/000031361625000044/dhr-20250220.htm,403,https://www.sec.gov/Archives/edgar/data/313616/000031361625000044/dhr-20250220.htm,Blocked,,,data/intelligence.json,2026-08-02T20:06:52+00:00
www.sec.gov/Archives/edgar/data/313616/000031361625000088/dhr-20250328.htm,https://www.sec.gov/Archives/edgar/data/313616/000031361625000088/dhr-20250328.htm,403,https://www.sec.gov/Archives/edgar/data/313616/000031361625000088/dhr-20250328.htm,Blocked,,,data/intelligence.json,2026-08-02T20:06:53+00:00
www.sec.gov/Archives/edgar/data/313616/000031361625000090/dhr-20250422.htm,https://www.sec.gov/Archives/edgar/data/313616/000031361625000090/dhr-20250422.htm,403,https://www.sec.gov/Archives/edgar/data/313616/000031361625000090/dhr-20250422.htm,Blocked,,,data/intelligence.json,2026-08-02T20:06:53+00:00
www.sec.gov/Archives/edgar/data/313616/000031361625000110/dhr-20250506.htm,https://www.sec.gov/Archives/edgar/data/313616/000031361625000110/dhr-20250506.htm,403,https://www.sec.gov/Archives/edgar/data/313616/000031361625000110/dhr-20250506.htm,Blocked,,,data/intelligence.json,2026-08-02T20:06:53+00:00
www.sec.gov/Archives/edgar/data/313616/000031361625000152/dhr-20250722.htm,https://www.sec.gov/Archives/edgar/data/313616/000031361625000152/dhr-20250722.htm,403,https://www.sec.gov/Archives/edgar/data/313616/000031361625000152/dhr-20250722.htm,Blocked,,,data/intelligence.json,2026-08-02T20:06:53+00:00
www.sec.gov/Archives/edgar/data/313616/000031361625000153/dhr-20250627.htm,https://www.sec.gov/Archives/edgar/data/313616/000031361625000153/dhr-20250627.htm,403,https://www.sec.gov/Archives/edgar/data/313616/000031361625000153/dhr-20250627.htm,Blocked,,,data/intelligence.json,2026-08-02T20:06:53+00:00
www.sec.gov/Archives/edgar/data/313616/000031361625000155/dhr-20250721.htm,https://www.sec.gov/Archives/edgar/data/313616/000031361625000155/dhr-20250721.htm,403,https://www.sec.gov/Archives/edgar/data/313616/000031361625000155/dhr-20250721.htm,Blocked,,,data/intelligence.json,2026-08-02T20:06:53+00:00
www.sec.gov/Archives/edgar/data/313616/000031361625000172/dhr-20250728.htm,https://www.sec.gov/Archives/edgar/data/313616/000031361625000172/dhr-20250728.htm,403,https://www.sec.gov/Archives/edgar/data/313616/000031361625000172/dhr-20250728.htm,Blocked,,,data/intelligence.json,2026-08-02T20:06:53+00:00
www.sec.gov/Archives/edgar/data/313616/000031361625000178/dhr-20250909.htm,https://www.sec.gov/Archives/edgar/data/313616/000031361625000178/dhr-20250909.htm,403,https://www.sec.gov/Archives/edgar/data/313616/000031361625000178/dhr-20250909.htm,Blocked,,,data/intelligence.json,2026-08-02T20:06:53+00:00
www.sec.gov/Archives/edgar/data/313616/000031361625000180/dhr-20251021.htm,https://www.sec.gov/Archives/edgar/data/313616/000031361625000180/dhr-20251021.htm,403,https://www.sec.gov/Archives/edgar/data/313616/000031361625000180/dhr-20251021.htm,Blocked,,,data/intelligence.json,2026-08-02T20:06:53+00:00
www.sec.gov/Archives/edgar/data/313616/000031361625000182/dhr-20250926.htm,https://www.sec.gov/Archives/edgar/data/313616/000031361625000182/dhr-20250926.htm,403,https://www.sec.gov/Archives/edgar/data/313616/000031361625000182/dhr-20250926.htm,Blocked,,,data/intelligence.json,2026-08-02T20:06:53+00:00
www.sec.gov/Archives/edgar/data/313616/000031361625000198/dhr-20251106.htm,https://www.sec.gov/Archives/edgar/data/313616/000031361625000198/dhr-20251106.htm,403,https://www.sec.gov/Archives/edgar/data/313616/000031361625000198/dhr-20251106.htm,Blocked,,,data/intelligence.json,2026-08-02T20:06:53+00:00
www.sec.gov/Archives/edgar/data/313616/000031361626000002/dhr-20260112.htm,https://www.sec.gov/Archives/edgar/data/313616/000031361626000002/dhr-20260112.htm,403,https://www.sec.gov/Archives/edgar/data/313616/000031361626000002/dhr-20260112.htm,Blocked,,,data/intelligence.json,2026-08-02T20:06:53+00:00
www.sec.gov/Archives/edgar/data/313616/000031361626000004/dhr-20260128.htm,https://www.sec.gov/Archives/edgar/data/313616/000031361626000004/dhr-20260128.htm,403,https://www.sec.gov/Archives/edgar/data/313616/000031361626000004/dhr-20260128.htm,Blocked,,,data/intelligence.json,2026-08-02T20:06:53+00:00
www.sec.gov/Archives/edgar/data/313616/000031361626000058/dhr-20260205.htm,https://www.sec.gov/Archives/edgar/data/313616/000031361626000058/dhr-20260205.htm,403,https://www.sec.gov/Archives/edgar/data/313616/000031361626000058/dhr-20260205.htm,Blocked,,,data/intelligence.json,2026-08-02T20:06:53+00:00
www.sec.gov/Archives/edgar/data/313616/000031361626000062/dhr-20251231.htm,https://www.sec.gov/Archives/edgar/data/313616/000031361626000062/dhr-20251231.htm,403,https://www.sec.gov/Archives/edgar/data/313616/000031361626000062/dhr-20251231.htm,Blocked,,,data/intelligence.json,2026-08-02T20:06:53+00:00
www.sec.gov/Archives/edgar/data/313616/000031361626000107/dhr-20260327.htm,https://www.sec.gov/Archives/edgar/data/313616/000031361626000107/dhr-20260327.htm,403,https://www.sec.gov/Archives/edgar/data/313616/000031361626000107/dhr-20260327.htm,Blocked,,,data/intelligence.json,2026-08-02T20:06:54+00:00
www.sec.gov/Archives/edgar/data/313616/000031361626000109/dhr-20260421.htm,https://www.sec.gov/Archives/edgar/data/313616/000031361626000109/dhr-20260421.htm,403,https://www.sec.gov/Archives/edgar/data/313616/000031361626000109/dhr-20260421.htm,Blocked,,,data/intelligence.json,2026-08-02T20:06:54+00:00
www.sec.gov/Archives/edgar/data/313616/000031361626000127/dhr-20260505.htm,https://www.sec.gov/Archives/edgar/data/313616/000031361626000127/dhr-20260505.htm,403,https://www.sec.gov/Archives/edgar/data/313616/000031361626000127/dhr-20260505.htm,Blocked,,,data/intelligence.json,2026-08-02T20:06:54+00:00
www.sec.gov/Archives/edgar/data/313616/000031361626000161/dhr-20260626.htm,https://www.sec.gov/Archives/edgar/data/313616/000031361626000161/dhr-20260626.htm,403,https://www.sec.gov/Archives/edgar/data/313616/000031361626000161/dhr-20260626.htm,Blocked,,,data/intelligence.json,2026-08-02T20:06:54+00:00
www.sec.gov/Archives/edgar/data/313616/000031361626000163/dhr-20260721.htm,https://www.sec.gov/Archives/edgar/data/313616/000031361626000163/dhr-20260721.htm,403,https://www.sec.gov/Archives/edgar/data/313616/000031361626000163/dhr-20260721.htm,Blocked,,,data/intelligence.json,2026-08-02T20:06:54+00:00
www.sec.gov/Archives/edgar/data/313616/000114036123043697/ef2001057_8k.htm,https://www.sec.gov/Archives/edgar/data/313616/000114036123043697/ef2001057_8k.htm,403,https://www.sec.gov/Archives/edgar/data/313616/000114036123043697/ef2001057_8k.htm,Blocked,,,data/intelligence.json,2026-08-02T20:06:54+00:00
www.sec.gov/Archives/edgar/data/313616/000114036123044482/ef20010872_8k.htm,https://www.sec.gov/Archives/edgar/data/313616/000114036123044482/ef20010872_8k.htm,403,https://www.sec.gov/Archives/edgar/data/313616/000114036123044482/ef20010872_8k.htm,Blocked,,,data/intelligence.json,2026-08-02T20:06:54+00:00
www.sec.gov/Archives/edgar/data/313616/000119312526053124/d110495d8k.htm,https://www.sec.gov/Archives/edgar/data/313616/000119312526053124/d110495d8k.htm,403,https://www.sec.gov/Archives/edgar/data/313616/000119312526053124/d110495d8k.htm,Blocked,,,data/intelligence.json,2026-08-02T20:06:54+00:00
www.sec.gov/Archives/edgar/data/313616/000119312526160383/d56203d8k.htm,https://www.sec.gov/Archives/edgar/data/313616/000119312526160383/d56203d8k.htm,403,https://www.sec.gov/Archives/edgar/data/313616/000119312526160383/d56203d8k.htm,Blocked,,,data/intelligence.json,2026-08-02T20:06:54+00:00
www.sec.gov/Archives/edgar/data/313616/000119312526191608/d107133d8k.htm,https://www.sec.gov/Archives/edgar/data/313616/000119312526191608/d107133d8k.htm,403,https://www.sec.gov/Archives/edgar/data/313616/000119312526191608/d107133d8k.htm,Blocked,,,data/intelligence.json,2026-08-02T20:06:54+00:00
www.sec.gov/Archives/edgar/data/313616/000119312526255555/d63873d8k.htm,https://www.sec.gov/Archives/edgar/data/313616/000119312526255555/d63873d8k.htm,403,https://www.sec.gov/Archives/edgar/data/313616/000119312526255555/d63873d8k.htm,Blocked,,,data/intelligence.json,2026-08-02T20:06:54+00:00
www.sec.gov/Archives/edgar/data/31791/000003179123000011/pki-20230702.htm,https://www.sec.gov/Archives/edgar/data/31791/000003179123000011/pki-20230702.htm,403,https://www.sec.gov/Archives/edgar/data/31791/000003179123000011/pki-20230702.htm,Blocked,,,data/intelligence.json,2026-08-02T20:06:54+00:00
www.sec.gov/Archives/edgar/data/31791/000003179123000014/pki-20231001.htm,https://www.sec.gov/Archives/edgar/data/31791/000003179123000014/pki-20231001.htm,403,https://www.sec.gov/Archives/edgar/data/31791/000003179123000014/pki-20231001.htm,Blocked,,,data/intelligence.json,2026-08-02T20:06:54+00:00
www.sec.gov/Archives/edgar/data/31791/000003179124000004/pki-20231231.htm,https://www.sec.gov/Archives/edgar/data/31791/000003179124000004/pki-20231231.htm,403,https://www.sec.gov/Archives/edgar/data/31791/000003179124000004/pki-20231231.htm,Blocked,,,data/intelligence.json,2026-08-02T20:06:55+00:00
www.sec.gov/Archives/edgar/data/31791/000003179124000014/pki-20240331.htm,https://www.sec.gov/Archives/edgar/data/31791/000003179124000014/pki-20240331.htm,403,https://www.sec.gov/Archives/edgar/data/31791/000003179124000014/pki-20240331.htm,Blocked,,,data/intelligence.json,2026-08-02T20:06:55+00:00
www.sec.gov/Archives/edgar/data/31791/000003179124000018/pki-20240729.htm,https://www.sec.gov/Archives/edgar/data/31791/000003179124000018/pki-20240729.htm,403,https://www.sec.gov/Archives/edgar/data/31791/000003179124000018/pki-20240729.htm,Blocked,,,data/intelligence.json,2026-08-02T20:06:55+00:00
www.sec.gov/Archives/edgar/data/31791/000003179124000021/pki-20240630.htm,https://www.sec.gov/Archives/edgar/data/31791/000003179124000021/pki-20240630.htm,403,https://www.sec.gov/Archives/edgar/data/31791/000003179124000021/pki-20240630.htm,Blocked,,,data/intelligence.json,2026-08-02T20:06:55+00:00
www.sec.gov/Archives/edgar/data/31791/000003179124000026/pki-20241104.htm,https://www.sec.gov/Archives/edgar/data/31791/000003179124000026/pki-20241104.htm,403,https://www.sec.gov/Archives/edgar/data/31791/000003179124000026/pki-20241104.htm,Blocked,,,data/intelligence.json,2026-08-02T20:06:55+00:00
www.sec.gov/Archives/edgar/data/31791/000003179124000028/pki-20240929.htm,https://www.sec.gov/Archives/edgar/data/31791/000003179124000028/pki-20240929.htm,403,https://www.sec.gov/Archives/edgar/data/31791/000003179124000028/pki-20240929.htm,Blocked,,,data/intelligence.json,2026-08-02T20:06:55+00:00
www.sec.gov/Archives/edgar/data/31791/000003179125000003/pki-20250112.htm,https://www.sec.gov/Archives/edgar/data/31791/000003179125000003/pki-20250112.htm,403,https://www.sec.gov/Archives/edgar/data/31791/000003179125000003/pki-20250112.htm,Blocked,,,data/intelligence.json,2026-08-02T20:06:55+00:00
www.sec.gov/Archives/edgar/data/31791/000003179125000006/pki-20250131.htm,https://www.sec.gov/Archives/edgar/data/31791/000003179125000006/pki-20250131.htm,403,https://www.sec.gov/Archives/edgar/data/31791/000003179125000006/pki-20250131.htm,Blocked,,,data/intelligence.json,2026-08-02T20:06:55+00:00
www.sec.gov/Archives/edgar/data/31791/000003179125000009/revv-20241229.htm,https://www.sec.gov/Archives/edgar/data/31791/000003179125000009/revv-20241229.htm,403,https://www.sec.gov/Archives/edgar/data/31791/000003179125000009/revv-20241229.htm,Blocked,,,data/intelligence.json,2026-08-02T20:06:55+00:00
www.sec.gov/Archives/edgar/data/31791/000003179125000012/pki-20250428.htm,https://www.sec.gov/Archives/edgar/data/31791/000003179125000012/pki-20250428.htm,403,https://www.sec.gov/Archives/edgar/data/31791/000003179125000012/pki-20250428.htm,Blocked,,,data/intelligence.json,2026-08-02T20:06:55+00:00
www.sec.gov/Archives/edgar/data/31791/000003179125000015/revv-20250330.htm,https://www.sec.gov/Archives/edgar/data/31791/000003179125000015/revv-20250330.htm,403,https://www.sec.gov/Archives/edgar/data/31791/000003179125000015/revv-20250330.htm,Blocked,,,data/intelligence.json,2026-08-02T20:06:55+00:00
www.sec.gov/Archives/edgar/data/31791/000003179125000022/pki-20250728.htm,https://www.sec.gov/Archives/edgar/data/31791/000003179125000022/pki-20250728.htm,403,https://www.sec.gov/Archives/edgar/data/31791/000003179125000022/pki-20250728.htm,Blocked,,,data/intelligence.json,2026-08-02T20:06:55+00:00
www.sec.gov/Archives/edgar/data/31791/000003179125000026/revv-20250629.htm,https://www.sec.gov/Archives/edgar/data/31791/000003179125000026/revv-20250629.htm,403,https://www.sec.gov/Archives/edgar/data/31791/000003179125000026/revv-20250629.htm,Blocked,,,data/intelligence.json,2026-08-02T20:06:56+00:00
www.sec.gov/Archives/edgar/data/31791/000003179125000032/pki-20251027.htm,https://www.sec.gov/Archives/edgar/data/31791/000003179125000032/pki-20251027.htm,403,https://www.sec.gov/Archives/edgar/data/31791/000003179125000032/pki-20251027.htm,Blocked,,,data/intelligence.json,2026-08-02T20:06:56+00:00
www.sec.gov/Archives/edgar/data/31791/000003179125000037/revv-20250928.htm,https://www.sec.gov/Archives/edgar/data/31791/000003179125000037/revv-20250928.htm,403,https://www.sec.gov/Archives/edgar/data/31791/000003179125000037/revv-20250928.htm,Blocked,,,data/intelligence.json,2026-08-02T20:06:56+00:00
www.sec.gov/Archives/edgar/data/31791/000003179126000003/pki-20260112.htm,https://www.sec.gov/Archives/edgar/data/31791/000003179126000003/pki-20260112.htm,403,https://www.sec.gov/Archives/edgar/data/31791/000003179126000003/pki-20260112.htm,Blocked,,,data/intelligence.json,2026-08-02T20:06:56+00:00
www.sec.gov/Archives/edgar/data/31791/000003179126000007/pki-20260202.htm,https://www.sec.gov/Archives/edgar/data/31791/000003179126000007/pki-20260202.htm,403,https://www.sec.gov/Archives/edgar/data/31791/000003179126000007/pki-20260202.htm,Blocked,,,data/intelligence.json,2026-08-02T20:06:56+00:00
www.sec.gov/Archives/edgar/data/31791/000003179126000012/revv-20251228.htm,https://www.sec.gov/Archives/edgar/data/31791/000003179126000012/revv-20251228.htm,403,https://www.sec.gov/Archives/edgar/data/31791/000003179126000012/revv-20251228.htm,Blocked,,,data/intelligence.json,2026-08-02T20:06:56+00:00
www.sec.gov/Archives/edgar/data/31791/000003179126000016/pki-20260505.htm,https://www.sec.gov/Archives/edgar/data/31791/000003179126000016/pki-20260505.htm,403,https://www.sec.gov/Archives/edgar/data/31791/000003179126000016/pki-20260505.htm,Blocked,,,data/intelligence.json,2026-08-02T20:06:56+00:00
www.sec.gov/Archives/edgar/data/31791/000003179126000019/revv-20260405.htm,https://www.sec.gov/Archives/edgar/data/31791/000003179126000019/revv-20260405.htm,403,https://www.sec.gov/Archives/edgar/data/31791/000003179126000019/revv-20260405.htm,Blocked,,,data/filing_insights.json; data/intelligence.json,2026-08-02T20:06:56+00:00
www.sec.gov/Archives/edgar/data/31791/000115752323001568/a53701637.htm,https://www.sec.gov/Archives/edgar/data/31791/000115752323001568/a53701637.htm,403,https://www.sec.gov/Archives/edgar/data/31791/000115752323001568/a53701637.htm,Blocked,,,data/intelligence.json,2026-08-02T20:06:56+00:00
www.sec.gov/Archives/edgar/data/31791/000115752324000035/a53878895.htm,https://www.sec.gov/Archives/edgar/data/31791/000115752324000035/a53878895.htm,403,https://www.sec.gov/Archives/edgar/data/31791/000115752324000035/a53878895.htm,Blocked,,,data/intelligence.json,2026-08-02T20:06:56+00:00
www.sec.gov/Archives/edgar/data/31791/000115752324000120/a53887562.htm,https://www.sec.gov/Archives/edgar/data/31791/000115752324000120/a53887562.htm,403,https://www.sec.gov/Archives/edgar/data/31791/000115752324000120/a53887562.htm,Blocked,,,data/intelligence.json,2026-08-02T20:06:56+00:00
www.sec.gov/Archives/edgar/data/31791/000115752324000146/a53889507.htm,https://www.sec.gov/Archives/edgar/data/31791/000115752324000146/a53889507.htm,403,https://www.sec.gov/Archives/edgar/data/31791/000115752324000146/a53889507.htm,Blocked,,,data/intelligence.json,2026-08-02T20:06:56+00:00
www.sec.gov/Archives/edgar/data/31791/000119312524110060/d817018d8k.htm,https://www.sec.gov/Archives/edgar/data/31791/000119312524110060/d817018d8k.htm,403,https://www.sec.gov/Archives/edgar/data/31791/000119312524110060/d817018d8k.htm,Blocked,,,data/intelligence.json,2026-08-02T20:06:57+00:00
www.sec.gov/Archives/edgar/data/31791/000119312525002871/d915642d8k.htm,https://www.sec.gov/Archives/edgar/data/31791/000119312525002871/d915642d8k.htm,403,https://www.sec.gov/Archives/edgar/data/31791/000119312525002871/d915642d8k.htm,Blocked,,,data/intelligence.json,2026-08-02T20:06:57+00:00
www.sec.gov/Archives/edgar/data/31791/000119312525096747/d900630d8k.htm,https://www.sec.gov/Archives/edgar/data/31791/000119312525096747/d900630d8k.htm,403,https://www.sec.gov/Archives/edgar/data/31791/000119312525096747/d900630d8k.htm,Blocked,,,data/intelligence.json,2026-08-02T20:06:57+00:00
www.sec.gov/Archives/edgar/data/31791/000119312525249958/d52648d8k.htm,https://www.sec.gov/Archives/edgar/data/31791/000119312525249958/d52648d8k.htm,403,https://www.sec.gov/Archives/edgar/data/31791/000119312525249958/d52648d8k.htm,Blocked,,,data/intelligence.json,2026-08-02T20:06:57+00:00
www.sec.gov/Archives/edgar/data/31791/000119312526201401/d146870d8k.htm,https://www.sec.gov/Archives/edgar/data/31791/000119312526201401/d146870d8k.htm,403,https://www.sec.gov/Archives/edgar/data/31791/000119312526201401/d146870d8k.htm,Blocked,,,data/intelligence.json,2026-08-02T20:06:57+00:00
www.sec.gov/Archives/edgar/data/31791/000162828024018795/pki-20240429.htm,https://www.sec.gov/Archives/edgar/data/31791/000162828024018795/pki-20240429.htm,403,https://www.sec.gov/Archives/edgar/data/31791/000162828024018795/pki-20240429.htm,Blocked,,,data/intelligence.json,2026-08-02T20:06:57+00:00
www.sec.gov/Archives/edgar/data/97745/000009774523000059/tmo-20230701.htm,https://www.sec.gov/Archives/edgar/data/97745/000009774523000059/tmo-20230701.htm,403,https://www.sec.gov/Archives/edgar/data/97745/000009774523000059/tmo-20230701.htm,Blocked,,,data/intelligence.json,2026-08-02T20:06:57+00:00
www.sec.gov/Archives/edgar/data/97745/000009774523000065/tmo-20231025.htm,https://www.sec.gov/Archives/edgar/data/97745/000009774523000065/tmo-20231025.htm,403,https://www.sec.gov/Archives/edgar/data/97745/000009774523000065/tmo-20231025.htm,Blocked,,,data/intelligence.json,2026-08-02T20:06:57+00:00
www.sec.gov/Archives/edgar/data/97745/000009774523000069/tmo-20230930.htm,https://www.sec.gov/Archives/edgar/data/97745/000009774523000069/tmo-20230930.htm,403,https://www.sec.gov/Archives/edgar/data/97745/000009774523000069/tmo-20230930.htm,Blocked,,,data/intelligence.json,2026-08-02T20:06:57+00:00
www.sec.gov/Archives/edgar/data/97745/000009774523000072/tmo-20231107.htm,https://www.sec.gov/Archives/edgar/data/97745/000009774523000072/tmo-20231107.htm,403,https://www.sec.gov/Archives/edgar/data/97745/000009774523000072/tmo-20231107.htm,Blocked,,,data/intelligence.json,2026-08-02T20:06:57+00:00
www.sec.gov/Archives/edgar/data/97745/000009774524000003/tmo-20240131.htm,https://www.sec.gov/Archives/edgar/data/97745/000009774524000003/tmo-20240131.htm,403,https://www.sec.gov/Archives/edgar/data/97745/000009774524000003/tmo-20240131.htm,Blocked,,,data/intelligence.json,2026-08-02T20:06:57+00:00
www.sec.gov/Archives/edgar/data/97745/000009774524000007/tmo-20231231.htm,https://www.sec.gov/Archives/edgar/data/97745/000009774524000007/tmo-20231231.htm,403,https://www.sec.gov/Archives/edgar/data/97745/000009774524000007/tmo-20231231.htm,Blocked,,,data/intelligence.json,2026-08-02T20:06:57+00:00
www.sec.gov/Archives/edgar/data/97745/000009774524000019/tmo-20240424.htm,https://www.sec.gov/Archives/edgar/data/97745/000009774524000019/tmo-20240424.htm,403,https://www.sec.gov/Archives/edgar/data/97745/000009774524000019/tmo-20240424.htm,Blocked,,,data/intelligence.json,2026-08-02T20:06:58+00:00
www.sec.gov/Archives/edgar/data/97745/000009774524000023/tmo-20240330.htm,https://www.sec.gov/Archives/edgar/data/97745/000009774524000023/tmo-20240330.htm,403,https://www.sec.gov/Archives/edgar/data/97745/000009774524000023/tmo-20240330.htm,Blocked,,,data/intelligence.json,2026-08-02T20:06:58+00:00
www.sec.gov/Archives/edgar/data/97745/000009774524000026/tmo-20240522.htm,https://www.sec.gov/Archives/edgar/data/97745/000009774524000026/tmo-20240522.htm,403,https://www.sec.gov/Archives/edgar/data/97745/000009774524000026/tmo-20240522.htm,Blocked,,,data/intelligence.json,2026-08-02T20:06:58+00:00
www.sec.gov/Archives/edgar/data/97745/000009774524000036/tmo-20240724.htm,https://www.sec.gov/Archives/edgar/data/97745/000009774524000036/tmo-20240724.htm,403,https://www.sec.gov/Archives/edgar/data/97745/000009774524000036/tmo-20240724.htm,Blocked,,,data/intelligence.json,2026-08-02T20:06:58+00:00
www.sec.gov/Archives/edgar/data/97745/000009774524000040/tmo-20240629.htm,https://www.sec.gov/Archives/edgar/data/97745/000009774524000040/tmo-20240629.htm,403,https://www.sec.gov/Archives/edgar/data/97745/000009774524000040/tmo-20240629.htm,Blocked,,,data/intelligence.json,2026-08-02T20:06:58+00:00
www.sec.gov/Archives/edgar/data/97745/000009774524000043/tmo-20241023.htm,https://www.sec.gov/Archives/edgar/data/97745/000009774524000043/tmo-20241023.htm,403,https://www.sec.gov/Archives/edgar/data/97745/000009774524000043/tmo-20241023.htm,Blocked,,,data/intelligence.json,2026-08-02T20:06:58+00:00
www.sec.gov/Archives/edgar/data/97745/000009774524000046/tmo-20240928.htm,https://www.sec.gov/Archives/edgar/data/97745/000009774524000046/tmo-20240928.htm,403,https://www.sec.gov/Archives/edgar/data/97745/000009774524000046/tmo-20240928.htm,Blocked,,,data/intelligence.json,2026-08-02T20:06:58+00:00
www.sec.gov/Archives/edgar/data/97745/000009774525000003/tmo-20250130.htm,https://www.sec.gov/Archives/edgar/data/97745/000009774525000003/tmo-20250130.htm,403,https://www.sec.gov/Archives/edgar/data/97745/000009774525000003/tmo-20250130.htm,Blocked,,,data/intelligence.json,2026-08-02T20:06:58+00:00
www.sec.gov/Archives/edgar/data/97745/000009774525000007/tmo-20250219.htm,https://www.sec.gov/Archives/edgar/data/97745/000009774525000007/tmo-20250219.htm,403,https://www.sec.gov/Archives/edgar/data/97745/000009774525000007/tmo-20250219.htm,Blocked,,,data/intelligence.json,2026-08-02T20:06:58+00:00
www.sec.gov/Archives/edgar/data/97745/000009774525000010/tmo-20241231.htm,https://www.sec.gov/Archives/edgar/data/97745/000009774525000010/tmo-20241231.htm,403,https://www.sec.gov/Archives/edgar/data/97745/000009774525000010/tmo-20241231.htm,Blocked,,,data/intelligence.json,2026-08-02T20:06:58+00:00
www.sec.gov/Archives/edgar/data/97745/000009774525000016/tmo-20250225.htm,https://www.sec.gov/Archives/edgar/data/97745/000009774525000016/tmo-20250225.htm,403,https://www.sec.gov/Archives/edgar/data/97745/000009774525000016/tmo-20250225.htm,Blocked,,,data/intelligence.json,2026-08-02T20:06:59+00:00
www.sec.gov/Archives/edgar/data/97745/000009774525000034/tmo-20250423.htm,https://www.sec.gov/Archives/edgar/data/97745/000009774525000034/tmo-20250423.htm,403,https://www.sec.gov/Archives/edgar/data/97745/000009774525000034/tmo-20250423.htm,Blocked,,,data/intelligence.json,2026-08-02T20:06:59+00:00
www.sec.gov/Archives/edgar/data/97745/000009774525000041/tmo-20250329.htm,https://www.sec.gov/Archives/edgar/data/97745/000009774525000041/tmo-20250329.htm,403,https://www.sec.gov/Archives/edgar/data/97745/000009774525000041/tmo-20250329.htm,Blocked,,,data/intelligence.json,2026-08-02T20:06:59+00:00
www.sec.gov/Archives/edgar/data/97745/000009774525000066/tmo-20250521.htm,https://www.sec.gov/Archives/edgar/data/97745/000009774525000066/tmo-20250521.htm,403,https://www.sec.gov/Archives/edgar/data/97745/000009774525000066/tmo-20250521.htm,Blocked,,,data/intelligence.json,2026-08-02T20:06:59+00:00
www.sec.gov/Archives/edgar/data/97745/000009774525000069/tmo-20250521.htm,https://www.sec.gov/Archives/edgar/data/97745/000009774525000069/tmo-20250521.htm,403,https://www.sec.gov/Archives/edgar/data/97745/000009774525000069/tmo-20250521.htm,Blocked,,,data/intelligence.json,2026-08-02T20:06:59+00:00
www.sec.gov/Archives/edgar/data/97745/000009774525000095/tmo-20250723.htm,https://www.sec.gov/Archives/edgar/data/97745/000009774525000095/tmo-20250723.htm,403,https://www.sec.gov/Archives/edgar/data/97745/000009774525000095/tmo-20250723.htm,Blocked,,,data/intelligence.json,2026-08-02T20:06:59+00:00
www.sec.gov/Archives/edgar/data/97745/000009774525000101/tmo-20250628.htm,https://www.sec.gov/Archives/edgar/data/97745/000009774525000101/tmo-20250628.htm,403,https://www.sec.gov/Archives/edgar/data/97745/000009774525000101/tmo-20250628.htm,Blocked,,,data/intelligence.json,2026-08-02T20:06:59+00:00
www.sec.gov/Archives/edgar/data/97745/000009774525000111/tmo-20250901.htm,https://www.sec.gov/Archives/edgar/data/97745/000009774525000111/tmo-20250901.htm,403,https://www.sec.gov/Archives/edgar/data/97745/000009774525000111/tmo-20250901.htm,Blocked,,,data/intelligence.json,2026-08-02T20:06:59+00:00
www.sec.gov/Archives/edgar/data/97745/000009774525000150/tmo-20251022.htm,https://www.sec.gov/Archives/edgar/data/97745/000009774525000150/tmo-20251022.htm,403,https://www.sec.gov/Archives/edgar/data/97745/000009774525000150/tmo-20251022.htm,Blocked,,,data/intelligence.json,2026-08-02T20:06:59+00:00
www.sec.gov/Archives/edgar/data/97745/000009774525000156/tmo-20251029.htm,https://www.sec.gov/Archives/edgar/data/97745/000009774525000156/tmo-20251029.htm,403,https://www.sec.gov/Archives/edgar/data/97745/000009774525000156/tmo-20251029.htm,Blocked,,,data/intelligence.json,2026-08-02T20:06:59+00:00
www.sec.gov/Archives/edgar/data/97745/000009774525000159/tmo-20250927.htm,https://www.sec.gov/Archives/edgar/data/97745/000009774525000159/tmo-20250927.htm,403,https://www.sec.gov/Archives/edgar/data/97745/000009774525000159/tmo-20250927.htm,Blocked,,,data/intelligence.json,2026-08-02T20:06:59+00:00
www.sec.gov/Archives/edgar/data/97745/000009774526000012/tmo-20260129.htm,https://www.sec.gov/Archives/edgar/data/97745/000009774526000012/tmo-20260129.htm,403,https://www.sec.gov/Archives/edgar/data/97745/000009774526000012/tmo-20260129.htm,Blocked,,,data/intelligence.json,2026-08-02T20:06:59+00:00
www.sec.gov/Archives/edgar/data/97745/000009774526000018/tmo-20251231.htm,https://www.sec.gov/Archives/edgar/data/97745/000009774526000018/tmo-20251231.htm,403,https://www.sec.gov/Archives/edgar/data/97745/000009774526000018/tmo-20251231.htm,Blocked,,,data/intelligence.json,2026-08-02T20:06:59+00:00
www.sec.gov/Archives/edgar/data/97745/000009774526000066/tmo-20260324.htm,https://www.sec.gov/Archives/edgar/data/97745/000009774526000066/tmo-20260324.htm,403,https://www.sec.gov/Archives/edgar/data/97745/000009774526000066/tmo-20260324.htm,Blocked,,,data/intelligence.json,2026-08-02T20:06:59+00:00
www.sec.gov/Archives/edgar/data/97745/000009774526000086/tmo-20260423.htm,https://www.sec.gov/Archives/edgar/data/97745/000009774526000086/tmo-20260423.htm,403,https://www.sec.gov/Archives/edgar/data/97745/000009774526000086/tmo-20260423.htm,Blocked,,,data/intelligence.json,2026-08-02T20:07:00+00:00
www.sec.gov/Archives/edgar/data/97745/000009774526000092/tmo-20260328.htm,https://www.sec.gov/Archives/edgar/data/97745/000009774526000092/tmo-20260328.htm,403,https://www.sec.gov/Archives/edgar/data/97745/000009774526000092/tmo-20260328.htm,Blocked,,,data/filing_insights.json; data/intelligence.json,2026-08-02T20:07:00+00:00
www.sec.gov/Archives/edgar/data/97745/000009774526000117/tmo-20260520.htm,https://www.sec.gov/Archives/edgar/data/97745/000009774526000117/tmo-20260520.htm,403,https://www.sec.gov/Archives/edgar/data/97745/000009774526000117/tmo-20260520.htm,Blocked,,,data/intelligence.json,2026-08-02T20:07:00+00:00
www.sec.gov/Archives/edgar/data/97745/000009774526000138/tmo-20260723.htm,https://www.sec.gov/Archives/edgar/data/97745/000009774526000138/tmo-20260723.htm,403,https://www.sec.gov/Archives/edgar/data/97745/000009774526000138/tmo-20260723.htm,Blocked,,,data/intelligence.json,2026-08-02T20:07:00+00:00
www.sec.gov/Archives/edgar/data/97745/000009774526000144/tmo-20260627.htm,https://www.sec.gov/Archives/edgar/data/97745/000009774526000144/tmo-20260627.htm,403,https://www.sec.gov/Archives/edgar/data/97745/000009774526000144/tmo-20260627.htm,Blocked,,,data/intelligence.json,2026-08-02T20:07:00+00:00
www.sec.gov/Archives/edgar/data/97745/000095015723001058/form8-k.htm,https://www.sec.gov/Archives/edgar/data/97745/000095015723001058/form8-k.htm,403,https://www.sec.gov/Archives/edgar/data/97745/000095015723001058/form8-k.htm,Blocked,,,data/intelligence.json,2026-08-02T20:07:00+00:00
www.sec.gov/Archives/edgar/data/97745/000095015724000978/form8-k.htm,https://www.sec.gov/Archives/edgar/data/97745/000095015724000978/form8-k.htm,403,https://www.sec.gov/Archives/edgar/data/97745/000095015724000978/form8-k.htm,Blocked,,,data/intelligence.json,2026-08-02T20:07:00+00:00
www.sec.gov/Archives/edgar/data/97745/000114036123038455/ny20009949x3_8k.htm,https://www.sec.gov/Archives/edgar/data/97745/000114036123038455/ny20009949x3_8k.htm,403,https://www.sec.gov/Archives/edgar/data/97745/000114036123038455/ny20009949x3_8k.htm,Blocked,,,data/intelligence.json,2026-08-02T20:07:00+00:00
www.sec.gov/Archives/edgar/data/97745/000114036123039086/brhc20057279_8k.htm,https://www.sec.gov/Archives/edgar/data/97745/000114036123039086/brhc20057279_8k.htm,403,https://www.sec.gov/Archives/edgar/data/97745/000114036123039086/brhc20057279_8k.htm,Blocked,,,data/intelligence.json,2026-08-02T20:07:00+00:00
www.sec.gov/Archives/edgar/data/97745/000114036123056365/ny20015413x4_8k.htm,https://www.sec.gov/Archives/edgar/data/97745/000114036123056365/ny20015413x4_8k.htm,403,https://www.sec.gov/Archives/edgar/data/97745/000114036123056365/ny20015413x4_8k.htm,Blocked,,,data/intelligence.json,2026-08-02T20:07:00+00:00
www.sec.gov/Archives/edgar/data/97745/000114036125037501/ef20056709_8k.htm,https://www.sec.gov/Archives/edgar/data/97745/000114036125037501/ef20056709_8k.htm,403,https://www.sec.gov/Archives/edgar/data/97745/000114036125037501/ef20056709_8k.htm,Blocked,,,data/intelligence.json,2026-08-02T20:07:00+00:00
www.sec.gov/Archives/edgar/data/97745/000114036125043790/ef20060146_8k.htm,https://www.sec.gov/Archives/edgar/data/97745/000114036125043790/ef20060146_8k.htm,403,https://www.sec.gov/Archives/edgar/data/97745/000114036125043790/ef20060146_8k.htm,Blocked,,,data/intelligence.json,2026-08-02T20:07:00+00:00
www.sec.gov/Archives/edgar/data/97745/000114036126000871/ef20062683_8k.htm,https://www.sec.gov/Archives/edgar/data/97745/000114036126000871/ef20062683_8k.htm,403,https://www.sec.gov/Archives/edgar/data/97745/000114036126000871/ef20062683_8k.htm,Blocked,,,data/intelligence.json,2026-08-02T20:07:01+00:00
www.sec.gov/Archives/edgar/data/97745/000114036126005014/ef20065513_8k.htm,https://www.sec.gov/Archives/edgar/data/97745/000114036126005014/ef20065513_8k.htm,403,https://www.sec.gov/Archives/edgar/data/97745/000114036126005014/ef20065513_8k.htm,Blocked,,,data/intelligence.json,2026-08-02T20:07:01+00:00
www.sec.gov/edgar/search/,https://www.sec.gov/edgar/search/,403,https://www.sec.gov/edgar/search/,Blocked,,,data/intelligence.json; data/source_catalog.json,2026-08-02T20:07:01+00:00
www.sec.gov/search-filings/edgar-application-programming-interfaces,https://www.sec.gov/search-filings/edgar-application-programming-interfaces,403,https://www.sec.gov/search-filings/edgar-application-programming-interfaces,Blocked,,,data/source_health.json; data/source_registry.json,2026-08-02T20:07:01+00:00
www.selectscience.net/product/acquity-uplc-beh-columns,https://www.selectscience.net/product/acquity-uplc-beh-columns,200,https://www.selectscience.net/product/acquity-uplc-beh-columns,OK,,,data/customer_voice.json,2026-08-02T20:07:01+00:00
www.selectscience.net/product/acquity-uplc-beh-columns,https://www.selectscience.net/product/acquity-uplc-beh-columns?reviewItem=0dc1fce5bd3f37a7,200,https://www.selectscience.net/product/acquity-uplc-beh-columns?reviewItem=0dc1fce5bd3f37a7,OK,,,data/customer_voice.json,2026-08-02T20:07:01+00:00
www.selectscience.net/product/acquity-uplc-beh-columns,https://www.selectscience.net/product/acquity-uplc-beh-columns?reviewItem=107dd2b174d8249c,200,https://www.selectscience.net/product/acquity-uplc-beh-columns?reviewItem=107dd2b174d8249c,OK,,,data/customer_voice.json,2026-08-02T20:07:01+00:00
www.selectscience.net/product/acquity-uplc-beh-columns,https://www.selectscience.net/product/acquity-uplc-beh-columns?reviewItem=49a845ee73be6c8b,200,https://www.selectscience.net/product/acquity-uplc-beh-columns?reviewItem=49a845ee73be6c8b,OK,,,data/customer_voice.json,2026-08-02T20:07:01+00:00
www.selectscience.net/product/acquity-uplc-beh-columns,https://www.selectscience.net/product/acquity-uplc-beh-columns?reviewItem=57e414c04f7c8fa0,200,https://www.selectscience.net/product/acquity-uplc-beh-columns?reviewItem=57e414c04f7c8fa0,OK,,,data/customer_voice.json,2026-08-02T20:07:01+00:00
www.selectscience.net/product/acquity-uplc-beh-columns,https://www.selectscience.net/product/acquity-uplc-beh-columns?reviewItem=5f472e32a69dee4d,200,https://www.selectscience.net/product/acquity-uplc-beh-columns?reviewItem=5f472e32a69dee4d,OK,,,data/customer_voice.json,2026-08-02T20:07:01+00:00
www.selectscience.net/product/acquity-uplc-beh-columns,https://www.selectscience.net/product/acquity-uplc-beh-columns?reviewItem=682f15c592bb6a30,200,https://www.selectscience.net/product/acquity-uplc-beh-columns?reviewItem=682f15c592bb6a30,OK,,,data/customer_voice.json,2026-08-02T20:07:01+00:00
www.selectscience.net/product/acquity-uplc-beh-columns,https://www.selectscience.net/product/acquity-uplc-beh-columns?reviewItem=7775276515f0bd6b,200,https://www.selectscience.net/product/acquity-uplc-beh-columns?reviewItem=7775276515f0bd6b,OK,,,data/customer_voice.json,2026-08-02T20:07:01+00:00
www.selectscience.net/product/acquity-uplc-beh-columns,https://www.selectscience.net/product/acquity-uplc-beh-columns?reviewItem=a5be319de218f915,200,https://www.selectscience.net/product/acquity-uplc-beh-columns?reviewItem=a5be319de218f915,OK,,,data/customer_voice.json,2026-08-02T20:07:01+00:00
www.selectscience.net/product/acquity-uplc-beh-columns,https://www.selectscience.net/product/acquity-uplc-beh-columns?reviewItem=af4779fd1d5ac54d,200,https://www.selectscience.net/product/acquity-uplc-beh-columns?reviewItem=af4779fd1d5ac54d,OK,,,data/customer_voice.json,2026-08-02T20:07:02+00:00
www.selectscience.net/product/acquity-uplc-beh-columns,https://www.selectscience.net/product/acquity-uplc-beh-columns?reviewItem=c9fe78a3a38dd3bd,200,https://www.selectscience.net/product/acquity-uplc-beh-columns?reviewItem=c9fe78a3a38dd3bd,OK,,,data/customer_voice.json,2026-08-02T20:07:02+00:00
www.selectscience.net/product/acquity-uplc-r-beh-c18-and-c8-columns,https://www.selectscience.net/product/acquity-uplc-r-beh-c18-and-c8-columns,200,https://www.selectscience.net/product/acquity-uplc-r-beh-c18-and-c8-columns,OK,,,data/customer_voice.json; data/source_health.json; data/source_registry.json,2026-08-02T20:07:02+00:00
www.selectscience.net/product/acquity-uplc-r-i-class-plus-system,https://www.selectscience.net/product/acquity-uplc-r-i-class-plus-system,200,https://www.selectscience.net/product/acquity-uplc-r-i-class-plus-system,OK,,,data/customer_voice.json,2026-08-02T20:07:02+00:00
www.selectscience.net/product/acquity-uplc-r-i-class-plus-system,https://www.selectscience.net/product/acquity-uplc-r-i-class-plus-system?reviewItem=311d45a4f3d87b1f,200,https://www.selectscience.net/product/acquity-uplc-r-i-class-plus-system?reviewItem=311d45a4f3d87b1f,OK,,,data/customer_voice.json,2026-08-02T20:07:02+00:00
www.selectscience.net/product/acquity-uplc-r-i-class-plus-system,https://www.selectscience.net/product/acquity-uplc-r-i-class-plus-system?reviewItem=3790ce74a9a5e464,200,https://www.selectscience.net/product/acquity-uplc-r-i-class-plus-system?reviewItem=3790ce74a9a5e464,OK,,,data/customer_voice.json,2026-08-02T20:07:03+00:00
www.selectscience.net/product/acquity-uplc-system,https://www.selectscience.net/product/acquity-uplc-system,200,https://www.selectscience.net/product/acquity-uplc-system,OK,,,data/customer_voice.json,2026-08-02T20:07:03+00:00
www.selectscience.net/product/acquity-uplc-system,https://www.selectscience.net/product/acquity-uplc-system?reviewItem=092f02d2c39bb832,200,https://www.selectscience.net/product/acquity-uplc-system?reviewItem=092f02d2c39bb832,OK,,,data/customer_voice.json,2026-08-02T20:07:03+00:00
www.selectscience.net/product/acquity-uplc-system,https://www.selectscience.net/product/acquity-uplc-system?reviewItem=2cc06e7fe15169b5,200,https://www.selectscience.net/product/acquity-uplc-system?reviewItem=2cc06e7fe15169b5,OK,,,data/customer_voice.json,2026-08-02T20:07:03+00:00
www.selectscience.net/product/acquity-uplc-system,https://www.selectscience.net/product/acquity-uplc-system?reviewItem=2edc40de2c9c2caf,200,https://www.selectscience.net/product/acquity-uplc-system?reviewItem=2edc40de2c9c2caf,OK,,,data/customer_voice.json,2026-08-02T20:07:03+00:00
www.selectscience.net/product/acquity-uplc-system,https://www.selectscience.net/product/acquity-uplc-system?reviewItem=6221c8f6f636b7f0,200,https://www.selectscience.net/product/acquity-uplc-system?reviewItem=6221c8f6f636b7f0,OK,,,data/customer_voice.json,2026-08-02T20:07:03+00:00
www.selectscience.net/product/acquity-uplc-system,https://www.selectscience.net/product/acquity-uplc-system?reviewItem=798502d0223c581a,200,https://www.selectscience.net/product/acquity-uplc-system?reviewItem=798502d0223c581a,OK,,,data/customer_voice.json,2026-08-02T20:07:03+00:00
www.selectscience.net/product/acquity-uplc-system,https://www.selectscience.net/product/acquity-uplc-system?reviewItem=7a650fe72acf9413,200,https://www.selectscience.net/product/acquity-uplc-system?reviewItem=7a650fe72acf9413,OK,,,data/customer_voice.json,2026-08-02T20:07:03+00:00
www.selectscience.net/product/acquity-uplc-system,https://www.selectscience.net/product/acquity-uplc-system?reviewItem=7c26c12b4f6f1229,200,https://www.selectscience.net/product/acquity-uplc-system?reviewItem=7c26c12b4f6f1229,OK,,,data/customer_voice.json,2026-08-02T20:07:03+00:00
www.selectscience.net/product/acquity-uplc-system,https://www.selectscience.net/product/acquity-uplc-system?reviewItem=80de55562dc487aa,200,https://www.selectscience.net/product/acquity-uplc-system?reviewItem=80de55562dc487aa,OK,,,data/customer_voice.json,2026-08-02T20:07:03+00:00
www.selectscience.net/product/acquity-uplc-system,https://www.selectscience.net/product/acquity-uplc-system?reviewItem=8b464302dbd5f2dc,200,https://www.selectscience.net/product/acquity-uplc-system?reviewItem=8b464302dbd5f2dc,OK,,,data/customer_voice.json,2026-08-02T20:07:03+00:00
www.selectscience.net/product/acquity-uplc-system,https://www.selectscience.net/product/acquity-uplc-system?reviewItem=9e92cb23643cb02e,200,https://www.selectscience.net/product/acquity-uplc-system?reviewItem=9e92cb23643cb02e,OK,,,data/customer_voice.json,2026-08-02T20:07:03+00:00
www.selectscience.net/product/agilent-1260-infinity-iii-binary-pump/,https://www.selectscience.net/product/agilent-1260-infinity-iii-binary-pump/,200,https://www.selectscience.net/product/agilent-1260-infinity-iii-binary-pump/,OK,,,data/customer_voice.json,2026-08-02T20:07:03+00:00
www.selectscience.net/product/agilent-1260-infinity-iii-binary-pump,https://www.selectscience.net/product/agilent-1260-infinity-iii-binary-pump?reviewItem=193d61a060bcaa01,200,https://www.selectscience.net/product/agilent-1260-infinity-iii-binary-pump?reviewItem=193d61a060bcaa01,OK,,,data/customer_voice.json,2026-08-02T20:07:03+00:00
www.selectscience.net/product/agilent-1290-infinity-ii-lc-system/,https://www.selectscience.net/product/agilent-1290-infinity-ii-lc-system/,200,https://www.selectscience.net/product/agilent-1290-infinity-ii-lc-system/,OK,,,data/customer_voice.json,2026-08-02T20:07:03+00:00
www.selectscience.net/product/agilent-1290-infinity-ii-lc-system,https://www.selectscience.net/product/agilent-1290-infinity-ii-lc-system?reviewItem=239dd59d05feb934,200,https://www.selectscience.net/product/agilent-1290-infinity-ii-lc-system?reviewItem=239dd59d05feb934,OK,,,data/customer_voice.json,2026-08-02T20:07:03+00:00
www.selectscience.net/product/agilent-1290-infinity-ii-lc-system,https://www.selectscience.net/product/agilent-1290-infinity-ii-lc-system?reviewItem=566332f51015522f,200,https://www.selectscience.net/product/agilent-1290-infinity-ii-lc-system?reviewItem=566332f51015522f,OK,,,data/customer_voice.json,2026-08-02T20:07:04+00:00
www.selectscience.net/product/agilent-1290-infinity-ii-lc-system,https://www.selectscience.net/product/agilent-1290-infinity-ii-lc-system?reviewItem=81bf75624c66c500,200,https://www.selectscience.net/product/agilent-1290-infinity-ii-lc-system?reviewItem=81bf75624c66c500,OK,,,data/customer_voice.json,2026-08-02T20:07:04+00:00
www.selectscience.net/product/agilent-1290-infinity-ii-lc-system,https://www.selectscience.net/product/agilent-1290-infinity-ii-lc-system?reviewItem=98dffc09a1644d9b,200,https://www.selectscience.net/product/agilent-1290-infinity-ii-lc-system?reviewItem=98dffc09a1644d9b,OK,,,data/customer_voice.json,2026-08-02T20:07:04+00:00
www.selectscience.net/product/agilent-1290-infinity-ii-lc-system,https://www.selectscience.net/product/agilent-1290-infinity-ii-lc-system?reviewItem=a5bda60eecae55e3,200,https://www.selectscience.net/product/agilent-1290-infinity-ii-lc-system?reviewItem=a5bda60eecae55e3,OK,,,data/customer_voice.json,2026-08-02T20:07:04+00:00
www.selectscience.net/product/agilent-1290-infinity-ii-lc-system,https://www.selectscience.net/product/agilent-1290-infinity-ii-lc-system?reviewItem=adb2baf246f98528,200,https://www.selectscience.net/product/agilent-1290-infinity-ii-lc-system?reviewItem=adb2baf246f98528,OK,,,data/customer_voice.json,2026-08-02T20:07:04+00:00
www.selectscience.net/product/agilent-1290-infinity-ii-lc-system,https://www.selectscience.net/product/agilent-1290-infinity-ii-lc-system?reviewItem=b033272462717711,200,https://www.selectscience.net/product/agilent-1290-infinity-ii-lc-system?reviewItem=b033272462717711,OK,,,data/customer_voice.json,2026-08-02T20:07:04+00:00
www.selectscience.net/product/agilent-1290-infinity-ii-lc-system,https://www.selectscience.net/product/agilent-1290-infinity-ii-lc-system?reviewItem=b55109634f99472b,200,https://www.selectscience.net/product/agilent-1290-infinity-ii-lc-system?reviewItem=b55109634f99472b,OK,,,data/customer_voice.json,2026-08-02T20:07:04+00:00
www.selectscience.net/product/agilent-1290-infinity-ii-lc-system,https://www.selectscience.net/product/agilent-1290-infinity-ii-lc-system?reviewItem=c6b950b76c02e348,200,https://www.selectscience.net/product/agilent-1290-infinity-ii-lc-system?reviewItem=c6b950b76c02e348,OK,,,data/customer_voice.json,2026-08-02T20:07:04+00:00
www.selectscience.net/product/agilent-1290-infinity-ii-lc-system,https://www.selectscience.net/product/agilent-1290-infinity-ii-lc-system?reviewItem=dafea9f68162ad00,200,https://www.selectscience.net/product/agilent-1290-infinity-ii-lc-system?reviewItem=dafea9f68162ad00,OK,,,data/customer_voice.json,2026-08-02T20:07:04+00:00
www.selectscience.net/product/agilent-1290-infinity-iii-lc-system,https://www.selectscience.net/product/agilent-1290-infinity-iii-lc-system,200,https://www.selectscience.net/product/agilent-1290-infinity-iii-lc-system,OK,,,data/customer_voice.json,2026-08-02T20:07:04+00:00
www.selectscience.net/product/agilent-1290-infinity-iii-lc-system,https://www.selectscience.net/product/agilent-1290-infinity-iii-lc-system?reviewItem=42c5a95da8e3d91d,200,https://www.selectscience.net/product/agilent-1290-infinity-iii-lc-system?reviewItem=42c5a95da8e3d91d,OK,,,data/customer_voice.json,2026-08-02T20:07:04+00:00
www.selectscience.net/product/arc-hplc-system,https://www.selectscience.net/product/arc-hplc-system,200,https://www.selectscience.net/product/arc-hplc-system,OK,,,data/customer_voice.json,2026-08-02T20:07:04+00:00
www.selectscience.net/product/arc-hplc-system,https://www.selectscience.net/product/arc-hplc-system?reviewItem=0568db63471e745f,200,https://www.selectscience.net/product/arc-hplc-system?reviewItem=0568db63471e745f,OK,,,data/customer_voice.json,2026-08-02T20:07:04+00:00
www.selectscience.net/product/arc-hplc-system,https://www.selectscience.net/product/arc-hplc-system?reviewItem=0e5b2545d7d11f15,200,https://www.selectscience.net/product/arc-hplc-system?reviewItem=0e5b2545d7d11f15,OK,,,data/customer_voice.json,2026-08-02T20:07:04+00:00
www.selectscience.net/product/arc-hplc-system,https://www.selectscience.net/product/arc-hplc-system?reviewItem=159e7b5e6219fa06,200,https://www.selectscience.net/product/arc-hplc-system?reviewItem=159e7b5e6219fa06,OK,,,data/customer_voice.json,2026-08-02T20:07:04+00:00
www.selectscience.net/product/arc-hplc-system,https://www.selectscience.net/product/arc-hplc-system?reviewItem=2ce3f8c184d2244f,200,https://www.selectscience.net/product/arc-hplc-system?reviewItem=2ce3f8c184d2244f,OK,,,data/customer_voice.json,2026-08-02T20:07:04+00:00
www.selectscience.net/product/arc-hplc-system,https://www.selectscience.net/product/arc-hplc-system?reviewItem=4c73326f68110cdf,200,https://www.selectscience.net/product/arc-hplc-system?reviewItem=4c73326f68110cdf,OK,,,data/customer_voice.json,2026-08-02T20:07:04+00:00
www.selectscience.net/product/arc-hplc-system,https://www.selectscience.net/product/arc-hplc-system?reviewItem=6711faeb55e9d989,200,https://www.selectscience.net/product/arc-hplc-system?reviewItem=6711faeb55e9d989,OK,,,data/customer_voice.json,2026-08-02T20:07:04+00:00
www.selectscience.net/product/arc-hplc-system,https://www.selectscience.net/product/arc-hplc-system?reviewItem=7438bc9e9e4a06a0,200,https://www.selectscience.net/product/arc-hplc-system?reviewItem=7438bc9e9e4a06a0,OK,,,data/customer_voice.json,2026-08-02T20:07:04+00:00
www.selectscience.net/product/arc-hplc-system,https://www.selectscience.net/product/arc-hplc-system?reviewItem=823dc30b19dcb94c,200,https://www.selectscience.net/product/arc-hplc-system?reviewItem=823dc30b19dcb94c,OK,,,data/customer_voice.json,2026-08-02T20:07:05+00:00
www.selectscience.net/product/arc-hplc-system,https://www.selectscience.net/product/arc-hplc-system?reviewItem=c6866ce0f446fc50,200,https://www.selectscience.net/product/arc-hplc-system?reviewItem=c6866ce0f446fc50,OK,,,data/customer_voice.json,2026-08-02T20:07:05+00:00
www.selectscience.net/product/arc-hplc-system,https://www.selectscience.net/product/arc-hplc-system?reviewItem=dd59084477b562c5,200,https://www.selectscience.net/product/arc-hplc-system?reviewItem=dd59084477b562c5,OK,,,data/customer_voice.json,2026-08-02T20:07:05+00:00
www.selectscience.net/product/high-performance-liquid-chromatography,https://www.selectscience.net/product/high-performance-liquid-chromatography,200,https://www.selectscience.net/product/high-performance-liquid-chromatography,OK,,,data/customer_voice.json,2026-08-02T20:07:05+00:00
www.selectscience.net/product/high-performance-liquid-chromatography,https://www.selectscience.net/product/high-performance-liquid-chromatography?reviewItem=9c5de04de3c01894,200,https://www.selectscience.net/product/high-performance-liquid-chromatography?reviewItem=9c5de04de3c01894,OK,,,data/customer_voice.json,2026-08-02T20:07:05+00:00
www.selectscience.net/product/high-performance-liquid-chromatography,https://www.selectscience.net/product/high-performance-liquid-chromatography?reviewItem=cf26ccf9c378b8b3,200,https://www.selectscience.net/product/high-performance-liquid-chromatography?reviewItem=cf26ccf9c378b8b3,OK,,,data/customer_voice.json,2026-08-02T20:07:05+00:00
www.selectscience.net/product/high-performance-liquid-chromatography,https://www.selectscience.net/product/high-performance-liquid-chromatography?reviewItem=f524877e9e3ef844,200,https://www.selectscience.net/product/high-performance-liquid-chromatography?reviewItem=f524877e9e3ef844,OK,,,data/customer_voice.json,2026-08-02T20:07:05+00:00
www.selectscience.net/product/i-series-integrated-u-hplc-systems,https://www.selectscience.net/product/i-series-integrated-u-hplc-systems,200,https://www.selectscience.net/product/i-series-integrated-u-hplc-systems,OK,,,data/customer_voice.json,2026-08-02T20:07:05+00:00
www.selectscience.net/product/i-series-integrated-u-hplc-systems,https://www.selectscience.net/product/i-series-integrated-u-hplc-systems?reviewItem=27602c7bf21a7900,200,https://www.selectscience.net/product/i-series-integrated-u-hplc-systems?reviewItem=27602c7bf21a7900,OK,,,data/customer_voice.json,2026-08-02T20:07:05+00:00
www.selectscience.net/product/i-series-integrated-u-hplc-systems,https://www.selectscience.net/product/i-series-integrated-u-hplc-systems?reviewItem=2cc644405b0fc909,200,https://www.selectscience.net/product/i-series-integrated-u-hplc-systems?reviewItem=2cc644405b0fc909,OK,,,data/customer_voice.json,2026-08-02T20:07:05+00:00
www.selectscience.net/product/i-series-integrated-u-hplc-systems,https://www.selectscience.net/product/i-series-integrated-u-hplc-systems?reviewItem=3f0e6414642aa906,200,https://www.selectscience.net/product/i-series-integrated-u-hplc-systems?reviewItem=3f0e6414642aa906,OK,,,data/customer_voice.json,2026-08-02T20:07:05+00:00
www.selectscience.net/product/i-series-integrated-u-hplc-systems,https://www.selectscience.net/product/i-series-integrated-u-hplc-systems?reviewItem=4a758f8fedac9057,200,https://www.selectscience.net/product/i-series-integrated-u-hplc-systems?reviewItem=4a758f8fedac9057,OK,,,data/customer_voice.json,2026-08-02T20:07:05+00:00
www.selectscience.net/product/i-series-integrated-u-hplc-systems,https://www.selectscience.net/product/i-series-integrated-u-hplc-systems?reviewItem=598b6687c01fa6c2,200,https://www.selectscience.net/product/i-series-integrated-u-hplc-systems?reviewItem=598b6687c01fa6c2,OK,,,data/customer_voice.json,2026-08-02T20:07:05+00:00
www.selectscience.net/product/i-series-integrated-u-hplc-systems,https://www.selectscience.net/product/i-series-integrated-u-hplc-systems?reviewItem=75889baa795ad86e,200,https://www.selectscience.net/product/i-series-integrated-u-hplc-systems?reviewItem=75889baa795ad86e,OK,,,data/customer_voice.json,2026-08-02T20:07:05+00:00
www.selectscience.net/product/i-series-integrated-u-hplc-systems,https://www.selectscience.net/product/i-series-integrated-u-hplc-systems?reviewItem=a7e66164e9c68aab,200,https://www.selectscience.net/product/i-series-integrated-u-hplc-systems?reviewItem=a7e66164e9c68aab,OK,,,data/customer_voice.json,2026-08-02T20:07:05+00:00
www.selectscience.net/product/i-series-integrated-u-hplc-systems,https://www.selectscience.net/product/i-series-integrated-u-hplc-systems?reviewItem=c382c6a957df4b26,200,https://www.selectscience.net/product/i-series-integrated-u-hplc-systems?reviewItem=c382c6a957df4b26,OK,,,data/customer_voice.json,2026-08-02T20:07:05+00:00
www.selectscience.net/product/i-series-integrated-u-hplc-systems,https://www.selectscience.net/product/i-series-integrated-u-hplc-systems?reviewItem=e0620a2efeecf624,200,https://www.selectscience.net/product/i-series-integrated-u-hplc-systems?reviewItem=e0620a2efeecf624,OK,,,data/customer_voice.json,2026-08-02T20:07:05+00:00
www.selectscience.net/product/i-series-integrated-u-hplc-systems,https://www.selectscience.net/product/i-series-integrated-u-hplc-systems?reviewItem=f1879f6d392554c7,200,https://www.selectscience.net/product/i-series-integrated-u-hplc-systems?reviewItem=f1879f6d392554c7,OK,,,data/customer_voice.json,2026-08-02T20:07:05+00:00
www.selectscience.net/product/lc-300-tm-hplc-and-uhplc-system/,https://www.selectscience.net/product/lc-300-tm-hplc-and-uhplc-system/,200,https://www.selectscience.net/product/lc-300-tm-hplc-and-uhplc-system/,OK,,,data/customer_voice.json,2026-08-02T20:07:05+00:00
www.selectscience.net/product/lc-300-tm-hplc-and-uhplc-system,https://www.selectscience.net/product/lc-300-tm-hplc-and-uhplc-system?reviewItem=7af31a11eb15b674,200,https://www.selectscience.net/product/lc-300-tm-hplc-and-uhplc-system?reviewItem=7af31a11eb15b674,OK,,,data/customer_voice.json,2026-08-02T20:07:05+00:00
www.selectscience.net/product/lc-300-tm-hplc-and-uhplc-system,https://www.selectscience.net/product/lc-300-tm-hplc-and-uhplc-system?reviewItem=896608f46269ee1f,200,https://www.selectscience.net/product/lc-300-tm-hplc-and-uhplc-system?reviewItem=896608f46269ee1f,OK,,,data/customer_voice.json,2026-08-02T20:07:06+00:00
www.selectscience.net/product/lc-300-tm-hplc-and-uhplc-system,https://www.selectscience.net/product/lc-300-tm-hplc-and-uhplc-system?reviewItem=9e7090adb9f4ebb7,200,https://www.selectscience.net/product/lc-300-tm-hplc-and-uhplc-system?reviewItem=9e7090adb9f4ebb7,OK,,,data/customer_voice.json,2026-08-02T20:07:06+00:00
www.selectscience.net/product/lc-300-tm-hplc-and-uhplc-system,https://www.selectscience.net/product/lc-300-tm-hplc-and-uhplc-system?reviewItem=b1ab07e5649e3684,200,https://www.selectscience.net/product/lc-300-tm-hplc-and-uhplc-system?reviewItem=b1ab07e5649e3684,OK,,,data/customer_voice.json,2026-08-02T20:07:06+00:00
www.selectscience.net/product/lc-300-tm-hplc-and-uhplc-system,https://www.selectscience.net/product/lc-300-tm-hplc-and-uhplc-system?reviewItem=c8299bd22468a4f9,200,https://www.selectscience.net/product/lc-300-tm-hplc-and-uhplc-system?reviewItem=c8299bd22468a4f9,OK,,,data/customer_voice.json,2026-08-02T20:07:06+00:00
www.selectscience.net/product/lc-300-tm-hplc-and-uhplc-system,https://www.selectscience.net/product/lc-300-tm-hplc-and-uhplc-system?reviewItem=f62e0b63f694b571,200,https://www.selectscience.net/product/lc-300-tm-hplc-and-uhplc-system?reviewItem=f62e0b63f694b571,OK,,,data/customer_voice.json,2026-08-02T20:07:06+00:00
www.selectscience.net/product/nexera-40-series-uhplc,https://www.selectscience.net/product/nexera-40-series-uhplc,200,https://www.selectscience.net/product/nexera-40-series-uhplc,OK,,,data/customer_voice.json,2026-08-02T20:07:06+00:00
www.selectscience.net/product/nexera-40-series-uhplc,https://www.selectscience.net/product/nexera-40-series-uhplc?reviewItem=1ecd3f34a563ab40,200,https://www.selectscience.net/product/nexera-40-series-uhplc?reviewItem=1ecd3f34a563ab40,OK,,,data/customer_voice.json,2026-08-02T20:07:06+00:00
www.selectscience.net/product/nexera-40-series-uhplc,https://www.selectscience.net/product/nexera-40-series-uhplc?reviewItem=23f89a37438247d6,200,https://www.selectscience.net/product/nexera-40-series-uhplc?reviewItem=23f89a37438247d6,OK,,,data/customer_voice.json,2026-08-02T20:07:06+00:00
www.selectscience.net/product/nexera-40-series-uhplc,https://www.selectscience.net/product/nexera-40-series-uhplc?reviewItem=4ff32d1701a7f81c,200,https://www.selectscience.net/product/nexera-40-series-uhplc?reviewItem=4ff32d1701a7f81c,OK,,,data/customer_voice.json,2026-08-02T20:07:06+00:00
www.selectscience.net/product/nexera-40-series-uhplc,https://www.selectscience.net/product/nexera-40-series-uhplc?reviewItem=59ab8c0ab73f0692,200,https://www.selectscience.net/product/nexera-40-series-uhplc?reviewItem=59ab8c0ab73f0692,OK,,,data/customer_voice.json,2026-08-02T20:07:06+00:00
www.selectscience.net/product/nexera-40-series-uhplc,https://www.selectscience.net/product/nexera-40-series-uhplc?reviewItem=63b6e86e4a9fd5c4,200,https://www.selectscience.net/product/nexera-40-series-uhplc?reviewItem=63b6e86e4a9fd5c4,OK,,,data/customer_voice.json,2026-08-02T20:07:06+00:00
www.selectscience.net/product/nexera-40-series-uhplc,https://www.selectscience.net/product/nexera-40-series-uhplc?reviewItem=7788e1c99b3707a6,200,https://www.selectscience.net/product/nexera-40-series-uhplc?reviewItem=7788e1c99b3707a6,OK,,,data/customer_voice.json,2026-08-02T20:07:06+00:00
www.selectscience.net/product/nexera-40-series-uhplc,https://www.selectscience.net/product/nexera-40-series-uhplc?reviewItem=97867f146bd1ed72,200,https://www.selectscience.net/product/nexera-40-series-uhplc?reviewItem=97867f146bd1ed72,OK,,,data/customer_voice.json,2026-08-02T20:07:06+00:00
www.selectscience.net/product/nexera-40-series-uhplc,https://www.selectscience.net/product/nexera-40-series-uhplc?reviewItem=9dafabbcad96deda,200,https://www.selectscience.net/product/nexera-40-series-uhplc?reviewItem=9dafabbcad96deda,OK,,,data/customer_voice.json,2026-08-02T20:07:06+00:00
www.selectscience.net/product/nexera-40-series-uhplc,https://www.selectscience.net/product/nexera-40-series-uhplc?reviewItem=ac56535f2a546b40,200,https://www.selectscience.net/product/nexera-40-series-uhplc?reviewItem=ac56535f2a546b40,OK,,,data/customer_voice.json,2026-08-02T20:07:06+00:00
www.selectscience.net/product/nexera-40-series-uhplc,https://www.selectscience.net/product/nexera-40-series-uhplc?reviewItem=d1c3f7aadc2fee7e,200,https://www.selectscience.net/product/nexera-40-series-uhplc?reviewItem=d1c3f7aadc2fee7e,OK,,,data/customer_voice.json,2026-08-02T20:07:06+00:00
www.selectscience.net/product/prominence-hplc-system,https://www.selectscience.net/product/prominence-hplc-system,200,https://www.selectscience.net/product/prominence-hplc-system,OK,,,data/customer_voice.json,2026-08-02T20:07:06+00:00
www.selectscience.net/product/prominence-hplc-system,https://www.selectscience.net/product/prominence-hplc-system?reviewItem=02cb66dd6558ce1e,200,https://www.selectscience.net/product/prominence-hplc-system?reviewItem=02cb66dd6558ce1e,OK,,,data/customer_voice.json,2026-08-02T20:07:06+00:00
www.selectscience.net/product/prominence-hplc-system,https://www.selectscience.net/product/prominence-hplc-system?reviewItem=03e2a874b8bdeeba,200,https://www.selectscience.net/product/prominence-hplc-system?reviewItem=03e2a874b8bdeeba,OK,,,data/customer_voice.json,2026-08-02T20:07:06+00:00
www.selectscience.net/product/prominence-hplc-system,https://www.selectscience.net/product/prominence-hplc-system?reviewItem=2250865037572af4,200,https://www.selectscience.net/product/prominence-hplc-system?reviewItem=2250865037572af4,OK,,,data/customer_voice.json,2026-08-02T20:07:06+00:00
www.selectscience.net/product/prominence-hplc-system,https://www.selectscience.net/product/prominence-hplc-system?reviewItem=4a487c5d1c3a7c6d,200,https://www.selectscience.net/product/prominence-hplc-system?reviewItem=4a487c5d1c3a7c6d,OK,,,data/customer_voice.json,2026-08-02T20:07:06+00:00
www.selectscience.net/product/prominence-hplc-system,https://www.selectscience.net/product/prominence-hplc-system?reviewItem=6d4de10bfd04f126,200,https://www.selectscience.net/product/prominence-hplc-system?reviewItem=6d4de10bfd04f126,OK,,,data/customer_voice.json,2026-08-02T20:07:07+00:00
www.selectscience.net/product/prominence-hplc-system,https://www.selectscience.net/product/prominence-hplc-system?reviewItem=9b309c16ea8ea3db,200,https://www.selectscience.net/product/prominence-hplc-system?reviewItem=9b309c16ea8ea3db,OK,,,data/customer_voice.json,2026-08-02T20:07:07+00:00
www.selectscience.net/product/prominence-hplc-system,https://www.selectscience.net/product/prominence-hplc-system?reviewItem=af7e7e99964c85a2,200,https://www.selectscience.net/product/prominence-hplc-system?reviewItem=af7e7e99964c85a2,OK,,,data/customer_voice.json,2026-08-02T20:07:07+00:00
www.selectscience.net/product/prominence-hplc-system,https://www.selectscience.net/product/prominence-hplc-system?reviewItem=b1dbfb3392d4cd53,200,https://www.selectscience.net/product/prominence-hplc-system?reviewItem=b1dbfb3392d4cd53,OK,,,data/customer_voice.json,2026-08-02T20:07:07+00:00
www.selectscience.net/product/prominence-hplc-system,https://www.selectscience.net/product/prominence-hplc-system?reviewItem=daceae579093b6c6,200,https://www.selectscience.net/product/prominence-hplc-system?reviewItem=daceae579093b6c6,OK,,,data/customer_voice.json,2026-08-02T20:07:07+00:00
www.selectscience.net/product/prominence-hplc-system,https://www.selectscience.net/product/prominence-hplc-system?reviewItem=e91ddb42623372a6,200,https://www.selectscience.net/product/prominence-hplc-system?reviewItem=e91ddb42623372a6,OK,,,data/customer_voice.json,2026-08-02T20:07:07+00:00
www.selectscience.net/product/thermo-scientific-tm-vanquish-tm-flex-quaternary-uhplc-system,https://www.selectscience.net/product/thermo-scientific-tm-vanquish-tm-flex-quaternary-uhplc-system,200,https://www.selectscience.net/product/thermo-scientific-tm-vanquish-tm-flex-quaternary-uhplc-system,OK,,,data/customer_voice.json,2026-08-02T20:07:07+00:00
www.selectscience.net/product/thermo-scientific-tm-vanquish-tm-flex-quaternary-uhplc-system,https://www.selectscience.net/product/thermo-scientific-tm-vanquish-tm-flex-quaternary-uhplc-system?reviewItem=054a29ba26fd3e1a,200,https://www.selectscience.net/product/thermo-scientific-tm-vanquish-tm-flex-quaternary-uhplc-system?reviewItem=054a29ba26fd3e1a,OK,,,data/customer_voice.json,2026-08-02T20:07:07+00:00
www.selectscience.net/product/thermo-scientific-tm-vanquish-tm-flex-quaternary-uhplc-system,https://www.selectscience.net/product/thermo-scientific-tm-vanquish-tm-flex-quaternary-uhplc-system?reviewItem=0748c03a5da1a2f9,200,https://www.selectscience.net/product/thermo-scientific-tm-vanquish-tm-flex-quaternary-uhplc-system?reviewItem=0748c03a5da1a2f9,OK,,,data/customer_voice.json,2026-08-02T20:07:07+00:00
www.selectscience.net/product/thermo-scientific-tm-vanquish-tm-flex-quaternary-uhplc-system,https://www.selectscience.net/product/thermo-scientific-tm-vanquish-tm-flex-quaternary-uhplc-system?reviewItem=0dfbed6168201997,200,https://www.selectscience.net/product/thermo-scientific-tm-vanquish-tm-flex-quaternary-uhplc-system?reviewItem=0dfbed6168201997,OK,,,data/customer_voice.json,2026-08-02T20:07:07+00:00
www.selectscience.net/product/thermo-scientific-tm-vanquish-tm-flex-quaternary-uhplc-system,https://www.selectscience.net/product/thermo-scientific-tm-vanquish-tm-flex-quaternary-uhplc-system?reviewItem=37840dac493e2c49,200,https://www.selectscience.net/product/thermo-scientific-tm-vanquish-tm-flex-quaternary-uhplc-system?reviewItem=37840dac493e2c49,OK,,,data/customer_voice.json,2026-08-02T20:07:07+00:00
www.selectscience.net/product/thermo-scientific-tm-vanquish-tm-flex-quaternary-uhplc-system,https://www.selectscience.net/product/thermo-scientific-tm-vanquish-tm-flex-quaternary-uhplc-system?reviewItem=42abce790d69a459,200,https://www.selectscience.net/product/thermo-scientific-tm-vanquish-tm-flex-quaternary-uhplc-system?reviewItem=42abce790d69a459,OK,,,data/customer_voice.json,2026-08-02T20:07:07+00:00
www.selectscience.net/product/thermo-scientific-tm-vanquish-tm-flex-quaternary-uhplc-system,https://www.selectscience.net/product/thermo-scientific-tm-vanquish-tm-flex-quaternary-uhplc-system?reviewItem=42c5c3a1766ef489,200,https://www.selectscience.net/product/thermo-scientific-tm-vanquish-tm-flex-quaternary-uhplc-system?reviewItem=42c5c3a1766ef489,OK,,,data/customer_voice.json,2026-08-02T20:07:07+00:00
www.selectscience.net/product/thermo-scientific-tm-vanquish-tm-flex-quaternary-uhplc-system,https://www.selectscience.net/product/thermo-scientific-tm-vanquish-tm-flex-quaternary-uhplc-system?reviewItem=4d822ee5a9663b8b,200,https://www.selectscience.net/product/thermo-scientific-tm-vanquish-tm-flex-quaternary-uhplc-system?reviewItem=4d822ee5a9663b8b,OK,,,data/customer_voice.json,2026-08-02T20:07:07+00:00
www.selectscience.net/product/thermo-scientific-tm-vanquish-tm-flex-quaternary-uhplc-system,https://www.selectscience.net/product/thermo-scientific-tm-vanquish-tm-flex-quaternary-uhplc-system?reviewItem=8535ed9e65733277,200,https://www.selectscience.net/product/thermo-scientific-tm-vanquish-tm-flex-quaternary-uhplc-system?reviewItem=8535ed9e65733277,OK,,,data/customer_voice.json,2026-08-02T20:07:07+00:00
www.selectscience.net/product/thermo-scientific-tm-vanquish-tm-flex-quaternary-uhplc-system,https://www.selectscience.net/product/thermo-scientific-tm-vanquish-tm-flex-quaternary-uhplc-system?reviewItem=b99c3ec45f4ce267,200,https://www.selectscience.net/product/thermo-scientific-tm-vanquish-tm-flex-quaternary-uhplc-system?reviewItem=b99c3ec45f4ce267,OK,,,data/customer_voice.json,2026-08-02T20:07:07+00:00
www.selectscience.net/product/thermo-scientific-tm-vanquish-tm-flex-quaternary-uhplc-system,https://www.selectscience.net/product/thermo-scientific-tm-vanquish-tm-flex-quaternary-uhplc-system?reviewItem=ec99819d527a6450,200,https://www.selectscience.net/product/thermo-scientific-tm-vanquish-tm-flex-quaternary-uhplc-system?reviewItem=ec99819d527a6450,OK,,,data/customer_voice.json,2026-08-02T20:07:07+00:00
www.selectscience.net/product/thermo-scientific-tm-vanquish-tm-horizon-uhplc-system,https://www.selectscience.net/product/thermo-scientific-tm-vanquish-tm-horizon-uhplc-system,200,https://www.selectscience.net/product/thermo-scientific-tm-vanquish-tm-horizon-uhplc-system,OK,,,data/customer_voice.json,2026-08-02T20:07:07+00:00
www.selectscience.net/product/thermo-scientific-tm-vanquish-tm-horizon-uhplc-system,https://www.selectscience.net/product/thermo-scientific-tm-vanquish-tm-horizon-uhplc-system?reviewItem=418a39a329a4cfef,200,https://www.selectscience.net/product/thermo-scientific-tm-vanquish-tm-horizon-uhplc-system?reviewItem=418a39a329a4cfef,OK,,,data/customer_voice.json,2026-08-02T20:07:08+00:00
www.selectscience.net/product/thermo-scientific-tm-vanquish-tm-horizon-uhplc-system,https://www.selectscience.net/product/thermo-scientific-tm-vanquish-tm-horizon-uhplc-system?reviewItem=fdc4360f02238176,200,https://www.selectscience.net/product/thermo-scientific-tm-vanquish-tm-horizon-uhplc-system?reviewItem=fdc4360f02238176,OK,,,data/customer_voice.json,2026-08-02T20:07:08+00:00
www.selectscience.net/product/thermo-scientific-tm-vanquish-tm-neo-uhplc-system/,https://www.selectscience.net/product/thermo-scientific-tm-vanquish-tm-neo-uhplc-system/,200,https://www.selectscience.net/product/thermo-scientific-tm-vanquish-tm-neo-uhplc-system/,OK,,,data/customer_voice.json,2026-08-02T20:07:08+00:00
www.selectscience.net/product/thermo-scientific-tm-vanquish-tm-neo-uhplc-system,https://www.selectscience.net/product/thermo-scientific-tm-vanquish-tm-neo-uhplc-system?reviewItem=01399f44a3ef54ac,200,https://www.selectscience.net/product/thermo-scientific-tm-vanquish-tm-neo-uhplc-system?reviewItem=01399f44a3ef54ac,OK,,,data/customer_voice.json,2026-08-02T20:07:08+00:00
www.selectscience.net/product/thermo-scientific-tm-vanquish-tm-neo-uhplc-system,https://www.selectscience.net/product/thermo-scientific-tm-vanquish-tm-neo-uhplc-system?reviewItem=349c51086249f5b0,200,https://www.selectscience.net/product/thermo-scientific-tm-vanquish-tm-neo-uhplc-system?reviewItem=349c51086249f5b0,OK,,,data/customer_voice.json,2026-08-02T20:07:08+00:00
www.selectscience.net/product/thermo-scientific-tm-vanquish-tm-neo-uhplc-system,https://www.selectscience.net/product/thermo-scientific-tm-vanquish-tm-neo-uhplc-system?reviewItem=4c41c48a5c6a8872,200,https://www.selectscience.net/product/thermo-scientific-tm-vanquish-tm-neo-uhplc-system?reviewItem=4c41c48a5c6a8872,OK,,,data/customer_voice.json,2026-08-02T20:07:08+00:00
www.selectscience.net/product/thermo-scientific-tm-vanquish-tm-neo-uhplc-system,https://www.selectscience.net/product/thermo-scientific-tm-vanquish-tm-neo-uhplc-system?reviewItem=6aeb40fce4e8b2d1,200,https://www.selectscience.net/product/thermo-scientific-tm-vanquish-tm-neo-uhplc-system?reviewItem=6aeb40fce4e8b2d1,OK,,,data/customer_voice.json,2026-08-02T20:07:08+00:00
www.selectscience.net/product/thermo-scientific-tm-vanquish-tm-neo-uhplc-system,https://www.selectscience.net/product/thermo-scientific-tm-vanquish-tm-neo-uhplc-system?reviewItem=736b53b7fc68a6ac,200,https://www.selectscience.net/product/thermo-scientific-tm-vanquish-tm-neo-uhplc-system?reviewItem=736b53b7fc68a6ac,OK,,,data/customer_voice.json,2026-08-02T20:07:08+00:00
www.selectscience.net/product/thermo-scientific-tm-vanquish-tm-neo-uhplc-system,https://www.selectscience.net/product/thermo-scientific-tm-vanquish-tm-neo-uhplc-system?reviewItem=80e2a812db393ad1,200,https://www.selectscience.net/product/thermo-scientific-tm-vanquish-tm-neo-uhplc-system?reviewItem=80e2a812db393ad1,OK,,,data/customer_voice.json,2026-08-02T20:07:08+00:00
www.selectscience.net/product/thermo-scientific-tm-vanquish-tm-neo-uhplc-system,https://www.selectscience.net/product/thermo-scientific-tm-vanquish-tm-neo-uhplc-system?reviewItem=b1515c6884982023,200,https://www.selectscience.net/product/thermo-scientific-tm-vanquish-tm-neo-uhplc-system?reviewItem=b1515c6884982023,OK,,,data/customer_voice.json,2026-08-02T20:07:08+00:00
www.selectscience.net/product/thermo-scientific-tm-vanquish-tm-neo-uhplc-system,https://www.selectscience.net/product/thermo-scientific-tm-vanquish-tm-neo-uhplc-system?reviewItem=b9bd534ca60f5beb,200,https://www.selectscience.net/product/thermo-scientific-tm-vanquish-tm-neo-uhplc-system?reviewItem=b9bd534ca60f5beb,OK,,,data/customer_voice.json,2026-08-02T20:07:08+00:00
www.selectscience.net/product/thermo-scientific-tm-vanquish-tm-neo-uhplc-system,https://www.selectscience.net/product/thermo-scientific-tm-vanquish-tm-neo-uhplc-system?reviewItem=d6f6ddf8ef9fb7b0,200,https://www.selectscience.net/product/thermo-scientific-tm-vanquish-tm-neo-uhplc-system?reviewItem=d6f6ddf8ef9fb7b0,OK,,,data/customer_voice.json,2026-08-02T20:07:08+00:00
www.selectscience.net/product/thermo-scientific-tm-vanquish-tm-neo-uhplc-system,https://www.selectscience.net/product/thermo-scientific-tm-vanquish-tm-neo-uhplc-system?reviewItem=dd5f00c5d17521a6,200,https://www.selectscience.net/product/thermo-scientific-tm-vanquish-tm-neo-uhplc-system?reviewItem=dd5f00c5d17521a6,OK,,,data/customer_voice.json,2026-08-02T20:07:08+00:00
www.selectscience.net/product/waters-alliance-tm-hplc-system,https://www.selectscience.net/product/waters-alliance-tm-hplc-system,200,https://www.selectscience.net/product/waters-alliance-tm-hplc-system,OK,,,data/customer_voice.json,2026-08-02T20:07:08+00:00
www.selectscience.net/product/waters-alliance-tm-hplc-system,https://www.selectscience.net/product/waters-alliance-tm-hplc-system?reviewItem=2cee73bf161b73ee,200,https://www.selectscience.net/product/waters-alliance-tm-hplc-system?reviewItem=2cee73bf161b73ee,OK,,,data/customer_voice.json,2026-08-02T20:07:08+00:00
www.selectscience.net/product/waters-alliance-tm-hplc-system,https://www.selectscience.net/product/waters-alliance-tm-hplc-system?reviewItem=2e1995292650a0b1,200,https://www.selectscience.net/product/waters-alliance-tm-hplc-system?reviewItem=2e1995292650a0b1,OK,,,data/customer_voice.json,2026-08-02T20:07:08+00:00
www.selectscience.net/product/waters-alliance-tm-hplc-system,https://www.selectscience.net/product/waters-alliance-tm-hplc-system?reviewItem=461225f48c15e074,200,https://www.selectscience.net/product/waters-alliance-tm-hplc-system?reviewItem=461225f48c15e074,OK,,,data/customer_voice.json,2026-08-02T20:07:08+00:00
www.selectscience.net/product/waters-alliance-tm-hplc-system,https://www.selectscience.net/product/waters-alliance-tm-hplc-system?reviewItem=5fc7e28d5781bcf5,200,https://www.selectscience.net/product/waters-alliance-tm-hplc-system?reviewItem=5fc7e28d5781bcf5,OK,,,data/customer_voice.json,2026-08-02T20:07:08+00:00
www.selectscience.net/product/waters-alliance-tm-hplc-system,https://www.selectscience.net/product/waters-alliance-tm-hplc-system?reviewItem=63b6de85b057f5c5,200,https://www.selectscience.net/product/waters-alliance-tm-hplc-system?reviewItem=63b6de85b057f5c5,OK,,,data/customer_voice.json,2026-08-02T20:07:08+00:00
www.selectscience.net/product/waters-alliance-tm-hplc-system,https://www.selectscience.net/product/waters-alliance-tm-hplc-system?reviewItem=6ffe2e42ca74773f,200,https://www.selectscience.net/product/waters-alliance-tm-hplc-system?reviewItem=6ffe2e42ca74773f,OK,,,data/customer_voice.json,2026-08-02T20:07:08+00:00
www.selectscience.net/product/waters-alliance-tm-hplc-system,https://www.selectscience.net/product/waters-alliance-tm-hplc-system?reviewItem=a509ff1d33fdfedc,200,https://www.selectscience.net/product/waters-alliance-tm-hplc-system?reviewItem=a509ff1d33fdfedc,OK,,,data/customer_voice.json,2026-08-02T20:07:09+00:00
www.selectscience.net/product/waters-alliance-tm-hplc-system,https://www.selectscience.net/product/waters-alliance-tm-hplc-system?reviewItem=b6d84af28dba35f8,200,https://www.selectscience.net/product/waters-alliance-tm-hplc-system?reviewItem=b6d84af28dba35f8,OK,,,data/customer_voice.json,2026-08-02T20:07:09+00:00
www.selectscience.net/product/waters-alliance-tm-hplc-system,https://www.selectscience.net/product/waters-alliance-tm-hplc-system?reviewItem=c9153a046a0ebd4d,200,https://www.selectscience.net/product/waters-alliance-tm-hplc-system?reviewItem=c9153a046a0ebd4d,OK,,,data/customer_voice.json,2026-08-02T20:07:09+00:00
www.selectscience.net/product/waters-alliance-tm-hplc-system,https://www.selectscience.net/product/waters-alliance-tm-hplc-system?reviewItem=eaf72330eba832e8,200,https://www.selectscience.net/product/waters-alliance-tm-hplc-system?reviewItem=eaf72330eba832e8,OK,,,data/customer_voice.json,2026-08-02T20:07:09+00:00
www.sepscience.com/,https://www.sepscience.com/,200,https://www.sepscience.com/,OK,,,data/journal_sources.json; data/source_catalog.json; data/source_health.json; data/source_registry.json,2026-08-02T20:07:09+00:00
www.sepscience.com/decoding-brain-insulin-resistance-with-glp-1-therapeutics-the-frontier-of-ev-biomarkers-12627,https://www.sepscience.com/decoding-brain-insulin-resistance-with-glp-1-therapeutics-the-frontier-of-ev-biomarkers-12627,200,https://www.sepscience.com/decoding-brain-insulin-resistance-with-glp-1-therapeutics-the-frontier-of-ev-biomarkers-12627,OK,,,data/journal_sources.json,2026-08-02T20:07:09+00:00
www.sepscience.com/sitemap/sitemap-articles-1.xml,https://www.sepscience.com/sitemap/sitemap-articles-1.xml,200,https://www.sepscience.com/sitemap/sitemap-articles-1.xml,OK,,,data/journal_sources.json; data/source_catalog.json,2026-08-02T20:07:09+00:00
www.setac.org/discover-events/global-meetings/setac-north-america-47th-annual-meeting.html,https://www.setac.org/discover-events/global-meetings/setac-north-america-47th-annual-meeting.html,200,https://www.setac.org/discover-events/global-meetings/setac-north-america-47th-annual-meeting.html,OK,,,data/conference_preparation.json,2026-08-02T20:07:09+00:00
www.setac.org/discover-events/global-meetings/setac-north-america-47th-annual-meeting/exhibits-supporters/become-an-exhibitor.html,https://www.setac.org/discover-events/global-meetings/setac-north-america-47th-annual-meeting/exhibits-supporters/become-an-exhibitor.html,200,https://www.setac.org/discover-events/global-meetings/setac-north-america-47th-annual-meeting/exhibits-supporters/become-an-exhibitor.html,OK,,,data/conference_sources.json; data/source_catalog.json,2026-08-02T20:07:09+00:00
www.setac.org/discover-events/global-meetings/setac-north-america-47th-annual-meeting/exhibits-supporters/exhibitor-listing-and-floor-plan.html,https://www.setac.org/discover-events/global-meetings/setac-north-america-47th-annual-meeting/exhibits-supporters/exhibitor-listing-and-floor-plan.html,200,https://www.setac.org/discover-events/global-meetings/setac-north-america-47th-annual-meeting/exhibits-supporters/exhibitor-listing-and-floor-plan.html,OK,,,data/conference_preparation.json; data/conference_sources.json; data/source_catalog.json,2026-08-02T20:07:09+00:00
www.setac.org/discover-events/global-meetings/setac-north-america-47th-annual-meeting/general-info/program-committee.html,https://www.setac.org/discover-events/global-meetings/setac-north-america-47th-annual-meeting/general-info/program-committee.html,200,https://www.setac.org/discover-events/global-meetings/setac-north-america-47th-annual-meeting/general-info/program-committee.html,OK,,,data/conference_sources.json; data/source_catalog.json,2026-08-02T20:07:09+00:00
www.setac.org/discover-events/global-meetings/setac-north-america-47th-annual-meeting/program.html,https://www.setac.org/discover-events/global-meetings/setac-north-america-47th-annual-meeting/program.html,200,https://www.setac.org/discover-events/global-meetings/setac-north-america-47th-annual-meeting/program/daily-schedule.html,OK,,,data/conference_sources.json; data/source_catalog.json,2026-08-02T20:07:09+00:00
www.setac.org/discover-events/global-meetings/setac-north-america-47th-annual-meeting/program/abstract-submission.html,https://www.setac.org/discover-events/global-meetings/setac-north-america-47th-annual-meeting/program/abstract-submission.html,200,https://www.setac.org/discover-events/global-meetings/setac-north-america-47th-annual-meeting/program/abstract-submission.html,OK,,,data/conference_sources.json; data/source_catalog.json,2026-08-02T20:07:09+00:00
www.setac.org/discover-events/global-meetings/setac-north-america-47th-annual-meeting/program/daily-schedule.html,https://www.setac.org/discover-events/global-meetings/setac-north-america-47th-annual-meeting/program/daily-schedule.html,200,https://www.setac.org/discover-events/global-meetings/setac-north-america-47th-annual-meeting/program/daily-schedule.html,OK,,,data/conference_preparation.json; data/conference_sources.json; data/source_catalog.json; data/source_health.json; data/source_registry.json,2026-08-02T20:07:09+00:00
www.setac.org/discover-events/global-meetings/setac-north-america-47th-annual-meeting/program/formats-and-guidelines.html,https://www.setac.org/discover-events/global-meetings/setac-north-america-47th-annual-meeting/program/formats-and-guidelines.html,200,https://www.setac.org/discover-events/global-meetings/setac-north-america-47th-annual-meeting/program/formats-and-guidelines.html,OK,,,data/conference_sources.json; data/source_catalog.json,2026-08-02T20:07:09+00:00
www.setac.org/discover-events/global-meetings/setac-north-america-47th-annual-meeting/program/plenary-speakers.html,https://www.setac.org/discover-events/global-meetings/setac-north-america-47th-annual-meeting/program/plenary-speakers.html,200,https://www.setac.org/discover-events/global-meetings/setac-north-america-47th-annual-meeting/program/plenary-speakers.html,OK,,,data/conference_sources.json; data/source_catalog.json,2026-08-02T20:07:09+00:00
www.setac.org/discover-events/global-meetings/setac-north-america-47th-annual-meeting/program/propose-an-event.html,https://www.setac.org/discover-events/global-meetings/setac-north-america-47th-annual-meeting/program/propose-an-event.html,200,https://www.setac.org/discover-events/global-meetings/setac-north-america-47th-annual-meeting/program/propose-an-event.html,Blocked,HTTP response contains an access-control or bot-challenge page,,data/conference_sources.json; data/source_catalog.json,2026-08-02T20:07:10+00:00
www.setac.org/discover-events/global-meetings/setac-north-america-47th-annual-meeting/program/publish-your-work-with-setac.html,https://www.setac.org/discover-events/global-meetings/setac-north-america-47th-annual-meeting/program/publish-your-work-with-setac.html,200,https://www.setac.org/discover-events/global-meetings/setac-north-america-47th-annual-meeting/program/publish-your-work-with-setac.html,OK,,,data/conference_sources.json; data/source_catalog.json,2026-08-02T20:07:10+00:00
www.setac.org/discover-events/workshops.html,https://www.setac.org/discover-events/workshops.html,200,https://www.setac.org/discover-events/workshops.html,OK,,,data/conference_sources.json; data/source_catalog.json,2026-08-02T20:07:10+00:00
www.shimadzu.co.jp/cl/products/nexera-lc-ms/index.html,https://www.shimadzu.co.jp/cl/products/nexera-lc-ms/index.html,200,https://www.shimadzu.co.jp/cl/products/nexera-lc-ms/index.html,OK,,,data/product_launches.json,2026-08-02T20:07:10+00:00
www.shimadzu.com/an/apl/25705/index.html,https://www.shimadzu.com/an/apl/25705/index.html,200,https://www.shimadzu.com/an/apl/25705/index.html,OK,,,data/intelligence.json,2026-08-02T20:07:10+00:00
www.shimadzu.com/an/products/liquid-chromatograph-mass-spectrometry/automated-lc-msms/index.html,https://www.shimadzu.com/an/products/liquid-chromatograph-mass-spectrometry/automated-lc-msms/index.html,200,https://www.shimadzu.com/an/products/liquid-chromatograph-mass-spectrometry/automated-lc-msms/index.html,OK,,,data/intelligence.json,2026-08-02T20:07:10+00:00
www.shimadzu.com/an/products/liquid-chromatograph-mass-spectrometry/index.html,https://www.shimadzu.com/an/products/liquid-chromatograph-mass-spectrometry/index.html,200,https://www.shimadzu.com/an/products/liquid-chromatograph-mass-spectrometry/index.html,OK,,,data/intelligence.json; data/source_catalog.json,2026-08-02T20:07:10+00:00
www.shimadzu.com/an/products/liquid-chromatograph-mass-spectrometry/lc-ms-consumables/stable-labeled-standards/index.html,https://www.shimadzu.com/an/products/liquid-chromatograph-mass-spectrometry/lc-ms-consumables/stable-labeled-standards/index.html,200,https://www.shimadzu.com/an/products/liquid-chromatograph-mass-spectrometry/lc-ms-consumables/stable-labeled-standards/index.html,OK,,,data/intelligence.json,2026-08-02T20:07:10+00:00
www.shimadzu.com/an/products/liquid-chromatograph-mass-spectrometry/lc-ms-option/clam-2040/index.html,https://www.shimadzu.com/an/products/liquid-chromatograph-mass-spectrometry/lc-ms-option/clam-2040/index.html,200,https://www.shimadzu.com/an/products/liquid-chromatograph-mass-spectrometry/lc-ms-option/clam-2040/index.html,OK,,,data/intelligence.json,2026-08-02T20:07:10+00:00
www.shimadzu.com/an/products/liquid-chromatograph-mass-spectrometry/lc-ms-option/dpims-8060/index.html,https://www.shimadzu.com/an/products/liquid-chromatograph-mass-spectrometry/lc-ms-option/dpims-8060/index.html,200,https://www.shimadzu.com/an/products/liquid-chromatograph-mass-spectrometry/lc-ms-option/dpims-8060/index.html,OK,,,data/intelligence.json,2026-08-02T20:07:10+00:00
www.shimadzu.com/an/products/liquid-chromatograph-mass-spectrometry/lc-ms-option/dpims-qt/index.html,https://www.shimadzu.com/an/products/liquid-chromatograph-mass-spectrometry/lc-ms-option/dpims-qt/index.html,200,https://www.shimadzu.com/an/products/liquid-chromatograph-mass-spectrometry/lc-ms-option/dpims-qt/index.html,OK,,,data/intelligence.json,2026-08-02T20:07:10+00:00
www.shimadzu.com/an/products/liquid-chromatograph-mass-spectrometry/lc-ms-option/index.html,https://www.shimadzu.com/an/products/liquid-chromatograph-mass-spectrometry/lc-ms-option/index.html,200,https://www.shimadzu.com/an/products/liquid-chromatograph-mass-spectrometry/lc-ms-option/index.html,OK,,,data/intelligence.json,2026-08-02T20:07:10+00:00
www.shimadzu.com/an/products/liquid-chromatograph-mass-spectrometry/lc-ms-software/high-resolution-accurate-mass-library-for-forensic-toxicology/index.html,https://www.shimadzu.com/an/products/liquid-chromatograph-mass-spectrometry/lc-ms-software/high-resolution-accurate-mass-library-for-forensic-toxicology/index.html,200,https://www.shimadzu.com/an/products/liquid-chromatograph-mass-spectrometry/lc-ms-software/high-resolution-accurate-mass-library-for-forensic-toxicology/index.html,OK,,,data/intelligence.json,2026-08-02T20:07:10+00:00
www.shimadzu.com/an/products/liquid-chromatograph-mass-spectrometry/lc-ms-software/iflagger/index.html,https://www.shimadzu.com/an/products/liquid-chromatograph-mass-spectrometry/lc-ms-software/iflagger/index.html,200,https://www.shimadzu.com/an/products/liquid-chromatograph-mass-spectrometry/lc-ms-software/iflagger/index.html,OK,,,data/intelligence.json,2026-08-02T20:07:10+00:00
www.shimadzu.com/an/products/liquid-chromatograph-mass-spectrometry/lc-ms-software/index.html,https://www.shimadzu.com/an/products/liquid-chromatograph-mass-spectrometry/lc-ms-software/index.html,200,https://www.shimadzu.com/an/products/liquid-chromatograph-mass-spectrometry/lc-ms-software/index.html,OK,,,data/intelligence.json,2026-08-02T20:07:10+00:00
www.shimadzu.com/an/products/liquid-chromatograph-mass-spectrometry/lc-ms-software/labsolutions-insight-biologics/index.html,https://www.shimadzu.com/an/products/liquid-chromatograph-mass-spectrometry/lc-ms-software/labsolutions-insight-biologics/index.html,200,https://www.shimadzu.com/an/products/liquid-chromatograph-mass-spectrometry/lc-ms-software/labsolutions-insight-biologics/index.html,OK,,,data/intelligence.json,2026-08-02T20:07:10+00:00
www.shimadzu.com/an/products/liquid-chromatograph-mass-spectrometry/lc-ms-software/labsolutions-insight/index.html,https://www.shimadzu.com/an/products/liquid-chromatograph-mass-spectrometry/lc-ms-software/labsolutions-insight/index.html,200,https://www.shimadzu.com/an/products/liquid-chromatograph-mass-spectrometry/lc-ms-software/labsolutions-insight/index.html,OK,,,data/intelligence.json,2026-08-02T20:07:10+00:00
www.shimadzu.com/an/products/liquid-chromatograph-mass-spectrometry/lc-ms-software/lcmsms-method-package-for-lipid-mediators/index.html,https://www.shimadzu.com/an/products/liquid-chromatograph-mass-spectrometry/lc-ms-software/lcmsms-method-package-for-lipid-mediators/index.html,200,https://www.shimadzu.com/an/products/liquid-chromatograph-mass-spectrometry/lc-ms-software/lcmsms-method-package-for-lipid-mediators/index.html,OK,,,data/intelligence.json,2026-08-02T20:07:10+00:00
www.shimadzu.com/an/products/liquid-chromatograph-mass-spectrometry/lc-ms-software/lcmsms-method-package-for-primary-metabolites/index.html,https://www.shimadzu.com/an/products/liquid-chromatograph-mass-spectrometry/lc-ms-software/lcmsms-method-package-for-primary-metabolites/index.html,200,https://www.shimadzu.com/an/products/liquid-chromatograph-mass-spectrometry/lc-ms-software/lcmsms-method-package-for-primary-metabolites/index.html,OK,,,data/intelligence.json,2026-08-02T20:07:11+00:00
www.shimadzu.com/an/products/liquid-chromatograph-mass-spectrometry/lc-ms-software/lcmsms-mrm-library-for-metabolic-enzymes-in-yeast/index.html,https://www.shimadzu.com/an/products/liquid-chromatograph-mass-spectrometry/lc-ms-software/lcmsms-mrm-library-for-metabolic-enzymes-in-yeast/index.html,200,https://www.shimadzu.com/an/products/liquid-chromatograph-mass-spectrometry/lc-ms-software/lcmsms-mrm-library-for-metabolic-enzymes-in-yeast/index.html,OK,,,data/intelligence.json,2026-08-02T20:07:11+00:00
www.shimadzu.com/an/products/liquid-chromatograph-mass-spectrometry/lc-ms-software/lcmsms-mrm-library-for-phospholipid-profiling/index.html,https://www.shimadzu.com/an/products/liquid-chromatograph-mass-spectrometry/lc-ms-software/lcmsms-mrm-library-for-phospholipid-profiling/index.html,200,https://www.shimadzu.com/an/products/liquid-chromatograph-mass-spectrometry/lc-ms-software/lcmsms-mrm-library-for-phospholipid-profiling/index.html,OK,,,data/intelligence.json,2026-08-02T20:07:11+00:00
www.shimadzu.com/an/products/liquid-chromatograph-mass-spectrometry/lc-ms-software/multi-charged-ion-analysis-software/index.html,https://www.shimadzu.com/an/products/liquid-chromatograph-mass-spectrometry/lc-ms-software/multi-charged-ion-analysis-software/index.html,200,https://www.shimadzu.com/an/products/liquid-chromatograph-mass-spectrometry/lc-ms-software/multi-charged-ion-analysis-software/index.html,OK,,,data/intelligence.json,2026-08-02T20:07:11+00:00
www.shimadzu.com/an/products/liquid-chromatograph-mass-spectrometry/lc-ms-software/multi-omics-analysis-package/index.html,https://www.shimadzu.com/an/products/liquid-chromatograph-mass-spectrometry/lc-ms-software/multi-omics-analysis-package/index.html,200,https://www.shimadzu.com/an/products/liquid-chromatograph-mass-spectrometry/lc-ms-software/multi-omics-analysis-package/index.html,OK,,,data/intelligence.json,2026-08-02T20:07:11+00:00
www.shimadzu.com/an/products/liquid-chromatograph-mass-spectrometry/lc-ms-software/peakintelligence/index.html,https://www.shimadzu.com/an/products/liquid-chromatograph-mass-spectrometry/lc-ms-software/peakintelligence/index.html,200,https://www.shimadzu.com/an/products/liquid-chromatograph-mass-spectrometry/lc-ms-software/peakintelligence/index.html,OK,,,data/intelligence.json,2026-08-02T20:07:11+00:00
www.shimadzu.com/an/products/liquid-chromatograph-mass-spectrometry/lc-ms-software/traverse-ms/index.html,https://www.shimadzu.com/an/products/liquid-chromatograph-mass-spectrometry/lc-ms-software/traverse-ms/index.html,200,https://www.shimadzu.com/an/products/liquid-chromatograph-mass-spectrometry/lc-ms-software/traverse-ms/index.html,OK,,,data/intelligence.json,2026-08-02T20:07:11+00:00
www.shimadzu.com/an/products/liquid-chromatograph-mass-spectrometry/lc-ms-system/cell-culture-profiling-method-package-for-the-lcms-2050/index.html,https://www.shimadzu.com/an/products/liquid-chromatograph-mass-spectrometry/lc-ms-system/cell-culture-profiling-method-package-for-the-lcms-2050/index.html,200,https://www.shimadzu.com/an/products/liquid-chromatograph-mass-spectrometry/lc-ms-system/cell-culture-profiling-method-package-for-the-lcms-2050/index.html,OK,,,data/intelligence.json,2026-08-02T20:07:11+00:00
www.shimadzu.com/an/products/liquid-chromatograph-mass-spectrometry/lc-ms-system/erexim-application-suite/index.html,https://www.shimadzu.com/an/products/liquid-chromatograph-mass-spectrometry/lc-ms-system/erexim-application-suite/index.html,200,https://www.shimadzu.com/an/products/liquid-chromatograph-mass-spectrometry/lc-ms-system/erexim-application-suite/index.html,OK,,,data/intelligence.json,2026-08-02T20:07:11+00:00
www.shimadzu.com/an/products/liquid-chromatograph-mass-spectrometry/lc-ms-system/exact-mass-database-for-endogenous-metabolites/index.html,https://www.shimadzu.com/an/products/liquid-chromatograph-mass-spectrometry/lc-ms-system/exact-mass-database-for-endogenous-metabolites/index.html,200,https://www.shimadzu.com/an/products/liquid-chromatograph-mass-spectrometry/lc-ms-system/exact-mass-database-for-endogenous-metabolites/index.html,OK,,,data/intelligence.json,2026-08-02T20:07:11+00:00
www.shimadzu.com/an/products/liquid-chromatograph-mass-spectrometry/lc-ms-system/index.html,https://www.shimadzu.com/an/products/liquid-chromatograph-mass-spectrometry/lc-ms-system/index.html,200,https://www.shimadzu.com/an/products/liquid-chromatograph-mass-spectrometry/lc-ms-system/index.html,OK,,,data/intelligence.json,2026-08-02T20:07:11+00:00
www.shimadzu.com/an/products/liquid-chromatograph-mass-spectrometry/lc-ms-system/lcmsms-forensic-toxicology-database/index.html,https://www.shimadzu.com/an/products/liquid-chromatograph-mass-spectrometry/lc-ms-system/lcmsms-forensic-toxicology-database/index.html,200,https://www.shimadzu.com/an/products/liquid-chromatograph-mass-spectrometry/lc-ms-system/lcmsms-forensic-toxicology-database/index.html,OK,,,data/intelligence.json,2026-08-02T20:07:11+00:00
www.shimadzu.com/an/products/liquid-chromatograph-mass-spectrometry/lc-ms-system/lcmsms-method-package-for-aminoglycoside-antibiotics/index.html,https://www.shimadzu.com/an/products/liquid-chromatograph-mass-spectrometry/lc-ms-system/lcmsms-method-package-for-aminoglycoside-antibiotics/index.html,200,https://www.shimadzu.com/an/products/liquid-chromatograph-mass-spectrometry/lc-ms-system/lcmsms-method-package-for-aminoglycoside-antibiotics/index.html,OK,,,data/intelligence.json,2026-08-02T20:07:11+00:00
www.shimadzu.com/an/products/liquid-chromatograph-mass-spectrometry/lc-ms-system/lcmsms-method-package-for-bile-acids/index.html,https://www.shimadzu.com/an/products/liquid-chromatograph-mass-spectrometry/lc-ms-system/lcmsms-method-package-for-bile-acids/index.html,200,https://www.shimadzu.com/an/products/liquid-chromatograph-mass-spectrometry/lc-ms-system/lcmsms-method-package-for-bile-acids/index.html,OK,,,data/intelligence.json,2026-08-02T20:07:11+00:00
www.shimadzu.com/an/products/liquid-chromatograph-mass-spectrometry/lc-ms-system/lcmsms-method-package-for-cell-culture-profiling/index.html,https://www.shimadzu.com/an/products/liquid-chromatograph-mass-spectrometry/lc-ms-system/lcmsms-method-package-for-cell-culture-profiling/index.html,200,https://www.shimadzu.com/an/products/liquid-chromatograph-mass-spectrometry/lc-ms-system/lcmsms-method-package-for-cell-culture-profiling/index.html,OK,,,data/intelligence.json,2026-08-02T20:07:11+00:00
www.shimadzu.com/an/products/liquid-chromatograph-mass-spectrometry/lc-ms-system/lcmsms-method-package-for-dl-amino-acids/index.html,https://www.shimadzu.com/an/products/liquid-chromatograph-mass-spectrometry/lc-ms-system/lcmsms-method-package-for-dl-amino-acids/index.html,200,https://www.shimadzu.com/an/products/liquid-chromatograph-mass-spectrometry/lc-ms-system/lcmsms-method-package-for-dl-amino-acids/index.html,OK,,,data/intelligence.json,2026-08-02T20:07:11+00:00
www.shimadzu.com/an/products/liquid-chromatograph-mass-spectrometry/lc-ms-system/lcmsms-method-package-for-glycosaminoglycans/index.html,https://www.shimadzu.com/an/products/liquid-chromatograph-mass-spectrometry/lc-ms-system/lcmsms-method-package-for-glycosaminoglycans/index.html,200,https://www.shimadzu.com/an/products/liquid-chromatograph-mass-spectrometry/lc-ms-system/lcmsms-method-package-for-glycosaminoglycans/index.html,OK,,,data/intelligence.json,2026-08-02T20:07:11+00:00
www.shimadzu.com/an/products/liquid-chromatograph-mass-spectrometry/lc-ms-system/lcmsms-method-package-for-modified-nucleosides/index.html,https://www.shimadzu.com/an/products/liquid-chromatograph-mass-spectrometry/lc-ms-system/lcmsms-method-package-for-modified-nucleosides/index.html,200,https://www.shimadzu.com/an/products/liquid-chromatograph-mass-spectrometry/lc-ms-system/lcmsms-method-package-for-modified-nucleosides/index.html,OK,,,data/intelligence.json,2026-08-02T20:07:11+00:00
www.shimadzu.com/an/products/liquid-chromatograph-mass-spectrometry/lc-ms-system/lcmsms-method-package-for-mycotoxins/index.html,https://www.shimadzu.com/an/products/liquid-chromatograph-mass-spectrometry/lc-ms-system/lcmsms-method-package-for-mycotoxins/index.html,200,https://www.shimadzu.com/an/products/liquid-chromatograph-mass-spectrometry/lc-ms-system/lcmsms-method-package-for-mycotoxins/index.html,OK,,,data/intelligence.json,2026-08-02T20:07:11+00:00
www.shimadzu.com/an/products/liquid-chromatograph-mass-spectrometry/lc-ms-system/lcmsms-method-package-for-pfas/index.html,https://www.shimadzu.com/an/products/liquid-chromatograph-mass-spectrometry/lc-ms-system/lcmsms-method-package-for-pfas/index.html,200,https://www.shimadzu.com/an/products/liquid-chromatograph-mass-spectrometry/lc-ms-system/lcmsms-method-package-for-pfas/index.html,OK,,,data/intelligence.json,2026-08-02T20:07:11+00:00
www.shimadzu.com/an/products/liquid-chromatograph-mass-spectrometry/lc-ms-system/lcmsms-method-package-for-reactive-sulfur-profiling/index.html,https://www.shimadzu.com/an/products/liquid-chromatograph-mass-spectrometry/lc-ms-system/lcmsms-method-package-for-reactive-sulfur-profiling/index.html,200,https://www.shimadzu.com/an/products/liquid-chromatograph-mass-spectrometry/lc-ms-system/lcmsms-method-package-for-reactive-sulfur-profiling/index.html,OK,,,data/intelligence.json,2026-08-02T20:07:11+00:00
www.shimadzu.com/an/products/liquid-chromatograph-mass-spectrometry/lc-ms-system/lcmsms-method-package-for-residual-pesticide-ver-3/index.html,https://www.shimadzu.com/an/products/liquid-chromatograph-mass-spectrometry/lc-ms-system/lcmsms-method-package-for-residual-pesticide-ver-3/index.html,200,https://www.shimadzu.com/an/products/liquid-chromatograph-mass-spectrometry/lc-ms-system/lcmsms-method-package-for-residual-pesticide-ver-3/index.html,OK,,,data/intelligence.json,2026-08-02T20:07:11+00:00
www.shimadzu.com/an/products/liquid-chromatograph-mass-spectrometry/lc-ms-system/lcmsms-method-package-for-restricted-chemicals-in-textiles/index.html,https://www.shimadzu.com/an/products/liquid-chromatograph-mass-spectrometry/lc-ms-system/lcmsms-method-package-for-restricted-chemicals-in-textiles/index.html,200,https://www.shimadzu.com/an/products/liquid-chromatograph-mass-spectrometry/lc-ms-system/lcmsms-method-package-for-restricted-chemicals-in-textiles/index.html,OK,,,data/intelligence.json,2026-08-02T20:07:11+00:00
www.shimadzu.com/an/products/liquid-chromatograph-mass-spectrometry/lc-ms-system/lcmsms-method-package-for-short-chain-fatty-acids/index.html,https://www.shimadzu.com/an/products/liquid-chromatograph-mass-spectrometry/lc-ms-system/lcmsms-method-package-for-short-chain-fatty-acids/index.html,200,https://www.shimadzu.com/an/products/liquid-chromatograph-mass-spectrometry/lc-ms-system/lcmsms-method-package-for-short-chain-fatty-acids/index.html,OK,,,data/intelligence.json,2026-08-02T20:07:11+00:00
www.shimadzu.com/an/products/liquid-chromatograph-mass-spectrometry/lc-ms-system/lcmsms-method-package-for-sugars-and-sugar-nucleotides/index.html,https://www.shimadzu.com/an/products/liquid-chromatograph-mass-spectrometry/lc-ms-system/lcmsms-method-package-for-sugars-and-sugar-nucleotides/index.html,200,https://www.shimadzu.com/an/products/liquid-chromatograph-mass-spectrometry/lc-ms-system/lcmsms-method-package-for-sugars-and-sugar-nucleotides/index.html,OK,,,data/intelligence.json,2026-08-02T20:07:11+00:00
www.shimadzu.com/an/products/liquid-chromatograph-mass-spectrometry/lc-ms-system/lcmsms-method-package-for-veterinary-drugs-ver-2/index.html,https://www.shimadzu.com/an/products/liquid-chromatograph-mass-spectrometry/lc-ms-system/lcmsms-method-package-for-veterinary-drugs-ver-2/index.html,200,https://www.shimadzu.com/an/products/liquid-chromatograph-mass-spectrometry/lc-ms-system/lcmsms-method-package-for-veterinary-drugs-ver-2/index.html,OK,,,data/intelligence.json,2026-08-02T20:07:11+00:00
www.shimadzu.com/an/products/liquid-chromatograph-mass-spectrometry/lc-ms-system/lcmsms-method-package-for-water-quality-analysis/index.html,https://www.shimadzu.com/an/products/liquid-chromatograph-mass-spectrometry/lc-ms-system/lcmsms-method-package-for-water-quality-analysis/index.html,200,https://www.shimadzu.com/an/products/liquid-chromatograph-mass-spectrometry/lc-ms-system/lcmsms-method-package-for-water-quality-analysis/index.html,OK,,,data/intelligence.json,2026-08-02T20:07:11+00:00
www.shimadzu.com/an/products/liquid-chromatograph-mass-spectrometry/lc-ms-system/lcmsms-rapid-toxicology-screening-system-ver3/index.html,https://www.shimadzu.com/an/products/liquid-chromatograph-mass-spectrometry/lc-ms-system/lcmsms-rapid-toxicology-screening-system-ver3/index.html,200,https://www.shimadzu.com/an/products/liquid-chromatograph-mass-spectrometry/lc-ms-system/lcmsms-rapid-toxicology-screening-system-ver3/index.html,OK,,,data/intelligence.json,2026-08-02T20:07:11+00:00
www.shimadzu.com/an/products/liquid-chromatograph-mass-spectrometry/lc-ms-system/metabolites-method-package-suite/index.html,https://www.shimadzu.com/an/products/liquid-chromatograph-mass-spectrometry/lc-ms-system/metabolites-method-package-suite/index.html,200,https://www.shimadzu.com/an/products/liquid-chromatograph-mass-spectrometry/lc-ms-system/metabolites-method-package-suite/index.html,OK,,,data/intelligence.json,2026-08-02T20:07:11+00:00
www.shimadzu.com/an/products/liquid-chromatograph-mass-spectrometry/lc-ms-system/method-package-guidebook/index.html,https://www.shimadzu.com/an/products/liquid-chromatograph-mass-spectrometry/lc-ms-system/method-package-guidebook/index.html,200,https://www.shimadzu.com/an/products/liquid-chromatograph-mass-spectrometry/lc-ms-system/method-package-guidebook/index.html,OK,,,data/intelligence.json,2026-08-02T20:07:11+00:00
www.shimadzu.com/an/products/liquid-chromatograph-mass-spectrometry/lc-ms-system/micro-volume-quechers-kit/index.html,https://www.shimadzu.com/an/products/liquid-chromatograph-mass-spectrometry/lc-ms-system/micro-volume-quechers-kit/index.html,200,https://www.shimadzu.com/an/products/liquid-chromatograph-mass-spectrometry/lc-ms-system/micro-volume-quechers-kit/index.html,OK,,,data/intelligence.json,2026-08-02T20:07:11+00:00
www.shimadzu.com/an/products/liquid-chromatograph-mass-spectrometry/lc-ms-system/mrm-library-for-triglycerides/index.html,https://www.shimadzu.com/an/products/liquid-chromatograph-mass-spectrometry/lc-ms-system/mrm-library-for-triglycerides/index.html,200,https://www.shimadzu.com/an/products/liquid-chromatograph-mass-spectrometry/lc-ms-system/mrm-library-for-triglycerides/index.html,OK,,,data/intelligence.json,2026-08-02T20:07:11+00:00
www.shimadzu.com/an/products/liquid-chromatograph-mass-spectrometry/lc-ms-system/nsmol-antibody-ba-kit/index.html,https://www.shimadzu.com/an/products/liquid-chromatograph-mass-spectrometry/lc-ms-system/nsmol-antibody-ba-kit/index.html,200,https://www.shimadzu.com/an/products/liquid-chromatograph-mass-spectrometry/lc-ms-system/nsmol-antibody-ba-kit/index.html,OK,,,data/intelligence.json,2026-08-02T20:07:11+00:00
www.shimadzu.com/an/products/liquid-chromatograph-mass-spectrometry/lc-ms-system/oad-tof/index.html,https://www.shimadzu.com/an/products/liquid-chromatograph-mass-spectrometry/lc-ms-system/oad-tof/index.html,200,https://www.shimadzu.com/an/products/liquid-chromatograph-mass-spectrometry/lc-ms-system/oad-tof/index.html,OK,,,data/intelligence.json,2026-08-02T20:07:11+00:00
www.shimadzu.com/an/products/liquid-chromatograph-mass-spectrometry/lc-ms-system/open-solution-analytical/index.html,https://www.shimadzu.com/an/products/liquid-chromatograph-mass-spectrometry/lc-ms-system/open-solution-analytical/index.html,200,https://www.shimadzu.com/an/products/liquid-chromatograph-mass-spectrometry/lc-ms-system/open-solution-analytical/index.html,OK,,,data/intelligence.json,2026-08-02T20:07:11+00:00
www.shimadzu.com/an/products/liquid-chromatograph-mass-spectrometry/lc-ms-system/rapid-toxicology-screening-ver2/index.html,https://www.shimadzu.com/an/products/liquid-chromatograph-mass-spectrometry/lc-ms-system/rapid-toxicology-screening-ver2/index.html,200,https://www.shimadzu.com/an/products/liquid-chromatograph-mass-spectrometry/lc-ms-system/rapid-toxicology-screening-ver2/index.html,OK,,,data/intelligence.json,2026-08-02T20:07:11+00:00
www.shimadzu.com/an/products/liquid-chromatograph-mass-spectrometry/lc-ms-system/trap-free-2d-lcms-system-for-quadrupole-lcms/index.html,https://www.shimadzu.com/an/products/liquid-chromatograph-mass-spectrometry/lc-ms-system/trap-free-2d-lcms-system-for-quadrupole-lcms/index.html,200,https://www.shimadzu.com/an/products/liquid-chromatograph-mass-spectrometry/lc-ms-system/trap-free-2d-lcms-system-for-quadrupole-lcms/index.html,OK,,,data/intelligence.json,2026-08-02T20:07:12+00:00
www.shimadzu.com/an/products/liquid-chromatograph-mass-spectrometry/quadrupole-time-of-flight-lc-msms/index.html,https://www.shimadzu.com/an/products/liquid-chromatograph-mass-spectrometry/quadrupole-time-of-flight-lc-msms/index.html,200,https://www.shimadzu.com/an/products/liquid-chromatograph-mass-spectrometry/quadrupole-time-of-flight-lc-msms/index.html,OK,,,data/intelligence.json,2026-08-02T20:07:12+00:00
www.shimadzu.com/an/products/liquid-chromatograph-mass-spectrometry/quadrupole-time-of-flight-lc-msms/lcms-9030/index.html,https://www.shimadzu.com/an/products/liquid-chromatograph-mass-spectrometry/quadrupole-time-of-flight-lc-msms/lcms-9030/index.html,200,https://www.shimadzu.com/an/products/liquid-chromatograph-mass-spectrometry/quadrupole-time-of-flight-lc-msms/lcms-9030/index.html,OK,,,data/intelligence.json,2026-08-02T20:07:12+00:00
www.shimadzu.com/an/products/liquid-chromatograph-mass-spectrometry/quadrupole-time-of-flight-lc-msms/lcms-9050/index.html,https://www.shimadzu.com/an/products/liquid-chromatograph-mass-spectrometry/quadrupole-time-of-flight-lc-msms/lcms-9050/index.html,200,https://www.shimadzu.com/an/products/liquid-chromatograph-mass-spectrometry/quadrupole-time-of-flight-lc-msms/lcms-9050/index.html,OK,,,data/intelligence.json,2026-08-02T20:07:12+00:00
www.shimadzu.com/an/products/liquid-chromatograph-mass-spectrometry/single-quadrupole-lc-ms/index.html,https://www.shimadzu.com/an/products/liquid-chromatograph-mass-spectrometry/single-quadrupole-lc-ms/index.html,200,https://www.shimadzu.com/an/products/liquid-chromatograph-mass-spectrometry/single-quadrupole-lc-ms/index.html,OK,,,data/intelligence.json,2026-08-02T20:07:12+00:00
www.shimadzu.com/an/products/liquid-chromatograph-mass-spectrometry/single-quadrupole-lc-ms/lcms-2050/index.html,https://www.shimadzu.com/an/products/liquid-chromatograph-mass-spectrometry/single-quadrupole-lc-ms/lcms-2050/index.html,200,https://www.shimadzu.com/an/products/liquid-chromatograph-mass-spectrometry/single-quadrupole-lc-ms/lcms-2050/index.html,OK,,,data/intelligence.json,2026-08-02T20:07:12+00:00
www.shimadzu.com/an/products/liquid-chromatograph-mass-spectrometry/stories/index.html,https://www.shimadzu.com/an/products/liquid-chromatograph-mass-spectrometry/stories/index.html,200,https://www.shimadzu.com/an/products/liquid-chromatograph-mass-spectrometry/stories/index.html,OK,,,data/intelligence.json,2026-08-02T20:07:12+00:00
www.shimadzu.com/an/products/liquid-chromatograph-mass-spectrometry/triple-quadrupole-lc-msms/comparison/index.html,https://www.shimadzu.com/an/products/liquid-chromatograph-mass-spectrometry/triple-quadrupole-lc-msms/comparison/index.html,200,https://www.shimadzu.com/an/products/liquid-chromatograph-mass-spectrometry/triple-quadrupole-lc-msms/comparison/index.html,OK,,,data/intelligence.json,2026-08-02T20:07:12+00:00
www.shimadzu.com/an/products/liquid-chromatograph-mass-spectrometry/triple-quadrupole-lc-msms/index.html,https://www.shimadzu.com/an/products/liquid-chromatograph-mass-spectrometry/triple-quadrupole-lc-msms/index.html,200,https://www.shimadzu.com/an/products/liquid-chromatograph-mass-spectrometry/triple-quadrupole-lc-msms/index.html,OK,,,data/intelligence.json,2026-08-02T20:07:12+00:00
www.shimadzu.com/an/products/liquid-chromatograph-mass-spectrometry/triple-quadrupole-lc-msms/lcms-8065xe/index.html,https://www.shimadzu.com/an/products/liquid-chromatograph-mass-spectrometry/triple-quadrupole-lc-msms/lcms-8065xe/index.html,200,https://www.shimadzu.com/an/products/liquid-chromatograph-mass-spectrometry/triple-quadrupole-lc-msms/lcms-8065xe/index.html,OK,,,data/intelligence.json; data/product_launches.json,2026-08-02T20:07:12+00:00
www.shimadzu.com/an/products/liquid-chromatograph-mass-spectrometry/triple-quadrupole-lc-msms/lcms-tq-rx-series/index.html,https://www.shimadzu.com/an/products/liquid-chromatograph-mass-spectrometry/triple-quadrupole-lc-msms/lcms-tq-rx-series/index.html,200,https://www.shimadzu.com/an/products/liquid-chromatograph-mass-spectrometry/triple-quadrupole-lc-msms/lcms-tq-rx-series/index.html,OK,,,data/intelligence.json,2026-08-02T20:07:12+00:00
www.shimadzu.com/an/products/liquid-chromatograph-mass-spectrometry/triple-quadrupole-lc-msms/nexera-mikros/index.html,https://www.shimadzu.com/an/products/liquid-chromatograph-mass-spectrometry/triple-quadrupole-lc-msms/nexera-mikros/index.html,200,https://www.shimadzu.com/an/products/liquid-chromatograph-mass-spectrometry/triple-quadrupole-lc-msms/nexera-mikros/index.html,OK,,,data/intelligence.json,2026-08-02T20:07:12+00:00
www.shimadzu.com/an/products/liquid-chromatography/hplc-components-accessories/plate-loader/index.html,https://www.shimadzu.com/an/products/liquid-chromatography/hplc-components-accessories/plate-loader/index.html,200,https://www.shimadzu.com/an/products/liquid-chromatography/hplc-components-accessories/plate-loader/index.html,OK,,,data/product_launches.json,2026-08-02T20:07:12+00:00
www.shimadzu.com/an/products/liquid-chromatography/hplc-consumables/velox/shim-pack-velox-c18/index.html,https://www.shimadzu.com/an/products/liquid-chromatography/hplc-consumables/velox/shim-pack-velox-c18/index.html,200,https://www.shimadzu.com/an/products/liquid-chromatography/hplc-consumables/velox/shim-pack-velox-c18/index.html,OK,,,data/technical_comparisons.json,2026-08-02T20:07:12+00:00
www.shimadzu.com/an/products/liquid-chromatography/hplc-consumables/velox/shim-pack-velox-lc-columns/features.html,https://www.shimadzu.com/an/products/liquid-chromatography/hplc-consumables/velox/shim-pack-velox-lc-columns/features.html,200,https://www.shimadzu.com/an/products/liquid-chromatography/hplc-consumables/velox/shim-pack-velox-lc-columns/features.html,OK,,,data/technical_comparisons.json,2026-08-02T20:07:12+00:00
www.shimadzu.com/an/products/liquid-chromatography/hplc-system/nexera-fv/index.html,https://www.shimadzu.com/an/products/liquid-chromatography/hplc-system/nexera-fv/index.html,200,https://www.shimadzu.com/an/products/liquid-chromatography/hplc-system/nexera-fv/index.html,OK,,,data/historical_product_catalog.json,2026-08-02T20:07:12+00:00
www.shimadzu.com/an/products/liquid-chromatography/hplc-system/nexera-prep/index.html,https://www.shimadzu.com/an/products/liquid-chromatography/hplc-system/nexera-prep/index.html,200,https://www.shimadzu.com/an/products/liquid-chromatography/hplc-system/nexera-prep/index.html,OK,,,data/historical_product_catalog.json,2026-08-02T20:07:12+00:00
www.shimadzu.com/an/products/liquid-chromatography/hplcuhplc/i-series/index.html,https://www.shimadzu.com/an/products/liquid-chromatography/hplcuhplc/i-series/index.html,200,https://www.shimadzu.com/an/products/liquid-chromatography/hplcuhplc/i-series/index.html,OK,,,data/intelligence.json; data/product_launches.json,2026-08-02T20:07:12+00:00
www.shimadzu.com/an/products/liquid-chromatography/hplcuhplc/index.html,https://www.shimadzu.com/an/products/liquid-chromatography/hplcuhplc/index.html,200,https://www.shimadzu.com/an/products/liquid-chromatography/hplcuhplc/index.html,OK,,,data/intelligence.json,2026-08-02T20:07:12+00:00
www.shimadzu.com/an/products/liquid-chromatography/hplcuhplc/lc-2030c-nt/index.html,https://www.shimadzu.com/an/products/liquid-chromatography/hplcuhplc/lc-2030c-nt/index.html,200,https://www.shimadzu.com/an/products/liquid-chromatography/hplcuhplc/lc-2030c-nt/index.html,OK,,,data/intelligence.json,2026-08-02T20:07:12+00:00
www.shimadzu.com/an/products/liquid-chromatography/hplcuhplc/nexera-series/index.html,https://www.shimadzu.com/an/products/liquid-chromatography/hplcuhplc/nexera-series/index.html,200,https://www.shimadzu.com/an/products/liquid-chromatography/hplcuhplc/nexera-series/index.html,OK,,,data/intelligence.json,2026-08-02T20:07:12+00:00
www.shimadzu.com/an/products/liquid-chromatography/hplcuhplc/nexera-x4/index.html,https://www.shimadzu.com/an/products/liquid-chromatography/hplcuhplc/nexera-x4/index.html,200,https://www.shimadzu.com/an/products/liquid-chromatography/hplcuhplc/nexera-x4/index.html,OK,,,data/intelligence.json; data/product_launches.json,2026-08-02T20:07:12+00:00
www.shimadzu.com/an/products/liquid-chromatography/ion-chromatograph/index.html,https://www.shimadzu.com/an/products/liquid-chromatography/ion-chromatograph/index.html,200,https://www.shimadzu.com/an/products/liquid-chromatography/ion-chromatograph/index.html,OK,,,data/intelligence.json,2026-08-02T20:07:12+00:00
www.shimadzu.com/an/products/liquid-chromatography/ion-chromatograph/nexera-ic/index.html,https://www.shimadzu.com/an/products/liquid-chromatography/ion-chromatograph/nexera-ic/index.html,200,https://www.shimadzu.com/an/products/liquid-chromatography/ion-chromatograph/nexera-ic/index.html,OK,,,data/intelligence.json; data/product_launches.json,2026-08-02T20:07:12+00:00
www.shimadzu.com/an/products/software-informatics/labsolutions-series/improving-the-data-integrity-of-spectrometers/index.html,https://www.shimadzu.com/an/products/software-informatics/labsolutions-series/improving-the-data-integrity-of-spectrometers/index.html,200,https://www.shimadzu.com/an/products/software-informatics/labsolutions-series/improving-the-data-integrity-of-spectrometers/index.html,OK,,,data/intelligence.json,2026-08-02T20:07:12+00:00
www.shimadzu.com/an/products/software-informatics/labsolutions-series/index.html,https://www.shimadzu.com/an/products/software-informatics/labsolutions-series/index.html,200,https://www.shimadzu.com/an/products/software-informatics/labsolutions-series/index.html,OK,,,data/intelligence.json,2026-08-02T20:07:12+00:00
www.shimadzu.com/an/products/software-informatics/labsolutions-series/labsolutions-cs-powered-by-i-qlinks/index.html,https://www.shimadzu.com/an/products/software-informatics/labsolutions-series/labsolutions-cs-powered-by-i-qlinks/index.html,200,https://www.shimadzu.com/an/products/software-informatics/labsolutions-series/labsolutions-cs-powered-by-i-qlinks/index.html,OK,,,data/intelligence.json,2026-08-02T20:07:13+00:00
www.shimadzu.com/an/products/software-informatics/labsolutions-series/labsolutions-dbcs/index.html,https://www.shimadzu.com/an/products/software-informatics/labsolutions-series/labsolutions-dbcs/index.html,200,https://www.shimadzu.com/an/products/software-informatics/labsolutions-series/labsolutions-dbcs/index.html,OK,,,data/intelligence.json,2026-08-02T20:07:13+00:00
www.shimadzu.com/an/products/software-informatics/labsolutions-series/labsolutions-detect/index.html,https://www.shimadzu.com/an/products/software-informatics/labsolutions-series/labsolutions-detect/index.html,200,https://www.shimadzu.com/an/products/software-informatics/labsolutions-series/labsolutions-detect/index.html,OK,,,data/intelligence.json; data/product_launches.json,2026-08-02T20:07:13+00:00
www.shimadzu.com/an/products/software-informatics/labsolutions-series/labsolutions-detect/index.html,https://www.shimadzu.com/an/products/software-informatics/labsolutions-series/labsolutions-detect/index.html#:~:text=Automating%20anomaly%20detection%20of%20analytical%20data%20with%20software,200,https://www.shimadzu.com/an/products/software-informatics/labsolutions-series/labsolutions-detect/index.html#:~:text=Automating%20anomaly%20detection%20of%20analytical%20data%20with%20software,OK,,,data/product_launches.json,2026-08-02T20:07:13+00:00
www.shimadzu.com/an/products/software-informatics/labsolutions-series/labsolutions-insight-profiler/index.html,https://www.shimadzu.com/an/products/software-informatics/labsolutions-series/labsolutions-insight-profiler/index.html,200,https://www.shimadzu.com/an/products/software-informatics/labsolutions-series/labsolutions-insight-profiler/index.html,OK,,,data/intelligence.json; data/product_launches.json,2026-08-02T20:07:13+00:00
www.shimadzu.com/an/products/software-informatics/labsolutions-series/labsolutions-insight-profiler/index.html,https://www.shimadzu.com/an/products/software-informatics/labsolutions-series/labsolutions-insight-profiler/index.html#:~:text=Making%20non-targeted%20data%20processing%20easier%20and%20faster,200,https://www.shimadzu.com/an/products/software-informatics/labsolutions-series/labsolutions-insight-profiler/index.html#:~:text=Making%20non-targeted%20data%20processing%20easier%20and%20faster,OK,,,data/product_launches.json,2026-08-02T20:07:13+00:00
www.shimadzu.com/an/products/software-informatics/labsolutions-series/labsolutions-lcgc/index.html,https://www.shimadzu.com/an/products/software-informatics/labsolutions-series/labsolutions-lcgc/index.html,200,https://www.shimadzu.com/an/products/software-informatics/labsolutions-series/labsolutions-lcgc/index.html,OK,,,data/intelligence.json,2026-08-02T20:07:13+00:00
www.shimadzu.com/an/products/software-informatics/labsolutions-series/labsolutions-ta/index.html,https://www.shimadzu.com/an/products/software-informatics/labsolutions-series/labsolutions-ta/index.html,200,https://www.shimadzu.com/an/products/software-informatics/labsolutions-series/labsolutions-ta/index.html,OK,,,data/intelligence.json,2026-08-02T20:07:13+00:00
www.shimadzu.com/an/products/software-informatics/labsolutions-series/labsolutionsgcms/index.html,https://www.shimadzu.com/an/products/software-informatics/labsolutions-series/labsolutionsgcms/index.html,200,https://www.shimadzu.com/an/products/software-informatics/labsolutions-series/labsolutionsgcms/index.html,OK,,,data/intelligence.json,2026-08-02T20:07:13+00:00
www.shimadzu.com/an/products/software-informatics/labsolutions-series/system-linkage-option/index.html,https://www.shimadzu.com/an/products/software-informatics/labsolutions-series/system-linkage-option/index.html,200,https://www.shimadzu.com/an/products/software-informatics/labsolutions-series/system-linkage-option/index.html,OK,,,data/intelligence.json,2026-08-02T20:07:13+00:00
www.shimadzu.com/an/sitemap.xml,https://www.shimadzu.com/an/sitemap.xml,200,https://www.shimadzu.com/an/sitemap.xml,OK,,,data/competitor_monitors.json; data/intelligence.json; data/source_health.json; data/source_registry.json,2026-08-02T20:07:13+00:00
www.shimadzu.com/an/sites/shimadzu.com.an/files/pim/pim_document_file/applications/application_note/26293/an_01-01023-en.pdf,https://www.shimadzu.com/an/sites/shimadzu.com.an/files/pim/pim_document_file/applications/application_note/26293/an_01-01023-en.pdf,200,https://www.shimadzu.com/an/sites/shimadzu.com.an/files/pim/pim_document_file/applications/application_note/26293/an_01-01023-en.pdf,OK,,,data/competitor_application_notes.json,2026-08-02T20:07:13+00:00
www.shimadzu.com/an/sites/shimadzu.com.an/files/pim/pim_document_file/applications/application_note/26436/an_02-ssi-lcms-157-en.pdf,https://www.shimadzu.com/an/sites/shimadzu.com.an/files/pim/pim_document_file/applications/application_note/26436/an_02-ssi-lcms-157-en.pdf,200,https://www.shimadzu.com/an/sites/shimadzu.com.an/files/pim/pim_document_file/applications/application_note/26436/an_02-ssi-lcms-157-en.pdf,OK,,,data/competitor_application_notes.json; data/conference_preparation.json,2026-08-02T20:07:13+00:00
www.shimadzu.com/an/sites/shimadzu.com.an/files/pim/pim_document_file/applications/application_note/26462/an_05-sca-210-097-en.pdf,https://www.shimadzu.com/an/sites/shimadzu.com.an/files/pim/pim_document_file/applications/application_note/26462/an_05-sca-210-097-en.pdf,200,https://www.shimadzu.com/an/sites/shimadzu.com.an/files/pim/pim_document_file/applications/application_note/26462/an_05-sca-210-097-en.pdf,OK,,,data/competitor_application_notes.json,2026-08-02T20:07:13+00:00
www.shimadzu.com/an/sites/shimadzu.com.an/files/pim/pim_document_file/brochures/10609/c190-e219.pdf,https://www.shimadzu.com/an/sites/shimadzu.com.an/files/pim/pim_document_file/brochures/10609/c190-e219.pdf,200,https://www.shimadzu.com/an/sites/shimadzu.com.an/files/pim/pim_document_file/brochures/10609/c190-e219.pdf,OK,,,data/technical_comparisons.json,2026-08-02T20:07:13+00:00
www.shimadzu.com/news/,https://www.shimadzu.com/news/,200,https://www.shimadzu.com/news/,OK,,,data/intelligence.json; data/source_catalog.json,2026-08-02T20:07:13+00:00
www.shimadzu.com/news/2022.html,https://www.shimadzu.com/news/2022.html,200,https://www.shimadzu.com/news/2022.html,OK,,,data/historical_product_catalog.json,2026-08-02T20:07:13+00:00
www.shimadzu.com/news/2025/6n31zbu4tkmozoh2.html,https://www.shimadzu.com/news/2025/6n31zbu4tkmozoh2.html,200,https://www.shimadzu.com/news/2025/6n31zbu4tkmozoh2.html,OK,,,data/product_launches.json,2026-08-02T20:07:13+00:00
www.shimadzu.com/news/2025/mpnglqbij34_zscf.html,https://www.shimadzu.com/news/2025/mpnglqbij34_zscf.html,200,https://www.shimadzu.com/news/2025/mpnglqbij34_zscf.html,OK,,,data/product_launches.json,2026-08-02T20:07:14+00:00
www.shimadzu.com/news/2025/n8e9desqymj7oa4x.html,https://www.shimadzu.com/news/2025/n8e9desqymj7oa4x.html,200,https://www.shimadzu.com/news/2025/n8e9desqymj7oa4x.html,OK,,,data/product_launches.json,2026-08-02T20:07:14+00:00
www.shimadzu.com/news/2025/w40jo6pvrivu5s7v.html,https://www.shimadzu.com/news/2025/w40jo6pvrivu5s7v.html,200,https://www.shimadzu.com/news/2025/w40jo6pvrivu5s7v.html,OK,,,data/product_launches.json,2026-08-02T20:07:14+00:00
www.shimadzu.com/news/2026/2vzbn3pq9_pryrrm.html,https://www.shimadzu.com/news/2026/2vzbn3pq9_pryrrm.html,200,https://www.shimadzu.com/news/2026/2vzbn3pq9_pryrrm.html,OK,,,data/competitor_monitors.json; data/intelligence.json,2026-08-02T20:07:14+00:00
www.shimadzu.com/news/2026/3wqzblb912kax0m9.html,https://www.shimadzu.com/news/2026/3wqzblb912kax0m9.html,200,https://www.shimadzu.com/news/2026/3wqzblb912kax0m9.html,OK,,,data/competitor_monitors.json; data/intelligence.json,2026-08-02T20:07:14+00:00
www.shimadzu.com/news/2026/8vla5_ja28yrj6y-.html,https://www.shimadzu.com/news/2026/8vla5_ja28yrj6y-.html,200,https://www.shimadzu.com/news/2026/8vla5_ja28yrj6y-.html,OK,,,data/competitor_monitors.json; data/intelligence.json,2026-08-02T20:07:14+00:00
www.shimadzu.com/news/2026/ao0x3yts-fwk-ev6.html,https://www.shimadzu.com/news/2026/ao0x3yts-fwk-ev6.html,200,https://www.shimadzu.com/news/2026/ao0x3yts-fwk-ev6.html,OK,,,data/competitor_monitors.json; data/intelligence.json,2026-08-02T20:07:14+00:00
www.shimadzu.com/news/2026/es_ffmlcxz0isd6y.html,https://www.shimadzu.com/news/2026/es_ffmlcxz0isd6y.html,200,https://www.shimadzu.com/news/2026/es_ffmlcxz0isd6y.html,OK,,,data/competitor_monitors.json; data/intelligence.json,2026-08-02T20:07:14+00:00
www.shimadzu.com/news/2026/fqazhvc2bwk9trb6.html,https://www.shimadzu.com/news/2026/fqazhvc2bwk9trb6.html,200,https://www.shimadzu.com/news/2026/fqazhvc2bwk9trb6.html,OK,,,data/competitor_monitors.json; data/intelligence.json,2026-08-02T20:07:14+00:00
www.shimadzu.com/news/2026/gcz8mxw0lcb05i76.html,https://www.shimadzu.com/news/2026/gcz8mxw0lcb05i76.html,200,https://www.shimadzu.com/news/2026/gcz8mxw0lcb05i76.html,OK,,,data/competitor_monitors.json; data/intelligence.json,2026-08-02T20:07:14+00:00
www.shimadzu.com/news/2026/h8vx9je-kascz6do.html,https://www.shimadzu.com/news/2026/h8vx9je-kascz6do.html,200,https://www.shimadzu.com/news/2026/h8vx9je-kascz6do.html,OK,,,data/intelligence.json,2026-08-02T20:07:14+00:00
www.shimadzu.com/news/2026/hwvic1k630v3uz8g.html,https://www.shimadzu.com/news/2026/hwvic1k630v3uz8g.html,200,https://www.shimadzu.com/news/2026/hwvic1k630v3uz8g.html,OK,,,data/competitor_monitors.json; data/intelligence.json,2026-08-02T20:07:14+00:00
www.shimadzu.com/news/2026/index.html,https://www.shimadzu.com/news/2026/index.html,200,https://www.shimadzu.com/news/2026/index.html,OK,,,data/competitor_monitors.json; data/intelligence.json; data/source_health.json; data/source_registry.json,2026-08-02T20:07:15+00:00
www.shimadzu.com/news/2026/iy0elwnih0c159yp.html,https://www.shimadzu.com/news/2026/iy0elwnih0c159yp.html,200,https://www.shimadzu.com/news/2026/iy0elwnih0c159yp.html,OK,,,data/competitor_monitors.json; data/intelligence.json,2026-08-02T20:07:15+00:00
www.shimadzu.com/news/2026/j97cvpy4m18o8cm3.html,https://www.shimadzu.com/news/2026/j97cvpy4m18o8cm3.html,200,https://www.shimadzu.com/news/2026/j97cvpy4m18o8cm3.html,OK,,,data/competitor_monitors.json; data/intelligence.json,2026-08-02T20:07:15+00:00
www.shimadzu.com/news/2026/k8iri3_20_z4uvwt.html,https://www.shimadzu.com/news/2026/k8iri3_20_z4uvwt.html,200,https://www.shimadzu.com/news/2026/k8iri3_20_z4uvwt.html,OK,,,data/intelligence.json; data/product_launches.json,2026-08-02T20:07:15+00:00
www.shimadzu.com/news/2026/kl7r0r4uj64q9kpv.html,https://www.shimadzu.com/news/2026/kl7r0r4uj64q9kpv.html,200,https://www.shimadzu.com/news/2026/kl7r0r4uj64q9kpv.html,OK,,,data/intelligence.json,2026-08-02T20:07:15+00:00
www.shimadzu.com/news/2026/mp345hgpek6lm85j.html,https://www.shimadzu.com/news/2026/mp345hgpek6lm85j.html,200,https://www.shimadzu.com/news/2026/mp345hgpek6lm85j.html,OK,,,data/competitor_monitors.json; data/intelligence.json,2026-08-02T20:07:15+00:00
www.shimadzu.com/news/2026/qmv_7cupefrinwt6.html,https://www.shimadzu.com/news/2026/qmv_7cupefrinwt6.html,200,https://www.shimadzu.com/news/2026/qmv_7cupefrinwt6.html,OK,,,data/competitor_monitors.json; data/intelligence.json,2026-08-02T20:07:15+00:00
www.shimadzu.com/news/2026/rqlmu84w5ry4eew_.html,https://www.shimadzu.com/news/2026/rqlmu84w5ry4eew_.html,200,https://www.shimadzu.com/news/2026/rqlmu84w5ry4eew_.html,OK,,,data/competitor_monitors.json; data/intelligence.json,2026-08-02T20:07:15+00:00
www.shimadzu.com/news/2026/t0best6lrz8y0uk9.html,https://www.shimadzu.com/news/2026/t0best6lrz8y0uk9.html,200,https://www.shimadzu.com/news/2026/t0best6lrz8y0uk9.html,OK,,,data/intelligence.json; data/product_launches.json,2026-08-02T20:07:15+00:00
www.shimadzu.com/news/2026/u7zsp_9ptac8y-ri.html,https://www.shimadzu.com/news/2026/u7zsp_9ptac8y-ri.html,200,https://www.shimadzu.com/news/2026/u7zsp_9ptac8y-ri.html,OK,,,data/competitor_monitors.json; data/intelligence.json,2026-08-02T20:07:15+00:00
www.shimadzu.com/news/2026/us_ij0twdr--z1bk.html,https://www.shimadzu.com/news/2026/us_ij0twdr--z1bk.html,200,https://www.shimadzu.com/news/2026/us_ij0twdr--z1bk.html,OK,,,data/competitor_monitors.json; data/intelligence.json,2026-08-02T20:07:15+00:00
www.shimadzu.com/news/2026/vz_a4k39l-19nqcp.html,https://www.shimadzu.com/news/2026/vz_a4k39l-19nqcp.html,200,https://www.shimadzu.com/news/2026/vz_a4k39l-19nqcp.html,OK,,,data/competitor_monitors.json; data/intelligence.json,2026-08-02T20:07:15+00:00
www.shimadzu.com/news/2026/xsmnp89535xpnhd1.html,https://www.shimadzu.com/news/2026/xsmnp89535xpnhd1.html,200,https://www.shimadzu.com/news/2026/xsmnp89535xpnhd1.html,OK,,,data/competitor_monitors.json; data/intelligence.json,2026-08-02T20:07:15+00:00
www.shimadzu.com/news/xsysh4059sd7e93d.html,https://www.shimadzu.com/news/xsysh4059sd7e93d.html,200,https://www.shimadzu.com/news/xsysh4059sd7e93d.html,OK,,,data/historical_product_catalog.json,2026-08-02T20:07:15+00:00
www.shimadzu.com/sites/shimadzu.com/files/ir/8quj/r6kpfhyxuu985pje.pdf,https://www.shimadzu.com/sites/shimadzu.com/files/ir/8quj/r6kpfhyxuu985pje.pdf,200,https://www.shimadzu.com/sites/shimadzu.com/files/ir/8quj/r6kpfhyxuu985pje.pdf,OK,,,data/historical_product_catalog.json,2026-08-02T20:07:15+00:00
www.shimadzu.eu/news-events/2026/IMSC.html,https://www.shimadzu.eu/news-events/2026/IMSC.html,200,https://www.shimadzu.eu/news-events/2026/IMSC.html,OK,,,data/conference_preparation.json,2026-08-02T20:07:15+00:00
www.slas.org/education/slas-micro-credentials-program/,https://www.slas.org/education/slas-micro-credentials-program/,200,https://www.slas.org/education/slas-micro-credentials-program/,Blocked,HTTP response contains an access-control or bot-challenge page,,data/conference_sources.json; data/source_catalog.json,2026-08-02T20:07:16+00:00
www.slas.org/events-calendar/slas-europe-2026-conference-and-exhibition/,https://www.slas.org/events-calendar/slas-europe-2026-conference-and-exhibition/,200,https://www.slas.org/events-calendar/slas-europe-2026-conference-and-exhibition/,Blocked,HTTP response contains an access-control or bot-challenge page,,data/conference_sources.json; data/source_catalog.json; data/source_health.json; data/source_registry.json,2026-08-02T20:07:16+00:00
www.slas.org/events-calendar/slas-europe-2026-conference-and-exhibition/learn/,https://www.slas.org/events-calendar/slas-europe-2026-conference-and-exhibition/learn/,200,https://www.slas.org/events-calendar/slas-europe-2026-conference-and-exhibition/learn/,Blocked,HTTP response contains an access-control or bot-challenge page,,data/conference_sources.json; data/source_catalog.json,2026-08-02T20:07:16+00:00
www.slas.org/events-calendar/slas-europe-2026-conference-and-exhibition/sponsor-and-exhibit/,https://www.slas.org/events-calendar/slas-europe-2026-conference-and-exhibition/sponsor-and-exhibit/,200,https://www.slas.org/events-calendar/slas-europe-2026-conference-and-exhibition/sponsor-and-exhibit/,Blocked,HTTP response contains an access-control or bot-challenge page,,data/conference_sources.json; data/source_catalog.json,2026-08-02T20:07:16+00:00
www.slas.org/events-calendar/slas-europe-2026-conference-and-exhibition/sponsor-and-exhibit/innovation-avenew/,https://www.slas.org/events-calendar/slas-europe-2026-conference-and-exhibition/sponsor-and-exhibit/innovation-avenew/,200,https://www.slas.org/events-calendar/slas-europe-2026-conference-and-exhibition/sponsor-and-exhibit/innovation-avenew/,Blocked,HTTP response contains an access-control or bot-challenge page,,data/conference_sources.json; data/source_catalog.json,2026-08-02T20:07:16+00:00
www.slas.org/events-calendar/slas2026-international-conference-exhibition/,https://www.slas.org/events-calendar/slas2026-international-conference-exhibition/,200,https://www.slas.org/events-calendar/slas2026-international-conference-exhibition/,Blocked,HTTP response contains an access-control or bot-challenge page,,data/conference_sources.json; data/source_catalog.json; data/source_health.json; data/source_registry.json,2026-08-02T20:07:16+00:00
www.slas.org/events-calendar/slas2026-international-conference-exhibition/learn/keynote-speaker-bios/,https://www.slas.org/events-calendar/slas2026-international-conference-exhibition/learn/keynote-speaker-bios/,200,https://www.slas.org/events-calendar/slas2026-international-conference-exhibition/learn/keynote-speaker-bios/,Blocked,HTTP response contains an access-control or bot-challenge page,,data/conference_sources.json; data/source_catalog.json,2026-08-02T20:07:16+00:00
www.slas.org/events-calendar/slas2026-international-conference-exhibition/sponsor-and-exhibit/,https://www.slas.org/events-calendar/slas2026-international-conference-exhibition/sponsor-and-exhibit/,200,https://www.slas.org/events-calendar/slas2026-international-conference-exhibition/sponsor-and-exhibit/,Blocked,HTTP response contains an access-control or bot-challenge page,,data/conference_sources.json; data/source_catalog.json,2026-08-02T20:07:16+00:00
www.slas.org/events/slas-2026-sample-management-symposium/,https://www.slas.org/events/slas-2026-sample-management-symposium/,200,https://www.slas.org/events-calendar/slas-2026-sample-management-symposium/,Blocked,HTTP response contains an access-control or bot-challenge page,,data/conference_sources.json; data/source_catalog.json,2026-08-02T20:07:16+00:00
www.slas.org/footer-nav-links/for-partners/slas-event-sponsorship/,https://www.slas.org/footer-nav-links/for-partners/slas-event-sponsorship/,200,https://www.slas.org/events-calendar/,Blocked,HTTP response contains an access-control or bot-challenge page,,data/conference_sources.json; data/source_catalog.json,2026-08-02T20:07:16+00:00
www.slas.org/membership/slas-fellow-member-program1/,https://www.slas.org/membership/slas-fellow-member-program1/,200,https://www.slas.org/membership/slas-fellow-member-program/,Blocked,HTTP response contains an access-control or bot-challenge page,,data/conference_sources.json; data/source_catalog.json,2026-08-02T20:07:16+00:00
www.ssi.shimadzu.com/news/2020/new-LCMS-8060NX-high-performance-tandem-liquid-chromatograph-mass-spectrometer-improves-workflow-efficiency-and-maximizes-laboratory-output.html,https://www.ssi.shimadzu.com/news/2020/new-LCMS-8060NX-high-performance-tandem-liquid-chromatograph-mass-spectrometer-improves-workflow-efficiency-and-maximizes-laboratory-output.html,200,https://www.ssi.shimadzu.com/news/2020/new-LCMS-8060NX-high-performance-tandem-liquid-chromatograph-mass-spectrometer-improves-workflow-efficiency-and-maximizes-laboratory-output.html,OK,,,data/historical_product_catalog.json,2026-08-02T20:07:17+00:00
www.ssi.shimadzu.com/news/2020/shimadzu-launches-new-Ultra-Fast-Nexera-QX-Multiplex-LC-MS/MS-System.html,https://www.ssi.shimadzu.com/news/2020/shimadzu-launches-new-Ultra-Fast-Nexera-QX-Multiplex-LC-MS/MS-System.html,200,https://www.ssi.shimadzu.com/news/2020/shimadzu-launches-new-Ultra-Fast-Nexera-QX-Multiplex-LC-MS/MS-System.html,OK,,,data/historical_product_catalog.json,2026-08-02T20:07:17+00:00
www.ssi.shimadzu.com/news/2022-12-05-new-q-tof-lcms-9050.html,https://www.ssi.shimadzu.com/news/2022-12-05-new-q-tof-lcms-9050.html,200,https://www.ssi.shimadzu.com/news/2022-12-05-new-q-tof-lcms-9050.html,OK,,,data/historical_product_catalog.json,2026-08-02T20:07:17+00:00
www.ssi.shimadzu.com/products/liquid-chromatography/hplcuhplc/nexera-x4/spec.html,https://www.ssi.shimadzu.com/products/liquid-chromatography/hplcuhplc/nexera-x4/spec.html,200,https://www.ssi.shimadzu.com/products/liquid-chromatography/hplcuhplc/nexera-x4/spec.html,OK,,,data/technical_comparisons.json,2026-08-02T20:07:17+00:00
www.thermofisher.com/blog/analyteguru/1000-publications-and-counting-what-researchers-are-unlocking-with-the-orbitrap-astral-mass-spectrometer/,https://www.thermofisher.com/blog/analyteguru/1000-publications-and-counting-what-researchers-are-unlocking-with-the-orbitrap-astral-mass-spectrometer/,200,https://www.thermofisher.com/blog/analyteguru/1000-publications-and-counting-what-researchers-are-unlocking-with-the-orbitrap-astral-mass-spectrometer/,OK,,,data/competitor_monitors.json; data/intelligence.json,2026-08-02T20:07:17+00:00
www.thermofisher.com/blog/analyteguru/advancing-clinical-research-at-asms-2026-from-robust-workflows-to-real-world-impact/,https://www.thermofisher.com/blog/analyteguru/advancing-clinical-research-at-asms-2026-from-robust-workflows-to-real-world-impact/,200,https://www.thermofisher.com/blog/analyteguru/advancing-clinical-research-at-asms-2026-from-robust-workflows-to-real-world-impact/,OK,,,data/competitor_monitors.json; data/intelligence.json,2026-08-02T20:07:17+00:00
www.thermofisher.com/blog/analyteguru/electrospray-101-what-to-know-about-lc-ms-sources-and-a-first-look-at-optispray/,https://www.thermofisher.com/blog/analyteguru/electrospray-101-what-to-know-about-lc-ms-sources-and-a-first-look-at-optispray/,200,https://www.thermofisher.com/blog/analyteguru/electrospray-101-what-to-know-about-lc-ms-sources-and-a-first-look-at-optispray/,OK,,,data/competitor_monitors.json; data/intelligence.json,2026-08-02T20:07:17+00:00
www.thermofisher.com/blog/analyteguru/how-to-cut-hplc-sample-preparation-time-for-derivatizing-amino-acids/,https://www.thermofisher.com/blog/analyteguru/how-to-cut-hplc-sample-preparation-time-for-derivatizing-amino-acids/,200,https://www.thermofisher.com/blog/analyteguru/how-to-cut-hplc-sample-preparation-time-for-derivatizing-amino-acids/,OK,,,data/competitor_monitors.json; data/intelligence.json,2026-08-02T20:07:18+00:00
www.thermofisher.com/blog/analyteguru/liquid-chromatography/feed/,https://www.thermofisher.com/blog/analyteguru/liquid-chromatography/feed/,200,https://www.thermofisher.com/blog/analyteguru/liquid-chromatography/feed/,OK,,,data/competitor_monitors.json; data/intelligence.json; data/source_catalog.json; data/source_health.json; data/source_registry.json,2026-08-02T20:07:18+00:00
www.thermofisher.com/blog/analyteguru/mass-spectrometry/feed/,https://www.thermofisher.com/blog/analyteguru/mass-spectrometry/feed/,200,https://www.thermofisher.com/blog/analyteguru/mass-spectrometry/feed/,OK,,,data/competitor_monitors.json; data/intelligence.json; data/source_catalog.json; data/source_health.json; data/source_registry.json,2026-08-02T20:07:18+00:00
www.thermofisher.com/blog/analyteguru/modern-technologies-for-high-performance-lc-ms-data-transfers/,https://www.thermofisher.com/blog/analyteguru/modern-technologies-for-high-performance-lc-ms-data-transfers/,200,https://www.thermofisher.com/blog/analyteguru/modern-technologies-for-high-performance-lc-ms-data-transfers/,OK,,,data/competitor_monitors.json; data/intelligence.json,2026-08-02T20:07:18+00:00
www.thermofisher.com/blog/analyteguru/moving-to-mainstream-is-the-world-finally-ready-for-low-flow-lc/,https://www.thermofisher.com/blog/analyteguru/moving-to-mainstream-is-the-world-finally-ready-for-low-flow-lc/,200,https://www.thermofisher.com/blog/analyteguru/moving-to-mainstream-is-the-world-finally-ready-for-low-flow-lc/,OK,,,data/competitor_monitors.json; data/intelligence.json,2026-08-02T20:07:18+00:00
www.thermofisher.com/blog/analyteguru/neuroscience-takes-flight-how-collaboration-spaceflight-and-orbitrap-astral-ms-are-opening-a-new-window-into-brain-aging/,https://www.thermofisher.com/blog/analyteguru/neuroscience-takes-flight-how-collaboration-spaceflight-and-orbitrap-astral-ms-are-opening-a-new-window-into-brain-aging/,200,https://www.thermofisher.com/blog/analyteguru/neuroscience-takes-flight-how-collaboration-spaceflight-and-orbitrap-astral-ms-are-opening-a-new-window-into-brain-aging/,OK,,,data/competitor_monitors.json; data/intelligence.json,2026-08-02T20:07:18+00:00
www.thermofisher.com/blog/analyteguru/new-technical-note-robust-high-throughput-peptide-quantitation-on-the-tsq-certis-triple-quadrupole-ms-with-optispray-technology/,https://www.thermofisher.com/blog/analyteguru/new-technical-note-robust-high-throughput-peptide-quantitation-on-the-tsq-certis-triple-quadrupole-ms-with-optispray-technology/,200,https://www.thermofisher.com/blog/analyteguru/new-technical-note-robust-high-throughput-peptide-quantitation-on-the-tsq-certis-triple-quadrupole-ms-with-optispray-technology/,OK,,,data/competitor_application_notes.json; data/competitor_monitors.json; data/conference_preparation.json; data/intelligence.json,2026-08-02T20:07:18+00:00
www.thermofisher.com/blog/analyteguru/phosphorylation-adma-and-o-glcnac-analysis-on-the-orbitrap-excedion-pro-mass-spectrometer/,https://www.thermofisher.com/blog/analyteguru/phosphorylation-adma-and-o-glcnac-analysis-on-the-orbitrap-excedion-pro-mass-spectrometer/,200,https://www.thermofisher.com/blog/analyteguru/phosphorylation-adma-and-o-glcnac-analysis-on-the-orbitrap-excedion-pro-mass-spectrometer/,OK,,,data/competitor_monitors.json; data/intelligence.json,2026-08-02T20:07:18+00:00
www.thermofisher.com/blog/analyteguru/proteomics/feed/,https://www.thermofisher.com/blog/analyteguru/proteomics/feed/,200,https://www.thermofisher.com/blog/analyteguru/proteomics/feed/,OK,,,data/competitor_monitors.json; data/intelligence.json; data/source_catalog.json; data/source_health.json; data/source_registry.json,2026-08-02T20:07:18+00:00
www.thermofisher.com/blog/analyteguru/radical-based-ion-activation-and-dissociation/,https://www.thermofisher.com/blog/analyteguru/radical-based-ion-activation-and-dissociation/,200,https://www.thermofisher.com/blog/analyteguru/radical-based-ion-activation-and-dissociation/,OK,,,data/competitor_monitors.json; data/intelligence.json,2026-08-02T20:07:18+00:00
www.thermofisher.com/blog/analyteguru/rethinking-whats-possible-in-biological-research-with-the-orbitrap-astral-zoom-mass-spectrometer/,https://www.thermofisher.com/blog/analyteguru/rethinking-whats-possible-in-biological-research-with-the-orbitrap-astral-zoom-mass-spectrometer/,200,https://www.thermofisher.com/blog/analyteguru/rethinking-whats-possible-in-biological-research-with-the-orbitrap-astral-zoom-mass-spectrometer/,OK,,,data/competitor_monitors.json; data/intelligence.json,2026-08-02T20:07:18+00:00
www.thermofisher.com/blog/analyteguru/turning-science-into-safer-water-for-nearly-1-8-million-people/,https://www.thermofisher.com/blog/analyteguru/turning-science-into-safer-water-for-nearly-1-8-million-people/,200,https://www.thermofisher.com/blog/analyteguru/turning-science-into-safer-water-for-nearly-1-8-million-people/,OK,,,data/competitor_monitors.json; data/intelligence.json,2026-08-02T20:07:18+00:00
www.thermofisher.com/blog/analyteguru/unlock-high-performance-lc-ms-with-factory-certified-systems-from-thermo-fisher-scientific/,https://www.thermofisher.com/blog/analyteguru/unlock-high-performance-lc-ms-with-factory-certified-systems-from-thermo-fisher-scientific/,200,https://www.thermofisher.com/blog/analyteguru/unlock-high-performance-lc-ms-with-factory-certified-systems-from-thermo-fisher-scientific/,OK,,,data/competitor_monitors.json; data/intelligence.json,2026-08-02T20:07:18+00:00
www.thermofisher.com/blog/analyteguru/unlocking-high-throughput-potential-in-liquid-chromatography-with-vanquish-systems/,https://www.thermofisher.com/blog/analyteguru/unlocking-high-throughput-potential-in-liquid-chromatography-with-vanquish-systems/,200,https://www.thermofisher.com/blog/analyteguru/unlocking-high-throughput-potential-in-liquid-chromatography-with-vanquish-systems/,OK,,,data/competitor_monitors.json; data/intelligence.json,2026-08-02T20:07:18+00:00
www.thermofisher.com/blog/analyteguru/upgrade-smarter-trade-in-your-current-lc-ms-system-and-boost-lab-performance-without-breaking-budget/,https://www.thermofisher.com/blog/analyteguru/upgrade-smarter-trade-in-your-current-lc-ms-system-and-boost-lab-performance-without-breaking-budget/,200,https://www.thermofisher.com/blog/analyteguru/upgrade-smarter-trade-in-your-current-lc-ms-system-and-boost-lab-performance-without-breaking-budget/,OK,,,data/competitor_monitors.json; data/intelligence.json,2026-08-02T20:07:18+00:00
www.thermofisher.com/blog/analyteguru/what-happens-when-glycoproteomics-meets-real-time-lc-ms-decision-making/,https://www.thermofisher.com/blog/analyteguru/what-happens-when-glycoproteomics-meets-real-time-lc-ms-decision-making/,200,https://www.thermofisher.com/blog/analyteguru/what-happens-when-glycoproteomics-meets-real-time-lc-ms-decision-making/,OK,,,data/competitor_monitors.json; data/intelligence.json,2026-08-02T20:07:18+00:00
www.thermofisher.com/order/catalog/product/VQ-AMPLIFY,https://www.thermofisher.com/order/catalog/product/VQ-AMPLIFY,200,https://www.thermofisher.com/order/catalog/product/VQ-AMPLIFY,OK,,,data/intelligence.json,2026-08-02T20:07:18+00:00
www.thermofisher.com/sitemap-index.xml,https://www.thermofisher.com/sitemap-index.xml,200,https://www.thermofisher.com/sitemap-index.xml,OK,,,data/competitor_monitors.json; data/intelligence.json; data/source_health.json; data/source_registry.json,2026-08-02T20:07:19+00:00
www.thermofisher.com/sitemap-us-en.xml,https://www.thermofisher.com/sitemap-us-en.xml,200,https://www.thermofisher.com/sitemap-us-en.xml,OK,,,data/competitor_monitors.json; data/intelligence.json; data/source_catalog.json; data/source_health.json; data/source_registry.json; data/thermo_monitoring_families.json,2026-08-02T20:07:19+00:00
www.thermofisher.com/us/en/home/industrial/chromatography/ion-chromatography-ic/ion-chromatography-systems/instrument-selection/ics-6000.html,https://www.thermofisher.com/us/en/home/industrial/chromatography/ion-chromatography-ic/ion-chromatography-systems/instrument-selection/ics-6000.html,200,https://www.thermofisher.com/us/en/home/industrial/chromatography/ion-chromatography-ic/ion-chromatography-systems/instrument-selection/ics-6000.html,OK,,,data/competitor_monitors.json; data/source_catalog.json; data/thermo_monitoring_families.json,2026-08-02T20:07:19+00:00
www.thermofisher.com/us/en/home/industrial/chromatography/ion-chromatography-ic/ion-chromatography-systems/instrument-selection/integrion.html,https://www.thermofisher.com/us/en/home/industrial/chromatography/ion-chromatography-ic/ion-chromatography-systems/instrument-selection/integrion.html,200,https://www.thermofisher.com/us/en/home/industrial/chromatography/ion-chromatography-ic/ion-chromatography-systems/instrument-selection/integrion.html,OK,,,data/competitor_monitors.json; data/source_catalog.json; data/thermo_monitoring_families.json,2026-08-02T20:07:19+00:00
www.thermofisher.com/us/en/home/industrial/chromatography/liquid-chromatography-lc/hplc-uhplc-systems/vanquish-amplify-uhplc-system.html,https://www.thermofisher.com/us/en/home/industrial/chromatography/liquid-chromatography-lc/hplc-uhplc-systems/vanquish-amplify-uhplc-system.html,200,https://www.thermofisher.com/us/en/home/industrial/chromatography/liquid-chromatography-lc/hplc-uhplc-systems/vanquish-amplify-uhplc-system.html,OK,,,data/intelligence.json,2026-08-02T20:07:19+00:00
www.thermofisher.com/us/en/home/industrial/chromatography/liquid-chromatography-lc/hplc-uhplc-systems/vanquish-neo-uhplc-system.html,https://www.thermofisher.com/us/en/home/industrial/chromatography/liquid-chromatography-lc/hplc-uhplc-systems/vanquish-neo-uhplc-system.html,200,https://www.thermofisher.com/us/en/home/industrial/chromatography/liquid-chromatography-lc/hplc-uhplc-systems/vanquish-neo-uhplc-system.html,OK,,,data/competitor_monitors.json; data/source_catalog.json; data/thermo_monitoring_families.json,2026-08-02T20:07:19+00:00
www.thermofisher.com/us/en/home/industrial/mass-spectrometry.html,https://www.thermofisher.com/us/en/home/industrial/mass-spectrometry.html,200,https://www.thermofisher.com/us/en/home/industrial/mass-spectrometry.html,OK,,,data/intelligence.json; data/source_catalog.json,2026-08-02T20:07:19+00:00
www.thermofisher.com/us/en/home/industrial/mass-spectrometry/liquid-chromatography-mass-spectrometry-lc-ms/lc-ms-systems/orbitrap-lc-ms.html,https://www.thermofisher.com/us/en/home/industrial/mass-spectrometry/liquid-chromatography-mass-spectrometry-lc-ms/lc-ms-systems/orbitrap-lc-ms.html,200,https://www.thermofisher.com/us/en/home/industrial/mass-spectrometry/liquid-chromatography-mass-spectrometry-lc-ms/lc-ms-systems/orbitrap-lc-ms.html,OK,,,data/intelligence.json,2026-08-02T20:07:19+00:00
www.thermofisher.com/us/en/home/industrial/mass-spectrometry/liquid-chromatography-mass-spectrometry-lc-ms/lc-ms-systems/orbitrap-lc-ms/orbitrap-excedion-pro-mass-spectrometer.html,https://www.thermofisher.com/us/en/home/industrial/mass-spectrometry/liquid-chromatography-mass-spectrometry-lc-ms/lc-ms-systems/orbitrap-lc-ms/orbitrap-excedion-pro-mass-spectrometer.html,200,https://www.thermofisher.com/us/en/home/industrial/mass-spectrometry/liquid-chromatography-mass-spectrometry-lc-ms/lc-ms-systems/orbitrap-lc-ms/orbitrap-excedion-pro-mass-spectrometer.html,OK,,,data/intelligence.json,2026-08-02T20:07:19+00:00
www.thermofisher.com/us/en/home/industrial/mass-spectrometry/liquid-chromatography-mass-spectrometry-lc-ms/lc-ms-systems/orbitrap-lc-ms/orbitrap-excedion-pro-mass-spectrometer/orbitrap-excedion-pro-biopharma-ms.html,https://www.thermofisher.com/us/en/home/industrial/mass-spectrometry/liquid-chromatography-mass-spectrometry-lc-ms/lc-ms-systems/orbitrap-lc-ms/orbitrap-excedion-pro-mass-spectrometer/orbitrap-excedion-pro-biopharma-ms.html,200,https://www.thermofisher.com/us/en/home/industrial/mass-spectrometry/liquid-chromatography-mass-spectrometry-lc-ms/lc-ms-systems/orbitrap-lc-ms/orbitrap-excedion-pro-mass-spectrometer/orbitrap-excedion-pro-biopharma-ms.html,OK,,,data/intelligence.json,2026-08-02T20:07:19+00:00
www.thermofisher.com/us/en/home/industrial/mass-spectrometry/liquid-chromatography-mass-spectrometry-lc-ms/lc-ms-systems/orbitrap-lc-ms/orbitrap-excedion-pro-mass-spectrometer/orbitrap-excedion-pro-ms.html,https://www.thermofisher.com/us/en/home/industrial/mass-spectrometry/liquid-chromatography-mass-spectrometry-lc-ms/lc-ms-systems/orbitrap-lc-ms/orbitrap-excedion-pro-mass-spectrometer/orbitrap-excedion-pro-ms.html,200,https://www.thermofisher.com/us/en/home/industrial/mass-spectrometry/liquid-chromatography-mass-spectrometry-lc-ms/lc-ms-systems/orbitrap-lc-ms/orbitrap-excedion-pro-mass-spectrometer/orbitrap-excedion-pro-ms.html,OK,,,data/intelligence.json,2026-08-02T20:07:19+00:00
www.thermofisher.com/us/en/home/industrial/mass-spectrometry/liquid-chromatography-mass-spectrometry-lc-ms/lc-ms-systems/orbitrap-lc-ms/orbitrap-exploris-mass-spectrometers.html,https://www.thermofisher.com/us/en/home/industrial/mass-spectrometry/liquid-chromatography-mass-spectrometry-lc-ms/lc-ms-systems/orbitrap-lc-ms/orbitrap-exploris-mass-spectrometers.html,200,https://www.thermofisher.com/us/en/home/industrial/mass-spectrometry/liquid-chromatography-mass-spectrometry-lc-ms/lc-ms-systems/orbitrap-lc-ms/orbitrap-exploris-mass-spectrometers.html,OK,,,data/intelligence.json,2026-08-02T20:07:19+00:00
www.thermofisher.com/us/en/home/industrial/mass-spectrometry/liquid-chromatography-mass-spectrometry-lc-ms/lc-ms-systems/orbitrap-lc-ms/orbitrap-exploris-mass-spectrometers/orbitrap-exploris-120-mass-spectrometers.html,https://www.thermofisher.com/us/en/home/industrial/mass-spectrometry/liquid-chromatography-mass-spectrometry-lc-ms/lc-ms-systems/orbitrap-lc-ms/orbitrap-exploris-mass-spectrometers/orbitrap-exploris-120-mass-spectrometers.html,200,https://www.thermofisher.com/us/en/home/industrial/mass-spectrometry/liquid-chromatography-mass-spectrometry-lc-ms/lc-ms-systems/orbitrap-lc-ms/orbitrap-exploris-mass-spectrometers/orbitrap-exploris-120-mass-spectrometers.html,OK,,,data/intelligence.json,2026-08-02T20:07:19+00:00
www.thermofisher.com/us/en/home/industrial/mass-spectrometry/liquid-chromatography-mass-spectrometry-lc-ms/lc-ms-systems/orbitrap-lc-ms/orbitrap-exploris-mass-spectrometers/orbitrap-exploris-240-mass-spectrometers.html,https://www.thermofisher.com/us/en/home/industrial/mass-spectrometry/liquid-chromatography-mass-spectrometry-lc-ms/lc-ms-systems/orbitrap-lc-ms/orbitrap-exploris-mass-spectrometers/orbitrap-exploris-240-mass-spectrometers.html,200,https://www.thermofisher.com/us/en/home/industrial/mass-spectrometry/liquid-chromatography-mass-spectrometry-lc-ms/lc-ms-systems/orbitrap-lc-ms/orbitrap-exploris-mass-spectrometers/orbitrap-exploris-240-mass-spectrometers.html,OK,,,data/intelligence.json,2026-08-02T20:07:19+00:00
www.thermofisher.com/us/en/home/industrial/mass-spectrometry/liquid-chromatography-mass-spectrometry-lc-ms/lc-ms-systems/orbitrap-lc-ms/orbitrap-exploris-mass-spectrometers/orbitrap-exploris-480-mass-spectrometers.html,https://www.thermofisher.com/us/en/home/industrial/mass-spectrometry/liquid-chromatography-mass-spectrometry-lc-ms/lc-ms-systems/orbitrap-lc-ms/orbitrap-exploris-mass-spectrometers/orbitrap-exploris-480-mass-spectrometers.html,200,https://www.thermofisher.com/us/en/home/industrial/mass-spectrometry/liquid-chromatography-mass-spectrometry-lc-ms/lc-ms-systems/orbitrap-lc-ms/orbitrap-exploris-mass-spectrometers/orbitrap-exploris-480-mass-spectrometers.html,OK,,,data/intelligence.json,2026-08-02T20:07:19+00:00
www.thermofisher.com/us/en/home/industrial/mass-spectrometry/liquid-chromatography-mass-spectrometry-lc-ms/lc-ms-systems/orbitrap-lc-ms/orbitrap-tribrid-mass-spectrometers/orbitrap-eclipse-tribrid-mass-spectrometer.html,https://www.thermofisher.com/us/en/home/industrial/mass-spectrometry/liquid-chromatography-mass-spectrometry-lc-ms/lc-ms-systems/orbitrap-lc-ms/orbitrap-tribrid-mass-spectrometers/orbitrap-eclipse-tribrid-mass-spectrometer.html,200,https://www.thermofisher.com/us/en/home/industrial/mass-spectrometry/liquid-chromatography-mass-spectrometry-lc-ms/lc-ms-systems/orbitrap-lc-ms/orbitrap-tribrid-mass-spectrometers/orbitrap-eclipse-tribrid-mass-spectrometer.html,OK,,,data/intelligence.json,2026-08-02T20:07:19+00:00
www.thermofisher.com/us/en/home/industrial/mass-spectrometry/liquid-chromatography-mass-spectrometry-lc-ms/lc-ms-systems/orbitrap-lc-ms/orbitrap-tribrid-mass-spectrometers/orbitrap-tribrid-apex-mass-spectrometer.html,https://www.thermofisher.com/us/en/home/industrial/mass-spectrometry/liquid-chromatography-mass-spectrometry-lc-ms/lc-ms-systems/orbitrap-lc-ms/orbitrap-tribrid-mass-spectrometers/orbitrap-tribrid-apex-mass-spectrometer.html,200,https://www.thermofisher.com/us/en/home/industrial/mass-spectrometry/liquid-chromatography-mass-spectrometry-lc-ms/lc-ms-systems/orbitrap-lc-ms/orbitrap-tribrid-mass-spectrometers/orbitrap-tribrid-apex-mass-spectrometer.html,OK,,,data/intelligence.json,2026-08-02T20:07:19+00:00
www.thermofisher.com/us/en/home/industrial/mass-spectrometry/liquid-chromatography-mass-spectrometry-lc-ms/lc-ms-systems/orbitrap-lc-ms/q-exactive-orbitrap-mass-spectrometers.html,https://www.thermofisher.com/us/en/home/industrial/mass-spectrometry/liquid-chromatography-mass-spectrometry-lc-ms/lc-ms-systems/orbitrap-lc-ms/q-exactive-orbitrap-mass-spectrometers.html,200,https://www.thermofisher.com/us/en/home/industrial/mass-spectrometry/liquid-chromatography-mass-spectrometry-lc-ms/lc-ms-systems/orbitrap-lc-ms/q-exactive-orbitrap-mass-spectrometers.html,OK,,,data/intelligence.json,2026-08-02T20:07:19+00:00
www.thermofisher.com/us/en/home/industrial/mass-spectrometry/liquid-chromatography-mass-spectrometry-lc-ms/lc-ms-systems/triple-quadrupole-lc-ms/tsq-certis-triple-quadripole-ms.html,https://www.thermofisher.com/us/en/home/industrial/mass-spectrometry/liquid-chromatography-mass-spectrometry-lc-ms/lc-ms-systems/triple-quadrupole-lc-ms/tsq-certis-triple-quadripole-ms.html,200,https://www.thermofisher.com/us/en/home/industrial/mass-spectrometry/liquid-chromatography-mass-spectrometry-lc-ms/lc-ms-systems/triple-quadrupole-lc-ms/tsq-certis-triple-quadripole-ms.html,OK,,,data/intelligence.json,2026-08-02T20:07:19+00:00
www.usaspending.gov/data,https://www.usaspending.gov/data,200,https://www.usaspending.gov/data,OK,,,data/market_application_sources.json,2026-08-02T20:07:19+00:00
www.waters.com/content/dam/waters/en/app-notes/2022/720007766/720007766-en.pdf,https://www.waters.com/content/dam/waters/en/app-notes/2022/720007766/720007766-en.pdf,403,https://www.waters.com/content/dam/waters/en/app-notes/2022/720007766/720007766-en.pdf,Blocked,HTTP response contains an access-control or bot-challenge page,,data/technical_comparisons.json,2026-08-02T20:07:19+00:00
www.waters.com/content/dam/waters/en/library/specifications/2020/waters-specification-ACQUITYUPLCFLRDetectorspecifications-720001985.pdf,https://www.waters.com/content/dam/waters/en/library/specifications/2020/waters-specification-ACQUITYUPLCFLRDetectorspecifications-720001985.pdf,403,https://www.waters.com/content/dam/waters/en/library/specifications/2020/waters-specification-ACQUITYUPLCFLRDetectorspecifications-720001985.pdf,Blocked,HTTP response contains an access-control or bot-challenge page,,data/technical_comparisons.json,2026-08-02T20:07:19+00:00
www.waters.com/nextgen/ee/en/library/application-notes/2025/enhanced-reliability-for-long-term-pfas-analysis-with-the-xevo-tq-absolute-xr-mass-spectrometer.html,https://www.waters.com/nextgen/ee/en/library/application-notes/2025/enhanced-reliability-for-long-term-pfas-analysis-with-the-xevo-tq-absolute-xr-mass-spectrometer.html,403,https://www.waters.com/nextgen/ee/en/library/application-notes/2025/enhanced-reliability-for-long-term-pfas-analysis-with-the-xevo-tq-absolute-xr-mass-spectrometer.html,Blocked,HTTP response contains an access-control or bot-challenge page,,data/conference_preparation.json,2026-08-02T20:07:19+00:00
www.waters.com/nextgen/en/products/chromatography/chromatography-systems/acquity-premier-system.html,https://www.waters.com/nextgen/en/products/chromatography/chromatography-systems/acquity-premier-system.html,403,https://www.waters.com/nextgen/en/products/chromatography/chromatography-systems/acquity-premier-system.html,Blocked,HTTP response contains an access-control or bot-challenge page,,data/technical_comparisons.json,2026-08-02T20:07:19+00:00
www.waters.com/nextgen/en/products/chromatography/chromatography-systems/alliance-is-hplc-system.html,https://www.waters.com/nextgen/en/products/chromatography/chromatography-systems/alliance-is-hplc-system.html,403,https://www.waters.com/nextgen/en/products/chromatography/chromatography-systems/alliance-is-hplc-system.html,Blocked,HTTP response contains an access-control or bot-challenge page,,data/conference_preparation.json,2026-08-02T20:07:19+00:00
www.waters.com/nextgen/en/products/mass-spectrometry-systems/xevo-tq-absolute.html,https://www.waters.com/nextgen/en/products/mass-spectrometry-systems/xevo-tq-absolute.html,403,https://www.waters.com/nextgen/en/products/mass-spectrometry-systems/xevo-tq-absolute.html,Blocked,HTTP response contains an access-control or bot-challenge page,,data/technical_comparisons.json,2026-08-02T20:07:19+00:00
www.waters.com/nextgen/is/en/about-waters.html,https://www.waters.com/nextgen/is/en/about-waters.html,403,https://www.waters.com/nextgen/is/en/about-waters.html,Blocked,HTTP response contains an access-control or bot-challenge page,,data/historical_waters_catalog.json; data/product_comparisons.json,2026-08-02T20:07:19+00:00
www.waters.com/nextgen/tw/zh/library/application-notes/2021/the-bioaccord-system-with-acquity-premier-for-improved-peptide-cqa-monitoring.html,https://www.waters.com/nextgen/tw/zh/library/application-notes/2021/the-bioaccord-system-with-acquity-premier-for-improved-peptide-cqa-monitoring.html,403,https://www.waters.com/nextgen/tw/zh/library/application-notes/2021/the-bioaccord-system-with-acquity-premier-for-improved-peptide-cqa-monitoring.html,Blocked,HTTP response contains an access-control or bot-challenge page,,data/technical_comparisons.json,2026-08-02T20:07:19+00:00
www.waters.com/nextgen/us/en/products/chromatography.html,https://www.waters.com/nextgen/us/en/products/chromatography.html,403,https://www.waters.com/nextgen/us/en/products/chromatography.html,Blocked,HTTP response contains an access-control or bot-challenge page,,data/historical_waters_catalog.json; data/product_comparisons.json,2026-08-02T20:07:19+00:00
www.waters.com/nextgen/us/en/products/chromatography/chromatography-systems/acquity-premier-system-with-multi-dimensional-technology.html,https://www.waters.com/nextgen/us/en/products/chromatography/chromatography-systems/acquity-premier-system-with-multi-dimensional-technology.html,403,https://www.waters.com/nextgen/us/en/products/chromatography/chromatography-systems/acquity-premier-system-with-multi-dimensional-technology.html,Blocked,HTTP response contains an access-control or bot-challenge page,,data/conference_preparation.json,2026-08-02T20:07:19+00:00
www.waters.com/nextgen/us/en/products/chromatography/chromatography-systems/acquity-uplc-i-class-plus-system.html,https://www.waters.com/nextgen/us/en/products/chromatography/chromatography-systems/acquity-uplc-i-class-plus-system.html,403,https://www.waters.com/nextgen/us/en/products/chromatography/chromatography-systems/acquity-uplc-i-class-plus-system.html,Blocked,HTTP response contains an access-control or bot-challenge page,,data/technical_comparisons.json,2026-08-02T20:07:20+00:00
www.waters.com/nextgen/us/en/products/columns/acquity-uplc-columns.html,https://www.waters.com/nextgen/us/en/products/columns/acquity-uplc-columns.html,403,https://www.waters.com/nextgen/us/en/products/columns/acquity-uplc-columns.html,Blocked,HTTP response contains an access-control or bot-challenge page,,data/technical_comparisons.json,2026-08-02T20:07:20+00:00
www.waters.com/nextgen/us/en/products/in-vitro-diagnostics-solutions/lc-ms-ms-ivd-systems-portfolio/masstrak-acquity-uplc-i-class-plus-xevo-tq-absolute-ivd-system.html,https://www.waters.com/nextgen/us/en/products/in-vitro-diagnostics-solutions/lc-ms-ms-ivd-systems-portfolio/masstrak-acquity-uplc-i-class-plus-xevo-tq-absolute-ivd-system.html,403,https://www.waters.com/nextgen/us/en/products/in-vitro-diagnostics-solutions/lc-ms-ms-ivd-systems-portfolio/masstrak-acquity-uplc-i-class-plus-xevo-tq-absolute-ivd-system.html,Blocked,HTTP response contains an access-control or bot-challenge page,,data/technical_comparisons.json,2026-08-02T20:07:20+00:00
www.waters.com/nextgen/us/en/products/informatics-and-software/chromatography-software/empower-software-solutions/empower-cds.html,https://www.waters.com/nextgen/us/en/products/informatics-and-software/chromatography-software/empower-software-solutions/empower-cds.html,403,https://www.waters.com/nextgen/us/en/products/informatics-and-software/chromatography-software/empower-software-solutions/empower-cds.html,Blocked,HTTP response contains an access-control or bot-challenge page,,data/conference_preparation.json,2026-08-02T20:07:20+00:00
www.waters.com/nextgen/us/en/products/mass-spectrometry/mass-spectrometry-systems/bioaccord-lc-ms-system.html,https://www.waters.com/nextgen/us/en/products/mass-spectrometry/mass-spectrometry-systems/bioaccord-lc-ms-system.html,403,https://www.waters.com/nextgen/us/en/products/mass-spectrometry/mass-spectrometry-systems/bioaccord-lc-ms-system.html,Blocked,HTTP response contains an access-control or bot-challenge page,,data/conference_preparation.json; data/technical_comparisons.json,2026-08-02T20:07:20+00:00
www.waters.com/nextgen/us/en/products/mass-spectrometry/mass-spectrometry-systems/select-series-mrt.html,https://www.waters.com/nextgen/us/en/products/mass-spectrometry/mass-spectrometry-systems/select-series-mrt.html,403,https://www.waters.com/nextgen/us/en/products/mass-spectrometry/mass-spectrometry-systems/select-series-mrt.html,Blocked,HTTP response contains an access-control or bot-challenge page,,data/conference_preparation.json,2026-08-02T20:07:20+00:00
www.waters.com/nextgen/us/en/products/mass-spectrometry/mass-spectrometry-systems/xevo-mrt.html,https://www.waters.com/nextgen/us/en/products/mass-spectrometry/mass-spectrometry-systems/xevo-mrt.html,403,https://www.waters.com/nextgen/us/en/products/mass-spectrometry/mass-spectrometry-systems/xevo-mrt.html,Blocked,HTTP response contains an access-control or bot-challenge page,,data/conference_preparation.json,2026-08-02T20:07:20+00:00
www.waters.com/nextgen/us/en/shop/columns/176000864-acquity-uplc-beh-c18-column-130a-17--m-21-mm-x-100-mm-3-pk.html,https://www.waters.com/nextgen/us/en/shop/columns/176000864-acquity-uplc-beh-c18-column-130a-17--m-21-mm-x-100-mm-3-pk.html,403,https://www.waters.com/nextgen/us/en/shop/columns/176000864-acquity-uplc-beh-c18-column-130a-17--m-21-mm-x-100-mm-3-pk.html,Blocked,HTTP response contains an access-control or bot-challenge page,,data/technical_comparisons.json,2026-08-02T20:07:20+00:00
www.wipo.int/en/web/patentscope/,https://www.wipo.int/en/web/patentscope/,200,https://www.wipo.int/en/web/patentscope/,OK,,,data/market_application_sources.json,2026-08-02T20:07:20+00:00
wwwn.cdc.gov/nchs/nhanes/search/DataPage.aspx,https://wwwn.cdc.gov/nchs/nhanes/search/DataPage.aspx?Component=Laboratory&Cycle=2021-2023,200,https://wwwn.cdc.gov/nchs/nhanes/search/DataPage.aspx?Component=Laboratory&Cycle=2021-2023,OK,,,data/market_application_sources.json,2026-08-02T20:07:20+00:00
