claim_id,category,surface_locations,exact_claim,source_url,source_quote_max_15_words,verdict,discrepancy,severity,checked_at
trend-lnp-rna,Application trend,Application trends / decision evidence,LNP and RNA therapeutics workflows shows 919 PubMed records in the last year,https://pubmed.ncbi.nlm.nih.gov/?term=%28%28%22lipid+nanoparticle%22+OR+LNP+OR+%22RNA+therapeutics%22+OR+mRNA%29+AND+%28%22LC-MS%22+OR+chromatography+OR+%22mass+spectrometry%22%29%29+AND+%28%222025%2F08%2F12%22%5BDate+-+Publication%5D+%3A+%222026%2F08%2F12%22%5BDate+-+Publication%5D%29,,UNREACHABLE,Current automated retrieval is blocked or challenged.,Major,2026-08-12T14:49:47+00:00
trend-oligos,Application trend,Application trends / decision evidence,Oligonucleotide and nucleic-acid analytics shows 654 PubMed records in the last year,https://pubmed.ncbi.nlm.nih.gov/?term=%28%28oligonucleotide+OR+%22nucleic+acid%22+OR+siRNA%29+AND+%28%22LC-MS%22+OR+chromatography+OR+%22mass+spectrometry%22%29%29+AND+%28%222025%2F08%2F12%22%5BDate+-+Publication%5D+%3A+%222026%2F08%2F12%22%5BDate+-+Publication%5D%29,,UNREACHABLE,Current automated retrieval is blocked or challenged.,Major,2026-08-12T14:49:47+00:00
trend-pfas,Application trend,Application trends / decision evidence,PFAS and environmental contaminant testing shows 334 PubMed records in the last year,https://pubmed.ncbi.nlm.nih.gov/?term=%28%28PFAS+OR+%22per-+and+polyfluoroalkyl%22%29+AND+%28%22LC-MS%22+OR+%22LC-MS%2FMS%22+OR+chromatography%29%29+AND+%28%222025%2F08%2F12%22%5BDate+-+Publication%5D+%3A+%222026%2F08%2F12%22%5BDate+-+Publication%5D%29,,UNREACHABLE,Current automated retrieval is blocked or challenged.,Major,2026-08-12T14:49:47+00:00
trend-proteomics,Application trend,Application trends / decision evidence,High-resolution proteomics and metabolomics shows 9715 PubMed records in the last year,https://pubmed.ncbi.nlm.nih.gov/?term=%28%28proteomics+OR+metabolomics%29+AND+%28%22LC-MS%22+OR+Orbitrap+OR+%22mass+spectrometry%22%29%29+AND+%28%222025%2F08%2F12%22%5BDate+-+Publication%5D+%3A+%222026%2F08%2F12%22%5BDate+-+Publication%5D%29,,UNREACHABLE,Current automated retrieval is blocked or challenged.,Major,2026-08-12T14:49:47+00:00
trend-automation,Application trend,Application trends / decision evidence,Lab automation and software-enabled workflows shows 1129 PubMed records in the last year,https://pubmed.ncbi.nlm.nih.gov/?term=%28%28%22laboratory+automation%22+OR+%22workflow+software%22+OR+%22AI%22%29+AND+%28%22LC-MS%22+OR+chromatography+OR+%22mass+spectrometry%22%29%29+AND+%28%222025%2F08%2F12%22%5BDate+-+Publication%5D+%3A+%222026%2F08%2F12%22%5BDate+-+Publication%5D%29,,UNREACHABLE,Current automated retrieval is blocked or challenged.,Major,2026-08-12T14:49:47+00:00
thermo-fisher-monitor-press-release-a35d9ec9899f,Signal card,Dashboard / public evidence library,Thermo Fisher Scientific Completes Sale of its Microbiology Business to Astorg,https://ir.thermofisher.com/investors/news-events/news/news-details/2026/Thermo-Fisher-Scientific-Completes-Sale-of-its-Microbiology-Business-to-Astorg/default.aspx,,UNREACHABLE,HTTP response contains an access-control or bot-challenge page,Major,2026-08-12T14:49:47+00:00
pubmed-42580591,Scientific publication,Public evidence library,Acoustic Ejection Native Mass Spectrometry for High-Throughput Protein-Ligand Screening,https://pubmed.ncbi.nlm.nih.gov/42580591/,Acoustic Ejection Native Mass Spectrometry for High-Throughput Protein-Ligand Screening,UNREACHABLE,Current automated retrieval is blocked or challenged.,Major,2026-08-12T14:49:47+00:00
sec-perkinelmer-0000031791-26-000027,SEC filing,SEC filing insights,"Revvity, Inc. filed 10-Q",https://www.sec.gov/Archives/edgar/data/31791/000003179126000027/revv-20260705.htm,,UNREACHABLE,Current automated retrieval is blocked or challenged.,Major,2026-08-12T14:49:47+00:00
pubmed-42576034,Scientific publication,Public evidence library,"The proteome comes of age, but precision oncology needs functional maps",https://pubmed.ncbi.nlm.nih.gov/42576034/,"The proteome comes of age, but precision oncology needs functional maps",UNREACHABLE,Current automated retrieval is blocked or challenged.,Major,2026-08-12T14:49:47+00:00
pubmed-42575331,Scientific publication,Public evidence library,Leaf Senescence Reshapes Phytochemistry and Bioactivity in Carica papaya: Implications for the Traditional Use of Aged Leaf Extracts,https://pubmed.ncbi.nlm.nih.gov/42575331/,Leaf Senescence Reshapes Phytochemistry and Bioactivity in Carica papaya: Implications for the Traditional Use of,UNREACHABLE,Current automated retrieval is blocked or challenged.,Major,2026-08-12T14:49:47+00:00
shimadzu-monitor-press-release-29cd6074d29d,Signal card,Dashboard / public evidence library,"Release of the World’s First Desktop Corona Discharge Ionizer Specialized for Dry Air Environments, STABLO-AP DRY AIR Eliminating Static Electricity Problems in Battery Research, Development, and Manufacturing",https://www.shimadzu.com/news/2026/5is0mfb00wsn8pnv.html,,Partially supported,,Major,2026-08-12T14:49:47+00:00
sec-perkinelmer-0000031791-26-000022,SEC filing,SEC filing insights,"Revvity, Inc. filed 8-K",https://www.sec.gov/Archives/edgar/data/31791/000003179126000022/pki-20260804.htm,,UNREACHABLE,Current automated retrieval is blocked or challenged.,Major,2026-08-12T14:49:47+00:00
sec-sciex-0001193125-26-330652,SEC filing,SEC filing insights,Danaher Corporation filed 8-K,https://www.sec.gov/Archives/edgar/data/313616/000119312526330652/d161342d8k.htm,,UNREACHABLE,Current automated retrieval is blocked or challenged.,Major,2026-08-12T14:49:47+00:00
pubmed-42417511,Scientific publication,Public evidence library,"Development, Validation, and Application of an LC-MS/MS Method for Pharmacokinetic Studies for the Datopotamab Deruxtecan-Dlnk Quantification in Rat Plasma",https://pubmed.ncbi.nlm.nih.gov/42417511/,"Development, Validation, and Application of an LC-MS/MS Method for Pharmacokinetic Studies for the Datopotamab Deruxtecan-Dlnk",UNREACHABLE,Current automated retrieval is blocked or challenged.,Major,2026-08-12T14:49:47+00:00
shimadzu-monitor-press-release-86785e458896,Signal card,Dashboard / public evidence library,Team Representing Japan Wins at the World Deaf Team Tennis Championships Komokata of the SHIMADZU Breakers Excels as Team Ace,https://www.shimadzu.com/news/2026/xsmnp89535xpnhd1.html,,Partially supported,,Major,2026-08-12T14:49:47+00:00
sec-thermo-0000097745-26-000144,SEC filing,SEC filing insights,THERMO FISHER SCIENTIFIC INC. filed 10-Q,https://www.sec.gov/Archives/edgar/data/97745/000009774526000144/tmo-20260627.htm,,UNREACHABLE,Current automated retrieval is blocked or challenged.,Major,2026-08-12T14:49:47+00:00
agilent-monitor-press-release-623e580388b3,Signal card,Dashboard / public evidence library,"Agilent Research Catalyst Award Presented to Eastern Institute of Technology, Ningbo",https://www.agilent.com/about/newsroom/presrel/2026/29jul-ca26028.html,,UNREACHABLE,HTTP response contains an access-control or bot-challenge page,Major,2026-08-12T14:49:47+00:00
agilent-monitor-press-release-d6158395d694,Signal card,Dashboard / public evidence library,Agilent to Announce Third-Quarter Fiscal Year 2026 Financial Results on Aug. 26,https://www.agilent.com/about/newsroom/presrel/2026/28jul-gp26015.html,,UNREACHABLE,HTTP response contains an access-control or bot-challenge page,Major,2026-08-12T14:49:47+00:00
sciex-monitor-product-page-added-62bb59b3169d,Product evidence,Competitive timeline / product comparator,SCIEX official product page observed,https://sciex.com/products/mass-spectrometers/qtof-systems,,Unsupported/Hallucinated,Initial observation is not evidence that a page or product changed.,Major,2026-08-12T14:49:47+00:00
sciex-monitor-product-page-added-5ddf8bde9f75,Product evidence,Competitive timeline / product comparator,SCIEX official product page observed,https://sciex.com/products/mass-spectrometers/qtof-systems/x-series-qtof-systems,,Unsupported/Hallucinated,Initial observation is not evidence that a page or product changed.,Major,2026-08-12T14:49:47+00:00
sciex-monitor-product-page-added-cae81400b14f,Product evidence,Competitive timeline / product comparator,SCIEX official product page observed,https://sciex.com/products/mass-spectrometers/qtof-systems/x-series-qtof-systems/x500r-qtof-system,,Unsupported/Hallucinated,Initial observation is not evidence that a page or product changed.,Major,2026-08-12T14:49:47+00:00
sciex-monitor-product-page-added-fee1e23a2e50,Product evidence,Competitive timeline / product comparator,SCIEX official product page observed,https://sciex.com/products/mass-spectrometers/qtof-systems/x-series-qtof-systems/x500b-qtof-system,,Unsupported/Hallucinated,Initial observation is not evidence that a page or product changed.,Major,2026-08-12T14:49:47+00:00
sciex-monitor-product-page-added-777d02ea1b1c,Product evidence,Competitive timeline / product comparator,SCIEX official product page observed,https://sciex.com/products/mass-spectrometers/qtof-systems/tripletof-systems,,Unsupported/Hallucinated,Initial observation is not evidence that a page or product changed.,Major,2026-08-12T14:49:47+00:00
sciex-monitor-product-page-added-f5464f0d2efc,Product evidence,Competitive timeline / product comparator,SCIEX official product page observed,https://sciex.com/products/mass-spectrometers/qtof-systems/tripletof-systems/tripletof-6600-system,,Unsupported/Hallucinated,Initial observation is not evidence that a page or product changed.,Major,2026-08-12T14:49:47+00:00
sciex-monitor-product-page-added-19681c49754f,Product evidence,Competitive timeline / product comparator,SCIEX official product page observed,https://sciex.com/products/mass-spectrometers/qtof-systems/tripletof-systems/tripletof-6600plus-system,,Unsupported/Hallucinated,Initial observation is not evidence that a page or product changed.,Major,2026-08-12T14:49:47+00:00
sciex-monitor-product-page-added-965cea28d0ce,Product evidence,Competitive timeline / product comparator,SCIEX official product page observed,https://sciex.com/products/mass-spectrometers/qtof-systems/zenotof-7600-system,,Unsupported/Hallucinated,Initial observation is not evidence that a page or product changed.,Major,2026-08-12T14:49:47+00:00
sciex-monitor-product-page-added-23b18ccf1b09,Product evidence,Competitive timeline / product comparator,SCIEX official product page observed,https://sciex.com/products/mass-spectrometers/qtof-systems/7600-plus-system,,Unsupported/Hallucinated,Initial observation is not evidence that a page or product changed.,Major,2026-08-12T14:49:47+00:00
sciex-monitor-product-page-added-d90b109b1581,Product evidence,Competitive timeline / product comparator,SCIEX official product page observed,https://sciex.com/products/mass-spectrometers/qtof-systems/8600-system,,Unsupported/Hallucinated,Initial observation is not evidence that a page or product changed.,Major,2026-08-12T14:49:47+00:00
sciex-monitor-product-page-added-5df2f0f91e55,Product evidence,Competitive timeline / product comparator,SCIEX official product page observed,https://sciex.com/products/mass-spectrometers/qtrap-systems,,Unsupported/Hallucinated,Initial observation is not evidence that a page or product changed.,Major,2026-08-12T14:49:47+00:00
sciex-monitor-product-page-added-2c770db764c7,Product evidence,Competitive timeline / product comparator,SCIEX official product page observed,https://sciex.com/products/mass-spectrometers/qtrap-systems/qtrap-6500plus-system,,Unsupported/Hallucinated,Initial observation is not evidence that a page or product changed.,Major,2026-08-12T14:49:47+00:00
sciex-monitor-product-page-added-0d05594c2b18,Product evidence,Competitive timeline / product comparator,SCIEX official product page observed,https://sciex.com/products/mass-spectrometers/qtrap-systems/qtrap-6500-system,,Unsupported/Hallucinated,Initial observation is not evidence that a page or product changed.,Major,2026-08-12T14:49:47+00:00
sciex-monitor-product-page-added-b6feafec1bee,Product evidence,Competitive timeline / product comparator,SCIEX official product page observed,https://sciex.com/products/mass-spectrometers/qtrap-systems/qtrap-5500-system,,Unsupported/Hallucinated,Initial observation is not evidence that a page or product changed.,Major,2026-08-12T14:49:47+00:00
sciex-monitor-product-page-added-c4440faa7a3c,Product evidence,Competitive timeline / product comparator,SCIEX official product page observed,https://sciex.com/products/mass-spectrometers/qtrap-systems/qtrap-4500-system,,Unsupported/Hallucinated,Initial observation is not evidence that a page or product changed.,Major,2026-08-12T14:49:47+00:00
sciex-monitor-product-page-added-91a12f854736,Product evidence,Competitive timeline / product comparator,SCIEX official product page observed,https://sciex.com/products/mass-spectrometers/qtrap-systems/qtrap-4000-system,,Unsupported/Hallucinated,Initial observation is not evidence that a page or product changed.,Major,2026-08-12T14:49:47+00:00
sciex-monitor-product-page-added-9921c26421cd,Product evidence,Competitive timeline / product comparator,SCIEX official product page observed,https://sciex.com/products/mass-spectrometers/qtrap-systems/qtrap-3200-system,,Unsupported/Hallucinated,Initial observation is not evidence that a page or product changed.,Major,2026-08-12T14:49:47+00:00
sciex-monitor-product-page-added-57935b1aa90e,Product evidence,Competitive timeline / product comparator,SCIEX official product page observed,https://sciex.com/products/mass-spectrometers/triple-quad-systems,,Unsupported/Hallucinated,Initial observation is not evidence that a page or product changed.,Major,2026-08-12T14:49:47+00:00
sciex-monitor-product-page-added-7b6b3eb96e94,Product evidence,Competitive timeline / product comparator,SCIEX official product page observed,https://sciex.com/products/mass-spectrometers/triple-quad-systems/triple-quad-6500plus-system,,Unsupported/Hallucinated,Initial observation is not evidence that a page or product changed.,Major,2026-08-12T14:49:47+00:00
sciex-monitor-product-page-added-67f68e7bd394,Product evidence,Competitive timeline / product comparator,SCIEX official product page observed,https://sciex.com/products/mass-spectrometers/triple-quad-systems/triple-quad-5500-system,,Unsupported/Hallucinated,Initial observation is not evidence that a page or product changed.,Major,2026-08-12T14:49:47+00:00
sciex-monitor-product-page-added-0ee05b43b5b0,Product evidence,Competitive timeline / product comparator,SCIEX official product page observed,https://sciex.com/products/mass-spectrometers/triple-quad-systems/triple-quad-4500-system,,Unsupported/Hallucinated,Initial observation is not evidence that a page or product changed.,Major,2026-08-12T14:49:47+00:00
sciex-monitor-product-page-added-2d23d2b57780,Product evidence,Competitive timeline / product comparator,SCIEX official product page observed,https://sciex.com/products/mass-spectrometers/triple-quad-systems/triple-quad-3500-system,,Unsupported/Hallucinated,Initial observation is not evidence that a page or product changed.,Major,2026-08-12T14:49:47+00:00
sciex-monitor-product-page-added-05090ccb6d0b,Product evidence,Competitive timeline / product comparator,SCIEX official product page observed,https://sciex.com/products/mass-spectrometers/triple-quad-systems/api-3200-system,,Unsupported/Hallucinated,Initial observation is not evidence that a page or product changed.,Major,2026-08-12T14:49:47+00:00
sciex-monitor-product-page-added-38baf1ce585a,Product evidence,Competitive timeline / product comparator,SCIEX official product page observed,https://sciex.com/products/mass-spectrometers/triple-quad-systems/triple-quad-6500-system,,Unsupported/Hallucinated,Initial observation is not evidence that a page or product changed.,Major,2026-08-12T14:49:47+00:00
sciex-monitor-product-page-added-7446537876dc,Product evidence,Competitive timeline / product comparator,SCIEX official product page observed,https://sciex.com/products/mass-spectrometers/triple-quad-systems/api-4000-system,,Unsupported/Hallucinated,Initial observation is not evidence that a page or product changed.,Major,2026-08-12T14:49:47+00:00
sciex-monitor-product-page-added-c01a352e2408,Product evidence,Competitive timeline / product comparator,SCIEX official product page observed,https://sciex.com/products/mass-spectrometers/triple-quad-systems/triple-quad-7500-system,,Unsupported/Hallucinated,Initial observation is not evidence that a page or product changed.,Major,2026-08-12T14:49:47+00:00
sciex-monitor-product-page-added-b64fb8adbee0,Product evidence,Competitive timeline / product comparator,SCIEX official product page observed,https://sciex.com/products/mass-spectrometers/triple-quad-systems/triple-quad-7500-plus-system,,Unsupported/Hallucinated,Initial observation is not evidence that a page or product changed.,Major,2026-08-12T14:49:47+00:00
sciex-monitor-product-page-added-b9db12fdd5b3,Product evidence,Competitive timeline / product comparator,SCIEX official product page observed,https://sciex.com/products/mass-spectrometers/triple-quad-systems/novus-v55-system,,Unsupported/Hallucinated,Initial observation is not evidence that a page or product changed.,Major,2026-08-12T14:49:47+00:00
sciex-monitor-product-page-added-c1ab57ccce28,Product evidence,Competitive timeline / product comparator,SCIEX official product page observed,https://sciex.com/products/mass-spectrometers/triple-quad-systems/triple-quad-5500-plus-system,,Unsupported/Hallucinated,Initial observation is not evidence that a page or product changed.,Major,2026-08-12T14:49:47+00:00
sciex-monitor-product-page-added-005d90674d6c,Product evidence,Competitive timeline / product comparator,SCIEX official product page observed,https://sciex.com/products/mass-spectrometers/tof-tof-systems,,Unsupported/Hallucinated,Initial observation is not evidence that a page or product changed.,Major,2026-08-12T14:49:47+00:00
sciex-monitor-product-page-added-96b9477f3118,Product evidence,Competitive timeline / product comparator,SCIEX official product page observed,https://sciex.com/products/mass-spectrometers/tof-tof-systems/tof-tof-5800-system,,Unsupported/Hallucinated,Initial observation is not evidence that a page or product changed.,Major,2026-08-12T14:49:47+00:00
sciex-monitor-product-page-added-004bc7b2cce0,Product evidence,Competitive timeline / product comparator,SCIEX official product page observed,https://sciex.com/products/mass-spectrometers/novus-v55-roi-calculator,,Unsupported/Hallucinated,Initial observation is not evidence that a page or product changed.,Major,2026-08-12T14:49:47+00:00
sciex-monitor-product-page-added-9f9cfe4bf69c,Product evidence,Competitive timeline / product comparator,SCIEX official product page observed,https://sciex.com/products/hplc-products/microlc-products,,Unsupported/Hallucinated,Initial observation is not evidence that a page or product changed.,Major,2026-08-12T14:49:47+00:00
sciex-monitor-product-page-added-d435a9222360,Product evidence,Competitive timeline / product comparator,SCIEX official product page observed,https://sciex.com/products/hplc-products/microlc-products/micro-hplc-columns,,Unsupported/Hallucinated,Initial observation is not evidence that a page or product changed.,Major,2026-08-12T14:49:47+00:00
sciex-monitor-product-page-added-ffaac4b25f20,Product evidence,Competitive timeline / product comparator,SCIEX official product page observed,https://sciex.com/products/hplc-products/microlc-products/m5-microlc,,Unsupported/Hallucinated,Initial observation is not evidence that a page or product changed.,Major,2026-08-12T14:49:47+00:00
sciex-monitor-product-page-added-e3df624edd3d,Product evidence,Competitive timeline / product comparator,SCIEX official product page observed,https://sciex.com/products/hplc-products/nanolc-products,,Unsupported/Hallucinated,Initial observation is not evidence that a page or product changed.,Major,2026-08-12T14:49:47+00:00
sciex-monitor-product-page-added-fc71984d502f,Product evidence,Competitive timeline / product comparator,SCIEX official product page observed,https://sciex.com/products/hplc-products/nanolc-products/nanolc-400,,Unsupported/Hallucinated,Initial observation is not evidence that a page or product changed.,Major,2026-08-12T14:49:47+00:00
sciex-monitor-product-page-added-c75c2bf4ab86,Product evidence,Competitive timeline / product comparator,SCIEX official product page observed,https://sciex.com/products/hplc-products/nanolc-products/nano-chiplc-columns,,Unsupported/Hallucinated,Initial observation is not evidence that a page or product changed.,Major,2026-08-12T14:49:47+00:00
sciex-monitor-product-page-added-2b21e0614609,Product evidence,Competitive timeline / product comparator,SCIEX official product page observed,https://sciex.com/products/hplc-products/nanolc-products/chiplc-system,,Unsupported/Hallucinated,Initial observation is not evidence that a page or product changed.,Major,2026-08-12T14:49:47+00:00
sciex-monitor-product-page-added-1037503b160c,Product evidence,Competitive timeline / product comparator,SCIEX official product page observed,https://sciex.com/products/hplc-products/nanolc-products/micro-chiplc-columns,,Unsupported/Hallucinated,Initial observation is not evidence that a page or product changed.,Major,2026-08-12T14:49:47+00:00
sciex-monitor-product-page-added-68a1e5a30cad,Product evidence,Competitive timeline / product comparator,SCIEX official product page observed,https://sciex.com/products/hplc-products/exionlc-2,,Unsupported/Hallucinated,Initial observation is not evidence that a page or product changed.,Major,2026-08-12T14:49:47+00:00
sciex-monitor-product-page-added-89c52ec3b161,Product evidence,Competitive timeline / product comparator,SCIEX official product page observed,https://sciex.com/products/hplc-products/exionlc-ae,,Unsupported/Hallucinated,Initial observation is not evidence that a page or product changed.,Major,2026-08-12T14:49:47+00:00
sciex-monitor-product-page-added-83681a999612,Product evidence,Competitive timeline / product comparator,SCIEX official product page observed,https://sciex.com/products/software/analyst-software,,Unsupported/Hallucinated,Initial observation is not evidence that a page or product changed.,Major,2026-08-12T14:49:47+00:00
sciex-monitor-product-page-added-fb0563888cbe,Product evidence,Competitive timeline / product comparator,SCIEX official product page observed,https://sciex.com/products/software/analyst-tf-software,,Unsupported/Hallucinated,Initial observation is not evidence that a page or product changed.,Major,2026-08-12T14:49:47+00:00
sciex-monitor-product-page-added-70dda5ee07fb,Product evidence,Competitive timeline / product comparator,SCIEX official product page observed,https://sciex.com/products/software/biopharmaview-software,,Unsupported/Hallucinated,Initial observation is not evidence that a page or product changed.,Major,2026-08-12T14:49:47+00:00
sciex-monitor-product-page-added-9b7e11e08542,Product evidence,Competitive timeline / product comparator,SCIEX official product page observed,https://sciex.com/products/software/bio-tool-kit-software,,Unsupported/Hallucinated,Initial observation is not evidence that a page or product changed.,Major,2026-08-12T14:49:47+00:00
sciex-monitor-product-page-added-b544ef2aeb29,Product evidence,Competitive timeline / product comparator,SCIEX official product page observed,https://sciex.com/products/software/chemoview-software,,Unsupported/Hallucinated,Initial observation is not evidence that a page or product changed.,Major,2026-08-12T14:49:47+00:00
sciex-monitor-product-page-added-c5877dd41fff,Product evidence,Competitive timeline / product comparator,SCIEX official product page observed,https://sciex.com/products/software/discoveryquant-software,,Unsupported/Hallucinated,Initial observation is not evidence that a page or product changed.,Major,2026-08-12T14:49:47+00:00
sciex-monitor-product-page-added-f976c08f8f82,Product evidence,Competitive timeline / product comparator,SCIEX official product page observed,https://sciex.com/products/software/cliquid-software,,Unsupported/Hallucinated,Initial observation is not evidence that a page or product changed.,Major,2026-08-12T14:49:47+00:00
sciex-monitor-product-page-added-d266fa198594,Product evidence,Competitive timeline / product comparator,SCIEX official product page observed,https://sciex.com/products/software/lightsight-software,,Unsupported/Hallucinated,Initial observation is not evidence that a page or product changed.,Major,2026-08-12T14:49:47+00:00
sciex-monitor-product-page-added-2e325d6812d6,Product evidence,Competitive timeline / product comparator,SCIEX official product page observed,https://sciex.com/products/software/lipidview-software,,Unsupported/Hallucinated,Initial observation is not evidence that a page or product changed.,Major,2026-08-12T14:49:47+00:00
sciex-monitor-product-page-added-1f1eaa556ed9,Product evidence,Competitive timeline / product comparator,SCIEX official product page observed,https://sciex.com/products/software/markerview-software,,Unsupported/Hallucinated,Initial observation is not evidence that a page or product changed.,Major,2026-08-12T14:49:47+00:00
sciex-monitor-product-page-added-14e8689b7baa,Product evidence,Competitive timeline / product comparator,SCIEX official product page observed,https://sciex.com/products/software/metabolitepilot-software,,Unsupported/Hallucinated,Initial observation is not evidence that a page or product changed.,Major,2026-08-12T14:49:47+00:00
sciex-monitor-product-page-added-58ebfdd92d82,Product evidence,Competitive timeline / product comparator,SCIEX official product page observed,https://sciex.com/products/software/mpx-software,,Unsupported/Hallucinated,Initial observation is not evidence that a page or product changed.,Major,2026-08-12T14:49:47+00:00
sciex-monitor-product-page-added-53f2c9db2fbc,Product evidence,Competitive timeline / product comparator,SCIEX official product page observed,https://sciex.com/products/software/multiquant-software,,Unsupported/Hallucinated,Initial observation is not evidence that a page or product changed.,Major,2026-08-12T14:49:47+00:00
sciex-monitor-product-page-added-7155c3fe676a,Product evidence,Competitive timeline / product comparator,SCIEX official product page observed,https://sciex.com/products/software/peakview-software,,Unsupported/Hallucinated,Initial observation is not evidence that a page or product changed.,Major,2026-08-12T14:49:47+00:00
sciex-monitor-product-page-added-614c4535746c,Product evidence,Competitive timeline / product comparator,SCIEX official product page observed,https://sciex.com/products/software/proteinpilot-software,,Unsupported/Hallucinated,Initial observation is not evidence that a page or product changed.,Major,2026-08-12T14:49:47+00:00
sciex-monitor-product-page-added-d1e450e9883c,Product evidence,Competitive timeline / product comparator,SCIEX official product page observed,https://sciex.com/products/software/mass-spectrometry-software-solutions,,Unsupported/Hallucinated,Initial observation is not evidence that a page or product changed.,Major,2026-08-12T14:49:47+00:00
sciex-monitor-product-page-added-ed7e6810332b,Product evidence,Competitive timeline / product comparator,SCIEX official product page observed,https://sciex.com/products/software/oneomics,,Unsupported/Hallucinated,Initial observation is not evidence that a page or product changed.,Major,2026-08-12T14:49:47+00:00
sciex-monitor-product-page-added-d0d66fc16203,Product evidence,Competitive timeline / product comparator,SCIEX official product page observed,https://sciex.com/products/software/molecule-profiler-software,,Unsupported/Hallucinated,Initial observation is not evidence that a page or product changed.,Major,2026-08-12T14:49:47+00:00
sciex-monitor-product-page-added-35f5bb9417b5,Product evidence,Competitive timeline / product comparator,SCIEX official product page observed,https://sciex.com/products/software/biologics-explorer-software,,Unsupported/Hallucinated,Initial observation is not evidence that a page or product changed.,Major,2026-08-12T14:49:47+00:00
sciex-monitor-product-page-added-26b6cc033c60,Product evidence,Competitive timeline / product comparator,SCIEX official product page observed,https://sciex.com/products/software/os-software-roi-calculator,,Unsupported/Hallucinated,Initial observation is not evidence that a page or product changed.,Major,2026-08-12T14:49:47+00:00
sciex-monitor-product-page-added-5831707253b8,Product evidence,Competitive timeline / product comparator,SCIEX official product page observed,https://sciex.com/products/software/artificial-intelligence-quant,,Unsupported/Hallucinated,Initial observation is not evidence that a page or product changed.,Major,2026-08-12T14:49:47+00:00
sciex-monitor-product-page-added-1d63d0e8aa50,Product evidence,Competitive timeline / product comparator,SCIEX official product page observed,https://sciex.com/products/software/sciex-os-software,,Unsupported/Hallucinated,Initial observation is not evidence that a page or product changed.,Major,2026-08-12T14:49:47+00:00
sciex-monitor-product-page-added-8ddebb67c185,Product evidence,Competitive timeline / product comparator,SCIEX official product page observed,https://sciex.com/products/software/sciex-os-software/sciex-os-tips-and-tricks,,Unsupported/Hallucinated,Initial observation is not evidence that a page or product changed.,Major,2026-08-12T14:49:47+00:00
sciex-monitor-product-page-added-1de2a8b792e4,Product evidence,Competitive timeline / product comparator,SCIEX official product page observed,https://sciex.com/products/software/partner-software,,Unsupported/Hallucinated,Initial observation is not evidence that a page or product changed.,Major,2026-08-12T14:49:47+00:00
pubmed-42526213,Scientific publication,Public evidence library,Novel applications of broadband cavity enhanced absorption spectroscopy (BBCEAS) as a detector for HPLC at ultraviolet wavelengths from 250 - 400 nm,https://pubmed.ncbi.nlm.nih.gov/42526213/,Novel applications of broadband cavity enhanced absorption spectroscopy (BBCEAS) as a detector for HPLC at,UNREACHABLE,Current automated retrieval is blocked or challenged.,Major,2026-08-12T14:49:47+00:00
agilent-monitor-press-release-0ccfef63ebc7,Signal card,Dashboard / public evidence library,"Agilent Receives EU Approval for PD-L1 IHC 22C3 pharmDx in Epithelial Ovarian, Fallopian Tube, or Primary Peritoneal Carcinoma",https://www.agilent.com/about/newsroom/presrel/2026/23jul-ca26027.html,,UNREACHABLE,HTTP response contains an access-control or bot-challenge page,Major,2026-08-12T14:49:47+00:00
thermo-fisher-monitor-press-release-21d47f45d77c,Signal card,Dashboard / public evidence library,Thermo Fisher Scientific Reports Second Quarter 2026 Results,https://ir.thermofisher.com/investors/news-events/news/news-details/2026/Thermo-Fisher-Scientific-Reports-Second-Quarter-2026-Results/default.aspx,,Partially supported,,Major,2026-08-12T14:49:47+00:00
sec-thermo-0000097745-26-000138,SEC filing,SEC filing insights,THERMO FISHER SCIENTIFIC INC. filed 8-K,https://www.sec.gov/Archives/edgar/data/97745/000009774526000138/tmo-20260723.htm,,UNREACHABLE,Current automated retrieval is blocked or challenged.,Major,2026-08-12T14:49:47+00:00
sec-sciex-0000313616-26-000163,SEC filing,SEC filing insights,Danaher Corporation filed 8-K,https://www.sec.gov/Archives/edgar/data/313616/000031361626000163/dhr-20260721.htm,,UNREACHABLE,Current automated retrieval is blocked or challenged.,Major,2026-08-12T14:49:47+00:00
sec-sciex-0000313616-26-000161,SEC filing,SEC filing insights,Danaher Corporation filed 10-Q,https://www.sec.gov/Archives/edgar/data/313616/000031361626000161/dhr-20260626.htm,,UNREACHABLE,Current automated retrieval is blocked or challenged.,Major,2026-08-12T14:49:47+00:00
pubmed-42470478,Scientific publication,Public evidence library,Oxidation-derived metabolites sustain the antioxidant network of quercetin,https://pubmed.ncbi.nlm.nih.gov/42470478/,Oxidation-derived metabolites sustain the antioxidant network of quercetin,UNREACHABLE,Current automated retrieval is blocked or challenged.,Major,2026-08-12T14:49:47+00:00
perkinelmer-monitor-press-release-fb37f995366c,Signal card,Dashboard / public evidence library,"PerkinElmer Publishes 2025 Sustainability Report, Advancing its Commitment to Cleaner Science and a",https://www.perkinelmer.com/corporate-and-newsroom/perkinelmer-publishes-2025-sustainability-report-advancing-its-commitment-cleaner-science-and-more-sustainable-future,,Partially supported,,Major,2026-08-12T14:49:47+00:00
pubmed-42452901,Scientific publication,Public evidence library,Assessing quality standards of biomarker measurement in first-trimester combined screening for preeclampsia in the Chinese population: A multicenter study,https://pubmed.ncbi.nlm.nih.gov/42452901/,Assessing quality standards of biomarker measurement in first-trimester combined screening for preeclampsia in the Chinese,UNREACHABLE,Current automated retrieval is blocked or challenged.,Major,2026-08-12T14:49:47+00:00
shimadzu-monitor-press-release-493d3ae30253,Signal card,Dashboard / public evidence library,Industry-Leading Detection Performance and Flexibility for Diverse Analytical Needs Shimadzu Releases the GCMS-TQ RX Series Gas Chromatograph-Mass Spectrometer,https://www.shimadzu.com/news/2026/rqlmu84w5ry4eew_.html,,Partially supported,,Major,2026-08-12T14:49:47+00:00
agilent-monitor-press-release-65b64162af64,Signal card,Dashboard / public evidence library,"Agilent Receives FDA Approval for PD-L1 IHC 28-8 pharmDx in Esophageal Squamous Cell Carcinoma (ESCC), Gastric, Gastroesophageal Junction (GEJ), and Esophageal Adenocarcinoma",https://www.agilent.com/about/newsroom/presrel/2026/14jul-ca26026.html,,UNREACHABLE,HTTP response contains an access-control or bot-challenge page,Major,2026-08-12T14:49:47+00:00
perkinelmer-monitor-press-release-304d9154a169,Signal card,Dashboard / public evidence library,PerkinElmer Partners with eXXpedition to Advance Ocean Science and a More Sustainable Future,https://www.perkinelmer.com/corporate-and-newsroom/perkinelmer-partners-exxpedition-advance-ocean-science-and-more-sustainable-future,,Partially supported,,Major,2026-08-12T14:49:47+00:00
thermo-fisher-monitor-technical-insight-1b3f4401f8d2,Signal card,Dashboard / public evidence library,Moving to Mainstream: Is the World Finally Ready for Low-Flow LC?,https://www.thermofisher.com/blog/analyteguru/moving-to-mainstream-is-the-world-finally-ready-for-low-flow-lc/,,Partially supported,,Major,2026-08-12T14:49:47+00:00
shimadzu-monitor-press-release-32070839129f,Signal card,Dashboard / public evidence library,Shimadzu Acquires Czech-Based TESCAN as a Wholly Owned Subsidiary Acquisition of Electron Microscopy Business Strengthens End-to-End Solutions in Analytical and Measuring Technologies,https://www.shimadzu.com/news/2026/j97cvpy4m18o8cm3.html,,Partially supported,,Major,2026-08-12T14:49:47+00:00
shimadzu-monitor-product-page-added-51e328fafe8f,Product evidence,Competitive timeline / product comparator,Shimadzu official product page observed,https://www.shimadzu.com/an/products/liquid-chromatograph-mass-spectrometry/index.html,,Unsupported/Hallucinated,Initial observation is not evidence that a page or product changed.,Major,2026-08-12T14:49:47+00:00
shimadzu-monitor-product-page-added-b53e177446a0,Product evidence,Competitive timeline / product comparator,Shimadzu official product page observed,https://www.shimadzu.com/an/products/liquid-chromatograph-mass-spectrometry/lc-ms-system/lcmsms-method-package-for-modified-nucleosides/index.html,,Unsupported/Hallucinated,Initial observation is not evidence that a page or product changed.,Major,2026-08-12T14:49:47+00:00
shimadzu-monitor-product-page-added-4cc1776b3539,Product evidence,Competitive timeline / product comparator,Shimadzu official product page observed,https://www.shimadzu.com/an/products/liquid-chromatograph-mass-spectrometry/lc-ms-system/lcmsms-method-package-for-short-chain-fatty-acids/index.html,,Unsupported/Hallucinated,Initial observation is not evidence that a page or product changed.,Major,2026-08-12T14:49:47+00:00
shimadzu-monitor-product-page-added-ed77455d2ac1,Product evidence,Competitive timeline / product comparator,Shimadzu official product page observed,https://www.shimadzu.com/an/products/liquid-chromatograph-mass-spectrometry/lc-ms-system/lcmsms-method-package-for-veterinary-drugs-ver-2/index.html,,Unsupported/Hallucinated,Initial observation is not evidence that a page or product changed.,Major,2026-08-12T14:49:47+00:00
shimadzu-monitor-product-page-added-19235db0163b,Product evidence,Competitive timeline / product comparator,Shimadzu official product page observed,https://www.shimadzu.com/an/products/liquid-chromatograph-mass-spectrometry/lc-ms-system/rapid-toxicology-screening-ver2/index.html,,Unsupported/Hallucinated,Initial observation is not evidence that a page or product changed.,Major,2026-08-12T14:49:47+00:00
shimadzu-monitor-product-page-added-6d08e82a9c74,Product evidence,Competitive timeline / product comparator,Shimadzu official product page observed,https://www.shimadzu.com/an/products/liquid-chromatograph-mass-spectrometry/lc-ms-system/metabolites-method-package-suite/index.html,,Unsupported/Hallucinated,Initial observation is not evidence that a page or product changed.,Major,2026-08-12T14:49:47+00:00
shimadzu-monitor-product-page-added-e771e6a0443c,Product evidence,Competitive timeline / product comparator,Shimadzu official product page observed,https://www.shimadzu.com/an/products/liquid-chromatograph-mass-spectrometry/lc-ms-system/lcmsms-method-package-for-mycotoxins/index.html,,Unsupported/Hallucinated,Initial observation is not evidence that a page or product changed.,Major,2026-08-12T14:49:47+00:00
shimadzu-monitor-product-page-added-d8d1881ec362,Product evidence,Competitive timeline / product comparator,Shimadzu official product page observed,https://www.shimadzu.com/an/products/liquid-chromatograph-mass-spectrometry/lc-ms-system/lcmsms-method-package-for-restricted-chemicals-in-textiles/index.html,,Unsupported/Hallucinated,Initial observation is not evidence that a page or product changed.,Major,2026-08-12T14:49:47+00:00
shimadzu-monitor-product-page-added-55b9a0a378b7,Product evidence,Competitive timeline / product comparator,Shimadzu official product page observed,https://www.shimadzu.com/an/products/liquid-chromatograph-mass-spectrometry/lc-ms-system/lcmsms-method-package-for-pfas/index.html,,Unsupported/Hallucinated,Initial observation is not evidence that a page or product changed.,Major,2026-08-12T14:49:47+00:00
shimadzu-monitor-product-page-added-ad97b6fc064e,Product evidence,Competitive timeline / product comparator,Shimadzu official product page observed,https://www.shimadzu.com/an/products/liquid-chromatograph-mass-spectrometry/lc-ms-system/lcmsms-method-package-for-aminoglycoside-antibiotics/index.html,,Unsupported/Hallucinated,Initial observation is not evidence that a page or product changed.,Major,2026-08-12T14:49:47+00:00
shimadzu-monitor-product-page-added-8cfe84e08928,Product evidence,Competitive timeline / product comparator,Shimadzu official product page observed,https://www.shimadzu.com/an/products/liquid-chromatograph-mass-spectrometry/lc-ms-system/lcmsms-forensic-toxicology-database/index.html,,Unsupported/Hallucinated,Initial observation is not evidence that a page or product changed.,Major,2026-08-12T14:49:47+00:00
shimadzu-monitor-product-page-added-f32f48945731,Product evidence,Competitive timeline / product comparator,Shimadzu official product page observed,https://www.shimadzu.com/an/products/liquid-chromatograph-mass-spectrometry/lc-ms-system/lcmsms-method-package-for-water-quality-analysis/index.html,,Unsupported/Hallucinated,Initial observation is not evidence that a page or product changed.,Major,2026-08-12T14:49:47+00:00
shimadzu-monitor-product-page-added-32a20a522e57,Product evidence,Competitive timeline / product comparator,Shimadzu official product page observed,https://www.shimadzu.com/an/products/liquid-chromatograph-mass-spectrometry/lc-ms-system/erexim-application-suite/index.html,,Unsupported/Hallucinated,Initial observation is not evidence that a page or product changed.,Major,2026-08-12T14:49:47+00:00
shimadzu-monitor-product-page-added-71981cd6d718,Product evidence,Competitive timeline / product comparator,Shimadzu official product page observed,https://www.shimadzu.com/an/products/liquid-chromatograph-mass-spectrometry/lc-ms-system/micro-volume-quechers-kit/index.html,,Unsupported/Hallucinated,Initial observation is not evidence that a page or product changed.,Major,2026-08-12T14:49:47+00:00
shimadzu-monitor-product-page-added-a71525ce933f,Product evidence,Competitive timeline / product comparator,Shimadzu official product page observed,https://www.shimadzu.com/an/products/liquid-chromatograph-mass-spectrometry/lc-ms-system/open-solution-analytical/index.html,,Unsupported/Hallucinated,Initial observation is not evidence that a page or product changed.,Major,2026-08-12T14:49:47+00:00
shimadzu-monitor-product-page-added-97e1f78c5889,Product evidence,Competitive timeline / product comparator,Shimadzu official product page observed,https://www.shimadzu.com/an/products/liquid-chromatograph-mass-spectrometry/lc-ms-system/mrm-library-for-triglycerides/index.html,,Unsupported/Hallucinated,Initial observation is not evidence that a page or product changed.,Major,2026-08-12T14:49:47+00:00
shimadzu-monitor-product-page-added-2eddf63b2cb1,Product evidence,Competitive timeline / product comparator,Shimadzu official product page observed,https://www.shimadzu.com/an/products/liquid-chromatograph-mass-spectrometry/lc-ms-system/trap-free-2d-lcms-system-for-quadrupole-lcms/index.html,,Unsupported/Hallucinated,Initial observation is not evidence that a page or product changed.,Major,2026-08-12T14:49:47+00:00
shimadzu-monitor-product-page-added-5ae5e7c44e17,Product evidence,Competitive timeline / product comparator,Shimadzu official product page observed,https://www.shimadzu.com/an/products/liquid-chromatograph-mass-spectrometry/lc-ms-system/lcmsms-method-package-for-dl-amino-acids/index.html,,Unsupported/Hallucinated,Initial observation is not evidence that a page or product changed.,Major,2026-08-12T14:49:47+00:00
shimadzu-monitor-product-page-added-518221098746,Product evidence,Competitive timeline / product comparator,Shimadzu official product page observed,https://www.shimadzu.com/an/products/liquid-chromatograph-mass-spectrometry/lc-ms-system/nsmol-antibody-ba-kit/index.html,,Unsupported/Hallucinated,Initial observation is not evidence that a page or product changed.,Major,2026-08-12T14:49:47+00:00
shimadzu-monitor-product-page-added-4d056c533455,Product evidence,Competitive timeline / product comparator,Shimadzu official product page observed,https://www.shimadzu.com/an/products/liquid-chromatograph-mass-spectrometry/lc-ms-system/exact-mass-database-for-endogenous-metabolites/index.html,,Unsupported/Hallucinated,Initial observation is not evidence that a page or product changed.,Major,2026-08-12T14:49:47+00:00
shimadzu-monitor-product-page-added-30aefe6e6f59,Product evidence,Competitive timeline / product comparator,Shimadzu official product page observed,https://www.shimadzu.com/an/products/liquid-chromatograph-mass-spectrometry/lc-ms-system/lcmsms-method-package-for-glycosaminoglycans/index.html,,Unsupported/Hallucinated,Initial observation is not evidence that a page or product changed.,Major,2026-08-12T14:49:47+00:00
shimadzu-monitor-product-page-added-6f298dbf5243,Product evidence,Competitive timeline / product comparator,Shimadzu official product page observed,https://www.shimadzu.com/an/products/liquid-chromatograph-mass-spectrometry/lc-ms-system/lcmsms-rapid-toxicology-screening-system-ver3/index.html,,Unsupported/Hallucinated,Initial observation is not evidence that a page or product changed.,Major,2026-08-12T14:49:47+00:00
shimadzu-monitor-product-page-added-2c3957add961,Product evidence,Competitive timeline / product comparator,Shimadzu official product page observed,https://www.shimadzu.com/an/products/liquid-chromatograph-mass-spectrometry/lc-ms-system/lcmsms-method-package-for-residual-pesticide-ver-3/index.html,,Unsupported/Hallucinated,Initial observation is not evidence that a page or product changed.,Major,2026-08-12T14:49:47+00:00
shimadzu-monitor-product-page-added-f1ef3af5c16d,Product evidence,Competitive timeline / product comparator,Shimadzu official product page observed,https://www.shimadzu.com/an/products/liquid-chromatograph-mass-spectrometry/lc-ms-system/index.html,,Unsupported/Hallucinated,Initial observation is not evidence that a page or product changed.,Major,2026-08-12T14:49:47+00:00
shimadzu-monitor-product-page-added-2cdb261ff452,Product evidence,Competitive timeline / product comparator,Shimadzu official product page observed,https://www.shimadzu.com/an/products/liquid-chromatograph-mass-spectrometry/lc-ms-system/lcmsms-method-package-for-bile-acids/index.html,,Unsupported/Hallucinated,Initial observation is not evidence that a page or product changed.,Major,2026-08-12T14:49:47+00:00
shimadzu-monitor-product-page-added-5f968814e4de,Product evidence,Competitive timeline / product comparator,Shimadzu official product page observed,https://www.shimadzu.com/an/products/liquid-chromatograph-mass-spectrometry/lc-ms-system/method-package-guidebook/index.html,,Unsupported/Hallucinated,Initial observation is not evidence that a page or product changed.,Major,2026-08-12T14:49:47+00:00
shimadzu-monitor-product-page-added-b3201d052f70,Product evidence,Competitive timeline / product comparator,Shimadzu official product page observed,https://www.shimadzu.com/an/products/liquid-chromatograph-mass-spectrometry/lc-ms-system/lcmsms-method-package-for-reactive-sulfur-profiling/index.html,,Unsupported/Hallucinated,Initial observation is not evidence that a page or product changed.,Major,2026-08-12T14:49:47+00:00
shimadzu-monitor-product-page-added-75b45379fbb9,Product evidence,Competitive timeline / product comparator,Shimadzu official product page observed,https://www.shimadzu.com/an/products/liquid-chromatograph-mass-spectrometry/lc-ms-system/lcmsms-method-package-for-cell-culture-profiling/index.html,,Unsupported/Hallucinated,Initial observation is not evidence that a page or product changed.,Major,2026-08-12T14:49:47+00:00
shimadzu-monitor-product-page-added-5ee64a49d3c4,Product evidence,Competitive timeline / product comparator,Shimadzu official product page observed,https://www.shimadzu.com/an/products/liquid-chromatograph-mass-spectrometry/lc-ms-system/lcmsms-method-package-for-sugars-and-sugar-nucleotides/index.html,,Unsupported/Hallucinated,Initial observation is not evidence that a page or product changed.,Major,2026-08-12T14:49:47+00:00
shimadzu-monitor-product-page-added-3f23da6085a1,Product evidence,Competitive timeline / product comparator,Shimadzu official product page observed,https://www.shimadzu.com/an/products/liquid-chromatograph-mass-spectrometry/lc-ms-system/oad-tof/index.html,,Unsupported/Hallucinated,Initial observation is not evidence that a page or product changed.,Major,2026-08-12T14:49:47+00:00
shimadzu-monitor-product-page-added-65b767430333,Product evidence,Competitive timeline / product comparator,Shimadzu official product page observed,https://www.shimadzu.com/an/products/liquid-chromatograph-mass-spectrometry/lc-ms-system/cell-culture-profiling-method-package-for-the-lcms-2050/index.html,,Unsupported/Hallucinated,Initial observation is not evidence that a page or product changed.,Major,2026-08-12T14:49:47+00:00
shimadzu-monitor-product-page-added-3b680e13d8e0,Product evidence,Competitive timeline / product comparator,Shimadzu official product page observed,https://www.shimadzu.com/an/products/liquid-chromatograph-mass-spectrometry/quadrupole-time-of-flight-lc-msms/lcms-9030/index.html,,Unsupported/Hallucinated,Initial observation is not evidence that a page or product changed.,Major,2026-08-12T14:49:47+00:00
shimadzu-monitor-product-page-added-71203bceb4b8,Product evidence,Competitive timeline / product comparator,Shimadzu official product page observed,https://www.shimadzu.com/an/products/liquid-chromatograph-mass-spectrometry/quadrupole-time-of-flight-lc-msms/index.html,,Unsupported/Hallucinated,Initial observation is not evidence that a page or product changed.,Major,2026-08-12T14:49:47+00:00
shimadzu-monitor-product-page-added-f4b32a819b9f,Product evidence,Competitive timeline / product comparator,Shimadzu official product page observed,https://www.shimadzu.com/an/products/liquid-chromatograph-mass-spectrometry/quadrupole-time-of-flight-lc-msms/lcms-9050/index.html,,Unsupported/Hallucinated,Initial observation is not evidence that a page or product changed.,Major,2026-08-12T14:49:47+00:00
shimadzu-monitor-product-page-added-68e15dc04d80,Product evidence,Competitive timeline / product comparator,Shimadzu official product page observed,https://www.shimadzu.com/an/products/liquid-chromatograph-mass-spectrometry/single-quadrupole-lc-ms/index.html,,Unsupported/Hallucinated,Initial observation is not evidence that a page or product changed.,Major,2026-08-12T14:49:47+00:00
shimadzu-monitor-product-page-added-238cd9c2ee9a,Product evidence,Competitive timeline / product comparator,Shimadzu official product page observed,https://www.shimadzu.com/an/products/liquid-chromatograph-mass-spectrometry/single-quadrupole-lc-ms/lcms-2050/index.html,,Unsupported/Hallucinated,Initial observation is not evidence that a page or product changed.,Major,2026-08-12T14:49:47+00:00
shimadzu-monitor-product-page-added-f766d5ee41ff,Product evidence,Competitive timeline / product comparator,Shimadzu official product page observed,https://www.shimadzu.com/an/products/liquid-chromatograph-mass-spectrometry/lc-ms-option/dpims-8060/index.html,,Unsupported/Hallucinated,Initial observation is not evidence that a page or product changed.,Major,2026-08-12T14:49:47+00:00
shimadzu-monitor-product-page-added-4f8bd0696daf,Product evidence,Competitive timeline / product comparator,Shimadzu official product page observed,https://www.shimadzu.com/an/products/liquid-chromatograph-mass-spectrometry/lc-ms-option/dpims-qt/index.html,,Unsupported/Hallucinated,Initial observation is not evidence that a page or product changed.,Major,2026-08-12T14:49:47+00:00
shimadzu-monitor-product-page-added-5d7447c87266,Product evidence,Competitive timeline / product comparator,Shimadzu official product page observed,https://www.shimadzu.com/an/products/liquid-chromatograph-mass-spectrometry/lc-ms-option/index.html,,Unsupported/Hallucinated,Initial observation is not evidence that a page or product changed.,Major,2026-08-12T14:49:47+00:00
shimadzu-monitor-product-page-added-690b8295c606,Product evidence,Competitive timeline / product comparator,Shimadzu official product page observed,https://www.shimadzu.com/an/products/liquid-chromatograph-mass-spectrometry/lc-ms-option/clam-2040/index.html,,Unsupported/Hallucinated,Initial observation is not evidence that a page or product changed.,Major,2026-08-12T14:49:47+00:00
shimadzu-monitor-product-page-added-d01dd10282e0,Product evidence,Competitive timeline / product comparator,Shimadzu official product page observed,https://www.shimadzu.com/an/products/liquid-chromatograph-mass-spectrometry/triple-quadrupole-lc-msms/comparison/index.html,,Unsupported/Hallucinated,Initial observation is not evidence that a page or product changed.,Major,2026-08-12T14:49:47+00:00
shimadzu-monitor-product-page-added-7e6a04bbc9a7,Product evidence,Competitive timeline / product comparator,Shimadzu official product page observed,https://www.shimadzu.com/an/products/liquid-chromatograph-mass-spectrometry/triple-quadrupole-lc-msms/index.html,,Unsupported/Hallucinated,Initial observation is not evidence that a page or product changed.,Major,2026-08-12T14:49:47+00:00
shimadzu-monitor-product-page-added-9a63fcc27f4f,Product evidence,Competitive timeline / product comparator,Shimadzu official product page observed,https://www.shimadzu.com/an/products/liquid-chromatograph-mass-spectrometry/triple-quadrupole-lc-msms/nexera-mikros/index.html,,Unsupported/Hallucinated,Initial observation is not evidence that a page or product changed.,Major,2026-08-12T14:49:47+00:00
shimadzu-monitor-product-page-added-66c3c71132fb,Product evidence,Competitive timeline / product comparator,Shimadzu official product page observed,https://www.shimadzu.com/an/products/liquid-chromatograph-mass-spectrometry/triple-quadrupole-lc-msms/lcms-tq-rx-series/index.html,,Unsupported/Hallucinated,Initial observation is not evidence that a page or product changed.,Major,2026-08-12T14:49:47+00:00
shimadzu-monitor-product-page-added-8c0c794af5b7,Product evidence,Competitive timeline / product comparator,Shimadzu official product page observed,https://www.shimadzu.com/an/products/liquid-chromatograph-mass-spectrometry/triple-quadrupole-lc-msms/lcms-8065xe/index.html,,Unsupported/Hallucinated,Initial observation is not evidence that a page or product changed.,Major,2026-08-12T14:49:47+00:00
shimadzu-monitor-product-page-added-61f1f9afe83d,Product evidence,Competitive timeline / product comparator,Shimadzu official product page observed,https://www.shimadzu.com/an/products/liquid-chromatograph-mass-spectrometry/lc-ms-software/multi-charged-ion-analysis-software/index.html,,Unsupported/Hallucinated,Initial observation is not evidence that a page or product changed.,Major,2026-08-12T14:49:47+00:00
shimadzu-monitor-product-page-added-ee3b1cebbb47,Product evidence,Competitive timeline / product comparator,Shimadzu official product page observed,https://www.shimadzu.com/an/products/liquid-chromatograph-mass-spectrometry/lc-ms-software/labsolutions-insight/index.html,,Unsupported/Hallucinated,Initial observation is not evidence that a page or product changed.,Major,2026-08-12T14:49:47+00:00
shimadzu-monitor-product-page-added-8fd7f302110f,Product evidence,Competitive timeline / product comparator,Shimadzu official product page observed,https://www.shimadzu.com/an/products/liquid-chromatograph-mass-spectrometry/lc-ms-software/lcmsms-mrm-library-for-phospholipid-profiling/index.html,,Unsupported/Hallucinated,Initial observation is not evidence that a page or product changed.,Major,2026-08-12T14:49:47+00:00
shimadzu-monitor-product-page-added-61550a2a5871,Product evidence,Competitive timeline / product comparator,Shimadzu official product page observed,https://www.shimadzu.com/an/products/liquid-chromatograph-mass-spectrometry/lc-ms-software/iflagger/index.html,,Unsupported/Hallucinated,Initial observation is not evidence that a page or product changed.,Major,2026-08-12T14:49:47+00:00
shimadzu-monitor-product-page-added-637d52fc117f,Product evidence,Competitive timeline / product comparator,Shimadzu official product page observed,https://www.shimadzu.com/an/products/liquid-chromatograph-mass-spectrometry/lc-ms-software/index.html,,Unsupported/Hallucinated,Initial observation is not evidence that a page or product changed.,Major,2026-08-12T14:49:47+00:00
shimadzu-monitor-product-page-added-6930642e6312,Product evidence,Competitive timeline / product comparator,Shimadzu official product page observed,https://www.shimadzu.com/an/products/liquid-chromatograph-mass-spectrometry/lc-ms-software/lcmsms-mrm-library-for-metabolic-enzymes-in-yeast/index.html,,Unsupported/Hallucinated,Initial observation is not evidence that a page or product changed.,Major,2026-08-12T14:49:47+00:00
shimadzu-monitor-product-page-added-20f0dc085708,Product evidence,Competitive timeline / product comparator,Shimadzu official product page observed,https://www.shimadzu.com/an/products/liquid-chromatograph-mass-spectrometry/lc-ms-software/lcmsms-method-package-for-primary-metabolites/index.html,,Unsupported/Hallucinated,Initial observation is not evidence that a page or product changed.,Major,2026-08-12T14:49:47+00:00
shimadzu-monitor-product-page-added-879a05bc4a68,Product evidence,Competitive timeline / product comparator,Shimadzu official product page observed,https://www.shimadzu.com/an/products/liquid-chromatograph-mass-spectrometry/lc-ms-software/lcmsms-method-package-for-lipid-mediators/index.html,,Unsupported/Hallucinated,Initial observation is not evidence that a page or product changed.,Major,2026-08-12T14:49:47+00:00
shimadzu-monitor-product-page-added-d118afc96d42,Product evidence,Competitive timeline / product comparator,Shimadzu official product page observed,https://www.shimadzu.com/an/products/liquid-chromatograph-mass-spectrometry/lc-ms-software/multi-omics-analysis-package/index.html,,Unsupported/Hallucinated,Initial observation is not evidence that a page or product changed.,Major,2026-08-12T14:49:47+00:00
shimadzu-monitor-product-page-added-d476cb2f1cc4,Product evidence,Competitive timeline / product comparator,Shimadzu official product page observed,https://www.shimadzu.com/an/products/liquid-chromatograph-mass-spectrometry/lc-ms-software/peakintelligence/index.html,,Unsupported/Hallucinated,Initial observation is not evidence that a page or product changed.,Major,2026-08-12T14:49:47+00:00
shimadzu-monitor-product-page-added-e4d0878f4df4,Product evidence,Competitive timeline / product comparator,Shimadzu official product page observed,https://www.shimadzu.com/an/products/liquid-chromatograph-mass-spectrometry/lc-ms-software/traverse-ms/index.html,,Unsupported/Hallucinated,Initial observation is not evidence that a page or product changed.,Major,2026-08-12T14:49:47+00:00
shimadzu-monitor-product-page-added-5e8fd6e496be,Product evidence,Competitive timeline / product comparator,Shimadzu official product page observed,https://www.shimadzu.com/an/products/liquid-chromatograph-mass-spectrometry/lc-ms-software/high-resolution-accurate-mass-library-for-forensic-toxicology/index.html,,Unsupported/Hallucinated,Initial observation is not evidence that a page or product changed.,Major,2026-08-12T14:49:47+00:00
shimadzu-monitor-product-page-added-9390bf1071b4,Product evidence,Competitive timeline / product comparator,Shimadzu official product page observed,https://www.shimadzu.com/an/products/liquid-chromatograph-mass-spectrometry/lc-ms-software/labsolutions-insight-biologics/index.html,,Unsupported/Hallucinated,Initial observation is not evidence that a page or product changed.,Major,2026-08-12T14:49:47+00:00
shimadzu-monitor-product-page-added-a9fdbe19bfde,Product evidence,Competitive timeline / product comparator,Shimadzu official product page observed,https://www.shimadzu.com/an/products/liquid-chromatograph-mass-spectrometry/automated-lc-msms/index.html,,Unsupported/Hallucinated,Initial observation is not evidence that a page or product changed.,Major,2026-08-12T14:49:47+00:00
shimadzu-monitor-product-page-added-6c567803f190,Product evidence,Competitive timeline / product comparator,Shimadzu official product page observed,https://www.shimadzu.com/an/products/liquid-chromatograph-mass-spectrometry/stories/index.html,,Unsupported/Hallucinated,Initial observation is not evidence that a page or product changed.,Major,2026-08-12T14:49:47+00:00
shimadzu-monitor-product-page-added-96ebf5b22508,Product evidence,Competitive timeline / product comparator,Shimadzu official product page observed,https://www.shimadzu.com/an/products/liquid-chromatograph-mass-spectrometry/lc-ms-consumables/stable-labeled-standards/index.html,,Unsupported/Hallucinated,Initial observation is not evidence that a page or product changed.,Major,2026-08-12T14:49:47+00:00
shimadzu-monitor-product-page-added-4135a63f7e56,Product evidence,Competitive timeline / product comparator,Shimadzu official product page observed,https://www.shimadzu.com/an/products/software-informatics/labsolutions-series/labsolutions-ta/index.html,,Unsupported/Hallucinated,Initial observation is not evidence that a page or product changed.,Major,2026-08-12T14:49:47+00:00
shimadzu-monitor-product-page-added-650a0d8b87ff,Product evidence,Competitive timeline / product comparator,Shimadzu official product page observed,https://www.shimadzu.com/an/products/software-informatics/labsolutions-series/labsolutionsgcms/index.html,,Unsupported/Hallucinated,Initial observation is not evidence that a page or product changed.,Major,2026-08-12T14:49:47+00:00
shimadzu-monitor-product-page-added-bb824c4af68f,Product evidence,Competitive timeline / product comparator,Shimadzu official product page observed,https://www.shimadzu.com/an/products/software-informatics/labsolutions-series/index.html,,Unsupported/Hallucinated,Initial observation is not evidence that a page or product changed.,Major,2026-08-12T14:49:47+00:00
shimadzu-monitor-product-page-added-3a8f3b0719e7,Product evidence,Competitive timeline / product comparator,Shimadzu official product page observed,https://www.shimadzu.com/an/products/software-informatics/labsolutions-series/labsolutions-lcgc/index.html,,Unsupported/Hallucinated,Initial observation is not evidence that a page or product changed.,Major,2026-08-12T14:49:47+00:00
shimadzu-monitor-product-page-added-a7b1d70dcc65,Product evidence,Competitive timeline / product comparator,Shimadzu official product page observed,https://www.shimadzu.com/an/products/software-informatics/labsolutions-series/improving-the-data-integrity-of-spectrometers/index.html,,Unsupported/Hallucinated,Initial observation is not evidence that a page or product changed.,Major,2026-08-12T14:49:47+00:00
shimadzu-monitor-product-page-added-d4a86b07fbd9,Product evidence,Competitive timeline / product comparator,Shimadzu official product page observed,https://www.shimadzu.com/an/products/software-informatics/labsolutions-series/system-linkage-option/index.html,,Unsupported/Hallucinated,Initial observation is not evidence that a page or product changed.,Major,2026-08-12T14:49:47+00:00
shimadzu-monitor-product-page-added-e60848441ceb,Product evidence,Competitive timeline / product comparator,Shimadzu official product page observed,https://www.shimadzu.com/an/products/software-informatics/labsolutions-series/labsolutions-detect/index.html,,Unsupported/Hallucinated,Initial observation is not evidence that a page or product changed.,Major,2026-08-12T14:49:47+00:00
shimadzu-monitor-product-page-added-64b8962dfdcb,Product evidence,Competitive timeline / product comparator,Shimadzu official product page observed,https://www.shimadzu.com/an/products/software-informatics/labsolutions-series/labsolutions-dbcs/index.html,,Unsupported/Hallucinated,Initial observation is not evidence that a page or product changed.,Major,2026-08-12T14:49:47+00:00
shimadzu-monitor-product-page-added-ab9bdb043e24,Product evidence,Competitive timeline / product comparator,Shimadzu official product page observed,https://www.shimadzu.com/an/products/software-informatics/labsolutions-series/labsolutions-cs-powered-by-i-qlinks/index.html,,Unsupported/Hallucinated,Initial observation is not evidence that a page or product changed.,Major,2026-08-12T14:49:47+00:00
shimadzu-monitor-product-page-added-fd5e5821267a,Product evidence,Competitive timeline / product comparator,Shimadzu official product page observed,https://www.shimadzu.com/an/products/software-informatics/labsolutions-series/labsolutions-insight-profiler/index.html,,Unsupported/Hallucinated,Initial observation is not evidence that a page or product changed.,Major,2026-08-12T14:49:47+00:00
shimadzu-monitor-product-page-added-1bd762ed9815,Product evidence,Competitive timeline / product comparator,Shimadzu official product page observed,https://www.shimadzu.com/an/products/liquid-chromatography/ion-chromatograph/index.html,,Unsupported/Hallucinated,Initial observation is not evidence that a page or product changed.,Major,2026-08-12T14:49:47+00:00
shimadzu-monitor-product-page-added-30d66629b766,Product evidence,Competitive timeline / product comparator,Shimadzu official product page observed,https://www.shimadzu.com/an/products/liquid-chromatography/ion-chromatograph/nexera-ic/index.html,,Unsupported/Hallucinated,Initial observation is not evidence that a page or product changed.,Major,2026-08-12T14:49:47+00:00
shimadzu-monitor-product-page-added-f671c1a576ff,Product evidence,Competitive timeline / product comparator,Shimadzu official product page observed,https://www.shimadzu.com/an/products/liquid-chromatography/hplcuhplc/i-series/index.html,,Unsupported/Hallucinated,Initial observation is not evidence that a page or product changed.,Major,2026-08-12T14:49:47+00:00
shimadzu-monitor-product-page-added-5cc52acdc991,Product evidence,Competitive timeline / product comparator,Shimadzu official product page observed,https://www.shimadzu.com/an/products/liquid-chromatography/hplcuhplc/index.html,,Unsupported/Hallucinated,Initial observation is not evidence that a page or product changed.,Major,2026-08-12T14:49:47+00:00
shimadzu-monitor-product-page-added-8fb93454d535,Product evidence,Competitive timeline / product comparator,Shimadzu official product page observed,https://www.shimadzu.com/an/products/liquid-chromatography/hplcuhplc/lc-2030c-nt/index.html,,Unsupported/Hallucinated,Initial observation is not evidence that a page or product changed.,Major,2026-08-12T14:49:47+00:00
shimadzu-monitor-product-page-added-9000f1db958b,Product evidence,Competitive timeline / product comparator,Shimadzu official product page observed,https://www.shimadzu.com/an/products/liquid-chromatography/hplcuhplc/nexera-series/index.html,,Unsupported/Hallucinated,Initial observation is not evidence that a page or product changed.,Major,2026-08-12T14:49:47+00:00
shimadzu-monitor-product-page-added-d47d36473ec8,Product evidence,Competitive timeline / product comparator,Shimadzu official product page observed,https://www.shimadzu.com/an/products/liquid-chromatography/hplcuhplc/nexera-x4/index.html,,Unsupported/Hallucinated,Initial observation is not evidence that a page or product changed.,Major,2026-08-12T14:49:47+00:00
thermo-fisher-monitor-press-release-76bfdaf0f5e8,Signal card,Dashboard / public evidence library,Thermo Fisher Scientific Announces Quarterly Dividend,https://ir.thermofisher.com/investors/news-events/news/news-details/2026/Thermo-Fisher-Scientific-Announces-Quarterly-Dividend-3dcda308b/default.aspx,,UNREACHABLE,HTTP response contains an access-control or bot-challenge page,Major,2026-08-12T14:49:47+00:00
perkinelmer-monitor-press-release-06d9f42c23b4,Signal card,Dashboard / public evidence library,PerkinElmer and Covalent Announce Strategic Collaboration to Advance Failure Analysis and Materials,https://www.perkinelmer.com/corporate-and-newsroom/perkinelmer-and-covalent-announce-strategic-collaboration,,Partially supported,,Major,2026-08-12T14:49:47+00:00
agilent-monitor-press-release-18fe847f04c1,Signal card,Dashboard / public evidence library,Agilent Expands Altura Portfolio with Inert Size Exclusion and PLRP-S Columns for Biotherapeutic Analysis,https://www.agilent.com/about/newsroom/presrel/2026/08jul-ca26025.html,,UNREACHABLE,HTTP response contains an access-control or bot-challenge page,Major,2026-08-12T14:49:47+00:00
shimadzu-monitor-press-release-4042f7aafee7,Signal card,Dashboard / public evidence library,Launch of a Pilot Refurbishment Program for Analytical and Measuring Instruments with Ryukoku University Toward a Circular Society through Industry-Academia Collaboration,https://www.shimadzu.com/news/2026/ao0x3yts-fwk-ev6.html,,Partially supported,,Major,2026-08-12T14:49:47+00:00
shimadzu-monitor-press-release-a8e2e4b4b0dc,Signal card,Dashboard / public evidence library,Two Shimadzu Products Win Red Dot Design Award 2026 – Precision Universal Testing Machine and High-Speed Video Camera –,https://www.shimadzu.com/news/2026/fqazhvc2bwk9trb6.html,,Partially supported,,Major,2026-08-12T14:49:47+00:00
thermo-fisher-monitor-press-release-79062e63c297,Signal card,Dashboard / public evidence library,"Thermo Fisher Scientific to Hold Earnings Conference Call on Thursday, July 23, 2026",https://ir.thermofisher.com/investors/news-events/news/news-details/2026/Thermo-Fisher-Scientific-to-Hold-Earnings-Conference-Call-on-Thursday-July-23-2026/default.aspx,,UNREACHABLE,HTTP response contains an access-control or bot-challenge page,Major,2026-08-12T14:49:47+00:00
agilent-monitor-press-release-a43fe3b92ab1,Signal card,Dashboard / public evidence library,Agilent Launches AI-Driven Analysis Module for Agilent xCELLigence RTCA eSight,https://www.agilent.com/about/newsroom/presrel/2026/01jul-ca26024.html,,UNREACHABLE,HTTP response contains an access-control or bot-challenge page,Major,2026-08-12T14:49:47+00:00
thermo-fisher-monitor-product-page-updated-6f8b9d500879,Product evidence,Competitive timeline / product comparator,Thermo Fisher official product page observed,https://www.thermofisher.com/us/en/home/industrial/mass-spectrometry/liquid-chromatography-mass-spectrometry-lc-ms/lc-ms-systems/orbitrap-lc-ms/orbitrap-exploris-mass-spectrometers.html,,Unsupported/Hallucinated,Initial observation is not evidence that a page or product changed.,Major,2026-08-12T14:49:47+00:00
thermo-fisher-monitor-product-page-updated-b0ad77dc1772,Product evidence,Competitive timeline / product comparator,Thermo Fisher official product page observed,https://www.thermofisher.com/us/en/home/industrial/mass-spectrometry/liquid-chromatography-mass-spectrometry-lc-ms/lc-ms-systems/orbitrap-lc-ms/orbitrap-exploris-mass-spectrometers/orbitrap-exploris-480-mass-spectrometers.html,,Unsupported/Hallucinated,Initial observation is not evidence that a page or product changed.,Major,2026-08-12T14:49:47+00:00
thermo-fisher-monitor-product-page-updated-f40e133aa6ff,Product evidence,Competitive timeline / product comparator,Thermo Fisher official product page observed,https://www.thermofisher.com/us/en/home/industrial/mass-spectrometry/liquid-chromatography-mass-spectrometry-lc-ms/lc-ms-systems/orbitrap-lc-ms/orbitrap-exploris-mass-spectrometers/orbitrap-exploris-240-mass-spectrometers.html,,Unsupported/Hallucinated,Initial observation is not evidence that a page or product changed.,Major,2026-08-12T14:49:47+00:00
thermo-fisher-monitor-product-page-updated-8015be403ecf,Product evidence,Competitive timeline / product comparator,Thermo Fisher official product page observed,https://www.thermofisher.com/us/en/home/industrial/mass-spectrometry/liquid-chromatography-mass-spectrometry-lc-ms/lc-ms-systems/orbitrap-lc-ms/orbitrap-exploris-mass-spectrometers/orbitrap-exploris-120-mass-spectrometers.html,,Unsupported/Hallucinated,Initial observation is not evidence that a page or product changed.,Major,2026-08-12T14:49:47+00:00
thermo-fisher-monitor-product-page-updated-c7c480e39774,Product evidence,Competitive timeline / product comparator,Thermo Fisher official product page observed,https://www.thermofisher.com/us/en/home/industrial/chromatography/liquid-chromatography-lc/hplc-uhplc-systems/vanquish-amplify-uhplc-system.html,,Unsupported/Hallucinated,Initial observation is not evidence that a page or product changed.,Major,2026-08-12T14:49:47+00:00
thermo-fisher-monitor-product-page-updated-f71fcdc13f41,Product evidence,Competitive timeline / product comparator,Thermo Fisher official product page observed,https://www.thermofisher.com/us/en/home/industrial/mass-spectrometry/liquid-chromatography-mass-spectrometry-lc-ms/lc-ms-systems/orbitrap-lc-ms.html,,Unsupported/Hallucinated,Initial observation is not evidence that a page or product changed.,Major,2026-08-12T14:49:47+00:00
thermo-fisher-monitor-product-page-updated-49db11c56d26,Product evidence,Competitive timeline / product comparator,Thermo Fisher official product page observed,https://www.thermofisher.com/us/en/home/industrial/mass-spectrometry/liquid-chromatography-mass-spectrometry-lc-ms/lc-ms-systems/orbitrap-lc-ms/orbitrap-excedion-pro-mass-spectrometer.html,,Unsupported/Hallucinated,Initial observation is not evidence that a page or product changed.,Major,2026-08-12T14:49:47+00:00
thermo-fisher-monitor-product-page-updated-2604cffb1ef2,Product evidence,Competitive timeline / product comparator,Thermo Fisher official product page observed,https://www.thermofisher.com/us/en/home/industrial/mass-spectrometry/liquid-chromatography-mass-spectrometry-lc-ms/lc-ms-systems/orbitrap-lc-ms/orbitrap-excedion-pro-mass-spectrometer/orbitrap-excedion-pro-biopharma-ms.html,,Unsupported/Hallucinated,Initial observation is not evidence that a page or product changed.,Major,2026-08-12T14:49:47+00:00
agilent-monitor-press-release-b9da41f651c5,Signal card,Dashboard / public evidence library,Agilent Completes Acquisition of Biocare Medical,https://www.agilent.com/about/newsroom/presrel/2026/25jun-gp26014.html,,UNREACHABLE,HTTP response contains an access-control or bot-challenge page,Major,2026-08-12T14:49:47+00:00
sec-agilent-0001193125-26-282845,SEC filing,SEC filing insights,"AGILENT TECHNOLOGIES, INC. filed 8-K",https://www.sec.gov/Archives/edgar/data/1090872/000119312526282845/d75293d8k.htm,,UNREACHABLE,Current automated retrieval is blocked or challenged.,Major,2026-08-12T14:49:47+00:00
pubmed-42575837,Scientific publication,Public evidence library,Somatic BRCA1 and BRCA2 detection in homologous recombination deficiency testing: concordance of four sequencing workflows with the Myriad myChoice companion diagnostic,https://pubmed.ncbi.nlm.nih.gov/42575837/,Somatic BRCA1 and BRCA2 detection in homologous recombination deficiency testing: concordance of four sequencing workflows,UNREACHABLE,Current automated retrieval is blocked or challenged.,Major,2026-08-12T14:49:47+00:00
shimadzu-monitor-press-release-dd1c690f971f,Signal card,Dashboard / public evidence library,"Assistance for Quality Control of Antibody Drugs, Peptide Drugs, Etc. Release of PPSQ-51A/53A SPD-40 Model Protein Sequencers in Japan and Overseas for Protein Analysis",https://www.shimadzu.com/news/2026/8vla5_ja28yrj6y-.html,,Partially supported,,Major,2026-08-12T14:49:47+00:00
perkinelmer-monitor-press-release-e6c7c7885dfa,Signal card,Dashboard / public evidence library,PerkinElmer CEO Michael Stubblefield Joins US-China Business Council Board of Directors,https://www.perkinelmer.com/corporate-and-newsroom/perkinelmer-ceo-michael-stubblefield-joins-us-china-business-council-board-directors,,Partially supported,,Major,2026-08-12T14:49:47+00:00
shimadzu-monitor-press-release-376166159e10,Signal card,Dashboard / public evidence library,New Medium-Term Management Plan for FY 2026 to 2028 Prepared Become an Innovative Company That Solves Social Challenges Together with Global Partners —Sustainably Improve Profitability by Strengthening End-to-End Solutions Capabilities—,https://www.shimadzu.com/news/2026/hwvic1k630v3uz8g.html,,Partially supported,,Major,2026-08-12T14:49:47+00:00
thermo-fisher-monitor-product-page-updated-cdfaeffb9481,Product evidence,Competitive timeline / product comparator,Thermo Fisher official product page observed,https://www.thermofisher.com/us/en/home/industrial/mass-spectrometry/liquid-chromatography-mass-spectrometry-lc-ms/lc-ms-systems/triple-quadrupole-lc-ms/tsq-certis-triple-quadripole-ms.html,,Unsupported/Hallucinated,Initial observation is not evidence that a page or product changed.,Major,2026-08-12T14:49:47+00:00
perkinelmer-monitor-press-release-07686a3d3560,Signal card,Dashboard / public evidence library,Project Farma Partners with Valkit.ai - Modernizing Digital Validation with AI,https://www.perkinelmer.com/corporate-and-newsroom/project-farma-expands-pmis-offering-oracle-primavera-cloud,,Partially supported,,Major,2026-08-12T14:49:47+00:00
agilent-monitor-press-release-983ae7942d8b,Signal card,Dashboard / public evidence library,"Agilent, OpenAI, BCG Collaborate to Accelerate Customer-Focused, AI-Driven Scientific Innovation",https://www.agilent.com/about/newsroom/presrel/2026/03jun-gp26013.html,,UNREACHABLE,HTTP response contains an access-control or bot-challenge page,Major,2026-08-12T14:49:47+00:00
sec-sciex-0001193125-26-255555,SEC filing,SEC filing insights,Danaher Corporation filed 8-K,https://www.sec.gov/Archives/edgar/data/313616/000119312526255555/d63873d8k.htm,,UNREACHABLE,Current automated retrieval is blocked or challenged.,Major,2026-08-12T14:49:47+00:00
agilent-monitor-press-release-b47eb411bde0,Signal card,Dashboard / public evidence library,"Agilent Receives FDA Approval for Expanded Use of PD-L1 IHC 22C3 pharmDx on Dako Omnis in Esophageal Squamous Cell Carcinoma, Triple-Negative Breast Cancer, Cervical Cancer, and Gastric or Gastroesophageal Junction Adenocarcinoma",https://www.agilent.com/about/newsroom/presrel/2026/02jun-ca26023.html,,UNREACHABLE,HTTP response contains an access-control or bot-challenge page,Major,2026-08-12T14:49:47+00:00
sciex-monitor-press-release-6e5bfd32b037,Signal card,Dashboard / public evidence library,SCIEX launches the novus V55 system with SCIEX OS 5.0 software and AI enablement tools,https://sciex.com/about-us/press-releases/2026/sciex-launches-its-5th-generation-of-nominal-mass-novus-v55-system-with-sciexos-5-0-software,,Partially supported,,Major,2026-08-12T14:49:47+00:00
sciex-monitor-press-release-b63fd59eab93,Signal card,Dashboard / public evidence library,"SCIEX advances the ZenoTOF line with platform-wide expansions in software, integrations, and key collaborations",https://sciex.com/about-us/press-releases/2026/zenotof-unlock,,Partially supported,,Major,2026-08-12T14:49:47+00:00
agilent-monitor-press-release-531ac7b0e3d4,Signal card,Dashboard / public evidence library,Agilent and Sound Analytics Collaborate to Advance LC/MS Workflows for Drug Metabolism Research,https://www.agilent.com/about/newsroom/presrel/2026/01jun-ca26022.html,,UNREACHABLE,HTTP response contains an access-control or bot-challenge page,Major,2026-08-12T14:49:47+00:00
sec-agilent-0001090872-26-000055,SEC filing,SEC filing insights,"AGILENT TECHNOLOGIES, INC. filed 10-Q",https://www.sec.gov/Archives/edgar/data/1090872/000109087226000055/a-20260430.htm,,UNREACHABLE,Current automated retrieval is blocked or challenged.,Major,2026-08-12T14:49:47+00:00
agilent-monitor-press-release-ad9854bd4d36,Signal card,Dashboard / public evidence library,"Agilent Introduces OpenLab Sync to Support Guided, Digital Execution in the Laboratory",https://www.investor.agilent.com/news-and-events/news/news-details/2026/Agilent-Introduces-OpenLab-Sync-to-Support-Guided-Digital-Execution-in-the-Laboratory/default.aspx,,Partially supported,,Major,2026-08-12T14:49:47+00:00
agilent-openlab-sync-usp-2026,Signal card,Dashboard / public evidence library,Agilent introduces OpenLab Sync with USP MethodConnect integration,https://www.agilent.com/about/newsroom/presrel/2026/28may-ca26020.html,,UNREACHABLE,HTTP response contains an access-control or bot-challenge page,Major,2026-08-12T14:49:47+00:00
thermo-fisher-monitor-press-release-e6b070a3c0cf,Signal card,Dashboard / public evidence library,Thermo Fisher Scientific Unveils Next-generation Innovations at ASMS 2026 to Accelerate the Path from Drug Discovery to New Therapies,https://ir.thermofisher.com/investors/news-events/news/news-details/2026/Thermo-Fisher-Scientific-Unveils-Next-generation-Innovations-at-ASMS-2026-to-Accelerate-the-Path-from-Drug-Discovery-to-New-Therapies/default.aspx,,UNREACHABLE,HTTP response contains an access-control or bot-challenge page,Major,2026-08-12T14:49:47+00:00
shimadzu-monitor-press-release-e7d79a120ad2,Signal card,Dashboard / public evidence library,Shimadzu Corporation Joins NIIMBL to Advance Biopharmaceutical Manufacturing Innovation,https://www.shimadzu.com/news/2026/gcz8mxw0lcb05i76.html,,Partially supported,,Major,2026-08-12T14:49:47+00:00
perkinelmer-monitor-press-release-6f529ddf64c7,Signal card,Dashboard / public evidence library,Project Farma Partners with Valkit.ai - Modernizing Digital Validation with AI,https://www.perkinelmer.com/corporate-and-newsroom/project-farma-partners-valkitai,,Partially supported,,Major,2026-08-12T14:49:47+00:00
thermo-fisher-monitor-product-page-updated-bd169a255fd1,Product evidence,Competitive timeline / product comparator,Thermo Fisher official product page observed,https://www.thermofisher.com/us/en/home/industrial/mass-spectrometry/liquid-chromatography-mass-spectrometry-lc-ms/lc-ms-systems/orbitrap-lc-ms/orbitrap-tribrid-mass-spectrometers/orbitrap-tribrid-apex-mass-spectrometer.html,,Unsupported/Hallucinated,Initial observation is not evidence that a page or product changed.,Major,2026-08-12T14:49:47+00:00
thermo-fisher-monitor-technical-insight-f83d4d127f83,Signal card,Dashboard / public evidence library,"1,000 Publications and Counting: What Researchers Are Unlocking With the Orbitrap Astral Mass Spectrometer",https://www.thermofisher.com/blog/analyteguru/1000-publications-and-counting-what-researchers-are-unlocking-with-the-orbitrap-astral-mass-spectrometer/,,Partially supported,,Major,2026-08-12T14:49:47+00:00
agilent-monitor-press-release-bfb6111c07ab,Signal card,Dashboard / public evidence library,Agilent Reports Second-Quarter Fiscal Year 2026 Financial Results,https://www.investor.agilent.com/news-and-events/news/news-details/2026/Agilent-Reports-Second-Quarter-Fiscal-Year-2026-Financial-Results/default.aspx,,Partially supported,,Major,2026-08-12T14:49:47+00:00
sec-agilent-0001090872-26-000052,SEC filing,SEC filing insights,"AGILENT TECHNOLOGIES, INC. filed 8-K",https://www.sec.gov/Archives/edgar/data/1090872/000109087226000052/a-20260520.htm,,UNREACHABLE,Current automated retrieval is blocked or challenged.,Major,2026-08-12T14:49:47+00:00
thermo-fisher-monitor-product-page-updated-09b041f24af6,Product evidence,Competitive timeline / product comparator,Thermo Fisher official product page observed,https://www.thermofisher.com/us/en/home/industrial/mass-spectrometry/liquid-chromatography-mass-spectrometry-lc-ms/lc-ms-systems/orbitrap-lc-ms/orbitrap-tribrid-mass-spectrometers/orbitrap-eclipse-tribrid-mass-spectrometer.html,,Unsupported/Hallucinated,Initial observation is not evidence that a page or product changed.,Major,2026-08-12T14:49:47+00:00
agilent-monitor-press-release-05de8c4e0b65,Signal card,Dashboard / public evidence library,Agilent Launches New GC Systems with GC Assist to Improve Laboratory Efficiency and Data Quality,https://www.investor.agilent.com/news-and-events/news/news-details/2026/Agilent-Launches-New-GC-Systems-with-GC-Assist-to-Improve-Laboratory-Efficiency-and-Data-Quality/default.aspx,,Partially supported,,Major,2026-08-12T14:49:47+00:00
agilent-monitor-press-release-db509010a12a,Signal card,Dashboard / public evidence library,Agilent Launches Multi-Attribute Method (MAM) Solution for BioPharma Quality Control,https://www.investor.agilent.com/news-and-events/news/news-details/2026/Agilent-Launches-Multi-Attribute-Method-MAM-Solution-for-BioPharma-Quality-Control/default.aspx,,Partially supported,,Major,2026-08-12T14:49:47+00:00
sec-thermo-0000097745-26-000117,SEC filing,SEC filing insights,THERMO FISHER SCIENTIFIC INC. filed 8-K,https://www.sec.gov/Archives/edgar/data/97745/000009774526000117/tmo-20260520.htm,,UNREACHABLE,Current automated retrieval is blocked or challenged.,Major,2026-08-12T14:49:47+00:00
thermo-fisher-monitor-product-page-updated-9b0efa50a4a2,Product evidence,Competitive timeline / product comparator,Thermo Fisher official product page observed,https://www.thermofisher.com/us/en/home/industrial/mass-spectrometry/liquid-chromatography-mass-spectrometry-lc-ms/lc-ms-systems/orbitrap-lc-ms/orbitrap-excedion-pro-mass-spectrometer/orbitrap-excedion-pro-ms.html,,Unsupported/Hallucinated,Initial observation is not evidence that a page or product changed.,Major,2026-08-12T14:49:47+00:00
agilent-monitor-press-release-9037de9dba7c,Signal card,Dashboard / public evidence library,Agilent Unveils the 9500 ICP-MS: Redefining Trace Element Analysis,https://www.investor.agilent.com/news-and-events/news/news-details/2026/Agilent-Unveils-the-9500-ICP-MS-Redefining-Trace-Element-Analysis/default.aspx,,Partially supported,,Major,2026-08-12T14:49:47+00:00
agilent-monitor-press-release-d402bef3b17c,Signal card,Dashboard / public evidence library,Agilent Launches 1290 Infinity III Fluorescence Detector for Confident Trace Analysis at UHPLC Speed,https://www.investor.agilent.com/news-and-events/news/news-details/2026/Agilent-Launches-1290-Infinity-III-Fluorescence-Detector-for-Confident-Trace-Analysis-at-UHPLC-Speed/default.aspx,,Partially supported,,Major,2026-08-12T14:49:47+00:00
agilent-monitor-press-release-1eafa43669e6,Signal card,Dashboard / public evidence library,Agilent Announces Cash Dividend of 25.5 Cents per Share,https://www.investor.agilent.com/news-and-events/news/news-details/2026/Agilent-Announces-Cash-Dividend-of-25-5-Cents-per-Share-cd1e68595/default.aspx,,Partially supported,,Major,2026-08-12T14:49:47+00:00
agilent-nati-oligo-2026,Signal card,Dashboard / public evidence library,Agilent and Singapore NATi partner on lipid-conjugated oligonucleotide research,https://www.agilent.com/about/newsroom/presrel/2026/20may-ca26015.html,,UNREACHABLE,HTTP response contains an access-control or bot-challenge page,Major,2026-08-12T14:49:47+00:00
agilent-orca-biopharma-hub-2026,Signal card,Dashboard / public evidence library,Agilent opens ORCA biopharma research hub in South Korea,https://www.agilent.com/about/newsroom/presrel/2026/20may-ca26014.html,,UNREACHABLE,HTTP response contains an access-control or bot-challenge page,Major,2026-08-12T14:49:47+00:00
thermo-fisher-monitor-press-release-5f5e2957f30f,Signal card,Dashboard / public evidence library,Thermo Fisher Scientific Announces Quarterly Dividend,https://ir.thermofisher.com/investors/news-events/news/news-details/2026/Thermo-Fisher-Scientific-Announces-Quarterly-Dividend/default.aspx,,UNREACHABLE,HTTP response contains an access-control or bot-challenge page,Major,2026-08-12T14:49:47+00:00
thermo-fisher-monitor-press-release-e274a77a3b72,Signal card,Dashboard / public evidence library,"Thermo Fisher Scientific Highlights Industry Leadership, Growth Outlook and Long-Term Value Creation at 2026 Investor Day",https://ir.thermofisher.com/investors/news-events/news/news-details/2026/Thermo-Fisher-Scientific-Highlights-Industry-Leadership-Growth-Outlook-and-Long-Term-Value-Creation-at-2026-Investor-Day/default.aspx,,UNREACHABLE,HTTP response contains an access-control or bot-challenge page,Major,2026-08-12T14:49:47+00:00
agilent-monitor-press-release-7d0e1633bcc9,Signal card,Dashboard / public evidence library,Agilent to Supply Next Generation Alarm Resolution Technology to U.S. Airport Security Screening Checkpoints ahead of FIFA World Cup 2026,https://www.investor.agilent.com/news-and-events/news/news-details/2026/Agilent-to-Supply-Next-Generation-Alarm-Resolution-Technology-to-U-S--Airport-Security-Screening-Checkpoints-ahead-of-FIFA-World-Cup-2026/default.aspx,,Partially supported,,Major,2026-08-12T14:49:47+00:00
thermo-fisher-monitor-technical-insight-5e8a45f4f5b6,Signal card,Dashboard / public evidence library,Advancing Clinical Research at ASMS 2026: From Robust Workflows to Real-World Impact,https://www.thermofisher.com/blog/analyteguru/advancing-clinical-research-at-asms-2026-from-robust-workflows-to-real-world-impact/,,Partially supported,,Major,2026-08-12T14:49:47+00:00
shimadzu-monitor-press-release-5b2acb477e45,Signal card,Dashboard / public evidence library,"Recognized as a 2026 Outstanding Corporate Entity for Shokuiku (Food and Nutrition Education) by the Ministry of Agriculture, Forestry and Fisheries",https://www.shimadzu.com/news/2026/2vzbn3pq9_pryrrm.html,,Partially supported,,Major,2026-08-12T14:49:47+00:00
perkinelmer-monitor-press-release-4e8346eb5589,Signal card,Dashboard / public evidence library,"LactoScope 500 Delivers Next-Level Dairy Analysis, for Greater Accuracy, Stability, and Operational",https://www.perkinelmer.com/corporate-and-newsroom/lactoscope-500-delivers-next-level-dairy-analysis-greater-accuracy-stability-and-operational,,Partially supported,,Major,2026-08-12T14:49:47+00:00
thermo-fisher-monitor-technical-insight-e6a6e287fa80,Signal card,Dashboard / public evidence library,Unlocking High-Throughput Potential in Liquid Chromatography With Vanquish Systems,https://www.thermofisher.com/blog/analyteguru/unlocking-high-throughput-potential-in-liquid-chromatography-with-vanquish-systems/,,Partially supported,,Major,2026-08-12T14:49:47+00:00
shimadzu-monitor-press-release-6af64323ea4b,Signal card,Dashboard / public evidence library,"BIPM, RIKEN and Shimadzu launch collaboration to explore the role of transportable optical frequency standards",https://www.shimadzu.com/news/2026/mp345hgpek6lm85j.html,,Partially supported,,Major,2026-08-12T14:49:47+00:00
sec-perkinelmer-0000031791-26-000019,SEC filing,SEC filing insights,"Revvity, Inc. filed 10-Q",https://www.sec.gov/Archives/edgar/data/31791/000003179126000019/revv-20260405.htm,,UNREACHABLE,Current automated retrieval is blocked or challenged.,Major,2026-08-12T14:49:47+00:00
agilent-monitor-press-release-c07ab81a2d2d,Signal card,Dashboard / public evidence library,Agilent to Participate in Jefferies Global Healthcare Conference,https://www.investor.agilent.com/news-and-events/news/news-details/2026/Agilent-to-Participate-in-Jefferies-Global-Healthcare-Conference/default.aspx,,UNREACHABLE,HTTP response contains an access-control or bot-challenge page,Major,2026-08-12T14:49:47+00:00
sec-sciex-0000313616-26-000127,SEC filing,SEC filing insights,Danaher Corporation filed 8-K,https://www.sec.gov/Archives/edgar/data/313616/000031361626000127/dhr-20260505.htm,,UNREACHABLE,Current automated retrieval is blocked or challenged.,Major,2026-08-12T14:49:47+00:00
sciex-monitor-press-release-0b700d4adcc2,Signal card,Dashboard / public evidence library,SCIEX software solutions advance workflow efficiency with six industry collaborations,https://sciex.com/about-us/press-releases/2026/sciex-software-solutions-advance-workflow-efficiency-with-six-industry-collaborations,,Partially supported,,Major,2026-08-12T14:49:47+00:00
thermo-fisher-monitor-technical-insight-4d0e48f0a144,Signal card,Dashboard / public evidence library,Turning Science Into Safer Water for Nearly 1.8 Million People,https://www.thermofisher.com/blog/analyteguru/turning-science-into-safer-water-for-nearly-1-8-million-people/,,Partially supported,,Major,2026-08-12T14:49:47+00:00
sec-perkinelmer-0000031791-26-000016,SEC filing,SEC filing insights,"Revvity, Inc. filed 8-K",https://www.sec.gov/Archives/edgar/data/31791/000003179126000016/pki-20260505.htm,,UNREACHABLE,Current automated retrieval is blocked or challenged.,Major,2026-08-12T14:49:47+00:00
agilent-monitor-press-release-5da82269ba69,Signal card,Dashboard / public evidence library,Agilent Names Michael Buckner as Chief Legal Officer,https://www.investor.agilent.com/news-and-events/news/news-details/2026/Agilent-Names-Michael-Buckner-as-Chief-Legal-Officer/default.aspx,,Partially supported,,Major,2026-08-12T14:49:47+00:00
sec-agilent-0001193125-26-202636,SEC filing,SEC filing insights,"AGILENT TECHNOLOGIES, INC. filed 8-K",https://www.sec.gov/Archives/edgar/data/1090872/000119312526202636/a-20260504.htm,,UNREACHABLE,Current automated retrieval is blocked or challenged.,Major,2026-08-12T14:49:47+00:00
pubmed-42222305,Scientific publication,Public evidence library,Extraction and determination of sartans: Recent advances and analytical perspectives,https://pubmed.ncbi.nlm.nih.gov/42222305/,Extraction and determination of sartans: Recent advances and analytical perspectives,UNREACHABLE,Current automated retrieval is blocked or challenged.,Major,2026-08-12T14:49:47+00:00
sec-thermo-0000097745-26-000092,SEC filing,SEC filing insights,THERMO FISHER SCIENTIFIC INC. filed 10-Q,https://www.sec.gov/Archives/edgar/data/97745/000009774526000092/tmo-20260328.htm,,UNREACHABLE,Current automated retrieval is blocked or challenged.,Major,2026-08-12T14:49:47+00:00
sec-perkinelmer-0001193125-26-201401,SEC filing,SEC filing insights,"Revvity, Inc. filed 8-K",https://www.sec.gov/Archives/edgar/data/31791/000119312526201401/d146870d8k.htm,,UNREACHABLE,Current automated retrieval is blocked or challenged.,Major,2026-08-12T14:49:47+00:00
thermo-fisher-monitor-technical-insight-4324a7244e14,Signal card,Dashboard / public evidence library,"New Technical Note: Robust, High-Throughput Peptide Quantitation on the TSQ Certis Triple Quadrupole MS with OptiSpray Technology",https://www.thermofisher.com/blog/analyteguru/new-technical-note-robust-high-throughput-peptide-quantitation-on-the-tsq-certis-triple-quadrupole-ms-with-optispray-technology/,,Partially supported,,Major,2026-08-12T14:49:47+00:00
sec-sciex-0001193125-26-191608,SEC filing,SEC filing insights,Danaher Corporation filed 8-K,https://www.sec.gov/Archives/edgar/data/313616/000119312526191608/d107133d8k.htm,,UNREACHABLE,Current automated retrieval is blocked or challenged.,Major,2026-08-12T14:49:47+00:00
thermo-fisher-monitor-technical-insight-ea2e06a66ada,Signal card,Dashboard / public evidence library,Rethinking What’s Possible in Biological Research with the Orbitrap Astral Zoom Mass Spectrometer,https://www.thermofisher.com/blog/analyteguru/rethinking-whats-possible-in-biological-research-with-the-orbitrap-astral-zoom-mass-spectrometer/,,Partially supported,,Major,2026-08-12T14:49:47+00:00
agilent-monitor-press-release-4ea748e8f6bc,Signal card,Dashboard / public evidence library,Agilent to Announce Second-Quarter Fiscal Year 2026 Financial Results on May 27,https://www.investor.agilent.com/news-and-events/news/news-details/2026/Agilent-to-Announce-Second-Quarter-Fiscal-Year-2026-Financial-Results-on-May-27/default.aspx,,UNREACHABLE,HTTP response contains an access-control or bot-challenge page,Major,2026-08-12T14:49:47+00:00
thermo-fisher-monitor-press-release-2f0e270694ae,Signal card,Dashboard / public evidence library,Thermo Fisher Scientific to Host Investor Day,https://ir.thermofisher.com/investors/news-events/news/news-details/2026/Thermo-Fisher-Scientific-to-Host-Investor-Day/default.aspx,,UNREACHABLE,HTTP response contains an access-control or bot-challenge page,Major,2026-08-12T14:49:47+00:00
thermo-fisher-monitor-press-release-e530be2f2ff7,Signal card,Dashboard / public evidence library,Thermo Fisher Scientific Signs Agreement to Sell its Microbiology Business to Astorg,https://ir.thermofisher.com/investors/news-events/news/news-details/2026/Thermo-Fisher-Scientific-Signs-Agreement-to-Sell-its-Microbiology-Business-to-Astorg/default.aspx,,UNREACHABLE,HTTP response contains an access-control or bot-challenge page,Major,2026-08-12T14:49:47+00:00
shimadzu-monitor-press-release-409a2f981b84,Signal card,Dashboard / public evidence library,"Supporting Diverse Surgical and Diagnostic Applications with High-Definition Imaging and Positioning Freedom Expansion of the product lineup with SC15 and OPESCOPE ACTENO FD15, new mobile C-arm systems",https://www.shimadzu.com/news/2026/3wqzblb912kax0m9.html,,Partially supported,,Major,2026-08-12T14:49:47+00:00
shimadzu-monitor-press-release-26703fd9198e,Signal card,Dashboard / public evidence library,Shimadzu Corporation Acquires German Startup Plasmion GmbH Secures SICRIT Ion Source Technology for Mass Spectrometers,https://www.shimadzu.com/news/2026/qmv_7cupefrinwt6.html,,Partially supported,,Major,2026-08-12T14:49:47+00:00
thermo-fisher-monitor-press-release-dc116258bdf3,Signal card,Dashboard / public evidence library,Thermo Fisher Scientific Reports First Quarter 2026 Results,https://ir.thermofisher.com/investors/news-events/news/news-details/2026/Thermo-Fisher-Scientific-Reports-First-Quarter-2026-Results/default.aspx,,Partially supported,,Major,2026-08-12T14:49:47+00:00
sec-thermo-0000097745-26-000086,SEC filing,SEC filing insights,THERMO FISHER SCIENTIFIC INC. filed 8-K,https://www.sec.gov/Archives/edgar/data/97745/000009774526000086/tmo-20260423.htm,,UNREACHABLE,Current automated retrieval is blocked or challenged.,Major,2026-08-12T14:49:47+00:00
thermo-fisher-monitor-product-page-updated-175929474b04,Product evidence,Competitive timeline / product comparator,Thermo Fisher official product page observed,https://www.thermofisher.com/us/en/home/industrial/mass-spectrometry/liquid-chromatography-mass-spectrometry-lc-ms/lc-ms-systems/orbitrap-lc-ms/q-exactive-orbitrap-mass-spectrometers.html,,Unsupported/Hallucinated,Initial observation is not evidence that a page or product changed.,Major,2026-08-12T14:49:47+00:00
thermo-fisher-monitor-technical-insight-f83d75ac14f7,Signal card,Dashboard / public evidence library,"Neuroscience Takes Flight: How Collaboration, Spaceflight, and Orbitrap Astral MS Are Opening a New Window into Brain Aging",https://www.thermofisher.com/blog/analyteguru/neuroscience-takes-flight-how-collaboration-spaceflight-and-orbitrap-astral-ms-are-opening-a-new-window-into-brain-aging/,,Partially supported,,Major,2026-08-12T14:49:47+00:00
sec-sciex-0000313616-26-000109,SEC filing,SEC filing insights,Danaher Corporation filed 8-K,https://www.sec.gov/Archives/edgar/data/313616/000031361626000109/dhr-20260421.htm,,UNREACHABLE,Current automated retrieval is blocked or challenged.,Major,2026-08-12T14:49:47+00:00
sec-sciex-0000313616-26-000107,SEC filing,SEC filing insights,Danaher Corporation filed 10-Q,https://www.sec.gov/Archives/edgar/data/313616/000031361626000107/dhr-20260327.htm,,UNREACHABLE,Current automated retrieval is blocked or challenged.,Major,2026-08-12T14:49:47+00:00
shimadzu-monitor-press-release-f3189a49c930,Signal card,Dashboard / public evidence library,Study Reveals How the Viability of Lactic Acid Bacteria Shapes Their Function in the Gut Results of Collaborative Research with Tohoku University and ITO EN Published in the Cell Press journal iScience,https://www.shimadzu.com/news/2026/iy0elwnih0c159yp.html,,Partially supported,,Major,2026-08-12T14:49:47+00:00
sec-sciex-0001193125-26-160383,SEC filing,SEC filing insights,Danaher Corporation filed 8-K,https://www.sec.gov/Archives/edgar/data/313616/000119312526160383/d56203d8k.htm,,UNREACHABLE,Current automated retrieval is blocked or challenged.,Major,2026-08-12T14:49:47+00:00
shimadzu-monitor-press-release-db8a4ee1ea2f,Signal card,Dashboard / public evidence library,"Shimadzu Receives an International iF Design Award 2026 in Three Disciplines—Product Design, Architecture, and Interior Architecture",https://www.shimadzu.com/news/2026/us_ij0twdr--z1bk.html,,Partially supported,,Major,2026-08-12T14:49:47+00:00
agilent-monitor-press-release-37f3eb794847,Signal card,Dashboard / public evidence library,Agilent Showcases Cancer Research Solutions at AACR 2026,https://www.investor.agilent.com/news-and-events/news/news-details/2026/Agilent-Showcases-Cancer-Research-Solutions-at-AACR-2026/default.aspx,,Partially supported,,Major,2026-08-12T14:49:47+00:00
shimadzu-monitor-press-release-0c521882273f,Signal card,Dashboard / public evidence library,SHIMADZU Breakers’ Rina Komokata Receives Mie Prefecture Citizen’s Honor Award,https://www.shimadzu.com/news/2026/es_ffmlcxz0isd6y.html,,Partially supported,,Major,2026-08-12T14:49:47+00:00
perkinelmer-monitor-press-release-37cbd1fb094f,Signal card,Dashboard / public evidence library,PacBio and Covaris Announce Joint Workflow Enabling HiFi Sequencing of FFPE Tumor Samples,https://www.perkinelmer.com/corporate-and-newsroom/pacbio-and-covaris-announce-joint-workflow-enabling-hifi-sequencing-ffpe-tumor-samples,,Partially supported,,Major,2026-08-12T14:49:47+00:00
agilent-omixai-proteomics-2026,Signal card,Dashboard / public evidence library,Agilent partners with OmixAI on AI-driven proteomics in South Korea,https://www.agilent.com/about/newsroom/presrel/2026/14apr-ca26012.html,,UNREACHABLE,HTTP response contains an access-control or bot-challenge page,Major,2026-08-12T14:49:47+00:00
shimadzu-monitor-press-release-3290d9ca535c,Signal card,Dashboard / public evidence library,Launched Industry’s First Micro Compression Testing Machine Capable of Multi-Point Successive Measurement in Conformance Order Contributing to R&D for Carbon Neutrality and Related Fields through Micron-Level material evaluation,https://www.shimadzu.com/news/2026/u7zsp_9ptac8y-ri.html,,Partially supported,,Major,2026-08-12T14:49:47+00:00
thermo-fisher-monitor-press-release-b706ef6c303c,Signal card,Dashboard / public evidence library,Thermo Fisher Scientific Expands Global Biobank Leadership Through Strategic Collaboration with PRECISE-SG100K Singapore to Advance Population-Scale Proteomics,https://ir.thermofisher.com/investors/news-events/news/news-details/2026/Thermo-Fisher-Scientific-Expands-Global-Biobank-Leadership-Through-Strategic-Collaboration-with-PRECISE-SG100K-Singapore-to-Advance-Population-Scale-Proteomics/default.aspx,,UNREACHABLE,HTTP response contains an access-control or bot-challenge page,Major,2026-08-12T14:49:47+00:00
shimadzu-monitor-press-release-6a56f6733e7d,Signal card,Dashboard / public evidence library,Shimadzu Signs Professional Player Contracts with Tennis Players Hikaru Sato and Hiromi Abe,https://www.shimadzu.com/news/2026/vz_a4k39l-19nqcp.html,,Partially supported,,Major,2026-08-12T14:49:47+00:00
perkinelmer-monitor-press-release-b5bee6dd3e17,Signal card,Dashboard / public evidence library,PerkinElmer Appoints Michael Stubblefield as Chief Executive Officer,https://www.perkinelmer.com/corporate-and-newsroom/covaris-introduces-trucollect-solution-decentralized-whole-blood-collection-and-dna-extraction,,Partially supported,,Major,2026-08-12T14:49:47+00:00
thermo-fisher-monitor-technical-insight-e4e93afc5acb,Signal card,Dashboard / public evidence library,What Happens When Glycoproteomics Meets Real-Time LC-MS Decision Making?,https://www.thermofisher.com/blog/analyteguru/what-happens-when-glycoproteomics-meets-real-time-lc-ms-decision-making/,,Partially supported,,Major,2026-08-12T14:49:47+00:00
sec-agilent-0001193125-26-142101,SEC filing,SEC filing insights,"AGILENT TECHNOLOGIES, INC. filed 8-K",https://www.sec.gov/Archives/edgar/data/1090872/000119312526142101/a-20260331.htm,,UNREACHABLE,Current automated retrieval is blocked or challenged.,Major,2026-08-12T14:49:47+00:00
agilent-mumbai-cec-2026,Signal card,Dashboard / public evidence library,Agilent opens Customer Experience Center in Mumbai,https://www.agilent.com/about/newsroom/presrel/2026/02apr-ca26011.html,,UNREACHABLE,HTTP response contains an access-control or bot-challenge page,Major,2026-08-12T14:49:47+00:00
thermo-fisher-monitor-technical-insight-252772b9d981,Signal card,Dashboard / public evidence library,"Phosphorylation, ADMA, and O-GlcNAc Analysis on the Orbitrap Excedion Pro Mass Spectrometer",https://www.thermofisher.com/blog/analyteguru/phosphorylation-adma-and-o-glcnac-analysis-on-the-orbitrap-excedion-pro-mass-spectrometer/,,Partially supported,,Major,2026-08-12T14:49:47+00:00
sec-thermo-0000097745-26-000066,SEC filing,SEC filing insights,THERMO FISHER SCIENTIFIC INC. filed 8-K,https://www.sec.gov/Archives/edgar/data/97745/000009774526000066/tmo-20260324.htm,,UNREACHABLE,Current automated retrieval is blocked or challenged.,Major,2026-08-12T14:49:47+00:00
shimadzu-monitor-press-release-5d6c0db3bf69,Signal card,Dashboard / public evidence library,Development of a MALDI Mass Spectrometry Method for Serotype Identification of Gene Therapy Vectors Collaborative Study Published in Analytical Chemistry,https://www.shimadzu.com/news/2026/kl7r0r4uj64q9kpv.html,,Partially supported,,Major,2026-08-12T14:49:47+00:00
shimadzu-monitor-press-release-e691485b7639,Signal card,Dashboard / public evidence library,DOSIMMUNE™ LC-MS/MS Immunosuppressant Analysis Kit Obtains European IVDR Class C Certification Contributing to Therapeutic Drug Monitoring,https://www.shimadzu.com/news/2026/h8vx9je-kascz6do.html,,Partially supported,,Major,2026-08-12T14:49:47+00:00
sec-agilent-0001193125-26-117614,SEC filing,SEC filing insights,"AGILENT TECHNOLOGIES, INC. filed 8-K",https://www.sec.gov/Archives/edgar/data/1090872/000119312526117614/a-20260318.htm,,UNREACHABLE,Current automated retrieval is blocked or challenged.,Major,2026-08-12T14:49:47+00:00
sec-agilent-0001193125-26-096487,SEC filing,SEC filing insights,"AGILENT TECHNOLOGIES, INC. filed 8-K",https://www.sec.gov/Archives/edgar/data/1090872/000119312526096487/a-20260305.htm,,UNREACHABLE,Current automated retrieval is blocked or challenged.,Major,2026-08-12T14:49:47+00:00
thermo-fisher-monitor-technical-insight-d12fd4e1d0a9,Signal card,Dashboard / public evidence library,Electrospray 101: What to Know About LC-MS Sources – and a First Look at Optispray,https://www.thermofisher.com/blog/analyteguru/electrospray-101-what-to-know-about-lc-ms-sources-and-a-first-look-at-optispray/,,Partially supported,,Major,2026-08-12T14:49:47+00:00
shimadzu-monitor-press-release-9f9572aeee0c,Signal card,Dashboard / public evidence library,Next-Generation Model Offers both Industry-Leading Separation Performance and Ultra-Fast Analysis Release of Nexera X4 Ultra High Performance Liquid Chromatograph,https://www.shimadzu.com/news/2026/k8iri3_20_z4uvwt.html,,Partially supported,,Major,2026-08-12T14:49:47+00:00
sec-agilent-0001090872-26-000023,SEC filing,SEC filing insights,"AGILENT TECHNOLOGIES, INC. filed 10-Q",https://www.sec.gov/Archives/edgar/data/1090872/000109087226000023/a-20260131.htm,,UNREACHABLE,Current automated retrieval is blocked or challenged.,Major,2026-08-12T14:49:47+00:00
sec-thermo-0000097745-26-000018,SEC filing,SEC filing insights,THERMO FISHER SCIENTIFIC INC. filed 10-K,https://www.sec.gov/Archives/edgar/data/97745/000009774526000018/tmo-20251231.htm,,UNREACHABLE,Current automated retrieval is blocked or challenged.,Major,2026-08-12T14:49:47+00:00
agilent-monitor-press-release-bf9c4c1f6eef,Signal card,Dashboard / public evidence library,Agilent Reports First-Quarter Fiscal Year 2026 Financial Results,https://www.investor.agilent.com/news-and-events/news/news-details/2026/Agilent-Reports-First-Quarter-Fiscal-Year-2026-Financial-Results/default.aspx,,Partially supported,,Major,2026-08-12T14:49:47+00:00
sec-agilent-0001090872-26-000015,SEC filing,SEC filing insights,"AGILENT TECHNOLOGIES, INC. filed 8-K",https://www.sec.gov/Archives/edgar/data/1090872/000109087226000015/a-20260225.htm,,UNREACHABLE,Current automated retrieval is blocked or challenged.,Major,2026-08-12T14:49:47+00:00
sec-sciex-0000313616-26-000062,SEC filing,SEC filing insights,Danaher Corporation filed 10-K,https://www.sec.gov/Archives/edgar/data/313616/000031361626000062/dhr-20251231.htm,,UNREACHABLE,Current automated retrieval is blocked or challenged.,Major,2026-08-12T14:49:47+00:00
sec-perkinelmer-0000031791-26-000012,SEC filing,SEC filing insights,"Revvity, Inc. filed 10-K",https://www.sec.gov/Archives/edgar/data/31791/000003179126000012/revv-20251228.htm,,UNREACHABLE,Current automated retrieval is blocked or challenged.,Major,2026-08-12T14:49:47+00:00
sec-sciex-0001193125-26-053124,SEC filing,SEC filing insights,Danaher Corporation filed 8-K,https://www.sec.gov/Archives/edgar/data/313616/000119312526053124/d110495d8k.htm,,UNREACHABLE,Current automated retrieval is blocked or challenged.,Major,2026-08-12T14:49:47+00:00
sec-thermo-0001140361-26-005014,SEC filing,SEC filing insights,THERMO FISHER SCIENTIFIC INC. filed 8-K,https://www.sec.gov/Archives/edgar/data/97745/000114036126005014/ef20065513_8k.htm,,UNREACHABLE,Current automated retrieval is blocked or challenged.,Major,2026-08-12T14:49:47+00:00
shimadzu-monitor-press-release-ec6bc5b5fbee,Signal card,Dashboard / public evidence library,Enables Reliable Water Quality Analysis for All Users and Reduces Workload through Smooth Operation Release of Nexera IC Ion Chromatograph,https://www.shimadzu.com/news/2026/t0best6lrz8y0uk9.html,,Partially supported,,Major,2026-08-12T14:49:47+00:00
sec-sciex-0000313616-26-000058,SEC filing,SEC filing insights,Danaher Corporation filed 8-K,https://www.sec.gov/Archives/edgar/data/313616/000031361626000058/dhr-20260205.htm,,UNREACHABLE,Current automated retrieval is blocked or challenged.,Major,2026-08-12T14:49:47+00:00
sciex-monitor-press-release-4d0a7e331929,Signal card,Dashboard / public evidence library,The Echo® MS+ system integration with the ZenoTOF 8600 system delivers enhanced sensitivity for high-throughput screening,https://sciex.com/about-us/press-releases/2026/the-echor-ms-system-integration-with-the-zenotof-8600-system-delivers-enhanced-sensitivity-for-high-throughput-screening,,Partially supported,,Major,2026-08-12T14:49:47+00:00
sec-perkinelmer-0000031791-26-000007,SEC filing,SEC filing insights,"Revvity, Inc. filed 8-K",https://www.sec.gov/Archives/edgar/data/31791/000003179126000007/pki-20260202.htm,,UNREACHABLE,Current automated retrieval is blocked or challenged.,Major,2026-08-12T14:49:47+00:00
sec-thermo-0000097745-26-000012,SEC filing,SEC filing insights,THERMO FISHER SCIENTIFIC INC. filed 8-K,https://www.sec.gov/Archives/edgar/data/97745/000009774526000012/tmo-20260129.htm,,UNREACHABLE,Current automated retrieval is blocked or challenged.,Major,2026-08-12T14:49:47+00:00
sec-sciex-0000313616-26-000004,SEC filing,SEC filing insights,Danaher Corporation filed 8-K,https://www.sec.gov/Archives/edgar/data/313616/000031361626000004/dhr-20260128.htm,,UNREACHABLE,Current automated retrieval is blocked or challenged.,Major,2026-08-12T14:49:47+00:00
sec-perkinelmer-0000031791-26-000003,SEC filing,SEC filing insights,"Revvity, Inc. filed 8-K",https://www.sec.gov/Archives/edgar/data/31791/000003179126000003/pki-20260112.htm,,UNREACHABLE,Current automated retrieval is blocked or challenged.,Major,2026-08-12T14:49:47+00:00
sec-thermo-0001140361-26-000871,SEC filing,SEC filing insights,THERMO FISHER SCIENTIFIC INC. filed 8-K,https://www.sec.gov/Archives/edgar/data/97745/000114036126000871/ef20062683_8k.htm,,UNREACHABLE,Current automated retrieval is blocked or challenged.,Major,2026-08-12T14:49:47+00:00
sec-sciex-0000313616-26-000002,SEC filing,SEC filing insights,Danaher Corporation filed 8-K,https://www.sec.gov/Archives/edgar/data/313616/000031361626000002/dhr-20260112.htm,,UNREACHABLE,Current automated retrieval is blocked or challenged.,Major,2026-08-12T14:49:47+00:00
thermo-fisher-monitor-technical-insight-96c800a34b83,Signal card,Dashboard / public evidence library,How to Cut HPLC Sample Preparation Time for Derivatizing Amino Acids,https://www.thermofisher.com/blog/analyteguru/how-to-cut-hplc-sample-preparation-time-for-derivatizing-amino-acids/,,Partially supported,,Major,2026-08-12T14:49:47+00:00
sec-agilent-0001090872-25-000087,SEC filing,SEC filing insights,"AGILENT TECHNOLOGIES, INC. filed 10-K",https://www.sec.gov/Archives/edgar/data/1090872/000109087225000087/a-20251031.htm,,UNREACHABLE,Current automated retrieval is blocked or challenged.,Major,2026-08-12T14:49:47+00:00
thermo-fisher-monitor-technical-insight-256a54fd0597,Signal card,Dashboard / public evidence library,Upgrade Smarter: Trade In Your Current LC-MS System and Boost Lab Performance Without Breaking Budget,https://www.thermofisher.com/blog/analyteguru/upgrade-smarter-trade-in-your-current-lc-ms-system-and-boost-lab-performance-without-breaking-budget/,,Partially supported,,Major,2026-08-12T14:49:47+00:00
sec-thermo-0001140361-25-043790,SEC filing,SEC filing insights,THERMO FISHER SCIENTIFIC INC. filed 8-K,https://www.sec.gov/Archives/edgar/data/97745/000114036125043790/ef20060146_8k.htm,,UNREACHABLE,Current automated retrieval is blocked or challenged.,Major,2026-08-12T14:49:47+00:00
sec-agilent-0001090872-25-000070,SEC filing,SEC filing insights,"AGILENT TECHNOLOGIES, INC. filed 8-K",https://www.sec.gov/Archives/edgar/data/1090872/000109087225000070/a-20251124.htm,,UNREACHABLE,Current automated retrieval is blocked or challenged.,Major,2026-08-12T14:49:47+00:00
sec-sciex-0000313616-25-000198,SEC filing,SEC filing insights,Danaher Corporation filed 8-K,https://www.sec.gov/Archives/edgar/data/313616/000031361625000198/dhr-20251106.htm,,UNREACHABLE,Current automated retrieval is blocked or challenged.,Major,2026-08-12T14:49:47+00:00
sec-perkinelmer-0000031791-25-000037,SEC filing,SEC filing insights,"Revvity, Inc. filed 10-Q",https://www.sec.gov/Archives/edgar/data/31791/000003179125000037/revv-20250928.htm,,UNREACHABLE,Current automated retrieval is blocked or challenged.,Major,2026-08-12T14:49:47+00:00
sec-thermo-0000097745-25-000159,SEC filing,SEC filing insights,THERMO FISHER SCIENTIFIC INC. filed 10-Q,https://www.sec.gov/Archives/edgar/data/97745/000009774525000159/tmo-20250927.htm,,UNREACHABLE,Current automated retrieval is blocked or challenged.,Major,2026-08-12T14:49:47+00:00
sec-thermo-0000097745-25-000156,SEC filing,SEC filing insights,THERMO FISHER SCIENTIFIC INC. filed 8-K,https://www.sec.gov/Archives/edgar/data/97745/000009774525000156/tmo-20251029.htm,,UNREACHABLE,Current automated retrieval is blocked or challenged.,Major,2026-08-12T14:49:47+00:00
sec-agilent-0001193125-25-251622,SEC filing,SEC filing insights,"AGILENT TECHNOLOGIES, INC. filed 8-K",https://www.sec.gov/Archives/edgar/data/1090872/000119312525251622/a-20251023.htm,,UNREACHABLE,Current automated retrieval is blocked or challenged.,Major,2026-08-12T14:49:47+00:00
sec-perkinelmer-0000031791-25-000032,SEC filing,SEC filing insights,"Revvity, Inc. filed 8-K",https://www.sec.gov/Archives/edgar/data/31791/000003179125000032/pki-20251027.htm,,UNREACHABLE,Current automated retrieval is blocked or challenged.,Major,2026-08-12T14:49:47+00:00
thermo-fisher-monitor-technical-insight-ebd4e492a1b9,Signal card,Dashboard / public evidence library,Unlock High-Performance LC-MS with Factory-Certified Systems from Thermo Fisher Scientific,https://www.thermofisher.com/blog/analyteguru/unlock-high-performance-lc-ms-with-factory-certified-systems-from-thermo-fisher-scientific/,,Partially supported,,Major,2026-08-12T14:49:47+00:00
sec-perkinelmer-0001193125-25-249958,SEC filing,SEC filing insights,"Revvity, Inc. filed 8-K",https://www.sec.gov/Archives/edgar/data/31791/000119312525249958/d52648d8k.htm,,UNREACHABLE,Current automated retrieval is blocked or challenged.,Major,2026-08-12T14:49:47+00:00
sec-thermo-0000097745-25-000150,SEC filing,SEC filing insights,THERMO FISHER SCIENTIFIC INC. filed 8-K,https://www.sec.gov/Archives/edgar/data/97745/000009774525000150/tmo-20251022.htm,,UNREACHABLE,Current automated retrieval is blocked or challenged.,Major,2026-08-12T14:49:47+00:00
sec-sciex-0000313616-25-000182,SEC filing,SEC filing insights,Danaher Corporation filed 10-Q,https://www.sec.gov/Archives/edgar/data/313616/000031361625000182/dhr-20250926.htm,,UNREACHABLE,Current automated retrieval is blocked or challenged.,Major,2026-08-12T14:49:47+00:00
sec-sciex-0000313616-25-000180,SEC filing,SEC filing insights,Danaher Corporation filed 8-K,https://www.sec.gov/Archives/edgar/data/313616/000031361625000180/dhr-20251021.htm,,UNREACHABLE,Current automated retrieval is blocked or challenged.,Major,2026-08-12T14:49:47+00:00
sec-thermo-0001140361-25-037501,SEC filing,SEC filing insights,THERMO FISHER SCIENTIFIC INC. filed 8-K,https://www.sec.gov/Archives/edgar/data/97745/000114036125037501/ef20056709_8k.htm,,UNREACHABLE,Current automated retrieval is blocked or challenged.,Major,2026-08-12T14:49:47+00:00
thermo-fisher-monitor-technical-insight-63da42085988,Signal card,Dashboard / public evidence library,Modern Technologies for High-Performance LC-MS Data Transfers,https://www.thermofisher.com/blog/analyteguru/modern-technologies-for-high-performance-lc-ms-data-transfers/,,Partially supported,,Major,2026-08-12T14:49:47+00:00
sec-sciex-0000313616-25-000178,SEC filing,SEC filing insights,Danaher Corporation filed 8-K,https://www.sec.gov/Archives/edgar/data/313616/000031361625000178/dhr-20250909.htm,,UNREACHABLE,Current automated retrieval is blocked or challenged.,Major,2026-08-12T14:49:47+00:00
sec-thermo-0000097745-25-000111,SEC filing,SEC filing insights,THERMO FISHER SCIENTIFIC INC. filed 8-K,https://www.sec.gov/Archives/edgar/data/97745/000009774525000111/tmo-20250901.htm,,UNREACHABLE,Current automated retrieval is blocked or challenged.,Major,2026-08-12T14:49:47+00:00
sec-agilent-0001090872-25-000036,SEC filing,SEC filing insights,"AGILENT TECHNOLOGIES, INC. filed 10-Q",https://www.sec.gov/Archives/edgar/data/1090872/000109087225000036/a-20250731.htm,,UNREACHABLE,Current automated retrieval is blocked or challenged.,Major,2026-08-12T14:49:47+00:00
sec-agilent-0001090872-25-000034,SEC filing,SEC filing insights,"AGILENT TECHNOLOGIES, INC. filed 8-K",https://www.sec.gov/Archives/edgar/data/1090872/000109087225000034/a-20250827.htm,,UNREACHABLE,Current automated retrieval is blocked or challenged.,Major,2026-08-12T14:49:47+00:00
thermo-fisher-monitor-technical-insight-481c95686c7c,Signal card,Dashboard / public evidence library,Radical-based Ion Activation and Dissociation,https://www.thermofisher.com/blog/analyteguru/radical-based-ion-activation-and-dissociation/,,Partially supported,,Major,2026-08-12T14:49:47+00:00
pubmed-40203020,Scientific publication,Public evidence library,Building a Bridge Between Ambient MS and LC-MS by Non-Exhaustive Microdesorption,https://pubmed.ncbi.nlm.nih.gov/40203020/,Building a Bridge Between Ambient MS and LC-MS by Non-Exhaustive Microdesorption,UNREACHABLE,Current automated retrieval is blocked or challenged.,Major,2026-08-12T14:49:47+00:00
sec-perkinelmer-0000031791-25-000026,SEC filing,SEC filing insights,"Revvity, Inc. filed 10-Q",https://www.sec.gov/Archives/edgar/data/31791/000003179125000026/revv-20250629.htm,,UNREACHABLE,Current automated retrieval is blocked or challenged.,Major,2026-08-12T14:49:47+00:00
sec-thermo-0000097745-25-000101,SEC filing,SEC filing insights,THERMO FISHER SCIENTIFIC INC. filed 10-Q,https://www.sec.gov/Archives/edgar/data/97745/000009774525000101/tmo-20250628.htm,,UNREACHABLE,Current automated retrieval is blocked or challenged.,Major,2026-08-12T14:49:47+00:00
sec-sciex-0000313616-25-000172,SEC filing,SEC filing insights,Danaher Corporation filed 8-K,https://www.sec.gov/Archives/edgar/data/313616/000031361625000172/dhr-20250728.htm,,UNREACHABLE,Current automated retrieval is blocked or challenged.,Major,2026-08-12T14:49:47+00:00
perkinelmer-covaris-hamilton-automation-2025,Signal card,Dashboard / public evidence library,PerkinElmer Covaris and Hamilton partner on automated FFPE nucleic-acid extraction,https://www.perkinelmer.com/corporate-and-newsroom/strategic-partnership-between-covaris-and-hamilton-empowers-labs-with-sonication-star,,Partially supported,,Major,2026-08-12T14:49:47+00:00
sec-perkinelmer-0000031791-25-000022,SEC filing,SEC filing insights,"Revvity, Inc. filed 8-K",https://www.sec.gov/Archives/edgar/data/31791/000003179125000022/pki-20250728.htm,,UNREACHABLE,Current automated retrieval is blocked or challenged.,Major,2026-08-12T14:49:47+00:00
sec-sciex-0000313616-25-000155,SEC filing,SEC filing insights,Danaher Corporation filed 8-K,https://www.sec.gov/Archives/edgar/data/313616/000031361625000155/dhr-20250721.htm,,UNREACHABLE,Current automated retrieval is blocked or challenged.,Major,2026-08-12T14:49:47+00:00
sec-thermo-0000097745-25-000095,SEC filing,SEC filing insights,THERMO FISHER SCIENTIFIC INC. filed 8-K,https://www.sec.gov/Archives/edgar/data/97745/000009774525000095/tmo-20250723.htm,,UNREACHABLE,Current automated retrieval is blocked or challenged.,Major,2026-08-12T14:49:47+00:00
sec-sciex-0000313616-25-000153,SEC filing,SEC filing insights,Danaher Corporation filed 10-Q,https://www.sec.gov/Archives/edgar/data/313616/000031361625000153/dhr-20250627.htm,,UNREACHABLE,Current automated retrieval is blocked or challenged.,Major,2026-08-12T14:49:47+00:00
sec-sciex-0000313616-25-000152,SEC filing,SEC filing insights,Danaher Corporation filed 8-K,https://www.sec.gov/Archives/edgar/data/313616/000031361625000152/dhr-20250722.htm,,UNREACHABLE,Current automated retrieval is blocked or challenged.,Major,2026-08-12T14:49:47+00:00
sec-agilent-0001193125-25-159100,SEC filing,SEC filing insights,"AGILENT TECHNOLOGIES, INC. filed 8-K",https://www.sec.gov/Archives/edgar/data/1090872/000119312525159100/d866414d8k.htm,,UNREACHABLE,Current automated retrieval is blocked or challenged.,Major,2026-08-12T14:49:47+00:00
perkinelmer-taicang-china-facility-2025,Signal card,Dashboard / public evidence library,PerkinElmer expands Taicang manufacturing and R&D facility for China strategy,https://www.perkinelmer.com/au/perkinelmer-inaugurates-expanded-taicang-facility-power-china-china-and-beyond-strategy,,Partially supported,,Major,2026-08-12T14:49:47+00:00
pubmed-40203633,Scientific publication,Public evidence library,Determination of haloacetic acids in municipal tap water and swimming pool water using portable capillary liquid chromatography - mass spectrometry,https://pubmed.ncbi.nlm.nih.gov/40203633/,Determination of haloacetic acids in municipal tap water and swimming pool water using portable capillary,UNREACHABLE,Current automated retrieval is blocked or challenged.,Major,2026-08-12T14:49:47+00:00
sec-agilent-0001090872-25-000021,SEC filing,SEC filing insights,"AGILENT TECHNOLOGIES, INC. filed 10-Q",https://www.sec.gov/Archives/edgar/data/1090872/000109087225000021/a-20250430.htm,,UNREACHABLE,Current automated retrieval is blocked or challenged.,Major,2026-08-12T14:49:47+00:00
sec-thermo-0000097745-25-000069,SEC filing,SEC filing insights,THERMO FISHER SCIENTIFIC INC. filed 8-K,https://www.sec.gov/Archives/edgar/data/97745/000009774525000069/tmo-20250521.htm,,UNREACHABLE,Current automated retrieval is blocked or challenged.,Major,2026-08-12T14:49:47+00:00
sec-agilent-0001090872-25-000013,SEC filing,SEC filing insights,"AGILENT TECHNOLOGIES, INC. filed 8-K",https://www.sec.gov/Archives/edgar/data/1090872/000109087225000013/a-20250528.htm,,UNREACHABLE,Current automated retrieval is blocked or challenged.,Major,2026-08-12T14:49:47+00:00
sec-thermo-0000097745-25-000066,SEC filing,SEC filing insights,THERMO FISHER SCIENTIFIC INC. filed 8-K,https://www.sec.gov/Archives/edgar/data/97745/000009774525000066/tmo-20250521.htm,,UNREACHABLE,Current automated retrieval is blocked or challenged.,Major,2026-08-12T14:49:47+00:00
sec-agilent-0000950170-25-075587,SEC filing,SEC filing insights,"AGILENT TECHNOLOGIES, INC. filed 8-K",https://www.sec.gov/Archives/edgar/data/1090872/000095017025075587/a-20250520.htm,,UNREACHABLE,Current automated retrieval is blocked or challenged.,Major,2026-08-12T14:49:47+00:00
sec-sciex-0000313616-25-000110,SEC filing,SEC filing insights,Danaher Corporation filed 8-K,https://www.sec.gov/Archives/edgar/data/313616/000031361625000110/dhr-20250506.htm,,UNREACHABLE,Current automated retrieval is blocked or challenged.,Major,2026-08-12T14:49:47+00:00
sec-perkinelmer-0000031791-25-000015,SEC filing,SEC filing insights,"Revvity, Inc. filed 10-Q",https://www.sec.gov/Archives/edgar/data/31791/000003179125000015/revv-20250330.htm,,UNREACHABLE,Current automated retrieval is blocked or challenged.,Major,2026-08-12T14:49:47+00:00
sec-thermo-0000097745-25-000041,SEC filing,SEC filing insights,THERMO FISHER SCIENTIFIC INC. filed 10-Q,https://www.sec.gov/Archives/edgar/data/97745/000009774525000041/tmo-20250329.htm,,UNREACHABLE,Current automated retrieval is blocked or challenged.,Major,2026-08-12T14:49:47+00:00
sec-agilent-0001193125-25-111596,SEC filing,SEC filing insights,"AGILENT TECHNOLOGIES, INC. filed 8-K",https://www.sec.gov/Archives/edgar/data/1090872/000119312525111596/d889863d8k.htm,,UNREACHABLE,Current automated retrieval is blocked or challenged.,Major,2026-08-12T14:49:47+00:00
sec-perkinelmer-0000031791-25-000012,SEC filing,SEC filing insights,"Revvity, Inc. filed 8-K",https://www.sec.gov/Archives/edgar/data/31791/000003179125000012/pki-20250428.htm,,UNREACHABLE,Current automated retrieval is blocked or challenged.,Major,2026-08-12T14:49:47+00:00
sec-perkinelmer-0001193125-25-096747,SEC filing,SEC filing insights,"Revvity, Inc. filed 8-K",https://www.sec.gov/Archives/edgar/data/31791/000119312525096747/d900630d8k.htm,,UNREACHABLE,Current automated retrieval is blocked or challenged.,Major,2026-08-12T14:49:47+00:00
sec-thermo-0000097745-25-000034,SEC filing,SEC filing insights,THERMO FISHER SCIENTIFIC INC. filed 8-K,https://www.sec.gov/Archives/edgar/data/97745/000009774525000034/tmo-20250423.htm,,UNREACHABLE,Current automated retrieval is blocked or challenged.,Major,2026-08-12T14:49:47+00:00
sec-sciex-0000313616-25-000090,SEC filing,SEC filing insights,Danaher Corporation filed 8-K,https://www.sec.gov/Archives/edgar/data/313616/000031361625000090/dhr-20250422.htm,,UNREACHABLE,Current automated retrieval is blocked or challenged.,Major,2026-08-12T14:49:47+00:00
sec-sciex-0000313616-25-000088,SEC filing,SEC filing insights,Danaher Corporation filed 10-Q,https://www.sec.gov/Archives/edgar/data/313616/000031361625000088/dhr-20250328.htm,,UNREACHABLE,Current automated retrieval is blocked or challenged.,Major,2026-08-12T14:49:47+00:00
sec-agilent-0000950170-25-049516,SEC filing,SEC filing insights,"AGILENT TECHNOLOGIES, INC. filed 8-K",https://www.sec.gov/Archives/edgar/data/1090872/000095017025049516/a-20250327.htm,,UNREACHABLE,Current automated retrieval is blocked or challenged.,Major,2026-08-12T14:49:47+00:00
sec-agilent-0000950170-25-040344,SEC filing,SEC filing insights,"AGILENT TECHNOLOGIES, INC. filed 8-K",https://www.sec.gov/Archives/edgar/data/1090872/000095017025040344/a-20250313.htm,,UNREACHABLE,Current automated retrieval is blocked or challenged.,Major,2026-08-12T14:49:47+00:00
sec-agilent-0001090872-25-000010,SEC filing,SEC filing insights,"AGILENT TECHNOLOGIES, INC. filed 8-K",https://www.sec.gov/Archives/edgar/data/1090872/000109087225000010/a-20250303_d2.htm,,UNREACHABLE,Current automated retrieval is blocked or challenged.,Major,2026-08-12T14:49:47+00:00
sec-agilent-0001090872-25-000008,SEC filing,SEC filing insights,"AGILENT TECHNOLOGIES, INC. filed 10-Q",https://www.sec.gov/Archives/edgar/data/1090872/000109087225000008/a-20250131.htm,,UNREACHABLE,Current automated retrieval is blocked or challenged.,Major,2026-08-12T14:49:47+00:00
sec-agilent-0001090872-25-000003,SEC filing,SEC filing insights,"AGILENT TECHNOLOGIES, INC. filed 8-K",https://www.sec.gov/Archives/edgar/data/1090872/000109087225000003/a-20250226.htm,,UNREACHABLE,Current automated retrieval is blocked or challenged.,Major,2026-08-12T14:49:47+00:00
sec-thermo-0000097745-25-000016,SEC filing,SEC filing insights,THERMO FISHER SCIENTIFIC INC. filed 8-K,https://www.sec.gov/Archives/edgar/data/97745/000009774525000016/tmo-20250225.htm,,UNREACHABLE,Current automated retrieval is blocked or challenged.,Major,2026-08-12T14:49:47+00:00
sec-perkinelmer-0000031791-25-000009,SEC filing,SEC filing insights,"Revvity, Inc. filed 10-K",https://www.sec.gov/Archives/edgar/data/31791/000003179125000009/revv-20241229.htm,,UNREACHABLE,Current automated retrieval is blocked or challenged.,Major,2026-08-12T14:49:47+00:00
sec-thermo-0000097745-25-000010,SEC filing,SEC filing insights,THERMO FISHER SCIENTIFIC INC. filed 10-K,https://www.sec.gov/Archives/edgar/data/97745/000009774525000010/tmo-20241231.htm,,UNREACHABLE,Current automated retrieval is blocked or challenged.,Major,2026-08-12T14:49:47+00:00
sec-sciex-0000313616-25-000044,SEC filing,SEC filing insights,Danaher Corporation filed 8-K,https://www.sec.gov/Archives/edgar/data/313616/000031361625000044/dhr-20250220.htm,,UNREACHABLE,Current automated retrieval is blocked or challenged.,Major,2026-08-12T14:49:47+00:00
sec-sciex-0000313616-25-000043,SEC filing,SEC filing insights,Danaher Corporation filed 10-K,https://www.sec.gov/Archives/edgar/data/313616/000031361625000043/dhr-20241231.htm,,UNREACHABLE,Current automated retrieval is blocked or challenged.,Major,2026-08-12T14:49:47+00:00
sec-thermo-0000097745-25-000007,SEC filing,SEC filing insights,THERMO FISHER SCIENTIFIC INC. filed 8-K,https://www.sec.gov/Archives/edgar/data/97745/000009774525000007/tmo-20250219.htm,,UNREACHABLE,Current automated retrieval is blocked or challenged.,Major,2026-08-12T14:49:47+00:00
pubmed-39957899,Scientific publication,Public evidence library,Targeted screening and profiling of massive components of colistimethate sodium by two-dimensional-liquid chromatography-mass spectrometry based on self-constructed compound database,https://pubmed.ncbi.nlm.nih.gov/39957899/,Targeted screening and profiling of massive components of colistimethate sodium by two-dimensional-liquid chromatography-mass spectrometry based,UNREACHABLE,Current automated retrieval is blocked or challenged.,Major,2026-08-12T14:49:47+00:00
sec-perkinelmer-0000031791-25-000006,SEC filing,SEC filing insights,"Revvity, Inc. filed 8-K",https://www.sec.gov/Archives/edgar/data/31791/000003179125000006/pki-20250131.htm,,UNREACHABLE,Current automated retrieval is blocked or challenged.,Major,2026-08-12T14:49:47+00:00
sec-thermo-0000097745-25-000003,SEC filing,SEC filing insights,THERMO FISHER SCIENTIFIC INC. filed 8-K,https://www.sec.gov/Archives/edgar/data/97745/000009774525000003/tmo-20250130.htm,,UNREACHABLE,Current automated retrieval is blocked or challenged.,Major,2026-08-12T14:49:47+00:00
sec-sciex-0000313616-25-000004,SEC filing,SEC filing insights,Danaher Corporation filed 8-K,https://www.sec.gov/Archives/edgar/data/313616/000031361625000004/dhr-20250129.htm,,UNREACHABLE,Current automated retrieval is blocked or challenged.,Major,2026-08-12T14:49:47+00:00
pubmed-39830726,Scientific publication,Public evidence library,Qualitative and Quantitative Analysis of Tire Wear Particles (TWPs) in Road Dust Using a Novel Mode of Operation of TGA-GC/MS,https://pubmed.ncbi.nlm.nih.gov/39830726/,Qualitative and Quantitative Analysis of Tire Wear Particles (TWPs) in Road Dust Using a Novel,UNREACHABLE,Current automated retrieval is blocked or challenged.,Major,2026-08-12T14:49:47+00:00
sec-sciex-0000313616-25-000002,SEC filing,SEC filing insights,Danaher Corporation filed 8-K,https://www.sec.gov/Archives/edgar/data/313616/000031361625000002/dhr-20250113.htm,,UNREACHABLE,Current automated retrieval is blocked or challenged.,Major,2026-08-12T14:49:47+00:00
sec-perkinelmer-0000031791-25-000003,SEC filing,SEC filing insights,"Revvity, Inc. filed 8-K",https://www.sec.gov/Archives/edgar/data/31791/000003179125000003/pki-20250112.htm,,UNREACHABLE,Current automated retrieval is blocked or challenged.,Major,2026-08-12T14:49:47+00:00
sec-perkinelmer-0001193125-25-002871,SEC filing,SEC filing insights,"Revvity, Inc. filed 8-K",https://www.sec.gov/Archives/edgar/data/31791/000119312525002871/d915642d8k.htm,,UNREACHABLE,Current automated retrieval is blocked or challenged.,Major,2026-08-12T14:49:47+00:00
pubmed-39884822,Scientific publication,Public evidence library,Efflux transporters in drug disposition during pregnancy,https://pubmed.ncbi.nlm.nih.gov/39884822/,Efflux transporters in drug disposition during pregnancy,UNREACHABLE,Current automated retrieval is blocked or challenged.,Major,2026-08-12T14:49:47+00:00
pubmed-39759287,Scientific publication,Public evidence library,Lipid imbalance and inflammatory oxylipin cascade at the maternal-fetal interface in recurrent spontaneous abortion,https://pubmed.ncbi.nlm.nih.gov/39759287/,Lipid imbalance and inflammatory oxylipin cascade at the maternal-fetal interface in recurrent spontaneous abortion,UNREACHABLE,Current automated retrieval is blocked or challenged.,Major,2026-08-12T14:49:47+00:00
sec-agilent-0001090872-24-000049,SEC filing,SEC filing insights,"AGILENT TECHNOLOGIES, INC. filed 10-K",https://www.sec.gov/Archives/edgar/data/1090872/000109087224000049/a-20241031.htm,,UNREACHABLE,Current automated retrieval is blocked or challenged.,Major,2026-08-12T14:49:47+00:00
sec-agilent-0001090872-24-000045,SEC filing,SEC filing insights,"AGILENT TECHNOLOGIES, INC. filed 8-K",https://www.sec.gov/Archives/edgar/data/1090872/000109087224000045/a-20241213.htm,,UNREACHABLE,Current automated retrieval is blocked or challenged.,Major,2026-08-12T14:49:47+00:00
sec-sciex-0000313616-24-000251,SEC filing,SEC filing insights,Danaher Corporation filed 8-K,https://www.sec.gov/Archives/edgar/data/313616/000031361624000251/dhr-20241209.htm,,UNREACHABLE,Current automated retrieval is blocked or challenged.,Major,2026-08-12T14:49:47+00:00
pubmed-39660347,Scientific publication,Public evidence library,Validation of a Dried Blood Spot Assay for Testosterone Measurement Using Liquid Chromatography-Tandem Mass Spectrometry,https://pubmed.ncbi.nlm.nih.gov/39660347/,Validation of a Dried Blood Spot Assay for Testosterone Measurement Using Liquid Chromatography-Tandem Mass Spectrometry,UNREACHABLE,Current automated retrieval is blocked or challenged.,Major,2026-08-12T14:49:47+00:00
sec-agilent-0001090872-24-000042,SEC filing,SEC filing insights,"AGILENT TECHNOLOGIES, INC. filed 8-K",https://www.sec.gov/Archives/edgar/data/1090872/000109087224000042/a-20241125.htm,,UNREACHABLE,Current automated retrieval is blocked or challenged.,Major,2026-08-12T14:49:47+00:00
sec-perkinelmer-0000031791-24-000028,SEC filing,SEC filing insights,"Revvity, Inc. filed 10-Q",https://www.sec.gov/Archives/edgar/data/31791/000003179124000028/pki-20240929.htm,,UNREACHABLE,Current automated retrieval is blocked or challenged.,Major,2026-08-12T14:49:47+00:00
sec-perkinelmer-0000031791-24-000026,SEC filing,SEC filing insights,"Revvity, Inc. filed 8-K",https://www.sec.gov/Archives/edgar/data/31791/000003179124000026/pki-20241104.htm,,UNREACHABLE,Current automated retrieval is blocked or challenged.,Major,2026-08-12T14:49:47+00:00
sec-thermo-0000097745-24-000046,SEC filing,SEC filing insights,THERMO FISHER SCIENTIFIC INC. filed 10-Q,https://www.sec.gov/Archives/edgar/data/97745/000009774524000046/tmo-20240928.htm,,UNREACHABLE,Current automated retrieval is blocked or challenged.,Major,2026-08-12T14:49:47+00:00
sec-thermo-0000097745-24-000043,SEC filing,SEC filing insights,THERMO FISHER SCIENTIFIC INC. filed 8-K,https://www.sec.gov/Archives/edgar/data/97745/000009774524000043/tmo-20241023.htm,,UNREACHABLE,Current automated retrieval is blocked or challenged.,Major,2026-08-12T14:49:47+00:00
sec-sciex-0000313616-24-000223,SEC filing,SEC filing insights,Danaher Corporation filed 8-K,https://www.sec.gov/Archives/edgar/data/313616/000031361624000223/dhr-20241022.htm,,UNREACHABLE,Current automated retrieval is blocked or challenged.,Major,2026-08-12T14:49:47+00:00
sec-sciex-0000313616-24-000220,SEC filing,SEC filing insights,Danaher Corporation filed 10-Q,https://www.sec.gov/Archives/edgar/data/313616/000031361624000220/dhr-20240927.htm,,UNREACHABLE,Current automated retrieval is blocked or challenged.,Major,2026-08-12T14:49:47+00:00
sec-agilent-0001193125-24-215906,SEC filing,SEC filing insights,"AGILENT TECHNOLOGIES, INC. filed 8-K",https://www.sec.gov/Archives/edgar/data/1090872/000119312524215906/d894739d8k.htm,,UNREACHABLE,Current automated retrieval is blocked or challenged.,Major,2026-08-12T14:49:47+00:00
sec-agilent-0001193125-24-214337,SEC filing,SEC filing insights,"AGILENT TECHNOLOGIES, INC. filed 8-K",https://www.sec.gov/Archives/edgar/data/1090872/000119312524214337/d891217d8k.htm,,UNREACHABLE,Current automated retrieval is blocked or challenged.,Major,2026-08-12T14:49:47+00:00
sec-agilent-0001090872-24-000036,SEC filing,SEC filing insights,"AGILENT TECHNOLOGIES, INC. filed 8-K",https://www.sec.gov/Archives/edgar/data/1090872/000109087224000036/a-20240903_d2.htm,,UNREACHABLE,Current automated retrieval is blocked or challenged.,Major,2026-08-12T14:49:47+00:00
sec-agilent-0001090872-24-000033,SEC filing,SEC filing insights,"AGILENT TECHNOLOGIES, INC. filed 10-Q",https://www.sec.gov/Archives/edgar/data/1090872/000109087224000033/a-20240731.htm,,UNREACHABLE,Current automated retrieval is blocked or challenged.,Major,2026-08-12T14:49:47+00:00
sec-agilent-0001090872-24-000024,SEC filing,SEC filing insights,"AGILENT TECHNOLOGIES, INC. filed 8-K",https://www.sec.gov/Archives/edgar/data/1090872/000109087224000024/a-20240821.htm,,UNREACHABLE,Current automated retrieval is blocked or challenged.,Major,2026-08-12T14:49:47+00:00
sec-perkinelmer-0000031791-24-000021,SEC filing,SEC filing insights,"Revvity, Inc. filed 10-Q",https://www.sec.gov/Archives/edgar/data/31791/000003179124000021/pki-20240630.htm,,UNREACHABLE,Current automated retrieval is blocked or challenged.,Major,2026-08-12T14:49:47+00:00
sec-thermo-0000097745-24-000040,SEC filing,SEC filing insights,THERMO FISHER SCIENTIFIC INC. filed 10-Q,https://www.sec.gov/Archives/edgar/data/97745/000009774524000040/tmo-20240629.htm,,UNREACHABLE,Current automated retrieval is blocked or challenged.,Major,2026-08-12T14:49:47+00:00
sec-perkinelmer-0000031791-24-000018,SEC filing,SEC filing insights,"Revvity, Inc. filed 8-K",https://www.sec.gov/Archives/edgar/data/31791/000003179124000018/pki-20240729.htm,,UNREACHABLE,Current automated retrieval is blocked or challenged.,Major,2026-08-12T14:49:47+00:00
sec-thermo-0000097745-24-000036,SEC filing,SEC filing insights,THERMO FISHER SCIENTIFIC INC. filed 8-K,https://www.sec.gov/Archives/edgar/data/97745/000009774524000036/tmo-20240724.htm,,UNREACHABLE,Current automated retrieval is blocked or challenged.,Major,2026-08-12T14:49:47+00:00
sec-sciex-0000313616-24-000188,SEC filing,SEC filing insights,Danaher Corporation filed 8-K,https://www.sec.gov/Archives/edgar/data/313616/000031361624000188/dhr-20240723.htm,,UNREACHABLE,Current automated retrieval is blocked or challenged.,Major,2026-08-12T14:49:47+00:00
sec-sciex-0000313616-24-000186,SEC filing,SEC filing insights,Danaher Corporation filed 10-Q,https://www.sec.gov/Archives/edgar/data/313616/000031361624000186/dhr-20240628.htm,,UNREACHABLE,Current automated retrieval is blocked or challenged.,Major,2026-08-12T14:49:47+00:00
sec-thermo-0000950157-24-000978,SEC filing,SEC filing insights,THERMO FISHER SCIENTIFIC INC. filed 8-K,https://www.sec.gov/Archives/edgar/data/97745/000095015724000978/form8-k.htm,,UNREACHABLE,Current automated retrieval is blocked or challenged.,Major,2026-08-12T14:49:47+00:00
sec-sciex-0000313616-24-000174,SEC filing,SEC filing insights,Danaher Corporation filed 8-K,https://www.sec.gov/Archives/edgar/data/313616/000031361624000174/dhr-20240616.htm,,UNREACHABLE,Current automated retrieval is blocked or challenged.,Major,2026-08-12T14:49:47+00:00
sec-agilent-0001090872-24-000021,SEC filing,SEC filing insights,"AGILENT TECHNOLOGIES, INC. filed 10-Q",https://www.sec.gov/Archives/edgar/data/1090872/000109087224000021/a-20240430.htm,,UNREACHABLE,Current automated retrieval is blocked or challenged.,Major,2026-08-12T14:49:47+00:00
sec-agilent-0001090872-24-000017,SEC filing,SEC filing insights,"AGILENT TECHNOLOGIES, INC. filed 8-K",https://www.sec.gov/Archives/edgar/data/1090872/000109087224000017/a-20240529.htm,,UNREACHABLE,Current automated retrieval is blocked or challenged.,Major,2026-08-12T14:49:47+00:00
sec-thermo-0000097745-24-000026,SEC filing,SEC filing insights,THERMO FISHER SCIENTIFIC INC. filed 8-K,https://www.sec.gov/Archives/edgar/data/97745/000009774524000026/tmo-20240522.htm,,UNREACHABLE,Current automated retrieval is blocked or challenged.,Major,2026-08-12T14:49:47+00:00
sec-agilent-0000950170-24-064091,SEC filing,SEC filing insights,"AGILENT TECHNOLOGIES, INC. filed 8-K",https://www.sec.gov/Archives/edgar/data/1090872/000095017024064091/a-20240522.htm,,UNREACHABLE,Current automated retrieval is blocked or challenged.,Major,2026-08-12T14:49:47+00:00
sec-sciex-0000313616-24-000133,SEC filing,SEC filing insights,Danaher Corporation filed 8-K,https://www.sec.gov/Archives/edgar/data/313616/000031361624000133/dhr-20240507.htm,,UNREACHABLE,Current automated retrieval is blocked or challenged.,Major,2026-08-12T14:49:47+00:00
sec-perkinelmer-0000031791-24-000014,SEC filing,SEC filing insights,"Revvity, Inc. filed 10-Q",https://www.sec.gov/Archives/edgar/data/31791/000003179124000014/pki-20240331.htm,,UNREACHABLE,Current automated retrieval is blocked or challenged.,Major,2026-08-12T14:49:47+00:00
sec-thermo-0000097745-24-000023,SEC filing,SEC filing insights,THERMO FISHER SCIENTIFIC INC. filed 10-Q,https://www.sec.gov/Archives/edgar/data/97745/000009774524000023/tmo-20240330.htm,,UNREACHABLE,Current automated retrieval is blocked or challenged.,Major,2026-08-12T14:49:47+00:00
sec-agilent-0000950123-24-003692,SEC filing,SEC filing insights,"AGILENT TECHNOLOGIES, INC. filed 8-K",https://www.sec.gov/Archives/edgar/data/1090872/000095012324003692/a-20240501.htm,,UNREACHABLE,Current automated retrieval is blocked or challenged.,Major,2026-08-12T14:49:47+00:00
sec-perkinelmer-0001628280-24-018795,SEC filing,SEC filing insights,"Revvity, Inc. filed 8-K",https://www.sec.gov/Archives/edgar/data/31791/000162828024018795/pki-20240429.htm,,UNREACHABLE,Current automated retrieval is blocked or challenged.,Major,2026-08-12T14:49:47+00:00
sec-thermo-0000097745-24-000019,SEC filing,SEC filing insights,THERMO FISHER SCIENTIFIC INC. filed 8-K,https://www.sec.gov/Archives/edgar/data/97745/000009774524000019/tmo-20240424.htm,,UNREACHABLE,Current automated retrieval is blocked or challenged.,Major,2026-08-12T14:49:47+00:00
sec-perkinelmer-0001193125-24-110060,SEC filing,SEC filing insights,"Revvity, Inc. filed 8-K",https://www.sec.gov/Archives/edgar/data/31791/000119312524110060/d817018d8k.htm,,UNREACHABLE,Current automated retrieval is blocked or challenged.,Major,2026-08-12T14:49:47+00:00
sec-sciex-0000313616-24-000106,SEC filing,SEC filing insights,Danaher Corporation filed 8-K,https://www.sec.gov/Archives/edgar/data/313616/000031361624000106/dhr-20240423.htm,,UNREACHABLE,Current automated retrieval is blocked or challenged.,Major,2026-08-12T14:49:47+00:00
sec-sciex-0000313616-24-000102,SEC filing,SEC filing insights,Danaher Corporation filed 10-Q,https://www.sec.gov/Archives/edgar/data/313616/000031361624000102/dhr-20240329.htm,,UNREACHABLE,Current automated retrieval is blocked or challenged.,Major,2026-08-12T14:49:47+00:00
sec-agilent-0000950170-24-032163,SEC filing,SEC filing insights,"AGILENT TECHNOLOGIES, INC. filed 8-K",https://www.sec.gov/Archives/edgar/data/1090872/000095017024032163/a-20240314.htm,,UNREACHABLE,Current automated retrieval is blocked or challenged.,Major,2026-08-12T14:49:47+00:00
sec-agilent-0001090872-24-000011,SEC filing,SEC filing insights,"AGILENT TECHNOLOGIES, INC. filed 10-Q",https://www.sec.gov/Archives/edgar/data/1090872/000109087224000011/a-20240131.htm,,UNREACHABLE,Current automated retrieval is blocked or challenged.,Major,2026-08-12T14:49:47+00:00
sec-agilent-0001090872-24-000006,SEC filing,SEC filing insights,"AGILENT TECHNOLOGIES, INC. filed 8-K",https://www.sec.gov/Archives/edgar/data/1090872/000109087224000006/a-20240227.htm,,UNREACHABLE,Current automated retrieval is blocked or challenged.,Major,2026-08-12T14:49:47+00:00
sec-perkinelmer-0000031791-24-000004,SEC filing,SEC filing insights,"Revvity, Inc. filed 10-K",https://www.sec.gov/Archives/edgar/data/31791/000003179124000004/pki-20231231.htm,,UNREACHABLE,Current automated retrieval is blocked or challenged.,Major,2026-08-12T14:49:47+00:00
sec-thermo-0000097745-24-000007,SEC filing,SEC filing insights,THERMO FISHER SCIENTIFIC INC. filed 10-K,https://www.sec.gov/Archives/edgar/data/97745/000009774524000007/tmo-20231231.htm,,UNREACHABLE,Current automated retrieval is blocked or challenged.,Major,2026-08-12T14:49:47+00:00
sec-agilent-0000950170-24-017940,SEC filing,SEC filing insights,"AGILENT TECHNOLOGIES, INC. filed 8-K",https://www.sec.gov/Archives/edgar/data/1090872/000095017024017940/a-20240220.htm,,UNREACHABLE,Current automated retrieval is blocked or challenged.,Major,2026-08-12T14:49:47+00:00
sec-sciex-0000313616-24-000052,SEC filing,SEC filing insights,Danaher Corporation filed 10-K,https://www.sec.gov/Archives/edgar/data/313616/000031361624000052/dhr-20231231.htm,,UNREACHABLE,Current automated retrieval is blocked or challenged.,Major,2026-08-12T14:49:47+00:00
sec-sciex-0000313616-24-000046,SEC filing,SEC filing insights,Danaher Corporation filed 8-K,https://www.sec.gov/Archives/edgar/data/313616/000031361624000046/dhr-20240212.htm,,UNREACHABLE,Current automated retrieval is blocked or challenged.,Major,2026-08-12T14:49:47+00:00
pubmed-38220293,Scientific publication,Public evidence library,Determination of psilocybin and psilocin content in multiple Psilocybe cubensis mushroom strains using liquid chromatography - tandem mass spectrometry,https://pubmed.ncbi.nlm.nih.gov/38220293/,Determination of psilocybin and psilocin content in multiple Psilocybe cubensis mushroom strains using liquid chromatography,UNREACHABLE,Current automated retrieval is blocked or challenged.,Major,2026-08-12T14:49:47+00:00
sec-perkinelmer-0001157523-24-000146,SEC filing,SEC filing insights,"Revvity, Inc. filed 8-K",https://www.sec.gov/Archives/edgar/data/31791/000115752324000146/a53889507.htm,,UNREACHABLE,Current automated retrieval is blocked or challenged.,Major,2026-08-12T14:49:47+00:00
sec-thermo-0000097745-24-000003,SEC filing,SEC filing insights,THERMO FISHER SCIENTIFIC INC. filed 8-K,https://www.sec.gov/Archives/edgar/data/97745/000009774524000003/tmo-20240131.htm,,UNREACHABLE,Current automated retrieval is blocked or challenged.,Major,2026-08-12T14:49:47+00:00
sec-sciex-0000313616-24-000006,SEC filing,SEC filing insights,Danaher Corporation filed 8-K,https://www.sec.gov/Archives/edgar/data/313616/000031361624000006/dhr-20240130.htm,,UNREACHABLE,Current automated retrieval is blocked or challenged.,Major,2026-08-12T14:49:47+00:00
sec-perkinelmer-0001157523-24-000120,SEC filing,SEC filing insights,"Revvity, Inc. filed 8-K",https://www.sec.gov/Archives/edgar/data/31791/000115752324000120/a53887562.htm,,UNREACHABLE,Current automated retrieval is blocked or challenged.,Major,2026-08-12T14:49:47+00:00
sec-perkinelmer-0001157523-24-000035,SEC filing,SEC filing insights,"Revvity, Inc. filed 8-K",https://www.sec.gov/Archives/edgar/data/31791/000115752324000035/a53878895.htm,,UNREACHABLE,Current automated retrieval is blocked or challenged.,Major,2026-08-12T14:49:47+00:00
sec-sciex-0000313616-24-000004,SEC filing,SEC filing insights,Danaher Corporation filed 8-K,https://www.sec.gov/Archives/edgar/data/313616/000031361624000004/dhr-20240108.htm,,UNREACHABLE,Current automated retrieval is blocked or challenged.,Major,2026-08-12T14:49:47+00:00
sec-agilent-0001090872-24-000003,SEC filing,SEC filing insights,"AGILENT TECHNOLOGIES, INC. filed 8-K",https://www.sec.gov/Archives/edgar/data/1090872/000109087224000003/a-20240105.htm,,UNREACHABLE,Current automated retrieval is blocked or challenged.,Major,2026-08-12T14:49:47+00:00
pubmed-39949573,Scientific publication,Public evidence library,Characterization of serum metabolome and respiratory microbiota in children with influenza A virus infection,https://pubmed.ncbi.nlm.nih.gov/39949573/,Characterization of serum metabolome and respiratory microbiota in children with influenza A virus infection,UNREACHABLE,Current automated retrieval is blocked or challenged.,Major,2026-08-12T14:49:47+00:00
sec-agilent-0000950170-23-071756,SEC filing,SEC filing insights,"AGILENT TECHNOLOGIES, INC. filed 8-K",https://www.sec.gov/Archives/edgar/data/1090872/000095017023071756/a-20231220.htm,,UNREACHABLE,Current automated retrieval is blocked or challenged.,Major,2026-08-12T14:49:47+00:00
sec-agilent-0001090872-23-000020,SEC filing,SEC filing insights,"AGILENT TECHNOLOGIES, INC. filed 10-K",https://www.sec.gov/Archives/edgar/data/1090872/000109087223000020/a-20231031.htm,,UNREACHABLE,Current automated retrieval is blocked or challenged.,Major,2026-08-12T14:49:47+00:00
sec-thermo-0001140361-23-056365,SEC filing,SEC filing insights,THERMO FISHER SCIENTIFIC INC. filed 8-K,https://www.sec.gov/Archives/edgar/data/97745/000114036123056365/ny20015413x4_8k.htm,,UNREACHABLE,Current automated retrieval is blocked or challenged.,Major,2026-08-12T14:49:47+00:00
sec-agilent-0001090872-23-000018,SEC filing,SEC filing insights,"AGILENT TECHNOLOGIES, INC. filed 8-K",https://www.sec.gov/Archives/edgar/data/1090872/000109087223000018/a-20231120.htm,,UNREACHABLE,Current automated retrieval is blocked or challenged.,Major,2026-08-12T14:49:47+00:00
sec-thermo-0000097745-23-000072,SEC filing,SEC filing insights,THERMO FISHER SCIENTIFIC INC. filed 8-K,https://www.sec.gov/Archives/edgar/data/97745/000009774523000072/tmo-20231107.htm,,UNREACHABLE,Current automated retrieval is blocked or challenged.,Major,2026-08-12T14:49:47+00:00
sec-perkinelmer-0000031791-23-000014,SEC filing,SEC filing insights,"Revvity, Inc. filed 10-Q",https://www.sec.gov/Archives/edgar/data/31791/000003179123000014/pki-20231001.htm,,UNREACHABLE,Current automated retrieval is blocked or challenged.,Major,2026-08-12T14:49:47+00:00
sec-thermo-0000097745-23-000069,SEC filing,SEC filing insights,THERMO FISHER SCIENTIFIC INC. filed 10-Q,https://www.sec.gov/Archives/edgar/data/97745/000009774523000069/tmo-20230930.htm,,UNREACHABLE,Current automated retrieval is blocked or challenged.,Major,2026-08-12T14:49:47+00:00
sec-agilent-0000950170-23-057148,SEC filing,SEC filing insights,"AGILENT TECHNOLOGIES, INC. filed 8-K",https://www.sec.gov/Archives/edgar/data/1090872/000095017023057148/a-20231026.htm,,UNREACHABLE,Current automated retrieval is blocked or challenged.,Major,2026-08-12T14:49:47+00:00
sec-perkinelmer-0001157523-23-001568,SEC filing,SEC filing insights,"Revvity, Inc. filed 8-K",https://www.sec.gov/Archives/edgar/data/31791/000115752323001568/a53701637.htm,,UNREACHABLE,Current automated retrieval is blocked or challenged.,Major,2026-08-12T14:49:47+00:00
sec-thermo-0000097745-23-000065,SEC filing,SEC filing insights,THERMO FISHER SCIENTIFIC INC. filed 8-K,https://www.sec.gov/Archives/edgar/data/97745/000009774523000065/tmo-20231025.htm,,UNREACHABLE,Current automated retrieval is blocked or challenged.,Major,2026-08-12T14:49:47+00:00
sec-sciex-0000313616-23-000258,SEC filing,SEC filing insights,Danaher Corporation filed 8-K,https://www.sec.gov/Archives/edgar/data/313616/000031361623000258/dhr-20231024.htm,,UNREACHABLE,Current automated retrieval is blocked or challenged.,Major,2026-08-12T14:49:47+00:00
sec-sciex-0000313616-23-000256,SEC filing,SEC filing insights,Danaher Corporation filed 10-Q,https://www.sec.gov/Archives/edgar/data/313616/000031361623000256/dhr-20230929.htm,,UNREACHABLE,Current automated retrieval is blocked or challenged.,Major,2026-08-12T14:49:47+00:00
sec-thermo-0000950157-23-001058,SEC filing,SEC filing insights,THERMO FISHER SCIENTIFIC INC. filed 8-K,https://www.sec.gov/Archives/edgar/data/97745/000095015723001058/form8-k.htm,,UNREACHABLE,Current automated retrieval is blocked or challenged.,Major,2026-08-12T14:49:47+00:00
pubmed-37841769,Scientific publication,Public evidence library,Establishment of age- and -gender specific reference intervals for amino acids and acylcarnitines by tandem mass spectrometry in Turkish paediatric population,https://pubmed.ncbi.nlm.nih.gov/37841769/,Establishment of age- and -gender specific reference intervals for amino acids and acylcarnitines by tandem,UNREACHABLE,Current automated retrieval is blocked or challenged.,Major,2026-08-12T14:49:47+00:00
sec-sciex-0000313616-23-000252,SEC filing,SEC filing insights,Danaher Corporation filed 8-K,https://www.sec.gov/Archives/edgar/data/313616/000031361623000252/dhr-20230929.htm,,UNREACHABLE,Current automated retrieval is blocked or challenged.,Major,2026-08-12T14:49:47+00:00
sec-sciex-0001140361-23-044482,SEC filing,SEC filing insights,Danaher Corporation filed 8-K,https://www.sec.gov/Archives/edgar/data/313616/000114036123044482/ef20010872_8k.htm,,UNREACHABLE,Current automated retrieval is blocked or challenged.,Major,2026-08-12T14:49:47+00:00
sec-sciex-0001140361-23-043697,SEC filing,SEC filing insights,Danaher Corporation filed 8-K,https://www.sec.gov/Archives/edgar/data/313616/000114036123043697/ef2001057_8k.htm,,UNREACHABLE,Current automated retrieval is blocked or challenged.,Major,2026-08-12T14:49:47+00:00
sec-agilent-0000950170-23-046178,SEC filing,SEC filing insights,"AGILENT TECHNOLOGIES, INC. filed 8-K",https://www.sec.gov/Archives/edgar/data/1090872/000095017023046178/a-20230901.htm,,UNREACHABLE,Current automated retrieval is blocked or challenged.,Major,2026-08-12T14:49:47+00:00
sec-agilent-0001090872-23-000015,SEC filing,SEC filing insights,"AGILENT TECHNOLOGIES, INC. filed 10-Q",https://www.sec.gov/Archives/edgar/data/1090872/000109087223000015/a-20230731.htm,,UNREACHABLE,Current automated retrieval is blocked or challenged.,Major,2026-08-12T14:49:47+00:00
sec-sciex-0000313616-23-000250,SEC filing,SEC filing insights,Danaher Corporation filed 8-K,https://www.sec.gov/Archives/edgar/data/313616/000031361623000250/dhr-20230831.htm,,UNREACHABLE,Current automated retrieval is blocked or challenged.,Major,2026-08-12T14:49:47+00:00
sec-agilent-0001090872-23-000013,SEC filing,SEC filing insights,"AGILENT TECHNOLOGIES, INC. filed 8-K",https://www.sec.gov/Archives/edgar/data/1090872/000109087223000013/a-20230815.htm,,UNREACHABLE,Current automated retrieval is blocked or challenged.,Major,2026-08-12T14:49:47+00:00
sec-sciex-0000313616-23-000244,SEC filing,SEC filing insights,Danaher Corporation filed 8-K,https://www.sec.gov/Archives/edgar/data/313616/000031361623000244/dhr-20230811.htm,,UNREACHABLE,Current automated retrieval is blocked or challenged.,Major,2026-08-12T14:49:47+00:00
cv-waters-acquity-pressure-leaks,Customer voice,Customer Voice and Market Signals,"Public troubleshooting patterns cluster around leaks, pressure behavior, fittings, seals, and repeat diagnostic steps.",https://www.reddit.com/r/CHROMATOGRAPHY/comments/1uk333s/update_uplc_waters_high_pressure_problem/,,UNREACHABLE,HTTP response contains an access-control or bot-challenge page,Major,2026-08-12T14:49:47+00:00
cv-waters-acquity-carryover-autosampler,Customer voice,Customer Voice and Market Signals,"Public support and forum signals often frame carryover as a method, needle-wash, sample-path, or maintenance problem that users must narrow manually.",https://www.reddit.com/r/CHROMATOGRAPHY/comments/1h1i93y/waters_acquity_uplc_beh_17_um_21_x_100_mm_column/,,Partially supported,"Analyst-authored synthesis, not a verbatim customer quotation; public forums over-represent problem reports and volume does not equal sentiment or prevalence.",Major,2026-08-12T14:49:47+00:00
cv-waters-empower-breeze-software,Customer voice,Customer Voice and Market Signals,"Public signals tend to separate compliance strength from day-to-day ease of setup, troubleshooting, and user training.",https://www.reddit.com/r/CHROMATOGRAPHY/comments/1e3y2sy/getting_started_with_empower_3/,,Partially supported,"Analyst-authored synthesis, not a verbatim customer quotation; public forums over-represent problem reports and volume does not equal sentiment or prevalence.",Major,2026-08-12T14:49:47+00:00
cv-waters-alliance-legacy-service,Customer voice,Customer Voice and Market Signals,"Equipment-page and support-style signals indicate legacy users care about parts, serviceability, data-system compatibility, and known methods.",https://www.labwrench.com/thread/135698/hplc-pump-and-autosampler-preventative-performance-maintenance,,UNREACHABLE,HTTP response contains an access-control or bot-challenge page,Major,2026-08-12T14:49:47+00:00
cv-waters-arc-method-modernization,Customer voice,Customer Voice and Market Signals,"Public source mapping suggests upgrade candidates care about method continuity, familiar operation, validation burden, and lower risk migration.",https://www.reddit.com/r/CHROMATOGRAPHY/comments/1somxpf/waters_acquity_arc_lcms_214_nm_uv_baseline/,,UNREACHABLE,HTTP response contains an access-control or bot-challenge page,Major,2026-08-12T14:49:47+00:00
cv-waters-acquity-performance,Customer voice,Customer Voice and Market Signals,Public product positioning and review-source mapping support Waters strength in performance-oriented LC workflows.,https://www.reddit.com/r/CHROMATOGRAPHY/comments/xlr4pf/best_uhplc_on_the_market/,,UNREACHABLE,HTTP response contains an access-control or bot-challenge page,Major,2026-08-12T14:49:47+00:00
cv-agilent-infinity-reliability,Customer voice,Customer Voice and Market Signals,Public competitor positioning and review/forum source mapping repeatedly make Agilent a comparison point for routine LC reliability and usability.,https://www.reddit.com/r/CHROMATOGRAPHY/comments/1q24noh/reccomendations_for_new_hplc_system_for_routine/,,UNREACHABLE,HTTP response contains an access-control or bot-challenge page,Major,2026-08-12T14:49:47+00:00
cv-agilent-cost-software,Customer voice,Customer Voice and Market Signals,Public lab-community signals often weigh usability and cost alongside instrument reliability.,https://www.reddit.com/r/CHROMATOGRAPHY/comments/1q24noh/reccomendations_for_new_hplc_system_for_routine/,,UNREACHABLE,HTTP response contains an access-control or bot-challenge page,Major,2026-08-12T14:49:47+00:00
cv-thermo-vanquish-ecosystem,Customer voice,Customer Voice and Market Signals,Public competitor positioning and forum-source mapping make ecosystem integration a key comparison point.,https://www.reddit.com/r/CHROMATOGRAPHY/comments/1h6lnr0/agilent_1260_hplc_vs_thermo_vanquish_flex/,,Partially supported,"Analyst-authored synthesis, not a verbatim customer quotation; public forums over-represent problem reports and volume does not equal sentiment or prevalence.",Major,2026-08-12T14:49:47+00:00
cv-thermo-vanquish-complexity,Customer voice,Customer Voice and Market Signals,"Public community signals around integrated workflows often raise training, setup, and troubleshooting complexity.",https://www.reddit.com/r/CHROMATOGRAPHY/comments/1q24noh/reccomendations_for_new_hplc_system_for_routine/,,UNREACHABLE,HTTP response contains an access-control or bot-challenge page,Major,2026-08-12T14:49:47+00:00
cv-shimadzu-nexera-value,Customer voice,Customer Voice and Market Signals,Public competitor positioning and review-source mapping support a value/reliability comparison point.,https://www.reddit.com/r/CHROMATOGRAPHY/comments/1q24noh/reccomendations_for_new_hplc_system_for_routine/,,UNREACHABLE,HTTP response contains an access-control or bot-challenge page,Major,2026-08-12T14:49:47+00:00
cv-shimadzu-software-integration,Customer voice,Customer Voice and Market Signals,Public source mapping suggests method-transfer and software experience remain meaningful comparison criteria across LC vendors.,https://www.reddit.com/r/CHROMATOGRAPHY/comments/1i7ixun/lab_solutions_frustration/,,Partially supported,"Analyst-authored synthesis, not a verbatim customer quotation; public forums over-represent problem reports and volume does not equal sentiment or prevalence.",Major,2026-08-12T14:49:47+00:00
cv-sciex-exionlc-lcms-fit,Customer voice,Customer Voice and Market Signals,Public competitor positioning and source mapping make LC-MS workflow integration the main customer-value frame.,https://www.reddit.com/r/CHROMATOGRAPHY/comments/1f4airi/which_hplcmsms/,,Partially supported,"Analyst-authored synthesis, not a verbatim customer quotation; public forums over-represent problem reports and volume does not equal sentiment or prevalence.",Major,2026-08-12T14:49:47+00:00
cv-cross-vendor-training,Customer voice,Customer Voice and Market Signals,"Across public sources, routine LC pain often appears as training burden, method setup confusion, and reliance on local experts.",https://www.reddit.com/r/CHROMATOGRAPHY/comments/1q24noh/reccomendations_for_new_hplc_system_for_routine/,,UNREACHABLE,HTTP response contains an access-control or bot-challenge page,Major,2026-08-12T14:49:47+00:00
cv-cross-vendor-consumables-cost,Customer voice,Customer Voice and Market Signals,"Public review/Q&A style sources often surface total cost, parts, service, and consumables as buying friction.",https://www.reddit.com/r/CHROMATOGRAPHY/comments/1uu27p8/which_lc_ms_brand_is_reliable_and_affordable/,,UNREACHABLE,HTTP response contains an access-control or bot-challenge page,Major,2026-08-12T14:49:47+00:00
cv-waters-targetlynx-data-review,Customer voice,Customer Voice and Market Signals,A user processing more than 100 samples across 150 analytes described TargetLynx review as tedious and asked for a faster workflow.,https://www.reddit.com/r/massspectrometry/comments/1uxyipd/efficient_quant_workflow_for_targetlynx/,,UNREACHABLE,HTTP response contains an access-control or bot-challenge page,Major,2026-08-12T14:49:47+00:00
cv-waters-unifi-data-access,Customer voice,Customer Voice and Market Signals,"The discussion contrasts MS Quan improvements with concerns about UNIFI, MassLynx, waters_connect, and service-only access.",https://www.reddit.com/r/massspectrometry/comments/1ux1imr/most_frustrating_thing_about_mass_spectrometry/,,UNREACHABLE,HTTP response contains an access-control or bot-challenge page,Major,2026-08-12T14:49:47+00:00
cv-waters-synapt-fluidics,Customer voice,Customer Voice and Market Signals,The user could not clear a fluidics-stopped loop until the source-pressure test was identified as the underlying cause.,https://www.reddit.com/r/massspectrometry/comments/1u1dpq6/synapt_nonresponsive_fluidics_purge_issue/,,UNREACHABLE,HTTP response contains an access-control or bot-challenge page,Major,2026-08-12T14:49:47+00:00
cv-waters-cross-vendor-control,Customer voice,Customer Voice and Market Signals,Users described coordinating MassLynx with ChemStation and contact closure to run mixed-vendor hardware.,https://www.reddit.com/r/massspectrometry/comments/1up1dlw/best_software_to_use_agilent_g3540a_gc_with/,,UNREACHABLE,HTTP response contains an access-control or bot-challenge page,Major,2026-08-12T14:49:47+00:00
cv-market-vendor-service-comparison,Customer voice,Customer Voice and Market Signals,"The discussion explicitly asks users to compare instruments, consumables, software, and human support.",https://www.reddit.com/r/CHROMATOGRAPHY/comments/1sbtsdx/comparing_vendors_and_systems_thoughts/,,UNREACHABLE,HTTP response contains an access-control or bot-challenge page,Major,2026-08-12T14:49:47+00:00
cv-waters-masslynx-conversion-speed,Customer voice,Customer Voice and Market Signals,"The user compared MassLynx and open conversion tools for mzML conversion, lock-mass correction, and centroiding.",https://www.reddit.com/r/massspectrometry/comments/1sognqt/what_is_the_fastest_way_to_convert_raw_files_to/,,UNREACHABLE,HTTP response contains an access-control or bot-challenge page,Major,2026-08-12T14:49:47+00:00
cv-waters-imms-data-portability,Customer voice,Customer Voice and Market Signals,Users raised UNIFI and waters_connect export constraints while comparing IM-MS platforms and analysis options.,https://www.reddit.com/r/massspectrometry/comments/1rembme/imms_options/,,UNREACHABLE,HTTP response contains an access-control or bot-challenge page,Major,2026-08-12T14:49:47+00:00
cv-waters-columns-driver-integration,Customer voice,Customer Voice and Market Signals,The discussion praises Waters LC and consumables but calls the software and third-party driver integration inconsistent.,https://www.reddit.com/r/massspectrometry/comments/1tausv5/ms_is_half_the_equation/,,UNREACHABLE,HTTP response contains an access-control or bot-challenge page,Major,2026-08-12T14:49:47+00:00
cv-market-lcms-vendor-ranking,Customer voice,Customer Voice and Market Signals,"Users rejected a single overall ranking and compared vendors by application, hardware, software, and local support.",https://www.reddit.com/r/massspectrometry/comments/1p15xrz/which_company_ranked_1_for_lcms/,,UNREACHABLE,HTTP response contains an access-control or bot-challenge page,Major,2026-08-12T14:49:47+00:00
cv-thermo-sciex-proteomics-fit,Customer voice,Customer Voice and Market Signals,"Users compared Thermo and SCIEX systems while discussing Vanquish flow capability, stability, service, and application fit.",https://www.reddit.com/r/massspectrometry/comments/1pw3739/sciex_or_thermo_for_proteomics/,,UNREACHABLE,HTTP response contains an access-control or bot-challenge page,Major,2026-08-12T14:49:47+00:00
cv-market-new-lab-ms-selection,Customer voice,Customer Voice and Market Signals,"Users emphasized local service and repair experience alongside TOF, Orbitrap, and application-workflow differences.",https://www.reddit.com/r/massspectrometry/comments/1nlcb3p/new_lab_ms_option_help/,,UNREACHABLE,HTTP response contains an access-control or bot-challenge page,Major,2026-08-12T14:49:47+00:00
cv-agilent-secondhand-serviceability,Customer voice,Customer Voice and Market Signals,A user documented restoring network communication on a second-hand Agilent 6550 through embedded-PC troubleshooting.,https://www.reddit.com/r/massspectrometry/comments/1mzna4c/a_record_of_fixing_a_secondhand_agilent_ms/,,UNREACHABLE,HTTP response contains an access-control or bot-challenge page,Major,2026-08-12T14:49:47+00:00
cv-market-service-contracts,Customer voice,Customer Voice and Market Signals,The discussion compares service providers and OEM contracts for a mixed chromatography fleet.,https://www.reddit.com/r/CHROMATOGRAPHY/comments/1peddhs/who_consistently_gives_the_best_highest_quality/,,Partially supported,"Analyst-authored synthesis, not a verbatim customer quotation; public forums over-represent problem reports and volume does not equal sentiment or prevalence.",Major,2026-08-12T14:49:47+00:00
cv-public-e5eccb8568bea5,Customer voice,Customer Voice and Market Signals,﻿ Agilent LCMSMS 6470B vs 6475 - Chromatography Forum Advertisement Register Log in Log in Notifications Notifications Settings You have no notifications See All Quick links Unanswered topics Active topics Search FAQ Get in Touch with Us Chromatography Forum Unanswered topics Active topics Search Log in Register Skip to content Liquid Chromatography Gas Chromatography Hyphenated Techniques Sample Preparation Data Issues Jobs & Announcements FAQs Applications Notes Webinars Learning Hubs Home Chr,https://www.chromforum.org/viewtopic.php?t=122481,,Partially supported,"Analyst-authored synthesis, not a verbatim customer quotation; public forums over-represent problem reports and volume does not equal sentiment or prevalence.",Major,2026-08-12T14:49:47+00:00
cv-public-60387a73676cf5,Customer voice,Customer Voice and Market Signals,﻿ Need help troubleshoot Waters 2410 and 2414 - Chromatography Forum Advertisement Register Log in Log in Notifications Notifications Settings You have no notifications See All Quick links Unanswered topics Active topics Search FAQ Get in Touch with Us Chromatography Forum Unanswered topics Active topics Search Log in Register Skip to content Liquid Chromatography Gas Chromatography Hyphenated Techniques Sample Preparation Data Issues Jobs & Announcements FAQs Applications Notes Webinars Learnin,https://www.chromforum.org/viewtopic.php?t=122404,,Partially supported,"Analyst-authored synthesis, not a verbatim customer quotation; public forums over-represent problem reports and volume does not equal sentiment or prevalence.",Major,2026-08-12T14:49:47+00:00
cv-public-1ade4471eb58d9,Customer voice,Customer Voice and Market Signals,﻿ Agilent MWD / DAD noise test fail UV and Vis - Chromatography Forum Advertisement Register Log in Log in Notifications Notifications Settings You have no notifications See All Quick links Unanswered topics Active topics Search FAQ Get in Touch with Us Chromatography Forum Unanswered topics Active topics Search Log in Register Skip to content Liquid Chromatography Gas Chromatography Hyphenated Techniques Sample Preparation Data Issues Jobs & Announcements FAQs Applications Notes Webinars Learni,https://www.chromforum.org/viewtopic.php?t=122426,,Partially supported,"Analyst-authored synthesis, not a verbatim customer quotation; public forums over-represent problem reports and volume does not equal sentiment or prevalence.",Major,2026-08-12T14:49:47+00:00
cv-public-0fccea23bf6448,Customer voice,Customer Voice and Market Signals,Perfect column for metabolomic purpose!,https://www.selectscience.net/product/acquity-uplc-r-beh-c18-and-c8-columns,Perfect column for metabolomic purpose!,Verified,One dated public review; do not generalize prevalence from a single reviewer.,,2026-08-12T14:49:47+00:00
cv-public-13d8655cb1b4c1,Customer voice,Customer Voice and Market Signals,"BRS Analytical Services, LLC — CGMP/Finished Pharmaceuticals/Adulterated (2025-09-17) | Chromatography Institute of America dba Compounder’s International Analytical Laboratory — CGMP/Finished Pharmaceutical/API/Adulterated (2025-08-20) | Shiva Analyticals Private Limited — CGMP/Finished Pharmaceuticals/Adulterated (2025-07-23) | Jiangsu Kerbio Medical Technology Group Co. — Good Laboratory Practice (GLP) for Nonclinical Laboratory Studies (2025-07-11) | Green Wave Analytical, LLC — CGMP/Finishe",https://www.fda.gov/inspections-compliance-enforcement-and-criminal-investigations/compliance-actions-and-activities/warning-letters/datatables-data?_format=xlsx&page=0,,Partially supported,"Analyst-authored synthesis, not a verbatim customer quotation; public forums over-represent problem reports and volume does not equal sentiment or prevalence.",Major,2026-08-12T14:49:47+00:00
cv-public-d1d7ebe0cd662a,Customer voice,Customer Voice and Market Signals,"Procedures not in writing, fully followed (243 citations) | Investigations of discrepancies, failures (164 citations) | Scientifically sound laboratory controls (121 citations) | Cleaning / Sanitizing / Maintenance (95 citations) | Computer control of master formula records (87 citations) | Equipment Design, Size and Location (81 citations) | Written procedures not established/followed (70 citations) | Testing and release for distribution (44 citations)",https://www.fda.gov/media/190190/download?attachment=,,Partially supported,"Analyst-authored synthesis, not a verbatim customer quotation; public forums over-represent problem reports and volume does not equal sentiment or prevalence.",Major,2026-08-12T14:49:47+00:00
cv-public-0c831154a6fba6,Customer voice,Customer Voice and Market Signals,"﻿ Agilent 1100, ICF, Labview; If not Agilent, then what? - Chromatography Forum Advertisement Register Log in Log in Notifications Notifications Settings You have no notifications See All Quick links Unanswered topics Active topics Search FAQ Get in Touch with Us Chromatography Forum Unanswered topics Active topics Search Log in Register Skip to content Liquid Chromatography Gas Chromatography Hyphenated Techniques Sample Preparation Data Issues Jobs & Announcements FAQs Applications Notes Webin",https://www.chromforum.org/viewtopic.php?t=24303,,Partially supported,"Analyst-authored synthesis, not a verbatim customer quotation; public forums over-represent problem reports and volume does not equal sentiment or prevalence.",Major,2026-08-12T14:49:47+00:00
cv-public-cc16c030091d63,Customer voice,Customer Voice and Market Signals,"The Waters ARC HPLC is a reliable and user-friendly system for routine analytical work. It provides stable results, good sensitivity, and smooth operation for both research and quality control laboratories. The instrument is easy to maintain, and the software interface makes method development and data analysis straightforward. Overall, it is a dependable HPLC system that delivers consistent performance and is suitable for everyday chromatography needs.",https://www.selectscience.net/product/arc-hplc-system?reviewItem=c6866ce0f446fc50,The Waters ARC HPLC is a reliable and user-friendly system for routine analytical work. It,Verified,One dated public review; do not generalize prevalence from a single reviewer.,,2026-08-12T14:49:47+00:00
cv-public-eee1e074ae2ea6,Customer voice,Customer Voice and Market Signals,"With the Arc HPLC System, the USP assay for losartan potassium met all of the system suitability requirements, including injection precision <0.5%. Comparison of the Arc HPLC System to competitive HPLC systems demonstrates leading performance in USP efficiency, USP tailing, and injection precision.",https://www.selectscience.net/product/arc-hplc-system?reviewItem=0e5b2545d7d11f15,"With the Arc HPLC System, the USP assay for losartan potassium met all of the",Verified,One dated public review; do not generalize prevalence from a single reviewer.,,2026-08-12T14:49:47+00:00
cv-public-2c77a0700a2d26,Customer voice,Customer Voice and Market Signals,"The ARC HPLC performed very well in our testing. Unique features, such as Gradient SmartStart, which can adjust the injection relative to the gradient start to emulate other HPLC systems’ dwell volumes, have a practical application to our work, and this instrument has potential to be very beneficial to us.",https://www.selectscience.net/product/arc-hplc-system?reviewItem=0568db63471e745f,"The ARC HPLC performed very well in our testing. Unique features, such as Gradient SmartStart,",Verified,One dated public review; do not generalize prevalence from a single reviewer.,,2026-08-12T14:49:47+00:00
cv-public-12d559e69d38c8,Customer voice,Customer Voice and Market Signals,Greater robustness and high injection precision reproducibility of the results,https://www.selectscience.net/product/arc-hplc-system?reviewItem=dd59084477b562c5,Greater robustness and high injection precision reproducibility of the results,Verified,One dated public review; do not generalize prevalence from a single reviewer.,,2026-08-12T14:49:47+00:00
cv-public-3eb55e657bc774,Customer voice,Customer Voice and Market Signals,"Very useful and easy to use to analyse the pharmaceutical molecule, it is also user friendly and gives accurate and precise results.",https://www.selectscience.net/product/arc-hplc-system?reviewItem=823dc30b19dcb94c,"Very useful and easy to use to analyse the pharmaceutical molecule, it is also user",Verified,One dated public review; do not generalize prevalence from a single reviewer.,,2026-08-12T14:49:47+00:00
cv-public-f5ff7f3c912428,Customer voice,Customer Voice and Market Signals,"The ARC HPLC from Waters is intended to bridge the gap between UPLC and routine HPLC. But, buying this instrument to perform UPLC application would be an accident. This instrument performs well as an HPLC and to an extent, helps in applications which need to use columns with particle sizes between 1.9 & 2.5 µm. The system is very sensitive to high buffer concentrates and easily gets choked and cannot be washed with hot water like the routine Alliance HPLC. Care needs to be taken that the system ",https://www.selectscience.net/product/arc-hplc-system?reviewItem=2ce3f8c184d2244f,,Partially supported,"Analyst-authored synthesis, not a verbatim customer quotation; public forums over-represent problem reports and volume does not equal sentiment or prevalence.",Major,2026-08-12T14:49:47+00:00
cv-public-6c205ec0bb28ba,Customer voice,Customer Voice and Market Signals,"Waters new ARC HPLC’s performance has been improved, but cost has stayed relatively flat. Together with the Empower network system it is the best partner of QC analyst especially for pharma industry.",https://www.selectscience.net/product/arc-hplc-system?reviewItem=7438bc9e9e4a06a0,"Waters new ARC HPLC’s performance has been improved, but cost has stayed relatively flat. Together",Verified,One dated public review; do not generalize prevalence from a single reviewer.,,2026-08-12T14:49:47+00:00
cv-public-0db57c3dc004de,Customer voice,Customer Voice and Market Signals,"Very effective, the results are very accurate and dependable and it’s easy to use. The machine is very easy to maintain.",https://www.selectscience.net/product/arc-hplc-system?reviewItem=6711faeb55e9d989,"Very effective, the results are very accurate and dependable and it’s easy to use. The",Verified,One dated public review; do not generalize prevalence from a single reviewer.,,2026-08-12T14:49:47+00:00
cv-public-6a5c25fb4a0f6b,Customer voice,Customer Voice and Market Signals,"The best performance ever with the instrument, exceeding expectations in service and support, an intuitive and robust system.",https://www.selectscience.net/product/arc-hplc-system?reviewItem=4c73326f68110cdf,"The best performance ever with the instrument, exceeding expectations in service and support, an intuitive",Verified,One dated public review; do not generalize prevalence from a single reviewer.,,2026-08-12T14:49:47+00:00
cv-public-9f31b10bd3ef87,Customer voice,Customer Voice and Market Signals,We have a Waters Arc HPLC with QDa in our lab for doing leachable/extractable testing. It is user-friendly and easy to learn for new employees like myself. There is almost no repairs or maintenance required because we never have any problems with it.,https://www.selectscience.net/product/arc-hplc-system?reviewItem=159e7b5e6219fa06,We have a Waters Arc HPLC with QDa in our lab for doing leachable/extractable testing.,Verified,One dated public review; do not generalize prevalence from a single reviewer.,,2026-08-12T14:49:47+00:00
cv-public-d2e8289b0a380d,Customer voice,Customer Voice and Market Signals,"High-performance equipment, very reliable and effective. It is simple to operate and designed for any analytical activities.",https://www.selectscience.net/product/agilent-1290-infinity-ii-lc-system?reviewItem=b033272462717711,"High-performance equipment, very reliable and effective. It is simple to operate and designed for any",Verified,One dated public review; do not generalize prevalence from a single reviewer.,,2026-08-12T14:49:47+00:00
cv-public-13a2a92f0f1d51,Customer voice,Customer Voice and Market Signals,The equipment is easy to setup and use. Helps with analysis of multiple samples at one go without having an operator by it. The temperature control on the sample tray allows us to analyze temperature sensitive materials . Analysis is simple on the Chem station software too,https://www.selectscience.net/product/agilent-1290-infinity-ii-lc-system?reviewItem=98dffc09a1644d9b,The equipment is easy to setup and use. Helps with analysis of multiple samples at,Verified,One dated public review; do not generalize prevalence from a single reviewer.,,2026-08-12T14:49:47+00:00
cv-public-104717d203d837,Customer voice,Customer Voice and Market Signals,Currently using LCMS 1290 for analysing dyes in samples. Personally prefer 1290 over 1260 because less troubleshooting involved using 1290 and it’s ability to withstand higher pressure.,https://www.selectscience.net/product/agilent-1290-infinity-ii-lc-system?reviewItem=adb2baf246f98528,Currently using LCMS 1290 for analysing dyes in samples. Personally prefer 1290 over 1260 because,Verified,One dated public review; do not generalize prevalence from a single reviewer.,,2026-08-12T14:49:47+00:00
cv-public-89c5aac487ae87,Customer voice,Customer Voice and Market Signals,Agilent LCMSMS 1290 with 6420 has excellent robustness and high sensitivity for analysis of multiple pesticides in multiple food and environmental matrixes. Its method acquisition and data analysis software are user-friendly. My Pesticide Residues Testing laboratory got acceptance z score in many proficiency schemes with this instrument. Excellent choice for covering LC amenable pesticides analysis for compliance with EU-MRL and CAC- MRL.,https://www.selectscience.net/product/agilent-1290-infinity-ii-lc-system?reviewItem=dafea9f68162ad00,Agilent LCMSMS 1290 with 6420 has excellent robustness and high sensitivity for analysis of multiple,Verified,One dated public review; do not generalize prevalence from a single reviewer.,,2026-08-12T14:49:47+00:00
cv-public-7745fecc1a06b5,Customer voice,Customer Voice and Market Signals,The 1290 Infinity II LC system is a rugged system and has been efficiently working without downtime. I have been a user of this system for three years but it passes the calibration test and qualifications on first trial.,https://www.selectscience.net/product/agilent-1290-infinity-ii-lc-system?reviewItem=566332f51015522f,The 1290 Infinity II LC system is a rugged system and has been efficiently working,Verified,One dated public review; do not generalize prevalence from a single reviewer.,,2026-08-12T14:49:47+00:00
cv-public-99f148efd3b631,Customer voice,Customer Voice and Market Signals,All products are easy to handle and rugged. Engineer are well supportive at any time.,https://www.selectscience.net/product/agilent-1290-infinity-ii-lc-system?reviewItem=a5bda60eecae55e3,All products are easy to handle and rugged. Engineer are well supportive at any time.,Verified,One dated public review; do not generalize prevalence from a single reviewer.,,2026-08-12T14:49:47+00:00
cv-public-d748eb9de540ce,Customer voice,Customer Voice and Market Signals,"As an Indian, Agilent is my 1st preference, because their service centre is in India. Within a week they are giving their service. I have personally used their HPLC and GC too. The results are very accurate.",https://www.selectscience.net/product/agilent-1290-infinity-ii-lc-system?reviewItem=239dd59d05feb934,"As an Indian, Agilent is my 1st preference, because their service centre is in India.",Verified,One dated public review; do not generalize prevalence from a single reviewer.,,2026-08-12T14:49:47+00:00
cv-public-81c04ca118a0e6,Customer voice,Customer Voice and Market Signals,HPLC produce good results which can easily be interpretated,https://www.selectscience.net/product/agilent-1290-infinity-ii-lc-system?reviewItem=c6b950b76c02e348,HPLC produce good results which can easily be interpretated,Verified,One dated public review; do not generalize prevalence from a single reviewer.,,2026-08-12T14:49:47+00:00
cv-public-572613d1bb32bc,Customer voice,Customer Voice and Market Signals,"It’s perfect for quality control, and easy to use. It is easy to transfer the method to other HPLCs.",https://www.selectscience.net/product/agilent-1290-infinity-ii-lc-system?reviewItem=b55109634f99472b,"It’s perfect for quality control, and easy to use. It is easy to transfer the",Verified,One dated public review; do not generalize prevalence from a single reviewer.,,2026-08-12T14:49:47+00:00
cv-public-2f9469de75d8a7,Customer voice,Customer Voice and Market Signals,"This instrument is a workhorse in our laboratory. It is easy to use, reliable and when issues arise the service technicians are knowledgeable and onsite in a timely manner. Downtime is minimal with this instrument,.",https://www.selectscience.net/product/agilent-1290-infinity-ii-lc-system?reviewItem=81bf75624c66c500,"This instrument is a workhorse in our laboratory. It is easy to use, reliable and",Verified,One dated public review; do not generalize prevalence from a single reviewer.,,2026-08-12T14:49:47+00:00
cv-public-a8ca7a4566f30d,Customer voice,Customer Voice and Market Signals,The system is very sensitive for every environmental change. Main disadvantage is that the user can't perform as many test as at agilent lab advisor software.,https://www.selectscience.net/product/thermo-scientific-tm-vanquish-tm-horizon-uhplc-system?reviewItem=fdc4360f02238176,The system is very sensitive for every environmental change. Main disadvantage is that the user,Verified,One dated public review; do not generalize prevalence from a single reviewer.,,2026-08-12T14:49:47+00:00
cv-public-24f11d6d65bfb9,Customer voice,Customer Voice and Market Signals,"The Thermo Vanquish Horizon is easy to use, quiet, and consistently gives good results.",https://www.selectscience.net/product/thermo-scientific-tm-vanquish-tm-horizon-uhplc-system?reviewItem=418a39a329a4cfef,"The Thermo Vanquish Horizon is easy to use, quiet, and consistently gives good results.",Verified,One dated public review; do not generalize prevalence from a single reviewer.,,2026-08-12T14:49:47+00:00
cv-public-c5c21c68448a58,Customer voice,Customer Voice and Market Signals,The online sample preparation module with the quaternary pump is the best in the class of UPLC module . Significantly reduce the sample runtime and have best in class solvent management system . Pilot projects and method development is facilities by the 4 mobile phase line which is further given a consistent flow and mixing by the quaternary pump. Further more the advance hand tight ferrules is easy to handle and decreases the void volume significantly . We use tandem MS as primary detector and ,https://www.selectscience.net/product/thermo-scientific-tm-vanquish-tm-flex-quaternary-uhplc-system?reviewItem=0748c03a5da1a2f9,,Partially supported,"Analyst-authored synthesis, not a verbatim customer quotation; public forums over-represent problem reports and volume does not equal sentiment or prevalence.",Major,2026-08-12T14:49:47+00:00
cv-public-9f07da26f3c446,Customer voice,Customer Voice and Market Signals,"Easy to use, Flexible, High repeability, low analysis time. Low RSD values, high seperation.",https://www.selectscience.net/product/thermo-scientific-tm-vanquish-tm-flex-quaternary-uhplc-system?reviewItem=42c5c3a1766ef489,"Easy to use, Flexible, High repeability, low analysis time. Low RSD values, high seperation.",Verified,One dated public review; do not generalize prevalence from a single reviewer.,,2026-08-12T14:49:47+00:00
cv-public-fd8c9d537d22b9,Customer voice,Customer Voice and Market Signals,"Thermo scientific Vanquish duo UHPLC is robust technology in the area of chromatography. it provide robust, accurate and precise results. ease of use and value for money. efficiently used for increasing productivity.",https://www.selectscience.net/product/thermo-scientific-tm-vanquish-tm-flex-quaternary-uhplc-system?reviewItem=b99c3ec45f4ce267,Thermo scientific Vanquish duo UHPLC is robust technology in the area of chromatography. it provide,Verified,One dated public review; do not generalize prevalence from a single reviewer.,,2026-08-12T14:49:47+00:00
cv-public-7b5dc2c804e1ee,Customer voice,Customer Voice and Market Signals,Troubleshooting is easy. You can attach two columns in column compartment and run your 2 analyses. Mobile phase consumption is very low.,https://www.selectscience.net/product/thermo-scientific-tm-vanquish-tm-flex-quaternary-uhplc-system?reviewItem=054a29ba26fd3e1a,Troubleshooting is easy. You can attach two columns in column compartment and run your 2,Verified,One dated public review; do not generalize prevalence from a single reviewer.,,2026-08-12T14:49:47+00:00
cv-public-68bdf7663bc3c0,Customer voice,Customer Voice and Market Signals,"As usual, Thermo gives you all you need for the right price.",https://www.selectscience.net/product/thermo-scientific-tm-vanquish-tm-flex-quaternary-uhplc-system?reviewItem=0dfbed6168201997,"As usual, Thermo gives you all you need for the right price.",Verified,One dated public review; do not generalize prevalence from a single reviewer.,,2026-08-12T14:49:47+00:00
cv-public-85cb4ff0959b65,Customer voice,Customer Voice and Market Signals,"We received fast reliable results with our new Vanquish. It is a little hard to figure out at first. There is no display like the Ultimates, but it does have a light color system that is pretty cool. Lights on each component change as your samples run. Very nice Thermo.",https://www.selectscience.net/product/thermo-scientific-tm-vanquish-tm-flex-quaternary-uhplc-system?reviewItem=8535ed9e65733277,We received fast reliable results with our new Vanquish. It is a little hard to,Verified,One dated public review; do not generalize prevalence from a single reviewer.,,2026-08-12T14:49:47+00:00
cv-public-264938e0355cb7,Customer voice,Customer Voice and Market Signals,The machine is able to be expanded in line with your requirements and also to meet your most demanding applications' needs. Laboratory workhorse providing high robustness and reliability. Minimizes training burden.,https://www.selectscience.net/product/thermo-scientific-tm-vanquish-tm-flex-quaternary-uhplc-system?reviewItem=42abce790d69a459,The machine is able to be expanded in line with your requirements and also to,Verified,One dated public review; do not generalize prevalence from a single reviewer.,,2026-08-12T14:49:47+00:00
cv-public-8c7db1ec002e43,Customer voice,Customer Voice and Market Signals,System and software easy to use. Color coded trays allow for easy set up of samples. Indicator lights allow you to see when the instrument is ready or if there is an error from across the lab. Slight delay in receiving order and installation scheduling. Installation team very informative and was able to train us quickly. Looking to replace a few more HPLCs with this model.,https://www.selectscience.net/product/thermo-scientific-tm-vanquish-tm-flex-quaternary-uhplc-system?reviewItem=37840dac493e2c49,System and software easy to use. Color coded trays allow for easy set up of,Verified,One dated public review; do not generalize prevalence from a single reviewer.,,2026-08-12T14:49:47+00:00
cv-public-7d601823ca17a1,Customer voice,Customer Voice and Market Signals,Great system with ease of use and reliability. Excellent predictability and durability.,https://www.selectscience.net/product/thermo-scientific-tm-vanquish-tm-flex-quaternary-uhplc-system?reviewItem=ec99819d527a6450,Great system with ease of use and reliability. Excellent predictability and durability.,Verified,One dated public review; do not generalize prevalence from a single reviewer.,,2026-08-12T14:49:47+00:00
cv-public-48f8db141d43a6,Customer voice,Customer Voice and Market Signals,Equipment is easy to use and install. Great experience with testing and support from sales.,https://www.selectscience.net/product/thermo-scientific-tm-vanquish-tm-flex-quaternary-uhplc-system?reviewItem=4d822ee5a9663b8b,Equipment is easy to use and install. Great experience with testing and support from sales.,Verified,One dated public review; do not generalize prevalence from a single reviewer.,,2026-08-12T14:49:47+00:00
cv-public-4b37cfd315562d,Customer voice,Customer Voice and Market Signals,An intuitive and easy to use instrument! Instrument runs on script-based tests and can be helpful with routine runs!,https://www.selectscience.net/product/thermo-scientific-tm-vanquish-tm-neo-uhplc-system?reviewItem=736b53b7fc68a6ac,An intuitive and easy to use instrument! Instrument runs on script-based tests and can be,Verified,One dated public review; do not generalize prevalence from a single reviewer.,,2026-08-12T14:49:47+00:00
cv-public-64e84654f57294,Customer voice,Customer Voice and Market Signals,"The Vanquish systems have continued to push the state of the art in liquid chromatography instrument design. The ease of use, high pressure capabilities, and low system dispersion volumes allows for fast method development, high Chromatographic resolving power, and robust operation.",https://www.selectscience.net/product/thermo-scientific-tm-vanquish-tm-neo-uhplc-system?reviewItem=b1515c6884982023,The Vanquish systems have continued to push the state of the art in liquid chromatography,Verified,One dated public review; do not generalize prevalence from a single reviewer.,,2026-08-12T14:49:47+00:00
cv-public-1d4473de78a067,Customer voice,Customer Voice and Market Signals,"Designed for researchers pursuing their next scientific breakthrough, the Vanquish Neo UHPLC system is ideal for LC-MS applications in proteomics, precision medicine, translational research, and more.",https://www.selectscience.net/product/thermo-scientific-tm-vanquish-tm-neo-uhplc-system?reviewItem=80e2a812db393ad1,"Designed for researchers pursuing their next scientific breakthrough, the Vanquish Neo UHPLC system is ideal",Verified,One dated public review; do not generalize prevalence from a single reviewer.,,2026-08-12T14:49:47+00:00
cv-public-610bb5708bb1dd,Customer voice,Customer Voice and Market Signals,"Value for money, higher productivity, functionality of detector is impressive",https://www.selectscience.net/product/thermo-scientific-tm-vanquish-tm-neo-uhplc-system?reviewItem=349c51086249f5b0,"Value for money, higher productivity, functionality of detector is impressive",Verified,One dated public review; do not generalize prevalence from a single reviewer.,,2026-08-12T14:49:47+00:00
cv-public-c02c4b0b77c8f0,Customer voice,Customer Voice and Market Signals,"The Thermo-Fisher Neo Vanquish is the most advanced HPLC on the market currently. The flexibility, programmability, flow stability and longevity of use witout servie intervention makes this product the most advanced and capabile instrument in the market for high-resolution nano and micro HPLC applications",https://www.selectscience.net/product/thermo-scientific-tm-vanquish-tm-neo-uhplc-system?reviewItem=4c41c48a5c6a8872,"The Thermo-Fisher Neo Vanquish is the most advanced HPLC on the market currently. The flexibility,",Verified,One dated public review; do not generalize prevalence from a single reviewer.,,2026-08-12T14:49:47+00:00
cv-public-93a302d8a28e6f,Customer voice,Customer Voice and Market Signals,"Value for money, higher productivity, functionality of detector is impressive",https://www.selectscience.net/product/thermo-scientific-tm-vanquish-tm-neo-uhplc-system?reviewItem=b9bd534ca60f5beb,"Value for money, higher productivity, functionality of detector is impressive",Verified,One dated public review; do not generalize prevalence from a single reviewer.,,2026-08-12T14:49:47+00:00
cv-public-26a92e7188f2e7,Customer voice,Customer Voice and Market Signals,"The Vanquish Neo UHPLC system is very robust and reduces the LC maintanence time drastically for the end-user. The system is very user-friendly and allows a high-throughput. The main selling point for me is the wide-range of flow-rates that can be used, which allows the end-user to switch between micro- and nano-flow easily.",https://www.selectscience.net/product/thermo-scientific-tm-vanquish-tm-neo-uhplc-system?reviewItem=01399f44a3ef54ac,The Vanquish Neo UHPLC system is very robust and reduces the LC maintanence time drastically,Verified,One dated public review; do not generalize prevalence from a single reviewer.,,2026-08-12T14:49:47+00:00
cv-public-ecea01e6618a49,Customer voice,Customer Voice and Market Signals,"The Vanquish Neo UHPLC from Thermo Fisher Scientific has proven itself in our standard proteome analyzes. Installation and support went without a hitch. I particularly liked the autosampler which can handle three 96 well plates or several vials. Chromatography is great and everything can be controlled remotely or via the touchscreen, which can be used to call up several service tools or ready-made programs or to create ones yourself.",https://www.selectscience.net/product/thermo-scientific-tm-vanquish-tm-neo-uhplc-system?reviewItem=d6f6ddf8ef9fb7b0,The Vanquish Neo UHPLC from Thermo Fisher Scientific has proven itself in our standard proteome,Verified,One dated public review; do not generalize prevalence from a single reviewer.,,2026-08-12T14:49:47+00:00
cv-public-59136fc6b74625,Customer voice,Customer Voice and Market Signals,"It is easy to use. Easy software, maintenance and local service representative are quick.",https://www.selectscience.net/product/thermo-scientific-tm-vanquish-tm-neo-uhplc-system?reviewItem=6aeb40fce4e8b2d1,"It is easy to use. Easy software, maintenance and local service representative are quick.",Verified,One dated public review; do not generalize prevalence from a single reviewer.,,2026-08-12T14:49:47+00:00
cv-public-83d0b7694b2a87,Customer voice,Customer Voice and Market Signals,Application versatility with UHPLC-scale usability.,https://www.selectscience.net/product/thermo-scientific-tm-vanquish-tm-neo-uhplc-system?reviewItem=dd5f00c5d17521a6,Application versatility with UHPLC-scale usability.,Verified,One dated public review; do not generalize prevalence from a single reviewer.,,2026-08-12T14:49:47+00:00
cv-public-c389194c782b1d,Customer voice,Customer Voice and Market Signals,"When comparing different UHPLC instrument from different vendors, we hit a wall with an analytical method for separating 4 (four) components in finished pharmaceutical product, using UPLC or UHPLC columns. Only Nexera UHPLC 40 series gave us results because of the suitable combination of total system volume, dwell volume and injection volume. It is an instrument that could work both as HPLC and UHPLC, which saves money for every laboratory, it is very rigid and could be used 24/7, and the mainte",https://www.selectscience.net/product/nexera-40-series-uhplc?reviewItem=ac56535f2a546b40,,Partially supported,"Analyst-authored synthesis, not a verbatim customer quotation; public forums over-represent problem reports and volume does not equal sentiment or prevalence.",Major,2026-08-12T14:49:47+00:00
cv-public-49bf7659cfb5f6,Customer voice,Customer Voice and Market Signals,"The UHPLC software runs smoothly, very simple to use and with many options. Hadrware itself is robust and easy to change consumable. Auto-check is also something useful.",https://www.selectscience.net/product/nexera-40-series-uhplc?reviewItem=d1c3f7aadc2fee7e,"The UHPLC software runs smoothly, very simple to use and with many options. Hadrware itself",Verified,One dated public review; do not generalize prevalence from a single reviewer.,,2026-08-12T14:49:47+00:00
cv-public-d7220fe4888a41,Customer voice,Customer Voice and Market Signals,One of the best HPLC I have ever worked with,https://www.selectscience.net/product/nexera-40-series-uhplc?reviewItem=1ecd3f34a563ab40,One of the best HPLC I have ever worked with,Verified,One dated public review; do not generalize prevalence from a single reviewer.,,2026-08-12T14:49:47+00:00
cv-public-2064e78887f176,Customer voice,Customer Voice and Market Signals,"As comparing with other products, Nexera series is the best user friendly model I ever used. Customerization is the most important criteria for every post sale user's. In that case, spincotech provide on time Manpower support on customer requirements.",https://www.selectscience.net/product/nexera-40-series-uhplc?reviewItem=63b6e86e4a9fd5c4,"As comparing with other products, Nexera series is the best user friendly model I ever",Verified,One dated public review; do not generalize prevalence from a single reviewer.,,2026-08-12T14:49:47+00:00
cv-public-0c80ca80ccf5d4,Customer voice,Customer Voice and Market Signals,"It is quite good addition in lab, it help in reducing the time for new developments and help in stability studies. Services are good enough.",https://www.selectscience.net/product/nexera-40-series-uhplc?reviewItem=59ab8c0ab73f0692,"It is quite good addition in lab, it help in reducing the time for new",Verified,One dated public review; do not generalize prevalence from a single reviewer.,,2026-08-12T14:49:47+00:00
cv-public-5165b13c644095,Customer voice,Customer Voice and Market Signals,I used this product at different labs its very nice and minimal carry over,https://www.selectscience.net/product/nexera-40-series-uhplc?reviewItem=9dafabbcad96deda,I used this product at different labs its very nice and minimal carry over,Verified,One dated public review; do not generalize prevalence from a single reviewer.,,2026-08-12T14:49:47+00:00
cv-public-62eb771aa04e07,Customer voice,Customer Voice and Market Signals,"n-series nexera UPLC , it was very simple to use and cost saving for chemicals",https://www.selectscience.net/product/nexera-40-series-uhplc?reviewItem=4ff32d1701a7f81c,"n-series nexera UPLC , it was very simple to use and cost saving for chemicals",Verified,One dated public review; do not generalize prevalence from a single reviewer.,,2026-08-12T14:49:47+00:00
cv-public-cdb0b84f54e34d,Customer voice,Customer Voice and Market Signals,Very fast and accurate results,https://www.selectscience.net/product/nexera-40-series-uhplc?reviewItem=7788e1c99b3707a6,Very fast and accurate results,Verified,One dated public review; do not generalize prevalence from a single reviewer.,,2026-08-12T14:49:47+00:00
cv-public-3a8b3d247ce649,Customer voice,Customer Voice and Market Signals,"We have been using Nexera N-Series for two years and we have many developed and validated methods for phytopharmaceuticals. We get great results in terms of accuracy, precision, robustness etc.",https://www.selectscience.net/product/nexera-40-series-uhplc?reviewItem=97867f146bd1ed72,We have been using Nexera N-Series for two years and we have many developed and,Verified,One dated public review; do not generalize prevalence from a single reviewer.,,2026-08-12T14:49:47+00:00
cv-public-d1f12e5be66e91,Customer voice,Customer Voice and Market Signals,"The UHPLC by shimadzu is an excellent analytical system for quantitative estimation of chemical constituents in the food, plant and animal samples. I use it for estimation of neurotransmitters and plant compounds (Phytochemicals). The system we have here has a diode array and fluorescence detectors which is an efficient set for reproducible results",https://www.selectscience.net/product/nexera-40-series-uhplc?reviewItem=23f89a37438247d6,The UHPLC by shimadzu is an excellent analytical system for quantitative estimation of chemical constituents,Verified,One dated public review; do not generalize prevalence from a single reviewer.,,2026-08-12T14:49:47+00:00
cv-public-ee237f985e2751,Customer voice,Customer Voice and Market Signals,"Easy to use, efficient in data processing, more process options",https://www.selectscience.net/product/i-series-integrated-u-hplc-systems?reviewItem=a7e66164e9c68aab,"Easy to use, efficient in data processing, more process options",Verified,One dated public review; do not generalize prevalence from a single reviewer.,,2026-08-12T14:49:47+00:00
cv-public-e48f0b57c0e22a,Customer voice,Customer Voice and Market Signals,Excellent service,https://www.selectscience.net/product/i-series-integrated-u-hplc-systems?reviewItem=2cc644405b0fc909,Excellent service,Verified,One dated public review; do not generalize prevalence from a single reviewer.,,2026-08-12T14:49:47+00:00
cv-public-9b6c52c557f0fd,Customer voice,Customer Voice and Market Signals,"Like other competitors machines, Shimadzu are still robust for routine work, good repeatability, software is easy to use for calibration, one go gives you your result which lets users feel confidant, also the price good is compared to competitors and the after sale service covers all.",https://www.selectscience.net/product/i-series-integrated-u-hplc-systems?reviewItem=75889baa795ad86e,"Like other competitors machines, Shimadzu are still robust for routine work, good repeatability, software is",Verified,One dated public review; do not generalize prevalence from a single reviewer.,,2026-08-12T14:49:47+00:00
cv-public-136a1ae67ece46,Customer voice,Customer Voice and Market Signals,Their instruments are easy to use and the main advantage is after sales service.,https://www.selectscience.net/product/i-series-integrated-u-hplc-systems?reviewItem=598b6687c01fa6c2,Their instruments are easy to use and the main advantage is after sales service.,Verified,One dated public review; do not generalize prevalence from a single reviewer.,,2026-08-12T14:49:47+00:00
cv-public-79aa8fc02bed16,Customer voice,Customer Voice and Market Signals,This UHPLC is easy to start by just following the instruction manual. The instrument itself is pretty robust and easy to take care of. The LC solution software is user-friendly.,https://www.selectscience.net/product/i-series-integrated-u-hplc-systems?reviewItem=c382c6a957df4b26,This UHPLC is easy to start by just following the instruction manual. The instrument itself,Verified,One dated public review; do not generalize prevalence from a single reviewer.,,2026-08-12T14:49:47+00:00
cv-public-d89e81c20f2717,Customer voice,Customer Voice and Market Signals,The product was easy to use and the after sale service is very good.,https://www.selectscience.net/product/i-series-integrated-u-hplc-systems?reviewItem=f1879f6d392554c7,The product was easy to use and the after sale service is very good.,Verified,One dated public review; do not generalize prevalence from a single reviewer.,,2026-08-12T14:49:47+00:00
cv-public-7501f48ec529eb,Customer voice,Customer Voice and Market Signals,"Consistent, Rugged and User-friendly",https://www.selectscience.net/product/i-series-integrated-u-hplc-systems?reviewItem=27602c7bf21a7900,"Consistent, Rugged and User-friendly",Verified,One dated public review; do not generalize prevalence from a single reviewer.,,2026-08-12T14:49:47+00:00
cv-public-3f9935e05bcf73,Customer voice,Customer Voice and Market Signals,It has good services. Better to handle and easy operations. The instrument has good application software used to collect data.,https://www.selectscience.net/product/i-series-integrated-u-hplc-systems?reviewItem=e0620a2efeecf624,It has good services. Better to handle and easy operations. The instrument has good application,Verified,One dated public review; do not generalize prevalence from a single reviewer.,,2026-08-12T14:49:47+00:00
cv-public-7a6a75b9fb87db,Customer voice,Customer Voice and Market Signals,"Less breakdown, Easy to operate, Intelligent.",https://www.selectscience.net/product/i-series-integrated-u-hplc-systems?reviewItem=3f0e6414642aa906,"Less breakdown, Easy to operate, Intelligent.",Verified,One dated public review; do not generalize prevalence from a single reviewer.,,2026-08-12T14:49:47+00:00
cv-public-44b69a1c3d511d,Customer voice,Customer Voice and Market Signals,"Efficient system, complies 21CFR, after sales services at door step",https://www.selectscience.net/product/i-series-integrated-u-hplc-systems?reviewItem=4a758f8fedac9057,"Efficient system, complies 21CFR, after sales services at door step",Verified,One dated public review; do not generalize prevalence from a single reviewer.,,2026-08-12T14:49:47+00:00
cv-public-fbfe77203233c1,Customer voice,Customer Voice and Market Signals,trying to compare to Waters UPLC - Agilent Technologies 1200 Series Rapid Resolution | LabWrench LabWrench is a LabX .com website. Discuss Discuss Sign In | Register My Bench | Log Out Question & Answer Forums Equipment View All Analytical Basic Laboratory Clinical Laboratory GC - Gas Chromatography HPLC - High Performance Liquid Chromatography Life Science Mass Spectrometers Microscopy Pharmaceutical Processing Spectroscopy Supplies and Consumables Service Providers News LabWrench is a LabX .co,https://www.labwrench.com/thread/821/trying-to-compare-to-waters-uplc,,UNREACHABLE,HTTP response contains an access-control or bot-challenge page,Major,2026-08-12T14:49:47+00:00
cv-public-c9100524c903a1,Customer voice,Customer Voice and Market Signals,Flow stoppage | LabWrench LabWrench is a LabX .com website. Discuss Discuss Sign In | Register My Bench | Log Out Question & Answer Forums Equipment View All Analytical Basic Laboratory Clinical Laboratory GC - Gas Chromatography HPLC - High Performance Liquid Chromatography Life Science Mass Spectrometers Microscopy Pharmaceutical Processing Spectroscopy Supplies and Consumables Service Providers News LabWrench is a LabX .com website. Sign In | Register My Bench | Log Out Start a Discussion Sta,https://www.labwrench.com/thread/260254/flow-stoppage,,UNREACHABLE,HTTP response contains an access-control or bot-challenge page,Major,2026-08-12T14:49:47+00:00
cv-public-6c42f9f420f681,Customer voice,Customer Voice and Market Signals,"HPLC Problems, RT off, Compounds missing/not seperating - Waters 600 | LabWrench LabWrench is a LabX .com website. Discuss Discuss Sign In | Register My Bench | Log Out Question & Answer Forums Equipment View All Analytical Basic Laboratory Clinical Laboratory GC - Gas Chromatography HPLC - High Performance Liquid Chromatography Life Science Mass Spectrometers Microscopy Pharmaceutical Processing Spectroscopy Supplies and Consumables Service Providers News LabWrench is a LabX .com website. Sign ",https://www.labwrench.com/thread/13625/hplc-problems-rt-off-compounds-missing-not-seperating,,UNREACHABLE,HTTP response contains an access-control or bot-challenge page,Major,2026-08-12T14:49:47+00:00
cv-public-b35543a5c0182d,Customer voice,Customer Voice and Market Signals,No signal in the ELS detector - Waters ACQUITY UPLC ELS Detector | LabWrench LabWrench is a LabX .com website. Discuss Discuss Sign In | Register My Bench | Log Out Question & Answer Forums Equipment View All Analytical Basic Laboratory Clinical Laboratory GC - Gas Chromatography HPLC - High Performance Liquid Chromatography Life Science Mass Spectrometers Microscopy Pharmaceutical Processing Spectroscopy Supplies and Consumables Service Providers News LabWrench is a LabX .com website. Sign In |,https://www.labwrench.com/thread/112979/no-signal-in-the-els-detector,,UNREACHABLE,HTTP response contains an access-control or bot-challenge page,Major,2026-08-12T14:49:47+00:00
cv-public-5a428446f2f863,Customer voice,Customer Voice and Market Signals,﻿ HPLC vs UHPLC quantification - Chromatography Forum Advertisement Register Log in Log in Notifications Notifications Settings You have no notifications See All Quick links Unanswered topics Active topics Search FAQ Get in Touch with Us Chromatography Forum Unanswered topics Active topics Search Log in Register Skip to content Liquid Chromatography Gas Chromatography Hyphenated Techniques Sample Preparation Data Issues Jobs & Announcements FAQs Applications Notes Webinars Learning Hubs Home Chr,https://www.chromforum.org/viewtopic.php?t=46491,,Partially supported,"Analyst-authored synthesis, not a verbatim customer quotation; public forums over-represent problem reports and volume does not equal sentiment or prevalence.",Major,2026-08-12T14:49:47+00:00
cv-public-7c776be2bd4e12,Customer voice,Customer Voice and Market Signals,﻿ Software (data import) - Chromatography Forum Advertisement Register Log in Log in Notifications Notifications Settings You have no notifications See All Quick links Unanswered topics Active topics Search FAQ Get in Touch with Us Chromatography Forum Unanswered topics Active topics Search Log in Register Skip to content Liquid Chromatography Gas Chromatography Hyphenated Techniques Sample Preparation Data Issues Jobs & Announcements FAQs Applications Notes Webinars Learning Hubs Home Chromatog,https://www.chromforum.org/viewtopic.php?t=45171,,Partially supported,"Analyst-authored synthesis, not a verbatim customer quotation; public forums over-represent problem reports and volume does not equal sentiment or prevalence.",Major,2026-08-12T14:49:47+00:00
cv-public-fd28aa07e3c2a5,Customer voice,Customer Voice and Market Signals,﻿ Manual Injection: Bigger carryover peaks & diluted samples - Chromatography Forum Advertisement Register Log in Log in Notifications Notifications Settings You have no notifications See All Quick links Unanswered topics Active topics Search FAQ Get in Touch with Us Chromatography Forum Unanswered topics Active topics Search Log in Register Skip to content Liquid Chromatography Gas Chromatography Hyphenated Techniques Sample Preparation Data Issues Jobs & Announcements FAQs Applications Notes W,https://www.chromforum.org/viewtopic.php?t=119394,,Partially supported,"Analyst-authored synthesis, not a verbatim customer quotation; public forums over-represent problem reports and volume does not equal sentiment or prevalence.",Major,2026-08-12T14:49:47+00:00
cv-public-8630b137e197e8,Customer voice,Customer Voice and Market Signals,"Product quality is consistent, and it gives a precise, reproducible and accurate results. Better separation technique for drug samples, and their impurities.",https://www.selectscience.net/product/acquity-uplc-system?reviewItem=9e92cb23643cb02e,"Product quality is consistent, and it gives a precise, reproducible and accurate results. Better separation",Verified,One dated public review; do not generalize prevalence from a single reviewer.,,2026-08-12T14:49:47+00:00
cv-public-97836665e8d9a7,Customer voice,Customer Voice and Market Signals,Being a user of Waters UPLC for a decade I can say this instrument is very reliable and meets our needs. The service is exceptional,https://www.selectscience.net/product/acquity-uplc-system?reviewItem=8b464302dbd5f2dc,Being a user of Waters UPLC for a decade I can say this instrument is,Verified,One dated public review; do not generalize prevalence from a single reviewer.,,2026-08-12T14:49:47+00:00
cv-public-06ac7ad75eac9b,Customer voice,Customer Voice and Market Signals,Is a good system can be applied to get saving through of transference of methodologies from HPLC to UPLC.,https://www.selectscience.net/product/acquity-uplc-system?reviewItem=092f02d2c39bb832,Is a good system can be applied to get saving through of transference of methodologies,Verified,One dated public review; do not generalize prevalence from a single reviewer.,,2026-08-12T14:49:47+00:00
cv-public-a362715b74acbd,Customer voice,Customer Voice and Market Signals,Reproducible and robust,https://www.selectscience.net/product/acquity-uplc-system?reviewItem=2cc06e7fe15169b5,Reproducible and robust,Verified,One dated public review; do not generalize prevalence from a single reviewer.,,2026-08-12T14:49:47+00:00
cv-public-7236563486828c,Customer voice,Customer Voice and Market Signals,"The system delivers good results for experienced practitioners, and we have produced good data and publications from Waters instruments. However, after using ThermoScientific UPLC system and the software, we gradually realized that the Water software and connection are not as smooth as other vendors, e.g. ThermoScientific and Agilent. Another thing is mass spectrometry data file format conversion and downstream analysis, which is not as convenient and competitive as other vendors, e.g. ThermoSci",https://www.selectscience.net/product/acquity-uplc-system?reviewItem=7c26c12b4f6f1229,,Partially supported,"Analyst-authored synthesis, not a verbatim customer quotation; public forums over-represent problem reports and volume does not equal sentiment or prevalence.",Major,2026-08-12T14:49:47+00:00
cv-public-a951e6a7a6afd5,Customer voice,Customer Voice and Market Signals,"Easy to use. Highly accurate and robust with repeatable results. Fully automated, very elaborate and easy to learn software with multiple data generation.",https://www.selectscience.net/product/acquity-uplc-system?reviewItem=6221c8f6f636b7f0,"Easy to use. Highly accurate and robust with repeatable results. Fully automated, very elaborate and",Verified,One dated public review; do not generalize prevalence from a single reviewer.,,2026-08-12T14:49:47+00:00
cv-public-3fb9fba899d47e,Customer voice,Customer Voice and Market Signals,The advance application helps to deliver the quality assessment of the drug product with accurate and precise results. The run time of the Chromatography of the method can be lessened and analysis time can be reduced to deliver the product dispatches.,https://www.selectscience.net/product/acquity-uplc-system?reviewItem=2edc40de2c9c2caf,The advance application helps to deliver the quality assessment of the drug product with accurate,Verified,One dated public review; do not generalize prevalence from a single reviewer.,,2026-08-12T14:49:47+00:00
cv-public-921be38e66b2fc,Customer voice,Customer Voice and Market Signals,"The instrument is very useful, enhances the timeline and shorter payback period.",https://www.selectscience.net/product/acquity-uplc-system?reviewItem=80de55562dc487aa,"The instrument is very useful, enhances the timeline and shorter payback period.",Verified,One dated public review; do not generalize prevalence from a single reviewer.,,2026-08-12T14:49:47+00:00
cv-public-3848be6ff97a59,Customer voice,Customer Voice and Market Signals,Very effective product with solution driven capabilities,https://www.selectscience.net/product/acquity-uplc-system?reviewItem=7a650fe72acf9413,Very effective product with solution driven capabilities,Verified,One dated public review; do not generalize prevalence from a single reviewer.,,2026-08-12T14:49:47+00:00
cv-public-d9a5b8e07fa3e5,Customer voice,Customer Voice and Market Signals,"The product requires the training, aptitude, and attitude of the users. Carelessness can cause the system to crash. My experience is not very good, but is not ever a problem of the equipment as of the method and the users.",https://www.selectscience.net/product/acquity-uplc-system?reviewItem=798502d0223c581a,"The product requires the training, aptitude, and attitude of the users. Carelessness can cause the",Verified,One dated public review; do not generalize prevalence from a single reviewer.,,2026-08-12T14:49:47+00:00
cv-public-5da1cc0b4bb35b,Customer voice,Customer Voice and Market Signals,"Reliable, consistent and retrievable results with consistency and instrument durability.",https://www.selectscience.net/product/acquity-uplc-r-i-class-plus-system?reviewItem=3790ce74a9a5e464,"Reliable, consistent and retrievable results with consistency and instrument durability.",Verified,One dated public review; do not generalize prevalence from a single reviewer.,,2026-08-12T14:49:47+00:00
cv-public-97a8176357df7c,Customer voice,Customer Voice and Market Signals,Waters is overall a robust system for bio analysis,https://www.selectscience.net/product/acquity-uplc-r-i-class-plus-system?reviewItem=311d45a4f3d87b1f,Waters is overall a robust system for bio analysis,Verified,One dated public review; do not generalize prevalence from a single reviewer.,,2026-08-12T14:49:47+00:00
cv-public-0eb8bfaf95d447,Customer voice,Customer Voice and Market Signals,"This device is trustful tool for analytical uses, plus it's software has user-friendly environment, that help user control the device",https://www.selectscience.net/product/waters-alliance-tm-hplc-system?reviewItem=2cee73bf161b73ee,"This device is trustful tool for analytical uses, plus it's software has user-friendly environment, that",Verified,One dated public review; do not generalize prevalence from a single reviewer.,,2026-08-12T14:49:47+00:00
cv-public-622e0e007045b3,Customer voice,Customer Voice and Market Signals,"Waters Alliance HPLC refers to high-performance liquid chromatography equipment produced by the company Waters Corporation, it's a well-known brand in the analytical instrumentation field. Waters is recognized for manufacturing high-quality HPLC systems. Good value for money with reproducible results.",https://www.selectscience.net/product/waters-alliance-tm-hplc-system?reviewItem=a509ff1d33fdfedc,"Waters Alliance HPLC refers to high-performance liquid chromatography equipment produced by the company Waters Corporation,",Verified,One dated public review; do not generalize prevalence from a single reviewer.,,2026-08-12T14:49:47+00:00
cv-public-1b1ba5b6e72193,Customer voice,Customer Voice and Market Signals,"Product quality is consistent it gives a precise, reproducible and accurate results. It is very useful for the analysis of other compounds.",https://www.selectscience.net/product/waters-alliance-tm-hplc-system?reviewItem=63b6de85b057f5c5,"Product quality is consistent it gives a precise, reproducible and accurate results. It is very",Verified,One dated public review; do not generalize prevalence from a single reviewer.,,2026-08-12T14:49:47+00:00
cv-public-9db0ef264938bd,Customer voice,Customer Voice and Market Signals,"For the impurity profiling, in terms of identification, separation, and characterization, this is a really excellent system",https://www.selectscience.net/product/waters-alliance-tm-hplc-system?reviewItem=2e1995292650a0b1,"For the impurity profiling, in terms of identification, separation, and characterization, this is a really",Verified,One dated public review; do not generalize prevalence from a single reviewer.,,2026-08-12T14:49:47+00:00
cv-public-506df99f33ae92,Customer voice,Customer Voice and Market Signals,These Instruments are very sturdy and very reliable.,https://www.selectscience.net/product/waters-alliance-tm-hplc-system?reviewItem=461225f48c15e074,These Instruments are very sturdy and very reliable.,Verified,One dated public review; do not generalize prevalence from a single reviewer.,,2026-08-12T14:49:47+00:00
cv-public-45bdf87861f1d8,Customer voice,Customer Voice and Market Signals,"Products is very good for separation of phenolic, flavanoids and aflatoxin",https://www.selectscience.net/product/waters-alliance-tm-hplc-system?reviewItem=5fc7e28d5781bcf5,"Products is very good for separation of phenolic, flavanoids and aflatoxin",Verified,One dated public review; do not generalize prevalence from a single reviewer.,,2026-08-12T14:49:47+00:00
cv-public-a14cbb7f706392,Customer voice,Customer Voice and Market Signals,This is very effective product for every aspect of analysis either drug assay or content uniformity or impurities testing. Reproducibility and repeatability results always found within 1% RSD. 21 CFR compliant system with Empower 3 software. System is very robust and rugged and minimum service required for repairing and maintenance.,https://www.selectscience.net/product/waters-alliance-tm-hplc-system?reviewItem=eaf72330eba832e8,This is very effective product for every aspect of analysis either drug assay or content,Verified,One dated public review; do not generalize prevalence from a single reviewer.,,2026-08-12T14:49:47+00:00
cv-public-301785c4b8a99e,Customer voice,Customer Voice and Market Signals,"The instrument has user-friendly features that makes the user to effectively utilize its capability and technicality to expedite method development activity. Water's HPLC system connected with empower software has much advantage in terms of operation, acquisition of data, review and processing of data is much easier and faster. The system has salient features with robust pumping mechanism that delivers accurate gradient composition of mobile phase and hence, accuracy of gradient methods is not c",https://www.selectscience.net/product/waters-alliance-tm-hplc-system?reviewItem=b6d84af28dba35f8,,Partially supported,"Analyst-authored synthesis, not a verbatim customer quotation; public forums over-represent problem reports and volume does not equal sentiment or prevalence.",Major,2026-08-12T14:49:47+00:00
cv-public-47ceb1f9c931ec,Customer voice,Customer Voice and Market Signals,Very easy to learn how to use. Very robust. Very recommended. We have had more than 100 units since 1998.,https://www.selectscience.net/product/waters-alliance-tm-hplc-system?reviewItem=c9153a046a0ebd4d,Very easy to learn how to use. Very robust. Very recommended. We have had more,Verified,One dated public review; do not generalize prevalence from a single reviewer.,,2026-08-12T14:49:47+00:00
cv-public-6e9956aa6c8e4e,Customer voice,Customer Voice and Market Signals,"Very easy to use, after sales care, higly recommended in all branches of analytical techniques, in my experience in different brands and my own point of view it is the perfect HPLC equipment ever.",https://www.selectscience.net/product/waters-alliance-tm-hplc-system?reviewItem=6ffe2e42ca74773f,"Very easy to use, after sales care, higly recommended in all branches of analytical techniques,",Verified,One dated public review; do not generalize prevalence from a single reviewer.,,2026-08-12T14:49:47+00:00
cv-public-ba226c5236d9a9,Customer voice,Customer Voice and Market Signals,Excellent Columns with Robust performance. Observed durable with excellent peak shape and resolution for our applications.,https://www.selectscience.net/product/acquity-uplc-beh-columns?reviewItem=7775276515f0bd6b,Excellent Columns with Robust performance. Observed durable with excellent peak shape and resolution for our,Verified,One dated public review; do not generalize prevalence from a single reviewer.,,2026-08-12T14:49:47+00:00
cv-public-c8f55e23692c6e,Customer voice,Customer Voice and Market Signals,UPLC BEH columns are excellent to develop impurity methods and getting good resolution for close eluting peaks.,https://www.selectscience.net/product/acquity-uplc-beh-columns?reviewItem=af4779fd1d5ac54d,UPLC BEH columns are excellent to develop impurity methods and getting good resolution for close,Verified,One dated public review; do not generalize prevalence from a single reviewer.,,2026-08-12T14:49:47+00:00
cv-public-6f20837c8d0afa,Customer voice,Customer Voice and Market Signals,Overpriced and it appears that users are forced to buy a new brand of pre-column frit cartridges.,https://www.selectscience.net/product/acquity-uplc-beh-columns?reviewItem=682f15c592bb6a30,Overpriced and it appears that users are forced to buy a new brand of pre-column,Verified,One dated public review; do not generalize prevalence from a single reviewer.,,2026-08-12T14:49:47+00:00
cv-public-45d98c26285bd2,Customer voice,Customer Voice and Market Signals,"I was looking for a column that was able to yield fast and reliable measurements for a series of pharmaceuticals active substances in medicines. The Acquity UPLC BEH Columns, coupled with Waters UPLC, was a master's choice, allowing great reproducibility with a minimum analysis time.",https://www.selectscience.net/product/acquity-uplc-beh-columns?reviewItem=c9fe78a3a38dd3bd,I was looking for a column that was able to yield fast and reliable measurements,Verified,One dated public review; do not generalize prevalence from a single reviewer.,,2026-08-12T14:49:47+00:00
cv-public-eb9a2218e6d244,Customer voice,Customer Voice and Market Signals,Excellent sec column for mAbs and how/lmw fragment separation,https://www.selectscience.net/product/acquity-uplc-beh-columns?reviewItem=49a845ee73be6c8b,Excellent sec column for mAbs and how/lmw fragment separation,Verified,One dated public review; do not generalize prevalence from a single reviewer.,,2026-08-12T14:49:47+00:00
cv-public-2122e189eec7ab,Customer voice,Customer Voice and Market Signals,"These columns just don't quit. They last forever, can be used for a variety of sample types and solvents, easy to use, easy to develop methods with.",https://www.selectscience.net/product/acquity-uplc-beh-columns?reviewItem=0dc1fce5bd3f37a7,"These columns just don't quit. They last forever, can be used for a variety of",Verified,One dated public review; do not generalize prevalence from a single reviewer.,,2026-08-12T14:49:47+00:00
cv-public-8b0d4405e240f6,Customer voice,Customer Voice and Market Signals,High effectiveness,https://www.selectscience.net/product/acquity-uplc-beh-columns?reviewItem=5f472e32a69dee4d,High effectiveness,Verified,One dated public review; do not generalize prevalence from a single reviewer.,,2026-08-12T14:49:47+00:00
cv-public-f060e06b3b1577,Customer voice,Customer Voice and Market Signals,Good product.,https://www.selectscience.net/product/acquity-uplc-beh-columns?reviewItem=a5be319de218f915,Good product.,Verified,One dated public review; do not generalize prevalence from a single reviewer.,,2026-08-12T14:49:47+00:00
cv-public-8c0b0ef1939c0a,Customer voice,Customer Voice and Market Signals,We work on the untargeted analysis of human blood samples for finding the potential novel biomarkers in diseased patients.,https://www.selectscience.net/product/acquity-uplc-beh-columns?reviewItem=57e414c04f7c8fa0,We work on the untargeted analysis of human blood samples for finding the potential novel,Verified,One dated public review; do not generalize prevalence from a single reviewer.,,2026-08-12T14:49:47+00:00
cv-public-2d3a756123e912,Customer voice,Customer Voice and Market Signals,"The product is very useful for all my analyses. It serves its purpose for various applications both analytical or bioanalytical and it's the most suitable column. It is very durable. It's a column which I can rely on for different kinds of studies. Though I have performed more than 5000 injections still the efficiency of the column is very satisfactory. The results are very reproducible. It is the premier column for method development, the 1.7 um ACQUITY UPLC BEH C18 sorbent provides the most un",https://www.selectscience.net/product/acquity-uplc-beh-columns?reviewItem=107dd2b174d8249c,,Partially supported,"Analyst-authored synthesis, not a verbatim customer quotation; public forums over-represent problem reports and volume does not equal sentiment or prevalence.",Major,2026-08-12T14:49:47+00:00
cv-public-b044bccae3a98f,Customer voice,Customer Voice and Market Signals,Very user friendly equipment that we recommend for any other fast-moving pharmaceutical company,https://www.selectscience.net/product/agilent-1290-infinity-iii-lc-system?reviewItem=42c5a95da8e3d91d,Very user friendly equipment that we recommend for any other fast-moving pharmaceutical company,Verified,One dated public review; do not generalize prevalence from a single reviewer.,,2026-08-12T14:49:47+00:00
cv-public-ff4030fef25cf2,Customer voice,Customer Voice and Market Signals,"Agilent HPLC/UHPLC systems are known for reliability, ease of use, and strong after‑sales support. They are often preferred in regulated environments where robustness and data integrity are critical, even if they are not the cheapest option.",https://www.selectscience.net/product/agilent-1260-infinity-iii-binary-pump?reviewItem=193d61a060bcaa01,"Agilent HPLC/UHPLC systems are known for reliability, ease of use, and strong after‑sales support. They",Verified,One dated public review; do not generalize prevalence from a single reviewer.,,2026-08-12T14:49:47+00:00
cv-public-041f0491bb0658,Customer voice,Customer Voice and Market Signals,DIONEX HPLC Ultimate 3000 from Thermo Scientific is good instrument for analysis of toxins in the food safety lab. Giving more precision of results.,https://www.selectscience.net/product/high-performance-liquid-chromatography?reviewItem=cf26ccf9c378b8b3,DIONEX HPLC Ultimate 3000 from Thermo Scientific is good instrument for analysis of toxins in,Verified,One dated public review; do not generalize prevalence from a single reviewer.,,2026-08-12T14:49:47+00:00
cv-public-5d7b6321a98db5,Customer voice,Customer Voice and Market Signals,"A very complete team, very efficient. Easy to use and with very accurate results. It is one of the most complete and efficient equipment. [Original text: Un equipo muy completo, muy efieciente. Fácil de usar y con resultados muy exactos. Es uno de los equipos mas completos y mas eficientes.]",https://www.selectscience.net/product/high-performance-liquid-chromatography?reviewItem=f524877e9e3ef844,"A very complete team, very efficient. Easy to use and with very accurate results. It",Verified,One dated public review; do not generalize prevalence from a single reviewer.,,2026-08-12T14:49:47+00:00
cv-public-124bacd9681716,Customer voice,Customer Voice and Market Signals,"Gives perfect results, easy to use and saves data.",https://www.selectscience.net/product/high-performance-liquid-chromatography?reviewItem=9c5de04de3c01894,"Gives perfect results, easy to use and saves data.",Verified,One dated public review; do not generalize prevalence from a single reviewer.,,2026-08-12T14:49:47+00:00
cv-public-eed7274fade480,Customer voice,Customer Voice and Market Signals,Good reproducibility and accuracy in results. System software is easy to operate. System operation and maintenance is easy even for a novice analyst. Technical support service is very good. Instrumental ruggedness with precision in results is key feature useful in R & D.,https://www.selectscience.net/product/prominence-hplc-system?reviewItem=2250865037572af4,Good reproducibility and accuracy in results. System software is easy to operate. System operation and,Verified,One dated public review; do not generalize prevalence from a single reviewer.,,2026-08-12T14:49:47+00:00
cv-public-1137d7fec201a9,Customer voice,Customer Voice and Market Signals,"Well HPLC, it's very effective technique for identification, separation or purification process for any research line in Chemistry or Biology,so without HPLC Analysis techinque is useless.",https://www.selectscience.net/product/prominence-hplc-system?reviewItem=6d4de10bfd04f126,"Well HPLC, it's very effective technique for identification, separation or purification process for any research",Verified,One dated public review; do not generalize prevalence from a single reviewer.,,2026-08-12T14:49:47+00:00
cv-public-dbf3008cea0fb3,Customer voice,Customer Voice and Market Signals,"Very good instrument to rely on for GLP practices with its CS software and effecient service providers for always ready instrument, breakdowns are less and spares are also economical.",https://www.selectscience.net/product/prominence-hplc-system?reviewItem=9b309c16ea8ea3db,Very good instrument to rely on for GLP practices with its CS software and effecient,Verified,One dated public review; do not generalize prevalence from a single reviewer.,,2026-08-12T14:49:47+00:00
cv-public-88136fcca3cb8c,Customer voice,Customer Voice and Market Signals,This product comes at an affordable price yet provides very robust and reproducible results over time. It has a very simplified LC software platform which makes it quite user friendly. In my personal experience it is a good value-for-money instrument and a must-have for every quality control laboratory that relies on liquid chromatography.,https://www.selectscience.net/product/prominence-hplc-system?reviewItem=af7e7e99964c85a2,This product comes at an affordable price yet provides very robust and reproducible results over,Verified,One dated public review; do not generalize prevalence from a single reviewer.,,2026-08-12T14:49:47+00:00
cv-public-d45622fac1b0aa,Customer voice,Customer Voice and Market Signals,The instrument is very easy to use and take care of. The software is self explanatory and easy to follow. The column is simple to load and so are the solvents. Data is also very easy to export for analytical use.,https://www.selectscience.net/product/prominence-hplc-system?reviewItem=b1dbfb3392d4cd53,The instrument is very easy to use and take care of. The software is self,Verified,One dated public review; do not generalize prevalence from a single reviewer.,,2026-08-12T14:49:47+00:00
cv-public-1c0035058a504e,Customer voice,Customer Voice and Market Signals,User friendly and accuracy is good. Minimizes errors.,https://www.selectscience.net/product/prominence-hplc-system?reviewItem=03e2a874b8bdeeba,User friendly and accuracy is good. Minimizes errors.,Verified,One dated public review; do not generalize prevalence from a single reviewer.,,2026-08-12T14:49:47+00:00
cv-public-93c747c1c8edef,Customer voice,Customer Voice and Market Signals,"The compact HPLC system is easy to use and troubleshooting is simple. The software, Labsoutions, in intuitive and easy. Pressure limit of 4000psi allows us to perform most HPLC analyses.",https://www.selectscience.net/product/prominence-hplc-system?reviewItem=e91ddb42623372a6,"The compact HPLC system is easy to use and troubleshooting is simple. The software, Labsoutions,",Verified,One dated public review; do not generalize prevalence from a single reviewer.,,2026-08-12T14:49:47+00:00
cv-public-dcfb077453de2f,Customer voice,Customer Voice and Market Signals,The results with this instrument show high precision and it's easy to use and maintain.,https://www.selectscience.net/product/prominence-hplc-system?reviewItem=02cb66dd6558ce1e,The results with this instrument show high precision and it's easy to use and maintain.,Verified,One dated public review; do not generalize prevalence from a single reviewer.,,2026-08-12T14:49:47+00:00
cv-public-95b7d4f4e19d63,Customer voice,Customer Voice and Market Signals,"Excellent HPLC system and very efficient. Works fine with Excalibur, no need of Labsolutions.",https://www.selectscience.net/product/prominence-hplc-system?reviewItem=daceae579093b6c6,"Excellent HPLC system and very efficient. Works fine with Excalibur, no need of Labsolutions.",Verified,One dated public review; do not generalize prevalence from a single reviewer.,,2026-08-12T14:49:47+00:00
cv-public-db122b78850433,Customer voice,Customer Voice and Market Signals,"Best quality at low cost, user friendly, easy to handle, more accurate, best product.",https://www.selectscience.net/product/prominence-hplc-system?reviewItem=4a487c5d1c3a7c6d,"Best quality at low cost, user friendly, easy to handle, more accurate, best product.",Verified,One dated public review; do not generalize prevalence from a single reviewer.,,2026-08-12T14:49:47+00:00
cv-public-12e62f309992e2,Customer voice,Customer Voice and Market Signals,Very good in result and sophisticated,https://www.selectscience.net/product/lc-300-tm-hplc-and-uhplc-system?reviewItem=896608f46269ee1f,Very good in result and sophisticated,Verified,One dated public review; do not generalize prevalence from a single reviewer.,,2026-08-12T14:49:47+00:00
cv-public-73976afa869084,Customer voice,Customer Voice and Market Signals,"The elegantly designed machine is both easy on the eyes as it is reliable in producing good results. Capable of achieving high quality data and reproducible results even by novice experimenters such as undergraduate students. Relatively easy to use but since it has been installed and used, it has not needed any repairs or maintenance thus far other than the regular tweaks for daily operations. So far so excellent. A good product thus far. Thank you Perkin Elmer.",https://www.selectscience.net/product/lc-300-tm-hplc-and-uhplc-system?reviewItem=c8299bd22468a4f9,The elegantly designed machine is both easy on the eyes as it is reliable in,Verified,One dated public review; do not generalize prevalence from a single reviewer.,,2026-08-12T14:49:47+00:00
cv-public-ea1f8b99d49acf,Customer voice,Customer Voice and Market Signals,"This is a good product, robust, with very friendly software, meets demanding specifications and is available in different configurations. Este es un buen producto, robusto, con un software muy amigable, cumple especificaciones exigentes y esta disponible en diferentes configuraciones.",https://www.selectscience.net/product/lc-300-tm-hplc-and-uhplc-system?reviewItem=9e7090adb9f4ebb7,"This is a good product, robust, with very friendly software, meets demanding specifications and is",Verified,One dated public review; do not generalize prevalence from a single reviewer.,,2026-08-12T14:49:47+00:00
cv-public-e2d71044f3e959,Customer voice,Customer Voice and Market Signals,One of the best modern instruments in our Analytical Chemistry Lab.,https://www.selectscience.net/product/lc-300-tm-hplc-and-uhplc-system?reviewItem=7af31a11eb15b674,One of the best modern instruments in our Analytical Chemistry Lab.,Verified,One dated public review; do not generalize prevalence from a single reviewer.,,2026-08-12T14:49:47+00:00
cv-public-8229c618270772,Customer voice,Customer Voice and Market Signals,"We received this instrument past more than three month from the appointed day due to the delayed assmebly. After the arrival of the instrument we couldn't use it for one month due to a communication problem between the instrument and PC. The problem was resolved by exchange one of its modules. When LC300 is compared with our previous HPLC, LC10 of Shimadzu, it produces larger noise of baseline and the retention times of analytes significantly change thus makes a reliable analysis difficult. In a",https://www.selectscience.net/product/lc-300-tm-hplc-and-uhplc-system?reviewItem=b1ab07e5649e3684,,Partially supported,"Analyst-authored synthesis, not a verbatim customer quotation; public forums over-represent problem reports and volume does not equal sentiment or prevalence.",Major,2026-08-12T14:49:47+00:00
cv-public-3487aca2fb3caf,Customer voice,Customer Voice and Market Signals,Applicability is excellent and one of state of Art experience to work with. Extremely precise and sensitive with research exploration and inspiration to enhance research vigor,https://www.selectscience.net/product/lc-300-tm-hplc-and-uhplc-system?reviewItem=f62e0b63f694b571,Applicability is excellent and one of state of Art experience to work with. Extremely precise,Verified,One dated public review; do not generalize prevalence from a single reviewer.,,2026-08-12T14:49:47+00:00
cv-public-c62a67217f15f2,Customer voice,Customer Voice and Market Signals,Serious software and pump problems - Agilent Technologies 1260 Infinity Quaternary Pump | LabWrench LabWrench is a LabX .com website. Discuss Discuss Sign In | Register My Bench | Log Out Question & Answer Forums Equipment View All Analytical Basic Laboratory Clinical Laboratory GC - Gas Chromatography HPLC - High Performance Liquid Chromatography Life Science Mass Spectrometers Microscopy Pharmaceutical Processing Spectroscopy Supplies and Consumables Service Providers News LabWrench is a LabX ,https://www.labwrench.com/thread/12858/serious-software-and-pump-problems,,UNREACHABLE,HTTP response contains an access-control or bot-challenge page,Major,2026-08-12T14:49:47+00:00
cv-public-55d11a2209c912,Customer voice,Customer Voice and Market Signals,﻿ Retention time drift - Chromatography Forum Advertisement Register Log in Log in Notifications Notifications Settings You have no notifications See All Quick links Unanswered topics Active topics Search FAQ Get in Touch with Us Chromatography Forum Unanswered topics Active topics Search Log in Register Skip to content Liquid Chromatography Gas Chromatography Hyphenated Techniques Sample Preparation Data Issues Jobs & Announcements FAQs Applications Notes Webinars Learning Hubs Home Chromatogra,https://www.chromforum.org/viewtopic.php?t=3574,,Partially supported,"Analyst-authored synthesis, not a verbatim customer quotation; public forums over-represent problem reports and volume does not equal sentiment or prevalence.",Major,2026-08-12T14:49:47+00:00
cv-public-3594fb2de4ad02,Customer voice,Customer Voice and Market Signals,﻿ LCMS data export to Matlab - Chromatography Forum Advertisement Register Log in Log in Notifications Notifications Settings You have no notifications See All Quick links Unanswered topics Active topics Search FAQ Get in Touch with Us Chromatography Forum Unanswered topics Active topics Search Log in Register Skip to content Liquid Chromatography Gas Chromatography Hyphenated Techniques Sample Preparation Data Issues Jobs & Announcements FAQs Applications Notes Webinars Learning Hubs Home Chrom,https://www.chromforum.org/viewtopic.php?t=12125,,Partially supported,"Analyst-authored synthesis, not a verbatim customer quotation; public forums over-represent problem reports and volume does not equal sentiment or prevalence.",Major,2026-08-12T14:49:47+00:00
cv-public-585c1845319a3c,Customer voice,Customer Voice and Market Signals,﻿ Shimadzu preparative HPLC - PDA Standby problem - Chromatography Forum Advertisement Register Log in Log in Notifications Notifications Settings You have no notifications See All Quick links Unanswered topics Active topics Search FAQ Get in Touch with Us Chromatography Forum Unanswered topics Active topics Search Log in Register Skip to content Liquid Chromatography Gas Chromatography Hyphenated Techniques Sample Preparation Data Issues Jobs & Announcements FAQs Applications Notes Webinars Lea,https://www.chromforum.org/viewtopic.php?t=23778,,Partially supported,"Analyst-authored synthesis, not a verbatim customer quotation; public forums over-represent problem reports and volume does not equal sentiment or prevalence.",Major,2026-08-12T14:49:47+00:00
cv-public-d671eb3c761731,Customer voice,Customer Voice and Market Signals,﻿ repairing screen in Waters 2695 - Chromatography Forum Advertisement Register Log in Log in Notifications Notifications Settings You have no notifications See All Quick links Unanswered topics Active topics Search FAQ Get in Touch with Us Chromatography Forum Unanswered topics Active topics Search Log in Register Skip to content Liquid Chromatography Gas Chromatography Hyphenated Techniques Sample Preparation Data Issues Jobs & Announcements FAQs Applications Notes Webinars Learning Hubs Home ,https://www.chromforum.org/viewtopic.php?t=122460,,Partially supported,"Analyst-authored synthesis, not a verbatim customer quotation; public forums over-represent problem reports and volume does not equal sentiment or prevalence.",Major,2026-08-12T14:49:47+00:00
cv-public-e2168960907018,Customer voice,Customer Voice and Market Signals,﻿ Shimadzu HPLC - Turning off Gas Detector? - Chromatography Forum Advertisement Register Log in Log in Notifications Notifications Settings You have no notifications See All Quick links Unanswered topics Active topics Search FAQ Get in Touch with Us Chromatography Forum Unanswered topics Active topics Search Log in Register Skip to content Liquid Chromatography Gas Chromatography Hyphenated Techniques Sample Preparation Data Issues Jobs & Announcements FAQs Applications Notes Webinars Learning ,https://www.chromforum.org/viewtopic.php?t=122419,,Partially supported,"Analyst-authored synthesis, not a verbatim customer quotation; public forums over-represent problem reports and volume does not equal sentiment or prevalence.",Major,2026-08-12T14:49:47+00:00
cv-public-6990bc4be6ec94,Customer voice,Customer Voice and Market Signals,﻿ Cell tag in an Agilent Max light - Chromatography Forum Advertisement Register Log in Log in Notifications Notifications Settings You have no notifications See All Quick links Unanswered topics Active topics Search FAQ Get in Touch with Us Chromatography Forum Unanswered topics Active topics Search Log in Register Skip to content Liquid Chromatography Gas Chromatography Hyphenated Techniques Sample Preparation Data Issues Jobs & Announcements FAQs Applications Notes Webinars Learning Hubs Home,https://www.chromforum.org/viewtopic.php?t=122420,,Partially supported,"Analyst-authored synthesis, not a verbatim customer quotation; public forums over-represent problem reports and volume does not equal sentiment or prevalence.",Major,2026-08-12T14:49:47+00:00
cv-public-4e08c577bb693c,Customer voice,Customer Voice and Market Signals,﻿ Preparative HPLC of peptides - Agilent 1100 - Chromatography Forum Advertisement Register Log in Log in Notifications Notifications Settings You have no notifications See All Quick links Unanswered topics Active topics Search FAQ Get in Touch with Us Chromatography Forum Unanswered topics Active topics Search Log in Register Skip to content Liquid Chromatography Gas Chromatography Hyphenated Techniques Sample Preparation Data Issues Jobs & Announcements FAQs Applications Notes Webinars Learnin,https://www.chromforum.org/viewtopic.php?t=122410,,Partially supported,"Analyst-authored synthesis, not a verbatim customer quotation; public forums over-represent problem reports and volume does not equal sentiment or prevalence.",Major,2026-08-12T14:49:47+00:00
cv-public-1e3b520971852c,Customer voice,Customer Voice and Market Signals,﻿ Quick question about tubing in Waters 600 - Chromatography Forum Advertisement Register Log in Log in Notifications Notifications Settings You have no notifications See All Quick links Unanswered topics Active topics Search FAQ Get in Touch with Us Chromatography Forum Unanswered topics Active topics Search Log in Register Skip to content Liquid Chromatography Gas Chromatography Hyphenated Techniques Sample Preparation Data Issues Jobs & Announcements FAQs Applications Notes Webinars Learning ,https://www.chromforum.org/viewtopic.php?t=122288,,Partially supported,"Analyst-authored synthesis, not a verbatim customer quotation; public forums over-represent problem reports and volume does not equal sentiment or prevalence.",Major,2026-08-12T14:49:47+00:00
cv-public-3a8f413cdfe1c3,Customer voice,Customer Voice and Market Signals,﻿ Agilent 1100 multiple detector configuration - Chromatography Forum Advertisement Register Log in Log in Notifications Notifications Settings You have no notifications See All Quick links Unanswered topics Active topics Search FAQ Get in Touch with Us Chromatography Forum Unanswered topics Active topics Search Log in Register Skip to content Liquid Chromatography Gas Chromatography Hyphenated Techniques Sample Preparation Data Issues Jobs & Announcements FAQs Applications Notes Webinars Learni,https://www.chromforum.org/viewtopic.php?t=122334,,Partially supported,"Analyst-authored synthesis, not a verbatim customer quotation; public forums over-represent problem reports and volume does not equal sentiment or prevalence.",Major,2026-08-12T14:49:47+00:00
cv-public-40087188d44136,Customer voice,Customer Voice and Market Signals,﻿ Agilent 1100 overpressure purge open - Chromatography Forum Advertisement Register Log in Log in Notifications Notifications Settings You have no notifications See All Quick links Unanswered topics Active topics Search FAQ Get in Touch with Us Chromatography Forum Unanswered topics Active topics Search Log in Register Skip to content Liquid Chromatography Gas Chromatography Hyphenated Techniques Sample Preparation Data Issues Jobs & Announcements FAQs Applications Notes Webinars Learning Hubs ,https://www.chromforum.org/viewtopic.php?t=122324,,Partially supported,"Analyst-authored synthesis, not a verbatim customer quotation; public forums over-represent problem reports and volume does not equal sentiment or prevalence.",Major,2026-08-12T14:49:47+00:00
cv-public-6a2d59b757a697,Customer voice,Customer Voice and Market Signals,﻿ Large water dip on ICS-6000 - Chromatography Forum Advertisement Register Log in Log in Notifications Notifications Settings You have no notifications See All Quick links Unanswered topics Active topics Search FAQ Get in Touch with Us Chromatography Forum Unanswered topics Active topics Search Log in Register Skip to content Liquid Chromatography Gas Chromatography Hyphenated Techniques Sample Preparation Data Issues Jobs & Announcements FAQs Applications Notes Webinars Learning Hubs Home Chro,https://www.chromforum.org/viewtopic.php?p=463296,,Partially supported,"Analyst-authored synthesis, not a verbatim customer quotation; public forums over-represent problem reports and volume does not equal sentiment or prevalence.",Major,2026-08-12T14:49:47+00:00
cv-public-bc75449102139c,Customer voice,Customer Voice and Market Signals,﻿ Sudden Unknown Peak During HPLC Validation – Need Advice - Chromatography Forum Advertisement Register Log in Log in Notifications Notifications Settings You have no notifications See All Quick links Unanswered topics Active topics Search FAQ Get in Touch with Us Chromatography Forum Unanswered topics Active topics Search Log in Register Skip to content Liquid Chromatography Gas Chromatography Hyphenated Techniques Sample Preparation Data Issues Jobs & Announcements FAQs Applications Notes Web,https://www.chromforum.org/viewtopic.php?p=455950,,Partially supported,"Analyst-authored synthesis, not a verbatim customer quotation; public forums over-represent problem reports and volume does not equal sentiment or prevalence.",Major,2026-08-12T14:49:47+00:00
cv-public-28a09c7634f2b6,Customer voice,Customer Voice and Market Signals,﻿ Shimadzu HPLCs? - Chromatography Forum Advertisement Register Log in Log in Notifications Notifications Settings You have no notifications See All Quick links Unanswered topics Active topics Search FAQ Get in Touch with Us Chromatography Forum Unanswered topics Active topics Search Log in Register Skip to content Liquid Chromatography Gas Chromatography Hyphenated Techniques Sample Preparation Data Issues Jobs & Announcements FAQs Applications Notes Webinars Learning Hubs Home Chromatography L,https://www.chromforum.org/viewtopic.php?t=122479,,Partially supported,"Analyst-authored synthesis, not a verbatim customer quotation; public forums over-represent problem reports and volume does not equal sentiment or prevalence.",Major,2026-08-12T14:49:47+00:00
cv-public-ead40e3bc16aff,Customer voice,Customer Voice and Market Signals,﻿ High-temp filtration of carbon black in Polyolefin samples - Chromatography Forum Advertisement Register Log in Log in Notifications Notifications Settings You have no notifications See All Quick links Unanswered topics Active topics Search FAQ Get in Touch with Us Chromatography Forum Unanswered topics Active topics Search Log in Register Skip to content Liquid Chromatography Gas Chromatography Hyphenated Techniques Sample Preparation Data Issues Jobs & Announcements FAQs Applications Notes W,https://www.chromforum.org/viewtopic.php?p=463166,,Partially supported,"Analyst-authored synthesis, not a verbatim customer quotation; public forums over-represent problem reports and volume does not equal sentiment or prevalence.",Major,2026-08-12T14:49:47+00:00
cv-public-5d1686185cb1a0,Customer voice,Customer Voice and Market Signals,﻿ Welcome! - Chromatography Forum Advertisement Register Log in Log in Notifications Notifications Settings You have no notifications See All Quick links Unanswered topics Active topics Search FAQ Get in Touch with Us Chromatography Forum Unanswered topics Active topics Search Log in Register Skip to content Liquid Chromatography Gas Chromatography Hyphenated Techniques Sample Preparation Data Issues Jobs & Announcements FAQs Applications Notes Webinars Learning Hubs Home Chromatography Liquid C,https://www.chromforum.org/viewtopic.php?t=109914,,Partially supported,"Analyst-authored synthesis, not a verbatim customer quotation; public forums over-represent problem reports and volume does not equal sentiment or prevalence.",Major,2026-08-12T14:49:47+00:00
cv-public-0076bd1fd6bf7d,Customer voice,Customer Voice and Market Signals,﻿ Waters Acquity pump motor los synchronization. What to do? - Chromatography Forum Advertisement Register Log in Log in Notifications Notifications Settings You have no notifications See All Quick links Unanswered topics Active topics Search FAQ Get in Touch with Us Chromatography Forum Unanswered topics Active topics Search Log in Register Skip to content Liquid Chromatography Gas Chromatography Hyphenated Techniques Sample Preparation Data Issues Jobs & Announcements FAQs Applications Notes W,https://www.chromforum.org/viewtopic.php?t=83684,,Partially supported,"Analyst-authored synthesis, not a verbatim customer quotation; public forums over-represent problem reports and volume does not equal sentiment or prevalence.",Major,2026-08-12T14:49:47+00:00
cv-public-e7bf4b1e14654e,Customer voice,Customer Voice and Market Signals,﻿ Manual for Shimadzu PDA (SPD-M20A) - Chromatography Forum Advertisement Register Log in Log in Notifications Notifications Settings You have no notifications See All Quick links Unanswered topics Active topics Search FAQ Get in Touch with Us Chromatography Forum Unanswered topics Active topics Search Log in Register Skip to content Liquid Chromatography Gas Chromatography Hyphenated Techniques Sample Preparation Data Issues Jobs & Announcements FAQs Applications Notes Webinars Learning Hubs Ho,https://www.chromforum.org/viewtopic.php?t=120115,,Partially supported,"Analyst-authored synthesis, not a verbatim customer quotation; public forums over-represent problem reports and volume does not equal sentiment or prevalence.",Major,2026-08-12T14:49:47+00:00
cv-public-ac63695abb9587,Customer voice,Customer Voice and Market Signals,﻿ waters 2487 startup problem - Chromatography Forum Advertisement Register Log in Log in Notifications Notifications Settings You have no notifications See All Quick links Unanswered topics Active topics Search FAQ Get in Touch with Us Chromatography Forum Unanswered topics Active topics Search Log in Register Skip to content Liquid Chromatography Gas Chromatography Hyphenated Techniques Sample Preparation Data Issues Jobs & Announcements FAQs Applications Notes Webinars Learning Hubs Home Chro,https://www.chromforum.org/viewtopic.php?t=14128,,Partially supported,"Analyst-authored synthesis, not a verbatim customer quotation; public forums over-represent problem reports and volume does not equal sentiment or prevalence.",Major,2026-08-12T14:49:47+00:00
cv-public-5d79b4df4b9029,Customer voice,Customer Voice and Market Signals,﻿ Agilent 1260 Vialsampler errors - Chromatography Forum Advertisement Register Log in Log in Notifications Notifications Settings You have no notifications See All Quick links Unanswered topics Active topics Search FAQ Get in Touch with Us Chromatography Forum Unanswered topics Active topics Search Log in Register Skip to content Liquid Chromatography Gas Chromatography Hyphenated Techniques Sample Preparation Data Issues Jobs & Announcements FAQs Applications Notes Webinars Learning Hubs Home ,https://www.chromforum.org/viewtopic.php?t=114464,,Partially supported,"Analyst-authored synthesis, not a verbatim customer quotation; public forums over-represent problem reports and volume does not equal sentiment or prevalence.",Major,2026-08-12T14:49:47+00:00
cv-public-75f8207d99436a,Customer voice,Customer Voice and Market Signals,﻿ Waters RI Internal Fittings - Chromatography Forum Advertisement Register Log in Log in Notifications Notifications Settings You have no notifications See All Quick links Unanswered topics Active topics Search FAQ Get in Touch with Us Chromatography Forum Unanswered topics Active topics Search Log in Register Skip to content Liquid Chromatography Gas Chromatography Hyphenated Techniques Sample Preparation Data Issues Jobs & Announcements FAQs Applications Notes Webinars Learning Hubs Home Chro,https://www.chromforum.org/viewtopic.php?t=122273,,Partially supported,"Analyst-authored synthesis, not a verbatim customer quotation; public forums over-represent problem reports and volume does not equal sentiment or prevalence.",Major,2026-08-12T14:49:47+00:00
cv-public-f7a768e6e47429,Customer voice,Customer Voice and Market Signals,"﻿ If you need help with Waters HPLC/UPLC instruments, ENTER - Chromatography Forum Advertisement Register Log in Log in Notifications Notifications Settings You have no notifications See All Quick links Unanswered topics Active topics Search FAQ Get in Touch with Us Chromatography Forum Unanswered topics Active topics Search Log in Register Skip to content Liquid Chromatography Gas Chromatography Hyphenated Techniques Sample Preparation Data Issues Jobs & Announcements FAQs Applications Notes We",https://www.chromforum.org/viewtopic.php?t=89794,,Partially supported,"Analyst-authored synthesis, not a verbatim customer quotation; public forums over-represent problem reports and volume does not equal sentiment or prevalence.",Major,2026-08-12T14:49:47+00:00
cv-public-54dcc05b5d7f05,Customer voice,Customer Voice and Market Signals,﻿ Problemas con detector de fluorescencia HPLC Agilent 1200 - Chromatography Forum Advertisement Register Log in Log in Notifications Notifications Settings You have no notifications See All Quick links Unanswered topics Active topics Search FAQ Get in Touch with Us Chromatography Forum Unanswered topics Active topics Search Log in Register Skip to content Liquid Chromatography Gas Chromatography Hyphenated Techniques Sample Preparation Data Issues Jobs & Announcements FAQs Applications Notes We,https://www.chromforum.org/viewtopic.php?t=122219,,Partially supported,"Analyst-authored synthesis, not a verbatim customer quotation; public forums over-represent problem reports and volume does not equal sentiment or prevalence.",Major,2026-08-12T14:49:47+00:00
cv-public-23e30be127c45e,Customer voice,Customer Voice and Market Signals,﻿ Shimadzu SIL-40C XS Autosampler error - Chromatography Forum Advertisement Register Log in Log in Notifications Notifications Settings You have no notifications See All Quick links Unanswered topics Active topics Search FAQ Get in Touch with Us Chromatography Forum Unanswered topics Active topics Search Log in Register Skip to content Liquid Chromatography Gas Chromatography Hyphenated Techniques Sample Preparation Data Issues Jobs & Announcements FAQs Applications Notes Webinars Learning Hubs,https://www.chromforum.org/viewtopic.php?t=122309,,Partially supported,"Analyst-authored synthesis, not a verbatim customer quotation; public forums over-represent problem reports and volume does not equal sentiment or prevalence.",Major,2026-08-12T14:49:47+00:00
agilent-lc-lcms-pharma-apac-growth-2026-q2,Signal card,Dashboard / public evidence library,"Agilent says LC and LC-MS are helping drive pharma, APAC, and advanced-materials growth",https://www.sec.gov/Archives/edgar/data/1090872/000109087226000055/a-20260430.htm,very strong revenue growth in our liquid chromatography,UNREACHABLE,Current automated retrieval is blocked or challenged.,Major,2026-08-12T14:49:47+00:00
agilent-crosslab-service-growth-2026-q2,Signal card,Dashboard / public evidence library,Agilent CrossLab and services growth points to lifecycle/service differentiation,https://www.sec.gov/Archives/edgar/data/1090872/000109087226000055/a-20260430.htm,,UNREACHABLE,Current automated retrieval is blocked or challenged.,Major,2026-08-12T14:49:47+00:00
thermo-bioproduction-chrom-ms-2026-q1,Product evidence,Competitive timeline / product comparator,Thermo is pairing bioproduction investment with chromatography and MS resilience,https://www.sec.gov/Archives/edgar/data/97745/000009774526000092/tmo-20260328.htm,,UNREACHABLE,Current automated retrieval is blocked or challenged.,Major,2026-08-12T14:49:47+00:00
thermo-analytical-instruments-margin-pressure-2026-q1,Signal card,Dashboard / public evidence library,Thermo Analytical Instruments was flat with margin pressure despite chromatography/MS growth,https://www.sec.gov/Archives/edgar/data/97745/000009774526000092/tmo-20260328.htm,,UNREACHABLE,Current automated retrieval is blocked or challenged.,Major,2026-08-12T14:49:47+00:00
revvity-software-ai-life-sciences-2026,Signal card,Dashboard / public evidence library,Revvity expanded Life Sciences software through ACD/Labs while quarterly software revenue increased,https://www.sec.gov/Archives/edgar/data/31791/000003179126000019/revv-20260405.htm,increase of $7.9 million in Software revenue,UNREACHABLE,Current automated retrieval is blocked or challenged.,Major,2026-08-12T14:49:47+00:00
filing-move-agilent-1,SEC filing,SEC filing insights,"Agilent agreed to acquire Biocare, a provider of clinical and research solutions, and plans to place it in Life Sciences and Diagnostics Markets.",https://www.sec.gov/Archives/edgar/data/1090872/000109087226000055/a-20260430.htm,,UNREACHABLE,Current automated retrieval is blocked or challenged.,Major,2026-08-12T14:49:47+00:00
filing-move-thermo-fisher-1,SEC filing,SEC filing insights,Thermo acquired Clario to add clinical-trial endpoint data solutions and expand patient-data decision support within Laboratory Products and Biopharma Services.,https://www.sec.gov/Archives/edgar/data/97745/000009774526000092/tmo-20260328.htm,,UNREACHABLE,Current automated retrieval is blocked or challenged.,Major,2026-08-12T14:49:47+00:00
filing-move-thermo-fisher-2,SEC filing,SEC filing insights,Thermo acquired Solventum's purification and filtration business to strengthen upstream and downstream bioproduction workflows.,https://www.sec.gov/Archives/edgar/data/97745/000009774526000092/tmo-20260328.htm,,UNREACHABLE,Current automated retrieval is blocked or challenged.,Major,2026-08-12T14:49:47+00:00
filing-move-thermo-fisher-3,SEC filing,SEC filing insights,"Thermo agreed to sell its Specialty Diagnostics microbiology business to Astorg, subject to approvals and closing conditions.",https://www.sec.gov/Archives/edgar/data/97745/000009774526000092/tmo-20260328.htm,,UNREACHABLE,Current automated retrieval is blocked or challenged.,Major,2026-08-12T14:49:47+00:00
filing-move-revvity-1,SEC filing,SEC filing insights,"Revvity acquired ACD/Labs, a scientific-software provider for analytical characterization and molecular design in pharmaceutical and materials markets.",https://www.sec.gov/Archives/edgar/data/31791/000003179126000019/revv-20260405.htm,completed its acquisition of Advanced Chemistry Development Inc. (ACD/Labs) for $72.0 million,UNREACHABLE,Current automated retrieval is blocked or challenged.,Major,2026-08-12T14:49:47+00:00
pubmed-40927611,Signal card,All role views / publication evidence,Comparative Analysis of COVID-19 Gene Target Dropout/Failure Results using Thermofisher TaqPath COVID-19 Combo Kit and Nextstrain CoVariants Genomic Databases,https://pubmed.ncbi.nlm.nih.gov/40927611/,,UNREACHABLE,No longer displayed as a current factual claim; retained for audit trace. The cited PubMed record returned a blocking/4xx response in the URL audit.,,2026-08-12T14:49:47+00:00
pubmed-42519486,Signal card,All role views / publication evidence,Comprehensive characterization of myopic guinea pigs' retina following PI3K/AKT inhibition using a data-independent acquisition dataset on an Orbitrap Exploris 480 mass spectrometer,https://pubmed.ncbi.nlm.nih.gov/42519486/,,UNREACHABLE,No longer displayed as a current factual claim; retained for audit trace. The cited PubMed record returned a blocking/4xx response in the URL audit.,,2026-08-12T14:49:47+00:00
pubmed-42398371,Signal card,All role views / publication evidence,A direct SPE clean-up after protein precipitation methodology to remove endogenous steroid sulfate MRM interferences for PFAS analysis of serum samples by isotope dilution LC-MS/MS,https://pubmed.ncbi.nlm.nih.gov/42398371/,,UNREACHABLE,Current automated retrieval is blocked or challenged.,Major,2026-08-12T14:49:47+00:00
pubmed-41886903,Signal card,All role views / publication evidence,A universal immunocapture LC-MS/MS method for humanized IgG1-based drugs in cynomolgus monkeys,https://pubmed.ncbi.nlm.nih.gov/41886903/,,UNREACHABLE,No longer displayed as a current factual claim; retained for audit trace. The cited PubMed record returned a blocking/4xx response in the URL audit.,,2026-08-12T14:49:47+00:00
pubmed-42508896,Signal card,All role views / publication evidence,Salvianolic acid derivatives-focused characterization in Salviae miltiorrhizae Radix et Rhizoma by LC×LC coupled with tandem energy-resolved mass spectrometry,https://pubmed.ncbi.nlm.nih.gov/42508896/,,UNREACHABLE,No longer displayed as a current factual claim; retained for audit trace. The cited PubMed record returned a blocking/4xx response in the URL audit.,,2026-08-12T14:49:47+00:00
pubmed-42508890,Signal card,All role views / publication evidence,Fast untargeted and targeted high-resolution mass spectrometry workflows for large-scale lipidomics,https://pubmed.ncbi.nlm.nih.gov/42508890/,,UNREACHABLE,No longer displayed as a current factual claim; retained for audit trace. The cited PubMed record returned a blocking/4xx response in the URL audit.,,2026-08-12T14:49:47+00:00
pubmed-42449855,Signal card,All role views / publication evidence,Preeclampsia Screening,https://pubmed.ncbi.nlm.nih.gov/42449855/,,UNREACHABLE,No longer displayed as a current factual claim; retained for audit trace. The cited PubMed record returned a blocking/4xx response in the URL audit.,,2026-08-12T14:49:47+00:00
pubmed-42520172,Signal card,All role views / publication evidence,Differentiation of White and Red Galangal Rhizomes by Pseudo-Targeted LC-MS/MS Metabolomics,https://pubmed.ncbi.nlm.nih.gov/42520172/,,UNREACHABLE,No longer displayed as a current factual claim; retained for audit trace. The cited PubMed record returned a blocking/4xx response in the URL audit.,,2026-08-12T14:49:47+00:00
perkinelmer-project-farma-oracle-2026,Signal card,All role views / evidence feed,PerkinElmer Project Farma expands PMIS offering with Oracle Primavera Cloud,https://www.perkinelmer.com/corporate-and-newsroom/project-farma-expands-pmis-offering-oracle-primavera-cloud,Project Farma Partners with Valkit.ai - Modernizing Digital Validation with AI,Verified,No longer displayed as a current factual claim; retained for audit trace.,,2026-08-12T14:49:47+00:00
agilent-openai-bcg-2026,Signal card,All role views / evidence feed,"Agilent, OpenAI, and BCG collaborate on AI-driven scientific innovation",https://www.agilent.com/about/newsroom/presrel/2026/03jun-gp26013.html,,UNREACHABLE,HTTP response contains an access-control or bot-challenge page,Major,2026-08-12T14:49:47+00:00
agilent-sound-analytics-dmpk-2026,Signal card,All role views / evidence feed,Agilent and Sound Analytics collaborate on LC/MS workflows for DMPK,https://www.agilent.com/about/newsroom/presrel/2026/01jun-ca26022.html,,UNREACHABLE,HTTP response contains an access-control or bot-challenge page,Major,2026-08-12T14:49:47+00:00
perkinelmer-project-farma-valkit-ai-2026,Signal card,All role views / evidence feed,PerkinElmer Project Farma partners with Valkit.ai on AI-powered validation,https://www.perkinelmer.com/corporate-and-newsroom/project-farma-partners-valkitai,Project Farma Partners with Valkit.ai - Modernizing Digital Validation with AI,Verified,No longer displayed as a current factual claim; retained for audit trace.,,2026-08-12T14:49:47+00:00
pubmed-42232243,Signal card,All role views / publication evidence,Enhancing ginsenoside isomers annotation by integrated analysis of electron-activated dissociation and collision-induced dissociation tandem mass spectrometry,https://pubmed.ncbi.nlm.nih.gov/42232243/,,UNREACHABLE,No longer displayed as a current factual claim; retained for audit trace. The cited PubMed record returned a blocking/4xx response in the URL audit.,,2026-08-12T14:49:47+00:00
pubmed-41355705,Signal card,All role views / publication evidence,Angiogenic Biomarkers and Neonatal Outcomes in Suspected Preeclampsia: Retrospective Cohort Study,https://pubmed.ncbi.nlm.nih.gov/41355705/,,UNREACHABLE,No longer displayed as a current factual claim; retained for audit trace. The cited PubMed record returned a blocking/4xx response in the URL audit.,,2026-08-12T14:49:47+00:00
pubmed-41111413,Signal card,All role views / publication evidence,Effect of Parity and Previous Preeclampsia on Maternal Hemodynamics,https://pubmed.ncbi.nlm.nih.gov/41111413/,,UNREACHABLE,No longer displayed as a current factual claim; retained for audit trace. The cited PubMed record returned a blocking/4xx response in the URL audit.,,2026-08-12T14:49:47+00:00
pubmed-42312152,Signal card,All role views / publication evidence,A new frame shift pathogenic variant (c.773dupT) in the BCKDHB gene caused MSUD in an infant from north of Iran,https://pubmed.ncbi.nlm.nih.gov/42312152/,,UNREACHABLE,No longer displayed as a current factual claim; retained for audit trace. The cited PubMed record returned a blocking/4xx response in the URL audit.,,2026-08-12T14:49:47+00:00
pubmed-41878958,Signal card,All role views / publication evidence,"Determination of the pyrrolo[2,3-d] pyrimidine antifolate AGF94 from a preclinical murine study using a simple UHPLC-MS/MS assay",https://pubmed.ncbi.nlm.nih.gov/41878958/,,UNREACHABLE,No longer displayed as a current factual claim; retained for audit trace. The cited PubMed record returned a blocking/4xx response in the URL audit.,,2026-08-12T14:49:47+00:00
pubmed-40841006,Signal card,All role views / publication evidence,Evolution of water-soluble organic aerosol composition from clean days to haze episodes in rural area of North China Plain,https://pubmed.ncbi.nlm.nih.gov/40841006/,,UNREACHABLE,No longer displayed as a current factual claim; retained for audit trace. The cited PubMed record returned a blocking/4xx response in the URL audit.,,2026-08-12T14:49:47+00:00
pubmed-39126342,Signal card,All role views / publication evidence,Simultaneous quantification of icaritin and its novel 3-methylcarbamate prodrug in rat plasma using HPLC-MS/MS and its application to pharmacokinetic study,https://pubmed.ncbi.nlm.nih.gov/39126342/,,UNREACHABLE,No longer displayed as a current factual claim; retained for audit trace. The cited PubMed record returned a blocking/4xx response in the URL audit.,,2026-08-12T14:49:47+00:00
pubmed-38685627,Signal card,All role views / publication evidence,Comparison of assay methods for quantifying sex hormone concentrations across the menstrual cycle in rhesus macaques†,https://pubmed.ncbi.nlm.nih.gov/38685627/,,UNREACHABLE,No longer displayed as a current factual claim; retained for audit trace. The cited PubMed record returned a blocking/4xx response in the URL audit.,,2026-08-12T14:49:47+00:00
sec-perkinelmer-0000031791-23-000011,Signal card,All role views / SEC evidence,PerkinElmer filed 10-Q,https://www.sec.gov/Archives/edgar/data/31791/000003179123000011/pki-20230702.htm,"Revvity, Inc.",Contradicted,"No longer displayed as a current factual claim; retained for audit trace. The SEC filing identifies Revvity, Inc., not PerkinElmer.",Critical,2026-08-12T14:49:47+00:00
sec-thermo-0000097745-23-000059,Signal card,All role views / SEC evidence,Thermo Fisher filed 10-Q,https://www.sec.gov/Archives/edgar/data/97745/000009774523000059/tmo-20230701.htm,THERMO FISHER SCIENTIFIC INC.,Verified,No longer displayed as a current factual claim; retained for audit trace.,,2026-08-12T14:49:47+00:00
shimadzu-nexera-x4-2026,Competitor launch,Leadership / Product / Engineering / launch timeline,Shimadzu launched Nexera X4 Series on 2026-03-03.,https://www.shimadzu.com/news/2026/k8iri3_20_z4uvwt.html,SHIMADZU CORPORATION : Next-Generation Model Offers both Industry-Leading Separation Performance and Ultra-Fast Analysis Release of,Verified,No longer displayed as a current factual claim; retained for audit trace.,,2026-08-12T14:49:47+00:00
shimadzu-nexera-ic-2026,Competitor launch,Leadership / Product / Engineering / launch timeline,Shimadzu launched Nexera IC on 2026-02-10.,https://www.shimadzu.com/news/2026/t0best6lrz8y0uk9.html,SHIMADZU CORPORATION : Enables Reliable Water Quality Analysis for All Users and Reduces Workload through,Verified,No longer displayed as a current factual claim; retained for audit trace.,,2026-08-12T14:49:47+00:00
shimadzu-pl-40-plate-loader-2026,Competitor launch,Leadership / Product / Engineering / launch timeline,Shimadzu launched PL-40 Plate Loader for LC/LC-MS Systems on 2026-02-09.,https://www.shimadzu.com/an/products/liquid-chromatography/hplc-components-accessories/plate-loader/index.html,"PL-40, Automation-Compatible Plate Loader for LC/LC-MS Systems : SHIMADZU (Shimadzu Corporation)",Partially supported,"No longer displayed as a current factual claim; retained for audit trace. Product page confirms the model, but the claimed launch date is not stated.",Major,2026-08-12T14:49:47+00:00
shimadzu-labsolutions-insight-profiler-2026,Competitor launch,Leadership / Product / Engineering / launch timeline,Shimadzu launched LabSolutions Insight Profiler for LC/QTOF Data on 2026-04-10.,https://www.shimadzu.com/an/products/software-informatics/labsolutions-series/labsolutions-insight-profiler/index.html,LabSolutions Insight™ Profiler : SHIMADZU (Shimadzu Corporation),Partially supported,"No longer displayed as a current factual claim; retained for audit trace. Product page confirms the software, but the claimed launch date is not stated.",Major,2026-08-12T14:49:47+00:00
shimadzu-nexera-cl-lcms-2025,Competitor launch,Leadership / Product / Engineering / launch timeline,Shimadzu launched Nexera CL LCMS System on 2025-11-12.,https://www.shimadzu.com/news/2025/w40jo6pvrivu5s7v.html,"SHIMADZU CORPORATION : Supporting Pharmacopoeia Repeatability Tests, with a Class-Leading Minimum Weight of 13 mg",Partially supported,"No longer displayed as a current factual claim; retained for audit trace. The news item is dated November 12, but says the product launched in Japan on October 3.",Major,2026-08-12T14:49:47+00:00
shimadzu-labsolutions-detect-2025,Competitor launch,Leadership / Product / Engineering / launch timeline,Shimadzu launched LabSolutions Detect on 2025-09-30.,https://www.shimadzu.com/news/2025/n8e9desqymj7oa4x.html,SHIMADZU CORPORATION : Introducing LabSolutions Detect Automatic (AI) Detection of Impurities to Improve Quality Inspections,Verified,No longer displayed as a current factual claim; retained for audit trace.,,2026-08-12T14:49:47+00:00
shimadzu-i-series-2025,Competitor launch,Leadership / Product / Engineering / launch timeline,Shimadzu launched i-Series Integrated HPLC on 2025-09-01.,https://www.shimadzu.com/news/2025/mpnglqbij34_zscf.html,"SHIMADZU CORPORATION : In an Industry First, Achieves High-Reliability Analysis through Automatic Diagnosis of Instrument",Verified,No longer displayed as a current factual claim; retained for audit trace.,,2026-08-12T14:49:47+00:00
shimadzu-lcms-8065xe-2025,Competitor launch,Leadership / Product / Engineering / launch timeline,Shimadzu launched LCMS-8065XE Triple Quadrupole LC-MS/MS on 2025-08-07.,https://www.shimadzu.com/news/2025/6n31zbu4tkmozoh2.html,SHIMADZU CORPORATION :Cultivating the Expanding PFAS Analysis Market through Improved Sensitivity Release of the LCMS-8065XE,Verified,No longer displayed as a current factual claim; retained for audit trace.,,2026-08-12T14:49:47+00:00
sciex-novus-v55-2026,Competitor launch,Leadership / Product / Engineering / launch timeline,SCIEX launched novus V55 System with SCIEX OS 5.0 on 2026-06-01.,https://sciex.com/about-us/press-releases/2026/sciex-launches-its-5th-generation-of-nominal-mass-novus-v55-system-with-sciexos-5-0-software,"SCIEX launches its 5th generation of nominal mass, the novus V55 system with SCIEX OS",Verified,No longer displayed as a current factual claim; retained for audit trace.,,2026-08-12T14:49:47+00:00
sciex-zenotof-8600-2025,Competitor launch,Leadership / Product / Engineering / launch timeline,SCIEX launched ZenoTOF 8600 System on 2025-06-02.,https://sciex.com/about-us/press-releases/2025/zenotof-8600-system-press-release-5-dot-27-dot-25,SCIEX sets a new standard in accurate mass quantitation with the ZenoTOF 8600 system and,Verified,No longer displayed as a current factual claim; retained for audit trace.,,2026-08-12T14:49:47+00:00
sciex-zenotof-7600-plus-2024,Competitor launch,Leadership / Product / Engineering / launch timeline,SCIEX launched ZenoTOF 7600+ System on 2024-10-22.,https://sciex.com/about-us/press-releases/2024/sciex-launches-the-zenotof-7600-system-at-hupo-world-congress-2024-alongside-three-collaborations-to-further-proteomics-capabilities,"SCIEX launches the ZenoTOF 7600+ system at HUPO World Congress 2024, alongside three collaborations to",Verified,No longer displayed as a current factual claim; retained for audit trace.,,2026-08-12T14:49:47+00:00
sciex-7500-plus-2024,Competitor launch,Leadership / Product / Engineering / launch timeline,SCIEX launched SCIEX 7500+ System on 2024-06-03.,https://sciex.com/about-us/press-releases/2024/sciex-7500plus-system-launches-at-asms2024,The SCIEX 7500+ system launches at ASMS 2024,Verified,No longer displayed as a current factual claim; retained for audit trace.,,2026-08-12T14:49:47+00:00
sciex-echo-ms-plus-2024,Competitor launch,Leadership / Product / Engineering / launch timeline,SCIEX launched Echo MS+ System on 2024-02-01.,https://sciex.com/about-us/press-releases/2024/sciex-expands-high-throughput-screening-solutions-with-echo-ms-system,SCIEX expands high-throughput screening solutions with Echo MS+ system,Verified,No longer displayed as a current factual claim; retained for audit trace.,,2026-08-12T14:49:47+00:00
sciex-zenotof-7600-2021,Competitor launch,Leadership / Product / Engineering / launch timeline,SCIEX launched ZenoTOF 7600 System on 2021-06-01.,https://sciex.com/about-us/press-releases/2021/sciex-presents-new-accurate-mass-instrument-the-zenotof-7600-system,"SCIEX presents new accurate mass instrument, the ZenoTOF 7600 system",Verified,No longer displayed as a current factual claim; retained for audit trace.,,2026-08-12T14:49:47+00:00
agilent-6230c-lctof-2026,Competitor launch,Leadership / Product / Engineering / launch timeline,Agilent launched 6230C LC/TOF Mass Spectrometer in MAM workflow on 2026-06-03.,https://www.agilent.com/about/newsroom/presrel/2026/29may-ca26021.html,,UNREACHABLE,HTTP response contains an access-control or bot-challenge page,Major,2026-08-12T14:49:47+00:00
agilent-1290-infinity-iii-fld-2026,Competitor launch,Leadership / Product / Engineering / launch timeline,Agilent launched 1290 Infinity III Fluorescence Detector on 2026-05-27.,https://www.agilent.com/about/newsroom/presrel/2026/21may-ca26016.html,,UNREACHABLE,HTTP response contains an access-control or bot-challenge page,Major,2026-08-12T14:49:47+00:00
agilent-nitrosamines-2026,Application note,Product / Engineering / application evidence,2026-06-01: Agilent — Enhanced Data Quality in LC-MS/MS Analysis of Nitrosamines. Agilent demonstrates an LC-MS/MS workflow intended to improve data quality for regulated nitrosamine impurity analysis.,https://www.agilent.com/cs/library/applications/an-infinitylab-quick-change-nitrosamines-analysis-lc-ms-ms-5994-9264en-agilent.pdf,,UNREACHABLE,HTTP response contains an access-control or bot-challenge page,Major,2026-08-12T14:49:47+00:00
agilent-drug-metabolite-2026,Application note,Product / Engineering / application evidence,2026-02-09: Agilent — Drug Metabolite Identification with a Streamlined Software Workflow. Agilent packages drug-metabolite identification as a streamlined instrument-and-software workflow.,https://www.agilent.com/en/product/liquid-chromatography-mass-spectrometry-lc-ms/lc-ms-instruments/quadrupole-time-of-flight-lc-ms/revident-lc-q-tof,,UNREACHABLE,HTTP response contains an access-control or bot-challenge page,Major,2026-08-12T14:49:47+00:00
agilent-pesticide-fps-2025,Application note,Product / Engineering / application evidence,2025-10-31: Agilent — Pesticide Screening with Fast Polarity Switching Using Agilent Revident LC/Q-TOF. Agilent demonstrates screening of more than 200 pesticides in a complex food matrix while positioning fast polarity switching as a throughput advantage.,https://www.agilent.com/cs/library/applications/an-pesticide-screening-revident-lc-qtof-5994-8751en-agilent.pdf,,UNREACHABLE,HTTP response contains an access-control or bot-challenge page,Major,2026-08-12T14:49:47+00:00
agilent-aso-quality-control-2025,Application note,Product / Engineering / application evidence,2025-10-15: Agilent — Automated LC/MS Quality Control of Anti-Sense Oligonucleotides. Agilent presents ASO purity assessment as an automated LC/MS quality-control workflow with purpose-built software.,https://www.agilent.com/en/product/software-informatics/chromatography-software/chromatography-add-on/oligo-analysis-accelerator-for-openlab-cds,,UNREACHABLE,HTTP response contains an access-control or bot-challenge page,Major,2026-08-12T14:49:47+00:00
thermo-ultrashort-pfas-2026,Application note,Product / Engineering / application evidence,2026-06-01: Thermo Fisher — Direct Injection LC-MS/MS Quantification of C1-C4 Ultrashort-Chain PFAS in Drinking Water. Thermo Fisher demonstrates a regulation-ready workflow for ultrashort-chain PFAS that conventional reversed-phase methods struggle to retain.,https://documents.thermofisher.com/TFS-Assets/CMD/Application-Notes/an-004442-en-pfas-tsq-altis-plus-efox-editon-an004442-em-en.pdf,Robust quantification of ultrashort-chain PFAS at low ng/L levels,Verified,No longer displayed as a current factual claim; retained for audit trace.,,2026-08-12T14:49:47+00:00
thermo-peptide-quantitation-2026,Application note,Product / Engineering / application evidence,"2026-04-29: Thermo Fisher — Robust, High-Throughput Peptide Quantitation. Thermo Fisher promotes robustness and high throughput for quantitative peptide workflows on its triple-quadrupole platform.",https://www.thermofisher.com/blog/analyteguru/new-technical-note-robust-high-throughput-peptide-quantitation-on-the-tsq-certis-triple-quadrupole-ms-with-optispray-technology/,"New Technical Note: Robust, High-Throughput Peptide Quantitation on the TSQ Certis Triple Quadrupole MS with",Verified,No longer displayed as a current factual claim; retained for audit trace.,,2026-08-12T14:49:47+00:00
thermo-oligo-system-test-2026,Application note,Product / Engineering / application evidence,"2026-04-01: Thermo Fisher — An Integrated LC-MS System Performance Evaluation Test for Oligonucleotide Analysis. Thermo Fisher defines pass/fail criteria for oligonucleotide LC-MS performance and packages acquisition, processing and reporting into a deployable workflow.",https://documents.thermofisher.com/TFS-Assets/CMD/Application-Notes/an-001954-bt-integrated-lc-ms-oligonucleotide-analysis-an001954-na-en.pdf,,Partially supported,"No longer displayed as a current factual claim; retained for audit trace. PDF metadata dates the document to July 2023, not April 2026.",Major,2026-08-12T14:49:47+00:00
shimadzu-qacs-milk-2026,Application note,Product / Engineering / application evidence,2026-04-01: Shimadzu — Quantitative Analysis of QACs in Milk Using a QuEChERS Sample Preparation Approach. Shimadzu demonstrates a low-ng/mL LC-MS/MS method for nine quaternary ammonium compounds with minimal sample preparation.,https://www.shimadzu.com/an/sites/shimadzu.com.an/files/pim/pim_document_file/applications/application_note/26462/an_05-sca-210-097-en.pdf,Sensitive and selective detection of BAC C8-C18 and DDAC C8-C12.,Verified,No longer displayed as a current factual claim; retained for audit trace.,,2026-08-12T14:49:47+00:00
shimadzu-pfas-seafood-2026,Application note,Product / Engineering / application evidence,2026-03-02: Shimadzu — Determination of 30 PFAS in Seafood by LC-MS/MS. Shimadzu extends PFAS workflow proof from water into seafood matrices with a 30-analyte LC-MS/MS method.,https://www.shimadzu.com/an/sites/shimadzu.com.an/files/pim/pim_document_file/applications/application_note/26436/an_02-ssi-lcms-157-en.pdf,,Partially supported,"No longer displayed as a current factual claim; retained for audit trace. PDF metadata dates the document to July 2024, not March 2026.",Major,2026-08-12T14:49:47+00:00
shimadzu-intact-protein-2026,Application note,Product / Engineering / application evidence,2026-03-01: Shimadzu — Confirmation of Intact Protein Molecular Weight Using a Single Quadrupole Mass Spectrometer. Shimadzu positions a single-quadrupole LC-MS plus deconvolution software as a simpler quality-control route for intact proteins.,https://www.shimadzu.com/an/sites/shimadzu.com.an/files/pim/pim_document_file/applications/application_note/26293/an_01-01023-en.pdf,The molecular weight of intact proteins can be confirmed,Verified,No longer displayed as a current factual claim; retained for audit trace.,,2026-08-12T14:49:47+00:00
sciex-epa-1633a-novus-2026,Application note,Product / Engineering / application evidence,"2026-06-01: SCIEX — Routine Application of EPA Method 1633A to Environmental Samples Using the novus V55 System. SCIEX demonstrates EPA Method 1633A across non-potable water, solids, biosolids and biological tissues on its compact triple-quadrupole platform.",https://sciex.com/tech-notes/environmental-industrial/water-and-soil/routine-application-of-epa-method-environmental-samples-using-the-novusv55,Routine application of EPA Method 1633A to environmental samples using the novus V55 system,Verified,No longer displayed as a current factual claim; retained for audit trace.,,2026-08-12T14:49:47+00:00
sciex-narrow-window-proteomics-2026,Application note,Product / Engineering / application evidence,2026-05-25: SCIEX — Narrow-Window Scanning DIA for Unbiased Label-Free Quantitation. SCIEX demonstrates narrower precursor isolation to improve protein-group ratio accuracy and quantitative proteomics performance.,https://sciex.com/tech-notes/life-science-research/proteomics/narrow-window-scanning-dia-for-unbiased-label-free-quantitation,Narrow-window scanning DIA for unbiased label-free quantitation: Improved protein group ratio accuracy with ZT Scan,Verified,No longer displayed as a current factual claim; retained for audit trace.,,2026-08-12T14:49:47+00:00
sciex-metabolomics-ztscan-2026,Application note,Product / Engineering / application evidence,2026-01-01: SCIEX — ZT Scan DIA 3.0 Metabolomics Analysis. SCIEX demonstrates reduced chimeric spectral overlap to improve metabolome coverage and quantitative analysis.,https://sciex.com/tech-notes/life-science-research/metabolomics/zt-scan-dia-3-0-metabolomics-analysis-reduces-chimeric-spectral-overlap-to-improve-metabolic-coverage-and-quantitative-analysis,ZT Scan DIA 3.0 metabolomics analysis reduces chimeric spectral overlap to improve metabolic coverage and,Verified,No longer displayed as a current factual claim; retained for audit trace.,,2026-08-12T14:49:47+00:00
sciex-tfa-water-2026,Application note,Product / Engineering / application evidence,2026-01-01: SCIEX — A Fast and Ultra-Sensitive Method for Analysis of TFA in Multiple Water Sources. SCIEX addresses the emerging ultrashort-chain PFAS challenge with a dedicated TFA method for multiple water matrices.,https://sciex.com/tech-notes/environmental-industrial/water-and-soil/fast-and-ultra-sensitive-method-for-analysis-of-tfa,A fast and ultra-sensitive method for analysis of TFA in multiple water sources,Verified,No longer displayed as a current factual claim; retained for audit trace.,,2026-08-12T14:49:47+00:00
corporate-move-1,Corporate move,Leadership / competitor intent / filing evidence,"Agilent Pending acquisition: Biocare (BC Midco I, Inc.) on 2026-03-06; Approximately $950 million cash; Definitive agreement; subject to regulatory approval and closing conditions.",https://www.sec.gov/Archives/edgar/data/1090872/000109087226000055/a-20260430.htm,aggregate purchase price of approximately $ 950 million in cash,UNREACHABLE,Current automated retrieval is blocked or challenged.,Major,2026-08-12T14:49:47+00:00
corporate-move-2,Corporate move,Leadership / competitor intent / filing evidence,"Thermo Fisher Acquisition: Clario Holdings, Inc. on 2026-03-24; Preliminary purchase price of approximately $9.1 billion; Completed.",https://www.sec.gov/Archives/edgar/data/97745/000009774526000092/tmo-20260328.htm,"$ 9,099",UNREACHABLE,Current automated retrieval is blocked or challenged.,Major,2026-08-12T14:49:47+00:00
corporate-move-3,Corporate move,Leadership / competitor intent / filing evidence,Thermo Fisher Acquisition: Solventum Purification and Filtration business on 2025-09-01; Net purchase price of approximately $3.865 billion; Completed.,https://www.sec.gov/Archives/edgar/data/97745/000009774526000092/tmo-20260328.htm,"$ 3,865",UNREACHABLE,Current automated retrieval is blocked or challenged.,Major,2026-08-12T14:49:47+00:00
corporate-move-4,Corporate move,Leadership / competitor intent / filing evidence,Thermo Fisher Divestiture agreement: Microbiology business sale to Astorg on 2026-04-27; Approximately $1.075 billion; Agreement signed; expected to close in the second half of 2026.,https://www.sec.gov/Archives/edgar/data/97745/000009774526000092/tmo-20260328.htm,sell its microbiology business to Astorg for approximately $ 1.075 billion,UNREACHABLE,Current automated retrieval is blocked or challenged.,Major,2026-08-12T14:49:47+00:00
corporate-move-5,Corporate move,Leadership / competitor intent / filing evidence,PerkinElmer Acquisition: Advanced Chemistry Development Inc. (ACD/Labs) on 2026-01-01; $72 million cash plus up to $8 million contingent consideration; Completed.,https://www.sec.gov/Archives/edgar/data/31791/000003179126000019/revv-20260405.htm,"Revvity, Inc.",Contradicted,No longer displayed as a current factual claim; retained for audit trace. Revvity—not the current PerkinElmer instruments company—made the acquisition.,Critical,2026-08-12T14:49:47+00:00
bioprocessing-summit-us-2026-prep,Conference intelligence,Conference page / all role links,"Bioprocessing Summit US; Aug 10-13, 2026; Boston, MA. Thermo Fisher: Expected — not confirmed — Thermo Fisher is a 2026 premier sponsor. No competitor talk title is public on the event page, so expect a connected bioprocess, analytical, and digital-lab narrative rather than treating a specific session as confirmed.",https://www.bioprocessingsummit.com/,"The Bioprocessing Summit | August 10-13, 2026 | Boston, MA &amp; Virtual",Verified,No longer displayed as a current factual claim; retained for audit trace.,,2026-08-12T14:49:47+00:00
imsc-2026-prep,Conference intelligence,Conference page / all role links,"IMSC 2026; Aug 22-28, 2026; Lyon, France. Bruker: Confirmed in 2026 program — Bruker will present “Pioneering 4D Multiomics and Functional Proteomics 2.0” in a lunch seminar and will also run an Innovation Lab Talk.; Agilent, Thermo Fisher, SCIEX, and Shimadzu: Expected — not confirmed — All four are confirmed 2026 sponsors, but no individual talk titles were found on the public sponsor page. Monitor for late-posted seminars on high-resolution MS, omics, environmental workflows, and data analysis.",https://www.imss.nl/,International Mass Spectrometry Foundation,UNREACHABLE,HTTP response contains an access-control or bot-challenge page,Major,2026-08-12T14:49:47+00:00
acs-fall-2026-prep,Conference intelligence,Conference page / all role links,"ACS Fall 2026; Aug 23-27, 2026; Chicago, IL. Agilent: Expected — not confirmed — Expect application-led LC/Q-TOF positioning around pesticide screening and confident unknown identification; no ACS-specific Agilent talk title was found in the public page reviewed.; Thermo Fisher: Expected — not confirmed — Expect PFAS and emerging-contaminant content, including ultrashort-chain PFAS; no ACS-specific Thermo Fisher talk title was found in the public page reviewed.",https://www.acs.org/events/all-events/acs-fall-2026.html,,Partially supported,No longer displayed as a current factual claim; retained for audit trace. Official event details are confirmed; competitor content remains explicitly expected/unconfirmed or has mixed reachable evidence.,,2026-08-12T14:49:47+00:00
casss-ms-2026-prep,Conference intelligence,Conference page / all role links,"CASSS Mass Spec 2026; Sep 15-18, 2026; Rockville, MD. Agilent: Expected — not confirmed — Expect Agilent to connect LC/TOF hardware with a guided MAM workflow. The public CASSS page lists MAM as a 2026 topic, but a competitor seminar title was not yet published.; Thermo Fisher: Expected — not confirmed — Expect robust, high-throughput peptide quantitation and HRMS characterization messaging; no 2026 CASSS technical seminar title was public at review time.",https://www.casss.org/mass-spectrometry/attend,Mass Spec Attendee Resources,Partially supported,No longer displayed as a current factual claim; retained for audit trace. Official event details are confirmed; competitor content remains explicitly expected/unconfirmed or has mixed reachable evidence.,,2026-08-12T14:49:47+00:00
lab-of-the-future-eu-2026-prep,Conference intelligence,Conference page / all role links,"Lab of the Future Europe; Sep 22-23, 2026; Amsterdam, Netherlands. Thermo Fisher: Confirmed in 2026 program — Mark Fish, VP & GM of Digital Lab Solutions at Thermo Fisher Scientific, is scheduled to present “From Vision to Velocity: Enabling the Lab-in-the-Loop Future of Science.”; Agilent: Expected — not confirmed — Expect a guided digital-lab execution and compliance narrative around OpenLab Sync and USP MethodConnect; an Agilent event session was not found on the public agenda reviewed.",https://www.lab-of-the-future.com/europe/,Lab of the Future Europe,Partially supported,No longer displayed as a current factual claim; retained for audit trace. Official event details are confirmed; competitor content remains explicitly expected/unconfirmed or has mixed reachable evidence.,,2026-08-12T14:49:47+00:00
tides-eu-2026-prep,Conference intelligence,Conference page / all role links,"TIDES Europe; Nov 3-5, 2026; Amsterdam, Netherlands. Agilent: Expected — not confirmed — Agilent is listed as a 2026 participant. Expect automated oligonucleotide LC/MS QC and OpenLab workflow positioning, but no Agilent session title was found in the public agenda reviewed.; Thermo Fisher: Expected — not confirmed — Thermo Fisher is listed as a 2026 participant. Expect integrated LC-MS system-suitability and Chromeleon eWorkflow content for oligonucleotides; no Thermo Fisher session title was found in the public agenda reviewed.",https://informaconnect.com/tides-europe/,TIDES Europe: Oligonucleotide and Peptide Therapeutics,Partially supported,No longer displayed as a current factual claim; retained for audit trace. Official event details are confirmed; competitor content remains explicitly expected/unconfirmed or has mixed reachable evidence.,,2026-08-12T14:49:47+00:00
setac-na-2026-prep,Conference intelligence,Conference page / all role links,"SETAC North America 2026; Nov 2-5, 2026; Montreal, Quebec. SCIEX: Expected — not confirmed — Expect EPA Method 1633A routine-sample positioning on the novus V55 and a sensitivity story for TFA. No SCIEX-specific SETAC session was confirmed in the public event pages reviewed.; Thermo Fisher: Expected — not confirmed — Expect direct-injection quantitation of C1-C4 ultrashort-chain PFAS in drinking water. No Thermo Fisher-specific SETAC session was confirmed in the public event pages reviewed.; Shimadzu: Expected — not confirmed — Expect PFAS analysis in food or complex environmental matrices, including seafood. No Shimadzu-specific SETAC session was confirmed in the public event pages reviewed.",https://www.setac.org/discover-events/global-meetings/setac-north-america-47th-annual-meeting.html,SETAC North America 47th Annual Meeting,Partially supported,No longer displayed as a current factual claim; retained for audit trace. Official event details are confirmed; competitor content remains explicitly expected/unconfirmed or has mixed reachable evidence.,,2026-08-12T14:49:47+00:00
theme-LNP and RNA therapeutics workflows-30d,Publication count,Leadership / Product / Engineering / application trends / PowerPoint,LNP and RNA therapeutics workflows: 107 PubMed records (30d).,https://eutils.ncbi.nlm.nih.gov/entrez/eutils/esearch.fcgi,109,Partially supported,"No longer displayed as a current factual claim; retained for audit trace. NCBI E-utilities returned 109, not 107, for the same query/end date.",,2026-08-12T14:49:47+00:00
theme-LNP and RNA therapeutics workflows-60d,Publication count,Leadership / Product / Engineering / application trends / PowerPoint,LNP and RNA therapeutics workflows: 194 PubMed records (60d).,https://eutils.ncbi.nlm.nih.gov/entrez/eutils/esearch.fcgi,196,Partially supported,"No longer displayed as a current factual claim; retained for audit trace. NCBI E-utilities returned 196, not 194, for the same query/end date.",,2026-08-12T14:49:47+00:00
theme-LNP and RNA therapeutics workflows-90d,Publication count,Leadership / Product / Engineering / application trends / PowerPoint,LNP and RNA therapeutics workflows: 273 PubMed records (90d).,https://eutils.ncbi.nlm.nih.gov/entrez/eutils/esearch.fcgi,275,Partially supported,"No longer displayed as a current factual claim; retained for audit trace. NCBI E-utilities returned 275, not 273, for the same query/end date.",,2026-08-12T14:49:47+00:00
theme-LNP and RNA therapeutics workflows-1y,Publication count,Leadership / Product / Engineering / application trends / PowerPoint,LNP and RNA therapeutics workflows: 918 PubMed records (1y).,https://eutils.ncbi.nlm.nih.gov/entrez/eutils/esearch.fcgi,920,Partially supported,"No longer displayed as a current factual claim; retained for audit trace. NCBI E-utilities returned 920, not 918, for the same query/end date.",,2026-08-12T14:49:47+00:00
theme-LNP and RNA therapeutics workflows-3y,Publication count,Leadership / Product / Engineering / application trends / PowerPoint,LNP and RNA therapeutics workflows: 2470 PubMed records (3y).,https://eutils.ncbi.nlm.nih.gov/entrez/eutils/esearch.fcgi,2472,Partially supported,"No longer displayed as a current factual claim; retained for audit trace. NCBI E-utilities returned 2472, not 2470, for the same query/end date.",,2026-08-12T14:49:47+00:00
theme-LNP and RNA therapeutics workflows-5y,Publication count,Leadership / Product / Engineering / application trends / PowerPoint,LNP and RNA therapeutics workflows: 3903 PubMed records (5y).,https://eutils.ncbi.nlm.nih.gov/entrez/eutils/esearch.fcgi,3905,Partially supported,"No longer displayed as a current factual claim; retained for audit trace. NCBI E-utilities returned 3905, not 3903, for the same query/end date.",,2026-08-12T14:49:47+00:00
theme-Oligonucleotide and nucleic-acid analytics-30d,Publication count,Leadership / Product / Engineering / application trends / PowerPoint,Oligonucleotide and nucleic-acid analytics: 64 PubMed records (30d).,https://eutils.ncbi.nlm.nih.gov/entrez/eutils/esearch.fcgi,69,Partially supported,"No longer displayed as a current factual claim; retained for audit trace. NCBI E-utilities returned 69, not 64, for the same query/end date.",,2026-08-12T14:49:47+00:00
theme-Oligonucleotide and nucleic-acid analytics-60d,Publication count,Leadership / Product / Engineering / application trends / PowerPoint,Oligonucleotide and nucleic-acid analytics: 121 PubMed records (60d).,https://eutils.ncbi.nlm.nih.gov/entrez/eutils/esearch.fcgi,128,Partially supported,"No longer displayed as a current factual claim; retained for audit trace. NCBI E-utilities returned 128, not 121, for the same query/end date.",,2026-08-12T14:49:47+00:00
theme-Oligonucleotide and nucleic-acid analytics-90d,Publication count,Leadership / Product / Engineering / application trends / PowerPoint,Oligonucleotide and nucleic-acid analytics: 193 PubMed records (90d).,https://eutils.ncbi.nlm.nih.gov/entrez/eutils/esearch.fcgi,200,Partially supported,"No longer displayed as a current factual claim; retained for audit trace. NCBI E-utilities returned 200, not 193, for the same query/end date.",,2026-08-12T14:49:47+00:00
theme-Oligonucleotide and nucleic-acid analytics-1y,Publication count,Leadership / Product / Engineering / application trends / PowerPoint,Oligonucleotide and nucleic-acid analytics: 659 PubMed records (1y).,https://eutils.ncbi.nlm.nih.gov/entrez/eutils/esearch.fcgi,666,Partially supported,"No longer displayed as a current factual claim; retained for audit trace. NCBI E-utilities returned 666, not 659, for the same query/end date.",,2026-08-12T14:49:47+00:00
theme-Oligonucleotide and nucleic-acid analytics-3y,Publication count,Leadership / Product / Engineering / application trends / PowerPoint,Oligonucleotide and nucleic-acid analytics: 1514 PubMed records (3y).,https://eutils.ncbi.nlm.nih.gov/entrez/eutils/esearch.fcgi,1521,Partially supported,"No longer displayed as a current factual claim; retained for audit trace. NCBI E-utilities returned 1521, not 1514, for the same query/end date.",,2026-08-12T14:49:47+00:00
theme-Oligonucleotide and nucleic-acid analytics-5y,Publication count,Leadership / Product / Engineering / application trends / PowerPoint,Oligonucleotide and nucleic-acid analytics: 2228 PubMed records (5y).,https://eutils.ncbi.nlm.nih.gov/entrez/eutils/esearch.fcgi,2235,Partially supported,"No longer displayed as a current factual claim; retained for audit trace. NCBI E-utilities returned 2235, not 2228, for the same query/end date.",,2026-08-12T14:49:47+00:00
theme-PFAS and environmental contaminant testing-30d,Publication count,Leadership / Product / Engineering / application trends / PowerPoint,PFAS and environmental contaminant testing: 36 PubMed records (30d).,https://eutils.ncbi.nlm.nih.gov/entrez/eutils/esearch.fcgi,36,Verified,No longer displayed as a current factual claim; retained for audit trace.,,2026-08-12T14:49:47+00:00
theme-PFAS and environmental contaminant testing-60d,Publication count,Leadership / Product / Engineering / application trends / PowerPoint,PFAS and environmental contaminant testing: 77 PubMed records (60d).,https://eutils.ncbi.nlm.nih.gov/entrez/eutils/esearch.fcgi,77,Verified,No longer displayed as a current factual claim; retained for audit trace.,,2026-08-12T14:49:47+00:00
theme-PFAS and environmental contaminant testing-90d,Publication count,Leadership / Product / Engineering / application trends / PowerPoint,PFAS and environmental contaminant testing: 109 PubMed records (90d).,https://eutils.ncbi.nlm.nih.gov/entrez/eutils/esearch.fcgi,109,Verified,No longer displayed as a current factual claim; retained for audit trace.,,2026-08-12T14:49:47+00:00
theme-PFAS and environmental contaminant testing-1y,Publication count,Leadership / Product / Engineering / application trends / PowerPoint,PFAS and environmental contaminant testing: 335 PubMed records (1y).,https://eutils.ncbi.nlm.nih.gov/entrez/eutils/esearch.fcgi,335,Verified,No longer displayed as a current factual claim; retained for audit trace.,,2026-08-12T14:49:47+00:00
theme-PFAS and environmental contaminant testing-3y,Publication count,Leadership / Product / Engineering / application trends / PowerPoint,PFAS and environmental contaminant testing: 703 PubMed records (3y).,https://eutils.ncbi.nlm.nih.gov/entrez/eutils/esearch.fcgi,703,Verified,No longer displayed as a current factual claim; retained for audit trace.,,2026-08-12T14:49:47+00:00
theme-PFAS and environmental contaminant testing-5y,Publication count,Leadership / Product / Engineering / application trends / PowerPoint,PFAS and environmental contaminant testing: 951 PubMed records (5y).,https://eutils.ncbi.nlm.nih.gov/entrez/eutils/esearch.fcgi,951,Verified,No longer displayed as a current factual claim; retained for audit trace.,,2026-08-12T14:49:47+00:00
theme-High-resolution proteomics and metabolomics-30d,Publication count,Leadership / Product / Engineering / application trends / PowerPoint,High-resolution proteomics and metabolomics: 900 PubMed records (30d).,https://eutils.ncbi.nlm.nih.gov/entrez/eutils/esearch.fcgi,922,Partially supported,"No longer displayed as a current factual claim; retained for audit trace. NCBI E-utilities returned 922, not 900, for the same query/end date.",,2026-08-12T14:49:47+00:00
theme-High-resolution proteomics and metabolomics-60d,Publication count,Leadership / Product / Engineering / application trends / PowerPoint,High-resolution proteomics and metabolomics: 1837 PubMed records (60d).,https://eutils.ncbi.nlm.nih.gov/entrez/eutils/esearch.fcgi,1862,Partially supported,"No longer displayed as a current factual claim; retained for audit trace. NCBI E-utilities returned 1862, not 1837, for the same query/end date.",,2026-08-12T14:49:47+00:00
theme-High-resolution proteomics and metabolomics-90d,Publication count,Leadership / Product / Engineering / application trends / PowerPoint,High-resolution proteomics and metabolomics: 2756 PubMed records (90d).,https://eutils.ncbi.nlm.nih.gov/entrez/eutils/esearch.fcgi,2781,Partially supported,"No longer displayed as a current factual claim; retained for audit trace. NCBI E-utilities returned 2781, not 2756, for the same query/end date.",,2026-08-12T14:49:47+00:00
theme-High-resolution proteomics and metabolomics-1y,Publication count,Leadership / Product / Engineering / application trends / PowerPoint,High-resolution proteomics and metabolomics: 9869 PubMed records (1y).,https://eutils.ncbi.nlm.nih.gov/entrez/eutils/esearch.fcgi,9894,Partially supported,"No longer displayed as a current factual claim; retained for audit trace. NCBI E-utilities returned 9894, not 9869, for the same query/end date.",,2026-08-12T14:49:47+00:00
theme-High-resolution proteomics and metabolomics-3y,Publication count,Leadership / Product / Engineering / application trends / PowerPoint,High-resolution proteomics and metabolomics: 24750 PubMed records (3y).,https://eutils.ncbi.nlm.nih.gov/entrez/eutils/esearch.fcgi,24775,Partially supported,"No longer displayed as a current factual claim; retained for audit trace. NCBI E-utilities returned 24775, not 24750, for the same query/end date.",,2026-08-12T14:49:47+00:00
theme-High-resolution proteomics and metabolomics-5y,Publication count,Leadership / Product / Engineering / application trends / PowerPoint,High-resolution proteomics and metabolomics: 38900 PubMed records (5y).,https://eutils.ncbi.nlm.nih.gov/entrez/eutils/esearch.fcgi,38925,Partially supported,"No longer displayed as a current factual claim; retained for audit trace. NCBI E-utilities returned 38925, not 38900, for the same query/end date.",,2026-08-12T14:49:47+00:00
theme-Lab automation and software-enabled workflows-30d,Publication count,Leadership / Product / Engineering / application trends / PowerPoint,Lab automation and software-enabled workflows: 111 PubMed records (30d).,https://eutils.ncbi.nlm.nih.gov/entrez/eutils/esearch.fcgi,112,Partially supported,"No longer displayed as a current factual claim; retained for audit trace. NCBI E-utilities returned 112, not 111, for the same query/end date.",,2026-08-12T14:49:47+00:00
theme-Lab automation and software-enabled workflows-60d,Publication count,Leadership / Product / Engineering / application trends / PowerPoint,Lab automation and software-enabled workflows: 221 PubMed records (60d).,https://eutils.ncbi.nlm.nih.gov/entrez/eutils/esearch.fcgi,224,Partially supported,"No longer displayed as a current factual claim; retained for audit trace. NCBI E-utilities returned 224, not 221, for the same query/end date.",,2026-08-12T14:49:47+00:00
theme-Lab automation and software-enabled workflows-90d,Publication count,Leadership / Product / Engineering / application trends / PowerPoint,Lab automation and software-enabled workflows: 321 PubMed records (90d).,https://eutils.ncbi.nlm.nih.gov/entrez/eutils/esearch.fcgi,324,Partially supported,"No longer displayed as a current factual claim; retained for audit trace. NCBI E-utilities returned 324, not 321, for the same query/end date.",,2026-08-12T14:49:47+00:00
theme-Lab automation and software-enabled workflows-1y,Publication count,Leadership / Product / Engineering / application trends / PowerPoint,Lab automation and software-enabled workflows: 1137 PubMed records (1y).,https://eutils.ncbi.nlm.nih.gov/entrez/eutils/esearch.fcgi,1140,Partially supported,"No longer displayed as a current factual claim; retained for audit trace. NCBI E-utilities returned 1140, not 1137, for the same query/end date.",,2026-08-12T14:49:47+00:00
theme-Lab automation and software-enabled workflows-3y,Publication count,Leadership / Product / Engineering / application trends / PowerPoint,Lab automation and software-enabled workflows: 2699 PubMed records (3y).,https://eutils.ncbi.nlm.nih.gov/entrez/eutils/esearch.fcgi,2702,Partially supported,"No longer displayed as a current factual claim; retained for audit trace. NCBI E-utilities returned 2702, not 2699, for the same query/end date.",,2026-08-12T14:49:47+00:00
theme-Lab automation and software-enabled workflows-5y,Publication count,Leadership / Product / Engineering / application trends / PowerPoint,Lab automation and software-enabled workflows: 3883 PubMed records (5y).,https://eutils.ncbi.nlm.nih.gov/entrez/eutils/esearch.fcgi,3886,Partially supported,"No longer displayed as a current factual claim; retained for audit trace. NCBI E-utilities returned 3886, not 3883, for the same query/end date.",,2026-08-12T14:49:47+00:00
competitor-Thermo Fisher-30d,Publication count,Product / Engineering / publication intelligence,Thermo Fisher: 254 PubMed records (30d).,https://eutils.ncbi.nlm.nih.gov/entrez/eutils/esearch.fcgi,251,Partially supported,"No longer displayed as a current factual claim; retained for audit trace. NCBI E-utilities returned 251, not 254, for the same query/end date.",,2026-08-12T14:49:47+00:00
competitor-Thermo Fisher-60d,Publication count,Product / Engineering / publication intelligence,Thermo Fisher: 502 PubMed records (60d).,https://eutils.ncbi.nlm.nih.gov/entrez/eutils/esearch.fcgi,498,Partially supported,"No longer displayed as a current factual claim; retained for audit trace. NCBI E-utilities returned 498, not 502, for the same query/end date.",,2026-08-12T14:49:47+00:00
competitor-Thermo Fisher-90d,Publication count,Product / Engineering / publication intelligence,Thermo Fisher: 729 PubMed records (90d).,https://eutils.ncbi.nlm.nih.gov/entrez/eutils/esearch.fcgi,725,Partially supported,"No longer displayed as a current factual claim; retained for audit trace. NCBI E-utilities returned 725, not 729, for the same query/end date.",,2026-08-12T14:49:47+00:00
competitor-Thermo Fisher-1y,Publication count,Product / Engineering / publication intelligence,Thermo Fisher: 2399 PubMed records (1y).,https://eutils.ncbi.nlm.nih.gov/entrez/eutils/esearch.fcgi,2402,Partially supported,"No longer displayed as a current factual claim; retained for audit trace. NCBI E-utilities returned 2402, not 2399, for the same query/end date.",,2026-08-12T14:49:47+00:00
competitor-Thermo Fisher-3y,Publication count,Product / Engineering / publication intelligence,Thermo Fisher: 5670 PubMed records (3y).,https://eutils.ncbi.nlm.nih.gov/entrez/eutils/esearch.fcgi,5672,Partially supported,"No longer displayed as a current factual claim; retained for audit trace. NCBI E-utilities returned 5672, not 5670, for the same query/end date.",,2026-08-12T14:49:47+00:00
competitor-Thermo Fisher-5y,Publication count,Product / Engineering / publication intelligence,Thermo Fisher: 8600 PubMed records (5y).,https://eutils.ncbi.nlm.nih.gov/entrez/eutils/esearch.fcgi,8603,Partially supported,"No longer displayed as a current factual claim; retained for audit trace. NCBI E-utilities returned 8603, not 8600, for the same query/end date.",,2026-08-12T14:49:47+00:00
competitor-Agilent-30d,Publication count,Product / Engineering / publication intelligence,Agilent: 4 PubMed records (30d).,https://eutils.ncbi.nlm.nih.gov/entrez/eutils/esearch.fcgi,4,Verified,No longer displayed as a current factual claim; retained for audit trace.,,2026-08-12T14:49:47+00:00
competitor-Agilent-60d,Publication count,Product / Engineering / publication intelligence,Agilent: 13 PubMed records (60d).,https://eutils.ncbi.nlm.nih.gov/entrez/eutils/esearch.fcgi,13,Verified,No longer displayed as a current factual claim; retained for audit trace.,,2026-08-12T14:49:47+00:00
competitor-Agilent-90d,Publication count,Product / Engineering / publication intelligence,Agilent: 21 PubMed records (90d).,https://eutils.ncbi.nlm.nih.gov/entrez/eutils/esearch.fcgi,21,Verified,No longer displayed as a current factual claim; retained for audit trace.,,2026-08-12T14:49:47+00:00
competitor-Agilent-1y,Publication count,Product / Engineering / publication intelligence,Agilent: 60 PubMed records (1y).,https://eutils.ncbi.nlm.nih.gov/entrez/eutils/esearch.fcgi,60,Verified,No longer displayed as a current factual claim; retained for audit trace.,,2026-08-12T14:49:47+00:00
competitor-Agilent-3y,Publication count,Product / Engineering / publication intelligence,Agilent: 172 PubMed records (3y).,https://eutils.ncbi.nlm.nih.gov/entrez/eutils/esearch.fcgi,172,Verified,No longer displayed as a current factual claim; retained for audit trace.,,2026-08-12T14:49:47+00:00
competitor-Agilent-5y,Publication count,Product / Engineering / publication intelligence,Agilent: 274 PubMed records (5y).,https://eutils.ncbi.nlm.nih.gov/entrez/eutils/esearch.fcgi,274,Verified,No longer displayed as a current factual claim; retained for audit trace.,,2026-08-12T14:49:47+00:00
competitor-Shimadzu-30d,Publication count,Product / Engineering / publication intelligence,Shimadzu: 0 PubMed records (30d).,https://eutils.ncbi.nlm.nih.gov/entrez/eutils/esearch.fcgi,0,Verified,No longer displayed as a current factual claim; retained for audit trace.,,2026-08-12T14:49:47+00:00
competitor-Shimadzu-60d,Publication count,Product / Engineering / publication intelligence,Shimadzu: 1 PubMed records (60d).,https://eutils.ncbi.nlm.nih.gov/entrez/eutils/esearch.fcgi,1,Verified,No longer displayed as a current factual claim; retained for audit trace.,,2026-08-12T14:49:47+00:00
competitor-Shimadzu-90d,Publication count,Product / Engineering / publication intelligence,Shimadzu: 1 PubMed records (90d).,https://eutils.ncbi.nlm.nih.gov/entrez/eutils/esearch.fcgi,1,Verified,No longer displayed as a current factual claim; retained for audit trace.,,2026-08-12T14:49:47+00:00
competitor-Shimadzu-1y,Publication count,Product / Engineering / publication intelligence,Shimadzu: 3 PubMed records (1y).,https://eutils.ncbi.nlm.nih.gov/entrez/eutils/esearch.fcgi,3,Verified,No longer displayed as a current factual claim; retained for audit trace.,,2026-08-12T14:49:47+00:00
competitor-Shimadzu-3y,Publication count,Product / Engineering / publication intelligence,Shimadzu: 8 PubMed records (3y).,https://eutils.ncbi.nlm.nih.gov/entrez/eutils/esearch.fcgi,8,Verified,No longer displayed as a current factual claim; retained for audit trace.,,2026-08-12T14:49:47+00:00
competitor-Shimadzu-5y,Publication count,Product / Engineering / publication intelligence,Shimadzu: 15 PubMed records (5y).,https://eutils.ncbi.nlm.nih.gov/entrez/eutils/esearch.fcgi,15,Verified,No longer displayed as a current factual claim; retained for audit trace.,,2026-08-12T14:49:47+00:00
competitor-SCIEX-30d,Publication count,Product / Engineering / publication intelligence,SCIEX: 27 PubMed records (30d).,https://eutils.ncbi.nlm.nih.gov/entrez/eutils/esearch.fcgi,27,Verified,No longer displayed as a current factual claim; retained for audit trace.,,2026-08-12T14:49:47+00:00
competitor-SCIEX-60d,Publication count,Product / Engineering / publication intelligence,SCIEX: 49 PubMed records (60d).,https://eutils.ncbi.nlm.nih.gov/entrez/eutils/esearch.fcgi,48,Partially supported,"No longer displayed as a current factual claim; retained for audit trace. NCBI E-utilities returned 48, not 49, for the same query/end date.",,2026-08-12T14:49:47+00:00
competitor-SCIEX-90d,Publication count,Product / Engineering / publication intelligence,SCIEX: 67 PubMed records (90d).,https://eutils.ncbi.nlm.nih.gov/entrez/eutils/esearch.fcgi,66,Partially supported,"No longer displayed as a current factual claim; retained for audit trace. NCBI E-utilities returned 66, not 67, for the same query/end date.",,2026-08-12T14:49:47+00:00
competitor-SCIEX-1y,Publication count,Product / Engineering / publication intelligence,SCIEX: 232 PubMed records (1y).,https://eutils.ncbi.nlm.nih.gov/entrez/eutils/esearch.fcgi,232,Verified,No longer displayed as a current factual claim; retained for audit trace.,,2026-08-12T14:49:47+00:00
competitor-SCIEX-3y,Publication count,Product / Engineering / publication intelligence,SCIEX: 596 PubMed records (3y).,https://eutils.ncbi.nlm.nih.gov/entrez/eutils/esearch.fcgi,596,Verified,No longer displayed as a current factual claim; retained for audit trace.,,2026-08-12T14:49:47+00:00
competitor-SCIEX-5y,Publication count,Product / Engineering / publication intelligence,SCIEX: 929 PubMed records (5y).,https://eutils.ncbi.nlm.nih.gov/entrez/eutils/esearch.fcgi,929,Verified,No longer displayed as a current factual claim; retained for audit trace.,,2026-08-12T14:49:47+00:00
competitor-PerkinElmer-30d,Publication count,Product / Engineering / publication intelligence,PerkinElmer: 2 PubMed records (30d).,https://eutils.ncbi.nlm.nih.gov/entrez/eutils/esearch.fcgi,2,Verified,No longer displayed as a current factual claim; retained for audit trace.,,2026-08-12T14:49:47+00:00
competitor-PerkinElmer-60d,Publication count,Product / Engineering / publication intelligence,PerkinElmer: 2 PubMed records (60d).,https://eutils.ncbi.nlm.nih.gov/entrez/eutils/esearch.fcgi,2,Verified,No longer displayed as a current factual claim; retained for audit trace.,,2026-08-12T14:49:47+00:00
competitor-PerkinElmer-90d,Publication count,Product / Engineering / publication intelligence,PerkinElmer: 4 PubMed records (90d).,https://eutils.ncbi.nlm.nih.gov/entrez/eutils/esearch.fcgi,4,Verified,No longer displayed as a current factual claim; retained for audit trace.,,2026-08-12T14:49:47+00:00
competitor-PerkinElmer-1y,Publication count,Product / Engineering / publication intelligence,PerkinElmer: 11 PubMed records (1y).,https://eutils.ncbi.nlm.nih.gov/entrez/eutils/esearch.fcgi,11,Verified,No longer displayed as a current factual claim; retained for audit trace.,,2026-08-12T14:49:47+00:00
competitor-PerkinElmer-3y,Publication count,Product / Engineering / publication intelligence,PerkinElmer: 25 PubMed records (3y).,https://eutils.ncbi.nlm.nih.gov/entrez/eutils/esearch.fcgi,25,Verified,No longer displayed as a current factual claim; retained for audit trace.,,2026-08-12T14:49:47+00:00
competitor-PerkinElmer-5y,Publication count,Product / Engineering / publication intelligence,PerkinElmer: 36 PubMed records (5y).,https://eutils.ncbi.nlm.nih.gov/entrez/eutils/esearch.fcgi,36,Verified,No longer displayed as a current factual claim; retained for audit trace.,,2026-08-12T14:49:47+00:00
agilent-hp-1100-hplc-1995,Historical product catalog,Product comparator / historical catalog,Agilent HP 1100 Series HPLC introduced in 1995.,https://www.agilent.com/about/companyinfo/history/Agilent-history-timeline.pdf,,UNREACHABLE,HTTP response contains an access-control or bot-challenge page,Major,2026-08-12T14:49:47+00:00
agilent-1200-series-lc-2006,Historical product catalog,Product comparator / historical catalog,Agilent 1200 Series LC introduced in 2006.,https://www.agilent.com/cs/library/slidepresentation/public/Discover_the_Efficiency_Advantage_in_your_LC_Phoenix07012017.pdf,,UNREACHABLE,HTTP response contains an access-control or bot-challenge page,Major,2026-08-12T14:49:47+00:00
agilent-6100-series-lcms-2006,Historical product catalog,Product comparator / historical catalog,Agilent 6100 Series Single Quadrupole LC/MS introduced in 2006.,https://www.agilent.com/about/newsroom/presrel/2007/05apr-ca07020.html,,UNREACHABLE,HTTP response contains an access-control or bot-challenge page,Major,2026-08-12T14:49:47+00:00
agilent-6210-tof-lcms-2006,Historical product catalog,Product comparator / historical catalog,Agilent 6210 TOF LC/MS introduced in 2006.,https://www.agilent.com/about/newsroom/presrel/2007/05apr-ca07020.html,,UNREACHABLE,HTTP response contains an access-control or bot-challenge page,Major,2026-08-12T14:49:47+00:00
agilent-6410-triple-quad-2006,Historical product catalog,Product comparator / historical catalog,Agilent 6410 Triple Quadrupole LC/MS introduced in 2006.,https://www.agilent.com/about/newsroom/presrel/2007/05apr-ca07020.html,,UNREACHABLE,HTTP response contains an access-control or bot-challenge page,Major,2026-08-12T14:49:47+00:00
agilent-6510-qtof-2006,Historical product catalog,Product comparator / historical catalog,Agilent 6510 Q-TOF LC/MS introduced in 2006.,https://www.agilent.com/about/newsroom/presrel/2007/05apr-ca07020.html,,UNREACHABLE,HTTP response contains an access-control or bot-challenge page,Major,2026-08-12T14:49:47+00:00
agilent-6220-tof-2007,Historical product catalog,Product comparator / historical catalog,Agilent 6220 TOF LC/MS introduced in 2007.,https://www.agilent.com/about/newsroom/presrel/2008/07apr-ca08025.html,,UNREACHABLE,HTTP response contains an access-control or bot-challenge page,Major,2026-08-12T14:49:47+00:00
agilent-1290-infinity-lc-2009,Historical product catalog,Product comparator / historical catalog,Agilent 1290 Infinity LC introduced in 2009.,https://www.agilent.com/cs/library/slidepresentation/public/Discover_the_Efficiency_Advantage_in_your_LC_Phoenix07012017.pdf,,UNREACHABLE,HTTP response contains an access-control or bot-challenge page,Major,2026-08-12T14:49:47+00:00
agilent-1260-infinity-lc-2010,Historical product catalog,Product comparator / historical catalog,Agilent 1260 Infinity LC introduced in 2010.,https://www.agilent.com/cs/library/slidepresentation/public/Discover_the_Efficiency_Advantage_in_your_LC_Phoenix07012017.pdf,,UNREACHABLE,HTTP response contains an access-control or bot-challenge page,Major,2026-08-12T14:49:47+00:00
agilent-1290-infinity-2dlc-2012,Historical product catalog,Product comparator / historical catalog,Agilent 1290 Infinity 2D-LC introduced in 2012.,https://www.agilent.com/cs/library/slidepresentation/public/Discover_the_Efficiency_Advantage_in_your_LC_Phoenix07012017.pdf,,UNREACHABLE,HTTP response contains an access-control or bot-challenge page,Major,2026-08-12T14:49:47+00:00
agilent-1290-infinity-ii-2014,Historical product catalog,Product comparator / historical catalog,Agilent 1290 Infinity II LC introduced in 2014.,https://www.agilent.com/cs/library/slidepresentation/public/Discover_the_Efficiency_Advantage_in_your_LC_Phoenix07012017.pdf,,UNREACHABLE,HTTP response contains an access-control or bot-challenge page,Major,2026-08-12T14:49:47+00:00
agilent-1220-infinity-ii-2016,Historical product catalog,Product comparator / historical catalog,Agilent 1220 Infinity II LC introduced in 2016.,https://www.agilent.com/newsjp/presrel/fy2016/ca05_1260infinity.shtml,,UNREACHABLE,HTTP response contains an access-control or bot-challenge page,Major,2026-08-12T14:49:47+00:00
agilent-1260-infinity-ii-2016,Historical product catalog,Product comparator / historical catalog,Agilent 1260 Infinity II LC introduced in 2016.,https://www.agilent.com/newsjp/presrel/fy2016/ca05_1260infinity.shtml,,UNREACHABLE,HTTP response contains an access-control or bot-challenge page,Major,2026-08-12T14:49:47+00:00
agilent-6495b-2017,Historical product catalog,Product comparator / historical catalog,Agilent 6495B Triple Quadrupole LC/MS introduced in 2017.,https://www.agilent.com/cn/about/newsroom/presrel/2017/0308.html,,UNREACHABLE,HTTP response contains an access-control or bot-challenge page,Major,2026-08-12T14:49:47+00:00
agilent-6546-qtof-2019,Historical product catalog,Product comparator / historical catalog,Agilent 6546 LC/Q-TOF introduced in 2019.,https://www.agilent.com/about/newsroom/presrel/2019/15apr-ca19010.html,,UNREACHABLE,HTTP response contains an access-control or bot-challenge page,Major,2026-08-12T14:49:47+00:00
agilent-lcmsd-iq-2019,Historical product catalog,Product comparator / historical catalog,Agilent InfinityLab LC/MSD iQ introduced in 2019.,https://www.agilent.com/about/newsroom/presrel/2019/03jun-ca19014.html,,UNREACHABLE,HTTP response contains an access-control or bot-challenge page,Major,2026-08-12T14:49:47+00:00
agilent-6470b-2020,Historical product catalog,Product comparator / historical catalog,Agilent 6470B Triple Quadrupole LC/MS introduced in 2020.,https://www.agilent.com/about/newsroom/presrel/2020/01jun-ca20017.html,,UNREACHABLE,HTTP response contains an access-control or bot-challenge page,Major,2026-08-12T14:49:47+00:00
agilent-rapidfire-400-2020,Historical product catalog,Product comparator / historical catalog,Agilent RapidFire 400 High-Throughput MS System introduced in 2020.,https://www.agilent.com/about/newsroom/presrel/2020/01jun-ca20017.html,,UNREACHABLE,HTTP response contains an access-control or bot-challenge page,Major,2026-08-12T14:49:47+00:00
agilent-6475-2022,Historical product catalog,Product comparator / historical catalog,Agilent 6475 Triple Quadrupole LC/MS introduced in 2022.,https://www.agilent.com/about/newsroom/presrel/2022/06jun-ca22017.html,,UNREACHABLE,HTTP response contains an access-control or bot-challenge page,Major,2026-08-12T14:49:47+00:00
agilent-6495d-2023,Historical product catalog,Product comparator / historical catalog,Agilent 6495D Triple Quadrupole LC/MS introduced in 2023.,https://www.agilent.com/about/newsroom/presrel/2023/05jun-ca23023.html,,UNREACHABLE,HTTP response contains an access-control or bot-challenge page,Major,2026-08-12T14:49:47+00:00
agilent-revident-2023,Historical product catalog,Product comparator / historical catalog,Agilent Revident LC/Q-TOF introduced in 2023.,https://www.agilent.com/about/newsroom/presrel/2023/05jun-ca23023.html,,UNREACHABLE,HTTP response contains an access-control or bot-challenge page,Major,2026-08-12T14:49:47+00:00
agilent-1260-infinity-iii-2024,Historical product catalog,Product comparator / historical catalog,Agilent 1260 Infinity III LC introduced in 2024.,https://www.agilent.com/about/newsroom/presrel/2024/21oct-ca24026.html,,UNREACHABLE,HTTP response contains an access-control or bot-challenge page,Major,2026-08-12T14:49:47+00:00
agilent-1260-infinity-iii-prime-2024,Historical product catalog,Product comparator / historical catalog,Agilent 1260 Infinity III Prime LC introduced in 2024.,https://www.agilent.com/about/newsroom/presrel/2024/21oct-ca24026.html,,UNREACHABLE,HTTP response contains an access-control or bot-challenge page,Major,2026-08-12T14:49:47+00:00
agilent-1290-infinity-iii-2024,Historical product catalog,Product comparator / historical catalog,Agilent 1290 Infinity III LC introduced in 2024.,https://www.agilent.com/about/newsroom/presrel/2024/21oct-ca24026.html,,UNREACHABLE,HTTP response contains an access-control or bot-challenge page,Major,2026-08-12T14:49:47+00:00
shimadzu-lc-10a-1991,Historical product catalog,Product comparator / historical catalog,Shimadzu LC-10A Series HPLC introduced in 1991.,https://www.shimadzu.com/sites/shimadzu.com/files/ir/8quj/r6kpfhyxuu985pje.pdf,,UNREACHABLE,No longer displayed as a current factual claim; retained for audit trace. Primary source could not be fetched or extracted.,,2026-08-12T14:49:47+00:00
shimadzu-lc-vp-1997,Historical product catalog,Product comparator / historical catalog,Shimadzu LC-VP Series HPLC introduced in 1997.,https://www.shimadzu.com/sites/shimadzu.com/files/ir/8quj/r6kpfhyxuu985pje.pdf,,UNREACHABLE,No longer displayed as a current factual claim; retained for audit trace. Primary source could not be fetched or extracted.,,2026-08-12T14:49:47+00:00
shimadzu-lc-2010-2000,Historical product catalog,Product comparator / historical catalog,Shimadzu LC-2010 Integrated HPLC introduced in 2000.,https://www.shimadzu.com/sites/shimadzu.com/files/ir/8quj/r6kpfhyxuu985pje.pdf,,UNREACHABLE,No longer displayed as a current factual claim; retained for audit trace. Primary source could not be fetched or extracted.,,2026-08-12T14:49:47+00:00
shimadzu-lcms-2010a-2002,Historical product catalog,Product comparator / historical catalog,Shimadzu LCMS-2010A introduced in 2002.,https://www.shimadzu.com/sites/shimadzu.com/files/ir/8quj/r6kpfhyxuu985pje.pdf,,UNREACHABLE,No longer displayed as a current factual claim; retained for audit trace. Primary source could not be fetched or extracted.,,2026-08-12T14:49:47+00:00
shimadzu-sil-ht-2003,Historical product catalog,Product comparator / historical catalog,Shimadzu SIL-HT Autosampler introduced in 2003.,https://www.shimadzu.com/sites/shimadzu.com/files/ir/8quj/r6kpfhyxuu985pje.pdf,,UNREACHABLE,No longer displayed as a current factual claim; retained for audit trace. Primary source could not be fetched or extracted.,,2026-08-12T14:49:47+00:00
shimadzu-prominence-2004,Historical product catalog,Product comparator / historical catalog,Shimadzu Prominence HPLC/UHPLC introduced in 2004.,https://www.shimadzu.com/sites/shimadzu.com/files/ir/8quj/r6kpfhyxuu985pje.pdf,,UNREACHABLE,No longer displayed as a current factual claim; retained for audit trace. Primary source could not be fetched or extracted.,,2026-08-12T14:49:47+00:00
shimadzu-lcms-it-tof-2004,Historical product catalog,Product comparator / historical catalog,Shimadzu LCMS-IT-TOF introduced in 2004.,https://www.shimadzu.com/sites/shimadzu.com/files/ir/8quj/r6kpfhyxuu985pje.pdf,,UNREACHABLE,No longer displayed as a current factual claim; retained for audit trace. Primary source could not be fetched or extracted.,,2026-08-12T14:49:47+00:00
shimadzu-lcms-2020-2008,Historical product catalog,Product comparator / historical catalog,Shimadzu LCMS-2020 Single Quadrupole introduced in 2008.,https://www.shimadzu.com/sites/shimadzu.com/files/ir/8quj/r6kpfhyxuu985pje.pdf,,UNREACHABLE,No longer displayed as a current factual claim; retained for audit trace. Primary source could not be fetched or extracted.,,2026-08-12T14:49:47+00:00
shimadzu-nexera-2010,Historical product catalog,Product comparator / historical catalog,Shimadzu Nexera UHPLC introduced in 2010.,https://www.shimadzu.com/sites/shimadzu.com/files/ir/8quj/r6kpfhyxuu985pje.pdf,,UNREACHABLE,No longer displayed as a current factual claim; retained for audit trace. Primary source could not be fetched or extracted.,,2026-08-12T14:49:47+00:00
shimadzu-lcms-8030-2010,Historical product catalog,Product comparator / historical catalog,Shimadzu LCMS-8030 Triple Quadrupole introduced in 2010.,https://www.shimadzu.com/sites/shimadzu.com/files/ir/8quj/r6kpfhyxuu985pje.pdf,,UNREACHABLE,No longer displayed as a current factual claim; retained for audit trace. Primary source could not be fetched or extracted.,,2026-08-12T14:49:47+00:00
shimadzu-lcms-8040-2012,Historical product catalog,Product comparator / historical catalog,Shimadzu LCMS-8040 Triple Quadrupole introduced in 2012.,https://www.shimadzu.com/sites/shimadzu.com/files/ir/8quj/r6kpfhyxuu985pje.pdf,,UNREACHABLE,No longer displayed as a current factual claim; retained for audit trace. Primary source could not be fetched or extracted.,,2026-08-12T14:49:47+00:00
shimadzu-lcms-8050-2013,Historical product catalog,Product comparator / historical catalog,Shimadzu LCMS-8050 Triple Quadrupole introduced in 2013.,https://www.shimadzu.com/sites/shimadzu.com/files/ir/8quj/r6kpfhyxuu985pje.pdf,,UNREACHABLE,No longer displayed as a current factual claim; retained for audit trace. Primary source could not be fetched or extracted.,,2026-08-12T14:49:47+00:00
shimadzu-i-series-2014,Historical product catalog,Product comparator / historical catalog,Shimadzu i-Series Integrated HPLC/UHPLC introduced in 2014.,https://www.shimadzu.com/sites/shimadzu.com/files/ir/8quj/r6kpfhyxuu985pje.pdf,,UNREACHABLE,No longer displayed as a current factual claim; retained for audit trace. Primary source could not be fetched or extracted.,,2026-08-12T14:49:47+00:00
shimadzu-nexera-uc-2015,Historical product catalog,Product comparator / historical catalog,Shimadzu Nexera UC Unified Chromatography introduced in 2015.,https://www.shimadzu.com/sites/shimadzu.com/files/ir/8quj/r6kpfhyxuu985pje.pdf,,UNREACHABLE,No longer displayed as a current factual claim; retained for audit trace. Primary source could not be fetched or extracted.,,2026-08-12T14:49:47+00:00
shimadzu-lcms-8060-2015,Historical product catalog,Product comparator / historical catalog,Shimadzu LCMS-8060 Triple Quadrupole introduced in 2015.,https://www.shimadzu.com/sites/shimadzu.com/files/ir/8quj/r6kpfhyxuu985pje.pdf,,UNREACHABLE,No longer displayed as a current factual claim; retained for audit trace. Primary source could not be fetched or extracted.,,2026-08-12T14:49:47+00:00
shimadzu-nexera-mikros-2018,Historical product catalog,Product comparator / historical catalog,Shimadzu Nexera Mikros Microflow LC-MS System introduced in 2018.,https://www.shimadzu.com/sites/shimadzu.com/files/ir/8quj/r6kpfhyxuu985pje.pdf,,UNREACHABLE,No longer displayed as a current factual claim; retained for audit trace. Primary source could not be fetched or extracted.,,2026-08-12T14:49:47+00:00
shimadzu-lcms-9030-2018,Historical product catalog,Product comparator / historical catalog,Shimadzu LCMS-9030 Q-TOF introduced in 2018.,https://www.shimadzu.com/sites/shimadzu.com/files/ir/8quj/r6kpfhyxuu985pje.pdf,,UNREACHABLE,No longer displayed as a current factual claim; retained for audit trace. Primary source could not be fetched or extracted.,,2026-08-12T14:49:47+00:00
shimadzu-nexera-40-series-2019,Historical product catalog,Product comparator / historical catalog,Shimadzu Nexera 40 Series UHPLC introduced in 2019.,https://www.shimadzu.com/sites/shimadzu.com/files/ir/8quj/r6kpfhyxuu985pje.pdf,,UNREACHABLE,No longer displayed as a current factual claim; retained for audit trace. Primary source could not be fetched or extracted.,,2026-08-12T14:49:47+00:00
shimadzu-lcms-8060nx-2020,Historical product catalog,Product comparator / historical catalog,Shimadzu LCMS-8060NX Triple Quadrupole introduced in 2020.,https://www.ssi.shimadzu.com/news/2020/new-LCMS-8060NX-high-performance-tandem-liquid-chromatograph-mass-spectrometer-improves-workflow-efficiency-and-maximizes-laboratory-output.html,Shimadzu’s New LCMS-8060NX High-Performance Tandem Liquid Chromatograph Mass Spectrometer Improves Workflow Efficiency and Maximizes Laboratory,Verified,No longer displayed as a current factual claim; retained for audit trace.,,2026-08-12T14:49:47+00:00
shimadzu-nexera-qx-2020,Historical product catalog,Product comparator / historical catalog,Shimadzu Nexera QX Multiplex LC-MS/MS System introduced in 2020.,https://www.ssi.shimadzu.com/news/2020/shimadzu-launches-new-Ultra-Fast-Nexera-QX-Multiplex-LC-MS/MS-System.html,New Ultra-Fast Nexera QX Multiplex LC-MS/MS System Multiplies Sample Throughput to Maximize Productivity : Shimadzu,Verified,No longer displayed as a current factual claim; retained for audit trace.,,2026-08-12T14:49:47+00:00
shimadzu-nexera-prep-2021,Historical product catalog,Product comparator / historical catalog,Shimadzu Nexera Prep Preparative LC introduced in 2021.,https://www.shimadzu.com/an/products/liquid-chromatography/hplc-system/nexera-prep/index.html,Nexera Prep : SHIMADZU (Shimadzu Corporation) Global Analytical and Measuring Instruments About Shimadzu Contact Search,Partially supported,"No longer displayed as a current factual claim; retained for audit trace. Product identity is supported, but the introduction year was not found in the fetched source.",,2026-08-12T14:49:47+00:00
shimadzu-nexera-fv-2021,Historical product catalog,Product comparator / historical catalog,Shimadzu Nexera FV Ultra-Fast LC-MS/MS System introduced in 2021.,https://www.shimadzu.com/an/products/liquid-chromatography/hplc-system/nexera-fv/index.html,Nexera FV : SHIMADZU (Shimadzu Corporation) Global Analytical and Measuring Instruments About Shimadzu Contact Search,Partially supported,"No longer displayed as a current factual claim; retained for audit trace. Product identity is supported, but the introduction year was not found in the fetched source.",,2026-08-12T14:49:47+00:00
shimadzu-nexera-xs-inert-2022,Historical product catalog,Product comparator / historical catalog,Shimadzu Nexera XS inert UHPLC introduced in 2022.,https://www.shimadzu.com/news/xsysh4059sd7e93d.html,ADZU CORPORATION : Expanding Market Share in the Pharma/Biopharma Market with New LC Release of,Verified,No longer displayed as a current factual claim; retained for audit trace.,,2026-08-12T14:49:47+00:00
shimadzu-lcms-2050-2022,Historical product catalog,Product comparator / historical catalog,Shimadzu LCMS-2050 Single Quadrupole introduced in 2022.,https://www.shimadzu.com/news/2022.html,2022 | NEWS | SHIMADZU CORPORATION CONTACT US GLOBAL LINKS CONTACT US GLOBAL LINKS NEWS,Partially supported,"No longer displayed as a current factual claim; retained for audit trace. Product identity is supported, but the introduction year was not found in the fetched source.",,2026-08-12T14:49:47+00:00
shimadzu-lcms-9050-2022,Historical product catalog,Product comparator / historical catalog,Shimadzu LCMS-9050 Q-TOF introduced in 2022.,https://www.ssi.shimadzu.com/news/2022-12-05-new-q-tof-lcms-9050.html,"New Q-TOF LCMS-9050 Delivers Exceptional Mass Accuracy and Fast, Stable Polarity Switching : Shimadzu Scientific",Verified,No longer displayed as a current factual claim; retained for audit trace.,,2026-08-12T14:49:47+00:00
thermo-q-exactive-2011,Historical product catalog,Product comparator / historical catalog,Thermo Fisher Q Exactive Orbitrap Mass Spectrometer introduced in 2011.,https://ir.thermofisher.com/investors/news-events/news/news-details/2011/Thermo-Fisher-Scientific-Launches-New-Cutting-Edge-Mass-Spectrometry-Instruments-at-ASMS-2011-2011-6-6/default.aspx,fic Inc. - Thermo Fisher Scientific Launches New Cutting-Edge Mass Spectrometry Instruments at ASMS 2011,UNREACHABLE,HTTP response contains an access-control or bot-challenge page,Major,2026-08-12T14:49:47+00:00
thermo-orbitrap-elite-2011,Historical product catalog,Product comparator / historical catalog,Thermo Fisher Orbitrap Elite Mass Spectrometer introduced in 2011.,https://ir.thermofisher.com/investors/news-events/news/news-details/2011/Thermo-Fisher-Scientific-Launches-New-Cutting-Edge-Mass-Spectrometry-Instruments-at-ASMS-2011-2011-6-6/default.aspx,fic Inc. - Thermo Fisher Scientific Launches New Cutting-Edge Mass Spectrometry Instruments at ASMS 2011,UNREACHABLE,HTTP response contains an access-control or bot-challenge page,Major,2026-08-12T14:49:47+00:00
thermo-dionex-ics-4000-2012,Historical product catalog,Product comparator / historical catalog,Thermo Fisher Dionex ICS-4000 Capillary HPIC System introduced in 2012.,https://india.newsroom.thermofisher.com/press-releases?item=122743,"Thermo Fisher Scientific Launches Integrated Capillary High-Pressure Ion Chromatography System- March 12, 2012 Thermo Fisher",Verified,No longer displayed as a current factual claim; retained for audit trace.,,2026-08-12T14:49:47+00:00
thermo-vanquish-horizon-2014,Historical product catalog,Product comparator / historical catalog,Thermo Fisher Vanquish Horizon UHPLC introduced in 2014.,https://documents.thermofisher.com/TFS-Assets/CMD/brochures/in-73065-vanquish-uhplc-platform-in73065-en.pdf,,UNREACHABLE,No longer displayed as a current factual claim; retained for audit trace. Primary source could not be fetched or extracted.,,2026-08-12T14:49:47+00:00
thermo-q-exactive-hf-2014,Historical product catalog,Product comparator / historical catalog,Thermo Fisher Q Exactive HF Orbitrap Mass Spectrometer introduced in 2014.,https://ir.thermofisher.com/investors/news-events/news/news-details/2014/Thermo-Fisher-Scientific-Strengthens-its-Industry-Leading-Mass-Spectrometry-Portfolio-at-ASMS-2014-2014-6-16/default.aspx,nc. - Thermo Fisher Scientific Strengthens its Industry-Leading Mass Spectrometry Portfolio at ASMS 2014 Skip,UNREACHABLE,HTTP response contains an access-control or bot-challenge page,Major,2026-08-12T14:49:47+00:00
thermo-vanquish-cad-2015,Historical product catalog,Product comparator / historical catalog,Thermo Fisher Vanquish Charged Aerosol Detector introduced in 2015.,https://documents.thermofisher.com/TFS-Assets/CMD/brochures/in-73065-vanquish-uhplc-platform-in73065-en.pdf,,UNREACHABLE,No longer displayed as a current factual claim; retained for audit trace. Primary source could not be fetched or extracted.,,2026-08-12T14:49:47+00:00
thermo-q-exactive-focus-2015,Historical product catalog,Product comparator / historical catalog,Thermo Fisher Q Exactive Focus Orbitrap Mass Spectrometer introduced in 2015.,https://ir.thermofisher.com/investors/news-events/news/news-details/2015/Thermo-Fisher-Scientific-Strengthens-Technology-Leadership-in-Applied-Markets-at-Pittcon-2015-2015-3-9/default.aspx,fic Inc. - Thermo Fisher Scientific Strengthens Technology Leadership in Applied Markets at Pittcon 2015,UNREACHABLE,HTTP response contains an access-control or bot-challenge page,Major,2026-08-12T14:49:47+00:00
thermo-vanquish-flex-2016,Historical product catalog,Product comparator / historical catalog,Thermo Fisher Vanquish Flex UHPLC introduced in 2016.,https://ir.thermofisher.com/investors/news-events/news/news-details/2016/Thermo-Fisher-Scientific-Strengthens-Life-Sciences-Leadership-with-New-Instruments-Launched-at-ASMS-2016-2016-6-6/default.aspx,Thermo Fisher Scientific Strengthens Life Sciences Leadership with New Instruments Launched at ASMS 2016 Skip,UNREACHABLE,HTTP response contains an access-control or bot-challenge page,Major,2026-08-12T14:49:47+00:00
thermo-dionex-integrion-2016,Historical product catalog,Product comparator / historical catalog,Thermo Fisher Dionex Integrion HPIC System introduced in 2016.,https://india.newsroom.thermofisher.com/press-releases?item=122601,timedia External Recognitions Contact India PR Press Releases New High-Pressure Ion Chromatography (HPIC) System Delivers,Verified,No longer displayed as a current factual claim; retained for audit trace.,,2026-08-12T14:49:47+00:00
thermo-q-exactive-biopharma-2016,Historical product catalog,Product comparator / historical catalog,Thermo Fisher Q Exactive BioPharma Mass Spectrometer introduced in 2016.,https://ir.thermofisher.com/investors/news-events/news/news-details/2016/Thermo-Fisher-Scientific-Strengthens-Life-Sciences-Leadership-with-New-Instruments-Launched-at-ASMS-2016-2016-6-6/default.aspx,Thermo Fisher Scientific Strengthens Life Sciences Leadership with New Instruments Launched at ASMS 2016 Skip,UNREACHABLE,HTTP response contains an access-control or bot-challenge page,Major,2026-08-12T14:49:47+00:00
thermo-q-exactive-hfx-2017,Historical product catalog,Product comparator / historical catalog,Thermo Fisher Q Exactive HF-X Orbitrap Mass Spectrometer introduced in 2017.,https://ir.thermofisher.com/investors/news-events/news/news-details/2017/Thermo-Fisher-Scientific-Raises-the-Bar-in-Mass-Spectrometry-Innovation-at-ASMS-2017-2017-6-5/default.aspx,r Scientific Inc. - Thermo Fisher Scientific Raises the Bar in Mass Spectrometry Innovation at,UNREACHABLE,HTTP response contains an access-control or bot-challenge page,Major,2026-08-12T14:49:47+00:00
thermo-tsq-altis-2017,Historical product catalog,Product comparator / historical catalog,Thermo Fisher TSQ Altis Triple Quadrupole Mass Spectrometer introduced in 2017.,https://ir.thermofisher.com/investors/news-events/news/news-details/2017/Thermo-Fisher-Scientific-Raises-the-Bar-in-Mass-Spectrometry-Innovation-at-ASMS-2017-2017-6-5/default.aspx,r Scientific Inc. - Thermo Fisher Scientific Raises the Bar in Mass Spectrometry Innovation at,UNREACHABLE,HTTP response contains an access-control or bot-challenge page,Major,2026-08-12T14:49:47+00:00
thermo-tsq-quantis-2017,Historical product catalog,Product comparator / historical catalog,Thermo Fisher TSQ Quantis Triple Quadrupole Mass Spectrometer introduced in 2017.,https://ir.thermofisher.com/investors/news-events/news/news-details/2017/Thermo-Fisher-Scientific-Raises-the-Bar-in-Mass-Spectrometry-Innovation-at-ASMS-2017-2017-6-5/default.aspx,r Scientific Inc. - Thermo Fisher Scientific Raises the Bar in Mass Spectrometry Innovation at,UNREACHABLE,HTTP response contains an access-control or bot-challenge page,Major,2026-08-12T14:49:47+00:00
thermo-vanquish-duo-2018,Historical product catalog,Product comparator / historical catalog,Thermo Fisher Vanquish Duo UHPLC introduced in 2018.,https://ir.thermofisher.com/investors/news-events/news/news-details/2018/Thermo-Fisher-Scientific-Reports-First-Quarter-2018-Results-2018-4-25/default.aspx,Thermo Fisher Scientific Inc. - Thermo Fisher Scientific Reports First Quarter 2018 Results Skip to,Verified,No longer displayed as a current factual claim; retained for audit trace.,,2026-08-12T14:49:47+00:00
thermo-dionex-ics-6000-2018,Historical product catalog,Product comparator / historical catalog,Thermo Fisher Dionex ICS-6000 HPIC System introduced in 2018.,https://india.newsroom.thermofisher.com/press-releases?item=123138,"New High Pressure Ion Chromatography System Designed to Deliver Heightened Performance - Feb 27, 2018",Verified,No longer displayed as a current factual claim; retained for audit trace.,,2026-08-12T14:49:47+00:00
thermo-q-exactive-uhmr-2018,Historical product catalog,Product comparator / historical catalog,Thermo Fisher Q Exactive UHMR Orbitrap Mass Spectrometer introduced in 2018.,https://ir.thermofisher.com/investors/news-events/news/news-details/2018/Thermo-Fisher-Scientific-Shows-Newest-Mass-Spectrometry-Innovations-at-ASMS-2018-2018-6-4/default.aspx,isher Scientific Inc. - Thermo Fisher Scientific Shows Newest Mass Spectrometry Innovations at ASMS 2018,UNREACHABLE,HTTP response contains an access-control or bot-challenge page,Major,2026-08-12T14:49:47+00:00
thermo-orbitrap-exploris-480-2019,Historical product catalog,Product comparator / historical catalog,Thermo Fisher Orbitrap Exploris 480 Mass Spectrometer introduced in 2019.,https://ir.thermofisher.com/investors/news-events/news/news-details/2019/Thermo-Fisher-Scientific-Extends-Industry-leading-Mass-Spectrometry-Portfolio-with-a-New-Generation-of-Intelligence-Driven-Instruments-and-Software-2019-6-3/default.aspx,"pectrometry Portfolio with a New Generation of Intelligence-Driven Instruments and Software June 3, 2019 Innovative",Verified,No longer displayed as a current factual claim; retained for audit trace.,,2026-08-12T14:49:47+00:00
thermo-orbitrap-eclipse-2019,Historical product catalog,Product comparator / historical catalog,Thermo Fisher Orbitrap Eclipse Tribrid Mass Spectrometer introduced in 2019.,https://ir.thermofisher.com/investors/news-events/news/news-details/2019/Thermo-Fisher-Scientific-Extends-Industry-leading-Mass-Spectrometry-Portfolio-with-a-New-Generation-of-Intelligence-Driven-Instruments-and-Software-2019-6-3/default.aspx,"pectrometry Portfolio with a New Generation of Intelligence-Driven Instruments and Software June 3, 2019 Innovative",Verified,No longer displayed as a current factual claim; retained for audit trace.,,2026-08-12T14:49:47+00:00
thermo-vanquish-core-2020,Historical product catalog,Product comparator / historical catalog,Thermo Fisher Vanquish Core HPLC introduced in 2020.,https://india.newsroom.thermofisher.com/2020-04-22-Thermo-Fisher-Scientific-Reports-First-Quarter-2020-Results,"Thermo Fisher Scientific Reports First Quarter 2020 Results - Apr 22, 2020 Thermo Fisher Scientific",Verified,No longer displayed as a current factual claim; retained for audit trace.,,2026-08-12T14:49:47+00:00
thermo-orbitrap-exploris-120-2020,Historical product catalog,Product comparator / historical catalog,Thermo Fisher Orbitrap Exploris 120 Mass Spectrometer introduced in 2020.,https://ir.thermofisher.com/investors/news-events/news/news-details/2020/Thermo-Fisher-Scientific-to-Showcase-New-Mass-Spectrometry-Systems-and-Software-During-Virtual-ASMS-Event-2020-5-27/default.aspx,"Scientific to Showcase New Mass Spectrometry Systems and Software During Virtual ASMS Event May 27,",Verified,No longer displayed as a current factual claim; retained for audit trace.,,2026-08-12T14:49:47+00:00
thermo-orbitrap-exploris-240-2020,Historical product catalog,Product comparator / historical catalog,Thermo Fisher Orbitrap Exploris 240 Mass Spectrometer introduced in 2020.,https://ir.thermofisher.com/investors/news-events/news/news-details/2020/Thermo-Fisher-Scientific-to-Showcase-New-Mass-Spectrometry-Systems-and-Software-During-Virtual-ASMS-Event-2020-5-27/default.aspx,"Scientific to Showcase New Mass Spectrometry Systems and Software During Virtual ASMS Event May 27,",Verified,No longer displayed as a current factual claim; retained for audit trace.,,2026-08-12T14:49:47+00:00
thermo-vanquish-neo-2021,Historical product catalog,Product comparator / historical catalog,Thermo Fisher Vanquish Neo UHPLC introduced in 2021.,https://ir.thermofisher.com/investors/news-events/news/news-details/2021/Thermo-Fisher-Scientific-Reports-Third-Quarter-2021-Results/,Thermo Fisher Scientific Inc. - Thermo Fisher Scientific Reports Third Quarter 2021 Results Skip to,Verified,No longer displayed as a current factual claim; retained for audit trace.,,2026-08-12T14:49:47+00:00
thermo-tsq-plus-2021,Historical product catalog,Product comparator / historical catalog,Thermo Fisher TSQ Altis Plus and TSQ Quantis Plus introduced in 2021.,https://ir.thermofisher.com/investors/news-events/news/news-details/2021/Thermo-Fisher-Scientific-Reports-Third-Quarter-2021-Results/,Thermo Fisher Scientific Inc. - Thermo Fisher Scientific Reports Third Quarter 2021 Results Skip to,Partially supported,"No longer displayed as a current factual claim; retained for audit trace. Product identity is supported, but the introduction year was not found in the fetched source.",,2026-08-12T14:49:47+00:00
thermo-orbitrap-exploris-mx-2021,Historical product catalog,Product comparator / historical catalog,Thermo Fisher Orbitrap Exploris MX Mass Detector introduced in 2021.,https://ir.thermofisher.com/investors/news-events/news/news-details/2022/Thermo-Fisher-Scientific-Reports-Fourth-Quarter-and-Full-Year-2021-Results/default.aspx,Thermo Fisher Scientific Inc. - Thermo Fisher Scientific Reports Fourth Quarter and Full Year 2021,Verified,No longer displayed as a current factual claim; retained for audit trace.,,2026-08-12T14:49:47+00:00
thermo-orbitrap-ascend-2022,Historical product catalog,Product comparator / historical catalog,Thermo Fisher Orbitrap Ascend Tribrid Mass Spectrometer introduced in 2022.,https://ir.thermofisher.com/investors/news-events/news/news-details/2022/Thermo-Fisher-Scientific-Reports-Third-Quarter-2022-Results/default.aspx,Thermo Fisher Scientific Inc. - Thermo Fisher Scientific Reports Third Quarter 2022 Results Skip to,Verified,No longer displayed as a current factual claim; retained for audit trace.,,2026-08-12T14:49:47+00:00
thermo-orbitrap-astral-2023,Historical product catalog,Product comparator / historical catalog,Thermo Fisher Orbitrap Astral Mass Spectrometer introduced in 2023.,https://ir.thermofisher.com/investors/news-events/news/news-details/2023/Thermo-Fisher-Scientific-Introduces-Groundbreaking-Mass-Spectrometer-to-Revolutionize-Biological-Discovery/default.aspx,"cientific Introduces Groundbreaking Mass Spectrometer to Revolutionize Biological Discovery June 5, 2023 Thermo Scientific Orbitrap",UNREACHABLE,HTTP response contains an access-control or bot-challenge page,Major,2026-08-12T14:49:47+00:00
thermo-stellar-2024,Historical product catalog,Product comparator / historical catalog,Thermo Fisher Stellar Mass Spectrometer introduced in 2024.,https://ir.thermofisher.com/investors/news-events/news/news-details/2024/Thermo-Fisher-Scientific-Introduces-Innovative-Mass-Spectrometer-to-Advance-Clinical-Research/default.aspx,"ermo Fisher Scientific Introduces Innovative Mass Spectrometer to Advance Clinical Research June 3, 2024 The",UNREACHABLE,HTTP response contains an access-control or bot-challenge page,Major,2026-08-12T14:49:47+00:00
thermo-orbitrap-tribrid-apex-2026,Historical product catalog,Product comparator / historical catalog,Thermo Fisher Orbitrap Tribrid Apex Mass Spectrometer introduced in 2026.,https://ir.thermofisher.com/investors/news-events/news/news-details/2026/Thermo-Fisher-Scientific-Unveils-Next-generation-Innovations-at-ASMS-2026-to-Accelerate-the-Path-from-Drug-Discovery-to-New-Therapies/default.aspx,hermo Fisher Scientific Inc. - Thermo Fisher Scientific Unveils Next-generation Innovations at ASMS 2026 to,UNREACHABLE,HTTP response contains an access-control or bot-challenge page,Major,2026-08-12T14:49:47+00:00
thermo-orbitrap-excedion-2026,Historical product catalog,Product comparator / historical catalog,Thermo Fisher Orbitrap Excedion Pro Mass Spectrometer introduced in 2026.,https://ir.thermofisher.com/investors/news-events/news/news-details/2026/Thermo-Fisher-Scientific-Unveils-Next-generation-Innovations-at-ASMS-2026-to-Accelerate-the-Path-from-Drug-Discovery-to-New-Therapies/default.aspx,hermo Fisher Scientific Inc. - Thermo Fisher Scientific Unveils Next-generation Innovations at ASMS 2026 to,UNREACHABLE,HTTP response contains an access-control or bot-challenge page,Major,2026-08-12T14:49:47+00:00
sciex-api-4000-2001,Historical product catalog,Product comparator / historical catalog,SCIEX API 4000 LC-MS/MS System introduced in 2001.,https://sciex.com/content/dam/SCIEX/pdf/flyers/cn/sciex-ms-product-roadmap-zh.pdf,,UNREACHABLE,No longer displayed as a current factual claim; retained for audit trace. Primary source could not be fetched or extracted.,,2026-08-12T14:49:47+00:00
sciex-qtrap-2002,Historical product catalog,Product comparator / historical catalog,SCIEX QTRAP Linear Ion Trap Platform introduced in 2002.,https://sciex.com/content/dam/SCIEX/pdf/flyers/cn/sciex-ms-product-roadmap-zh.pdf,,UNREACHABLE,No longer displayed as a current factual claim; retained for audit trace. Primary source could not be fetched or extracted.,,2026-08-12T14:49:47+00:00
sciex-api-5000-2005,Historical product catalog,Product comparator / historical catalog,SCIEX API 5000 LC-MS/MS System introduced in 2005.,https://sciex.com/content/dam/SCIEX/pdf/flyers/cn/sciex-ms-product-roadmap-zh.pdf,,UNREACHABLE,No longer displayed as a current factual claim; retained for audit trace. Primary source could not be fetched or extracted.,,2026-08-12T14:49:47+00:00
sciex-tripletof-5600-2010,Historical product catalog,Product comparator / historical catalog,SCIEX TripleTOF 5600 System introduced in 2010.,https://sciex.com/about-us/press-releases/2010,2010 Press Releases :true: Search Close search Open menu Close menu Login Create an account,Verified,No longer displayed as a current factual claim; retained for audit trace.,,2026-08-12T14:49:47+00:00
sciex-6500-series-2012,Historical product catalog,Product comparator / historical catalog,SCIEX 6500 Series LC-MS/MS Systems introduced in 2012.,https://sciex.com/br/about-us/press-releases/2012/6500-series,"para obter mais informações, demonstrações e suporte Fechar navegação Home Sobre nós Press Releases 2012",Verified,No longer displayed as a current factual claim; retained for audit trace.,,2026-08-12T14:49:47+00:00
sciex-4500-series-2012,Historical product catalog,Product comparator / historical catalog,SCIEX 4500 Series LC-MS/MS Systems introduced in 2012.,https://sciex.com/content/dam/SCIEX/pdf/flyers/cn/sciex-ms-product-roadmap-zh.pdf,,UNREACHABLE,No longer displayed as a current factual claim; retained for audit trace. Primary source could not be fetched or extracted.,,2026-08-12T14:49:47+00:00
sciex-tripletof-5600-plus-2013,Historical product catalog,Product comparator / historical catalog,SCIEX TripleTOF 5600+ System introduced in 2013.,https://sciex.com/content/dam/SCIEX/pdf/flyers/cn/sciex-ms-product-roadmap-zh.pdf,,UNREACHABLE,No longer displayed as a current factual claim; retained for audit trace. Primary source could not be fetched or extracted.,,2026-08-12T14:49:47+00:00
sciex-triple-quad-3500-2014,Historical product catalog,Product comparator / historical catalog,SCIEX Triple Quad 3500 System introduced in 2014.,https://sciex.com/about-us/press-releases/2014,2014 Press Releases :true: Search Close search Open menu Close menu Login Create an account,Verified,No longer displayed as a current factual claim; retained for audit trace.,,2026-08-12T14:49:47+00:00
sciex-tripletof-6600-2014,Historical product catalog,Product comparator / historical catalog,SCIEX TripleTOF 6600 System introduced in 2014.,https://sciex.com/about-us/press-releases/2014,2014 Press Releases :true: Search Close search Open menu Close menu Login Create an account,Verified,No longer displayed as a current factual claim; retained for audit trace.,,2026-08-12T14:49:47+00:00
sciex-x500r-2015,Historical product catalog,Product comparator / historical catalog,SCIEX X500R QTOF System introduced in 2015.,https://sciex.com/about-us/press-releases/2015/sciex-launches-brand-new-high-resolution-mass-spec-system-designed-exclusively-for-routine-testing-use,n-demand On-demand North America Europe View all on-demand Close navigation About Us Press Releases 2015,Verified,No longer displayed as a current factual claim; retained for audit trace.,,2026-08-12T14:49:47+00:00
sciex-qtrap-6500-plus-2016,Historical product catalog,Product comparator / historical catalog,SCIEX QTRAP 6500+ System introduced in 2016.,https://sciex.com/content/dam/SCIEX/pdf/flyers/cn/sciex-ms-product-roadmap-zh.pdf,,UNREACHABLE,No longer displayed as a current factual claim; retained for audit trace. Primary source could not be fetched or extracted.,,2026-08-12T14:49:47+00:00
sciex-5500-plus-2019,Historical product catalog,Product comparator / historical catalog,SCIEX 5500+ System introduced in 2019.,https://sciex.com/about-us/press-releases/2019,2019 :true: Search Close search Open menu Close menu Login Create an account Already have,Verified,No longer displayed as a current factual claim; retained for audit trace.,,2026-08-12T14:49:47+00:00
sciex-tripletof-6600-plus-2019,Historical product catalog,Product comparator / historical catalog,SCIEX TripleTOF 6600+ System introduced in 2019.,https://sciex.com/about-us/press-releases/2019,2019 :true: Search Close search Open menu Close menu Login Create an account Already have,Verified,No longer displayed as a current factual claim; retained for audit trace.,,2026-08-12T14:49:47+00:00
sciex-echo-ms-2020,Historical product catalog,Product comparator / historical catalog,SCIEX Echo MS System introduced in 2020.,https://sciex.com/about-us/press-releases/2020,2020 :true: Search Close search Open menu Close menu Login Create an account Already have,Verified,No longer displayed as a current factual claim; retained for audit trace.,,2026-08-12T14:49:47+00:00
sciex-7500-2020,Historical product catalog,Product comparator / historical catalog,SCIEX SCIEX 7500 System introduced in 2020.,https://sciex.com/about-us/press-releases/2020,2020 :true: Search Close search Open menu Close menu Login Create an account Already have,Verified,No longer displayed as a current factual claim; retained for audit trace.,,2026-08-12T14:49:47+00:00
sciex-os-2020,Historical product catalog,Product comparator / historical catalog,SCIEX SCIEX OS Software Platform introduced in 2020.,https://sciex.com/about-us/press-releases/2020,2020 :true: Search Close search Open menu Close menu Login Create an account Already have,Verified,No longer displayed as a current factual claim; retained for audit trace.,,2026-08-12T14:49:47+00:00
perkinelmer-series-200-2001,Historical product catalog,Product comparator / historical catalog,PerkinElmer Series 200 HPLC introduced in 2001.,https://www.perkinelmer.com/lab-products-and-services/resources/chromatography-data-systems.html,2.0.0.1 fixes the problem of peaks being flagged as overrange on the AutoSystem XL GC,Verified,No longer displayed as a current factual claim; retained for audit trace.,,2026-08-12T14:49:47+00:00
perkinelmer-flexar-hplc-2010,Historical product catalog,Product comparator / historical catalog,PerkinElmer Flexar HPLC introduced in 2010.,https://www.perkinelmer.com/au/library/app-rapid-uhplc-determination-of-nine-common-herbicides-in-drinking-water.html,Rapid UHPLC Determination of Nine Common Herbicides in Drinking Water with the PerkinElmer Flexar FX,Partially supported,"No longer displayed as a current factual claim; retained for audit trace. Product identity is supported, but the introduction year was not found in the fetched source.",,2026-08-12T14:49:47+00:00
perkinelmer-flexar-fx10-2010,Historical product catalog,Product comparator / historical catalog,PerkinElmer Flexar FX-10 UHPLC introduced in 2010.,https://www.perkinelmer.com/au/library/app-rapid-uhplc-determination-of-nine-common-herbicides-in-drinking-water.html,Rapid UHPLC Determination of Nine Common Herbicides in Drinking Water with the PerkinElmer Flexar FX,Partially supported,"No longer displayed as a current factual claim; retained for audit trace. Product identity is supported, but the introduction year was not found in the fetched source.",,2026-08-12T14:49:47+00:00
perkinelmer-flexar-fx15-2010,Historical product catalog,Product comparator / historical catalog,PerkinElmer Flexar FX-15 UHPLC introduced in 2010.,https://www.perkinelmer.com/au/library/app-rapid-uhplc-determination-of-nine-common-herbicides-in-drinking-water.html,Rapid UHPLC Determination of Nine Common Herbicides in Drinking Water with the PerkinElmer Flexar FX,Partially supported,"No longer displayed as a current factual claim; retained for audit trace. Product identity is supported, but the introduction year was not found in the fetched source.",,2026-08-12T14:49:47+00:00
perkinelmer-qsight-110-2017,Historical product catalog,Product comparator / historical catalog,PerkinElmer QSight 110 Triple Quadrupole LC-MS/MS introduced in 2017.,https://shop.perkinelmer.com/product/BC003382,,UNREACHABLE,HTTP response contains an access-control or bot-challenge page,Major,2026-08-12T14:49:47+00:00
perkinelmer-qsight-210-2017,Historical product catalog,Product comparator / historical catalog,PerkinElmer QSight 210 Triple Quadrupole LC-MS/MS introduced in 2017.,https://shop.perkinelmer.com/product/BC003382,,UNREACHABLE,HTTP response contains an access-control or bot-challenge page,Major,2026-08-12T14:49:47+00:00
perkinelmer-qsight-220-2017,Historical product catalog,Product comparator / historical catalog,PerkinElmer QSight 220 Triple Quadrupole LC-MS/MS introduced in 2017.,https://shop.perkinelmer.com/product/BC003382,,UNREACHABLE,HTTP response contains an access-control or bot-challenge page,Major,2026-08-12T14:49:47+00:00
perkinelmer-qsight-420-2017,Historical product catalog,Product comparator / historical catalog,PerkinElmer QSight 420 Triple Quadrupole LC-MS/MS introduced in 2017.,https://shop.perkinelmer.com/product/BC003382,,UNREACHABLE,HTTP response contains an access-control or bot-challenge page,Major,2026-08-12T14:49:47+00:00
perkinelmer-lc-300-hplc-2021,Historical product catalog,Product comparator / historical catalog,PerkinElmer LC 300 HPLC introduced in 2021.,https://www.perkinelmer.com/au/newsletter/environmental-april,Environmental Newsletter April 2021 Edition | PerkinElmer Skip to main content Header Menu Buy Request,Verified,No longer displayed as a current factual claim; retained for audit trace.,,2026-08-12T14:49:47+00:00
perkinelmer-lc-300-uhplc-2021,Historical product catalog,Product comparator / historical catalog,PerkinElmer LC 300 UHPLC introduced in 2021.,https://www.perkinelmer.com/au/newsletter/environmental-april,Environmental Newsletter April 2021 Edition | PerkinElmer Skip to main content Header Menu Buy Request,Verified,No longer displayed as a current factual claim; retained for audit trace.,,2026-08-12T14:49:47+00:00
perkinelmer-qsight-500-2025,Historical product catalog,Product comparator / historical catalog,PerkinElmer QSight 500 LC-MS/MS introduced in 2025.,https://www.perkinelmer.com/perkinelmer-launches-qsightr-500-lcmsms-pittcon-2025-empowering-labs-speed-accuracy-and-unmatched,PerkinElmer Launches the QSight® 500 LC/MS/MS at Pittcon 2025 Skip to main content Header Menu,Verified,No longer displayed as a current factual claim; retained for audit trace.,,2026-08-12T14:49:47+00:00
waters-alliance-2690-1996,Historical product catalog,Product comparator / historical catalog,Waters Alliance 2690 HPLC System introduced in 1996.,https://www.waters.com/nextgen/is/en/about-waters.html,,UNREACHABLE,HTTP response contains an access-control or bot-challenge page,Major,2026-08-12T14:49:47+00:00
waters-quattro-premier-2003,Historical product catalog,Product comparator / historical catalog,Waters Quattro Premier Tandem Quadrupole introduced in 2003.,https://www.sec.gov/Archives/edgar/data/1000697/000095013504001254/b48994wce10vk.htm,,UNREACHABLE,Current automated retrieval is blocked or challenged.,Major,2026-08-12T14:49:47+00:00
waters-lct-premier-2003,Historical product catalog,Product comparator / historical catalog,Waters LCT Premier TOF Mass Spectrometer introduced in 2003.,https://www.sec.gov/Archives/edgar/data/1000697/000095013504001254/b48994wce10vk.htm,,UNREACHABLE,Current automated retrieval is blocked or challenged.,Major,2026-08-12T14:49:47+00:00
waters-acquity-uplc-2004,Historical product catalog,Product comparator / historical catalog,Waters ACQUITY UPLC System introduced in 2004.,https://www.waters.com/nextgen/us/en/products/chromatography.html,,UNREACHABLE,HTTP response contains an access-control or bot-challenge page,Major,2026-08-12T14:49:47+00:00
waters-qtof-premier-2004,Historical product catalog,Product comparator / historical catalog,Waters Q-Tof Premier Mass Spectrometer introduced in 2004.,https://www.sec.gov/Archives/edgar/data/1000697/000095013505001421/b53305wce10vk.htm,,UNREACHABLE,Current automated retrieval is blocked or challenged.,Major,2026-08-12T14:49:47+00:00
waters-sqd-2006,Historical product catalog,Product comparator / historical catalog,Waters SQ Detector introduced in 2006.,https://www.sec.gov/Archives/edgar/data/1000697/000095013507001300/b63656wce10vk.htm,,UNREACHABLE,Current automated retrieval is blocked or challenged.,Major,2026-08-12T14:49:47+00:00
waters-tqd-2006,Historical product catalog,Product comparator / historical catalog,Waters TQ Detector introduced in 2006.,https://www.sec.gov/Archives/edgar/data/1000697/000095013507001300/b63656wce10vk.htm,,UNREACHABLE,Current automated retrieval is blocked or challenged.,Major,2026-08-12T14:49:47+00:00
waters-synapt-hdms-2006,Historical product catalog,Product comparator / historical catalog,Waters SYNAPT HDMS System introduced in 2006.,https://www.sec.gov/Archives/edgar/data/1000697/000095013507001300/b63656wce10vk.htm,,UNREACHABLE,Current automated retrieval is blocked or challenged.,Major,2026-08-12T14:49:47+00:00
waters-synapt-ms-2008,Historical product catalog,Product comparator / historical catalog,Waters SYNAPT MS System introduced in 2008.,https://www.sec.gov/Archives/edgar/data/1000697/000095013509001331/b72903wce10vk.htm,,UNREACHABLE,Current automated retrieval is blocked or challenged.,Major,2026-08-12T14:49:47+00:00
waters-xevo-qtof-2008,Historical product catalog,Product comparator / historical catalog,Waters Xevo Q-Tof Mass Spectrometer introduced in 2008.,https://www.sec.gov/Archives/edgar/data/1000697/000095013509001331/b72903wce10vk.htm,,UNREACHABLE,Current automated retrieval is blocked or challenged.,Major,2026-08-12T14:49:47+00:00
waters-synapt-g2-hdms-2009,Historical product catalog,Product comparator / historical catalog,Waters SYNAPT G2 HDMS System introduced in 2009.,https://www.sec.gov/Archives/edgar/data/1000697/000095013509001331/b72903wce10vk.htm,,UNREACHABLE,Current automated retrieval is blocked or challenged.,Major,2026-08-12T14:49:47+00:00
waters-acquity-h-class-2010,Historical product catalog,Product comparator / historical catalog,Waters ACQUITY UPLC H-Class System introduced in 2010.,https://www.sec.gov/Archives/edgar/data/1000697/000119312512077126/d274872d10k.htm,,UNREACHABLE,Current automated retrieval is blocked or challenged.,Major,2026-08-12T14:49:47+00:00
waters-xevo-tqs-2010,Historical product catalog,Product comparator / historical catalog,Waters Xevo TQ-S Mass Spectrometer introduced in 2010.,https://www.sec.gov/Archives/edgar/data/1000697/000119312512077126/d274872d10k.htm,,UNREACHABLE,Current automated retrieval is blocked or challenged.,Major,2026-08-12T14:49:47+00:00
waters-xevo-g2-qtof-2010,Historical product catalog,Product comparator / historical catalog,Waters Xevo G2 Q-Tof Mass Spectrometer introduced in 2010.,https://www.sec.gov/Archives/edgar/data/1000697/000119312512077126/d274872d10k.htm,,UNREACHABLE,Current automated retrieval is blocked or challenged.,Major,2026-08-12T14:49:47+00:00
waters-synapt-g2s-hdms-2011,Historical product catalog,Product comparator / historical catalog,Waters SYNAPT G2-S HDMS System introduced in 2011.,https://www.sec.gov/Archives/edgar/data/1000697/000119312512077126/d274872d10k.htm,,UNREACHABLE,Current automated retrieval is blocked or challenged.,Major,2026-08-12T14:49:47+00:00
waters-xevo-g2s-qtof-2012,Historical product catalog,Product comparator / historical catalog,Waters Xevo G2-S QTof Mass Spectrometer introduced in 2012.,https://www.sec.gov/Archives/edgar/data/1000697/000119312514072515/d644127d10k.htm,,UNREACHABLE,Current automated retrieval is blocked or challenged.,Major,2026-08-12T14:49:47+00:00
waters-xevo-g2s-tof-2012,Historical product catalog,Product comparator / historical catalog,Waters Xevo G2-S Tof Mass Spectrometer introduced in 2012.,https://www.sec.gov/Archives/edgar/data/1000697/000119312514072515/d644127d10k.htm,,UNREACHABLE,Current automated retrieval is blocked or challenged.,Major,2026-08-12T14:49:47+00:00
waters-acquity-upc2-2013,Historical product catalog,Product comparator / historical catalog,Waters ACQUITY UPC2 System introduced in 2013.,https://www.sec.gov/Archives/edgar/data/1000697/000119312514072515/d644127d10k.htm,,UNREACHABLE,Current automated retrieval is blocked or challenged.,Major,2026-08-12T14:49:47+00:00
waters-acquity-apc-2013,Historical product catalog,Product comparator / historical catalog,Waters ACQUITY Advanced Polymer Chromatography System introduced in 2013.,https://www.sec.gov/Archives/edgar/data/1000697/000119312514072515/d644127d10k.htm,,UNREACHABLE,Current automated retrieval is blocked or challenged.,Major,2026-08-12T14:49:47+00:00
waters-acquity-qda-2013,Historical product catalog,Product comparator / historical catalog,Waters ACQUITY QDa Mass Detector introduced in 2013.,https://ir.waters.com/News--Events/newsroom/news-details/2024/Waters-ACQUITY-QDa-II-Mass-Detector-Delivers-Wider-Range-of-Chemical-Analysis-within-Cost-Effective-Lower-Energy-Instrument/default.aspx,"Waters ACQUITY QDa II Mass Detector Delivers Wider Range of Chemical Analysis within Cost-Effective, Lower",UNREACHABLE,HTTP response contains an access-control or bot-challenge page,Major,2026-08-12T14:49:47+00:00
waters-acquity-mclass-2014,Historical product catalog,Product comparator / historical catalog,Waters ACQUITY UPLC M-Class System introduced in 2014.,https://www.sec.gov/Archives/edgar/data/1000697/000119312515067900/d849246d10k.htm,,UNREACHABLE,Current automated retrieval is blocked or challenged.,Major,2026-08-12T14:49:47+00:00
waters-ionkey-ms-2014,Historical product catalog,Product comparator / historical catalog,Waters ionKey/MS System introduced in 2014.,https://www.sec.gov/Archives/edgar/data/1000697/000119312516480594/d108530d10k.htm,,UNREACHABLE,Current automated retrieval is blocked or challenged.,Major,2026-08-12T14:49:47+00:00
waters-xevo-g2xs-qtof-2014,Historical product catalog,Product comparator / historical catalog,Waters Xevo G2-XS QTof Mass Spectrometer introduced in 2014.,https://www.sec.gov/Archives/edgar/data/1000697/000119312516480594/d108530d10k.htm,,UNREACHABLE,Current automated retrieval is blocked or challenged.,Major,2026-08-12T14:49:47+00:00
waters-xevo-tqs-micro-2014,Historical product catalog,Product comparator / historical catalog,Waters Xevo TQ-S micro Mass Spectrometer introduced in 2014.,https://www.sec.gov/Archives/edgar/data/1000697/000119312516480594/d108530d10k.htm,,UNREACHABLE,Current automated retrieval is blocked or challenged.,Major,2026-08-12T14:49:47+00:00
waters-acquity-arc-2015,Historical product catalog,Product comparator / historical catalog,Waters ACQUITY Arc System introduced in 2015.,https://ir.waters.com/News--Events/newsroom/news-details/2015/Waters-Introduces-the-New-ACQUITY-Arc-System-Designed-as-a-Bridge-between-HPLC-and-UPLC-Methods/default.aspx,"Waters Introduces the New ACQUITY Arc System, Designed as a Bridge between HPLC and UPLC",UNREACHABLE,HTTP response contains an access-control or bot-challenge page,Major,2026-08-12T14:49:47+00:00
waters-vion-ims-qtof-2015,Historical product catalog,Product comparator / historical catalog,Waters Vion IMS QTof Mass Spectrometer introduced in 2015.,https://www.sec.gov/Archives/edgar/data/1000697/000119312517056239/d268303d10k.htm,,UNREACHABLE,Current automated retrieval is blocked or challenged.,Major,2026-08-12T14:49:47+00:00
waters-xevo-tqxs-2016,Historical product catalog,Product comparator / historical catalog,Waters Xevo TQ-XS Mass Spectrometer introduced in 2016.,https://www.sec.gov/Archives/edgar/data/1000697/000119312517056239/d268303d10k.htm,,UNREACHABLE,Current automated retrieval is blocked or challenged.,Major,2026-08-12T14:49:47+00:00
waters-acquity-arc-bio-2018,Historical product catalog,Product comparator / historical catalog,Waters ACQUITY Arc Bio System introduced in 2018.,https://www.sec.gov/Archives/edgar/data/1000697/000119312524094009/d691142dars.pdf,,UNREACHABLE,Current automated retrieval is blocked or challenged.,Major,2026-08-12T14:49:47+00:00
waters-acquity-hclass-plus-2018,Historical product catalog,Product comparator / historical catalog,Waters ACQUITY UPLC H-Class PLUS System introduced in 2018.,https://www.sec.gov/Archives/edgar/data/1000697/000119312524094009/d691142dars.pdf,,UNREACHABLE,Current automated retrieval is blocked or challenged.,Major,2026-08-12T14:49:47+00:00
waters-acquity-hclass-plus-bio-2018,Historical product catalog,Product comparator / historical catalog,Waters ACQUITY UPLC H-Class PLUS Bio System introduced in 2018.,https://www.sec.gov/Archives/edgar/data/1000697/000119312524094009/d691142dars.pdf,,UNREACHABLE,Current automated retrieval is blocked or challenged.,Major,2026-08-12T14:49:47+00:00
waters-bioaccord-2019,Historical product catalog,Product comparator / historical catalog,Waters BioAccord LC-MS System introduced in 2019.,https://www.sec.gov/Archives/edgar/data/1000697/000119312524094009/d691142dars.pdf,,UNREACHABLE,Current automated retrieval is blocked or challenged.,Major,2026-08-12T14:49:47+00:00
waters-select-cyclic-ims-2019,Historical product catalog,Product comparator / historical catalog,Waters SELECT SERIES Cyclic IMS introduced in 2019.,https://www.sec.gov/Archives/edgar/data/1000697/000119312524094009/d691142dars.pdf,,UNREACHABLE,Current automated retrieval is blocked or challenged.,Major,2026-08-12T14:49:47+00:00
waters-synapt-xs-2019,Historical product catalog,Product comparator / historical catalog,Waters SYNAPT XS Mass Spectrometer introduced in 2019.,https://www.sec.gov/Archives/edgar/data/1000697/000119312524094009/d691142dars.pdf,,UNREACHABLE,Current automated retrieval is blocked or challenged.,Major,2026-08-12T14:49:47+00:00
waters-xevo-tqs-cronos-2019,Historical product catalog,Product comparator / historical catalog,Waters Xevo TQ-S cronos Mass Spectrometer introduced in 2019.,https://www.sec.gov/Archives/edgar/data/1000697/000119312524094009/d691142dars.pdf,,UNREACHABLE,Current automated retrieval is blocked or challenged.,Major,2026-08-12T14:49:47+00:00
waters-waters-connect-2019,Historical product catalog,Product comparator / historical catalog,Waters waters_connect Software Platform introduced in 2019.,https://www.sec.gov/Archives/edgar/data/1000697/000119312524094009/d691142dars.pdf,,UNREACHABLE,Current automated retrieval is blocked or challenged.,Major,2026-08-12T14:49:47+00:00
waters-radian-asap-2020,Historical product catalog,Product comparator / historical catalog,Waters Radian ASAP Mass Detector introduced in 2020.,https://www.sec.gov/Archives/edgar/data/1000697/000119312524094009/d691142dars.pdf,,UNREACHABLE,Current automated retrieval is blocked or challenged.,Major,2026-08-12T14:49:47+00:00
waters-arc-premier-2021,Historical product catalog,Product comparator / historical catalog,Waters Arc Premier System introduced in 2021.,https://ir.waters.com/News--Events/newsroom/news-details/2021/Waters-Arc-Premier-System-Delivers-Increased-Precision-and-Certainty-in-Chromatographic-Results/default.aspx,Waters Arc Premier System Delivers Increased Precision and Certainty in Chromatographic Results - Waters Skip,UNREACHABLE,HTTP response contains an access-control or bot-challenge page,Major,2026-08-12T14:49:47+00:00
waters-acquity-rda-2021,Historical product catalog,Product comparator / historical catalog,Waters ACQUITY RDa Detector introduced in 2021.,https://www.sec.gov/Archives/edgar/data/1000697/000119312524094009/d691142dars.pdf,,UNREACHABLE,Current automated retrieval is blocked or challenged.,Major,2026-08-12T14:49:47+00:00
waters-xevo-g3-qtof-2022,Historical product catalog,Product comparator / historical catalog,Waters Xevo G3 QTof Mass Spectrometer introduced in 2022.,https://www.sec.gov/Archives/edgar/data/1000697/000119312524094009/d691142dars.pdf,,UNREACHABLE,Current automated retrieval is blocked or challenged.,Major,2026-08-12T14:49:47+00:00
waters-xevo-tq-absolute-ivd-2023,Historical product catalog,Product comparator / historical catalog,Waters Xevo TQ Absolute IVD System introduced in 2023.,https://www.sec.gov/Archives/edgar/data/1000697/000119312524094009/d691142dars.pdf,,UNREACHABLE,Current automated retrieval is blocked or challenged.,Major,2026-08-12T14:49:47+00:00
waters-alliance-is-bio-2024,Historical product catalog,Product comparator / historical catalog,Waters Alliance iS Bio HPLC System introduced in 2024.,https://ir.waters.com/News--Events/newsroom/news-details/2024/Waters-Launches-Alliance-iS-Bio-HPLC-System-to-Help-Biopharma-QC-Labs-Increase-Efficiency-and-Reduce-Errors/default.aspx,Waters Launches Alliance iS Bio HPLC System to Help Biopharma QC Labs Increase Efficiency and,UNREACHABLE,HTTP response contains an access-control or bot-challenge page,Major,2026-08-12T14:49:47+00:00
waters-acquity-qda-ii-2024,Historical product catalog,Product comparator / historical catalog,Waters ACQUITY QDa II Mass Detector introduced in 2024.,https://ir.waters.com/News--Events/newsroom/news-details/2024/Waters-ACQUITY-QDa-II-Mass-Detector-Delivers-Wider-Range-of-Chemical-Analysis-within-Cost-Effective-Lower-Energy-Instrument/default.aspx,"Waters ACQUITY QDa II Mass Detector Delivers Wider Range of Chemical Analysis within Cost-Effective, Lower",UNREACHABLE,HTTP response contains an access-control or bot-challenge page,Major,2026-08-12T14:49:47+00:00
waters-xevo-mrt-2024,Historical product catalog,Product comparator / historical catalog,Waters Xevo MRT Mass Spectrometer introduced in 2024.,https://ir.waters.com/News--Events/newsroom/news-details/2024/Waters-Sets-New-Standards-for-High-Resolution-Performance-and-Speed-with-Xevo-MRT-Mass-Spectrometer/default.aspx,Waters Sets New Standards for High Resolution Performance and Speed with Xevo MRT Mass Spectrometer,UNREACHABLE,HTTP response contains an access-control or bot-challenge page,Major,2026-08-12T14:49:47+00:00
waters-xevo-tq-absolute-xr-2025,Historical product catalog,Product comparator / historical catalog,Waters Xevo TQ Absolute XR Mass Spectrometer introduced in 2025.,https://ir.waters.com/News--Events/newsroom/news-details/2025/Waters-Sets-a-New-Benchmark-for-Robustness-and-Sensitivity-for-High-Throughput-Labs-with-the-Xevo-TQ-Absolute-XR-Mass-Spectrometer/default.aspx,Waters Sets a New Benchmark for Robustness and Sensitivity for High-Throughput Labs with the Xevo,UNREACHABLE,HTTP response contains an access-control or bot-challenge page,Major,2026-08-12T14:49:47+00:00
waters-xevo-cdms-2025,Historical product catalog,Product comparator / historical catalog,Waters Xevo Charge Detection Mass Spectrometer introduced in 2025.,https://www.sec.gov/Archives/edgar/data/1000697/000119312526062604/d778470d10k.htm,,UNREACHABLE,Current automated retrieval is blocked or challenged.,Major,2026-08-12T14:49:47+00:00
agilent-1290-infinity-iii-fld-2026-row-1,Technical comparison,Engineering / technical comparator,"Comparable detector configuration: Agilent positions the 1290 Infinity III FLD as a fluorescence detector for UHPLC workflows and for standalone or in-line use with LC/MS. Waters: Waters specifies the ACQUITY UPLC FLR Detector for ACQUITY UPLC I-Class PLUS, H-Class PLUS, and Premier systems.",https://www.agilent.com/en/product/liquid-chromatography/hplc-components-accessories/hplc-detectors/1290-fluorescence-detector; https://www.waters.com/content/dam/waters/en/library/specifications/2020/waters-specification-ACQUITYUPLCFLRDetectorspecifications-720001985.pdf,,UNREACHABLE,No longer displayed as a current factual claim; retained for audit trace. At least one of the two primary comparison sources returned a blocking/4xx response.,,2026-08-12T14:49:47+00:00
agilent-1290-infinity-iii-fld-2026-row-2,Technical comparison,Engineering / technical comparator,"Raman sensitivity (published S/N): Agilent specifies Raman S/N above 2,500 and Raman S/N versus dark above 30,000 for the 1290 Infinity III FLD. Waters: Waters specifies Raman S/N above 1,000 for the ACQUITY UPLC FLR Detector.",https://www.agilent.com/cs/library/usermanuals/public/G7123-Fluorescence-Detector-UseMa-en-D0129488.pdf; https://www.waters.com/content/dam/waters/en/library/specifications/2020/waters-specification-ACQUITYUPLCFLRDetectorspecifications-720001985.pdf,,UNREACHABLE,No longer displayed as a current factual claim; retained for audit trace. At least one of the two primary comparison sources returned a blocking/4xx response.,,2026-08-12T14:49:47+00:00
agilent-1290-infinity-iii-fld-2026-row-3,Technical comparison,Engineering / technical comparator,Maximum acquisition rate: Agilent specifies a maximum data rate of 160 Hz for the 1290 Infinity III FLD. Waters: Waters specifies data acquisition up to 80 Hz for the ACQUITY UPLC FLR Detector.,https://www.agilent.com/cs/library/usermanuals/public/G7123-Fluorescence-Detector-UseMa-en-D0129488.pdf; https://www.waters.com/content/dam/waters/en/library/specifications/2020/waters-specification-ACQUITYUPLCFLRDetectorspecifications-720001985.pdf,,UNREACHABLE,No longer displayed as a current factual claim; retained for audit trace. At least one of the two primary comparison sources returned a blocking/4xx response.,,2026-08-12T14:49:47+00:00
agilent-1290-infinity-iii-fld-2026-row-4,Technical comparison,Engineering / technical comparator,Flow-cell volume: Agilent offers 2 µL and 13 µL flow cells for the 1290 Infinity III FLD. Waters: Waters specifies a flow-cell volume below 2 µL for the ACQUITY UPLC FLR Detector.,https://www.agilent.com/cs/library/usermanuals/public/G7123-Fluorescence-Detector-UseMa-en-D0129488.pdf; https://www.waters.com/content/dam/waters/en/library/specifications/2020/waters-specification-ACQUITYUPLCFLRDetectorspecifications-720001985.pdf,,UNREACHABLE,No longer displayed as a current factual claim; retained for audit trace. At least one of the two primary comparison sources returned a blocking/4xx response.,,2026-08-12T14:49:47+00:00
agilent-1290-infinity-iii-fld-2026-row-5,Technical comparison,Engineering / technical comparator,"Wavelength coverage: Agilent specifies a settable excitation/emission range of 200–1,200 nm and a spectral scan range of 200–800 nm. Waters: Waters specifies 200–890 nm excitation and 210–900 nm emission ranges.",https://www.agilent.com/cs/library/usermanuals/public/G7123-Fluorescence-Detector-UseMa-en-D0129488.pdf; https://www.waters.com/content/dam/waters/en/library/specifications/2020/waters-specification-ACQUITYUPLCFLRDetectorspecifications-720001985.pdf,,UNREACHABLE,No longer displayed as a current factual claim; retained for audit trace. At least one of the two primary comparison sources returned a blocking/4xx response.,,2026-08-12T14:49:47+00:00
agilent-1290-infinity-iii-fld-2026-row-6,Technical comparison,Engineering / technical comparator,Wavelength accuracy / repeatability: Agilent specifies ±3.0 nm wavelength accuracy and ±0.2 nm wavelength precision. Waters: Waters specifies ±3 nm wavelength accuracy and ±0.25 nm wavelength repeatability.,https://www.agilent.com/cs/library/usermanuals/public/G7123-Fluorescence-Detector-UseMa-en-D0129488.pdf; https://www.waters.com/content/dam/waters/en/library/specifications/2020/waters-specification-ACQUITYUPLCFLRDetectorspecifications-720001985.pdf,,UNREACHABLE,No longer displayed as a current factual claim; retained for audit trace. At least one of the two primary comparison sources returned a blocking/4xx response.,,2026-08-12T14:49:47+00:00
agilent-1290-infinity-iii-fld-2026-row-7,Technical comparison,Engineering / technical comparator,Flow-cell pressure limit: Agilent specifies a 60 bar (6 MPa) maximum pressure for the 1290 Infinity III FLD flow cell. Waters: Waters specifies a 500 psi (34 bar) pressure limit for the ACQUITY UPLC FLR Detector flow cell.,https://www.agilent.com/cs/library/usermanuals/public/G7123-Fluorescence-Detector-UseMa-en-D0129488.pdf; https://www.waters.com/content/dam/waters/en/library/specifications/2020/waters-specification-ACQUITYUPLCFLRDetectorspecifications-720001985.pdf,,UNREACHABLE,No longer displayed as a current factual claim; retained for audit trace. At least one of the two primary comparison sources returned a blocking/4xx response.,,2026-08-12T14:49:47+00:00
agilent-1290-infinity-iii-fld-2026-row-8,Technical comparison,Engineering / technical comparator,"Published pH range: Agilent specifies a pH range of 1.0–12.5 for the 1290 Infinity III FLD, solvent dependent. Waters: Waters specifies a pH range of 1–12.5 for the ACQUITY UPLC I-Class PLUS System.",https://www.agilent.com/cs/library/usermanuals/public/G7123-Fluorescence-Detector-UseMa-en-D0129488.pdf; https://www.waters.com/nextgen/us/en/products/chromatography/chromatography-systems/acquity-uplc-i-class-plus-system.html,,UNREACHABLE,No longer displayed as a current factual claim; retained for audit trace. At least one of the two primary comparison sources returned a blocking/4xx response.,,2026-08-12T14:49:47+00:00
agilent-1290-infinity-iii-2024-row-1,Technical comparison,Engineering / technical comparator,"System / gradient dwell (delay) volume: Agilent publishes a pump delay volume as low as 10 µL, but total configured system dwell volume is not stated on the reviewed product page. Waters: Waters describes ACQUITY Premier as low-dispersion, but a directly comparable total configured dwell-volume value is not stated on the reviewed public page.",https://www.agilent.com/en/product/liquid-chromatography/hplc-components-accessories/hplc-pumps/1290-high-speed-pump; https://www.waters.com/nextgen/en/products/chromatography/chromatography-systems/acquity-premier-system.html,,UNREACHABLE,No longer displayed as a current factual claim; retained for audit trace. At least one of the two primary comparison sources returned a blocking/4xx response.,,2026-08-12T14:49:47+00:00
agilent-1290-infinity-iii-2024-row-2,Technical comparison,Engineering / technical comparator,"Extra-column dispersion / band broadening: Agilent claims low dispersion for the 1290 Infinity III, but the reviewed primary source does not publish a common-condition variance or peak-width result for the complete configuration. Waters: Waters claims low dispersion for ACQUITY Premier, but the reviewed primary source does not publish a result under the same tubing, detector cell, column, and method conditions.",https://www.agilent.com/en/product/liquid-chromatography/hplc-systems/analytical-hplc-systems/1290-lc-system; https://www.waters.com/nextgen/en/products/chromatography/chromatography-systems/acquity-premier-system.html,,UNREACHABLE,No longer displayed as a current factual claim; retained for audit trace. At least one of the two primary comparison sources returned a blocking/4xx response.,,2026-08-12T14:49:47+00:00
agilent-1290-infinity-iii-2024-row-3,Technical comparison,Engineering / technical comparator,"Injection precision (%RSD): The 1290 Infinity III Hybrid Multisampler manual specifies less than 0.15% RSD, or SD below 20 nL, whichever is greater, using caffeine and the stated solvent conditions. Waters: A directly comparable ACQUITY Premier injection-precision value under the same injection volume, analyte, and detector conditions was not found in the reviewed public primary source.",https://www.agilent.com/cs/library/usermanuals/public/InfinityLab-Hybrid-Multisamplers-UseMa-en-D0029905.pdf; https://www.waters.com/nextgen/en/products/chromatography/chromatography-systems/acquity-premier-system.html,,UNREACHABLE,No longer displayed as a current factual claim; retained for audit trace. At least one of the two primary comparison sources returned a blocking/4xx response.,,2026-08-12T14:49:47+00:00
agilent-1290-infinity-iii-2024-row-4,Technical comparison,Engineering / technical comparator,Carryover on a shared sticky-analyte method: Agilent publishes less than 9 ppm for a challenging compound with the 1290 Infinity III Multisampler multiwash configuration. Waters: Waters publishes sample carryover at or below 0.002% using caffeine under UV conditions for ACQUITY Premier.,https://www.agilent.com/en/products/liquid-chromatography/infinitylab-lc-series-modules/lc-injection-systems/1290-infinity-ii-multisampler; https://www.waters.com/nextgen/en/products/chromatography/chromatography-systems/acquity-premier-system.html,,UNREACHABLE,No longer displayed as a current factual claim; retained for audit trace. At least one of the two primary comparison sources returned a blocking/4xx response.,,2026-08-12T14:49:47+00:00
agilent-1290-infinity-iii-2024-row-5,Technical comparison,Engineering / technical comparator,Column plate efficiency (plates/m): No shared-method plates-per-meter result is published for a named Agilent reference column on the selected 1290 configuration. Waters: No shared-method plates-per-meter result is published for a matched Waters reference column on the selected ACQUITY Premier configuration.,https://www.agilent.com/store/en_US/Prod-959758-902/959758-902; https://www.waters.com/nextgen/us/en/shop/columns/176000864-acquity-uplc-beh-c18-column-130a-17--m-21-mm-x-100-mm-3-pk.html,,UNREACHABLE,No longer displayed as a current factual claim; retained for audit trace. At least one of the two primary comparison sources returned a blocking/4xx response.,,2026-08-12T14:49:47+00:00
agilent-1290-infinity-iii-2024-row-6,Technical comparison,Engineering / technical comparator,"Particle and bonding technology: A reference ZORBAX RRHD Eclipse Plus C18 column is 1.8 µm fully porous silica with double endcapping, 95 Å pores, and C18 bonding. Waters: A reference ACQUITY UPLC BEH C18 column is 1.7 µm fully porous hybrid BEH material with trifunctional C18 bonding, endcapping, and 130 Å pores.",https://www.agilent.com/store/en_US/Prod-959758-902/959758-902; https://www.waters.com/nextgen/us/en/shop/columns/176000864-acquity-uplc-beh-c18-column-130a-17--m-21-mm-x-100-mm-3-pk.html,,UNREACHABLE,No longer displayed as a current factual claim; retained for audit trace. At least one of the two primary comparison sources returned a blocking/4xx response.,,2026-08-12T14:49:47+00:00
agilent-1290-infinity-iii-2024-row-7,Technical comparison,Engineering / technical comparator,"Column batch-to-batch reproducibility: Agilent publishes lot-to-lot reproducibility claims for its column portfolio, but no common multi-lot dataset is loaded for the selected paired chemistry and target method. Waters: Waters publishes batch-to-batch reproducibility claims for ACQUITY UPLC columns, but no common multi-lot dataset is loaded for the selected paired chemistry and target method.",https://www.agilent.com/en/product/small-molecule-columns/reversed-phase-hplc-columns/infinitylab-poroshell-120; https://www.waters.com/nextgen/us/en/products/columns/acquity-uplc-columns.html,,UNREACHABLE,No longer displayed as a current factual claim; retained for audit trace. At least one of the two primary comparison sources returned a blocking/4xx response.,,2026-08-12T14:49:47+00:00
agilent-1290-infinity-iii-2024-row-8,Technical comparison,Engineering / technical comparator,USP L-column class: The selected ZORBAX RRHD Eclipse Plus C18 reference column is listed as USP L1. Waters: The selected ACQUITY UPLC BEH C18 reference column is listed as USP L1.,https://www.agilent.com/store/en_US/Prod-959758-902/959758-902; https://www.waters.com/nextgen/us/en/shop/columns/176000864-acquity-uplc-beh-c18-column-130a-17--m-21-mm-x-100-mm-3-pk.html,,UNREACHABLE,No longer displayed as a current factual claim; retained for audit trace. At least one of the two primary comparison sources returned a blocking/4xx response.,,2026-08-12T14:49:47+00:00
shimadzu-nexera-x4-2026-row-1,Technical comparison,Engineering / technical comparator,"System / gradient dwell (delay) volume: The reviewed Nexera X4 primary source describes high-speed, high-precision gradients but does not publish a total configured dwell-volume value. Waters: Waters describes I-Class PLUS as having ultra-low delay volume, but the reviewed public product page does not state a directly comparable total configured value.",https://www.ssi.shimadzu.com/products/liquid-chromatography/hplcuhplc/nexera-x4/spec.html; https://www.waters.com/nextgen/us/en/products/chromatography/chromatography-systems/acquity-uplc-i-class-plus-system.html,,UNREACHABLE,No longer displayed as a current factual claim; retained for audit trace. At least one of the two primary comparison sources returned a blocking/4xx response.,,2026-08-12T14:49:47+00:00
shimadzu-nexera-x4-2026-row-2,Technical comparison,Engineering / technical comparator,"Extra-column dispersion / band broadening: Shimadzu states that Nexflow minimizes extra-column band broadening, but no common-condition system-variance result is published in the reviewed source. Waters: Waters claims industry-leading ultra-low dispersion, but no result under the same tubing, detector cell, column, and method conditions is published in the reviewed source.",https://www.ssi.shimadzu.com/products/liquid-chromatography/hplcuhplc/nexera-x4/spec.html; https://www.waters.com/nextgen/us/en/products/chromatography/chromatography-systems/acquity-uplc-i-class-plus-system.html,,UNREACHABLE,No longer displayed as a current factual claim; retained for audit trace. At least one of the two primary comparison sources returned a blocking/4xx response.,,2026-08-12T14:49:47+00:00
shimadzu-nexera-x4-2026-row-3,Technical comparison,Engineering / technical comparator,"Injection precision (%RSD): Shimadzu publishes injection-volume reproducibility from at or below 1.0% RSD at 0.5-0.9 µL to at or below 0.15% RSD above 5.0 µL, under specified conditions. Waters: Waters publishes I-Class PLUS injection accuracy at or below 0.25% RSD, but the public support article does not establish the same injection-volume bands and test conditions as Shimadzu.",https://www.ssi.shimadzu.com/products/liquid-chromatography/hplcuhplc/nexera-x4/spec.html; https://support.waters.com/KB_Inst/Chromatography/WKB97891_Are_there_any_differences_in_the_specifications_of_ACQUITY_UPLC_I-Class_and_I-Class_PLUS,Nexera X4 Ultra High-Performance Liquid Chromatograph - Specs : Shimadzu Scientific Instruments,Verified,No longer displayed as a current factual claim; retained for audit trace.,,2026-08-12T14:49:47+00:00
shimadzu-nexera-x4-2026-row-4,Technical comparison,Engineering / technical comparator,"Carryover on a shared sticky-analyte method: Shimadzu publishes at or below 0.0010% without rinse and typically at or below 0.0003% with rinse, under specified conditions. Waters: Waters publishes carryover below 0.001% for I-Class PLUS, using its own test conditions.",https://www.ssi.shimadzu.com/products/liquid-chromatography/hplcuhplc/nexera-x4/spec.html; https://support.waters.com/KB_Inst/Chromatography/WKB97891_Are_there_any_differences_in_the_specifications_of_ACQUITY_UPLC_I-Class_and_I-Class_PLUS,Nexera X4 Ultra High-Performance Liquid Chromatograph - Specs : Shimadzu Scientific Instruments,Verified,No longer displayed as a current factual claim; retained for audit trace.,,2026-08-12T14:49:47+00:00
shimadzu-nexera-x4-2026-row-5,Technical comparison,Engineering / technical comparator,"Column plate efficiency (plates/m): Shimadzu publishes application-specific plate counts for Velox C18, but no shared plates-per-meter result is loaded for a matched Nexera X4 method and column geometry. Waters: No shared plates-per-meter result is loaded for the matched ACQUITY UPLC BEH C18 geometry and method.",https://www.shimadzu.com/an/products/liquid-chromatography/hplc-consumables/velox/shim-pack-velox-c18/index.html; https://www.waters.com/nextgen/us/en/shop/columns/176000864-acquity-uplc-beh-c18-column-130a-17--m-21-mm-x-100-mm-3-pk.html,,UNREACHABLE,No longer displayed as a current factual claim; retained for audit trace. At least one of the two primary comparison sources returned a blocking/4xx response.,,2026-08-12T14:49:47+00:00
shimadzu-nexera-x4-2026-row-6,Technical comparison,Engineering / technical comparator,"Particle and bonding technology: A reference Shim-pack Velox C18 uses superficially porous particles, C18 bonding, endcapping, 90 Å pores, and is available in 1.8, 2.7, and 5 µm sizes. Waters: A reference ACQUITY UPLC BEH C18 uses 1.7 µm fully porous hybrid BEH particles, trifunctional C18 bonding, endcapping, and 130 Å pores.",https://www.shimadzu.com/an/products/liquid-chromatography/hplc-consumables/velox/shim-pack-velox-lc-columns/features.html; https://www.waters.com/nextgen/us/en/shop/columns/176000864-acquity-uplc-beh-c18-column-130a-17--m-21-mm-x-100-mm-3-pk.html,,UNREACHABLE,No longer displayed as a current factual claim; retained for audit trace. At least one of the two primary comparison sources returned a blocking/4xx response.,,2026-08-12T14:49:47+00:00
shimadzu-nexera-x4-2026-row-7,Technical comparison,Engineering / technical comparator,"Column batch-to-batch reproducibility: Shimadzu publishes a five-lot reproducibility example for a Velox Biphenyl method, not the selected C18 transfer method. Waters: Waters publishes batch-to-batch reproducibility claims for ACQUITY UPLC columns, but no common multi-lot dataset is loaded for the selected paired C18 method.",https://www.shimadzu.com/an/sites/shimadzu.com.an/files/pim/pim_document_file/brochures/10609/c190-e219.pdf; https://www.waters.com/nextgen/us/en/products/columns/acquity-uplc-columns.html,,UNREACHABLE,No longer displayed as a current factual claim; retained for audit trace. At least one of the two primary comparison sources returned a blocking/4xx response.,,2026-08-12T14:49:47+00:00
shimadzu-nexera-x4-2026-row-8,Technical comparison,Engineering / technical comparator,USP L-column class: The selected Shim-pack Velox C18 reference chemistry is listed as USP L1. Waters: The selected ACQUITY UPLC BEH C18 reference chemistry is listed as USP L1.,https://www.shimadzu.com/an/products/liquid-chromatography/hplc-consumables/velox/shim-pack-velox-lc-columns/features.html; https://www.waters.com/nextgen/us/en/shop/columns/176000864-acquity-uplc-beh-c18-column-130a-17--m-21-mm-x-100-mm-3-pk.html,,UNREACHABLE,No longer displayed as a current factual claim; retained for audit trace. At least one of the two primary comparison sources returned a blocking/4xx response.,,2026-08-12T14:49:47+00:00
agilent-6230c-lctof-2026-row-1,Technical comparison,Engineering / technical comparator,"Sensitivity / LOQ on a shared method: Agilent publishes low-picogram on-column sensitivity and installation specifications for reserpine, not an LOQ from a shared BioAccord MAM method. Waters: Waters publishes application-specific BioAccord sensitivity and MAM performance, but not an LOQ from the same sample preparation, LC method, acquisition, and processing rules as Agilent.",https://www.agilent.com/en/product/liquid-chromatography-mass-spectrometry-lc-ms/lc-ms-instruments/time-of-flight-lc-ms/6230-time-of-flight-tof-lc-ms; https://www.waters.com/nextgen/tw/zh/library/application-notes/2021/the-bioaccord-system-with-acquity-premier-for-improved-peptide-cqa-monitoring.html,,UNREACHABLE,No longer displayed as a current factual claim; retained for audit trace. At least one of the two primary comparison sources returned a blocking/4xx response.,,2026-08-12T14:49:47+00:00
agilent-6230c-lctof-2026-row-2,Technical comparison,Engineering / technical comparator,Polarity-switching speed: Agilent publishes a 2 Hz polarity-switching duty cycle for the 6230C. Waters: A directly comparable BioAccord polarity-switching speed was not found in the reviewed public primary source.,https://www.agilent.com/en/product/liquid-chromatography-mass-spectrometry-lc-ms/lc-ms-instruments/time-of-flight-lc-ms/6230-time-of-flight-tof-lc-ms; https://www.waters.com/nextgen/us/en/products/mass-spectrometry/mass-spectrometry-systems/bioaccord-lc-ms-system.html,,UNREACHABLE,No longer displayed as a current factual claim; retained for audit trace. At least one of the two primary comparison sources returned a blocking/4xx response.,,2026-08-12T14:49:47+00:00
agilent-6230c-lctof-2026-row-3,Technical comparison,Engineering / technical comparator,"Dwell allocation / points across peak at large MRM panels: The 6230C is a full-scan TOF, so transition dwell allocation is not a directly applicable MRM metric; it publishes acquisition up to 30 spectra/second. Waters: BioAccord is also a full-scan accurate-mass workflow rather than a triple-quadrupole MRM platform; a directly comparable large-panel MRM value is not applicable.",https://www.agilent.com/en/product/liquid-chromatography-mass-spectrometry-lc-ms/lc-ms-instruments/time-of-flight-lc-ms/6230-time-of-flight-tof-lc-ms; https://www.waters.com/nextgen/us/en/products/mass-spectrometry/mass-spectrometry-systems/bioaccord-lc-ms-system.html,,UNREACHABLE,No longer displayed as a current factual claim; retained for audit trace. At least one of the two primary comparison sources returned a blocking/4xx response.,,2026-08-12T14:49:47+00:00
agilent-6230c-lctof-2026-row-4,Technical comparison,Engineering / technical comparator,Cross-talk / interference rejection: A directly comparable cross-talk or interference-rejection value for the shared MAM method was not found in the reviewed Agilent primary source. Waters: A directly comparable cross-talk or interference-rejection value for the same method was not found in the reviewed Waters primary source.,https://www.agilent.com/en/product/liquid-chromatography-mass-spectrometry-lc-ms/lc-ms-instruments/time-of-flight-lc-ms/6230-time-of-flight-tof-lc-ms; https://www.waters.com/nextgen/us/en/products/mass-spectrometry/mass-spectrometry-systems/bioaccord-lc-ms-system.html,,UNREACHABLE,No longer displayed as a current factual claim; retained for audit trace. At least one of the two primary comparison sources returned a blocking/4xx response.,,2026-08-12T14:49:47+00:00
agilent-6230c-lctof-2026-row-5,Technical comparison,Engineering / technical comparator,"Linear dynamic range: Agilent publishes up to five orders of in-spectrum dynamic range for the 6230C. Waters: Waters reports three orders of linear range for a BioAccord amino-acid application, while MAM performance is application dependent; this is not the same analyte set or protocol.",https://www.agilent.com/en/product/liquid-chromatography-mass-spectrometry-lc-ms/lc-ms-instruments/time-of-flight-lc-ms/6230-time-of-flight-tof-lc-ms; https://www.waters.com/content/dam/waters/en/app-notes/2022/720007766/720007766-en.pdf,,UNREACHABLE,No longer displayed as a current factual claim; retained for audit trace. At least one of the two primary comparison sources returned a blocking/4xx response.,,2026-08-12T14:49:47+00:00
sciex-novus-v55-2026-row-1,Technical comparison,Engineering / technical comparator,"Sensitivity / LOQ on a shared method: SCIEX claims exceptional sensitivity and publishes application-specific LOQs, but no LOQ from a controlled head-to-head method against Xevo TQ Absolute is provided. Waters: Waters publishes application-specific sensitivity for Xevo TQ Absolute, but no LOQ from the same sample preparation, chromatography, transitions, calibration, and processing rules as SCIEX.",https://sciex.com/products/mass-spectrometers/triple-quad-systems/novus-v55-system; https://www.waters.com/nextgen/en/products/mass-spectrometry-systems/xevo-tq-absolute.html,,UNREACHABLE,No longer displayed as a current factual claim; retained for audit trace. At least one of the two primary comparison sources returned a blocking/4xx response.,,2026-08-12T14:49:47+00:00
sciex-novus-v55-2026-row-2,Technical comparison,Engineering / technical comparator,"Polarity-switching speed: A SCIEX technical note reports 5 ms settling time in a novus V55 pesticide method containing 1,411 positive and negative transitions. Waters: Waters operating guidance specifies a 15 ms minimum for positive/negative ESI switching and recommends at least 125 ms overall cycle time for reliable long-term use.",https://sciex.com/tech-notes/food-beverage/food-and-beverage/maximizing-throughput-with-accelerated-mrm-aemrm-novus-v55; https://help.waters.com/content/dam/waters/en/support/usermanuals/2022/715008065/715008065.pdf,,UNREACHABLE,No longer displayed as a current factual claim; retained for audit trace. At least one of the two primary comparison sources returned a blocking/4xx response.,,2026-08-12T14:49:47+00:00
sciex-novus-v55-2026-row-3,Technical comparison,Engineering / technical comparator,"Dwell allocation / points across peak at large MRM panels: SCIEX publishes up to 1,000 MRMs/second; in a pesticide method, 1 ms minimum dwell and at least 10 points across peak were maintained at 369 concurrent transitions. Waters: Waters publishes 1 ms minimum dwell and Auto-Dwell assignment of dwell, inter-channel, and inter-scan delays to target an optimal number of points across each peak; no matched maximum-panel result is published in the reviewed source.",https://sciex.com/tech-notes/food-beverage/food-and-beverage/maximizing-throughput-with-accelerated-mrm-aemrm-novus-v55; https://help.waters.com/content/dam/waters/en/support/usermanuals/2022/715008065/715008065.pdf,,UNREACHABLE,No longer displayed as a current factual claim; retained for audit trace. At least one of the two primary comparison sources returned a blocking/4xx response.,,2026-08-12T14:49:47+00:00
sciex-novus-v55-2026-row-4,Technical comparison,Engineering / technical comparator,"Cross-talk: A directly comparable cross-talk value under the shared high-concurrency panel was not found in the reviewed SCIEX primary source. Waters: A directly comparable cross-talk value under the same transitions, abundance ratios, collision conditions, and timing was not found in the reviewed Waters primary source.",https://sciex.com/products/mass-spectrometers/triple-quad-systems/novus-v55-system; https://www.waters.com/nextgen/en/products/mass-spectrometry-systems/xevo-tq-absolute.html,,UNREACHABLE,No longer displayed as a current factual claim; retained for audit trace. At least one of the two primary comparison sources returned a blocking/4xx response.,,2026-08-12T14:49:47+00:00
sciex-novus-v55-2026-row-5,Technical comparison,Engineering / technical comparator,"Linear dynamic range: A directly comparable linear dynamic range for the shared analyte panel and calibration model was not found in the reviewed SCIEX primary source. Waters: Waters publishes six orders of linear dynamic range for a specific MassTrak IVD configuration, not for the same analyte panel and method as SCIEX.",https://sciex.com/products/mass-spectrometers/triple-quad-systems/novus-v55-system; https://www.waters.com/nextgen/us/en/products/in-vitro-diagnostics-solutions/lc-ms-ms-ivd-systems-portfolio/masstrak-acquity-uplc-i-class-plus-xevo-tq-absolute-ivd-system.html,,UNREACHABLE,No longer displayed as a current factual claim; retained for audit trace. At least one of the two primary comparison sources returned a blocking/4xx response.,,2026-08-12T14:49:47+00:00
comparison-agilent-1290-infinity-iii-2024,Launch comparison,Product comparator / Engineering,"Agilent's official October 2024 release supports the automation, assistance, sample-tracking, compatibility, and sustainability claims. Waters' official ACQUITY Premier page supports MaxPeak HPS, metal-sensitive-analyte recovery, reduced passivation, repeatability, and LC-MS workflow claims. No common-condition head-to-head test is loaded.",https://www.agilent.com/cs/library/usermanuals/public/InfinityLab-Hybrid-Multisamplers-UseMa-en-D0029905.pdf; https://www.agilent.com/en/product/liquid-chromatography/hplc-components-accessories/hplc-pumps/1290-high-speed-pump; https://www.agilent.com/en/product/liquid-chromatography/hplc-systems/analytical-hplc-systems/1290-lc-system; https://www.agilent.com/en/product/small-molecule-columns/reversed-phase-hplc-columns/infinitylab-poroshell-120; https://www.agilent.com/en/products/liquid-chromatography/infinitylab-lc-series-modules/lc-injection-systems/1290-infinity-ii-multisampler; https://www.agilent.com/store/en_US/Prod-959758-902/959758-902; https://www.waters.com/nextgen/us/en/products/chromatography.html,,UNREACHABLE,No longer displayed as a current factual claim; retained for audit trace. At least one cited launch/Waters primary source could not be fetched.,,2026-08-12T14:49:47+00:00
comparison-shimadzu-nexera-x4-2026,Launch comparison,Product comparator / Engineering,"Shimadzu's newest Nexera signal creates pressure in routine UHPLC replacement and pharma QC. Treat this as a direct LC platform comparison, not a niche application signal.",https://www.shimadzu.com/an/products/liquid-chromatography/hplcuhplc/nexera-x4/index.html; https://www.shimadzu.com/news/2026/k8iri3_20_z4uvwt.html; https://www.sec.gov/Archives/edgar/data/1000697/000119312524094009/d691142dars.pdf,,UNREACHABLE,No longer displayed as a current factual claim; retained for audit trace. At least one cited launch/Waters primary source could not be fetched.,,2026-08-12T14:49:47+00:00
comparison-shimadzu-nexera-ic-2026,Launch comparison,Product comparator / Engineering,"Nexera IC is an adjacency signal. It may not attack Waters LC directly, but it can influence labs trying to consolidate environmental, food, industrial, and routine testing workflows.",https://www.shimadzu.com/an/products/liquid-chromatography/ion-chromatograph/nexera-ic/index.html; https://www.shimadzu.com/news/2026/t0best6lrz8y0uk9.html; https://ir.waters.com/News--Events/newsroom/news-details/2020/Waters-Introduces-the-New-Arc-High-Performance-Liquid-Chromatograph-to-Help-Laboratories-Meet-Quality-and-Production-Targets/default.aspx,Nexera IC Ion Chromatograph : SHIMADZU (Shimadzu Corporation),Verified,No longer displayed as a current factual claim; retained for audit trace.,,2026-08-12T14:49:47+00:00
comparison-shimadzu-pl-40-plate-loader-2026,Launch comparison,Product comparator / Engineering,Shimadzu is attaching automation to LC/LC-MS productivity. This matters because sample handling and plate logistics can become buying criteria before customers compare chromatographic performance.,https://www.shimadzu.com/an/products/liquid-chromatography/hplc-components-accessories/plate-loader/index.html; https://www.sec.gov/Archives/edgar/data/1000697/000119312524094009/d691142dars.pdf,,UNREACHABLE,No longer displayed as a current factual claim; retained for audit trace. At least one cited launch/Waters primary source could not be fetched.,,2026-08-12T14:49:47+00:00
comparison-shimadzu-labsolutions-insight-profiler-2026,Launch comparison,Product comparator / Engineering,"Shimadzu is making LC/QTOF data processing easier to explain through a named software workflow. The PM risk is that customers judge the product by end-to-end data interpretation, not only instrument capability.",https://www.shimadzu.com/an/products/software-informatics/labsolutions-series/labsolutions-insight-profiler/index.html; https://www.waters.com/nextgen/is/en/about-waters.html,,UNREACHABLE,No longer displayed as a current factual claim; retained for audit trace. At least one cited launch/Waters primary source could not be fetched.,,2026-08-12T14:49:47+00:00
comparison-shimadzu-nexera-cl-lcms-2025,Launch comparison,Product comparator / Engineering,"Nexera CL LCMS shows Shimadzu extending Nexera into clinical and biological-sample workflows. The threat is workflow specialization: maintenance, optional detection paths, and high sample counts.",https://www.shimadzu.co.jp/cl/products/nexera-lc-ms/index.html; https://www.shimadzu.com/news/2025/w40jo6pvrivu5s7v.html; https://ir.waters.com/News--Events/newsroom/news-details/2021/Waters-BioAccord-System-with-ACQUITY-Premier-Brings-Greater-Simplicity-Accuracy-and-Reproducibility-to-Multi-Attribute-Monitoring-of-Biopharmaceuticals/default.aspx,[SHIMADZU] 製品情報 - Nexera CL LCMS システム | 臨床検体検査機器 | 島津製作所,Verified,No longer displayed as a current factual claim; retained for audit trace.,,2026-08-12T14:49:47+00:00
comparison-shimadzu-labsolutions-detect-2025,Launch comparison,Product comparator / Engineering,LabSolutions Detect makes anomaly detection and chromatogram comparison part of the LC value story. This is directly relevant to pharma QC labs trying to reduce review burden.,https://www.shimadzu.com/an/products/software-informatics/labsolutions-series/labsolutions-detect/index.html; https://www.shimadzu.com/news/2025/n8e9desqymj7oa4x.html; https://www.waters.com/nextgen/is/en/about-waters.html,,UNREACHABLE,No longer displayed as a current factual claim; retained for audit trace. At least one cited launch/Waters primary source could not be fetched.,,2026-08-12T14:49:47+00:00
comparison-shimadzu-i-series-2025,Launch comparison,Product comparator / Engineering,"The i-Series refresh targets routine LC decision criteria: reliability, sustainability, lower running cost, diagnostics, maintenance reminders, and reduced downtime.",https://www.shimadzu.com/an/products/liquid-chromatography/hplcuhplc/i-series/index.html; https://www.shimadzu.com/news/2025/mpnglqbij34_zscf.html; https://ir.waters.com/News--Events/newsroom/news-details/2023/Waters-Introduces-Next-Generation-Alliance-iS-HPLC-System-Aimed-at-Reducing-Up-to-40-of-Common-Lab-Errors/default.aspx,i-Series : SHIMADZU (Shimadzu Corporation),Verified,No longer displayed as a current factual claim; retained for audit trace.,,2026-08-12T14:49:47+00:00
comparison-shimadzu-lcms-8065xe-2025,Launch comparison,Product comparator / Engineering,"LCMS-8065XE is a direct regulated quantitation and PFAS/environmental testing signal. It pressures Waters on sensitivity, productivity, and application packaging.",https://www.shimadzu.com/an/products/liquid-chromatograph-mass-spectrometry/triple-quadrupole-lc-msms/lcms-8065xe/index.html; https://www.shimadzu.com/news/2025/6n31zbu4tkmozoh2.html; https://ir.waters.com/News--Events/newsroom/news-details/2022/Waters-Introduces-Xevo-TQ-Absolute--The-Most-Sensitive-and-Compact-Benchtop-Tandem-Quadrupole-Mass-Spectrometer/default.aspx,LCMS-8065XE : SHIMADZU (Shimadzu Corporation),Verified,No longer displayed as a current factual claim; retained for audit trace.,,2026-08-12T14:49:47+00:00
comparison-agilent-1290-infinity-iii-fld-2026,Launch comparison,Product comparator / Engineering,Agilent's detector/module launch is a reminder that modular LC stack refreshes can shift perceived system freshness even without a full new LC platform.,https://www.agilent.com/en/product/liquid-chromatography/hplc-components-accessories/hplc-detectors/1290-fluorescence-detector; https://www.agilent.com/about/newsroom/presrel/2026/21may-ca26016.html; https://www.sec.gov/Archives/edgar/data/1000697/000119312524094009/d691142dars.pdf,,UNREACHABLE,No longer displayed as a current factual claim; retained for audit trace. At least one cited launch/Waters primary source could not be fetched.,,2026-08-12T14:49:47+00:00
comparison-agilent-6230c-lctof-2026,Launch comparison,Product comparator / Engineering,"Agilent is packaging LC/TOF into a MAM workflow. This competes with Waters at the workflow-offer level, not only the instrument level.",https://www.agilent.com/en/product/liquid-chromatography-mass-spectrometry-lc-ms/lc-ms-instruments/time-of-flight-lc-ms/6230-time-of-flight-tof-lc-ms; https://www.agilent.com/about/newsroom/presrel/2026/29may-ca26021.html; https://ir.waters.com/News--Events/newsroom/news-details/2021/Waters-BioAccord-System-with-ACQUITY-Premier-Brings-Greater-Simplicity-Accuracy-and-Reproducibility-to-Multi-Attribute-Monitoring-of-Biopharmaceuticals/default.aspx,,UNREACHABLE,No longer displayed as a current factual claim; retained for audit trace. At least one cited launch/Waters primary source could not be fetched.,,2026-08-12T14:49:47+00:00
comparison-sciex-novus-v55-2026,Launch comparison,Product comparator / Engineering,SCIEX is pairing hardware and software versioning. The risk is not only a system launch; it is the customer perception that software is part of the instrument value proposition.,https://sciex.com/products/mass-spectrometers/triple-quad-systems/novus-v55-system; https://sciex.com/about-us/press-releases/2026/sciex-launches-its-5th-generation-of-nominal-mass-novus-v55-system-with-sciexos-5-0-software; https://ir.waters.com/News--Events/newsroom/news-details/2022/Waters-Introduces-Xevo-TQ-Absolute--The-Most-Sensitive-and-Compact-Benchtop-Tandem-Quadrupole-Mass-Spectrometer/default.aspx,novus V55 system,Verified,No longer displayed as a current factual claim; retained for audit trace.,,2026-08-12T14:49:47+00:00
comparison-sciex-zenotof-8600-2025,Launch comparison,Product comparator / Engineering,"SCIEX is strengthening high-resolution MS depth and sensitivity. The Waters response should connect LC front end, MS platform, informatics, and biopharma/omics workflow proof.",https://sciex.com/products/mass-spectrometers/qtof-systems/8600-system; https://sciex.com/about-us/press-releases/2025/zenotof-8600-system-press-release-5-dot-27-dot-25; https://www.sec.gov/Archives/edgar/data/1000697/000119312524094009/d691142dars.pdf,,UNREACHABLE,No longer displayed as a current factual claim; retained for audit trace. At least one cited launch/Waters primary source could not be fetched.,,2026-08-12T14:49:47+00:00
comparison-sciex-zenotof-7600-plus-2024,Launch comparison,Product comparator / Engineering,SCIEX platform refresh cadence shows sustained platform development. Waters should protect installed-base confidence with a clear refresh and upgrade story.,https://sciex.com/products/mass-spectrometers/qtof-systems/7600-plus-system; https://sciex.com/about-us/press-releases/2024/sciex-launches-the-zenotof-7600-system-at-hupo-world-congress-2024-alongside-three-collaborations-to-further-proteomics-capabilities; https://www.sec.gov/Archives/edgar/data/1000697/000119312524094009/d691142dars.pdf,,UNREACHABLE,No longer displayed as a current factual claim; retained for audit trace. At least one cited launch/Waters primary source could not be fetched.,,2026-08-12T14:49:47+00:00
comparison-sciex-7500-plus-2024,Launch comparison,Product comparator / Engineering,"SCIEX continues to pressure regulated quantitation. Waters needs a tight sensitivity, robustness, uptime, and workflow confidence story.",https://sciex.com/products/mass-spectrometers/triple-quad-systems/triple-quad-7500-plus-system; https://sciex.com/about-us/press-releases/2024/sciex-7500plus-system-launches-at-asms2024; https://ir.waters.com/News--Events/newsroom/news-details/2022/Waters-Introduces-Xevo-TQ-Absolute--The-Most-Sensitive-and-Compact-Benchtop-Tandem-Quadrupole-Mass-Spectrometer/default.aspx,Triple Quad 7500 Plus System,Verified,No longer displayed as a current factual claim; retained for audit trace.,,2026-08-12T14:49:47+00:00
comparison-sciex-echo-ms-plus-2024,Launch comparison,Product comparator / Engineering,Echo MS+ is a speed and throughput signal. The Waters response should focus on where traditional LC-MS/MS remains stronger and where high-throughput sample-introduction strategy is needed.,https://sciex.com/products/integrated-solutions/echo-ms-plus; https://sciex.com/about-us/press-releases/2024/sciex-expands-high-throughput-screening-solutions-with-echo-ms-system; https://ir.waters.com/News--Events/newsroom/news-details/2022/Waters-Introduces-Xevo-TQ-Absolute--The-Most-Sensitive-and-Compact-Benchtop-Tandem-Quadrupole-Mass-Spectrometer/default.aspx,Echo® MS+ system,Verified,No longer displayed as a current factual claim; retained for audit trace.,,2026-08-12T14:49:47+00:00
comparison-sciex-zenotof-7600-2021,Launch comparison,Product comparator / Engineering,The older ZenoTOF launch matters because later refreshes show a multi-year platform development pattern.,https://sciex.com/products/mass-spectrometers/qtof-systems/zenotof-7600-system; https://sciex.com/about-us/press-releases/2021/sciex-presents-new-accurate-mass-instrument-the-zenotof-7600-system; https://www.sec.gov/Archives/edgar/data/1000697/000119312524094009/d691142dars.pdf,,UNREACHABLE,No longer displayed as a current factual claim; retained for audit trace. At least one cited launch/Waters primary source could not be fetched.,,2026-08-12T14:49:47+00:00
lcgc,Journal source,Publication intelligence / source coverage,"LCGC: ['LC', 'UHPLC', 'LC-MS', 'Method development'] Monitoring: Search articles, columns, application coverage, conference reporting, and vendor mentions.",https://www.chromatographyonline.com/,,UNREACHABLE,HTTP response contains an access-control or bot-challenge page,Major,2026-08-12T14:49:47+00:00
biopharma-international,Journal source,Publication intelligence / source coverage,"BioPharma International: ['Biopharma', 'CDMO', 'QC', 'Regulatory'] Monitoring: Monitor CMC, QC, manufacturing, regulatory, and analytical development coverage.",https://www.biopharminternational.com/,"BioPharm International - Biopharmaceutical Science, Business Insights",UNREACHABLE,HTTP response contains an access-control or bot-challenge page,Major,2026-08-12T14:49:47+00:00
separation-science,Journal source,Publication intelligence / source coverage,"Separation Science: ['LC', 'LC-MS', 'Training', 'Applications'] Monitoring: Monitor LC, LC-MS, webinars, technical articles, and vendor education content.",https://www.sepscience.com/,Premier Learning for Analytical Scientists | Separation Science | Separation Science,Partially supported,No longer displayed as a current factual claim; retained for audit trace. Homepage confirms source identity; detailed coverage and monitoring assertions are app-authored metadata.,,2026-08-12T14:49:47+00:00
labroots,Journal source,Publication intelligence / source coverage,"LabRoots: ['Academic', 'Pharma', 'Biopharma', 'Lab operations'] Monitoring: Monitor webinars, virtual events, expert talks, and community discussion themes.",https://www.labroots.com/,"Trending Science News, Webinars &amp; Virtual Events | Labroots",Partially supported,No longer displayed as a current factual claim; retained for audit trace. Homepage confirms source identity; detailed coverage and monitoring assertions are app-authored metadata.,,2026-08-12T14:49:47+00:00
lab-manager,Journal source,Publication intelligence / source coverage,"Lab Manager: ['Lab management', 'Procurement', 'Operations', 'Service'] Monitoring: Monitor purchasing, staffing, maintenance, automation, safety, sustainability, and lab operations coverage.",https://www.labmanager.com/,Run Your Lab Like a Business | Lab Manager,Partially supported,No longer displayed as a current factual claim; retained for audit trace. Homepage confirms source identity; detailed coverage and monitoring assertions are app-authored metadata.,,2026-08-12T14:49:47+00:00
pharmaceutical-online,Journal source,Publication intelligence / source coverage,"Pharmaceutical Online: ['Pharma', 'CDMO', 'Manufacturing', 'QC'] Monitoring: Monitor sponsor content, technical articles, QC/manufacturing coverage, and vendor solution narratives.",https://www.pharmaceuticalonline.com/,Pharmaceutical Manufacturing Resource,UNREACHABLE,HTTP response contains an access-control or bot-challenge page,Major,2026-08-12T14:49:47+00:00
the-analytical-scientist,Journal source,Publication intelligence / source coverage,"The Analytical Scientist: ['LC', 'LC-MS', 'Informatics', 'Automation'] Monitoring: Monitor expert interviews, trend pieces, technology commentary, and conference coverage.",https://theanalyticalscientist.com/,The Analytical Scientist | The Analytical Scientist,Partially supported,No longer displayed as a current factual claim; retained for audit trace. Homepage confirms source identity; detailed coverage and monitoring assertions are app-authored metadata.,,2026-08-12T14:49:47+00:00
european-pharmaceutical-review,Journal source,Publication intelligence / source coverage,"European Pharmaceutical Review: ['Europe', 'Pharma', 'QC', 'Regulatory'] Monitoring: Monitor analytical development, quality, regulatory, manufacturing, and European pharma coverage.",https://www.europeanpharmaceuticalreview.com/,European Pharmaceutical Review,UNREACHABLE,HTTP response contains an access-control or bot-challenge page,Major,2026-08-12T14:49:47+00:00
american-pharmaceutical-review,Journal source,Publication intelligence / source coverage,"American Pharmaceutical Review: ['North America', 'Pharma', 'QC', 'Compliance'] Monitoring: Monitor analytical development, formulation, quality, manufacturing, and vendor contributed content.",https://www.americanpharmaceuticalreview.com/,Home | American Pharmaceutical Review,Partially supported,No longer displayed as a current factual claim; retained for audit trace. Homepage confirms source identity; detailed coverage and monitoring assertions are app-authored metadata.,,2026-08-12T14:49:47+00:00
analytical-chemistry-acs,Journal source,Publication intelligence / source coverage,"Analytical Chemistry: ['LC', 'LC-MS', 'Analytical methods', 'Measurement science'] Monitoring: Collect recent DOI metadata and monitor LC, LC-MS, separation, validation, omics, environmental, food, and bioanalytical articles.",https://pubs.acs.org/journal/ancham,,UNREACHABLE,HTTP response contains an access-control or bot-challenge page,Major,2026-08-12T14:49:47+00:00
journal-of-chromatography-a,Journal source,Publication intelligence / source coverage,"Journal of Chromatography A: ['HPLC', 'UHPLC', 'Columns', 'Separation science'] Monitoring: Collect recent DOI metadata for chromatography fundamentals, columns, separations, sample preparation, detectors, and hyphenated methods.",https://www.sciencedirect.com/journal/journal-of-chromatography-a,,UNREACHABLE,Current automated retrieval is blocked or challenged.,Major,2026-08-12T14:49:47+00:00
journal-of-chromatography-b,Journal source,Publication intelligence / source coverage,"Journal of Chromatography B: ['LC-MS/MS', 'Bioanalysis', 'Clinical', 'Pharmaceutical analysis'] Monitoring: Collect recent DOI metadata for biomedical, pharmaceutical, clinical, omics, and bioanalytical separations.",https://www.sciencedirect.com/journal/journal-of-chromatography-b,,UNREACHABLE,Current automated retrieval is blocked or challenged.,Major,2026-08-12T14:49:47+00:00
jasms,Journal source,Publication intelligence / source coverage,"Journal of the American Society for Mass Spectrometry (JASMS): ['Mass spectrometry', 'LC-MS', 'Instrumentation', 'Data analysis'] Monitoring: Collect recent DOI metadata for MS instrumentation, ionization, fragmentation, quantitation, informatics, and applications.",https://pubs.acs.org/journal/jamsef,,UNREACHABLE,HTTP response contains an access-control or bot-challenge page,Major,2026-08-12T14:49:47+00:00
analytical-bioanalytical-chemistry,Journal source,Publication intelligence / source coverage,"Analytical and Bioanalytical Chemistry: ['LC-MS', 'Bioanalysis', 'Environmental', 'Food'] Monitoring: Collect recent DOI metadata across analytical methods, bioanalysis, sensors, separations, omics, food, and environmental measurement.",https://link.springer.com/journal/216,Home | Analytical and Bioanalytical Chemistry | Springer Nature Link,Partially supported,No longer displayed as a current factual claim; retained for audit trace. Homepage confirms source identity; detailed coverage and monitoring assertions are app-authored metadata.,,2026-08-12T14:49:47+00:00
journal-pharmaceutical-biomedical-analysis,Journal source,Publication intelligence / source coverage,"Journal of Pharmaceutical and Biomedical Analysis: ['Pharma', 'Bioanalysis', 'QC', 'Regulated methods'] Monitoring: Collect recent DOI metadata for pharmaceutical quality, impurities, stability, bioanalysis, validation, and regulated methods.",https://www.sciencedirect.com/journal/journal-of-pharmaceutical-and-biomedical-analysis,,UNREACHABLE,Current automated retrieval is blocked or challenged.,Major,2026-08-12T14:49:47+00:00
talanta,Journal source,Publication intelligence / source coverage,"Talanta: ['LC-MS', 'Environmental', 'Food', 'Clinical'] Monitoring: Collect recent DOI metadata for analytical methods, sensors, sample preparation, contaminants, food, environmental, and clinical analysis.",https://www.sciencedirect.com/journal/talanta,,UNREACHABLE,Current automated retrieval is blocked or challenged.,Major,2026-08-12T14:49:47+00:00
crossref-rest-api,Market/application source,Publication intelligence / source coverage,"Crossref REST API: Searchable metadata for journal articles, conference proceedings, books, datasets, grants, funders, and publication updates across disciplines. Why it matters: Adds chemistry, food, environmental, engineering, and conference records that may not be indexed in PubMed.",https://www.crossref.org/documentation/retrieve-metadata/rest-api/,REST API - Crossref,Partially supported,"No longer displayed as a current factual claim; retained for audit trace. Page confirms source identity; the decision-use description is an analyst interpretation, not a source statement.",,2026-08-12T14:49:47+00:00
openalex-api,Market/application source,Publication intelligence / source coverage,"OpenAlex API: Open catalog connecting scholarly works with topics, institutions, authors, funders, and sources. Why it matters: Provides institution and funder context that a publication count alone does not show.",https://developers.openalex.org/,Overview - OpenAlex Developers,Partially supported,"No longer displayed as a current factual claim; retained for audit trace. Page confirms source identity; the decision-use description is an analyst interpretation, not a source statement.",,2026-08-12T14:49:47+00:00
wipo-patentscope,Market/application source,Publication intelligence / source coverage,"PATENTSCOPE: International and national patent collections searchable by keyword, classification, applicant, and chemical structure. Why it matters: Surfaces pre-commercial technical direction before it appears in product launches or application notes.",https://www.wipo.int/en/web/patentscope/,PATENTSCOPE,Partially supported,"No longer displayed as a current factual claim; retained for audit trace. Page confirms source identity; the decision-use description is an analyst interpretation, not a source statement.",,2026-08-12T14:49:47+00:00
clinicaltrials-api,Market/application source,Publication intelligence / source coverage,"ClinicalTrials.gov API: Structured study records covering interventions, sponsors, collaborators, outcomes, locations, and study status. Why it matters: Shows where analytical demand is entering active development programs rather than only the literature.",https://clinicaltrials.gov/data-api/api,ClinicalTrials.gov,Partially supported,"No longer displayed as a current factual claim; retained for audit trace. Page confirms source identity; the decision-use description is an analyst interpretation, not a source statement.",,2026-08-12T14:49:47+00:00
fda-drug-databases,Market/application source,Publication intelligence / source coverage,"FDA Drug Approvals and Databases: FDA entry point for Drugs@FDA, dissolution methods, product-specific guidance, Orange Book, safety, and approval datasets. Why it matters: Connects pharmaceutical application trends to regulated methods and product pipelines.",https://www.fda.gov/drugs/development-approval-process-drugs/drug-approvals-and-databases,Drug Approvals and Databases | FDA,Partially supported,"No longer displayed as a current factual claim; retained for audit trace. Page confirms source identity; the decision-use description is an analyst interpretation, not a source statement.",,2026-08-12T14:49:47+00:00
fda-ich-q14,Market/application source,Publication intelligence / source coverage,ICH Q14 Analytical Procedure Development: Current regulatory principles for science- and risk-based analytical procedure development and lifecycle management. Why it matters: Translates regulatory change into LC method-development and software workflow requirements.,https://www.fda.gov/media/161202/download,,Partially supported,"No longer displayed as a current factual claim; retained for audit trace. Page confirms source identity; the decision-use description is an analyst interpretation, not a source statement.",,2026-08-12T14:49:47+00:00
ema-quality-guidelines,Market/application source,Publication intelligence / source coverage,"EMA Quality Guidelines: European quality guidance covering active substances, finished products, biologics, specifications, and manufacturing controls. Why it matters: Adds non-U.S. regulatory demand that may change application priorities for global customers.",https://www.ema.europa.eu/en/human-regulatory-overview/research-development/scientific-guidelines/quality-guidelines,Quality guidelines | European Medicines Agency (EMA),Partially supported,"No longer displayed as a current factual claim; retained for audit trace. Page confirms source identity; the decision-use description is an analyst interpretation, not a source statement.",,2026-08-12T14:49:47+00:00
fda-purple-book,Market/application source,Publication intelligence / source coverage,"FDA Purple Book: Searchable database of FDA-licensed biological products, reference products, biosimilars, and interchangeable products. Why it matters: Directly indicates where characterization, comparability, and release-testing workflows may expand.",https://www.fda.gov/drugs/therapeutic-biologics-applications-bla/purple-book-lists-licensed-biological-products-reference-product-exclusivity-and-biosimilarity-or,Purple Book: Lists of Licensed Biological Products with Reference Product Exclusivity and Biosimilarity or Interchangeability,Partially supported,"No longer displayed as a current factual claim; retained for audit trace. Page confirms source identity; the decision-use description is an analyst interpretation, not a source statement.",,2026-08-12T14:49:47+00:00
fda-new-biologic-approvals,Market/application source,Publication intelligence / source coverage,FDA NME and New Biologic Approvals: Downloadable compilation of CDER new molecular entity drug and new biologic approvals. Why it matters: Provides a regulated pipeline outcome rather than a publication proxy.,https://www.fda.gov/drugs/drug-approvals-and-databases/compilation-cder-new-molecular-entity-nme-drug-and-new-biologic-approvals,Compilation of CDER New Molecular Entity (NME) Drug and New Biologic Approvals | FDA,Partially supported,"No longer displayed as a current factual claim; retained for audit trace. Page confirms source identity; the decision-use description is an analyst interpretation, not a source statement.",,2026-08-12T14:49:47+00:00
ema-medicines,Market/application source,Publication intelligence / source coverage,"EMA Medicines Database: European public assessment reports and medicine records with indications, approval status, and regulatory history. Why it matters: Adds European modality and regulatory signals to U.S.-centric approval data.",https://www.ema.europa.eu/en/medicines,Medicines | European Medicines Agency (EMA),Partially supported,"No longer displayed as a current factual claim; retained for audit trace. Page confirms source identity; the decision-use description is an analyst interpretation, not a source statement.",,2026-08-12T14:49:47+00:00
fda-decrs,Market/application source,Publication intelligence / source coverage,"FDA Drug Establishments Current Registration Site: Daily publication of currently registered establishments that manufacture, prepare, compound, or process drugs for the U.S. market. Why it matters: Provides a measurable view of the regulated manufacturing base that CDMO application demand serves.",https://www.fda.gov/drugs/drug-approvals-and-databases/drug-establishments-current-registration-site-decrs,Drug Establishments Current Registration Site (DECRS) | FDA,Partially supported,"No longer displayed as a current factual claim; retained for audit trace. Page confirms source identity; the decision-use description is an analyst interpretation, not a source statement.",,2026-08-12T14:49:47+00:00
fda-dmf-list,Market/application source,Publication intelligence / source coverage,"FDA Drug Master File List: Quarterly list of drug master files with holder, subject, type, and activity status. Why it matters: Shows where outsourced development and manufacturing complexity is accumulating.",https://www.fda.gov/drugs/drug-master-files-dmfs/list-drug-master-files-dmfs,List of Drug Master Files (DMFs) | FDA,Partially supported,"No longer displayed as a current factual claim; retained for audit trace. Page confirms source identity; the decision-use description is an analyst interpretation, not a source statement.",,2026-08-12T14:49:47+00:00
fda-drug-shortages,Market/application source,Publication intelligence / source coverage,FDA Drug Shortages: Current and resolved drug-shortage information maintained by FDA. Why it matters: Adds operational pressure signals that approval and publication databases do not capture.,https://www.fda.gov/drugs/drug-safety-and-availability/drug-shortages,Drug Shortages | FDA,Partially supported,"No longer displayed as a current factual claim; retained for audit trace. Page confirms source identity; the decision-use description is an analyst interpretation, not a source statement.",,2026-08-12T14:49:47+00:00
fda-510k,Market/application source,Publication intelligence / source coverage,"FDA 510(k) Database: Weekly searchable and downloadable premarket-notification records with device name, applicant, product code, decision date, and summaries. Why it matters: Indicates which clinical workflows are moving into regulated commercial use.",https://www.fda.gov/medical-devices/510k-clearances/search-releasable-510k-database,Search the Releasable 510(k) Database | FDA,Partially supported,"No longer displayed as a current factual claim; retained for audit trace. Page confirms source identity; the decision-use description is an analyst interpretation, not a source statement.",,2026-08-12T14:49:47+00:00
cdc-nhanes-lab-data,Market/application source,Publication intelligence / source coverage,"CDC NHANES Laboratory Data and Methods: Laboratory datasets, method documents, and procedures for blood, urine, and other specimen measurements in the U.S. population. Why it matters: Connects clinical and public-health priorities to exact laboratory methods and matrices.",https://wwwn.cdc.gov/nchs/nhanes/search/DataPage.aspx?Component=Laboratory&Cycle=2021-2023,August 2021-August 2023 Laboratory Data - Continuous NHANES,Partially supported,"No longer displayed as a current factual claim; retained for audit trace. Page confirms source identity; the decision-use description is an analyst interpretation, not a source statement.",,2026-08-12T14:49:47+00:00
fda-device-databases,Market/application source,Publication intelligence / source coverage,"FDA Medical Device Databases: Directory of FDA device datasets including 510(k), PMA, De Novo, registration, listings, recalls, and adverse-event records. Why it matters: Adds commercial and post-market context around clinical application adoption.",https://www.fda.gov/medical-devices/device-advice-comprehensive-regulatory-assistance/medical-device-databases,Medical Device Databases | FDA,Partially supported,"No longer displayed as a current factual claim; retained for audit trace. Page confirms source identity; the decision-use description is an analyst interpretation, not a source statement.",,2026-08-12T14:49:47+00:00
nih-reporter-api,Market/application source,Publication intelligence / source coverage,"NIH RePORTER API: Programmatic access to funded projects, abstracts, organizations, investigators, awards, and publications from NIH and partner agencies. Why it matters: Funding precedes publications and instrument purchases, making it an earlier demand indicator.",https://api.reporter.nih.gov/,NIH RePORTER API,Partially supported,"No longer displayed as a current factual claim; retained for audit trace. Page confirms source identity; the decision-use description is an analyst interpretation, not a source statement.",,2026-08-12T14:49:47+00:00
nsf-award-search,Market/application source,Publication intelligence / source coverage,NSF Award Search: Searchable and exportable database of NSF-funded projects since 1989. Why it matters: Captures non-biomedical research and instrumentation funding missed by PubMed and NIH-only monitoring.,https://www.nsf.gov/funding/award-search,Award Search Overview - Funding at NSF | NSF - U.S. National Science Foundation,Partially supported,"No longer displayed as a current factual claim; retained for audit trace. Page confirms source identity; the decision-use description is an analyst interpretation, not a source statement.",,2026-08-12T14:49:47+00:00
cordis-projects,Market/application source,Publication intelligence / source coverage,"CORDIS Projects and Results: European Commission repository of funded project factsheets, participants, reports, deliverables, and open-data downloads. Why it matters: Adds European funding and consortium activity that U.S. databases miss.",https://cordis.europa.eu/projects,Projects &amp; results | CORDIS | European Commission,Partially supported,"No longer displayed as a current factual claim; retained for audit trace. Page confirms source identity; the decision-use description is an analyst interpretation, not a source statement.",,2026-08-12T14:49:47+00:00
sam-contracting,Market/application source,Publication intelligence / source coverage,"SAM.gov Contracting: Central U.S. source for contract opportunities, award records, subcontract reports, and contracting-data downloads. Why it matters: Shows explicit government buying activity rather than scientific interest alone.",https://sam.gov/content/contracting,SAM.gov | Home,Partially supported,"No longer displayed as a current factual claim; retained for audit trace. Page confirms source identity; the decision-use description is an analyst interpretation, not a source statement.",,2026-08-12T14:49:47+00:00
usaspending-data,Market/application source,Publication intelligence / source coverage,"USAspending.gov Data: Official federal award data with agency, recipient, award type, geography, and spending details. Why it matters: Confirms where government budgets are actually being awarded after opportunities are posted.",https://www.usaspending.gov/data,USAspending.gov,Partially supported,"No longer displayed as a current factual claim; retained for audit trace. Page confirms source identity; the decision-use description is an analyst interpretation, not a source statement.",,2026-08-12T14:49:47+00:00
grants-gov-search,Market/application source,Publication intelligence / source coverage,Grants.gov Search: Central search for U.S. federal grant opportunities across agencies. Why it matters: Identifies application demand before projects are awarded and published.,https://www.grants.gov/search-grants,Search Grants | Grants.gov,Partially supported,"No longer displayed as a current factual claim; retained for audit trace. Page confirms source identity; the decision-use description is an analyst interpretation, not a source statement.",,2026-08-12T14:49:47+00:00
ted-procurement,Market/application source,Publication intelligence / source coverage,Tenders Electronic Daily: Official EU public-procurement portal for tender notices and contract awards. Why it matters: Adds non-U.S. public buying activity and named laboratory requirements.,https://ted.europa.eu/en/,,Partially supported,"No longer displayed as a current factual claim; retained for audit trace. Page confirms source identity; the decision-use description is an analyst interpretation, not a source statement.",,2026-08-12T14:49:47+00:00
epa-ucmr5,Market/application source,Publication intelligence / source coverage,"EPA UCMR 5 Data: National occurrence data, analytical methods, minimum reporting levels, and monitoring design for 29 PFAS and lithium. Why it matters: Links PFAS application demand to national testing volume, matrices, methods, and reporting limits.",https://www.epa.gov/dwucmr/fifth-unregulated-contaminant-monitoring-rule,Fifth Unregulated Contaminant Monitoring Rule | US EPA,Partially supported,"No longer displayed as a current factual claim; retained for audit trace. Page confirms source identity; the decision-use description is an analyst interpretation, not a source statement.",,2026-08-12T14:49:47+00:00
epa-sw846,Market/application source,Publication intelligence / source coverage,"EPA SW-846 Compendium: More than 200 sampling and analytical methods, including chromatographic, HPLC, MS, and LC-MS/MS methods such as PFAS Method 8327. Why it matters: Turns regulatory method changes into concrete application, sample-preparation, and performance requirements.",https://www.epa.gov/hw-sw846/sw-846-compendium,The SW-846 Compendium | US EPA,Partially supported,"No longer displayed as a current factual claim; retained for audit trace. Page confirms source identity; the decision-use description is an analyst interpretation, not a source statement.",,2026-08-12T14:49:47+00:00
epa-comptox,Market/application source,Publication intelligence / source coverage,"EPA CompTox Chemicals Dashboard: EPA platform integrating chemistry, toxicity, exposure, bioactivity, and monitoring information for environmental chemicals. Why it matters: Helps identify emerging analytes before they become standardized testing markets.",https://comptox.epa.gov/dashboard/,CompTox Chemicals Dashboard,Partially supported,"No longer displayed as a current factual claim; retained for audit trace. Page confirms source identity; the decision-use description is an analyst interpretation, not a source statement.",,2026-08-12T14:49:47+00:00
usda-pdp,Market/application source,Publication intelligence / source coverage,"USDA Pesticide Data Program: Program data, annual reports, analytical methods, commodity testing history, quality-control procedures, and laboratory SOPs. Why it matters: Connects food-safety trends to actual matrices, residue panels, and laboratory procedures.",https://www.ams.usda.gov/datasets/pdp/pdp-standard-operating-procedures,PDP Standard Operating Procedures | Agricultural Marketing Service,Partially supported,"No longer displayed as a current factual claim; retained for audit trace. Page confirms source identity; the decision-use description is an analyst interpretation, not a source statement.",,2026-08-12T14:49:47+00:00
fda-pam,Market/application source,Publication intelligence / source coverage,"FDA Pesticide Analytical Manual: Official manual covering regulatory operations, multiresidue methods, HPLC, recoveries, and pesticide analytical procedures. Why it matters: Provides exact enforcement-method needs rather than general food-science publication counts.",https://www.fda.gov/food/laboratory-methods-food/pesticide-analytical-manual-volume-i-pam-3rd-edition,Pesticide Analytical Manual Volume I (PAM) 3rd Edition | FDA,Partially supported,"No longer displayed as a current factual claim; retained for audit trace. Page confirms source identity; the decision-use description is an analyst interpretation, not a source statement.",,2026-08-12T14:49:47+00:00
fda-bam,Market/application source,Publication intelligence / source coverage,"FDA Bacteriological Analytical Manual: FDA laboratory procedures for microbiological analysis of foods, beverages, and cosmetics. Why it matters: Adds regulated pathogen and toxin testing demand outside the chemical-residue literature.",https://www.fda.gov/food/laboratory-methods-food/bacteriological-analytical-manual-bam,Bacteriological Analytical Manual (BAM) | FDA,Partially supported,"No longer displayed as a current factual claim; retained for audit trace. Page confirms source identity; the decision-use description is an analyst interpretation, not a source statement.",,2026-08-12T14:49:47+00:00
eu-rasff,Market/application source,Publication intelligence / source coverage,"EU Rapid Alert System for Food and Feed: European rapid-alert information on food and feed safety notifications, hazards, products, and countries. Why it matters: Adds current hazard and enforcement signals that can precede new routine testing workflows.",https://food.ec.europa.eu/food-safety/rasff_en,RASFF - Food Safety - European Commission,Partially supported,"No longer displayed as a current factual claim; retained for audit trace. Page confirms source identity; the decision-use description is an analyst interpretation, not a source statement.",,2026-08-12T14:49:47+00:00
catalog-thermo-news,Source health,All Public Evidence / source catalog,Thermo Fisher investor relations news: health good; status verified.,https://ir.thermofisher.com/investors/news-events/news/default.aspx,"Thermo Fisher Scientific Inc. - Investors - News, Events &amp; Presentations - News",UNREACHABLE,HTTP response contains an access-control or bot-challenge page,Major,2026-08-12T14:49:47+00:00
catalog-thermo-ms-products,Source health,All Public Evidence / source catalog,Thermo Fisher mass spectrometry products: health good; status 200.,https://www.thermofisher.com/us/en/home/industrial/mass-spectrometry.html,Mass Spectrometry | Thermo Fisher Scientific - US,Verified,No longer displayed as a current factual claim; retained for audit trace.,,2026-08-12T14:49:47+00:00
catalog-thermo-dionex-ion-chromatography-products,Source health,All Public Evidence / source catalog,Thermo Dionex ion chromatography product monitoring: health good; status monitored.,https://www.thermofisher.com/sitemap-us-en.xml,HTTP 200,Verified,No longer displayed as a current factual claim; retained for audit trace.,,2026-08-12T14:49:47+00:00
catalog-thermo-vanquish-neo-nano-lc-products,Source health,All Public Evidence / source catalog,Thermo Vanquish Neo nano-LC product monitoring: health good; status monitored.,https://www.thermofisher.com/sitemap-us-en.xml,HTTP 200,Verified,No longer displayed as a current factual claim; retained for audit trace.,,2026-08-12T14:49:47+00:00
catalog-thermo-lc-insights,Source health,All Public Evidence / source catalog,Thermo Fisher liquid chromatography insights: health good; status monitored.,https://www.thermofisher.com/blog/analyteguru/liquid-chromatography/feed/,HTTP 200,Verified,No longer displayed as a current factual claim; retained for audit trace.,,2026-08-12T14:49:47+00:00
catalog-thermo-ms-insights,Source health,All Public Evidence / source catalog,Thermo Fisher mass spectrometry insights: health good; status monitored.,https://www.thermofisher.com/blog/analyteguru/mass-spectrometry/feed/,HTTP 200,Verified,No longer displayed as a current factual claim; retained for audit trace.,,2026-08-12T14:49:47+00:00
catalog-thermo-proteomics-insights,Source health,All Public Evidence / source catalog,Thermo Fisher proteomics insights: health good; status monitored.,https://www.thermofisher.com/blog/analyteguru/proteomics/feed/,HTTP 200,Verified,No longer displayed as a current factual claim; retained for audit trace.,,2026-08-12T14:49:47+00:00
catalog-agilent-newsroom,Source health,All Public Evidence / source catalog,Agilent newsroom: health good; status monitored.,https://www.agilent.com/about/newsroom/presrel.html,Access Denied,Contradicted,"No longer displayed as a current factual claim; retained for audit trace. The card says health=good/status=monitored, but the audit fetch classified the URL Broken.",Major,2026-08-12T14:49:47+00:00
catalog-agilent-lcms,Source health,All Public Evidence / source catalog,Agilent product sitemap: health good; status monitored.,https://www.agilent.com/products0.xml,HTTP 200,Verified,No longer displayed as a current factual claim; retained for audit trace.,,2026-08-12T14:49:47+00:00
catalog-shimadzu-news,Source health,All Public Evidence / source catalog,Shimadzu news: health good; status 200.,https://www.shimadzu.com/news/,2026 | SHIMADZU CORPORATION,Verified,No longer displayed as a current factual claim; retained for audit trace.,,2026-08-12T14:49:47+00:00
catalog-shimadzu-lcms,Source health,All Public Evidence / source catalog,Shimadzu LC-MS solutions: health good; status 200.,https://www.shimadzu.com/an/products/liquid-chromatograph-mass-spectrometry/index.html,Advanced LC-MS Solutions | SHIMADZU,Verified,No longer displayed as a current factual claim; retained for audit trace.,,2026-08-12T14:49:47+00:00
catalog-sciex-news,Source health,All Public Evidence / source catalog,SCIEX press releases: health good; status 200.,https://sciex.com/about-us/press-releases,Press Releases,Verified,No longer displayed as a current factual claim; retained for audit trace.,,2026-08-12T14:49:47+00:00
catalog-sciex-products,Source health,All Public Evidence / source catalog,SCIEX mass spectrometers: health good; status 200.,https://sciex.com/products/mass-spectrometers,Liquid Chromatography Mass Spectrometers (LC-MS),Verified,No longer displayed as a current factual claim; retained for audit trace.,,2026-08-12T14:49:47+00:00
catalog-perkinelmer-news,Source health,All Public Evidence / source catalog,PerkinElmer news / corporate announcements: health good; status verified.,https://www.perkinelmer.com/corporate-and-newsroom,Newsroom PerkinElmer,Verified,No longer displayed as a current factual claim; retained for audit trace.,,2026-08-12T14:49:47+00:00
catalog-perkinelmer-lc-products,Source health,All Public Evidence / source catalog,PerkinElmer liquid chromatography products: health good; status 200.,https://www.perkinelmer.com/category/liquid-chromatography,Liquid Chromatography (LC) Systems &amp; HPLC Solutions,Verified,No longer displayed as a current factual claim; retained for audit trace.,,2026-08-12T14:49:47+00:00
catalog-pubmed,Source health,All Public Evidence / source catalog,PubMed E-utilities: health good; status 200.,https://pubmed.ncbi.nlm.nih.gov/,403,Contradicted,"No longer displayed as a current factual claim; retained for audit trace. The card says health=good/status=200, but the audit fetch classified the URL Broken.",Major,2026-08-12T14:49:47+00:00
catalog-sec-search,Source health,All Public Evidence / source catalog,SEC EDGAR search: health blocked; status 403. Search page returned rate-threshold page during audit.,https://www.sec.gov/edgar/search/,SEC.gov | Request Rate Threshold Exceeded,UNREACHABLE,Current automated retrieval is blocked or challenged.,Major,2026-08-12T14:49:47+00:00
catalog-conferences,Source health,All Public Evidence / source catalog,Waters Next Gen LC conference source map: health manual; status source_map_created.,none,,Unsupported/Hallucinated,"No longer displayed as a current factual claim; retained for audit trace. The card cites a local app data file, not a primary source.",Major,2026-08-12T14:49:47+00:00
catalog-trade-publications,Source health,All Public Evidence / source catalog,"LCGC, BioPharma International, Separation Science, LabRoots, Lab Manager, Pharmaceutical Online, The Analytical Scientist, European Pharmaceutical Review, American Pharmaceutical Review: health manual; status source_map_created. Outlet-level homepage links and PM use cases are mapped. Automated ingestion still requires RSS/search validation and terms/access review.",none,,Unsupported/Hallucinated,"No longer displayed as a current factual claim; retained for audit trace. The card cites a local app data file, not a primary source.",Major,2026-08-12T14:49:47+00:00
catalog-customer-voice,Source health,All Public Evidence / source catalog,"SelectScience, Chromatography Forum, LabWrench, Waters support, Reddit, and public lab communities: health manual; status source_map_created. Public source map and directional signal starter are available. Forum, Reddit, ResearchGate, and LinkedIn ingestion still require approved access, terms review, and careful handling of user-generated content.",none,,Unsupported/Hallucinated,"No longer displayed as a current factual claim; retained for audit trace. The card cites a local app data file, not a primary source.",Major,2026-08-12T14:49:47+00:00
catalog-journal-analytical-chemistry-acs,Source health,All Public Evidence / source catalog,Analytical Chemistry: health good; status monitored.,https://pubs.acs.org/journal/ancham,Just a moment...,Contradicted,"No longer displayed as a current factual claim; retained for audit trace. The card says health=good/status=monitored, but the audit fetch classified the URL Broken.",Major,2026-08-12T14:49:47+00:00
catalog-journal-journal-of-chromatography-a,Source health,All Public Evidence / source catalog,Journal of Chromatography A: health good; status monitored.,https://www.sciencedirect.com/journal/journal-of-chromatography-a,ScienceDirect,Contradicted,"No longer displayed as a current factual claim; retained for audit trace. The card says health=good/status=monitored, but the audit fetch classified the URL Broken.",Major,2026-08-12T14:49:47+00:00
catalog-journal-journal-of-chromatography-b,Source health,All Public Evidence / source catalog,Journal of Chromatography B: health good; status monitored.,https://www.sciencedirect.com/journal/journal-of-chromatography-b,ScienceDirect,Contradicted,"No longer displayed as a current factual claim; retained for audit trace. The card says health=good/status=monitored, but the audit fetch classified the URL Broken.",Major,2026-08-12T14:49:47+00:00
catalog-journal-jasms,Source health,All Public Evidence / source catalog,Journal of the American Society for Mass Spectrometry (JASMS): health good; status monitored.,https://pubs.acs.org/journal/jamsef,Just a moment...,Contradicted,"No longer displayed as a current factual claim; retained for audit trace. The card says health=good/status=monitored, but the audit fetch classified the URL Broken.",Major,2026-08-12T14:49:47+00:00
catalog-journal-analytical-bioanalytical-chemistry,Source health,All Public Evidence / source catalog,Analytical and Bioanalytical Chemistry: health good; status monitored.,https://link.springer.com/journal/216,Home | Analytical and Bioanalytical Chemistry | Springer Nature Link,Verified,No longer displayed as a current factual claim; retained for audit trace.,,2026-08-12T14:49:47+00:00
catalog-journal-journal-pharmaceutical-biomedical-analysis,Source health,All Public Evidence / source catalog,Journal of Pharmaceutical and Biomedical Analysis: health good; status monitored.,https://www.sciencedirect.com/journal/journal-of-pharmaceutical-and-biomedical-analysis,ScienceDirect,Contradicted,"No longer displayed as a current factual claim; retained for audit trace. The card says health=good/status=monitored, but the audit fetch classified the URL Broken.",Major,2026-08-12T14:49:47+00:00
catalog-journal-talanta,Source health,All Public Evidence / source catalog,Talanta: health good; status monitored.,https://www.sciencedirect.com/journal/talanta,ScienceDirect,Contradicted,"No longer displayed as a current factual claim; retained for audit trace. The card says health=good/status=monitored, but the audit fetch classified the URL Broken.",Major,2026-08-12T14:49:47+00:00
catalog-conference-asms-2026,Source health,All Public Evidence / source catalog,ASMS 2026 (American Society for Mass Spectrometry Annual Conference): health good; status monitored.,https://www.asms.org/conferences/annual-conference,Annual Conference Homepage,Verified,No longer displayed as a current factual claim; retained for audit trace.,,2026-08-12T14:49:47+00:00
catalog-conference-hplc-2026,Source health,All Public Evidence / source catalog,HPLC 2026 (International Symposium on High Performance Liquid Phase Separations and Related Techniques): health good; status monitored.,https://hplc2026-symposium.org/,"HPLC 2026 | Indianapolis, Indiana, USA",Verified,No longer displayed as a current factual claim; retained for audit trace.,,2026-08-12T14:49:47+00:00
catalog-conference-imsc-2026,Source health,All Public Evidence / source catalog,IMSC 2026 (International Mass Spectrometry Conference): health good; status monitored.,https://www.imss.nl/,International Mass Spectrometry Foundation,UNREACHABLE,HTTP response contains an access-control or bot-challenge page,Major,2026-08-12T14:49:47+00:00
catalog-conference-msacl-2026,Source health,All Public Evidence / source catalog,MSACL 2026 (Mass Spectrometry & Advances in the Clinical Lab): health good; status monitored.,https://www.msacl.org/,MSACL - Mass Spectrometry & Advances in the Clinical Lab,Verified,No longer displayed as a current factual claim; retained for audit trace.,,2026-08-12T14:49:47+00:00
catalog-conference-ebf-open-symposium-2026,Source health,All Public Evidence / source catalog,19th European Bioanalysis Forum Open Symposium: health good; status monitored.,https://meetings.e-b-f.eu/open/,OPEN - EBF,Verified,No longer displayed as a current factual claim; retained for audit trace.,,2026-08-12T14:49:47+00:00
catalog-usp-621-chromatography,Source health,All Public Evidence / source catalog,USP <621> Chromatography: health good; status 200.,https://doi.usp.org/USPNF/USPNF_M99380_06_01.html,〈621〉 Chromatography,Verified,No longer displayed as a current factual claim; retained for audit trace.,,2026-08-12T14:49:47+00:00
catalog-usp-1058-instrument-qualification,Source health,All Public Evidence / source catalog,USP <1058> Analytical Instrument Qualification: health good; status 200.,https://doi.usp.org/USPNF/USPNF_M1124_01_01.html,〈1058〉 Analytical Instrument Qualification,Verified,No longer displayed as a current factual claim; retained for audit trace.,,2026-08-12T14:49:47+00:00
catalog-usp-232-233-elemental-impurities,Source health,All Public Evidence / source catalog,USP <232>/<233> Elemental Impurities: health review; status 403. Official source returned HTTP 403; retain for manual review.,https://www.usp.org/impurities/elemental-impurities-updates,Access Denied,Verified,No longer displayed as a current factual claim; retained for audit trace.,,2026-08-12T14:49:47+00:00
catalog-ich-q2-r2,Source health,All Public Evidence / source catalog,ICH Q2(R2) Validation of Analytical Procedures: health good; status 200.,https://database.ich.org/sites/default/files/ICH_Q2%28R2%29_Guideline_2023_1130.pdf,HTTP 200,Verified,No longer displayed as a current factual claim; retained for audit trace.,,2026-08-12T14:49:47+00:00
catalog-ich-q14,Source health,All Public Evidence / source catalog,ICH Q14 Analytical Procedure Development: health good; status 200.,https://database.ich.org/sites/default/files/ICH_Q14_Guideline_2023_1116.pdf,HTTP 200,Verified,No longer displayed as a current factual claim; retained for audit trace.,,2026-08-12T14:49:47+00:00
catalog-fda-warning-letters-analytical-findings,Source health,All Public Evidence / source catalog,FDA Warning Letters: health good; status 200.,https://www.fda.gov/inspections-compliance-enforcement-and-criminal-investigations/compliance-actions-and-activities/warning-letters,Warning Letters | FDA,Verified,No longer displayed as a current factual claim; retained for audit trace.,,2026-08-12T14:49:47+00:00
catalog-fda-form-483-observations,Source health,All Public Evidence / source catalog,FDA Form 483 Inspection Observations: health good; status 200.,https://www.fda.gov/inspections-compliance-enforcement-and-criminal-investigations/inspection-references/inspection-observations,Inspection Observations | FDA,Verified,No longer displayed as a current factual claim; retained for audit trace.,,2026-08-12T14:49:47+00:00
decision-1,Decision,Leadership / Product / Product Marketing / PowerPoint,"Decide whether to package a PFAS-ready regulated quantitation workflow. The dataset contains 335 PFAS and environmental-contaminant PubMed records in the last year, a current PFAS serum LC-MS/MS method, and a Shimadzu LCMS-8065XE product record positioned for PFAS and regulated quantitation. One current PFAS method record, the 325-record publication trend, and Shimadzu's PFAS-positioned LCMS-8065XE provide linked scientific and competitive evidence.",https://pubmed.ncbi.nlm.nih.gov/42398371/,403,UNREACHABLE,Current automated retrieval is blocked or challenged.,Major,2026-08-12T14:49:47+00:00
decision-2,Decision,Leadership / Product / Product Marketing / PowerPoint,"Decide whether Next Gen LC and Alliance iS need new end-to-end workflow requirements. The dataset shows 1,137 lab-automation and software-workflow publications, Shimadzu's Nexera X4 launch, Thermo Fisher's Vanquish Amplify page update, and SCIEX's software-led novus V55 launch. A 1,099-record workflow trend is corroborated by current official Nexera X4, Vanquish Amplify, and novus V55/SCIEX OS evidence.",https://www.shimadzu.com/news/2026/k8iri3_20_z4uvwt.html,SHIMADZU CORPORATION : Next-Generation Model Offers both Industry-Leading Separation Performance and Ultra-Fast Analysis Release of,Partially supported,"No longer displayed as a current factual claim; retained for audit trace. Forward-looking recommendation is not externally verifiable; its factual basis is mixed. This record also says 1,137 and 1,099 automation records in the same decision.",Major,2026-08-12T14:49:47+00:00
decision-3,Decision,Leadership / Product / Product Marketing / PowerPoint,Decide whether Next Gen LC needs an oligonucleotide method-readiness package. The dataset contains 659 oligonucleotide and nucleic-acid publications in the last year and an official Agilent-NATi partnership focused on lipid-conjugated oligonucleotide research. The 639-record oligonucleotide publication trend is corroborated by Agilent's dated NATi partnership and a public nucleic-acid automation partnership already tracked in the dataset.,https://pubmed.ncbi.nlm.nih.gov/,403,UNREACHABLE,Current automated retrieval is blocked or challenged.,Major,2026-08-12T14:49:47+00:00
runtime-thermo-news,Source health,All role views / refresh and source-health evidence,Thermo Fisher Investor relations news: HTTP 403; status check_needed; title Just a moment....,https://ir.thermofisher.com/investors/news-events/news/default.aspx,"Thermo Fisher Scientific Inc. - Investors - News, Events &amp; Presentations - News",Contradicted,No longer displayed as a current factual claim; retained for audit trace. Stored HTTP/status fields disagree with each other or with the audit fetch (OK).,Major,2026-08-12T14:49:47+00:00
runtime-thermo-ms-products,Source health,All role views / refresh and source-health evidence,Thermo Fisher Product pages: HTTP 200; status live; title Mass Spectrometry | Thermo Fisher Scientific - US.,https://www.thermofisher.com/us/en/home/industrial/mass-spectrometry.html,Mass Spectrometry | Thermo Fisher Scientific - US,Verified,No longer displayed as a current factual claim; retained for audit trace.,,2026-08-12T14:49:47+00:00
runtime-thermo-lc-insights,Source health,All role views / refresh and source-health evidence,Thermo Fisher Official technical RSS: HTTP 200; status live; title .,https://www.thermofisher.com/blog/analyteguru/liquid-chromatography/feed/,HTTP 200,Verified,No longer displayed as a current factual claim; retained for audit trace.,,2026-08-12T14:49:47+00:00
runtime-thermo-ms-insights,Source health,All role views / refresh and source-health evidence,Thermo Fisher Official technical RSS: HTTP 200; status live; title .,https://www.thermofisher.com/blog/analyteguru/mass-spectrometry/feed/,HTTP 200,Verified,No longer displayed as a current factual claim; retained for audit trace.,,2026-08-12T14:49:47+00:00
runtime-thermo-proteomics-insights,Source health,All role views / refresh and source-health evidence,Thermo Fisher Official technical RSS: HTTP 200; status live; title .,https://www.thermofisher.com/blog/analyteguru/proteomics/feed/,HTTP 200,Verified,No longer displayed as a current factual claim; retained for audit trace.,,2026-08-12T14:49:47+00:00
runtime-agilent-news,Source health,All role views / refresh and source-health evidence,Agilent Press releases: HTTP 403; status live; title Access Denied.,https://www.agilent.com/about/newsroom/presrel.html,Access Denied,Contradicted,No longer displayed as a current factual claim; retained for audit trace. Stored HTTP/status fields disagree with each other or with the audit fetch (Broken).,Major,2026-08-12T14:49:47+00:00
runtime-agilent-lcms,Source health,All role views / refresh and source-health evidence,Agilent Product pages: HTTP 200; status live; title .,https://www.agilent.com/products0.xml,HTTP 200,Verified,No longer displayed as a current factual claim; retained for audit trace.,,2026-08-12T14:49:47+00:00
runtime-shimadzu-news,Source health,All role views / refresh and source-health evidence,Shimadzu Press releases: HTTP 200; status live; title 2026 | SHIMADZU CORPORATION.,https://www.shimadzu.com/news/,2026 | SHIMADZU CORPORATION,Verified,No longer displayed as a current factual claim; retained for audit trace.,,2026-08-12T14:49:47+00:00
runtime-shimadzu-lcms,Source health,All role views / refresh and source-health evidence,Shimadzu Product pages: HTTP 200; status live; title Advanced LC-MS Solutions | SHIMADZU.,https://www.shimadzu.com/an/products/liquid-chromatograph-mass-spectrometry/index.html,Advanced LC-MS Solutions | SHIMADZU,Verified,No longer displayed as a current factual claim; retained for audit trace.,,2026-08-12T14:49:47+00:00
runtime-sciex-news,Source health,All role views / refresh and source-health evidence,SCIEX Press releases: HTTP 200; status live; title Press Releases.,https://sciex.com/about-us/press-releases,Press Releases,Verified,No longer displayed as a current factual claim; retained for audit trace.,,2026-08-12T14:49:47+00:00
runtime-sciex-products,Source health,All role views / refresh and source-health evidence,SCIEX Product pages: HTTP 200; status live; title Liquid Chromatography Mass Spectrometers (LC-MS).,https://sciex.com/products/mass-spectrometers,Liquid Chromatography Mass Spectrometers (LC-MS),Verified,No longer displayed as a current factual claim; retained for audit trace.,,2026-08-12T14:49:47+00:00
runtime-perkinelmer-lc-products,Source health,All role views / refresh and source-health evidence,PerkinElmer Product pages: HTTP 200; status live; title Liquid Chromatography (LC) Systems & HPLC Solutions.,https://www.perkinelmer.com/category/liquid-chromatography,Liquid Chromatography (LC) Systems &amp; HPLC Solutions,Verified,No longer displayed as a current factual claim; retained for audit trace.,,2026-08-12T14:49:47+00:00
runtime-pubmed,Source health,All role views / refresh and source-health evidence,All Scientific publications: HTTP 200; status live; title PubMed Twitter Facebook LinkedIn GitHub Twitter SM-Facebook SM-Youtube.,https://pubmed.ncbi.nlm.nih.gov/,403,Contradicted,No longer displayed as a current factual claim; retained for audit trace. Stored HTTP/status fields disagree with each other or with the audit fetch (Broken).,Major,2026-08-12T14:49:47+00:00
runtime-sec,Source health,All role views / refresh and source-health evidence,Public-company parents Investor relations / SEC filings: HTTP 200; status live; title SEC.gov | EDGAR Full Text Search.,https://www.sec.gov/edgar/search/,SEC.gov | Request Rate Threshold Exceeded,Contradicted,No longer displayed as a current factual claim; retained for audit trace. Stored HTTP/status fields disagree with each other or with the audit fetch (Broken).,Major,2026-08-12T14:49:47+00:00
