claimID,claim,status,languageType,url,retrievalDate,sourceDate,sourceDateType,sourceLocation,supportingExcerpt,caveat
pubmed-40927611,Comparative Analysis of COVID-19 Gene Target Dropout/Failure Results using Thermofisher TaqPath COVID-19 Combo Kit and Nextstrain CoVariants Genomic Databases,unreachable,analyst_paraphrase,https://pubmed.ncbi.nlm.nih.gov/40927611/,2026-07-29T23:19:47,2026-07-29,publication,PubMed record title,Comparative Analysis of COVID-19 Gene Target Dropout/Failure Results using Thermofisher TaqPath COVID-19 Combo Kit and,
pubmed-42498396,Non-target screening of toxic contaminants in secondary effluents (from several sources) using SPE-LC-Orbitrap mass spectrometry,unreachable,analyst_paraphrase,https://pubmed.ncbi.nlm.nih.gov/42498396/,2026-07-29T23:19:47,2026-07-29,publication,PubMed record title,Non-target screening of toxic contaminants in secondary effluents (from several sources) using SPE-LC-Orbitrap mass spectrometry,
pubmed-42398371,A direct SPE clean-up after protein precipitation methodology to remove endogenous steroid sulfate MRM interferences for PFAS analysis of serum samples by isotope dilution LC-MS/MS,unreachable,analyst_paraphrase,https://pubmed.ncbi.nlm.nih.gov/42398371/,2026-07-29T23:19:47,2026-07-29,publication,PubMed record title,A direct SPE clean-up after protein precipitation methodology to remove endogenous steroid sulfate MRM interferences,
pubmed-41886903,A universal immunocapture LC-MS/MS method for humanized IgG1-based drugs in cynomolgus monkeys,unreachable,analyst_paraphrase,https://pubmed.ncbi.nlm.nih.gov/41886903/,2026-07-29T23:19:47,2026-07-29,publication,PubMed record title,A universal immunocapture LC-MS/MS method for humanized IgG1-based drugs in cynomolgus monkeys,
pubmed-42508896,Salvianolic acid derivatives-focused characterization in Salviae miltiorrhizae Radix et Rhizoma by LC×LC coupled with tandem energy-resolved mass spectrometry,unreachable,analyst_paraphrase,https://pubmed.ncbi.nlm.nih.gov/42508896/,2026-07-29T23:19:47,2026-07-29,publication,PubMed record title,Salvianolic acid derivatives-focused characterization in Salviae miltiorrhizae Radix et Rhizoma by LC×LC coupled with tandem,
pubmed-42508890,Fast untargeted and targeted high-resolution mass spectrometry workflows for large-scale lipidomics,unreachable,analyst_paraphrase,https://pubmed.ncbi.nlm.nih.gov/42508890/,2026-07-29T23:19:47,2026-07-29,publication,PubMed record title,Fast untargeted and targeted high-resolution mass spectrometry workflows for large-scale lipidomics,
trend-lnp-rna,LNP and RNA therapeutics workflows shows 917 PubMed records in the last year,unreachable,analyst_paraphrase,https://pubmed.ncbi.nlm.nih.gov/?term=%28%28%22lipid+nanoparticle%22+OR+LNP+OR+%22RNA+therapeutics%22+OR+mRNA%29+AND+%28%22LC-MS%22+OR+chromatography+OR+%22mass+spectrometry%22%29%29+AND+%28%222025%2F07%2F29%22%5BDate+-+Publication%5D+%3A+%222026%2F07%2F29%22%5BDate+-+Publication%5D%29,2026-07-29T23:19:47,2026-07-29,publication,,,
trend-oligos,Oligonucleotide and nucleic-acid analytics shows 665 PubMed records in the last year,unreachable,analyst_paraphrase,https://pubmed.ncbi.nlm.nih.gov/?term=%28%28oligonucleotide+OR+%22nucleic+acid%22+OR+siRNA%29+AND+%28%22LC-MS%22+OR+chromatography+OR+%22mass+spectrometry%22%29%29+AND+%28%222025%2F07%2F29%22%5BDate+-+Publication%5D+%3A+%222026%2F07%2F29%22%5BDate+-+Publication%5D%29,2026-07-29T23:19:47,2026-07-29,publication,,,
trend-pfas,PFAS and environmental contaminant testing shows 333 PubMed records in the last year,unreachable,analyst_paraphrase,https://pubmed.ncbi.nlm.nih.gov/?term=%28%28PFAS+OR+%22per-+and+polyfluoroalkyl%22%29+AND+%28%22LC-MS%22+OR+%22LC-MS%2FMS%22+OR+chromatography%29%29+AND+%28%222025%2F07%2F29%22%5BDate+-+Publication%5D+%3A+%222026%2F07%2F29%22%5BDate+-+Publication%5D%29,2026-07-29T23:19:47,2026-07-29,publication,,,
trend-proteomics,High-resolution proteomics and metabolomics shows 9884 PubMed records in the last year,unreachable,analyst_paraphrase,https://pubmed.ncbi.nlm.nih.gov/?term=%28%28proteomics+OR+metabolomics%29+AND+%28%22LC-MS%22+OR+Orbitrap+OR+%22mass+spectrometry%22%29%29+AND+%28%222025%2F07%2F29%22%5BDate+-+Publication%5D+%3A+%222026%2F07%2F29%22%5BDate+-+Publication%5D%29,2026-07-29T23:19:47,2026-07-29,publication,,,
trend-automation,Lab automation and software-enabled workflows shows 1139 PubMed records in the last year,unreachable,analyst_paraphrase,https://pubmed.ncbi.nlm.nih.gov/?term=%28%28%22laboratory+automation%22+OR+%22workflow+software%22+OR+%22AI%22%29+AND+%28%22LC-MS%22+OR+chromatography+OR+%22mass+spectrometry%22%29%29+AND+%28%222025%2F07%2F29%22%5BDate+-+Publication%5D+%3A+%222026%2F07%2F29%22%5BDate+-+Publication%5D%29,2026-07-29T23:19:47,2026-07-29,publication,,,
agilent-monitor-press-release-d6158395d694,Agilent to Announce Third-Quarter Fiscal Year 2026 Financial Results on Aug. 26,unreachable,analyst_paraphrase,https://www.agilent.com/about/newsroom/presrel/2026/28jul-gp26015.html,2026-07-28T20:26:11,2026-07-28,publication,,,
sciex-monitor-product-page-added-62bb59b3169d,SCIEX official product page observed,unsupported,analyst_paraphrase,https://sciex.com/products/mass-spectrometers/qtof-systems,2026-07-28T20:26:11,2026-07-23,ingestion,,,Initial observation is not evidence that a page or product changed.
sciex-monitor-product-page-added-5ddf8bde9f75,SCIEX official product page observed,unsupported,analyst_paraphrase,https://sciex.com/products/mass-spectrometers/qtof-systems/x-series-qtof-systems,2026-07-28T20:26:11,2026-07-23,ingestion,,,Initial observation is not evidence that a page or product changed.
sciex-monitor-product-page-added-cae81400b14f,SCIEX official product page observed,unsupported,analyst_paraphrase,https://sciex.com/products/mass-spectrometers/qtof-systems/x-series-qtof-systems/x500r-qtof-system,2026-07-28T20:26:11,2026-07-23,ingestion,,,Initial observation is not evidence that a page or product changed.
sciex-monitor-product-page-added-fee1e23a2e50,SCIEX official product page observed,unsupported,analyst_paraphrase,https://sciex.com/products/mass-spectrometers/qtof-systems/x-series-qtof-systems/x500b-qtof-system,2026-07-28T20:26:11,2026-07-23,ingestion,,,Initial observation is not evidence that a page or product changed.
sciex-monitor-product-page-added-777d02ea1b1c,SCIEX official product page observed,unsupported,analyst_paraphrase,https://sciex.com/products/mass-spectrometers/qtof-systems/tripletof-systems,2026-07-28T20:26:11,2026-07-23,ingestion,,,Initial observation is not evidence that a page or product changed.
sciex-monitor-product-page-added-f5464f0d2efc,SCIEX official product page observed,unsupported,analyst_paraphrase,https://sciex.com/products/mass-spectrometers/qtof-systems/tripletof-systems/tripletof-6600-system,2026-07-28T20:26:11,2026-07-23,ingestion,,,Initial observation is not evidence that a page or product changed.
sciex-monitor-product-page-added-19681c49754f,SCIEX official product page observed,unsupported,analyst_paraphrase,https://sciex.com/products/mass-spectrometers/qtof-systems/tripletof-systems/tripletof-6600plus-system,2026-07-28T20:26:11,2026-07-23,ingestion,,,Initial observation is not evidence that a page or product changed.
sciex-monitor-product-page-added-965cea28d0ce,SCIEX official product page observed,unsupported,analyst_paraphrase,https://sciex.com/products/mass-spectrometers/qtof-systems/zenotof-7600-system,2026-07-28T20:26:11,2026-07-23,ingestion,,,Initial observation is not evidence that a page or product changed.
sciex-monitor-product-page-added-23b18ccf1b09,SCIEX official product page observed,unsupported,analyst_paraphrase,https://sciex.com/products/mass-spectrometers/qtof-systems/7600-plus-system,2026-07-28T20:26:11,2026-07-23,ingestion,,,Initial observation is not evidence that a page or product changed.
sciex-monitor-product-page-added-d90b109b1581,SCIEX official product page observed,unsupported,analyst_paraphrase,https://sciex.com/products/mass-spectrometers/qtof-systems/8600-system,2026-07-28T20:26:11,2026-07-23,ingestion,,,Initial observation is not evidence that a page or product changed.
sciex-monitor-product-page-added-5df2f0f91e55,SCIEX official product page observed,unsupported,analyst_paraphrase,https://sciex.com/products/mass-spectrometers/qtrap-systems,2026-07-28T20:26:11,2026-07-23,ingestion,,,Initial observation is not evidence that a page or product changed.
sciex-monitor-product-page-added-2c770db764c7,SCIEX official product page observed,unsupported,analyst_paraphrase,https://sciex.com/products/mass-spectrometers/qtrap-systems/qtrap-6500plus-system,2026-07-28T20:26:11,2026-07-23,ingestion,,,Initial observation is not evidence that a page or product changed.
sciex-monitor-product-page-added-0d05594c2b18,SCIEX official product page observed,unsupported,analyst_paraphrase,https://sciex.com/products/mass-spectrometers/qtrap-systems/qtrap-6500-system,2026-07-28T20:26:11,2026-07-23,ingestion,,,Initial observation is not evidence that a page or product changed.
sciex-monitor-product-page-added-b6feafec1bee,SCIEX official product page observed,unsupported,analyst_paraphrase,https://sciex.com/products/mass-spectrometers/qtrap-systems/qtrap-5500-system,2026-07-28T20:26:11,2026-07-23,ingestion,,,Initial observation is not evidence that a page or product changed.
sciex-monitor-product-page-added-c4440faa7a3c,SCIEX official product page observed,unsupported,analyst_paraphrase,https://sciex.com/products/mass-spectrometers/qtrap-systems/qtrap-4500-system,2026-07-28T20:26:11,2026-07-23,ingestion,,,Initial observation is not evidence that a page or product changed.
sciex-monitor-product-page-added-91a12f854736,SCIEX official product page observed,unsupported,analyst_paraphrase,https://sciex.com/products/mass-spectrometers/qtrap-systems/qtrap-4000-system,2026-07-28T20:26:11,2026-07-23,ingestion,,,Initial observation is not evidence that a page or product changed.
sciex-monitor-product-page-added-9921c26421cd,SCIEX official product page observed,unsupported,analyst_paraphrase,https://sciex.com/products/mass-spectrometers/qtrap-systems/qtrap-3200-system,2026-07-28T20:26:11,2026-07-23,ingestion,,,Initial observation is not evidence that a page or product changed.
sciex-monitor-product-page-added-57935b1aa90e,SCIEX official product page observed,unsupported,analyst_paraphrase,https://sciex.com/products/mass-spectrometers/triple-quad-systems,2026-07-28T20:26:11,2026-07-23,ingestion,,,Initial observation is not evidence that a page or product changed.
sciex-monitor-product-page-added-7b6b3eb96e94,SCIEX official product page observed,unsupported,analyst_paraphrase,https://sciex.com/products/mass-spectrometers/triple-quad-systems/triple-quad-6500plus-system,2026-07-28T20:26:11,2026-07-23,ingestion,,,Initial observation is not evidence that a page or product changed.
sciex-monitor-product-page-added-67f68e7bd394,SCIEX official product page observed,unsupported,analyst_paraphrase,https://sciex.com/products/mass-spectrometers/triple-quad-systems/triple-quad-5500-system,2026-07-28T20:26:11,2026-07-23,ingestion,,,Initial observation is not evidence that a page or product changed.
sciex-monitor-product-page-added-0ee05b43b5b0,SCIEX official product page observed,unsupported,analyst_paraphrase,https://sciex.com/products/mass-spectrometers/triple-quad-systems/triple-quad-4500-system,2026-07-28T20:26:11,2026-07-23,ingestion,,,Initial observation is not evidence that a page or product changed.
sciex-monitor-product-page-added-2d23d2b57780,SCIEX official product page observed,unsupported,analyst_paraphrase,https://sciex.com/products/mass-spectrometers/triple-quad-systems/triple-quad-3500-system,2026-07-28T20:26:11,2026-07-23,ingestion,,,Initial observation is not evidence that a page or product changed.
sciex-monitor-product-page-added-05090ccb6d0b,SCIEX official product page observed,unsupported,analyst_paraphrase,https://sciex.com/products/mass-spectrometers/triple-quad-systems/api-3200-system,2026-07-28T20:26:11,2026-07-23,ingestion,,,Initial observation is not evidence that a page or product changed.
sciex-monitor-product-page-added-38baf1ce585a,SCIEX official product page observed,unsupported,analyst_paraphrase,https://sciex.com/products/mass-spectrometers/triple-quad-systems/triple-quad-6500-system,2026-07-28T20:26:11,2026-07-23,ingestion,,,Initial observation is not evidence that a page or product changed.
sciex-monitor-product-page-added-7446537876dc,SCIEX official product page observed,unsupported,analyst_paraphrase,https://sciex.com/products/mass-spectrometers/triple-quad-systems/api-4000-system,2026-07-28T20:26:11,2026-07-23,ingestion,,,Initial observation is not evidence that a page or product changed.
sciex-monitor-product-page-added-c01a352e2408,SCIEX official product page observed,unsupported,analyst_paraphrase,https://sciex.com/products/mass-spectrometers/triple-quad-systems/triple-quad-7500-system,2026-07-28T20:26:11,2026-07-23,ingestion,,,Initial observation is not evidence that a page or product changed.
sciex-monitor-product-page-added-b64fb8adbee0,SCIEX official product page observed,unsupported,analyst_paraphrase,https://sciex.com/products/mass-spectrometers/triple-quad-systems/triple-quad-7500-plus-system,2026-07-28T20:26:11,2026-07-23,ingestion,,,Initial observation is not evidence that a page or product changed.
sciex-monitor-product-page-added-b9db12fdd5b3,SCIEX official product page observed,unsupported,analyst_paraphrase,https://sciex.com/products/mass-spectrometers/triple-quad-systems/novus-v55-system,2026-07-28T20:26:11,2026-07-23,ingestion,,,Initial observation is not evidence that a page or product changed.
sciex-monitor-product-page-added-c1ab57ccce28,SCIEX official product page observed,unsupported,analyst_paraphrase,https://sciex.com/products/mass-spectrometers/triple-quad-systems/triple-quad-5500-plus-system,2026-07-28T20:26:11,2026-07-23,ingestion,,,Initial observation is not evidence that a page or product changed.
sciex-monitor-product-page-added-005d90674d6c,SCIEX official product page observed,unsupported,analyst_paraphrase,https://sciex.com/products/mass-spectrometers/tof-tof-systems,2026-07-28T20:26:11,2026-07-23,ingestion,,,Initial observation is not evidence that a page or product changed.
sciex-monitor-product-page-added-96b9477f3118,SCIEX official product page observed,unsupported,analyst_paraphrase,https://sciex.com/products/mass-spectrometers/tof-tof-systems/tof-tof-5800-system,2026-07-28T20:26:11,2026-07-23,ingestion,,,Initial observation is not evidence that a page or product changed.
sciex-monitor-product-page-added-004bc7b2cce0,SCIEX official product page observed,unsupported,analyst_paraphrase,https://sciex.com/products/mass-spectrometers/novus-v55-roi-calculator,2026-07-28T20:26:11,2026-07-23,ingestion,,,Initial observation is not evidence that a page or product changed.
sciex-monitor-product-page-added-9f9cfe4bf69c,SCIEX official product page observed,unsupported,analyst_paraphrase,https://sciex.com/products/hplc-products/microlc-products,2026-07-28T20:26:11,2026-07-23,ingestion,,,Initial observation is not evidence that a page or product changed.
sciex-monitor-product-page-added-d435a9222360,SCIEX official product page observed,unsupported,analyst_paraphrase,https://sciex.com/products/hplc-products/microlc-products/micro-hplc-columns,2026-07-28T20:26:11,2026-07-23,ingestion,,,Initial observation is not evidence that a page or product changed.
sciex-monitor-product-page-added-ffaac4b25f20,SCIEX official product page observed,unsupported,analyst_paraphrase,https://sciex.com/products/hplc-products/microlc-products/m5-microlc,2026-07-28T20:26:11,2026-07-23,ingestion,,,Initial observation is not evidence that a page or product changed.
sciex-monitor-product-page-added-e3df624edd3d,SCIEX official product page observed,unsupported,analyst_paraphrase,https://sciex.com/products/hplc-products/nanolc-products,2026-07-28T20:26:11,2026-07-23,ingestion,,,Initial observation is not evidence that a page or product changed.
sciex-monitor-product-page-added-fc71984d502f,SCIEX official product page observed,unsupported,analyst_paraphrase,https://sciex.com/products/hplc-products/nanolc-products/nanolc-400,2026-07-28T20:26:11,2026-07-23,ingestion,,,Initial observation is not evidence that a page or product changed.
sciex-monitor-product-page-added-c75c2bf4ab86,SCIEX official product page observed,unsupported,analyst_paraphrase,https://sciex.com/products/hplc-products/nanolc-products/nano-chiplc-columns,2026-07-28T20:26:11,2026-07-23,ingestion,,,Initial observation is not evidence that a page or product changed.
sciex-monitor-product-page-added-2b21e0614609,SCIEX official product page observed,unsupported,analyst_paraphrase,https://sciex.com/products/hplc-products/nanolc-products/chiplc-system,2026-07-28T20:26:11,2026-07-23,ingestion,,,Initial observation is not evidence that a page or product changed.
sciex-monitor-product-page-added-1037503b160c,SCIEX official product page observed,unsupported,analyst_paraphrase,https://sciex.com/products/hplc-products/nanolc-products/micro-chiplc-columns,2026-07-28T20:26:11,2026-07-23,ingestion,,,Initial observation is not evidence that a page or product changed.
sciex-monitor-product-page-added-68a1e5a30cad,SCIEX official product page observed,unsupported,analyst_paraphrase,https://sciex.com/products/hplc-products/exionlc-2,2026-07-28T20:26:11,2026-07-23,ingestion,,,Initial observation is not evidence that a page or product changed.
sciex-monitor-product-page-added-89c52ec3b161,SCIEX official product page observed,unsupported,analyst_paraphrase,https://sciex.com/products/hplc-products/exionlc-ae,2026-07-28T20:26:11,2026-07-23,ingestion,,,Initial observation is not evidence that a page or product changed.
sciex-monitor-product-page-added-83681a999612,SCIEX official product page observed,unsupported,analyst_paraphrase,https://sciex.com/products/software/analyst-software,2026-07-28T20:26:11,2026-07-23,ingestion,,,Initial observation is not evidence that a page or product changed.
sciex-monitor-product-page-added-fb0563888cbe,SCIEX official product page observed,unsupported,analyst_paraphrase,https://sciex.com/products/software/analyst-tf-software,2026-07-28T20:26:11,2026-07-23,ingestion,,,Initial observation is not evidence that a page or product changed.
sciex-monitor-product-page-added-70dda5ee07fb,SCIEX official product page observed,unsupported,analyst_paraphrase,https://sciex.com/products/software/biopharmaview-software,2026-07-28T20:26:11,2026-07-23,ingestion,,,Initial observation is not evidence that a page or product changed.
sciex-monitor-product-page-added-9b7e11e08542,SCIEX official product page observed,unsupported,analyst_paraphrase,https://sciex.com/products/software/bio-tool-kit-software,2026-07-28T20:26:11,2026-07-23,ingestion,,,Initial observation is not evidence that a page or product changed.
sciex-monitor-product-page-added-b544ef2aeb29,SCIEX official product page observed,unsupported,analyst_paraphrase,https://sciex.com/products/software/chemoview-software,2026-07-28T20:26:11,2026-07-23,ingestion,,,Initial observation is not evidence that a page or product changed.
sciex-monitor-product-page-added-c5877dd41fff,SCIEX official product page observed,unsupported,analyst_paraphrase,https://sciex.com/products/software/discoveryquant-software,2026-07-28T20:26:11,2026-07-23,ingestion,,,Initial observation is not evidence that a page or product changed.
sciex-monitor-product-page-added-f976c08f8f82,SCIEX official product page observed,unsupported,analyst_paraphrase,https://sciex.com/products/software/cliquid-software,2026-07-28T20:26:11,2026-07-23,ingestion,,,Initial observation is not evidence that a page or product changed.
sciex-monitor-product-page-added-d266fa198594,SCIEX official product page observed,unsupported,analyst_paraphrase,https://sciex.com/products/software/lightsight-software,2026-07-28T20:26:11,2026-07-23,ingestion,,,Initial observation is not evidence that a page or product changed.
sciex-monitor-product-page-added-2e325d6812d6,SCIEX official product page observed,unsupported,analyst_paraphrase,https://sciex.com/products/software/lipidview-software,2026-07-28T20:26:11,2026-07-23,ingestion,,,Initial observation is not evidence that a page or product changed.
sciex-monitor-product-page-added-1f1eaa556ed9,SCIEX official product page observed,unsupported,analyst_paraphrase,https://sciex.com/products/software/markerview-software,2026-07-28T20:26:11,2026-07-23,ingestion,,,Initial observation is not evidence that a page or product changed.
sciex-monitor-product-page-added-14e8689b7baa,SCIEX official product page observed,unsupported,analyst_paraphrase,https://sciex.com/products/software/metabolitepilot-software,2026-07-28T20:26:11,2026-07-23,ingestion,,,Initial observation is not evidence that a page or product changed.
sciex-monitor-product-page-added-58ebfdd92d82,SCIEX official product page observed,unsupported,analyst_paraphrase,https://sciex.com/products/software/mpx-software,2026-07-28T20:26:11,2026-07-23,ingestion,,,Initial observation is not evidence that a page or product changed.
sciex-monitor-product-page-added-53f2c9db2fbc,SCIEX official product page observed,unsupported,analyst_paraphrase,https://sciex.com/products/software/multiquant-software,2026-07-28T20:26:11,2026-07-23,ingestion,,,Initial observation is not evidence that a page or product changed.
sciex-monitor-product-page-added-7155c3fe676a,SCIEX official product page observed,unsupported,analyst_paraphrase,https://sciex.com/products/software/peakview-software,2026-07-28T20:26:11,2026-07-23,ingestion,,,Initial observation is not evidence that a page or product changed.
sciex-monitor-product-page-added-614c4535746c,SCIEX official product page observed,unsupported,analyst_paraphrase,https://sciex.com/products/software/proteinpilot-software,2026-07-28T20:26:11,2026-07-23,ingestion,,,Initial observation is not evidence that a page or product changed.
sciex-monitor-product-page-added-d1e450e9883c,SCIEX official product page observed,unsupported,analyst_paraphrase,https://sciex.com/products/software/mass-spectrometry-software-solutions,2026-07-28T20:26:11,2026-07-23,ingestion,,,Initial observation is not evidence that a page or product changed.
sciex-monitor-product-page-added-ed7e6810332b,SCIEX official product page observed,unsupported,analyst_paraphrase,https://sciex.com/products/software/oneomics,2026-07-28T20:26:11,2026-07-23,ingestion,,,Initial observation is not evidence that a page or product changed.
sciex-monitor-product-page-added-d0d66fc16203,SCIEX official product page observed,unsupported,analyst_paraphrase,https://sciex.com/products/software/molecule-profiler-software,2026-07-28T20:26:11,2026-07-23,ingestion,,,Initial observation is not evidence that a page or product changed.
sciex-monitor-product-page-added-35f5bb9417b5,SCIEX official product page observed,unsupported,analyst_paraphrase,https://sciex.com/products/software/biologics-explorer-software,2026-07-28T20:26:11,2026-07-23,ingestion,,,Initial observation is not evidence that a page or product changed.
sciex-monitor-product-page-added-26b6cc033c60,SCIEX official product page observed,unsupported,analyst_paraphrase,https://sciex.com/products/software/os-software-roi-calculator,2026-07-28T20:26:11,2026-07-23,ingestion,,,Initial observation is not evidence that a page or product changed.
sciex-monitor-product-page-added-5831707253b8,SCIEX official product page observed,unsupported,analyst_paraphrase,https://sciex.com/products/software/artificial-intelligence-quant,2026-07-28T20:26:11,2026-07-23,ingestion,,,Initial observation is not evidence that a page or product changed.
sciex-monitor-product-page-added-1d63d0e8aa50,SCIEX official product page observed,unsupported,analyst_paraphrase,https://sciex.com/products/software/sciex-os-software,2026-07-28T20:26:11,2026-07-23,ingestion,,,Initial observation is not evidence that a page or product changed.
sciex-monitor-product-page-added-8ddebb67c185,SCIEX official product page observed,unsupported,analyst_paraphrase,https://sciex.com/products/software/sciex-os-software/sciex-os-tips-and-tricks,2026-07-28T20:26:11,2026-07-23,ingestion,,,Initial observation is not evidence that a page or product changed.
sciex-monitor-product-page-added-1de2a8b792e4,SCIEX official product page observed,unsupported,analyst_paraphrase,https://sciex.com/products/software/partner-software,2026-07-28T20:26:11,2026-07-23,ingestion,,,Initial observation is not evidence that a page or product changed.
agilent-monitor-press-release-0ccfef63ebc7,"Agilent Receives EU Approval for PD-L1 IHC 22C3 pharmDx in Epithelial Ovarian, Fallopian Tube, or Primary Peritoneal Carcinoma",unreachable,analyst_paraphrase,https://www.agilent.com/about/newsroom/presrel/2026/23jul-ca26027.html,2026-07-28T20:26:11,2026-07-23,publication,,,
thermo-fisher-monitor-press-release-21d47f45d77c,Thermo Fisher Scientific Reports Second Quarter 2026 Results,partial,analyst_paraphrase,https://ir.thermofisher.com/investors/news-events/news/news-details/2026/Thermo-Fisher-Scientific-Reports-Second-Quarter-2026-Results/default.aspx,2026-07-28T20:26:11,2026-07-23,publication,,,
sec-thermo-0000097745-26-000138,THERMO FISHER SCIENTIFIC INC. filed 8-K,unreachable,analyst_paraphrase,https://www.sec.gov/Archives/edgar/data/97745/000009774526000138/tmo-20260723.htm,2026-07-29T23:19:47,2026-07-23,publication,,,
sec-sciex-0000313616-26-000163,Danaher Corporation filed 8-K,unreachable,analyst_paraphrase,https://www.sec.gov/Archives/edgar/data/313616/000031361626000163/dhr-20260721.htm,2026-07-29T23:19:47,2026-07-21,publication,,,Do not attribute the filing or a corporate conclusion to SCIEX without an exact filing passage.
sec-sciex-0000313616-26-000161,Danaher Corporation filed 10-Q,unreachable,analyst_paraphrase,https://www.sec.gov/Archives/edgar/data/313616/000031361626000161/dhr-20260626.htm,2026-07-29T23:19:47,2026-07-21,publication,,,Do not attribute the filing or a corporate conclusion to SCIEX without an exact filing passage.
pubmed-42470478,Oxidation-derived metabolites sustain the antioxidant network of quercetin,unreachable,analyst_paraphrase,https://pubmed.ncbi.nlm.nih.gov/42470478/,2026-07-29T23:19:47,2026-07-18,publication,PubMed record title,Oxidation-derived metabolites sustain the antioxidant network of quercetin,
shimadzu-monitor-press-release-493d3ae30253,Industry-Leading Detection Performance and Flexibility for Diverse Analytical Needs Shimadzu Releases the GCMS-TQ RX Series Gas Chromatograph-Mass Spectrometer,partial,analyst_paraphrase,https://www.shimadzu.com/news/2026/rqlmu84w5ry4eew_.html,2026-07-28T20:26:11,2026-07-14,publication,,,
pubmed-42452901,Assessing quality standards of biomarker measurement in first-trimester combined screening for preeclampsia in the Chinese population: A multicenter study,unreachable,analyst_paraphrase,https://pubmed.ncbi.nlm.nih.gov/42452901/,2026-07-29T23:19:47,2026-07-14,publication,PubMed record title,Assessing quality standards of biomarker measurement in first-trimester combined screening for preeclampsia in the Chinese,
thermo-fisher-monitor-technical-insight-1b3f4401f8d2,Moving to Mainstream: Is the World Finally Ready for Low-Flow LC?,partial,analyst_paraphrase,https://www.thermofisher.com/blog/analyteguru/moving-to-mainstream-is-the-world-finally-ready-for-low-flow-lc/,2026-07-28T20:26:11,2026-07-11,publication,,,
shimadzu-monitor-product-page-added-51e328fafe8f,Shimadzu official product page observed,unsupported,analyst_paraphrase,https://www.shimadzu.com/an/products/liquid-chromatograph-mass-spectrometry/index.html,2026-07-28T20:26:11,2026-07-09,ingestion,,,Initial observation is not evidence that a page or product changed.
shimadzu-monitor-product-page-added-b53e177446a0,Shimadzu official product page observed,unsupported,analyst_paraphrase,https://www.shimadzu.com/an/products/liquid-chromatograph-mass-spectrometry/lc-ms-system/lcmsms-method-package-for-modified-nucleosides/index.html,2026-07-28T20:26:11,2026-07-09,ingestion,,,Initial observation is not evidence that a page or product changed.
shimadzu-monitor-product-page-added-4cc1776b3539,Shimadzu official product page observed,unsupported,analyst_paraphrase,https://www.shimadzu.com/an/products/liquid-chromatograph-mass-spectrometry/lc-ms-system/lcmsms-method-package-for-short-chain-fatty-acids/index.html,2026-07-28T20:26:11,2026-07-09,ingestion,,,Initial observation is not evidence that a page or product changed.
shimadzu-monitor-product-page-added-ed77455d2ac1,Shimadzu official product page observed,unsupported,analyst_paraphrase,https://www.shimadzu.com/an/products/liquid-chromatograph-mass-spectrometry/lc-ms-system/lcmsms-method-package-for-veterinary-drugs-ver-2/index.html,2026-07-28T20:26:11,2026-07-09,ingestion,,,Initial observation is not evidence that a page or product changed.
shimadzu-monitor-product-page-added-19235db0163b,Shimadzu official product page observed,unsupported,analyst_paraphrase,https://www.shimadzu.com/an/products/liquid-chromatograph-mass-spectrometry/lc-ms-system/rapid-toxicology-screening-ver2/index.html,2026-07-28T20:26:11,2026-07-09,ingestion,,,Initial observation is not evidence that a page or product changed.
shimadzu-monitor-product-page-added-6d08e82a9c74,Shimadzu official product page observed,unsupported,analyst_paraphrase,https://www.shimadzu.com/an/products/liquid-chromatograph-mass-spectrometry/lc-ms-system/metabolites-method-package-suite/index.html,2026-07-28T20:26:11,2026-07-09,ingestion,,,Initial observation is not evidence that a page or product changed.
shimadzu-monitor-product-page-added-e771e6a0443c,Shimadzu official product page observed,unsupported,analyst_paraphrase,https://www.shimadzu.com/an/products/liquid-chromatograph-mass-spectrometry/lc-ms-system/lcmsms-method-package-for-mycotoxins/index.html,2026-07-28T20:26:11,2026-07-09,ingestion,,,Initial observation is not evidence that a page or product changed.
shimadzu-monitor-product-page-added-d8d1881ec362,Shimadzu official product page observed,unsupported,analyst_paraphrase,https://www.shimadzu.com/an/products/liquid-chromatograph-mass-spectrometry/lc-ms-system/lcmsms-method-package-for-restricted-chemicals-in-textiles/index.html,2026-07-28T20:26:11,2026-07-09,ingestion,,,Initial observation is not evidence that a page or product changed.
shimadzu-monitor-product-page-added-55b9a0a378b7,Shimadzu official product page observed,unsupported,analyst_paraphrase,https://www.shimadzu.com/an/products/liquid-chromatograph-mass-spectrometry/lc-ms-system/lcmsms-method-package-for-pfas/index.html,2026-07-28T20:26:11,2026-07-09,ingestion,,,Initial observation is not evidence that a page or product changed.
shimadzu-monitor-product-page-added-ad97b6fc064e,Shimadzu official product page observed,unsupported,analyst_paraphrase,https://www.shimadzu.com/an/products/liquid-chromatograph-mass-spectrometry/lc-ms-system/lcmsms-method-package-for-aminoglycoside-antibiotics/index.html,2026-07-28T20:26:11,2026-07-09,ingestion,,,Initial observation is not evidence that a page or product changed.
shimadzu-monitor-product-page-added-8cfe84e08928,Shimadzu official product page observed,unsupported,analyst_paraphrase,https://www.shimadzu.com/an/products/liquid-chromatograph-mass-spectrometry/lc-ms-system/lcmsms-forensic-toxicology-database/index.html,2026-07-28T20:26:11,2026-07-09,ingestion,,,Initial observation is not evidence that a page or product changed.
shimadzu-monitor-product-page-added-f32f48945731,Shimadzu official product page observed,unsupported,analyst_paraphrase,https://www.shimadzu.com/an/products/liquid-chromatograph-mass-spectrometry/lc-ms-system/lcmsms-method-package-for-water-quality-analysis/index.html,2026-07-28T20:26:11,2026-07-09,ingestion,,,Initial observation is not evidence that a page or product changed.
shimadzu-monitor-product-page-added-32a20a522e57,Shimadzu official product page observed,unsupported,analyst_paraphrase,https://www.shimadzu.com/an/products/liquid-chromatograph-mass-spectrometry/lc-ms-system/erexim-application-suite/index.html,2026-07-28T20:26:11,2026-07-09,ingestion,,,Initial observation is not evidence that a page or product changed.
shimadzu-monitor-product-page-added-71981cd6d718,Shimadzu official product page observed,unsupported,analyst_paraphrase,https://www.shimadzu.com/an/products/liquid-chromatograph-mass-spectrometry/lc-ms-system/micro-volume-quechers-kit/index.html,2026-07-28T20:26:11,2026-07-09,ingestion,,,Initial observation is not evidence that a page or product changed.
shimadzu-monitor-product-page-added-a71525ce933f,Shimadzu official product page observed,unsupported,analyst_paraphrase,https://www.shimadzu.com/an/products/liquid-chromatograph-mass-spectrometry/lc-ms-system/open-solution-analytical/index.html,2026-07-28T20:26:11,2026-07-09,ingestion,,,Initial observation is not evidence that a page or product changed.
shimadzu-monitor-product-page-added-97e1f78c5889,Shimadzu official product page observed,unsupported,analyst_paraphrase,https://www.shimadzu.com/an/products/liquid-chromatograph-mass-spectrometry/lc-ms-system/mrm-library-for-triglycerides/index.html,2026-07-28T20:26:11,2026-07-09,ingestion,,,Initial observation is not evidence that a page or product changed.
shimadzu-monitor-product-page-added-2eddf63b2cb1,Shimadzu official product page observed,unsupported,analyst_paraphrase,https://www.shimadzu.com/an/products/liquid-chromatograph-mass-spectrometry/lc-ms-system/trap-free-2d-lcms-system-for-quadrupole-lcms/index.html,2026-07-28T20:26:11,2026-07-09,ingestion,,,Initial observation is not evidence that a page or product changed.
shimadzu-monitor-product-page-added-5ae5e7c44e17,Shimadzu official product page observed,unsupported,analyst_paraphrase,https://www.shimadzu.com/an/products/liquid-chromatograph-mass-spectrometry/lc-ms-system/lcmsms-method-package-for-dl-amino-acids/index.html,2026-07-28T20:26:11,2026-07-09,ingestion,,,Initial observation is not evidence that a page or product changed.
shimadzu-monitor-product-page-added-518221098746,Shimadzu official product page observed,unsupported,analyst_paraphrase,https://www.shimadzu.com/an/products/liquid-chromatograph-mass-spectrometry/lc-ms-system/nsmol-antibody-ba-kit/index.html,2026-07-28T20:26:11,2026-07-09,ingestion,,,Initial observation is not evidence that a page or product changed.
shimadzu-monitor-product-page-added-4d056c533455,Shimadzu official product page observed,unsupported,analyst_paraphrase,https://www.shimadzu.com/an/products/liquid-chromatograph-mass-spectrometry/lc-ms-system/exact-mass-database-for-endogenous-metabolites/index.html,2026-07-28T20:26:11,2026-07-09,ingestion,,,Initial observation is not evidence that a page or product changed.
shimadzu-monitor-product-page-added-30aefe6e6f59,Shimadzu official product page observed,unsupported,analyst_paraphrase,https://www.shimadzu.com/an/products/liquid-chromatograph-mass-spectrometry/lc-ms-system/lcmsms-method-package-for-glycosaminoglycans/index.html,2026-07-28T20:26:11,2026-07-09,ingestion,,,Initial observation is not evidence that a page or product changed.
shimadzu-monitor-product-page-added-6f298dbf5243,Shimadzu official product page observed,unsupported,analyst_paraphrase,https://www.shimadzu.com/an/products/liquid-chromatograph-mass-spectrometry/lc-ms-system/lcmsms-rapid-toxicology-screening-system-ver3/index.html,2026-07-28T20:26:11,2026-07-09,ingestion,,,Initial observation is not evidence that a page or product changed.
shimadzu-monitor-product-page-added-2c3957add961,Shimadzu official product page observed,unsupported,analyst_paraphrase,https://www.shimadzu.com/an/products/liquid-chromatograph-mass-spectrometry/lc-ms-system/lcmsms-method-package-for-residual-pesticide-ver-3/index.html,2026-07-28T20:26:11,2026-07-09,ingestion,,,Initial observation is not evidence that a page or product changed.
shimadzu-monitor-product-page-added-f1ef3af5c16d,Shimadzu official product page observed,unsupported,analyst_paraphrase,https://www.shimadzu.com/an/products/liquid-chromatograph-mass-spectrometry/lc-ms-system/index.html,2026-07-28T20:26:11,2026-07-09,ingestion,,,Initial observation is not evidence that a page or product changed.
shimadzu-monitor-product-page-added-2cdb261ff452,Shimadzu official product page observed,unsupported,analyst_paraphrase,https://www.shimadzu.com/an/products/liquid-chromatograph-mass-spectrometry/lc-ms-system/lcmsms-method-package-for-bile-acids/index.html,2026-07-28T20:26:11,2026-07-09,ingestion,,,Initial observation is not evidence that a page or product changed.
shimadzu-monitor-product-page-added-5f968814e4de,Shimadzu official product page observed,unsupported,analyst_paraphrase,https://www.shimadzu.com/an/products/liquid-chromatograph-mass-spectrometry/lc-ms-system/method-package-guidebook/index.html,2026-07-28T20:26:11,2026-07-09,ingestion,,,Initial observation is not evidence that a page or product changed.
shimadzu-monitor-product-page-added-b3201d052f70,Shimadzu official product page observed,unsupported,analyst_paraphrase,https://www.shimadzu.com/an/products/liquid-chromatograph-mass-spectrometry/lc-ms-system/lcmsms-method-package-for-reactive-sulfur-profiling/index.html,2026-07-28T20:26:11,2026-07-09,ingestion,,,Initial observation is not evidence that a page or product changed.
shimadzu-monitor-product-page-added-75b45379fbb9,Shimadzu official product page observed,unsupported,analyst_paraphrase,https://www.shimadzu.com/an/products/liquid-chromatograph-mass-spectrometry/lc-ms-system/lcmsms-method-package-for-cell-culture-profiling/index.html,2026-07-28T20:26:11,2026-07-09,ingestion,,,Initial observation is not evidence that a page or product changed.
shimadzu-monitor-product-page-added-5ee64a49d3c4,Shimadzu official product page observed,unsupported,analyst_paraphrase,https://www.shimadzu.com/an/products/liquid-chromatograph-mass-spectrometry/lc-ms-system/lcmsms-method-package-for-sugars-and-sugar-nucleotides/index.html,2026-07-28T20:26:11,2026-07-09,ingestion,,,Initial observation is not evidence that a page or product changed.
shimadzu-monitor-product-page-added-3f23da6085a1,Shimadzu official product page observed,unsupported,analyst_paraphrase,https://www.shimadzu.com/an/products/liquid-chromatograph-mass-spectrometry/lc-ms-system/oad-tof/index.html,2026-07-28T20:26:11,2026-07-09,ingestion,,,Initial observation is not evidence that a page or product changed.
shimadzu-monitor-product-page-added-65b767430333,Shimadzu official product page observed,unsupported,analyst_paraphrase,https://www.shimadzu.com/an/products/liquid-chromatograph-mass-spectrometry/lc-ms-system/cell-culture-profiling-method-package-for-the-lcms-2050/index.html,2026-07-28T20:26:11,2026-07-09,ingestion,,,Initial observation is not evidence that a page or product changed.
shimadzu-monitor-product-page-added-3b680e13d8e0,Shimadzu official product page observed,unsupported,analyst_paraphrase,https://www.shimadzu.com/an/products/liquid-chromatograph-mass-spectrometry/quadrupole-time-of-flight-lc-msms/lcms-9030/index.html,2026-07-28T20:26:11,2026-07-09,ingestion,,,Initial observation is not evidence that a page or product changed.
shimadzu-monitor-product-page-added-71203bceb4b8,Shimadzu official product page observed,unsupported,analyst_paraphrase,https://www.shimadzu.com/an/products/liquid-chromatograph-mass-spectrometry/quadrupole-time-of-flight-lc-msms/index.html,2026-07-28T20:26:11,2026-07-09,ingestion,,,Initial observation is not evidence that a page or product changed.
shimadzu-monitor-product-page-added-f4b32a819b9f,Shimadzu official product page observed,unsupported,analyst_paraphrase,https://www.shimadzu.com/an/products/liquid-chromatograph-mass-spectrometry/quadrupole-time-of-flight-lc-msms/lcms-9050/index.html,2026-07-28T20:26:11,2026-07-09,ingestion,,,Initial observation is not evidence that a page or product changed.
shimadzu-monitor-product-page-added-68e15dc04d80,Shimadzu official product page observed,unsupported,analyst_paraphrase,https://www.shimadzu.com/an/products/liquid-chromatograph-mass-spectrometry/single-quadrupole-lc-ms/index.html,2026-07-28T20:26:11,2026-07-09,ingestion,,,Initial observation is not evidence that a page or product changed.
shimadzu-monitor-product-page-added-238cd9c2ee9a,Shimadzu official product page observed,unsupported,analyst_paraphrase,https://www.shimadzu.com/an/products/liquid-chromatograph-mass-spectrometry/single-quadrupole-lc-ms/lcms-2050/index.html,2026-07-28T20:26:11,2026-07-09,ingestion,,,Initial observation is not evidence that a page or product changed.
shimadzu-monitor-product-page-added-f766d5ee41ff,Shimadzu official product page observed,unsupported,analyst_paraphrase,https://www.shimadzu.com/an/products/liquid-chromatograph-mass-spectrometry/lc-ms-option/dpims-8060/index.html,2026-07-28T20:26:11,2026-07-09,ingestion,,,Initial observation is not evidence that a page or product changed.
shimadzu-monitor-product-page-added-4f8bd0696daf,Shimadzu official product page observed,unsupported,analyst_paraphrase,https://www.shimadzu.com/an/products/liquid-chromatograph-mass-spectrometry/lc-ms-option/dpims-qt/index.html,2026-07-28T20:26:11,2026-07-09,ingestion,,,Initial observation is not evidence that a page or product changed.
shimadzu-monitor-product-page-added-5d7447c87266,Shimadzu official product page observed,unsupported,analyst_paraphrase,https://www.shimadzu.com/an/products/liquid-chromatograph-mass-spectrometry/lc-ms-option/index.html,2026-07-28T20:26:11,2026-07-09,ingestion,,,Initial observation is not evidence that a page or product changed.
shimadzu-monitor-product-page-added-690b8295c606,Shimadzu official product page observed,unsupported,analyst_paraphrase,https://www.shimadzu.com/an/products/liquid-chromatograph-mass-spectrometry/lc-ms-option/clam-2040/index.html,2026-07-28T20:26:11,2026-07-09,ingestion,,,Initial observation is not evidence that a page or product changed.
shimadzu-monitor-product-page-added-d01dd10282e0,Shimadzu official product page observed,unsupported,analyst_paraphrase,https://www.shimadzu.com/an/products/liquid-chromatograph-mass-spectrometry/triple-quadrupole-lc-msms/comparison/index.html,2026-07-28T20:26:11,2026-07-09,ingestion,,,Initial observation is not evidence that a page or product changed.
shimadzu-monitor-product-page-added-7e6a04bbc9a7,Shimadzu official product page observed,unsupported,analyst_paraphrase,https://www.shimadzu.com/an/products/liquid-chromatograph-mass-spectrometry/triple-quadrupole-lc-msms/index.html,2026-07-28T20:26:11,2026-07-09,ingestion,,,Initial observation is not evidence that a page or product changed.
shimadzu-monitor-product-page-added-9a63fcc27f4f,Shimadzu official product page observed,unsupported,analyst_paraphrase,https://www.shimadzu.com/an/products/liquid-chromatograph-mass-spectrometry/triple-quadrupole-lc-msms/nexera-mikros/index.html,2026-07-28T20:26:11,2026-07-09,ingestion,,,Initial observation is not evidence that a page or product changed.
shimadzu-monitor-product-page-added-66c3c71132fb,Shimadzu official product page observed,unsupported,analyst_paraphrase,https://www.shimadzu.com/an/products/liquid-chromatograph-mass-spectrometry/triple-quadrupole-lc-msms/lcms-tq-rx-series/index.html,2026-07-28T20:26:11,2026-07-09,ingestion,,,Initial observation is not evidence that a page or product changed.
shimadzu-monitor-product-page-added-8c0c794af5b7,Shimadzu official product page observed,unsupported,analyst_paraphrase,https://www.shimadzu.com/an/products/liquid-chromatograph-mass-spectrometry/triple-quadrupole-lc-msms/lcms-8065xe/index.html,2026-07-28T20:26:11,2026-07-09,ingestion,,,Initial observation is not evidence that a page or product changed.
shimadzu-monitor-product-page-added-61f1f9afe83d,Shimadzu official product page observed,unsupported,analyst_paraphrase,https://www.shimadzu.com/an/products/liquid-chromatograph-mass-spectrometry/lc-ms-software/multi-charged-ion-analysis-software/index.html,2026-07-28T20:26:11,2026-07-09,ingestion,,,Initial observation is not evidence that a page or product changed.
shimadzu-monitor-product-page-added-ee3b1cebbb47,Shimadzu official product page observed,unsupported,analyst_paraphrase,https://www.shimadzu.com/an/products/liquid-chromatograph-mass-spectrometry/lc-ms-software/labsolutions-insight/index.html,2026-07-28T20:26:11,2026-07-09,ingestion,,,Initial observation is not evidence that a page or product changed.
shimadzu-monitor-product-page-added-8fd7f302110f,Shimadzu official product page observed,unsupported,analyst_paraphrase,https://www.shimadzu.com/an/products/liquid-chromatograph-mass-spectrometry/lc-ms-software/lcmsms-mrm-library-for-phospholipid-profiling/index.html,2026-07-28T20:26:11,2026-07-09,ingestion,,,Initial observation is not evidence that a page or product changed.
shimadzu-monitor-product-page-added-61550a2a5871,Shimadzu official product page observed,unsupported,analyst_paraphrase,https://www.shimadzu.com/an/products/liquid-chromatograph-mass-spectrometry/lc-ms-software/iflagger/index.html,2026-07-28T20:26:11,2026-07-09,ingestion,,,Initial observation is not evidence that a page or product changed.
shimadzu-monitor-product-page-added-637d52fc117f,Shimadzu official product page observed,unsupported,analyst_paraphrase,https://www.shimadzu.com/an/products/liquid-chromatograph-mass-spectrometry/lc-ms-software/index.html,2026-07-28T20:26:11,2026-07-09,ingestion,,,Initial observation is not evidence that a page or product changed.
shimadzu-monitor-product-page-added-6930642e6312,Shimadzu official product page observed,unsupported,analyst_paraphrase,https://www.shimadzu.com/an/products/liquid-chromatograph-mass-spectrometry/lc-ms-software/lcmsms-mrm-library-for-metabolic-enzymes-in-yeast/index.html,2026-07-28T20:26:11,2026-07-09,ingestion,,,Initial observation is not evidence that a page or product changed.
shimadzu-monitor-product-page-added-20f0dc085708,Shimadzu official product page observed,unsupported,analyst_paraphrase,https://www.shimadzu.com/an/products/liquid-chromatograph-mass-spectrometry/lc-ms-software/lcmsms-method-package-for-primary-metabolites/index.html,2026-07-28T20:26:11,2026-07-09,ingestion,,,Initial observation is not evidence that a page or product changed.
shimadzu-monitor-product-page-added-879a05bc4a68,Shimadzu official product page observed,unsupported,analyst_paraphrase,https://www.shimadzu.com/an/products/liquid-chromatograph-mass-spectrometry/lc-ms-software/lcmsms-method-package-for-lipid-mediators/index.html,2026-07-28T20:26:11,2026-07-09,ingestion,,,Initial observation is not evidence that a page or product changed.
shimadzu-monitor-product-page-added-d118afc96d42,Shimadzu official product page observed,unsupported,analyst_paraphrase,https://www.shimadzu.com/an/products/liquid-chromatograph-mass-spectrometry/lc-ms-software/multi-omics-analysis-package/index.html,2026-07-28T20:26:11,2026-07-09,ingestion,,,Initial observation is not evidence that a page or product changed.
shimadzu-monitor-product-page-added-d476cb2f1cc4,Shimadzu official product page observed,unsupported,analyst_paraphrase,https://www.shimadzu.com/an/products/liquid-chromatograph-mass-spectrometry/lc-ms-software/peakintelligence/index.html,2026-07-28T20:26:11,2026-07-09,ingestion,,,Initial observation is not evidence that a page or product changed.
shimadzu-monitor-product-page-added-e4d0878f4df4,Shimadzu official product page observed,unsupported,analyst_paraphrase,https://www.shimadzu.com/an/products/liquid-chromatograph-mass-spectrometry/lc-ms-software/traverse-ms/index.html,2026-07-28T20:26:11,2026-07-09,ingestion,,,Initial observation is not evidence that a page or product changed.
shimadzu-monitor-product-page-added-5e8fd6e496be,Shimadzu official product page observed,unsupported,analyst_paraphrase,https://www.shimadzu.com/an/products/liquid-chromatograph-mass-spectrometry/lc-ms-software/high-resolution-accurate-mass-library-for-forensic-toxicology/index.html,2026-07-28T20:26:11,2026-07-09,ingestion,,,Initial observation is not evidence that a page or product changed.
shimadzu-monitor-product-page-added-9390bf1071b4,Shimadzu official product page observed,unsupported,analyst_paraphrase,https://www.shimadzu.com/an/products/liquid-chromatograph-mass-spectrometry/lc-ms-software/labsolutions-insight-biologics/index.html,2026-07-28T20:26:11,2026-07-09,ingestion,,,Initial observation is not evidence that a page or product changed.
shimadzu-monitor-product-page-added-a9fdbe19bfde,Shimadzu official product page observed,unsupported,analyst_paraphrase,https://www.shimadzu.com/an/products/liquid-chromatograph-mass-spectrometry/automated-lc-msms/index.html,2026-07-28T20:26:11,2026-07-09,ingestion,,,Initial observation is not evidence that a page or product changed.
shimadzu-monitor-product-page-added-6c567803f190,Shimadzu official product page observed,unsupported,analyst_paraphrase,https://www.shimadzu.com/an/products/liquid-chromatograph-mass-spectrometry/stories/index.html,2026-07-28T20:26:11,2026-07-09,ingestion,,,Initial observation is not evidence that a page or product changed.
shimadzu-monitor-product-page-added-96ebf5b22508,Shimadzu official product page observed,unsupported,analyst_paraphrase,https://www.shimadzu.com/an/products/liquid-chromatograph-mass-spectrometry/lc-ms-consumables/stable-labeled-standards/index.html,2026-07-28T20:26:11,2026-07-09,ingestion,,,Initial observation is not evidence that a page or product changed.
shimadzu-monitor-product-page-added-4135a63f7e56,Shimadzu official product page observed,unsupported,analyst_paraphrase,https://www.shimadzu.com/an/products/software-informatics/labsolutions-series/labsolutions-ta/index.html,2026-07-28T20:26:11,2026-07-09,ingestion,,,Initial observation is not evidence that a page or product changed.
shimadzu-monitor-product-page-added-650a0d8b87ff,Shimadzu official product page observed,unsupported,analyst_paraphrase,https://www.shimadzu.com/an/products/software-informatics/labsolutions-series/labsolutionsgcms/index.html,2026-07-28T20:26:11,2026-07-09,ingestion,,,Initial observation is not evidence that a page or product changed.
shimadzu-monitor-product-page-added-bb824c4af68f,Shimadzu official product page observed,unsupported,analyst_paraphrase,https://www.shimadzu.com/an/products/software-informatics/labsolutions-series/index.html,2026-07-28T20:26:11,2026-07-09,ingestion,,,Initial observation is not evidence that a page or product changed.
shimadzu-monitor-product-page-added-3a8f3b0719e7,Shimadzu official product page observed,unsupported,analyst_paraphrase,https://www.shimadzu.com/an/products/software-informatics/labsolutions-series/labsolutions-lcgc/index.html,2026-07-28T20:26:11,2026-07-09,ingestion,,,Initial observation is not evidence that a page or product changed.
shimadzu-monitor-product-page-added-a7b1d70dcc65,Shimadzu official product page observed,unsupported,analyst_paraphrase,https://www.shimadzu.com/an/products/software-informatics/labsolutions-series/improving-the-data-integrity-of-spectrometers/index.html,2026-07-28T20:26:11,2026-07-09,ingestion,,,Initial observation is not evidence that a page or product changed.
shimadzu-monitor-product-page-added-d4a86b07fbd9,Shimadzu official product page observed,unsupported,analyst_paraphrase,https://www.shimadzu.com/an/products/software-informatics/labsolutions-series/system-linkage-option/index.html,2026-07-28T20:26:11,2026-07-09,ingestion,,,Initial observation is not evidence that a page or product changed.
shimadzu-monitor-product-page-added-e60848441ceb,Shimadzu official product page observed,unsupported,analyst_paraphrase,https://www.shimadzu.com/an/products/software-informatics/labsolutions-series/labsolutions-detect/index.html,2026-07-28T20:26:11,2026-07-09,ingestion,,,Initial observation is not evidence that a page or product changed.
shimadzu-monitor-product-page-added-64b8962dfdcb,Shimadzu official product page observed,unsupported,analyst_paraphrase,https://www.shimadzu.com/an/products/software-informatics/labsolutions-series/labsolutions-dbcs/index.html,2026-07-28T20:26:11,2026-07-09,ingestion,,,Initial observation is not evidence that a page or product changed.
shimadzu-monitor-product-page-added-ab9bdb043e24,Shimadzu official product page observed,unsupported,analyst_paraphrase,https://www.shimadzu.com/an/products/software-informatics/labsolutions-series/labsolutions-cs-powered-by-i-qlinks/index.html,2026-07-28T20:26:11,2026-07-09,ingestion,,,Initial observation is not evidence that a page or product changed.
shimadzu-monitor-product-page-added-fd5e5821267a,Shimadzu official product page observed,unsupported,analyst_paraphrase,https://www.shimadzu.com/an/products/software-informatics/labsolutions-series/labsolutions-insight-profiler/index.html,2026-07-28T20:26:11,2026-07-09,ingestion,,,Initial observation is not evidence that a page or product changed.
shimadzu-monitor-product-page-added-1bd762ed9815,Shimadzu official product page observed,unsupported,analyst_paraphrase,https://www.shimadzu.com/an/products/liquid-chromatography/ion-chromatograph/index.html,2026-07-28T20:26:11,2026-07-09,ingestion,,,Initial observation is not evidence that a page or product changed.
shimadzu-monitor-product-page-added-30d66629b766,Shimadzu official product page observed,unsupported,analyst_paraphrase,https://www.shimadzu.com/an/products/liquid-chromatography/ion-chromatograph/nexera-ic/index.html,2026-07-28T20:26:11,2026-07-09,ingestion,,,Initial observation is not evidence that a page or product changed.
shimadzu-monitor-product-page-added-f671c1a576ff,Shimadzu official product page observed,unsupported,analyst_paraphrase,https://www.shimadzu.com/an/products/liquid-chromatography/hplcuhplc/i-series/index.html,2026-07-28T20:26:11,2026-07-09,ingestion,,,Initial observation is not evidence that a page or product changed.
shimadzu-monitor-product-page-added-5cc52acdc991,Shimadzu official product page observed,unsupported,analyst_paraphrase,https://www.shimadzu.com/an/products/liquid-chromatography/hplcuhplc/index.html,2026-07-28T20:26:11,2026-07-09,ingestion,,,Initial observation is not evidence that a page or product changed.
shimadzu-monitor-product-page-added-8fb93454d535,Shimadzu official product page observed,unsupported,analyst_paraphrase,https://www.shimadzu.com/an/products/liquid-chromatography/hplcuhplc/lc-2030c-nt/index.html,2026-07-28T20:26:11,2026-07-09,ingestion,,,Initial observation is not evidence that a page or product changed.
shimadzu-monitor-product-page-added-9000f1db958b,Shimadzu official product page observed,unsupported,analyst_paraphrase,https://www.shimadzu.com/an/products/liquid-chromatography/hplcuhplc/nexera-series/index.html,2026-07-28T20:26:11,2026-07-09,ingestion,,,Initial observation is not evidence that a page or product changed.
shimadzu-monitor-product-page-added-d47d36473ec8,Shimadzu official product page observed,unsupported,analyst_paraphrase,https://www.shimadzu.com/an/products/liquid-chromatography/hplcuhplc/nexera-x4/index.html,2026-07-28T20:26:11,2026-07-09,ingestion,,,Initial observation is not evidence that a page or product changed.
thermo-fisher-monitor-press-release-76bfdaf0f5e8,Thermo Fisher Scientific Announces Quarterly Dividend,unreachable,analyst_paraphrase,https://ir.thermofisher.com/investors/news-events/news/news-details/2026/Thermo-Fisher-Scientific-Announces-Quarterly-Dividend-3dcda308b/default.aspx,2026-07-28T20:26:11,2026-07-09,publication,,,
pubmed-42449855,Preeclampsia Screening,unreachable,analyst_paraphrase,https://pubmed.ncbi.nlm.nih.gov/42449855/,2026-07-29T23:19:47,2026-07-02,publication,PubMed record title,Preeclampsia Screening,
thermo-fisher-monitor-press-release-79062e63c297,"Thermo Fisher Scientific to Hold Earnings Conference Call on Thursday, July 23, 2026",unreachable,analyst_paraphrase,https://ir.thermofisher.com/investors/news-events/news/news-details/2026/Thermo-Fisher-Scientific-to-Hold-Earnings-Conference-Call-on-Thursday-July-23-2026/default.aspx,2026-07-28T20:26:11,2026-07-01,publication,,,
thermo-fisher-monitor-product-page-updated-6f8b9d500879,Thermo Fisher official product page observed,unsupported,analyst_paraphrase,https://www.thermofisher.com/us/en/home/industrial/mass-spectrometry/liquid-chromatography-mass-spectrometry-lc-ms/lc-ms-systems/orbitrap-lc-ms/orbitrap-exploris-mass-spectrometers.html,2026-07-28T20:26:11,2026-06-30,ingestion,,,Initial observation is not evidence that a page or product changed.
thermo-fisher-monitor-product-page-updated-b0ad77dc1772,Thermo Fisher official product page observed,unsupported,analyst_paraphrase,https://www.thermofisher.com/us/en/home/industrial/mass-spectrometry/liquid-chromatography-mass-spectrometry-lc-ms/lc-ms-systems/orbitrap-lc-ms/orbitrap-exploris-mass-spectrometers/orbitrap-exploris-480-mass-spectrometers.html,2026-07-28T20:26:11,2026-06-30,ingestion,,,Initial observation is not evidence that a page or product changed.
thermo-fisher-monitor-product-page-updated-f40e133aa6ff,Thermo Fisher official product page observed,unsupported,analyst_paraphrase,https://www.thermofisher.com/us/en/home/industrial/mass-spectrometry/liquid-chromatography-mass-spectrometry-lc-ms/lc-ms-systems/orbitrap-lc-ms/orbitrap-exploris-mass-spectrometers/orbitrap-exploris-240-mass-spectrometers.html,2026-07-28T20:26:11,2026-06-30,ingestion,,,Initial observation is not evidence that a page or product changed.
thermo-fisher-monitor-product-page-updated-8015be403ecf,Thermo Fisher official product page observed,unsupported,analyst_paraphrase,https://www.thermofisher.com/us/en/home/industrial/mass-spectrometry/liquid-chromatography-mass-spectrometry-lc-ms/lc-ms-systems/orbitrap-lc-ms/orbitrap-exploris-mass-spectrometers/orbitrap-exploris-120-mass-spectrometers.html,2026-07-28T20:26:11,2026-06-30,ingestion,,,Initial observation is not evidence that a page or product changed.
thermo-fisher-monitor-product-page-updated-c7c480e39774,Thermo Fisher official product page observed,unsupported,analyst_paraphrase,https://www.thermofisher.com/us/en/home/industrial/chromatography/liquid-chromatography-lc/hplc-uhplc-systems/vanquish-amplify-uhplc-system.html,2026-07-28T20:26:11,2026-06-29,ingestion,,,Initial observation is not evidence that a page or product changed.
thermo-fisher-monitor-product-page-updated-f71fcdc13f41,Thermo Fisher official product page observed,unsupported,analyst_paraphrase,https://www.thermofisher.com/us/en/home/industrial/mass-spectrometry/liquid-chromatography-mass-spectrometry-lc-ms/lc-ms-systems/orbitrap-lc-ms.html,2026-07-28T20:26:11,2026-06-29,ingestion,,,Initial observation is not evidence that a page or product changed.
thermo-fisher-monitor-product-page-updated-49db11c56d26,Thermo Fisher official product page observed,unsupported,analyst_paraphrase,https://www.thermofisher.com/us/en/home/industrial/mass-spectrometry/liquid-chromatography-mass-spectrometry-lc-ms/lc-ms-systems/orbitrap-lc-ms/orbitrap-excedion-pro-mass-spectrometer.html,2026-07-28T20:26:11,2026-06-29,ingestion,,,Initial observation is not evidence that a page or product changed.
thermo-fisher-monitor-product-page-updated-2604cffb1ef2,Thermo Fisher official product page observed,unsupported,analyst_paraphrase,https://www.thermofisher.com/us/en/home/industrial/mass-spectrometry/liquid-chromatography-mass-spectrometry-lc-ms/lc-ms-systems/orbitrap-lc-ms/orbitrap-excedion-pro-mass-spectrometer/orbitrap-excedion-pro-biopharma-ms.html,2026-07-28T20:26:11,2026-06-29,ingestion,,,Initial observation is not evidence that a page or product changed.
sec-agilent-0001193125-26-282845,"AGILENT TECHNOLOGIES, INC. filed 8-K",unreachable,analyst_paraphrase,https://www.sec.gov/Archives/edgar/data/1090872/000119312526282845/d75293d8k.htm,2026-07-29T23:19:47,2026-06-25,publication,,,
thermo-fisher-monitor-product-page-updated-cdfaeffb9481,Thermo Fisher official product page observed,unsupported,analyst_paraphrase,https://www.thermofisher.com/us/en/home/industrial/mass-spectrometry/liquid-chromatography-mass-spectrometry-lc-ms/lc-ms-systems/triple-quadrupole-lc-ms/tsq-certis-triple-quadripole-ms.html,2026-07-28T20:26:11,2026-06-08,ingestion,,,Initial observation is not evidence that a page or product changed.
perkinelmer-project-farma-oracle-2026,PerkinElmer Project Farma expands PMIS offering with Oracle Primavera Cloud,partial,analyst_paraphrase,https://www.perkinelmer.com/corporate-and-newsroom/project-farma-expands-pmis-offering-oracle-primavera-cloud,2026-07-28T20:26:11,2026-06-04,publication,,,
agilent-openai-bcg-2026,"Agilent, OpenAI, and BCG collaborate on AI-driven scientific innovation",unreachable,analyst_paraphrase,https://www.agilent.com/about/newsroom/presrel/2026/03jun-gp26013.html,2026-07-28T20:26:11,2026-06-03,publication,,,
sec-sciex-0001193125-26-255555,Danaher Corporation filed 8-K,unreachable,analyst_paraphrase,https://www.sec.gov/Archives/edgar/data/313616/000119312526255555/d63873d8k.htm,2026-07-29T23:19:47,2026-06-03,publication,,,Do not attribute the filing or a corporate conclusion to SCIEX without an exact filing passage.
agilent-sound-analytics-dmpk-2026,Agilent and Sound Analytics collaborate on LC/MS workflows for DMPK,unreachable,analyst_paraphrase,https://www.agilent.com/about/newsroom/presrel/2026/01jun-ca26022.html,2026-07-28T20:26:11,2026-06-01,publication,,,
sciex-monitor-press-release-6e5bfd32b037,SCIEX launches the novus V55 system with SCIEX OS 5.0 software and AI enablement tools,partial,analyst_paraphrase,https://sciex.com/about-us/press-releases/2026/sciex-launches-its-5th-generation-of-nominal-mass-novus-v55-system-with-sciexos-5-0-software,2026-07-28T20:26:11,2026-06-01,publication,,,
sciex-monitor-press-release-b63fd59eab93,"SCIEX advances the ZenoTOF line with platform-wide expansions in software, integrations, and key collaborations",partial,analyst_paraphrase,https://sciex.com/about-us/press-releases/2026/zenotof-unlock,2026-07-28T20:26:11,2026-06-01,publication,,,
sec-agilent-0001090872-26-000055,"AGILENT TECHNOLOGIES, INC. filed 10-Q",unreachable,analyst_paraphrase,https://www.sec.gov/Archives/edgar/data/1090872/000109087226000055/a-20260430.htm,2026-07-29T23:19:47,2026-06-01,publication,,,
agilent-openlab-sync-usp-2026,Agilent introduces OpenLab Sync with USP MethodConnect integration,unreachable,analyst_paraphrase,https://www.agilent.com/about/newsroom/presrel/2026/28may-ca26020.html,2026-07-28T20:26:11,2026-05-28,publication,,,
perkinelmer-project-farma-valkit-ai-2026,PerkinElmer Project Farma partners with Valkit.ai on AI-powered validation,partial,analyst_paraphrase,https://www.perkinelmer.com/corporate-and-newsroom/project-farma-partners-valkitai,2026-07-28T20:26:11,2026-05-28,publication,,,
thermo-fisher-monitor-product-page-updated-bd169a255fd1,Thermo Fisher official product page observed,unsupported,analyst_paraphrase,https://www.thermofisher.com/us/en/home/industrial/mass-spectrometry/liquid-chromatography-mass-spectrometry-lc-ms/lc-ms-systems/orbitrap-lc-ms/orbitrap-tribrid-mass-spectrometers/orbitrap-tribrid-apex-mass-spectrometer.html,2026-07-28T20:26:11,2026-05-27,ingestion,,,Initial observation is not evidence that a page or product changed.
thermo-fisher-monitor-technical-insight-f83d4d127f83,"1,000 Publications and Counting: What Researchers Are Unlocking With the Orbitrap Astral Mass Spectrometer",partial,analyst_paraphrase,https://www.thermofisher.com/blog/analyteguru/1000-publications-and-counting-what-researchers-are-unlocking-with-the-orbitrap-astral-mass-spectrometer/,2026-07-28T20:26:11,2026-05-27,publication,,,
sec-agilent-0001090872-26-000052,"AGILENT TECHNOLOGIES, INC. filed 8-K",unreachable,analyst_paraphrase,https://www.sec.gov/Archives/edgar/data/1090872/000109087226000052/a-20260520.htm,2026-07-29T23:19:47,2026-05-27,publication,,,
thermo-fisher-monitor-product-page-updated-09b041f24af6,Thermo Fisher official product page observed,unsupported,analyst_paraphrase,https://www.thermofisher.com/us/en/home/industrial/mass-spectrometry/liquid-chromatography-mass-spectrometry-lc-ms/lc-ms-systems/orbitrap-lc-ms/orbitrap-tribrid-mass-spectrometers/orbitrap-eclipse-tribrid-mass-spectrometer.html,2026-07-28T20:26:11,2026-05-26,ingestion,,,Initial observation is not evidence that a page or product changed.
sec-thermo-0000097745-26-000117,THERMO FISHER SCIENTIFIC INC. filed 8-K,unreachable,analyst_paraphrase,https://www.sec.gov/Archives/edgar/data/97745/000009774526000117/tmo-20260520.htm,2026-07-29T23:19:47,2026-05-26,publication,,,
thermo-fisher-monitor-product-page-updated-9b0efa50a4a2,Thermo Fisher official product page observed,unsupported,analyst_paraphrase,https://www.thermofisher.com/us/en/home/industrial/mass-spectrometry/liquid-chromatography-mass-spectrometry-lc-ms/lc-ms-systems/orbitrap-lc-ms/orbitrap-excedion-pro-mass-spectrometer/orbitrap-excedion-pro-ms.html,2026-07-28T20:26:11,2026-05-22,ingestion,,,Initial observation is not evidence that a page or product changed.
agilent-nati-oligo-2026,Agilent and Singapore NATi partner on lipid-conjugated oligonucleotide research,unreachable,analyst_paraphrase,https://www.agilent.com/about/newsroom/presrel/2026/20may-ca26015.html,2026-07-28T20:26:11,2026-05-20,publication,,,
agilent-orca-biopharma-hub-2026,Agilent opens ORCA biopharma research hub in South Korea,unreachable,analyst_paraphrase,https://www.agilent.com/about/newsroom/presrel/2026/20may-ca26014.html,2026-07-28T20:26:11,2026-05-20,publication,,,
thermo-fisher-monitor-technical-insight-5e8a45f4f5b6,Advancing Clinical Research at ASMS 2026: From Robust Workflows to Real-World Impact,partial,analyst_paraphrase,https://www.thermofisher.com/blog/analyteguru/advancing-clinical-research-at-asms-2026-from-robust-workflows-to-real-world-impact/,2026-07-28T20:26:11,2026-05-14,publication,,,
thermo-fisher-monitor-technical-insight-e6a6e287fa80,Unlocking High-Throughput Potential in Liquid Chromatography With Vanquish Systems,partial,analyst_paraphrase,https://www.thermofisher.com/blog/analyteguru/unlocking-high-throughput-potential-in-liquid-chromatography-with-vanquish-systems/,2026-07-28T20:26:11,2026-05-12,publication,,,
sec-perkinelmer-0000031791-26-000019,"Revvity, Inc. filed 10-Q",unreachable,analyst_paraphrase,https://www.sec.gov/Archives/edgar/data/31791/000003179126000019/revv-20260405.htm,2026-07-29T23:19:47,2026-05-12,publication,,,Do not attribute this filing to PerkinElmer; use Revvity as the registrant.
sec-sciex-0000313616-26-000127,Danaher Corporation filed 8-K,unreachable,analyst_paraphrase,https://www.sec.gov/Archives/edgar/data/313616/000031361626000127/dhr-20260505.htm,2026-07-29T23:19:47,2026-05-07,publication,,,Do not attribute the filing or a corporate conclusion to SCIEX without an exact filing passage.
thermo-fisher-monitor-technical-insight-4d0e48f0a144,Turning Science Into Safer Water for Nearly 1.8 Million People,partial,analyst_paraphrase,https://www.thermofisher.com/blog/analyteguru/turning-science-into-safer-water-for-nearly-1-8-million-people/,2026-07-28T20:26:11,2026-05-05,publication,,,
sec-perkinelmer-0000031791-26-000016,"Revvity, Inc. filed 8-K",unreachable,analyst_paraphrase,https://www.sec.gov/Archives/edgar/data/31791/000003179126000016/pki-20260505.htm,2026-07-29T23:19:47,2026-05-05,publication,,,Do not attribute this filing to PerkinElmer; use Revvity as the registrant.
sec-agilent-0001193125-26-202636,"AGILENT TECHNOLOGIES, INC. filed 8-K",unreachable,analyst_paraphrase,https://www.sec.gov/Archives/edgar/data/1090872/000119312526202636/a-20260504.htm,2026-07-29T23:19:47,2026-05-04,publication,,,
pubmed-42222305,Extraction and determination of sartans: Recent advances and analytical perspectives,unreachable,analyst_paraphrase,https://pubmed.ncbi.nlm.nih.gov/42222305/,2026-07-29T23:19:47,2026-05-01,publication,PubMed record title,Extraction and determination of sartans: Recent advances and analytical perspectives,
sec-thermo-0000097745-26-000092,THERMO FISHER SCIENTIFIC INC. filed 10-Q,unreachable,analyst_paraphrase,https://www.sec.gov/Archives/edgar/data/97745/000009774526000092/tmo-20260328.htm,2026-07-29T23:19:47,2026-05-01,publication,,,
sec-perkinelmer-0001193125-26-201401,"Revvity, Inc. filed 8-K",unreachable,analyst_paraphrase,https://www.sec.gov/Archives/edgar/data/31791/000119312526201401/d146870d8k.htm,2026-07-29T23:19:47,2026-05-01,publication,,,Do not attribute this filing to PerkinElmer; use Revvity as the registrant.
thermo-fisher-monitor-technical-insight-4324a7244e14,"New Technical Note: Robust, High-Throughput Peptide Quantitation on the TSQ Certis Triple Quadrupole MS with OptiSpray Technology",partial,analyst_paraphrase,https://www.thermofisher.com/blog/analyteguru/new-technical-note-robust-high-throughput-peptide-quantitation-on-the-tsq-certis-triple-quadrupole-ms-with-optispray-technology/,2026-07-28T20:26:11,2026-04-29,publication,,,
sec-sciex-0001193125-26-191608,Danaher Corporation filed 8-K,unreachable,analyst_paraphrase,https://www.sec.gov/Archives/edgar/data/313616/000119312526191608/d107133d8k.htm,2026-07-29T23:19:47,2026-04-29,publication,,,Do not attribute the filing or a corporate conclusion to SCIEX without an exact filing passage.
thermo-fisher-monitor-technical-insight-ea2e06a66ada,Rethinking What’s Possible in Biological Research with the Orbitrap Astral Zoom Mass Spectrometer,partial,analyst_paraphrase,https://www.thermofisher.com/blog/analyteguru/rethinking-whats-possible-in-biological-research-with-the-orbitrap-astral-zoom-mass-spectrometer/,2026-07-28T20:26:11,2026-04-28,publication,,,
sec-thermo-0000097745-26-000086,THERMO FISHER SCIENTIFIC INC. filed 8-K,unreachable,analyst_paraphrase,https://www.sec.gov/Archives/edgar/data/97745/000009774526000086/tmo-20260423.htm,2026-07-29T23:19:47,2026-04-23,publication,,,
thermo-fisher-monitor-product-page-updated-175929474b04,Thermo Fisher official product page observed,unsupported,analyst_paraphrase,https://www.thermofisher.com/us/en/home/industrial/mass-spectrometry/liquid-chromatography-mass-spectrometry-lc-ms/lc-ms-systems/orbitrap-lc-ms/q-exactive-orbitrap-mass-spectrometers.html,2026-07-28T20:26:11,2026-04-22,ingestion,,,Initial observation is not evidence that a page or product changed.
thermo-fisher-monitor-technical-insight-f83d75ac14f7,"Neuroscience Takes Flight: How Collaboration, Spaceflight, and Orbitrap Astral MS Are Opening a New Window into Brain Aging",partial,analyst_paraphrase,https://www.thermofisher.com/blog/analyteguru/neuroscience-takes-flight-how-collaboration-spaceflight-and-orbitrap-astral-ms-are-opening-a-new-window-into-brain-aging/,2026-07-28T20:26:11,2026-04-21,publication,,,
sec-sciex-0000313616-26-000107,Danaher Corporation filed 10-Q,unreachable,analyst_paraphrase,https://www.sec.gov/Archives/edgar/data/313616/000031361626000107/dhr-20260327.htm,2026-07-29T23:19:47,2026-04-21,publication,,,Do not attribute the filing or a corporate conclusion to SCIEX without an exact filing passage.
agilent-omixai-proteomics-2026,Agilent partners with OmixAI on AI-driven proteomics in South Korea,unreachable,analyst_paraphrase,https://www.agilent.com/about/newsroom/presrel/2026/14apr-ca26012.html,2026-07-28T20:26:11,2026-04-14,publication,,,
thermo-fisher-monitor-technical-insight-e4e93afc5acb,What Happens When Glycoproteomics Meets Real-Time LC-MS Decision Making?,partial,analyst_paraphrase,https://www.thermofisher.com/blog/analyteguru/what-happens-when-glycoproteomics-meets-real-time-lc-ms-decision-making/,2026-07-28T20:26:11,2026-04-06,publication,,,
sec-agilent-0001193125-26-142101,"AGILENT TECHNOLOGIES, INC. filed 8-K",unreachable,analyst_paraphrase,https://www.sec.gov/Archives/edgar/data/1090872/000119312526142101/a-20260331.htm,2026-07-29T23:19:47,2026-04-03,publication,,,
agilent-mumbai-cec-2026,Agilent opens Customer Experience Center in Mumbai,unreachable,analyst_paraphrase,https://www.agilent.com/about/newsroom/presrel/2026/02apr-ca26011.html,2026-07-28T20:26:11,2026-04-02,publication,,,
thermo-fisher-monitor-technical-insight-252772b9d981,"Phosphorylation, ADMA, and O-GlcNAc Analysis on the Orbitrap Excedion Pro Mass Spectrometer",partial,analyst_paraphrase,https://www.thermofisher.com/blog/analyteguru/phosphorylation-adma-and-o-glcnac-analysis-on-the-orbitrap-excedion-pro-mass-spectrometer/,2026-07-28T20:26:11,2026-03-27,publication,,,
sec-thermo-0000097745-26-000066,THERMO FISHER SCIENTIFIC INC. filed 8-K,unreachable,analyst_paraphrase,https://www.sec.gov/Archives/edgar/data/97745/000009774526000066/tmo-20260324.htm,2026-07-29T23:19:47,2026-03-24,publication,,,
shimadzu-monitor-press-release-5d6c0db3bf69,Development of a MALDI Mass Spectrometry Method for Serotype Identification of Gene Therapy Vectors Collaborative Study Published in Analytical Chemistry,partial,analyst_paraphrase,https://www.shimadzu.com/news/2026/kl7r0r4uj64q9kpv.html,2026-07-28T20:26:11,2026-03-23,publication,,,
shimadzu-monitor-press-release-e691485b7639,DOSIMMUNE™ LC-MS/MS Immunosuppressant Analysis Kit Obtains European IVDR Class C Certification Contributing to Therapeutic Drug Monitoring,partial,analyst_paraphrase,https://www.shimadzu.com/news/2026/h8vx9je-kascz6do.html,2026-07-28T20:26:11,2026-03-23,publication,,,
shimadzu-monitor-press-release-9f9572aeee0c,Next-Generation Model Offers both Industry-Leading Separation Performance and Ultra-Fast Analysis Release of Nexera X4 Ultra High Performance Liquid Chromatograph,partial,analyst_paraphrase,https://www.shimadzu.com/news/2026/k8iri3_20_z4uvwt.html,2026-07-28T20:26:11,2026-03-03,publication,,,
thermo-fisher-monitor-technical-insight-d12fd4e1d0a9,Electrospray 101: What to Know About LC-MS Sources – and a First Look at Optispray,partial,analyst_paraphrase,https://www.thermofisher.com/blog/analyteguru/electrospray-101-what-to-know-about-lc-ms-sources-and-a-first-look-at-optispray/,2026-07-28T20:26:11,2026-03-03,publication,,,
sec-agilent-0001090872-26-000023,"AGILENT TECHNOLOGIES, INC. filed 10-Q",unreachable,analyst_paraphrase,https://www.sec.gov/Archives/edgar/data/1090872/000109087226000023/a-20260131.htm,2026-07-29T23:19:47,2026-03-03,publication,,,
pubmed-41355705,Angiogenic Biomarkers and Neonatal Outcomes in Suspected Preeclampsia: Retrospective Cohort Study,unreachable,analyst_paraphrase,https://pubmed.ncbi.nlm.nih.gov/41355705/,2026-07-29T23:19:47,2026-03-01,publication,PubMed record title,Angiogenic Biomarkers and Neonatal Outcomes in Suspected Preeclampsia: Retrospective Cohort Study,
sec-thermo-0000097745-26-000018,THERMO FISHER SCIENTIFIC INC. filed 10-K,unreachable,analyst_paraphrase,https://www.sec.gov/Archives/edgar/data/97745/000009774526000018/tmo-20251231.htm,2026-07-29T23:19:47,2026-02-26,publication,,,
sec-sciex-0000313616-26-000062,Danaher Corporation filed 10-K,unreachable,analyst_paraphrase,https://www.sec.gov/Archives/edgar/data/313616/000031361626000062/dhr-20251231.htm,2026-07-29T23:19:47,2026-02-24,publication,,,Do not attribute the filing or a corporate conclusion to SCIEX without an exact filing passage.
sec-perkinelmer-0000031791-26-000012,"Revvity, Inc. filed 10-K",unreachable,analyst_paraphrase,https://www.sec.gov/Archives/edgar/data/31791/000003179126000012/revv-20251228.htm,2026-07-29T23:19:47,2026-02-24,publication,,,Do not attribute this filing to PerkinElmer; use Revvity as the registrant.
shimadzu-monitor-press-release-ec6bc5b5fbee,Enables Reliable Water Quality Analysis for All Users and Reduces Workload through Smooth Operation Release of Nexera IC Ion Chromatograph,partial,analyst_paraphrase,https://www.shimadzu.com/news/2026/t0best6lrz8y0uk9.html,2026-07-28T20:26:11,2026-02-10,publication,,,
pubmed-41506022,Development and validation of a multi-class solid-phase extraction and liquid chromatography tandem mass spectrometry method for emerging contaminants in water,unreachable,analyst_paraphrase,https://pubmed.ncbi.nlm.nih.gov/41506022/,2026-07-29T23:19:47,2026-02-08,publication,PubMed record title,Development and validation of a multi-class solid-phase extraction and liquid chromatography tandem mass spectrometry method,
sciex-monitor-press-release-4d0a7e331929,The Echo® MS+ system integration with the ZenoTOF 8600 system delivers enhanced sensitivity for high-throughput screening,partial,analyst_paraphrase,https://sciex.com/about-us/press-releases/2026/the-echor-ms-system-integration-with-the-zenotof-8600-system-delivers-enhanced-sensitivity-for-high-throughput-screening,2026-07-28T20:26:11,2026-02-05,publication,,,
sec-perkinelmer-0000031791-26-000007,"Revvity, Inc. filed 8-K",unreachable,analyst_paraphrase,https://www.sec.gov/Archives/edgar/data/31791/000003179126000007/pki-20260202.htm,2026-07-29T23:19:47,2026-02-02,publication,,,Do not attribute this filing to PerkinElmer; use Revvity as the registrant.
pubmed-41111413,Effect of Parity and Previous Preeclampsia on Maternal Hemodynamics,unreachable,analyst_paraphrase,https://pubmed.ncbi.nlm.nih.gov/41111413/,2026-07-29T23:19:47,2026-02-01,publication,PubMed record title,Effect of Parity and Previous Preeclampsia on Maternal Hemodynamics,
sec-perkinelmer-0000031791-26-000003,"Revvity, Inc. filed 8-K",unreachable,analyst_paraphrase,https://www.sec.gov/Archives/edgar/data/31791/000003179126000003/pki-20260112.htm,2026-07-29T23:19:47,2026-01-13,publication,,,Do not attribute this filing to PerkinElmer; use Revvity as the registrant.
thermo-fisher-monitor-technical-insight-96c800a34b83,How to Cut HPLC Sample Preparation Time for Derivatizing Amino Acids,partial,analyst_paraphrase,https://www.thermofisher.com/blog/analyteguru/how-to-cut-hplc-sample-preparation-time-for-derivatizing-amino-acids/,2026-07-28T20:26:11,2026-01-08,publication,,,
pubmed-41422727,Fuzheng Kang'ai Formula suppresses NSCLC by inducing a functional crosstalk between autophagy and ferroptosis via EZH2/DOT1L/H3K79me2 signaling,unreachable,analyst_paraphrase,https://pubmed.ncbi.nlm.nih.gov/41422727/,2026-07-29T23:19:47,2026-01-01,publication,PubMed record title,Fuzheng Kang'ai Formula suppresses NSCLC by inducing a functional crosstalk between autophagy and ferroptosis via,
pubmed-42312152,A new frame shift pathogenic variant (c.773dupT) in the BCKDHB gene caused MSUD in an infant from north of Iran,unreachable,analyst_paraphrase,https://pubmed.ncbi.nlm.nih.gov/42312152/,2026-07-29T23:19:47,2026-01-01,publication,PubMed record title,A new frame shift pathogenic variant (c.773dupT) in the BCKDHB gene caused MSUD in an,
sec-agilent-0001090872-25-000087,"AGILENT TECHNOLOGIES, INC. filed 10-K",unreachable,analyst_paraphrase,https://www.sec.gov/Archives/edgar/data/1090872/000109087225000087/a-20251031.htm,2026-07-29T23:19:47,2025-12-22,publication,,,
thermo-fisher-monitor-technical-insight-256a54fd0597,Upgrade Smarter: Trade In Your Current LC-MS System and Boost Lab Performance Without Breaking Budget,partial,analyst_paraphrase,https://www.thermofisher.com/blog/analyteguru/upgrade-smarter-trade-in-your-current-lc-ms-system-and-boost-lab-performance-without-breaking-budget/,2026-07-28T20:26:11,2025-12-04,publication,,,
pubmed-40841006,Evolution of water-soluble organic aerosol composition from clean days to haze episodes in rural area of North China Plain,unreachable,analyst_paraphrase,https://pubmed.ncbi.nlm.nih.gov/40841006/,2026-07-29T23:19:47,2025-12-01,publication,PubMed record title,Evolution of water-soluble organic aerosol composition from clean days to haze episodes in rural area,
sec-perkinelmer-0000031791-25-000037,"Revvity, Inc. filed 10-Q",unreachable,analyst_paraphrase,https://www.sec.gov/Archives/edgar/data/31791/000003179125000037/revv-20250928.htm,2026-07-29T23:19:47,2025-11-04,publication,,,Do not attribute this filing to PerkinElmer; use Revvity as the registrant.
sec-thermo-0000097745-25-000159,THERMO FISHER SCIENTIFIC INC. filed 10-Q,unreachable,analyst_paraphrase,https://www.sec.gov/Archives/edgar/data/97745/000009774525000159/tmo-20250927.htm,2026-07-29T23:19:47,2025-10-31,publication,,,
thermo-fisher-monitor-technical-insight-ebd4e492a1b9,Unlock High-Performance LC-MS with Factory-Certified Systems from Thermo Fisher Scientific,partial,analyst_paraphrase,https://www.thermofisher.com/blog/analyteguru/unlock-high-performance-lc-ms-with-factory-certified-systems-from-thermo-fisher-scientific/,2026-07-28T20:26:11,2025-10-24,publication,,,
sec-sciex-0000313616-25-000182,Danaher Corporation filed 10-Q,unreachable,analyst_paraphrase,https://www.sec.gov/Archives/edgar/data/313616/000031361625000182/dhr-20250926.htm,2026-07-29T23:19:47,2025-10-21,publication,,,Do not attribute the filing or a corporate conclusion to SCIEX without an exact filing passage.
thermo-fisher-monitor-technical-insight-63da42085988,Modern Technologies for High-Performance LC-MS Data Transfers,partial,analyst_paraphrase,https://www.thermofisher.com/blog/analyteguru/modern-technologies-for-high-performance-lc-ms-data-transfers/,2026-07-28T20:26:11,2025-10-01,publication,,,
sec-agilent-0001090872-25-000036,"AGILENT TECHNOLOGIES, INC. filed 10-Q",unreachable,analyst_paraphrase,https://www.sec.gov/Archives/edgar/data/1090872/000109087225000036/a-20250731.htm,2026-07-29T23:19:47,2025-08-29,publication,,,
thermo-fisher-monitor-technical-insight-481c95686c7c,Radical-based Ion Activation and Dissociation,partial,analyst_paraphrase,https://www.thermofisher.com/blog/analyteguru/radical-based-ion-activation-and-dissociation/,2026-07-28T20:26:11,2025-08-26,publication,,,
sec-perkinelmer-0000031791-25-000026,"Revvity, Inc. filed 10-Q",unreachable,analyst_paraphrase,https://www.sec.gov/Archives/edgar/data/31791/000003179125000026/revv-20250629.htm,2026-07-29T23:19:47,2025-08-05,publication,,,Do not attribute this filing to PerkinElmer; use Revvity as the registrant.
sec-thermo-0000097745-25-000101,THERMO FISHER SCIENTIFIC INC. filed 10-Q,unreachable,analyst_paraphrase,https://www.sec.gov/Archives/edgar/data/97745/000009774525000101/tmo-20250628.htm,2026-07-29T23:19:47,2025-08-01,publication,,,
perkinelmer-covaris-hamilton-automation-2025,PerkinElmer Covaris and Hamilton partner on automated FFPE nucleic-acid extraction,partial,analyst_paraphrase,https://www.perkinelmer.com/corporate-and-newsroom/strategic-partnership-between-covaris-and-hamilton-empowers-labs-with-sonication-star,2026-07-28T20:26:11,2025-07-29,publication,,,
sec-sciex-0000313616-25-000153,Danaher Corporation filed 10-Q,unreachable,analyst_paraphrase,https://www.sec.gov/Archives/edgar/data/313616/000031361625000153/dhr-20250627.htm,2026-07-29T23:19:47,2025-07-22,publication,,,Do not attribute the filing or a corporate conclusion to SCIEX without an exact filing passage.
perkinelmer-taicang-china-facility-2025,PerkinElmer expands Taicang manufacturing and R&D facility for China strategy,partial,analyst_paraphrase,https://www.perkinelmer.com/au/perkinelmer-inaugurates-expanded-taicang-facility-power-china-china-and-beyond-strategy,2026-07-28T20:26:11,2025-07-02,publication,,,
sec-agilent-0001090872-25-000021,"AGILENT TECHNOLOGIES, INC. filed 10-Q",unreachable,analyst_paraphrase,https://www.sec.gov/Archives/edgar/data/1090872/000109087225000021/a-20250430.htm,2026-07-29T23:19:47,2025-06-02,publication,,,
sec-perkinelmer-0000031791-25-000015,"Revvity, Inc. filed 10-Q",unreachable,analyst_paraphrase,https://www.sec.gov/Archives/edgar/data/31791/000003179125000015/revv-20250330.htm,2026-07-29T23:19:47,2025-05-06,publication,,,Do not attribute this filing to PerkinElmer; use Revvity as the registrant.
sec-thermo-0000097745-25-000041,THERMO FISHER SCIENTIFIC INC. filed 10-Q,unreachable,analyst_paraphrase,https://www.sec.gov/Archives/edgar/data/97745/000009774525000041/tmo-20250329.htm,2026-07-29T23:19:47,2025-05-02,publication,,,
sec-sciex-0000313616-25-000088,Danaher Corporation filed 10-Q,unreachable,analyst_paraphrase,https://www.sec.gov/Archives/edgar/data/313616/000031361625000088/dhr-20250328.htm,2026-07-29T23:19:47,2025-04-22,publication,,,Do not attribute the filing or a corporate conclusion to SCIEX without an exact filing passage.
sec-agilent-0001090872-25-000008,"AGILENT TECHNOLOGIES, INC. filed 10-Q",unreachable,analyst_paraphrase,https://www.sec.gov/Archives/edgar/data/1090872/000109087225000008/a-20250131.htm,2026-07-29T23:19:47,2025-03-03,publication,,,
sec-perkinelmer-0000031791-25-000009,"Revvity, Inc. filed 10-K",unreachable,analyst_paraphrase,https://www.sec.gov/Archives/edgar/data/31791/000003179125000009/revv-20241229.htm,2026-07-29T23:19:47,2025-02-25,publication,,,Do not attribute this filing to PerkinElmer; use Revvity as the registrant.
sec-thermo-0000097745-25-000010,THERMO FISHER SCIENTIFIC INC. filed 10-K,unreachable,analyst_paraphrase,https://www.sec.gov/Archives/edgar/data/97745/000009774525000010/tmo-20241231.htm,2026-07-29T23:19:47,2025-02-20,publication,,,
sec-sciex-0000313616-25-000043,Danaher Corporation filed 10-K,unreachable,analyst_paraphrase,https://www.sec.gov/Archives/edgar/data/313616/000031361625000043/dhr-20241231.htm,2026-07-29T23:19:47,2025-02-20,publication,,,Do not attribute the filing or a corporate conclusion to SCIEX without an exact filing passage.
pubmed-39957899,Targeted screening and profiling of massive components of colistimethate sodium by two-dimensional-liquid chromatography-mass spectrometry based on self-constructed compound database,unreachable,analyst_paraphrase,https://pubmed.ncbi.nlm.nih.gov/39957899/,2026-07-29T23:19:47,2025-02-01,publication,PubMed record title,Targeted screening and profiling of massive components of colistimethate sodium by two-dimensional-liquid chromatography-mass spectrometry based,
pubmed-39830726,Qualitative and Quantitative Analysis of Tire Wear Particles (TWPs) in Road Dust Using a Novel Mode of Operation of TGA-GC/MS,unreachable,analyst_paraphrase,https://pubmed.ncbi.nlm.nih.gov/39830726/,2026-07-29T23:19:47,2025-01-14,publication,PubMed record title,Qualitative and Quantitative Analysis of Tire Wear Particles (TWPs) in Road Dust Using a Novel,
pubmed-40180450,Efficient discrimination of functional hematopoietic stem cell progenitors for transplantation by combining alkaline phosphatase activity and CD34(+) immunophenotyping,unreachable,analyst_paraphrase,https://pubmed.ncbi.nlm.nih.gov/40180450/,2026-07-29T23:19:47,2025-01-01,publication,PubMed record title,Efficient discrimination of functional hematopoietic stem cell progenitors for transplantation by combining alkaline phosphatase activity,
pubmed-39884822,Efflux transporters in drug disposition during pregnancy,unreachable,analyst_paraphrase,https://pubmed.ncbi.nlm.nih.gov/39884822/,2026-07-29T23:19:47,2025-01-01,publication,PubMed record title,Efflux transporters in drug disposition during pregnancy,
pubmed-39759287,Lipid imbalance and inflammatory oxylipin cascade at the maternal-fetal interface in recurrent spontaneous abortion,unreachable,analyst_paraphrase,https://pubmed.ncbi.nlm.nih.gov/39759287/,2026-07-29T23:19:47,2024-12-30,publication,PubMed record title,Lipid imbalance and inflammatory oxylipin cascade at the maternal-fetal interface in recurrent spontaneous abortion,
sec-agilent-0001090872-24-000049,"AGILENT TECHNOLOGIES, INC. filed 10-K",unreachable,analyst_paraphrase,https://www.sec.gov/Archives/edgar/data/1090872/000109087224000049/a-20241031.htm,2026-07-29T23:19:47,2024-12-20,publication,,,
pubmed-39660347,Validation of a Dried Blood Spot Assay for Testosterone Measurement Using Liquid Chromatography-Tandem Mass Spectrometry,unreachable,analyst_paraphrase,https://pubmed.ncbi.nlm.nih.gov/39660347/,2026-07-29T23:19:47,2024-12-01,publication,PubMed record title,Validation of a Dried Blood Spot Assay for Testosterone Measurement Using Liquid Chromatography-Tandem Mass Spectrometry,
sec-perkinelmer-0000031791-24-000028,"Revvity, Inc. filed 10-Q",unreachable,analyst_paraphrase,https://www.sec.gov/Archives/edgar/data/31791/000003179124000028/pki-20240929.htm,2026-07-29T23:19:47,2024-11-06,publication,,,Do not attribute this filing to PerkinElmer; use Revvity as the registrant.
sec-thermo-0000097745-24-000046,THERMO FISHER SCIENTIFIC INC. filed 10-Q,unreachable,analyst_paraphrase,https://www.sec.gov/Archives/edgar/data/97745/000009774524000046/tmo-20240928.htm,2026-07-29T23:19:47,2024-11-01,publication,,,
sec-sciex-0000313616-24-000220,Danaher Corporation filed 10-Q,unreachable,analyst_paraphrase,https://www.sec.gov/Archives/edgar/data/313616/000031361624000220/dhr-20240927.htm,2026-07-29T23:19:47,2024-10-22,publication,,,Do not attribute the filing or a corporate conclusion to SCIEX without an exact filing passage.
pubmed-39126342,Simultaneous quantification of icaritin and its novel 3-methylcarbamate prodrug in rat plasma using HPLC-MS/MS and its application to pharmacokinetic study,unreachable,analyst_paraphrase,https://pubmed.ncbi.nlm.nih.gov/39126342/,2026-07-29T23:19:47,2024-10-01,publication,PubMed record title,Simultaneous quantification of icaritin and its novel 3-methylcarbamate prodrug in rat plasma using HPLC-MS/MS and,
sec-agilent-0001090872-24-000033,"AGILENT TECHNOLOGIES, INC. filed 10-Q",unreachable,analyst_paraphrase,https://www.sec.gov/Archives/edgar/data/1090872/000109087224000033/a-20240731.htm,2026-07-29T23:19:47,2024-08-30,publication,,,
pubmed-38685627,Comparison of assay methods for quantifying sex hormone concentrations across the menstrual cycle in rhesus macaques†,unreachable,analyst_paraphrase,https://pubmed.ncbi.nlm.nih.gov/38685627/,2026-07-29T23:19:47,2024-08-15,publication,PubMed record title,Comparison of assay methods for quantifying sex hormone concentrations across the menstrual cycle in rhesus,
sec-perkinelmer-0000031791-24-000021,"Revvity, Inc. filed 10-Q",unreachable,analyst_paraphrase,https://www.sec.gov/Archives/edgar/data/31791/000003179124000021/pki-20240630.htm,2026-07-29T23:19:47,2024-08-06,publication,,,Do not attribute this filing to PerkinElmer; use Revvity as the registrant.
sec-thermo-0000097745-24-000040,THERMO FISHER SCIENTIFIC INC. filed 10-Q,unreachable,analyst_paraphrase,https://www.sec.gov/Archives/edgar/data/97745/000009774524000040/tmo-20240629.htm,2026-07-29T23:19:47,2024-08-02,publication,,,
sec-sciex-0000313616-24-000186,Danaher Corporation filed 10-Q,unreachable,analyst_paraphrase,https://www.sec.gov/Archives/edgar/data/313616/000031361624000186/dhr-20240628.htm,2026-07-29T23:19:47,2024-07-23,publication,,,Do not attribute the filing or a corporate conclusion to SCIEX without an exact filing passage.
sec-agilent-0001090872-24-000021,"AGILENT TECHNOLOGIES, INC. filed 10-Q",unreachable,analyst_paraphrase,https://www.sec.gov/Archives/edgar/data/1090872/000109087224000021/a-20240430.htm,2026-07-29T23:19:47,2024-06-03,publication,,,
sec-perkinelmer-0000031791-24-000014,"Revvity, Inc. filed 10-Q",unreachable,analyst_paraphrase,https://www.sec.gov/Archives/edgar/data/31791/000003179124000014/pki-20240331.htm,2026-07-29T23:19:47,2024-05-07,publication,,,Do not attribute this filing to PerkinElmer; use Revvity as the registrant.
sec-thermo-0000097745-24-000023,THERMO FISHER SCIENTIFIC INC. filed 10-Q,unreachable,analyst_paraphrase,https://www.sec.gov/Archives/edgar/data/97745/000009774524000023/tmo-20240330.htm,2026-07-29T23:19:47,2024-05-03,publication,,,
sec-sciex-0000313616-24-000102,Danaher Corporation filed 10-Q,unreachable,analyst_paraphrase,https://www.sec.gov/Archives/edgar/data/313616/000031361624000102/dhr-20240329.htm,2026-07-29T23:19:47,2024-04-23,publication,,,Do not attribute the filing or a corporate conclusion to SCIEX without an exact filing passage.
sec-agilent-0001090872-24-000011,"AGILENT TECHNOLOGIES, INC. filed 10-Q",unreachable,analyst_paraphrase,https://www.sec.gov/Archives/edgar/data/1090872/000109087224000011/a-20240131.htm,2026-07-29T23:19:47,2024-03-05,publication,,,
sec-perkinelmer-0000031791-24-000004,"Revvity, Inc. filed 10-K",unreachable,analyst_paraphrase,https://www.sec.gov/Archives/edgar/data/31791/000003179124000004/pki-20231231.htm,2026-07-29T23:19:47,2024-02-27,publication,,,Do not attribute this filing to PerkinElmer; use Revvity as the registrant.
sec-thermo-0000097745-24-000007,THERMO FISHER SCIENTIFIC INC. filed 10-K,unreachable,analyst_paraphrase,https://www.sec.gov/Archives/edgar/data/97745/000009774524000007/tmo-20231231.htm,2026-07-29T23:19:47,2024-02-22,publication,,,
sec-sciex-0000313616-24-000052,Danaher Corporation filed 10-K,unreachable,analyst_paraphrase,https://www.sec.gov/Archives/edgar/data/313616/000031361624000052/dhr-20231231.htm,2026-07-29T23:19:47,2024-02-21,publication,,,Do not attribute the filing or a corporate conclusion to SCIEX without an exact filing passage.
pubmed-39301300,Factors Associated With Treatment Escalation for Psoriasis: An Analysis of Electronic Health Records Data,unreachable,analyst_paraphrase,https://pubmed.ncbi.nlm.nih.gov/39301300/,2026-07-29T23:19:47,2024-01-01,publication,PubMed record title,Factors Associated With Treatment Escalation for Psoriasis: An Analysis of Electronic Health Records Data,
pubmed-39949573,Characterization of serum metabolome and respiratory microbiota in children with influenza A virus infection,unreachable,analyst_paraphrase,https://pubmed.ncbi.nlm.nih.gov/39949573/,2026-07-29T23:19:47,2024-01-01,publication,PubMed record title,Characterization of serum metabolome and respiratory microbiota in children with influenza A virus infection,
sec-agilent-0001090872-23-000020,"AGILENT TECHNOLOGIES, INC. filed 10-K",unreachable,analyst_paraphrase,https://www.sec.gov/Archives/edgar/data/1090872/000109087223000020/a-20231031.htm,2026-07-29T23:19:47,2023-12-20,publication,,,
sec-perkinelmer-0000031791-23-000014,"Revvity, Inc. filed 10-Q",unreachable,analyst_paraphrase,https://www.sec.gov/Archives/edgar/data/31791/000003179123000014/pki-20231001.htm,2026-07-29T23:19:47,2023-11-07,publication,,,Do not attribute this filing to PerkinElmer; use Revvity as the registrant.
sec-thermo-0000097745-23-000069,THERMO FISHER SCIENTIFIC INC. filed 10-Q,unreachable,analyst_paraphrase,https://www.sec.gov/Archives/edgar/data/97745/000009774523000069/tmo-20230930.htm,2026-07-29T23:19:47,2023-11-03,publication,,,
sec-sciex-0000313616-23-000256,Danaher Corporation filed 10-Q,unreachable,analyst_paraphrase,https://www.sec.gov/Archives/edgar/data/313616/000031361623000256/dhr-20230929.htm,2026-07-29T23:19:47,2023-10-24,publication,,,Do not attribute the filing or a corporate conclusion to SCIEX without an exact filing passage.
sec-agilent-0001090872-23-000015,"AGILENT TECHNOLOGIES, INC. filed 10-Q",unreachable,analyst_paraphrase,https://www.sec.gov/Archives/edgar/data/1090872/000109087223000015/a-20230731.htm,2026-07-29T23:19:47,2023-08-31,publication,,,
sec-perkinelmer-0000031791-23-000011,"Revvity, Inc. filed 10-Q",unreachable,analyst_paraphrase,https://www.sec.gov/Archives/edgar/data/31791/000003179123000011/pki-20230702.htm,2026-07-29T23:19:47,2023-08-09,publication,,,Do not attribute this filing to PerkinElmer; use Revvity as the registrant.
sec-thermo-0000097745-23-000059,THERMO FISHER SCIENTIFIC INC. filed 10-Q,unreachable,analyst_paraphrase,https://www.sec.gov/Archives/edgar/data/97745/000009774523000059/tmo-20230701.htm,2026-07-29T23:19:47,2023-08-04,publication,,,
cv-waters-acquity-pressure-leaks,"Public troubleshooting patterns cluster around leaks, pressure behavior, fittings, seals, and repeat diagnostic steps.",unreachable,analyst_paraphrase,https://www.reddit.com/r/CHROMATOGRAPHY/comments/1uk333s/update_uplc_waters_high_pressure_problem/,2026-07-29T00:23:46+00:00,2026-06-30,publication,Mapped public evidence record(s); see evidenceRecords,,"Analyst-authored synthesis, not a verbatim customer quotation; public forums over-represent problem reports and volume does not equal sentiment or prevalence."
cv-waters-acquity-carryover-autosampler,"Public support and forum signals often frame carryover as a method, needle-wash, sample-path, or maintenance problem that users must narrow manually.",partial,analyst_paraphrase,https://www.reddit.com/r/CHROMATOGRAPHY/comments/1h1i93y/waters_acquity_uplc_beh_17_um_21_x_100_mm_column/,2026-07-29T00:23:46+00:00,2024-11-27,publication,Mapped public evidence record(s); see evidenceRecords,,"Analyst-authored synthesis, not a verbatim customer quotation; public forums over-represent problem reports and volume does not equal sentiment or prevalence."
cv-waters-empower-breeze-software,"Public signals tend to separate compliance strength from day-to-day ease of setup, troubleshooting, and user training.",partial,directional_synthesis,https://www.reddit.com/r/CHROMATOGRAPHY/comments/1e3y2sy/getting_started_with_empower_3/,2026-07-29T00:23:46+00:00,2024-07-15,publication,Mapped public evidence record(s); see evidenceRecords,,"Analyst-authored synthesis, not a verbatim customer quotation; public forums over-represent problem reports and volume does not equal sentiment or prevalence."
cv-waters-alliance-legacy-service,"Equipment-page and support-style signals indicate legacy users care about parts, serviceability, data-system compatibility, and known methods.",unreachable,directional_synthesis,https://www.labwrench.com/thread/135698/hplc-pump-and-autosampler-preventative-performance-maintenance,2026-07-29T00:23:46+00:00,2016-05-11,publication,Mapped public evidence record(s); see evidenceRecords,,"Analyst-authored synthesis, not a verbatim customer quotation; public forums over-represent problem reports and volume does not equal sentiment or prevalence."
cv-waters-arc-method-modernization,"Public source mapping suggests upgrade candidates care about method continuity, familiar operation, validation burden, and lower risk migration.",unreachable,directional_synthesis,https://www.reddit.com/r/CHROMATOGRAPHY/comments/1somxpf/waters_acquity_arc_lcms_214_nm_uv_baseline/,2026-07-29T00:23:46+00:00,2026-04-18,publication,Mapped public evidence record(s); see evidenceRecords,,"Analyst-authored synthesis, not a verbatim customer quotation; public forums over-represent problem reports and volume does not equal sentiment or prevalence."
cv-waters-acquity-performance,Public product positioning and review-source mapping support Waters strength in performance-oriented LC workflows.,unreachable,directional_synthesis,https://www.reddit.com/r/CHROMATOGRAPHY/comments/xlr4pf/best_uhplc_on_the_market/,2026-07-29T00:23:46+00:00,2022-09-23,publication,Mapped public evidence record(s); see evidenceRecords,,"Analyst-authored synthesis, not a verbatim customer quotation; public forums over-represent problem reports and volume does not equal sentiment or prevalence."
cv-agilent-infinity-reliability,Public competitor positioning and review/forum source mapping repeatedly make Agilent a comparison point for routine LC reliability and usability.,unreachable,directional_synthesis,https://www.reddit.com/r/CHROMATOGRAPHY/comments/1q24noh/reccomendations_for_new_hplc_system_for_routine/,2026-07-29T00:23:46+00:00,2026-01-02,publication,Mapped public evidence record(s); see evidenceRecords,,"Analyst-authored synthesis, not a verbatim customer quotation; public forums over-represent problem reports and volume does not equal sentiment or prevalence."
cv-agilent-cost-software,Public lab-community signals often weigh usability and cost alongside instrument reliability.,unreachable,directional_synthesis,https://www.reddit.com/r/CHROMATOGRAPHY/comments/1q24noh/reccomendations_for_new_hplc_system_for_routine/,2026-07-29T00:23:46+00:00,2026-01-02,publication,Mapped public evidence record(s); see evidenceRecords,,"Analyst-authored synthesis, not a verbatim customer quotation; public forums over-represent problem reports and volume does not equal sentiment or prevalence."
cv-thermo-vanquish-ecosystem,Public competitor positioning and forum-source mapping make ecosystem integration a key comparison point.,partial,directional_synthesis,https://www.reddit.com/r/CHROMATOGRAPHY/comments/1h6lnr0/agilent_1260_hplc_vs_thermo_vanquish_flex/,2026-07-29T00:23:46+00:00,2024-12-04,publication,Mapped public evidence record(s); see evidenceRecords,,"Analyst-authored synthesis, not a verbatim customer quotation; public forums over-represent problem reports and volume does not equal sentiment or prevalence."
cv-thermo-vanquish-complexity,"Public community signals around integrated workflows often raise training, setup, and troubleshooting complexity.",unreachable,directional_synthesis,https://www.reddit.com/r/CHROMATOGRAPHY/comments/1q24noh/reccomendations_for_new_hplc_system_for_routine/,2026-07-29T00:23:46+00:00,2026-01-02,publication,Mapped public evidence record(s); see evidenceRecords,,"Analyst-authored synthesis, not a verbatim customer quotation; public forums over-represent problem reports and volume does not equal sentiment or prevalence."
cv-shimadzu-nexera-value,Public competitor positioning and review-source mapping support a value/reliability comparison point.,unreachable,directional_synthesis,https://www.reddit.com/r/CHROMATOGRAPHY/comments/1q24noh/reccomendations_for_new_hplc_system_for_routine/,2026-07-29T00:23:46+00:00,2026-01-02,publication,Mapped public evidence record(s); see evidenceRecords,,"Analyst-authored synthesis, not a verbatim customer quotation; public forums over-represent problem reports and volume does not equal sentiment or prevalence."
cv-shimadzu-software-integration,Public source mapping suggests method-transfer and software experience remain meaningful comparison criteria across LC vendors.,partial,directional_synthesis,https://www.reddit.com/r/CHROMATOGRAPHY/comments/1i7ixun/lab_solutions_frustration/,2026-07-29T00:23:46+00:00,2025-01-22,publication,Mapped public evidence record(s); see evidenceRecords,,"Analyst-authored synthesis, not a verbatim customer quotation; public forums over-represent problem reports and volume does not equal sentiment or prevalence."
cv-sciex-exionlc-lcms-fit,Public competitor positioning and source mapping make LC-MS workflow integration the main customer-value frame.,partial,directional_synthesis,https://www.reddit.com/r/CHROMATOGRAPHY/comments/1f4airi/which_hplcmsms/,2026-07-29T00:23:46+00:00,2024-08-29,publication,Mapped public evidence record(s); see evidenceRecords,,"Analyst-authored synthesis, not a verbatim customer quotation; public forums over-represent problem reports and volume does not equal sentiment or prevalence."
cv-cross-vendor-training,"Across public sources, routine LC pain often appears as training burden, method setup confusion, and reliance on local experts.",unreachable,directional_synthesis,https://www.reddit.com/r/CHROMATOGRAPHY/comments/1q24noh/reccomendations_for_new_hplc_system_for_routine/,2026-07-29T00:23:46+00:00,2026-01-02,publication,Mapped public evidence record(s); see evidenceRecords,,"Analyst-authored synthesis, not a verbatim customer quotation; public forums over-represent problem reports and volume does not equal sentiment or prevalence."
cv-cross-vendor-consumables-cost,"Public review/Q&A style sources often surface total cost, parts, service, and consumables as buying friction.",unreachable,directional_synthesis,https://www.reddit.com/r/CHROMATOGRAPHY/comments/1uu27p8/which_lc_ms_brand_is_reliable_and_affordable/,2026-07-29T00:23:46+00:00,2026-07-12,publication,Mapped public evidence record(s); see evidenceRecords,,"Analyst-authored synthesis, not a verbatim customer quotation; public forums over-represent problem reports and volume does not equal sentiment or prevalence."
cv-waters-targetlynx-data-review,A user processing more than 100 samples across 150 analytes described TargetLynx review as tedious and asked for a faster workflow.,unreachable,analyst_paraphrase,https://www.reddit.com/r/massspectrometry/comments/1uxyipd/efficient_quant_workflow_for_targetlynx/,2026-07-29T00:23:46+00:00,2026-07-16,publication,Mapped public evidence record(s); see evidenceRecords,,"Analyst-authored synthesis, not a verbatim customer quotation; public forums over-represent problem reports and volume does not equal sentiment or prevalence."
cv-waters-unifi-data-access,"The discussion contrasts MS Quan improvements with concerns about UNIFI, MassLynx, waters_connect, and service-only access.",unreachable,analyst_paraphrase,https://www.reddit.com/r/massspectrometry/comments/1ux1imr/most_frustrating_thing_about_mass_spectrometry/,2026-07-29T00:23:46+00:00,2026-07-15,publication,Mapped public evidence record(s); see evidenceRecords,,"Analyst-authored synthesis, not a verbatim customer quotation; public forums over-represent problem reports and volume does not equal sentiment or prevalence."
cv-waters-synapt-fluidics,The user could not clear a fluidics-stopped loop until the source-pressure test was identified as the underlying cause.,unreachable,analyst_paraphrase,https://www.reddit.com/r/massspectrometry/comments/1u1dpq6/synapt_nonresponsive_fluidics_purge_issue/,2026-07-29T00:23:46+00:00,2026-06-09,publication,Mapped public evidence record(s); see evidenceRecords,,"Analyst-authored synthesis, not a verbatim customer quotation; public forums over-represent problem reports and volume does not equal sentiment or prevalence."
cv-waters-cross-vendor-control,Users described coordinating MassLynx with ChemStation and contact closure to run mixed-vendor hardware.,unreachable,analyst_paraphrase,https://www.reddit.com/r/massspectrometry/comments/1up1dlw/best_software_to_use_agilent_g3540a_gc_with/,2026-07-29T00:23:46+00:00,2026-07-06,publication,Mapped public evidence record(s); see evidenceRecords,,"Analyst-authored synthesis, not a verbatim customer quotation; public forums over-represent problem reports and volume does not equal sentiment or prevalence."
cv-market-vendor-service-comparison,"The discussion explicitly asks users to compare instruments, consumables, software, and human support.",unreachable,analyst_paraphrase,https://www.reddit.com/r/CHROMATOGRAPHY/comments/1sbtsdx/comparing_vendors_and_systems_thoughts/,2026-07-29T00:23:46+00:00,2026-04-03,publication,Mapped public evidence record(s); see evidenceRecords,,"Analyst-authored synthesis, not a verbatim customer quotation; public forums over-represent problem reports and volume does not equal sentiment or prevalence."
cv-waters-masslynx-conversion-speed,"The user compared MassLynx and open conversion tools for mzML conversion, lock-mass correction, and centroiding.",unreachable,analyst_paraphrase,https://www.reddit.com/r/massspectrometry/comments/1sognqt/what_is_the_fastest_way_to_convert_raw_files_to/,2026-07-29T00:23:46+00:00,2026-04-17,publication,Mapped public evidence record(s); see evidenceRecords,,"Analyst-authored synthesis, not a verbatim customer quotation; public forums over-represent problem reports and volume does not equal sentiment or prevalence."
cv-waters-imms-data-portability,Users raised UNIFI and waters_connect export constraints while comparing IM-MS platforms and analysis options.,unreachable,analyst_paraphrase,https://www.reddit.com/r/massspectrometry/comments/1rembme/imms_options/,2026-07-29T00:23:46+00:00,2026-02-25,publication,Mapped public evidence record(s); see evidenceRecords,,"Analyst-authored synthesis, not a verbatim customer quotation; public forums over-represent problem reports and volume does not equal sentiment or prevalence."
cv-waters-columns-driver-integration,The discussion praises Waters LC and consumables but calls the software and third-party driver integration inconsistent.,unreachable,analyst_paraphrase,https://www.reddit.com/r/massspectrometry/comments/1tausv5/ms_is_half_the_equation/,2026-07-29T00:23:46+00:00,2026-05-12,publication,Mapped public evidence record(s); see evidenceRecords,,"Analyst-authored synthesis, not a verbatim customer quotation; public forums over-represent problem reports and volume does not equal sentiment or prevalence."
cv-market-lcms-vendor-ranking,"Users rejected a single overall ranking and compared vendors by application, hardware, software, and local support.",unreachable,analyst_paraphrase,https://www.reddit.com/r/massspectrometry/comments/1p15xrz/which_company_ranked_1_for_lcms/,2026-07-29T00:23:46+00:00,2025-11-19,publication,Mapped public evidence record(s); see evidenceRecords,,"Analyst-authored synthesis, not a verbatim customer quotation; public forums over-represent problem reports and volume does not equal sentiment or prevalence."
cv-thermo-sciex-proteomics-fit,"Users compared Thermo and SCIEX systems while discussing Vanquish flow capability, stability, service, and application fit.",unreachable,analyst_paraphrase,https://www.reddit.com/r/massspectrometry/comments/1pw3739/sciex_or_thermo_for_proteomics/,2026-07-29T00:23:46+00:00,2025-12-26,publication,Mapped public evidence record(s); see evidenceRecords,,"Analyst-authored synthesis, not a verbatim customer quotation; public forums over-represent problem reports and volume does not equal sentiment or prevalence."
cv-market-new-lab-ms-selection,"Users emphasized local service and repair experience alongside TOF, Orbitrap, and application-workflow differences.",unreachable,analyst_paraphrase,https://www.reddit.com/r/massspectrometry/comments/1nlcb3p/new_lab_ms_option_help/,2026-07-29T00:23:46+00:00,2025-09-19,publication,Mapped public evidence record(s); see evidenceRecords,,"Analyst-authored synthesis, not a verbatim customer quotation; public forums over-represent problem reports and volume does not equal sentiment or prevalence."
cv-agilent-secondhand-serviceability,A user documented restoring network communication on a second-hand Agilent 6550 through embedded-PC troubleshooting.,unreachable,analyst_paraphrase,https://www.reddit.com/r/massspectrometry/comments/1mzna4c/a_record_of_fixing_a_secondhand_agilent_ms/,2026-07-29T00:23:46+00:00,2025-08-25,publication,Mapped public evidence record(s); see evidenceRecords,,"Analyst-authored synthesis, not a verbatim customer quotation; public forums over-represent problem reports and volume does not equal sentiment or prevalence."
cv-market-service-contracts,The discussion compares service providers and OEM contracts for a mixed chromatography fleet.,partial,analyst_paraphrase,https://www.reddit.com/r/CHROMATOGRAPHY/comments/1peddhs/who_consistently_gives_the_best_highest_quality/,2026-07-29T00:23:46+00:00,2025-12-04,publication,Mapped public evidence record(s); see evidenceRecords,,"Analyst-authored synthesis, not a verbatim customer quotation; public forums over-represent problem reports and volume does not equal sentiment or prevalence."
cv-public-e5eccb8568bea5,﻿ Agilent LCMSMS 6470B vs 6475 - Chromatography Forum Advertisement Register Log in Log in Notifications Notifications Settings You have no notifications See All Quick links Unanswered topics Active topics Search FAQ Get in Touch with Us Chromatography Forum Unanswered topics Active topics Search Log in Register Skip to content Liquid Chromatography Gas Chromatography Hyphenated Techniques Sample Preparation Data Issues Jobs & Announcements FAQs Applications Notes Webinars Learning Hubs Home Chr,partial,analyst_paraphrase,https://www.chromforum.org/viewtopic.php?t=122481,2026-07-29T00:23:46+00:00,2025-08-08,publication,Mapped public evidence record(s); see evidenceRecords,,"Analyst-authored synthesis, not a verbatim customer quotation; public forums over-represent problem reports and volume does not equal sentiment or prevalence."
cv-public-60387a73676cf5,﻿ Need help troubleshoot Waters 2410 and 2414 - Chromatography Forum Advertisement Register Log in Log in Notifications Notifications Settings You have no notifications See All Quick links Unanswered topics Active topics Search FAQ Get in Touch with Us Chromatography Forum Unanswered topics Active topics Search Log in Register Skip to content Liquid Chromatography Gas Chromatography Hyphenated Techniques Sample Preparation Data Issues Jobs & Announcements FAQs Applications Notes Webinars Learnin,partial,analyst_paraphrase,https://www.chromforum.org/viewtopic.php?t=122404,2026-07-29T00:23:46+00:00,2016-07-04,publication,Mapped public evidence record(s); see evidenceRecords,,"Analyst-authored synthesis, not a verbatim customer quotation; public forums over-represent problem reports and volume does not equal sentiment or prevalence."
cv-public-1ade4471eb58d9,﻿ Agilent MWD / DAD noise test fail UV and Vis - Chromatography Forum Advertisement Register Log in Log in Notifications Notifications Settings You have no notifications See All Quick links Unanswered topics Active topics Search FAQ Get in Touch with Us Chromatography Forum Unanswered topics Active topics Search Log in Register Skip to content Liquid Chromatography Gas Chromatography Hyphenated Techniques Sample Preparation Data Issues Jobs & Announcements FAQs Applications Notes Webinars Learni,partial,analyst_paraphrase,https://www.chromforum.org/viewtopic.php?t=122426,2026-07-29T00:23:46+00:00,2014-06-24,publication,Mapped public evidence record(s); see evidenceRecords,,"Analyst-authored synthesis, not a verbatim customer quotation; public forums over-represent problem reports and volume does not equal sentiment or prevalence."
cv-public-0fccea23bf6448,Perfect column for metabolomic purpose!,verified,verbatim_quote,https://www.selectscience.net/product/acquity-uplc-r-beh-c18-and-c8-columns,2026-07-29T00:23:46+00:00,2017-03-21,publication,Embedded structured product review text,Perfect column for metabolomic purpose!,One dated public review; do not generalize prevalence from a single reviewer.
cv-public-13d8655cb1b4c1,"BRS Analytical Services, LLC — CGMP/Finished Pharmaceuticals/Adulterated (2025-09-17) | Chromatography Institute of America dba Compounder’s International Analytical Laboratory — CGMP/Finished Pharmaceutical/API/Adulterated (2025-08-20) | Shiva Analyticals Private Limited — CGMP/Finished Pharmaceuticals/Adulterated (2025-07-23) | Jiangsu Kerbio Medical Technology Group Co. — Good Laboratory Practice (GLP) for Nonclinical Laboratory Studies (2025-07-11) | Green Wave Analytical, LLC — CGMP/Finishe",partial,analyst_paraphrase,https://www.fda.gov/inspections-compliance-enforcement-and-criminal-investigations/compliance-actions-and-activities/warning-letters/datatables-data?_format=xlsx&page=0,2026-07-29T00:23:46+00:00,2025-09-17,publication,Mapped public evidence record(s); see evidenceRecords,,"Analyst-authored synthesis, not a verbatim customer quotation; public forums over-represent problem reports and volume does not equal sentiment or prevalence."
cv-public-d1d7ebe0cd662a,"Procedures not in writing, fully followed (243 citations) | Investigations of discrepancies, failures (164 citations) | Scientifically sound laboratory controls (121 citations) | Cleaning / Sanitizing / Maintenance (95 citations) | Computer control of master formula records (87 citations) | Equipment Design, Size and Location (81 citations) | Written procedures not established/followed (70 citations) | Testing and release for distribution (44 citations)",partial,analyst_paraphrase,https://www.fda.gov/media/190190/download?attachment=,2026-07-29T00:23:46+00:00,2025-09-30,publication,Mapped public evidence record(s); see evidenceRecords,,"Analyst-authored synthesis, not a verbatim customer quotation; public forums over-represent problem reports and volume does not equal sentiment or prevalence."
agilent-lc-lcms-pharma-apac-growth-2026-q2,"Agilent says LC and LC-MS are helping drive pharma, APAC, and advanced-materials growth",unreachable,analyst_paraphrase,https://www.sec.gov/Archives/edgar/data/1090872/000109087226000055/a-20260430.htm,2026-07-29T23:30:00-04:00,2026-06-01,filing,MD&A: Life Sciences and Applied Markets Group revenue discussion,very strong revenue growth in our liquid chromatography,The headline is an analyst paraphrase of the cited filing passage.
agilent-crosslab-service-growth-2026-q2,Agilent CrossLab and services growth points to lifecycle/service differentiation,unreachable,analyst_paraphrase,https://www.sec.gov/Archives/edgar/data/1090872/000109087226000055/a-20260430.htm,2026-07-29T23:30:00-04:00,2026-06-01,filing,Revenue discussion for Agilent CrossLab / services and other revenue in the quarterly operating results.,,Analyst interpretation of the cited filing passage.
thermo-bioproduction-chrom-ms-2026-q1,Thermo is pairing bioproduction investment with chromatography and MS resilience,unreachable,analyst_paraphrase,https://www.sec.gov/Archives/edgar/data/97745/000009774526000092/tmo-20260328.htm,2026-07-29T23:30:00-04:00,2026-05-01,filing,Acquisition/business overview language plus Analytical Instruments segment revenue discussion.,,Analyst interpretation of the cited filing passage.
thermo-analytical-instruments-margin-pressure-2026-q1,Thermo Analytical Instruments was flat with margin pressure despite chromatography/MS growth,unreachable,analyst_paraphrase,https://www.sec.gov/Archives/edgar/data/97745/000009774526000092/tmo-20260328.htm,2026-07-29T23:30:00-04:00,2026-05-01,filing,Analytical Instruments segment operating results and margin commentary.,,Analyst interpretation of the cited filing passage.
revvity-software-ai-life-sciences-2026,Revvity expanded Life Sciences software through ACD/Labs while quarterly software revenue increased,unreachable,analyst_paraphrase,https://www.sec.gov/Archives/edgar/data/31791/000003179126000019/revv-20260405.htm,2026-07-29T23:30:00-04:00,2026-05-12,filing,Note 3 and Life Sciences segment results,increase of $7.9 million in Software revenue,Analyst interpretation of the cited filing passage.
filing-move-agilent-1,"Agilent agreed to acquire Biocare, a provider of clinical and research solutions, and plans to place it in Life Sciences and Diagnostics Markets.",unreachable,analyst_paraphrase,https://www.sec.gov/Archives/edgar/data/1090872/000109087226000055/a-20260430.htm,2026-07-29T23:30:00-04:00,2026-03-06,filing,,,Analyst interpretation of the cited filing passage.
filing-move-thermo-fisher-1,Thermo acquired Clario to add clinical-trial endpoint data solutions and expand patient-data decision support within Laboratory Products and Biopharma Services.,unreachable,analyst_paraphrase,https://www.sec.gov/Archives/edgar/data/97745/000009774526000092/tmo-20260328.htm,2026-07-29T23:30:00-04:00,2026-03-24,filing,,,Analyst interpretation of the cited filing passage.
filing-move-thermo-fisher-2,Thermo acquired Solventum's purification and filtration business to strengthen upstream and downstream bioproduction workflows.,unreachable,analyst_paraphrase,https://www.sec.gov/Archives/edgar/data/97745/000009774526000092/tmo-20260328.htm,2026-07-29T23:30:00-04:00,2025-09-01,filing,,,Analyst interpretation of the cited filing passage.
filing-move-thermo-fisher-3,"Thermo agreed to sell its Specialty Diagnostics microbiology business to Astorg, subject to approvals and closing conditions.",unreachable,analyst_paraphrase,https://www.sec.gov/Archives/edgar/data/97745/000009774526000092/tmo-20260328.htm,2026-07-29T23:30:00-04:00,2026-04-27,filing,,,Analyst interpretation of the cited filing passage.
filing-move-revvity-1,"Revvity acquired ACD/Labs, a scientific-software provider for analytical characterization and molecular design in pharmaceutical and materials markets.",unreachable,analyst_paraphrase,https://www.sec.gov/Archives/edgar/data/31791/000003179126000019/revv-20260405.htm,2026-07-29T23:30:00-04:00,2026-01-01,filing,Note 3: Business Combinations,completed its acquisition of Advanced Chemistry Development Inc. (ACD/Labs) for $72.0 million,Analyst interpretation of the cited filing passage.
