claimID,claim,status,languageType,url,retrievalDate,sourceDate,sourceDateType,sourceLocation,supportingExcerpt,caveat
trend-lnp-rna,LNP and RNA therapeutics workflows shows 905 PubMed records in the last year,unreachable,analyst_paraphrase,https://pubmed.ncbi.nlm.nih.gov/?term=%28%28%22lipid+nanoparticle%22+OR+LNP+OR+%22RNA+therapeutics%22+OR+mRNA%29+AND+%28%22LC-MS%22+OR+chromatography+OR+%22mass+spectrometry%22%29%29+AND+%28%222025%2F08%2F02%22%5BDate+-+Publication%5D+%3A+%222026%2F08%2F02%22%5BDate+-+Publication%5D%29,2026-08-02T16:01:52,2026-08-02,publication,,,
trend-oligos,Oligonucleotide and nucleic-acid analytics shows 647 PubMed records in the last year,unreachable,analyst_paraphrase,https://pubmed.ncbi.nlm.nih.gov/?term=%28%28oligonucleotide+OR+%22nucleic+acid%22+OR+siRNA%29+AND+%28%22LC-MS%22+OR+chromatography+OR+%22mass+spectrometry%22%29%29+AND+%28%222025%2F08%2F02%22%5BDate+-+Publication%5D+%3A+%222026%2F08%2F02%22%5BDate+-+Publication%5D%29,2026-08-02T16:01:52,2026-08-02,publication,,,
trend-pfas,PFAS and environmental contaminant testing shows 325 PubMed records in the last year,unreachable,analyst_paraphrase,https://pubmed.ncbi.nlm.nih.gov/?term=%28%28PFAS+OR+%22per-+and+polyfluoroalkyl%22%29+AND+%28%22LC-MS%22+OR+%22LC-MS%2FMS%22+OR+chromatography%29%29+AND+%28%222025%2F08%2F02%22%5BDate+-+Publication%5D+%3A+%222026%2F08%2F02%22%5BDate+-+Publication%5D%29,2026-08-02T16:01:52,2026-08-02,publication,,,
trend-proteomics,High-resolution proteomics and metabolomics shows 9654 PubMed records in the last year,unreachable,analyst_paraphrase,https://pubmed.ncbi.nlm.nih.gov/?term=%28%28proteomics+OR+metabolomics%29+AND+%28%22LC-MS%22+OR+Orbitrap+OR+%22mass+spectrometry%22%29%29+AND+%28%222025%2F08%2F02%22%5BDate+-+Publication%5D+%3A+%222026%2F08%2F02%22%5BDate+-+Publication%5D%29,2026-08-02T16:01:52,2026-08-02,publication,,,
trend-automation,Lab automation and software-enabled workflows shows 1125 PubMed records in the last year,unreachable,analyst_paraphrase,https://pubmed.ncbi.nlm.nih.gov/?term=%28%28%22laboratory+automation%22+OR+%22workflow+software%22+OR+%22AI%22%29+AND+%28%22LC-MS%22+OR+chromatography+OR+%22mass+spectrometry%22%29%29+AND+%28%222025%2F08%2F02%22%5BDate+-+Publication%5D+%3A+%222026%2F08%2F02%22%5BDate+-+Publication%5D%29,2026-08-02T16:01:52,2026-08-02,publication,,,
pubmed-42542376,Who Achieves Minimal and Very Low Disease Activity in Psoriatic Arthritis? An Analysis of the CorEvitas Psoriatic Arthritis/Spondyloarthritis Registry,unreachable,analyst_paraphrase,https://pubmed.ncbi.nlm.nih.gov/42542376/,2026-08-02T16:01:52,2026-08-01,publication,PubMed record title,Who Achieves Minimal and Very Low Disease Activity in Psoriatic Arthritis? An Analysis of the,
pubmed-42542265,"Mechanism and Active ingredients of Gancao Qinlian Granules in ameliorating ulcerative colitis:integrated in vivo, in vitro, network pharmacology and untargeted metabolomics investigation",unreachable,analyst_paraphrase,https://pubmed.ncbi.nlm.nih.gov/42542265/,2026-08-02T16:01:52,2026-08-01,publication,PubMed record title,"Mechanism and Active ingredients of Gancao Qinlian Granules in ameliorating ulcerative colitis:integrated in vivo, in",
pubmed-42417511,"Development, Validation, and Application of an LC-MS/MS Method for Pharmacokinetic Studies for the Datopotamab Deruxtecan-Dlnk Quantification in Rat Plasma",unreachable,analyst_paraphrase,https://pubmed.ncbi.nlm.nih.gov/42417511/,2026-08-02T16:01:52,2026-08-01,publication,PubMed record title,"Development, Validation, and Application of an LC-MS/MS Method for Pharmacokinetic Studies for the Datopotamab Deruxtecan-Dlnk",
pubmed-42541904,Per- and polyfluoroalkyl substances and type 2 diabetes risk: Evidence from metabolomics and triglyceride-glucose index-related pathways,unreachable,analyst_paraphrase,https://pubmed.ncbi.nlm.nih.gov/42541904/,2026-08-02T16:01:52,2026-08-01,publication,PubMed record title,Per- and polyfluoroalkyl substances and type 2 diabetes risk: Evidence from metabolomics and triglyceride-glucose index-related,
shimadzu-monitor-press-release-86785e458896,Team Representing Japan Wins at the World Deaf Team Tennis Championships Komokata of the SHIMADZU Breakers Excels as Team Ace,partial,analyst_paraphrase,https://www.shimadzu.com/news/2026/xsmnp89535xpnhd1.html,2026-08-02T16:01:52,2026-07-31,publication,,,
sec-thermo-0000097745-26-000144,THERMO FISHER SCIENTIFIC INC. filed 10-Q,unreachable,analyst_paraphrase,https://www.sec.gov/Archives/edgar/data/97745/000009774526000144/tmo-20260627.htm,2026-08-02T16:01:52,2026-07-31,publication,,,
pubmed-42021604,Oxygen Attachment Dissociation of Protonated Reserpine and Its Analogs,unreachable,analyst_paraphrase,https://pubmed.ncbi.nlm.nih.gov/42021604/,2026-08-02T16:01:52,2026-07-30,publication,PubMed record title,Oxygen Attachment Dissociation of Protonated Reserpine and Its Analogs,
agilent-monitor-press-release-623e580388b3,"Agilent Research Catalyst Award Presented to Eastern Institute of Technology, Ningbo",unreachable,analyst_paraphrase,https://www.agilent.com/about/newsroom/presrel/2026/29jul-ca26028.html,2026-08-02T16:01:52,2026-07-29,publication,,,
agilent-monitor-press-release-d6158395d694,Agilent to Announce Third-Quarter Fiscal Year 2026 Financial Results on Aug. 26,unreachable,analyst_paraphrase,https://www.agilent.com/about/newsroom/presrel/2026/28jul-gp26015.html,2026-08-02T16:01:52,2026-07-28,publication,,,
sciex-monitor-product-page-added-62bb59b3169d,SCIEX official product page observed,unsupported,analyst_paraphrase,https://sciex.com/products/mass-spectrometers/qtof-systems,2026-07-28T20:26:11,2026-07-23,ingestion,,,Initial observation is not evidence that a page or product changed.
sciex-monitor-product-page-added-5ddf8bde9f75,SCIEX official product page observed,unsupported,analyst_paraphrase,https://sciex.com/products/mass-spectrometers/qtof-systems/x-series-qtof-systems,2026-07-28T20:26:11,2026-07-23,ingestion,,,Initial observation is not evidence that a page or product changed.
sciex-monitor-product-page-added-cae81400b14f,SCIEX official product page observed,unsupported,analyst_paraphrase,https://sciex.com/products/mass-spectrometers/qtof-systems/x-series-qtof-systems/x500r-qtof-system,2026-07-28T20:26:11,2026-07-23,ingestion,,,Initial observation is not evidence that a page or product changed.
sciex-monitor-product-page-added-fee1e23a2e50,SCIEX official product page observed,unsupported,analyst_paraphrase,https://sciex.com/products/mass-spectrometers/qtof-systems/x-series-qtof-systems/x500b-qtof-system,2026-07-28T20:26:11,2026-07-23,ingestion,,,Initial observation is not evidence that a page or product changed.
sciex-monitor-product-page-added-777d02ea1b1c,SCIEX official product page observed,unsupported,analyst_paraphrase,https://sciex.com/products/mass-spectrometers/qtof-systems/tripletof-systems,2026-07-28T20:26:11,2026-07-23,ingestion,,,Initial observation is not evidence that a page or product changed.
sciex-monitor-product-page-added-f5464f0d2efc,SCIEX official product page observed,unsupported,analyst_paraphrase,https://sciex.com/products/mass-spectrometers/qtof-systems/tripletof-systems/tripletof-6600-system,2026-07-28T20:26:11,2026-07-23,ingestion,,,Initial observation is not evidence that a page or product changed.
sciex-monitor-product-page-added-19681c49754f,SCIEX official product page observed,unsupported,analyst_paraphrase,https://sciex.com/products/mass-spectrometers/qtof-systems/tripletof-systems/tripletof-6600plus-system,2026-07-28T20:26:11,2026-07-23,ingestion,,,Initial observation is not evidence that a page or product changed.
sciex-monitor-product-page-added-965cea28d0ce,SCIEX official product page observed,unsupported,analyst_paraphrase,https://sciex.com/products/mass-spectrometers/qtof-systems/zenotof-7600-system,2026-07-28T20:26:11,2026-07-23,ingestion,,,Initial observation is not evidence that a page or product changed.
sciex-monitor-product-page-added-23b18ccf1b09,SCIEX official product page observed,unsupported,analyst_paraphrase,https://sciex.com/products/mass-spectrometers/qtof-systems/7600-plus-system,2026-07-28T20:26:11,2026-07-23,ingestion,,,Initial observation is not evidence that a page or product changed.
sciex-monitor-product-page-added-d90b109b1581,SCIEX official product page observed,unsupported,analyst_paraphrase,https://sciex.com/products/mass-spectrometers/qtof-systems/8600-system,2026-07-28T20:26:11,2026-07-23,ingestion,,,Initial observation is not evidence that a page or product changed.
sciex-monitor-product-page-added-5df2f0f91e55,SCIEX official product page observed,unsupported,analyst_paraphrase,https://sciex.com/products/mass-spectrometers/qtrap-systems,2026-07-28T20:26:11,2026-07-23,ingestion,,,Initial observation is not evidence that a page or product changed.
sciex-monitor-product-page-added-2c770db764c7,SCIEX official product page observed,unsupported,analyst_paraphrase,https://sciex.com/products/mass-spectrometers/qtrap-systems/qtrap-6500plus-system,2026-07-28T20:26:11,2026-07-23,ingestion,,,Initial observation is not evidence that a page or product changed.
sciex-monitor-product-page-added-0d05594c2b18,SCIEX official product page observed,unsupported,analyst_paraphrase,https://sciex.com/products/mass-spectrometers/qtrap-systems/qtrap-6500-system,2026-07-28T20:26:11,2026-07-23,ingestion,,,Initial observation is not evidence that a page or product changed.
sciex-monitor-product-page-added-b6feafec1bee,SCIEX official product page observed,unsupported,analyst_paraphrase,https://sciex.com/products/mass-spectrometers/qtrap-systems/qtrap-5500-system,2026-07-28T20:26:11,2026-07-23,ingestion,,,Initial observation is not evidence that a page or product changed.
sciex-monitor-product-page-added-c4440faa7a3c,SCIEX official product page observed,unsupported,analyst_paraphrase,https://sciex.com/products/mass-spectrometers/qtrap-systems/qtrap-4500-system,2026-07-28T20:26:11,2026-07-23,ingestion,,,Initial observation is not evidence that a page or product changed.
sciex-monitor-product-page-added-91a12f854736,SCIEX official product page observed,unsupported,analyst_paraphrase,https://sciex.com/products/mass-spectrometers/qtrap-systems/qtrap-4000-system,2026-07-28T20:26:11,2026-07-23,ingestion,,,Initial observation is not evidence that a page or product changed.
sciex-monitor-product-page-added-9921c26421cd,SCIEX official product page observed,unsupported,analyst_paraphrase,https://sciex.com/products/mass-spectrometers/qtrap-systems/qtrap-3200-system,2026-07-28T20:26:11,2026-07-23,ingestion,,,Initial observation is not evidence that a page or product changed.
sciex-monitor-product-page-added-57935b1aa90e,SCIEX official product page observed,unsupported,analyst_paraphrase,https://sciex.com/products/mass-spectrometers/triple-quad-systems,2026-07-28T20:26:11,2026-07-23,ingestion,,,Initial observation is not evidence that a page or product changed.
sciex-monitor-product-page-added-7b6b3eb96e94,SCIEX official product page observed,unsupported,analyst_paraphrase,https://sciex.com/products/mass-spectrometers/triple-quad-systems/triple-quad-6500plus-system,2026-07-28T20:26:11,2026-07-23,ingestion,,,Initial observation is not evidence that a page or product changed.
sciex-monitor-product-page-added-67f68e7bd394,SCIEX official product page observed,unsupported,analyst_paraphrase,https://sciex.com/products/mass-spectrometers/triple-quad-systems/triple-quad-5500-system,2026-07-28T20:26:11,2026-07-23,ingestion,,,Initial observation is not evidence that a page or product changed.
sciex-monitor-product-page-added-0ee05b43b5b0,SCIEX official product page observed,unsupported,analyst_paraphrase,https://sciex.com/products/mass-spectrometers/triple-quad-systems/triple-quad-4500-system,2026-07-28T20:26:11,2026-07-23,ingestion,,,Initial observation is not evidence that a page or product changed.
sciex-monitor-product-page-added-2d23d2b57780,SCIEX official product page observed,unsupported,analyst_paraphrase,https://sciex.com/products/mass-spectrometers/triple-quad-systems/triple-quad-3500-system,2026-07-28T20:26:11,2026-07-23,ingestion,,,Initial observation is not evidence that a page or product changed.
sciex-monitor-product-page-added-05090ccb6d0b,SCIEX official product page observed,unsupported,analyst_paraphrase,https://sciex.com/products/mass-spectrometers/triple-quad-systems/api-3200-system,2026-07-28T20:26:11,2026-07-23,ingestion,,,Initial observation is not evidence that a page or product changed.
sciex-monitor-product-page-added-38baf1ce585a,SCIEX official product page observed,unsupported,analyst_paraphrase,https://sciex.com/products/mass-spectrometers/triple-quad-systems/triple-quad-6500-system,2026-07-28T20:26:11,2026-07-23,ingestion,,,Initial observation is not evidence that a page or product changed.
sciex-monitor-product-page-added-7446537876dc,SCIEX official product page observed,unsupported,analyst_paraphrase,https://sciex.com/products/mass-spectrometers/triple-quad-systems/api-4000-system,2026-07-28T20:26:11,2026-07-23,ingestion,,,Initial observation is not evidence that a page or product changed.
sciex-monitor-product-page-added-c01a352e2408,SCIEX official product page observed,unsupported,analyst_paraphrase,https://sciex.com/products/mass-spectrometers/triple-quad-systems/triple-quad-7500-system,2026-07-28T20:26:11,2026-07-23,ingestion,,,Initial observation is not evidence that a page or product changed.
sciex-monitor-product-page-added-b64fb8adbee0,SCIEX official product page observed,unsupported,analyst_paraphrase,https://sciex.com/products/mass-spectrometers/triple-quad-systems/triple-quad-7500-plus-system,2026-07-28T20:26:11,2026-07-23,ingestion,,,Initial observation is not evidence that a page or product changed.
sciex-monitor-product-page-added-b9db12fdd5b3,SCIEX official product page observed,unsupported,analyst_paraphrase,https://sciex.com/products/mass-spectrometers/triple-quad-systems/novus-v55-system,2026-07-28T20:26:11,2026-07-23,ingestion,,,Initial observation is not evidence that a page or product changed.
sciex-monitor-product-page-added-c1ab57ccce28,SCIEX official product page observed,unsupported,analyst_paraphrase,https://sciex.com/products/mass-spectrometers/triple-quad-systems/triple-quad-5500-plus-system,2026-07-28T20:26:11,2026-07-23,ingestion,,,Initial observation is not evidence that a page or product changed.
sciex-monitor-product-page-added-005d90674d6c,SCIEX official product page observed,unsupported,analyst_paraphrase,https://sciex.com/products/mass-spectrometers/tof-tof-systems,2026-07-28T20:26:11,2026-07-23,ingestion,,,Initial observation is not evidence that a page or product changed.
sciex-monitor-product-page-added-96b9477f3118,SCIEX official product page observed,unsupported,analyst_paraphrase,https://sciex.com/products/mass-spectrometers/tof-tof-systems/tof-tof-5800-system,2026-07-28T20:26:11,2026-07-23,ingestion,,,Initial observation is not evidence that a page or product changed.
sciex-monitor-product-page-added-004bc7b2cce0,SCIEX official product page observed,unsupported,analyst_paraphrase,https://sciex.com/products/mass-spectrometers/novus-v55-roi-calculator,2026-07-28T20:26:11,2026-07-23,ingestion,,,Initial observation is not evidence that a page or product changed.
sciex-monitor-product-page-added-9f9cfe4bf69c,SCIEX official product page observed,unsupported,analyst_paraphrase,https://sciex.com/products/hplc-products/microlc-products,2026-07-28T20:26:11,2026-07-23,ingestion,,,Initial observation is not evidence that a page or product changed.
sciex-monitor-product-page-added-d435a9222360,SCIEX official product page observed,unsupported,analyst_paraphrase,https://sciex.com/products/hplc-products/microlc-products/micro-hplc-columns,2026-07-28T20:26:11,2026-07-23,ingestion,,,Initial observation is not evidence that a page or product changed.
sciex-monitor-product-page-added-ffaac4b25f20,SCIEX official product page observed,unsupported,analyst_paraphrase,https://sciex.com/products/hplc-products/microlc-products/m5-microlc,2026-07-28T20:26:11,2026-07-23,ingestion,,,Initial observation is not evidence that a page or product changed.
sciex-monitor-product-page-added-e3df624edd3d,SCIEX official product page observed,unsupported,analyst_paraphrase,https://sciex.com/products/hplc-products/nanolc-products,2026-07-28T20:26:11,2026-07-23,ingestion,,,Initial observation is not evidence that a page or product changed.
sciex-monitor-product-page-added-fc71984d502f,SCIEX official product page observed,unsupported,analyst_paraphrase,https://sciex.com/products/hplc-products/nanolc-products/nanolc-400,2026-07-28T20:26:11,2026-07-23,ingestion,,,Initial observation is not evidence that a page or product changed.
sciex-monitor-product-page-added-c75c2bf4ab86,SCIEX official product page observed,unsupported,analyst_paraphrase,https://sciex.com/products/hplc-products/nanolc-products/nano-chiplc-columns,2026-07-28T20:26:11,2026-07-23,ingestion,,,Initial observation is not evidence that a page or product changed.
sciex-monitor-product-page-added-2b21e0614609,SCIEX official product page observed,unsupported,analyst_paraphrase,https://sciex.com/products/hplc-products/nanolc-products/chiplc-system,2026-07-28T20:26:11,2026-07-23,ingestion,,,Initial observation is not evidence that a page or product changed.
sciex-monitor-product-page-added-1037503b160c,SCIEX official product page observed,unsupported,analyst_paraphrase,https://sciex.com/products/hplc-products/nanolc-products/micro-chiplc-columns,2026-07-28T20:26:11,2026-07-23,ingestion,,,Initial observation is not evidence that a page or product changed.
sciex-monitor-product-page-added-68a1e5a30cad,SCIEX official product page observed,unsupported,analyst_paraphrase,https://sciex.com/products/hplc-products/exionlc-2,2026-07-28T20:26:11,2026-07-23,ingestion,,,Initial observation is not evidence that a page or product changed.
sciex-monitor-product-page-added-89c52ec3b161,SCIEX official product page observed,unsupported,analyst_paraphrase,https://sciex.com/products/hplc-products/exionlc-ae,2026-07-28T20:26:11,2026-07-23,ingestion,,,Initial observation is not evidence that a page or product changed.
sciex-monitor-product-page-added-83681a999612,SCIEX official product page observed,unsupported,analyst_paraphrase,https://sciex.com/products/software/analyst-software,2026-07-28T20:26:11,2026-07-23,ingestion,,,Initial observation is not evidence that a page or product changed.
sciex-monitor-product-page-added-fb0563888cbe,SCIEX official product page observed,unsupported,analyst_paraphrase,https://sciex.com/products/software/analyst-tf-software,2026-07-28T20:26:11,2026-07-23,ingestion,,,Initial observation is not evidence that a page or product changed.
sciex-monitor-product-page-added-70dda5ee07fb,SCIEX official product page observed,unsupported,analyst_paraphrase,https://sciex.com/products/software/biopharmaview-software,2026-07-28T20:26:11,2026-07-23,ingestion,,,Initial observation is not evidence that a page or product changed.
sciex-monitor-product-page-added-9b7e11e08542,SCIEX official product page observed,unsupported,analyst_paraphrase,https://sciex.com/products/software/bio-tool-kit-software,2026-07-28T20:26:11,2026-07-23,ingestion,,,Initial observation is not evidence that a page or product changed.
sciex-monitor-product-page-added-b544ef2aeb29,SCIEX official product page observed,unsupported,analyst_paraphrase,https://sciex.com/products/software/chemoview-software,2026-07-28T20:26:11,2026-07-23,ingestion,,,Initial observation is not evidence that a page or product changed.
sciex-monitor-product-page-added-c5877dd41fff,SCIEX official product page observed,unsupported,analyst_paraphrase,https://sciex.com/products/software/discoveryquant-software,2026-07-28T20:26:11,2026-07-23,ingestion,,,Initial observation is not evidence that a page or product changed.
sciex-monitor-product-page-added-f976c08f8f82,SCIEX official product page observed,unsupported,analyst_paraphrase,https://sciex.com/products/software/cliquid-software,2026-07-28T20:26:11,2026-07-23,ingestion,,,Initial observation is not evidence that a page or product changed.
sciex-monitor-product-page-added-d266fa198594,SCIEX official product page observed,unsupported,analyst_paraphrase,https://sciex.com/products/software/lightsight-software,2026-07-28T20:26:11,2026-07-23,ingestion,,,Initial observation is not evidence that a page or product changed.
sciex-monitor-product-page-added-2e325d6812d6,SCIEX official product page observed,unsupported,analyst_paraphrase,https://sciex.com/products/software/lipidview-software,2026-07-28T20:26:11,2026-07-23,ingestion,,,Initial observation is not evidence that a page or product changed.
sciex-monitor-product-page-added-1f1eaa556ed9,SCIEX official product page observed,unsupported,analyst_paraphrase,https://sciex.com/products/software/markerview-software,2026-07-28T20:26:11,2026-07-23,ingestion,,,Initial observation is not evidence that a page or product changed.
sciex-monitor-product-page-added-14e8689b7baa,SCIEX official product page observed,unsupported,analyst_paraphrase,https://sciex.com/products/software/metabolitepilot-software,2026-07-28T20:26:11,2026-07-23,ingestion,,,Initial observation is not evidence that a page or product changed.
sciex-monitor-product-page-added-58ebfdd92d82,SCIEX official product page observed,unsupported,analyst_paraphrase,https://sciex.com/products/software/mpx-software,2026-07-28T20:26:11,2026-07-23,ingestion,,,Initial observation is not evidence that a page or product changed.
sciex-monitor-product-page-added-53f2c9db2fbc,SCIEX official product page observed,unsupported,analyst_paraphrase,https://sciex.com/products/software/multiquant-software,2026-07-28T20:26:11,2026-07-23,ingestion,,,Initial observation is not evidence that a page or product changed.
sciex-monitor-product-page-added-7155c3fe676a,SCIEX official product page observed,unsupported,analyst_paraphrase,https://sciex.com/products/software/peakview-software,2026-07-28T20:26:11,2026-07-23,ingestion,,,Initial observation is not evidence that a page or product changed.
sciex-monitor-product-page-added-614c4535746c,SCIEX official product page observed,unsupported,analyst_paraphrase,https://sciex.com/products/software/proteinpilot-software,2026-07-28T20:26:11,2026-07-23,ingestion,,,Initial observation is not evidence that a page or product changed.
sciex-monitor-product-page-added-d1e450e9883c,SCIEX official product page observed,unsupported,analyst_paraphrase,https://sciex.com/products/software/mass-spectrometry-software-solutions,2026-07-28T20:26:11,2026-07-23,ingestion,,,Initial observation is not evidence that a page or product changed.
sciex-monitor-product-page-added-ed7e6810332b,SCIEX official product page observed,unsupported,analyst_paraphrase,https://sciex.com/products/software/oneomics,2026-07-28T20:26:11,2026-07-23,ingestion,,,Initial observation is not evidence that a page or product changed.
sciex-monitor-product-page-added-d0d66fc16203,SCIEX official product page observed,unsupported,analyst_paraphrase,https://sciex.com/products/software/molecule-profiler-software,2026-07-28T20:26:11,2026-07-23,ingestion,,,Initial observation is not evidence that a page or product changed.
sciex-monitor-product-page-added-35f5bb9417b5,SCIEX official product page observed,unsupported,analyst_paraphrase,https://sciex.com/products/software/biologics-explorer-software,2026-07-28T20:26:11,2026-07-23,ingestion,,,Initial observation is not evidence that a page or product changed.
sciex-monitor-product-page-added-26b6cc033c60,SCIEX official product page observed,unsupported,analyst_paraphrase,https://sciex.com/products/software/os-software-roi-calculator,2026-07-28T20:26:11,2026-07-23,ingestion,,,Initial observation is not evidence that a page or product changed.
sciex-monitor-product-page-added-5831707253b8,SCIEX official product page observed,unsupported,analyst_paraphrase,https://sciex.com/products/software/artificial-intelligence-quant,2026-07-28T20:26:11,2026-07-23,ingestion,,,Initial observation is not evidence that a page or product changed.
sciex-monitor-product-page-added-1d63d0e8aa50,SCIEX official product page observed,unsupported,analyst_paraphrase,https://sciex.com/products/software/sciex-os-software,2026-07-28T20:26:11,2026-07-23,ingestion,,,Initial observation is not evidence that a page or product changed.
sciex-monitor-product-page-added-8ddebb67c185,SCIEX official product page observed,unsupported,analyst_paraphrase,https://sciex.com/products/software/sciex-os-software/sciex-os-tips-and-tricks,2026-07-28T20:26:11,2026-07-23,ingestion,,,Initial observation is not evidence that a page or product changed.
sciex-monitor-product-page-added-1de2a8b792e4,SCIEX official product page observed,unsupported,analyst_paraphrase,https://sciex.com/products/software/partner-software,2026-07-28T20:26:11,2026-07-23,ingestion,,,Initial observation is not evidence that a page or product changed.
agilent-monitor-press-release-0ccfef63ebc7,"Agilent Receives EU Approval for PD-L1 IHC 22C3 pharmDx in Epithelial Ovarian, Fallopian Tube, or Primary Peritoneal Carcinoma",unreachable,analyst_paraphrase,https://www.agilent.com/about/newsroom/presrel/2026/23jul-ca26027.html,2026-08-02T16:01:52,2026-07-23,publication,,,
thermo-fisher-monitor-press-release-21d47f45d77c,Thermo Fisher Scientific Reports Second Quarter 2026 Results,partial,analyst_paraphrase,https://ir.thermofisher.com/investors/news-events/news/news-details/2026/Thermo-Fisher-Scientific-Reports-Second-Quarter-2026-Results/default.aspx,2026-08-02T16:01:52,2026-07-23,publication,,,
sec-thermo-0000097745-26-000138,THERMO FISHER SCIENTIFIC INC. filed 8-K,unreachable,analyst_paraphrase,https://www.sec.gov/Archives/edgar/data/97745/000009774526000138/tmo-20260723.htm,2026-08-02T16:01:52,2026-07-23,publication,,,
sec-sciex-0000313616-26-000163,Danaher Corporation filed 8-K,unreachable,analyst_paraphrase,https://www.sec.gov/Archives/edgar/data/313616/000031361626000163/dhr-20260721.htm,2026-08-02T16:01:52,2026-07-21,publication,,,Do not attribute the filing or a corporate conclusion to SCIEX without an exact filing passage.
sec-sciex-0000313616-26-000161,Danaher Corporation filed 10-Q,unreachable,analyst_paraphrase,https://www.sec.gov/Archives/edgar/data/313616/000031361626000161/dhr-20260626.htm,2026-08-02T16:01:52,2026-07-21,publication,,,Do not attribute the filing or a corporate conclusion to SCIEX without an exact filing passage.
pubmed-42470478,Oxidation-derived metabolites sustain the antioxidant network of quercetin,unreachable,analyst_paraphrase,https://pubmed.ncbi.nlm.nih.gov/42470478/,2026-08-02T16:01:52,2026-07-18,publication,PubMed record title,Oxidation-derived metabolites sustain the antioxidant network of quercetin,
pubmed-42523267,CasanovoGUI: a cross-platform desktop application for deep learning-based de novo peptide sequencing with Casanovo,unreachable,analyst_paraphrase,https://pubmed.ncbi.nlm.nih.gov/42523267/,2026-08-02T16:01:52,2026-07-16,publication,PubMed record title,CasanovoGUI: a cross-platform desktop application for deep learning-based de novo peptide sequencing with Casanovo,
perkinelmer-monitor-press-release-fb37f995366c,"PerkinElmer Publishes 2025 Sustainability Report, Advancing its Commitment to Cleaner Science and a",partial,analyst_paraphrase,https://www.perkinelmer.com/corporate-and-newsroom/perkinelmer-publishes-2025-sustainability-report-advancing-its-commitment-cleaner-science-and-more-sustainable-future,2026-08-01T17:06:25,2026-07-15,publication,,,
shimadzu-monitor-press-release-493d3ae30253,Industry-Leading Detection Performance and Flexibility for Diverse Analytical Needs Shimadzu Releases the GCMS-TQ RX Series Gas Chromatograph-Mass Spectrometer,partial,analyst_paraphrase,https://www.shimadzu.com/news/2026/rqlmu84w5ry4eew_.html,2026-08-02T16:01:52,2026-07-14,publication,,,
agilent-monitor-press-release-65b64162af64,"Agilent Receives FDA Approval for PD-L1 IHC 28-8 pharmDx in Esophageal Squamous Cell Carcinoma (ESCC), Gastric, Gastroesophageal Junction (GEJ), and Esophageal Adenocarcinoma",unreachable,analyst_paraphrase,https://www.agilent.com/about/newsroom/presrel/2026/14jul-ca26026.html,2026-08-02T16:01:52,2026-07-14,publication,,,
perkinelmer-monitor-press-release-304d9154a169,PerkinElmer Partners with eXXpedition to Advance Ocean Science and a More Sustainable Future,partial,analyst_paraphrase,https://www.perkinelmer.com/corporate-and-newsroom/perkinelmer-partners-exxpedition-advance-ocean-science-and-more-sustainable-future,2026-08-01T17:06:25,2026-07-13,publication,,,
thermo-fisher-monitor-technical-insight-1b3f4401f8d2,Moving to Mainstream: Is the World Finally Ready for Low-Flow LC?,partial,analyst_paraphrase,https://www.thermofisher.com/blog/analyteguru/moving-to-mainstream-is-the-world-finally-ready-for-low-flow-lc/,2026-07-28T20:26:11,2026-07-11,publication,,,
shimadzu-monitor-press-release-32070839129f,Shimadzu Acquires Czech-Based TESCAN as a Wholly Owned Subsidiary Acquisition of Electron Microscopy Business Strengthens End-to-End Solutions in Analytical and Measuring Technologies,partial,analyst_paraphrase,https://www.shimadzu.com/news/2026/j97cvpy4m18o8cm3.html,2026-08-02T16:01:52,2026-07-10,publication,,,
shimadzu-monitor-product-page-added-51e328fafe8f,Shimadzu official product page observed,unsupported,analyst_paraphrase,https://www.shimadzu.com/an/products/liquid-chromatograph-mass-spectrometry/index.html,2026-07-28T20:26:11,2026-07-09,ingestion,,,Initial observation is not evidence that a page or product changed.
shimadzu-monitor-product-page-added-b53e177446a0,Shimadzu official product page observed,unsupported,analyst_paraphrase,https://www.shimadzu.com/an/products/liquid-chromatograph-mass-spectrometry/lc-ms-system/lcmsms-method-package-for-modified-nucleosides/index.html,2026-07-28T20:26:11,2026-07-09,ingestion,,,Initial observation is not evidence that a page or product changed.
shimadzu-monitor-product-page-added-4cc1776b3539,Shimadzu official product page observed,unsupported,analyst_paraphrase,https://www.shimadzu.com/an/products/liquid-chromatograph-mass-spectrometry/lc-ms-system/lcmsms-method-package-for-short-chain-fatty-acids/index.html,2026-07-28T20:26:11,2026-07-09,ingestion,,,Initial observation is not evidence that a page or product changed.
shimadzu-monitor-product-page-added-ed77455d2ac1,Shimadzu official product page observed,unsupported,analyst_paraphrase,https://www.shimadzu.com/an/products/liquid-chromatograph-mass-spectrometry/lc-ms-system/lcmsms-method-package-for-veterinary-drugs-ver-2/index.html,2026-07-28T20:26:11,2026-07-09,ingestion,,,Initial observation is not evidence that a page or product changed.
shimadzu-monitor-product-page-added-19235db0163b,Shimadzu official product page observed,unsupported,analyst_paraphrase,https://www.shimadzu.com/an/products/liquid-chromatograph-mass-spectrometry/lc-ms-system/rapid-toxicology-screening-ver2/index.html,2026-07-28T20:26:11,2026-07-09,ingestion,,,Initial observation is not evidence that a page or product changed.
shimadzu-monitor-product-page-added-6d08e82a9c74,Shimadzu official product page observed,unsupported,analyst_paraphrase,https://www.shimadzu.com/an/products/liquid-chromatograph-mass-spectrometry/lc-ms-system/metabolites-method-package-suite/index.html,2026-07-28T20:26:11,2026-07-09,ingestion,,,Initial observation is not evidence that a page or product changed.
shimadzu-monitor-product-page-added-e771e6a0443c,Shimadzu official product page observed,unsupported,analyst_paraphrase,https://www.shimadzu.com/an/products/liquid-chromatograph-mass-spectrometry/lc-ms-system/lcmsms-method-package-for-mycotoxins/index.html,2026-07-28T20:26:11,2026-07-09,ingestion,,,Initial observation is not evidence that a page or product changed.
shimadzu-monitor-product-page-added-d8d1881ec362,Shimadzu official product page observed,unsupported,analyst_paraphrase,https://www.shimadzu.com/an/products/liquid-chromatograph-mass-spectrometry/lc-ms-system/lcmsms-method-package-for-restricted-chemicals-in-textiles/index.html,2026-07-28T20:26:11,2026-07-09,ingestion,,,Initial observation is not evidence that a page or product changed.
shimadzu-monitor-product-page-added-55b9a0a378b7,Shimadzu official product page observed,unsupported,analyst_paraphrase,https://www.shimadzu.com/an/products/liquid-chromatograph-mass-spectrometry/lc-ms-system/lcmsms-method-package-for-pfas/index.html,2026-07-28T20:26:11,2026-07-09,ingestion,,,Initial observation is not evidence that a page or product changed.
shimadzu-monitor-product-page-added-ad97b6fc064e,Shimadzu official product page observed,unsupported,analyst_paraphrase,https://www.shimadzu.com/an/products/liquid-chromatograph-mass-spectrometry/lc-ms-system/lcmsms-method-package-for-aminoglycoside-antibiotics/index.html,2026-07-28T20:26:11,2026-07-09,ingestion,,,Initial observation is not evidence that a page or product changed.
shimadzu-monitor-product-page-added-8cfe84e08928,Shimadzu official product page observed,unsupported,analyst_paraphrase,https://www.shimadzu.com/an/products/liquid-chromatograph-mass-spectrometry/lc-ms-system/lcmsms-forensic-toxicology-database/index.html,2026-07-28T20:26:11,2026-07-09,ingestion,,,Initial observation is not evidence that a page or product changed.
shimadzu-monitor-product-page-added-f32f48945731,Shimadzu official product page observed,unsupported,analyst_paraphrase,https://www.shimadzu.com/an/products/liquid-chromatograph-mass-spectrometry/lc-ms-system/lcmsms-method-package-for-water-quality-analysis/index.html,2026-07-28T20:26:11,2026-07-09,ingestion,,,Initial observation is not evidence that a page or product changed.
shimadzu-monitor-product-page-added-32a20a522e57,Shimadzu official product page observed,unsupported,analyst_paraphrase,https://www.shimadzu.com/an/products/liquid-chromatograph-mass-spectrometry/lc-ms-system/erexim-application-suite/index.html,2026-07-28T20:26:11,2026-07-09,ingestion,,,Initial observation is not evidence that a page or product changed.
shimadzu-monitor-product-page-added-71981cd6d718,Shimadzu official product page observed,unsupported,analyst_paraphrase,https://www.shimadzu.com/an/products/liquid-chromatograph-mass-spectrometry/lc-ms-system/micro-volume-quechers-kit/index.html,2026-07-28T20:26:11,2026-07-09,ingestion,,,Initial observation is not evidence that a page or product changed.
shimadzu-monitor-product-page-added-a71525ce933f,Shimadzu official product page observed,unsupported,analyst_paraphrase,https://www.shimadzu.com/an/products/liquid-chromatograph-mass-spectrometry/lc-ms-system/open-solution-analytical/index.html,2026-07-28T20:26:11,2026-07-09,ingestion,,,Initial observation is not evidence that a page or product changed.
shimadzu-monitor-product-page-added-97e1f78c5889,Shimadzu official product page observed,unsupported,analyst_paraphrase,https://www.shimadzu.com/an/products/liquid-chromatograph-mass-spectrometry/lc-ms-system/mrm-library-for-triglycerides/index.html,2026-07-28T20:26:11,2026-07-09,ingestion,,,Initial observation is not evidence that a page or product changed.
shimadzu-monitor-product-page-added-2eddf63b2cb1,Shimadzu official product page observed,unsupported,analyst_paraphrase,https://www.shimadzu.com/an/products/liquid-chromatograph-mass-spectrometry/lc-ms-system/trap-free-2d-lcms-system-for-quadrupole-lcms/index.html,2026-07-28T20:26:11,2026-07-09,ingestion,,,Initial observation is not evidence that a page or product changed.
shimadzu-monitor-product-page-added-5ae5e7c44e17,Shimadzu official product page observed,unsupported,analyst_paraphrase,https://www.shimadzu.com/an/products/liquid-chromatograph-mass-spectrometry/lc-ms-system/lcmsms-method-package-for-dl-amino-acids/index.html,2026-07-28T20:26:11,2026-07-09,ingestion,,,Initial observation is not evidence that a page or product changed.
shimadzu-monitor-product-page-added-518221098746,Shimadzu official product page observed,unsupported,analyst_paraphrase,https://www.shimadzu.com/an/products/liquid-chromatograph-mass-spectrometry/lc-ms-system/nsmol-antibody-ba-kit/index.html,2026-07-28T20:26:11,2026-07-09,ingestion,,,Initial observation is not evidence that a page or product changed.
shimadzu-monitor-product-page-added-4d056c533455,Shimadzu official product page observed,unsupported,analyst_paraphrase,https://www.shimadzu.com/an/products/liquid-chromatograph-mass-spectrometry/lc-ms-system/exact-mass-database-for-endogenous-metabolites/index.html,2026-07-28T20:26:11,2026-07-09,ingestion,,,Initial observation is not evidence that a page or product changed.
shimadzu-monitor-product-page-added-30aefe6e6f59,Shimadzu official product page observed,unsupported,analyst_paraphrase,https://www.shimadzu.com/an/products/liquid-chromatograph-mass-spectrometry/lc-ms-system/lcmsms-method-package-for-glycosaminoglycans/index.html,2026-07-28T20:26:11,2026-07-09,ingestion,,,Initial observation is not evidence that a page or product changed.
shimadzu-monitor-product-page-added-6f298dbf5243,Shimadzu official product page observed,unsupported,analyst_paraphrase,https://www.shimadzu.com/an/products/liquid-chromatograph-mass-spectrometry/lc-ms-system/lcmsms-rapid-toxicology-screening-system-ver3/index.html,2026-07-28T20:26:11,2026-07-09,ingestion,,,Initial observation is not evidence that a page or product changed.
shimadzu-monitor-product-page-added-2c3957add961,Shimadzu official product page observed,unsupported,analyst_paraphrase,https://www.shimadzu.com/an/products/liquid-chromatograph-mass-spectrometry/lc-ms-system/lcmsms-method-package-for-residual-pesticide-ver-3/index.html,2026-07-28T20:26:11,2026-07-09,ingestion,,,Initial observation is not evidence that a page or product changed.
shimadzu-monitor-product-page-added-f1ef3af5c16d,Shimadzu official product page observed,unsupported,analyst_paraphrase,https://www.shimadzu.com/an/products/liquid-chromatograph-mass-spectrometry/lc-ms-system/index.html,2026-07-28T20:26:11,2026-07-09,ingestion,,,Initial observation is not evidence that a page or product changed.
shimadzu-monitor-product-page-added-2cdb261ff452,Shimadzu official product page observed,unsupported,analyst_paraphrase,https://www.shimadzu.com/an/products/liquid-chromatograph-mass-spectrometry/lc-ms-system/lcmsms-method-package-for-bile-acids/index.html,2026-07-28T20:26:11,2026-07-09,ingestion,,,Initial observation is not evidence that a page or product changed.
shimadzu-monitor-product-page-added-5f968814e4de,Shimadzu official product page observed,unsupported,analyst_paraphrase,https://www.shimadzu.com/an/products/liquid-chromatograph-mass-spectrometry/lc-ms-system/method-package-guidebook/index.html,2026-07-28T20:26:11,2026-07-09,ingestion,,,Initial observation is not evidence that a page or product changed.
shimadzu-monitor-product-page-added-b3201d052f70,Shimadzu official product page observed,unsupported,analyst_paraphrase,https://www.shimadzu.com/an/products/liquid-chromatograph-mass-spectrometry/lc-ms-system/lcmsms-method-package-for-reactive-sulfur-profiling/index.html,2026-07-28T20:26:11,2026-07-09,ingestion,,,Initial observation is not evidence that a page or product changed.
shimadzu-monitor-product-page-added-75b45379fbb9,Shimadzu official product page observed,unsupported,analyst_paraphrase,https://www.shimadzu.com/an/products/liquid-chromatograph-mass-spectrometry/lc-ms-system/lcmsms-method-package-for-cell-culture-profiling/index.html,2026-07-28T20:26:11,2026-07-09,ingestion,,,Initial observation is not evidence that a page or product changed.
shimadzu-monitor-product-page-added-5ee64a49d3c4,Shimadzu official product page observed,unsupported,analyst_paraphrase,https://www.shimadzu.com/an/products/liquid-chromatograph-mass-spectrometry/lc-ms-system/lcmsms-method-package-for-sugars-and-sugar-nucleotides/index.html,2026-07-28T20:26:11,2026-07-09,ingestion,,,Initial observation is not evidence that a page or product changed.
shimadzu-monitor-product-page-added-3f23da6085a1,Shimadzu official product page observed,unsupported,analyst_paraphrase,https://www.shimadzu.com/an/products/liquid-chromatograph-mass-spectrometry/lc-ms-system/oad-tof/index.html,2026-07-28T20:26:11,2026-07-09,ingestion,,,Initial observation is not evidence that a page or product changed.
shimadzu-monitor-product-page-added-65b767430333,Shimadzu official product page observed,unsupported,analyst_paraphrase,https://www.shimadzu.com/an/products/liquid-chromatograph-mass-spectrometry/lc-ms-system/cell-culture-profiling-method-package-for-the-lcms-2050/index.html,2026-07-28T20:26:11,2026-07-09,ingestion,,,Initial observation is not evidence that a page or product changed.
shimadzu-monitor-product-page-added-3b680e13d8e0,Shimadzu official product page observed,unsupported,analyst_paraphrase,https://www.shimadzu.com/an/products/liquid-chromatograph-mass-spectrometry/quadrupole-time-of-flight-lc-msms/lcms-9030/index.html,2026-07-28T20:26:11,2026-07-09,ingestion,,,Initial observation is not evidence that a page or product changed.
shimadzu-monitor-product-page-added-71203bceb4b8,Shimadzu official product page observed,unsupported,analyst_paraphrase,https://www.shimadzu.com/an/products/liquid-chromatograph-mass-spectrometry/quadrupole-time-of-flight-lc-msms/index.html,2026-07-28T20:26:11,2026-07-09,ingestion,,,Initial observation is not evidence that a page or product changed.
shimadzu-monitor-product-page-added-f4b32a819b9f,Shimadzu official product page observed,unsupported,analyst_paraphrase,https://www.shimadzu.com/an/products/liquid-chromatograph-mass-spectrometry/quadrupole-time-of-flight-lc-msms/lcms-9050/index.html,2026-07-28T20:26:11,2026-07-09,ingestion,,,Initial observation is not evidence that a page or product changed.
shimadzu-monitor-product-page-added-68e15dc04d80,Shimadzu official product page observed,unsupported,analyst_paraphrase,https://www.shimadzu.com/an/products/liquid-chromatograph-mass-spectrometry/single-quadrupole-lc-ms/index.html,2026-07-28T20:26:11,2026-07-09,ingestion,,,Initial observation is not evidence that a page or product changed.
shimadzu-monitor-product-page-added-238cd9c2ee9a,Shimadzu official product page observed,unsupported,analyst_paraphrase,https://www.shimadzu.com/an/products/liquid-chromatograph-mass-spectrometry/single-quadrupole-lc-ms/lcms-2050/index.html,2026-07-28T20:26:11,2026-07-09,ingestion,,,Initial observation is not evidence that a page or product changed.
shimadzu-monitor-product-page-added-f766d5ee41ff,Shimadzu official product page observed,unsupported,analyst_paraphrase,https://www.shimadzu.com/an/products/liquid-chromatograph-mass-spectrometry/lc-ms-option/dpims-8060/index.html,2026-07-28T20:26:11,2026-07-09,ingestion,,,Initial observation is not evidence that a page or product changed.
shimadzu-monitor-product-page-added-4f8bd0696daf,Shimadzu official product page observed,unsupported,analyst_paraphrase,https://www.shimadzu.com/an/products/liquid-chromatograph-mass-spectrometry/lc-ms-option/dpims-qt/index.html,2026-07-28T20:26:11,2026-07-09,ingestion,,,Initial observation is not evidence that a page or product changed.
shimadzu-monitor-product-page-added-5d7447c87266,Shimadzu official product page observed,unsupported,analyst_paraphrase,https://www.shimadzu.com/an/products/liquid-chromatograph-mass-spectrometry/lc-ms-option/index.html,2026-07-28T20:26:11,2026-07-09,ingestion,,,Initial observation is not evidence that a page or product changed.
shimadzu-monitor-product-page-added-690b8295c606,Shimadzu official product page observed,unsupported,analyst_paraphrase,https://www.shimadzu.com/an/products/liquid-chromatograph-mass-spectrometry/lc-ms-option/clam-2040/index.html,2026-07-28T20:26:11,2026-07-09,ingestion,,,Initial observation is not evidence that a page or product changed.
shimadzu-monitor-product-page-added-d01dd10282e0,Shimadzu official product page observed,unsupported,analyst_paraphrase,https://www.shimadzu.com/an/products/liquid-chromatograph-mass-spectrometry/triple-quadrupole-lc-msms/comparison/index.html,2026-07-28T20:26:11,2026-07-09,ingestion,,,Initial observation is not evidence that a page or product changed.
shimadzu-monitor-product-page-added-7e6a04bbc9a7,Shimadzu official product page observed,unsupported,analyst_paraphrase,https://www.shimadzu.com/an/products/liquid-chromatograph-mass-spectrometry/triple-quadrupole-lc-msms/index.html,2026-07-28T20:26:11,2026-07-09,ingestion,,,Initial observation is not evidence that a page or product changed.
shimadzu-monitor-product-page-added-9a63fcc27f4f,Shimadzu official product page observed,unsupported,analyst_paraphrase,https://www.shimadzu.com/an/products/liquid-chromatograph-mass-spectrometry/triple-quadrupole-lc-msms/nexera-mikros/index.html,2026-07-28T20:26:11,2026-07-09,ingestion,,,Initial observation is not evidence that a page or product changed.
shimadzu-monitor-product-page-added-66c3c71132fb,Shimadzu official product page observed,unsupported,analyst_paraphrase,https://www.shimadzu.com/an/products/liquid-chromatograph-mass-spectrometry/triple-quadrupole-lc-msms/lcms-tq-rx-series/index.html,2026-07-28T20:26:11,2026-07-09,ingestion,,,Initial observation is not evidence that a page or product changed.
shimadzu-monitor-product-page-added-8c0c794af5b7,Shimadzu official product page observed,unsupported,analyst_paraphrase,https://www.shimadzu.com/an/products/liquid-chromatograph-mass-spectrometry/triple-quadrupole-lc-msms/lcms-8065xe/index.html,2026-07-28T20:26:11,2026-07-09,ingestion,,,Initial observation is not evidence that a page or product changed.
shimadzu-monitor-product-page-added-61f1f9afe83d,Shimadzu official product page observed,unsupported,analyst_paraphrase,https://www.shimadzu.com/an/products/liquid-chromatograph-mass-spectrometry/lc-ms-software/multi-charged-ion-analysis-software/index.html,2026-07-28T20:26:11,2026-07-09,ingestion,,,Initial observation is not evidence that a page or product changed.
shimadzu-monitor-product-page-added-ee3b1cebbb47,Shimadzu official product page observed,unsupported,analyst_paraphrase,https://www.shimadzu.com/an/products/liquid-chromatograph-mass-spectrometry/lc-ms-software/labsolutions-insight/index.html,2026-07-28T20:26:11,2026-07-09,ingestion,,,Initial observation is not evidence that a page or product changed.
shimadzu-monitor-product-page-added-8fd7f302110f,Shimadzu official product page observed,unsupported,analyst_paraphrase,https://www.shimadzu.com/an/products/liquid-chromatograph-mass-spectrometry/lc-ms-software/lcmsms-mrm-library-for-phospholipid-profiling/index.html,2026-07-28T20:26:11,2026-07-09,ingestion,,,Initial observation is not evidence that a page or product changed.
shimadzu-monitor-product-page-added-61550a2a5871,Shimadzu official product page observed,unsupported,analyst_paraphrase,https://www.shimadzu.com/an/products/liquid-chromatograph-mass-spectrometry/lc-ms-software/iflagger/index.html,2026-07-28T20:26:11,2026-07-09,ingestion,,,Initial observation is not evidence that a page or product changed.
shimadzu-monitor-product-page-added-637d52fc117f,Shimadzu official product page observed,unsupported,analyst_paraphrase,https://www.shimadzu.com/an/products/liquid-chromatograph-mass-spectrometry/lc-ms-software/index.html,2026-07-28T20:26:11,2026-07-09,ingestion,,,Initial observation is not evidence that a page or product changed.
shimadzu-monitor-product-page-added-6930642e6312,Shimadzu official product page observed,unsupported,analyst_paraphrase,https://www.shimadzu.com/an/products/liquid-chromatograph-mass-spectrometry/lc-ms-software/lcmsms-mrm-library-for-metabolic-enzymes-in-yeast/index.html,2026-07-28T20:26:11,2026-07-09,ingestion,,,Initial observation is not evidence that a page or product changed.
shimadzu-monitor-product-page-added-20f0dc085708,Shimadzu official product page observed,unsupported,analyst_paraphrase,https://www.shimadzu.com/an/products/liquid-chromatograph-mass-spectrometry/lc-ms-software/lcmsms-method-package-for-primary-metabolites/index.html,2026-07-28T20:26:11,2026-07-09,ingestion,,,Initial observation is not evidence that a page or product changed.
shimadzu-monitor-product-page-added-879a05bc4a68,Shimadzu official product page observed,unsupported,analyst_paraphrase,https://www.shimadzu.com/an/products/liquid-chromatograph-mass-spectrometry/lc-ms-software/lcmsms-method-package-for-lipid-mediators/index.html,2026-07-28T20:26:11,2026-07-09,ingestion,,,Initial observation is not evidence that a page or product changed.
shimadzu-monitor-product-page-added-d118afc96d42,Shimadzu official product page observed,unsupported,analyst_paraphrase,https://www.shimadzu.com/an/products/liquid-chromatograph-mass-spectrometry/lc-ms-software/multi-omics-analysis-package/index.html,2026-07-28T20:26:11,2026-07-09,ingestion,,,Initial observation is not evidence that a page or product changed.
shimadzu-monitor-product-page-added-d476cb2f1cc4,Shimadzu official product page observed,unsupported,analyst_paraphrase,https://www.shimadzu.com/an/products/liquid-chromatograph-mass-spectrometry/lc-ms-software/peakintelligence/index.html,2026-07-28T20:26:11,2026-07-09,ingestion,,,Initial observation is not evidence that a page or product changed.
shimadzu-monitor-product-page-added-e4d0878f4df4,Shimadzu official product page observed,unsupported,analyst_paraphrase,https://www.shimadzu.com/an/products/liquid-chromatograph-mass-spectrometry/lc-ms-software/traverse-ms/index.html,2026-07-28T20:26:11,2026-07-09,ingestion,,,Initial observation is not evidence that a page or product changed.
shimadzu-monitor-product-page-added-5e8fd6e496be,Shimadzu official product page observed,unsupported,analyst_paraphrase,https://www.shimadzu.com/an/products/liquid-chromatograph-mass-spectrometry/lc-ms-software/high-resolution-accurate-mass-library-for-forensic-toxicology/index.html,2026-07-28T20:26:11,2026-07-09,ingestion,,,Initial observation is not evidence that a page or product changed.
shimadzu-monitor-product-page-added-9390bf1071b4,Shimadzu official product page observed,unsupported,analyst_paraphrase,https://www.shimadzu.com/an/products/liquid-chromatograph-mass-spectrometry/lc-ms-software/labsolutions-insight-biologics/index.html,2026-07-28T20:26:11,2026-07-09,ingestion,,,Initial observation is not evidence that a page or product changed.
shimadzu-monitor-product-page-added-a9fdbe19bfde,Shimadzu official product page observed,unsupported,analyst_paraphrase,https://www.shimadzu.com/an/products/liquid-chromatograph-mass-spectrometry/automated-lc-msms/index.html,2026-07-28T20:26:11,2026-07-09,ingestion,,,Initial observation is not evidence that a page or product changed.
shimadzu-monitor-product-page-added-6c567803f190,Shimadzu official product page observed,unsupported,analyst_paraphrase,https://www.shimadzu.com/an/products/liquid-chromatograph-mass-spectrometry/stories/index.html,2026-07-28T20:26:11,2026-07-09,ingestion,,,Initial observation is not evidence that a page or product changed.
shimadzu-monitor-product-page-added-96ebf5b22508,Shimadzu official product page observed,unsupported,analyst_paraphrase,https://www.shimadzu.com/an/products/liquid-chromatograph-mass-spectrometry/lc-ms-consumables/stable-labeled-standards/index.html,2026-07-28T20:26:11,2026-07-09,ingestion,,,Initial observation is not evidence that a page or product changed.
shimadzu-monitor-product-page-added-4135a63f7e56,Shimadzu official product page observed,unsupported,analyst_paraphrase,https://www.shimadzu.com/an/products/software-informatics/labsolutions-series/labsolutions-ta/index.html,2026-07-28T20:26:11,2026-07-09,ingestion,,,Initial observation is not evidence that a page or product changed.
shimadzu-monitor-product-page-added-650a0d8b87ff,Shimadzu official product page observed,unsupported,analyst_paraphrase,https://www.shimadzu.com/an/products/software-informatics/labsolutions-series/labsolutionsgcms/index.html,2026-07-28T20:26:11,2026-07-09,ingestion,,,Initial observation is not evidence that a page or product changed.
shimadzu-monitor-product-page-added-bb824c4af68f,Shimadzu official product page observed,unsupported,analyst_paraphrase,https://www.shimadzu.com/an/products/software-informatics/labsolutions-series/index.html,2026-07-28T20:26:11,2026-07-09,ingestion,,,Initial observation is not evidence that a page or product changed.
shimadzu-monitor-product-page-added-3a8f3b0719e7,Shimadzu official product page observed,unsupported,analyst_paraphrase,https://www.shimadzu.com/an/products/software-informatics/labsolutions-series/labsolutions-lcgc/index.html,2026-07-28T20:26:11,2026-07-09,ingestion,,,Initial observation is not evidence that a page or product changed.
shimadzu-monitor-product-page-added-a7b1d70dcc65,Shimadzu official product page observed,unsupported,analyst_paraphrase,https://www.shimadzu.com/an/products/software-informatics/labsolutions-series/improving-the-data-integrity-of-spectrometers/index.html,2026-07-28T20:26:11,2026-07-09,ingestion,,,Initial observation is not evidence that a page or product changed.
shimadzu-monitor-product-page-added-d4a86b07fbd9,Shimadzu official product page observed,unsupported,analyst_paraphrase,https://www.shimadzu.com/an/products/software-informatics/labsolutions-series/system-linkage-option/index.html,2026-07-28T20:26:11,2026-07-09,ingestion,,,Initial observation is not evidence that a page or product changed.
shimadzu-monitor-product-page-added-e60848441ceb,Shimadzu official product page observed,unsupported,analyst_paraphrase,https://www.shimadzu.com/an/products/software-informatics/labsolutions-series/labsolutions-detect/index.html,2026-07-28T20:26:11,2026-07-09,ingestion,,,Initial observation is not evidence that a page or product changed.
shimadzu-monitor-product-page-added-64b8962dfdcb,Shimadzu official product page observed,unsupported,analyst_paraphrase,https://www.shimadzu.com/an/products/software-informatics/labsolutions-series/labsolutions-dbcs/index.html,2026-07-28T20:26:11,2026-07-09,ingestion,,,Initial observation is not evidence that a page or product changed.
shimadzu-monitor-product-page-added-ab9bdb043e24,Shimadzu official product page observed,unsupported,analyst_paraphrase,https://www.shimadzu.com/an/products/software-informatics/labsolutions-series/labsolutions-cs-powered-by-i-qlinks/index.html,2026-07-28T20:26:11,2026-07-09,ingestion,,,Initial observation is not evidence that a page or product changed.
shimadzu-monitor-product-page-added-fd5e5821267a,Shimadzu official product page observed,unsupported,analyst_paraphrase,https://www.shimadzu.com/an/products/software-informatics/labsolutions-series/labsolutions-insight-profiler/index.html,2026-07-28T20:26:11,2026-07-09,ingestion,,,Initial observation is not evidence that a page or product changed.
shimadzu-monitor-product-page-added-1bd762ed9815,Shimadzu official product page observed,unsupported,analyst_paraphrase,https://www.shimadzu.com/an/products/liquid-chromatography/ion-chromatograph/index.html,2026-07-28T20:26:11,2026-07-09,ingestion,,,Initial observation is not evidence that a page or product changed.
shimadzu-monitor-product-page-added-30d66629b766,Shimadzu official product page observed,unsupported,analyst_paraphrase,https://www.shimadzu.com/an/products/liquid-chromatography/ion-chromatograph/nexera-ic/index.html,2026-07-28T20:26:11,2026-07-09,ingestion,,,Initial observation is not evidence that a page or product changed.
shimadzu-monitor-product-page-added-f671c1a576ff,Shimadzu official product page observed,unsupported,analyst_paraphrase,https://www.shimadzu.com/an/products/liquid-chromatography/hplcuhplc/i-series/index.html,2026-07-28T20:26:11,2026-07-09,ingestion,,,Initial observation is not evidence that a page or product changed.
shimadzu-monitor-product-page-added-5cc52acdc991,Shimadzu official product page observed,unsupported,analyst_paraphrase,https://www.shimadzu.com/an/products/liquid-chromatography/hplcuhplc/index.html,2026-07-28T20:26:11,2026-07-09,ingestion,,,Initial observation is not evidence that a page or product changed.
shimadzu-monitor-product-page-added-8fb93454d535,Shimadzu official product page observed,unsupported,analyst_paraphrase,https://www.shimadzu.com/an/products/liquid-chromatography/hplcuhplc/lc-2030c-nt/index.html,2026-07-28T20:26:11,2026-07-09,ingestion,,,Initial observation is not evidence that a page or product changed.
shimadzu-monitor-product-page-added-9000f1db958b,Shimadzu official product page observed,unsupported,analyst_paraphrase,https://www.shimadzu.com/an/products/liquid-chromatography/hplcuhplc/nexera-series/index.html,2026-07-28T20:26:11,2026-07-09,ingestion,,,Initial observation is not evidence that a page or product changed.
shimadzu-monitor-product-page-added-d47d36473ec8,Shimadzu official product page observed,unsupported,analyst_paraphrase,https://www.shimadzu.com/an/products/liquid-chromatography/hplcuhplc/nexera-x4/index.html,2026-07-28T20:26:11,2026-07-09,ingestion,,,Initial observation is not evidence that a page or product changed.
thermo-fisher-monitor-press-release-76bfdaf0f5e8,Thermo Fisher Scientific Announces Quarterly Dividend,unreachable,analyst_paraphrase,https://ir.thermofisher.com/investors/news-events/news/news-details/2026/Thermo-Fisher-Scientific-Announces-Quarterly-Dividend-3dcda308b/default.aspx,2026-08-02T16:01:52,2026-07-09,publication,,,
perkinelmer-monitor-press-release-06d9f42c23b4,PerkinElmer and Covalent Announce Strategic Collaboration to Advance Failure Analysis and Materials,partial,analyst_paraphrase,https://www.perkinelmer.com/corporate-and-newsroom/perkinelmer-and-covalent-announce-strategic-collaboration,2026-08-01T17:06:25,2026-07-09,publication,,,
agilent-monitor-press-release-18fe847f04c1,Agilent Expands Altura Portfolio with Inert Size Exclusion and PLRP-S Columns for Biotherapeutic Analysis,unreachable,analyst_paraphrase,https://www.agilent.com/about/newsroom/presrel/2026/08jul-ca26025.html,2026-08-02T16:01:52,2026-07-08,publication,,,
shimadzu-monitor-press-release-4042f7aafee7,Launch of a Pilot Refurbishment Program for Analytical and Measuring Instruments with Ryukoku University Toward a Circular Society through Industry-Academia Collaboration,partial,analyst_paraphrase,https://www.shimadzu.com/news/2026/ao0x3yts-fwk-ev6.html,2026-08-02T16:01:52,2026-07-03,publication,,,
shimadzu-monitor-press-release-a8e2e4b4b0dc,Two Shimadzu Products Win Red Dot Design Award 2026 – Precision Universal Testing Machine and High-Speed Video Camera –,partial,analyst_paraphrase,https://www.shimadzu.com/news/2026/fqazhvc2bwk9trb6.html,2026-08-02T16:01:52,2026-07-02,publication,,,
thermo-fisher-monitor-press-release-79062e63c297,"Thermo Fisher Scientific to Hold Earnings Conference Call on Thursday, July 23, 2026",unreachable,analyst_paraphrase,https://ir.thermofisher.com/investors/news-events/news/news-details/2026/Thermo-Fisher-Scientific-to-Hold-Earnings-Conference-Call-on-Thursday-July-23-2026/default.aspx,2026-08-02T16:01:52,2026-07-01,publication,,,
agilent-monitor-press-release-a43fe3b92ab1,Agilent Launches AI-Driven Analysis Module for Agilent xCELLigence RTCA eSight,unreachable,analyst_paraphrase,https://www.agilent.com/about/newsroom/presrel/2026/01jul-ca26024.html,2026-08-02T16:01:52,2026-07-01,publication,,,
thermo-fisher-monitor-product-page-updated-6f8b9d500879,Thermo Fisher official product page observed,unsupported,analyst_paraphrase,https://www.thermofisher.com/us/en/home/industrial/mass-spectrometry/liquid-chromatography-mass-spectrometry-lc-ms/lc-ms-systems/orbitrap-lc-ms/orbitrap-exploris-mass-spectrometers.html,2026-07-28T20:26:11,2026-06-30,ingestion,,,Initial observation is not evidence that a page or product changed.
thermo-fisher-monitor-product-page-updated-b0ad77dc1772,Thermo Fisher official product page observed,unsupported,analyst_paraphrase,https://www.thermofisher.com/us/en/home/industrial/mass-spectrometry/liquid-chromatography-mass-spectrometry-lc-ms/lc-ms-systems/orbitrap-lc-ms/orbitrap-exploris-mass-spectrometers/orbitrap-exploris-480-mass-spectrometers.html,2026-07-28T20:26:11,2026-06-30,ingestion,,,Initial observation is not evidence that a page or product changed.
thermo-fisher-monitor-product-page-updated-f40e133aa6ff,Thermo Fisher official product page observed,unsupported,analyst_paraphrase,https://www.thermofisher.com/us/en/home/industrial/mass-spectrometry/liquid-chromatography-mass-spectrometry-lc-ms/lc-ms-systems/orbitrap-lc-ms/orbitrap-exploris-mass-spectrometers/orbitrap-exploris-240-mass-spectrometers.html,2026-07-28T20:26:11,2026-06-30,ingestion,,,Initial observation is not evidence that a page or product changed.
thermo-fisher-monitor-product-page-updated-8015be403ecf,Thermo Fisher official product page observed,unsupported,analyst_paraphrase,https://www.thermofisher.com/us/en/home/industrial/mass-spectrometry/liquid-chromatography-mass-spectrometry-lc-ms/lc-ms-systems/orbitrap-lc-ms/orbitrap-exploris-mass-spectrometers/orbitrap-exploris-120-mass-spectrometers.html,2026-07-28T20:26:11,2026-06-30,ingestion,,,Initial observation is not evidence that a page or product changed.
thermo-fisher-monitor-product-page-updated-c7c480e39774,Thermo Fisher official product page observed,unsupported,analyst_paraphrase,https://www.thermofisher.com/us/en/home/industrial/chromatography/liquid-chromatography-lc/hplc-uhplc-systems/vanquish-amplify-uhplc-system.html,2026-07-28T20:26:11,2026-06-29,ingestion,,,Initial observation is not evidence that a page or product changed.
thermo-fisher-monitor-product-page-updated-f71fcdc13f41,Thermo Fisher official product page observed,unsupported,analyst_paraphrase,https://www.thermofisher.com/us/en/home/industrial/mass-spectrometry/liquid-chromatography-mass-spectrometry-lc-ms/lc-ms-systems/orbitrap-lc-ms.html,2026-07-28T20:26:11,2026-06-29,ingestion,,,Initial observation is not evidence that a page or product changed.
thermo-fisher-monitor-product-page-updated-49db11c56d26,Thermo Fisher official product page observed,unsupported,analyst_paraphrase,https://www.thermofisher.com/us/en/home/industrial/mass-spectrometry/liquid-chromatography-mass-spectrometry-lc-ms/lc-ms-systems/orbitrap-lc-ms/orbitrap-excedion-pro-mass-spectrometer.html,2026-07-28T20:26:11,2026-06-29,ingestion,,,Initial observation is not evidence that a page or product changed.
thermo-fisher-monitor-product-page-updated-2604cffb1ef2,Thermo Fisher official product page observed,unsupported,analyst_paraphrase,https://www.thermofisher.com/us/en/home/industrial/mass-spectrometry/liquid-chromatography-mass-spectrometry-lc-ms/lc-ms-systems/orbitrap-lc-ms/orbitrap-excedion-pro-mass-spectrometer/orbitrap-excedion-pro-biopharma-ms.html,2026-07-28T20:26:11,2026-06-29,ingestion,,,Initial observation is not evidence that a page or product changed.
agilent-monitor-press-release-b9da41f651c5,Agilent Completes Acquisition of Biocare Medical,unreachable,analyst_paraphrase,https://www.agilent.com/about/newsroom/presrel/2026/25jun-gp26014.html,2026-08-02T16:01:52,2026-06-25,publication,,,
sec-agilent-0001193125-26-282845,"AGILENT TECHNOLOGIES, INC. filed 8-K",unreachable,analyst_paraphrase,https://www.sec.gov/Archives/edgar/data/1090872/000119312526282845/d75293d8k.htm,2026-08-02T16:01:52,2026-06-25,publication,,,
shimadzu-monitor-press-release-dd1c690f971f,"Assistance for Quality Control of Antibody Drugs, Peptide Drugs, Etc. Release of PPSQ-51A/53A SPD-40 Model Protein Sequencers in Japan and Overseas for Protein Analysis",partial,analyst_paraphrase,https://www.shimadzu.com/news/2026/8vla5_ja28yrj6y-.html,2026-08-02T16:01:52,2026-06-19,publication,,,
perkinelmer-monitor-press-release-e6c7c7885dfa,PerkinElmer CEO Michael Stubblefield Joins US-China Business Council Board of Directors,partial,analyst_paraphrase,https://www.perkinelmer.com/corporate-and-newsroom/perkinelmer-ceo-michael-stubblefield-joins-us-china-business-council-board-directors,2026-08-01T17:06:25,2026-06-17,publication,,,
shimadzu-monitor-press-release-376166159e10,New Medium-Term Management Plan for FY 2026 to 2028 Prepared Become an Innovative Company That Solves Social Challenges Together with Global Partners —Sustainably Improve Profitability by Strengthening End-to-End Solutions Capabilities—,partial,analyst_paraphrase,https://www.shimadzu.com/news/2026/hwvic1k630v3uz8g.html,2026-08-02T16:01:52,2026-06-11,publication,,,
thermo-fisher-monitor-product-page-updated-cdfaeffb9481,Thermo Fisher official product page observed,unsupported,analyst_paraphrase,https://www.thermofisher.com/us/en/home/industrial/mass-spectrometry/liquid-chromatography-mass-spectrometry-lc-ms/lc-ms-systems/triple-quadrupole-lc-ms/tsq-certis-triple-quadripole-ms.html,2026-07-28T20:26:11,2026-06-08,ingestion,,,Initial observation is not evidence that a page or product changed.
perkinelmer-monitor-press-release-07686a3d3560,Project Farma Partners with Valkit.ai - Modernizing Digital Validation with AI,partial,analyst_paraphrase,https://www.perkinelmer.com/corporate-and-newsroom/project-farma-expands-pmis-offering-oracle-primavera-cloud,2026-08-01T17:06:25,2026-06-08,publication,,,
agilent-monitor-press-release-983ae7942d8b,"Agilent, OpenAI, BCG Collaborate to Accelerate Customer-Focused, AI-Driven Scientific Innovation",unreachable,analyst_paraphrase,https://www.agilent.com/about/newsroom/presrel/2026/03jun-gp26013.html,2026-08-02T16:01:52,2026-06-03,publication,,,
sec-sciex-0001193125-26-255555,Danaher Corporation filed 8-K,unreachable,analyst_paraphrase,https://www.sec.gov/Archives/edgar/data/313616/000119312526255555/d63873d8k.htm,2026-08-02T16:01:52,2026-06-03,publication,,,Do not attribute the filing or a corporate conclusion to SCIEX without an exact filing passage.
agilent-monitor-press-release-b47eb411bde0,"Agilent Receives FDA Approval for Expanded Use of PD-L1 IHC 22C3 pharmDx on Dako Omnis in Esophageal Squamous Cell Carcinoma, Triple-Negative Breast Cancer, Cervical Cancer, and Gastric or Gastroesophageal Junction Adenocarcinoma",unreachable,analyst_paraphrase,https://www.agilent.com/about/newsroom/presrel/2026/02jun-ca26023.html,2026-08-02T16:01:52,2026-06-02,publication,,,
sciex-monitor-press-release-6e5bfd32b037,SCIEX launches the novus V55 system with SCIEX OS 5.0 software and AI enablement tools,partial,analyst_paraphrase,https://sciex.com/about-us/press-releases/2026/sciex-launches-its-5th-generation-of-nominal-mass-novus-v55-system-with-sciexos-5-0-software,2026-08-02T16:01:52,2026-06-01,publication,,,
sciex-monitor-press-release-b63fd59eab93,"SCIEX advances the ZenoTOF line with platform-wide expansions in software, integrations, and key collaborations",partial,analyst_paraphrase,https://sciex.com/about-us/press-releases/2026/zenotof-unlock,2026-08-02T16:01:52,2026-06-01,publication,,,
agilent-monitor-press-release-531ac7b0e3d4,Agilent and Sound Analytics Collaborate to Advance LC/MS Workflows for Drug Metabolism Research,unreachable,analyst_paraphrase,https://www.agilent.com/about/newsroom/presrel/2026/01jun-ca26022.html,2026-08-02T16:01:52,2026-06-01,publication,,,
sec-agilent-0001090872-26-000055,"AGILENT TECHNOLOGIES, INC. filed 10-Q",unreachable,analyst_paraphrase,https://www.sec.gov/Archives/edgar/data/1090872/000109087226000055/a-20260430.htm,2026-08-02T16:01:52,2026-06-01,publication,,,
agilent-monitor-press-release-ad9854bd4d36,"Agilent Introduces OpenLab Sync to Support Guided, Digital Execution in the Laboratory",partial,analyst_paraphrase,https://www.investor.agilent.com/news-and-events/news/news-details/2026/Agilent-Introduces-OpenLab-Sync-to-Support-Guided-Digital-Execution-in-the-Laboratory/default.aspx,2026-08-02T16:01:52,2026-05-28,publication,,,
agilent-openlab-sync-usp-2026,Agilent introduces OpenLab Sync with USP MethodConnect integration,unreachable,analyst_paraphrase,https://www.agilent.com/about/newsroom/presrel/2026/28may-ca26020.html,2026-07-28T20:26:11,2026-05-28,publication,,,
thermo-fisher-monitor-press-release-e6b070a3c0cf,Thermo Fisher Scientific Unveils Next-generation Innovations at ASMS 2026 to Accelerate the Path from Drug Discovery to New Therapies,unreachable,analyst_paraphrase,https://ir.thermofisher.com/investors/news-events/news/news-details/2026/Thermo-Fisher-Scientific-Unveils-Next-generation-Innovations-at-ASMS-2026-to-Accelerate-the-Path-from-Drug-Discovery-to-New-Therapies/default.aspx,2026-08-02T16:01:52,2026-05-28,publication,,,
shimadzu-monitor-press-release-e7d79a120ad2,Shimadzu Corporation Joins NIIMBL to Advance Biopharmaceutical Manufacturing Innovation,partial,analyst_paraphrase,https://www.shimadzu.com/news/2026/gcz8mxw0lcb05i76.html,2026-08-02T16:01:52,2026-05-28,publication,,,
perkinelmer-monitor-press-release-6f529ddf64c7,Project Farma Partners with Valkit.ai - Modernizing Digital Validation with AI,partial,analyst_paraphrase,https://www.perkinelmer.com/corporate-and-newsroom/project-farma-partners-valkitai,2026-08-01T17:06:25,2026-05-28,publication,,,
thermo-fisher-monitor-product-page-updated-bd169a255fd1,Thermo Fisher official product page observed,unsupported,analyst_paraphrase,https://www.thermofisher.com/us/en/home/industrial/mass-spectrometry/liquid-chromatography-mass-spectrometry-lc-ms/lc-ms-systems/orbitrap-lc-ms/orbitrap-tribrid-mass-spectrometers/orbitrap-tribrid-apex-mass-spectrometer.html,2026-07-28T20:26:11,2026-05-27,ingestion,,,Initial observation is not evidence that a page or product changed.
thermo-fisher-monitor-technical-insight-f83d4d127f83,"1,000 Publications and Counting: What Researchers Are Unlocking With the Orbitrap Astral Mass Spectrometer",partial,analyst_paraphrase,https://www.thermofisher.com/blog/analyteguru/1000-publications-and-counting-what-researchers-are-unlocking-with-the-orbitrap-astral-mass-spectrometer/,2026-07-28T20:26:11,2026-05-27,publication,,,
agilent-monitor-press-release-bfb6111c07ab,Agilent Reports Second-Quarter Fiscal Year 2026 Financial Results,partial,analyst_paraphrase,https://www.investor.agilent.com/news-and-events/news/news-details/2026/Agilent-Reports-Second-Quarter-Fiscal-Year-2026-Financial-Results/default.aspx,2026-08-02T16:01:52,2026-05-27,publication,,,
sec-agilent-0001090872-26-000052,"AGILENT TECHNOLOGIES, INC. filed 8-K",unreachable,analyst_paraphrase,https://www.sec.gov/Archives/edgar/data/1090872/000109087226000052/a-20260520.htm,2026-08-02T16:01:52,2026-05-27,publication,,,
thermo-fisher-monitor-product-page-updated-09b041f24af6,Thermo Fisher official product page observed,unsupported,analyst_paraphrase,https://www.thermofisher.com/us/en/home/industrial/mass-spectrometry/liquid-chromatography-mass-spectrometry-lc-ms/lc-ms-systems/orbitrap-lc-ms/orbitrap-tribrid-mass-spectrometers/orbitrap-eclipse-tribrid-mass-spectrometer.html,2026-07-28T20:26:11,2026-05-26,ingestion,,,Initial observation is not evidence that a page or product changed.
agilent-monitor-press-release-05de8c4e0b65,Agilent Launches New GC Systems with GC Assist to Improve Laboratory Efficiency and Data Quality,partial,analyst_paraphrase,https://www.investor.agilent.com/news-and-events/news/news-details/2026/Agilent-Launches-New-GC-Systems-with-GC-Assist-to-Improve-Laboratory-Efficiency-and-Data-Quality/default.aspx,2026-08-02T16:01:52,2026-05-26,publication,,,
agilent-monitor-press-release-db509010a12a,Agilent Launches Multi-Attribute Method (MAM) Solution for BioPharma Quality Control,partial,analyst_paraphrase,https://www.investor.agilent.com/news-and-events/news/news-details/2026/Agilent-Launches-Multi-Attribute-Method-MAM-Solution-for-BioPharma-Quality-Control/default.aspx,2026-08-02T16:01:52,2026-05-26,publication,,,
sec-thermo-0000097745-26-000117,THERMO FISHER SCIENTIFIC INC. filed 8-K,unreachable,analyst_paraphrase,https://www.sec.gov/Archives/edgar/data/97745/000009774526000117/tmo-20260520.htm,2026-08-02T16:01:52,2026-05-26,publication,,,
thermo-fisher-monitor-product-page-updated-9b0efa50a4a2,Thermo Fisher official product page observed,unsupported,analyst_paraphrase,https://www.thermofisher.com/us/en/home/industrial/mass-spectrometry/liquid-chromatography-mass-spectrometry-lc-ms/lc-ms-systems/orbitrap-lc-ms/orbitrap-excedion-pro-mass-spectrometer/orbitrap-excedion-pro-ms.html,2026-07-28T20:26:11,2026-05-22,ingestion,,,Initial observation is not evidence that a page or product changed.
agilent-monitor-press-release-9037de9dba7c,Agilent Unveils the 9500 ICP-MS: Redefining Trace Element Analysis,partial,analyst_paraphrase,https://www.investor.agilent.com/news-and-events/news/news-details/2026/Agilent-Unveils-the-9500-ICP-MS-Redefining-Trace-Element-Analysis/default.aspx,2026-08-02T16:01:52,2026-05-22,publication,,,
agilent-monitor-press-release-d402bef3b17c,Agilent Launches 1290 Infinity III Fluorescence Detector for Confident Trace Analysis at UHPLC Speed,partial,analyst_paraphrase,https://www.investor.agilent.com/news-and-events/news/news-details/2026/Agilent-Launches-1290-Infinity-III-Fluorescence-Detector-for-Confident-Trace-Analysis-at-UHPLC-Speed/default.aspx,2026-08-02T16:01:52,2026-05-21,publication,,,
agilent-monitor-press-release-1eafa43669e6,Agilent Announces Cash Dividend of 25.5 Cents per Share,partial,analyst_paraphrase,https://www.investor.agilent.com/news-and-events/news/news-details/2026/Agilent-Announces-Cash-Dividend-of-25-5-Cents-per-Share-cd1e68595/default.aspx,2026-08-02T16:01:52,2026-05-20,publication,,,
agilent-nati-oligo-2026,Agilent and Singapore NATi partner on lipid-conjugated oligonucleotide research,unreachable,analyst_paraphrase,https://www.agilent.com/about/newsroom/presrel/2026/20may-ca26015.html,2026-07-28T20:26:11,2026-05-20,publication,,,
agilent-orca-biopharma-hub-2026,Agilent opens ORCA biopharma research hub in South Korea,unreachable,analyst_paraphrase,https://www.agilent.com/about/newsroom/presrel/2026/20may-ca26014.html,2026-07-28T20:26:11,2026-05-20,publication,,,
thermo-fisher-monitor-press-release-5f5e2957f30f,Thermo Fisher Scientific Announces Quarterly Dividend,unreachable,analyst_paraphrase,https://ir.thermofisher.com/investors/news-events/news/news-details/2026/Thermo-Fisher-Scientific-Announces-Quarterly-Dividend/default.aspx,2026-08-02T16:01:52,2026-05-20,publication,,,
thermo-fisher-monitor-press-release-e274a77a3b72,"Thermo Fisher Scientific Highlights Industry Leadership, Growth Outlook and Long-Term Value Creation at 2026 Investor Day",unreachable,analyst_paraphrase,https://ir.thermofisher.com/investors/news-events/news/news-details/2026/Thermo-Fisher-Scientific-Highlights-Industry-Leadership-Growth-Outlook-and-Long-Term-Value-Creation-at-2026-Investor-Day/default.aspx,2026-08-02T16:01:52,2026-05-20,publication,,,
agilent-monitor-press-release-7d0e1633bcc9,Agilent to Supply Next Generation Alarm Resolution Technology to U.S. Airport Security Screening Checkpoints ahead of FIFA World Cup 2026,partial,analyst_paraphrase,https://www.investor.agilent.com/news-and-events/news/news-details/2026/Agilent-to-Supply-Next-Generation-Alarm-Resolution-Technology-to-U-S--Airport-Security-Screening-Checkpoints-ahead-of-FIFA-World-Cup-2026/default.aspx,2026-08-02T16:01:52,2026-05-19,publication,,,
thermo-fisher-monitor-technical-insight-5e8a45f4f5b6,Advancing Clinical Research at ASMS 2026: From Robust Workflows to Real-World Impact,partial,analyst_paraphrase,https://www.thermofisher.com/blog/analyteguru/advancing-clinical-research-at-asms-2026-from-robust-workflows-to-real-world-impact/,2026-07-28T20:26:11,2026-05-14,publication,,,
shimadzu-monitor-press-release-5b2acb477e45,"Recognized as a 2026 Outstanding Corporate Entity for Shokuiku (Food and Nutrition Education) by the Ministry of Agriculture, Forestry and Fisheries",partial,analyst_paraphrase,https://www.shimadzu.com/news/2026/2vzbn3pq9_pryrrm.html,2026-08-02T16:01:52,2026-05-14,publication,,,
perkinelmer-monitor-press-release-4e8346eb5589,"LactoScope 500 Delivers Next-Level Dairy Analysis, for Greater Accuracy, Stability, and Operational",partial,analyst_paraphrase,https://www.perkinelmer.com/corporate-and-newsroom/lactoscope-500-delivers-next-level-dairy-analysis-greater-accuracy-stability-and-operational,2026-08-01T17:06:25,2026-05-13,publication,,,
thermo-fisher-monitor-technical-insight-e6a6e287fa80,Unlocking High-Throughput Potential in Liquid Chromatography With Vanquish Systems,partial,analyst_paraphrase,https://www.thermofisher.com/blog/analyteguru/unlocking-high-throughput-potential-in-liquid-chromatography-with-vanquish-systems/,2026-07-28T20:26:11,2026-05-12,publication,,,
shimadzu-monitor-press-release-6af64323ea4b,"BIPM, RIKEN and Shimadzu launch collaboration to explore the role of transportable optical frequency standards",partial,analyst_paraphrase,https://www.shimadzu.com/news/2026/mp345hgpek6lm85j.html,2026-08-02T16:01:52,2026-05-12,publication,,,
sec-perkinelmer-0000031791-26-000019,"Revvity, Inc. filed 10-Q",unreachable,analyst_paraphrase,https://www.sec.gov/Archives/edgar/data/31791/000003179126000019/revv-20260405.htm,2026-08-02T16:01:52,2026-05-12,publication,,,Do not attribute this filing to PerkinElmer; use Revvity as the registrant.
agilent-monitor-press-release-c07ab81a2d2d,Agilent to Participate in Jefferies Global Healthcare Conference,unreachable,analyst_paraphrase,https://www.investor.agilent.com/news-and-events/news/news-details/2026/Agilent-to-Participate-in-Jefferies-Global-Healthcare-Conference/default.aspx,2026-08-02T16:01:52,2026-05-11,publication,,,
sec-sciex-0000313616-26-000127,Danaher Corporation filed 8-K,unreachable,analyst_paraphrase,https://www.sec.gov/Archives/edgar/data/313616/000031361626000127/dhr-20260505.htm,2026-08-02T16:01:52,2026-05-07,publication,,,Do not attribute the filing or a corporate conclusion to SCIEX without an exact filing passage.
sciex-monitor-press-release-0b700d4adcc2,SCIEX software solutions advance workflow efficiency with six industry collaborations,partial,analyst_paraphrase,https://sciex.com/about-us/press-releases/2026/sciex-software-solutions-advance-workflow-efficiency-with-six-industry-collaborations,2026-08-02T16:01:52,2026-05-06,publication,,,
thermo-fisher-monitor-technical-insight-4d0e48f0a144,Turning Science Into Safer Water for Nearly 1.8 Million People,partial,analyst_paraphrase,https://www.thermofisher.com/blog/analyteguru/turning-science-into-safer-water-for-nearly-1-8-million-people/,2026-07-28T20:26:11,2026-05-05,publication,,,
sec-perkinelmer-0000031791-26-000016,"Revvity, Inc. filed 8-K",unreachable,analyst_paraphrase,https://www.sec.gov/Archives/edgar/data/31791/000003179126000016/pki-20260505.htm,2026-08-02T16:01:52,2026-05-05,publication,,,Do not attribute this filing to PerkinElmer; use Revvity as the registrant.
agilent-monitor-press-release-5da82269ba69,Agilent Names Michael Buckner as Chief Legal Officer,partial,analyst_paraphrase,https://www.investor.agilent.com/news-and-events/news/news-details/2026/Agilent-Names-Michael-Buckner-as-Chief-Legal-Officer/default.aspx,2026-08-02T16:01:52,2026-05-04,publication,,,
sec-agilent-0001193125-26-202636,"AGILENT TECHNOLOGIES, INC. filed 8-K",unreachable,analyst_paraphrase,https://www.sec.gov/Archives/edgar/data/1090872/000119312526202636/a-20260504.htm,2026-08-02T16:01:52,2026-05-04,publication,,,
sec-thermo-0000097745-26-000092,THERMO FISHER SCIENTIFIC INC. filed 10-Q,unreachable,analyst_paraphrase,https://www.sec.gov/Archives/edgar/data/97745/000009774526000092/tmo-20260328.htm,2026-08-02T16:01:52,2026-05-01,publication,,,
sec-perkinelmer-0001193125-26-201401,"Revvity, Inc. filed 8-K",unreachable,analyst_paraphrase,https://www.sec.gov/Archives/edgar/data/31791/000119312526201401/d146870d8k.htm,2026-08-02T16:01:52,2026-05-01,publication,,,Do not attribute this filing to PerkinElmer; use Revvity as the registrant.
thermo-fisher-monitor-technical-insight-4324a7244e14,"New Technical Note: Robust, High-Throughput Peptide Quantitation on the TSQ Certis Triple Quadrupole MS with OptiSpray Technology",partial,analyst_paraphrase,https://www.thermofisher.com/blog/analyteguru/new-technical-note-robust-high-throughput-peptide-quantitation-on-the-tsq-certis-triple-quadrupole-ms-with-optispray-technology/,2026-07-28T20:26:11,2026-04-29,publication,,,
sec-sciex-0001193125-26-191608,Danaher Corporation filed 8-K,unreachable,analyst_paraphrase,https://www.sec.gov/Archives/edgar/data/313616/000119312526191608/d107133d8k.htm,2026-08-02T16:01:52,2026-04-29,publication,,,Do not attribute the filing or a corporate conclusion to SCIEX without an exact filing passage.
thermo-fisher-monitor-technical-insight-ea2e06a66ada,Rethinking What’s Possible in Biological Research with the Orbitrap Astral Zoom Mass Spectrometer,partial,analyst_paraphrase,https://www.thermofisher.com/blog/analyteguru/rethinking-whats-possible-in-biological-research-with-the-orbitrap-astral-zoom-mass-spectrometer/,2026-07-28T20:26:11,2026-04-28,publication,,,
agilent-monitor-press-release-4ea748e8f6bc,Agilent to Announce Second-Quarter Fiscal Year 2026 Financial Results on May 27,unreachable,analyst_paraphrase,https://www.investor.agilent.com/news-and-events/news/news-details/2026/Agilent-to-Announce-Second-Quarter-Fiscal-Year-2026-Financial-Results-on-May-27/default.aspx,2026-08-02T16:01:52,2026-04-28,publication,,,
thermo-fisher-monitor-press-release-2f0e270694ae,Thermo Fisher Scientific to Host Investor Day,unreachable,analyst_paraphrase,https://ir.thermofisher.com/investors/news-events/news/news-details/2026/Thermo-Fisher-Scientific-to-Host-Investor-Day/default.aspx,2026-08-02T16:01:52,2026-04-28,publication,,,
thermo-fisher-monitor-press-release-e530be2f2ff7,Thermo Fisher Scientific Signs Agreement to Sell its Microbiology Business to Astorg,unreachable,analyst_paraphrase,https://ir.thermofisher.com/investors/news-events/news/news-details/2026/Thermo-Fisher-Scientific-Signs-Agreement-to-Sell-its-Microbiology-Business-to-Astorg/default.aspx,2026-08-02T16:01:52,2026-04-27,publication,,,
shimadzu-monitor-press-release-409a2f981b84,"Supporting Diverse Surgical and Diagnostic Applications with High-Definition Imaging and Positioning Freedom Expansion of the product lineup with SC15 and OPESCOPE ACTENO FD15, new mobile C-arm systems",partial,analyst_paraphrase,https://www.shimadzu.com/news/2026/3wqzblb912kax0m9.html,2026-08-02T16:01:52,2026-04-27,publication,,,
shimadzu-monitor-press-release-26703fd9198e,Shimadzu Corporation Acquires German Startup Plasmion GmbH Secures SICRIT Ion Source Technology for Mass Spectrometers,partial,analyst_paraphrase,https://www.shimadzu.com/news/2026/qmv_7cupefrinwt6.html,2026-08-02T16:01:52,2026-04-27,publication,,,
thermo-fisher-monitor-press-release-dc116258bdf3,Thermo Fisher Scientific Reports First Quarter 2026 Results,partial,analyst_paraphrase,https://ir.thermofisher.com/investors/news-events/news/news-details/2026/Thermo-Fisher-Scientific-Reports-First-Quarter-2026-Results/default.aspx,2026-08-02T16:01:52,2026-04-23,publication,,,
sec-thermo-0000097745-26-000086,THERMO FISHER SCIENTIFIC INC. filed 8-K,unreachable,analyst_paraphrase,https://www.sec.gov/Archives/edgar/data/97745/000009774526000086/tmo-20260423.htm,2026-08-02T16:01:52,2026-04-23,publication,,,
thermo-fisher-monitor-product-page-updated-175929474b04,Thermo Fisher official product page observed,unsupported,analyst_paraphrase,https://www.thermofisher.com/us/en/home/industrial/mass-spectrometry/liquid-chromatography-mass-spectrometry-lc-ms/lc-ms-systems/orbitrap-lc-ms/q-exactive-orbitrap-mass-spectrometers.html,2026-07-28T20:26:11,2026-04-22,ingestion,,,Initial observation is not evidence that a page or product changed.
thermo-fisher-monitor-technical-insight-f83d75ac14f7,"Neuroscience Takes Flight: How Collaboration, Spaceflight, and Orbitrap Astral MS Are Opening a New Window into Brain Aging",partial,analyst_paraphrase,https://www.thermofisher.com/blog/analyteguru/neuroscience-takes-flight-how-collaboration-spaceflight-and-orbitrap-astral-ms-are-opening-a-new-window-into-brain-aging/,2026-07-28T20:26:11,2026-04-21,publication,,,
sec-sciex-0000313616-26-000109,Danaher Corporation filed 8-K,unreachable,analyst_paraphrase,https://www.sec.gov/Archives/edgar/data/313616/000031361626000109/dhr-20260421.htm,2026-08-02T16:01:52,2026-04-21,publication,,,Do not attribute the filing or a corporate conclusion to SCIEX without an exact filing passage.
sec-sciex-0000313616-26-000107,Danaher Corporation filed 10-Q,unreachable,analyst_paraphrase,https://www.sec.gov/Archives/edgar/data/313616/000031361626000107/dhr-20260327.htm,2026-08-02T16:01:52,2026-04-21,publication,,,Do not attribute the filing or a corporate conclusion to SCIEX without an exact filing passage.
shimadzu-monitor-press-release-f3189a49c930,Study Reveals How the Viability of Lactic Acid Bacteria Shapes Their Function in the Gut Results of Collaborative Research with Tohoku University and ITO EN Published in the Cell Press journal iScience,partial,analyst_paraphrase,https://www.shimadzu.com/news/2026/iy0elwnih0c159yp.html,2026-08-02T16:01:52,2026-04-20,publication,,,
sec-sciex-0001193125-26-160383,Danaher Corporation filed 8-K,unreachable,analyst_paraphrase,https://www.sec.gov/Archives/edgar/data/313616/000119312526160383/d56203d8k.htm,2026-08-02T16:01:52,2026-04-17,publication,,,Do not attribute the filing or a corporate conclusion to SCIEX without an exact filing passage.
shimadzu-monitor-press-release-db8a4ee1ea2f,"Shimadzu Receives an International iF Design Award 2026 in Three Disciplines—Product Design, Architecture, and Interior Architecture",partial,analyst_paraphrase,https://www.shimadzu.com/news/2026/us_ij0twdr--z1bk.html,2026-08-02T16:01:52,2026-04-16,publication,,,
agilent-monitor-press-release-37f3eb794847,Agilent Showcases Cancer Research Solutions at AACR 2026,partial,analyst_paraphrase,https://www.investor.agilent.com/news-and-events/news/news-details/2026/Agilent-Showcases-Cancer-Research-Solutions-at-AACR-2026/default.aspx,2026-08-02T16:01:52,2026-04-15,publication,,,
shimadzu-monitor-press-release-0c521882273f,SHIMADZU Breakers’ Rina Komokata Receives Mie Prefecture Citizen’s Honor Award,partial,analyst_paraphrase,https://www.shimadzu.com/news/2026/es_ffmlcxz0isd6y.html,2026-08-02T16:01:52,2026-04-15,publication,,,
perkinelmer-monitor-press-release-37cbd1fb094f,PacBio and Covaris Announce Joint Workflow Enabling HiFi Sequencing of FFPE Tumor Samples,partial,analyst_paraphrase,https://www.perkinelmer.com/corporate-and-newsroom/pacbio-and-covaris-announce-joint-workflow-enabling-hifi-sequencing-ffpe-tumor-samples,2026-08-01T17:06:25,2026-04-15,publication,,,
agilent-omixai-proteomics-2026,Agilent partners with OmixAI on AI-driven proteomics in South Korea,unreachable,analyst_paraphrase,https://www.agilent.com/about/newsroom/presrel/2026/14apr-ca26012.html,2026-07-28T20:26:11,2026-04-14,publication,,,
shimadzu-monitor-press-release-3290d9ca535c,Launched Industry’s First Micro Compression Testing Machine Capable of Multi-Point Successive Measurement in Conformance Order Contributing to R&D for Carbon Neutrality and Related Fields through Micron-Level material evaluation,partial,analyst_paraphrase,https://www.shimadzu.com/news/2026/u7zsp_9ptac8y-ri.html,2026-08-02T16:01:52,2026-04-10,publication,,,
thermo-fisher-monitor-press-release-b706ef6c303c,Thermo Fisher Scientific Expands Global Biobank Leadership Through Strategic Collaboration with PRECISE-SG100K Singapore to Advance Population-Scale Proteomics,unreachable,analyst_paraphrase,https://ir.thermofisher.com/investors/news-events/news/news-details/2026/Thermo-Fisher-Scientific-Expands-Global-Biobank-Leadership-Through-Strategic-Collaboration-with-PRECISE-SG100K-Singapore-to-Advance-Population-Scale-Proteomics/default.aspx,2026-08-02T16:01:52,2026-04-09,publication,,,
shimadzu-monitor-press-release-6a56f6733e7d,Shimadzu Signs Professional Player Contracts with Tennis Players Hikaru Sato and Hiromi Abe,partial,analyst_paraphrase,https://www.shimadzu.com/news/2026/vz_a4k39l-19nqcp.html,2026-08-02T16:01:52,2026-04-08,publication,,,
perkinelmer-monitor-press-release-b5bee6dd3e17,PerkinElmer Appoints Michael Stubblefield as Chief Executive Officer,partial,analyst_paraphrase,https://www.perkinelmer.com/corporate-and-newsroom/covaris-introduces-trucollect-solution-decentralized-whole-blood-collection-and-dna-extraction,2026-08-01T17:06:25,2026-04-08,publication,,,
thermo-fisher-monitor-technical-insight-e4e93afc5acb,What Happens When Glycoproteomics Meets Real-Time LC-MS Decision Making?,partial,analyst_paraphrase,https://www.thermofisher.com/blog/analyteguru/what-happens-when-glycoproteomics-meets-real-time-lc-ms-decision-making/,2026-07-28T20:26:11,2026-04-06,publication,,,
sec-agilent-0001193125-26-142101,"AGILENT TECHNOLOGIES, INC. filed 8-K",unreachable,analyst_paraphrase,https://www.sec.gov/Archives/edgar/data/1090872/000119312526142101/a-20260331.htm,2026-08-02T16:01:52,2026-04-03,publication,,,
agilent-mumbai-cec-2026,Agilent opens Customer Experience Center in Mumbai,unreachable,analyst_paraphrase,https://www.agilent.com/about/newsroom/presrel/2026/02apr-ca26011.html,2026-07-28T20:26:11,2026-04-02,publication,,,
thermo-fisher-monitor-technical-insight-252772b9d981,"Phosphorylation, ADMA, and O-GlcNAc Analysis on the Orbitrap Excedion Pro Mass Spectrometer",partial,analyst_paraphrase,https://www.thermofisher.com/blog/analyteguru/phosphorylation-adma-and-o-glcnac-analysis-on-the-orbitrap-excedion-pro-mass-spectrometer/,2026-07-28T20:26:11,2026-03-27,publication,,,
sec-thermo-0000097745-26-000066,THERMO FISHER SCIENTIFIC INC. filed 8-K,unreachable,analyst_paraphrase,https://www.sec.gov/Archives/edgar/data/97745/000009774526000066/tmo-20260324.htm,2026-08-02T16:01:52,2026-03-24,publication,,,
shimadzu-monitor-press-release-5d6c0db3bf69,Development of a MALDI Mass Spectrometry Method for Serotype Identification of Gene Therapy Vectors Collaborative Study Published in Analytical Chemistry,partial,analyst_paraphrase,https://www.shimadzu.com/news/2026/kl7r0r4uj64q9kpv.html,2026-07-28T20:26:11,2026-03-23,publication,,,
shimadzu-monitor-press-release-e691485b7639,DOSIMMUNE™ LC-MS/MS Immunosuppressant Analysis Kit Obtains European IVDR Class C Certification Contributing to Therapeutic Drug Monitoring,partial,analyst_paraphrase,https://www.shimadzu.com/news/2026/h8vx9je-kascz6do.html,2026-07-28T20:26:11,2026-03-23,publication,,,
sec-agilent-0001193125-26-117614,"AGILENT TECHNOLOGIES, INC. filed 8-K",unreachable,analyst_paraphrase,https://www.sec.gov/Archives/edgar/data/1090872/000119312526117614/a-20260318.htm,2026-08-02T16:01:52,2026-03-20,publication,,,
sec-agilent-0001193125-26-096487,"AGILENT TECHNOLOGIES, INC. filed 8-K",unreachable,analyst_paraphrase,https://www.sec.gov/Archives/edgar/data/1090872/000119312526096487/a-20260305.htm,2026-08-02T16:01:52,2026-03-06,publication,,,
thermo-fisher-monitor-technical-insight-d12fd4e1d0a9,Electrospray 101: What to Know About LC-MS Sources – and a First Look at Optispray,partial,analyst_paraphrase,https://www.thermofisher.com/blog/analyteguru/electrospray-101-what-to-know-about-lc-ms-sources-and-a-first-look-at-optispray/,2026-07-28T20:26:11,2026-03-03,publication,,,
shimadzu-monitor-press-release-9f9572aeee0c,Next-Generation Model Offers both Industry-Leading Separation Performance and Ultra-Fast Analysis Release of Nexera X4 Ultra High Performance Liquid Chromatograph,partial,analyst_paraphrase,https://www.shimadzu.com/news/2026/k8iri3_20_z4uvwt.html,2026-07-28T20:26:11,2026-03-03,publication,,,
sec-agilent-0001090872-26-000023,"AGILENT TECHNOLOGIES, INC. filed 10-Q",unreachable,analyst_paraphrase,https://www.sec.gov/Archives/edgar/data/1090872/000109087226000023/a-20260131.htm,2026-08-02T16:01:52,2026-03-03,publication,,,
pubmed-41355705,Angiogenic Biomarkers and Neonatal Outcomes in Suspected Preeclampsia: Retrospective Cohort Study,unreachable,analyst_paraphrase,https://pubmed.ncbi.nlm.nih.gov/41355705/,2026-08-02T16:01:52,2026-03-01,publication,PubMed record title,Angiogenic Biomarkers and Neonatal Outcomes in Suspected Preeclampsia: Retrospective Cohort Study,
sec-thermo-0000097745-26-000018,THERMO FISHER SCIENTIFIC INC. filed 10-K,unreachable,analyst_paraphrase,https://www.sec.gov/Archives/edgar/data/97745/000009774526000018/tmo-20251231.htm,2026-08-02T16:01:52,2026-02-26,publication,,,
agilent-monitor-press-release-bf9c4c1f6eef,Agilent Reports First-Quarter Fiscal Year 2026 Financial Results,partial,analyst_paraphrase,https://www.investor.agilent.com/news-and-events/news/news-details/2026/Agilent-Reports-First-Quarter-Fiscal-Year-2026-Financial-Results/default.aspx,2026-07-31T07:51:38,2026-02-25,publication,,,
sec-agilent-0001090872-26-000015,"AGILENT TECHNOLOGIES, INC. filed 8-K",unreachable,analyst_paraphrase,https://www.sec.gov/Archives/edgar/data/1090872/000109087226000015/a-20260225.htm,2026-08-02T16:01:52,2026-02-25,publication,,,
sec-sciex-0000313616-26-000062,Danaher Corporation filed 10-K,unreachable,analyst_paraphrase,https://www.sec.gov/Archives/edgar/data/313616/000031361626000062/dhr-20251231.htm,2026-08-02T16:01:52,2026-02-24,publication,,,Do not attribute the filing or a corporate conclusion to SCIEX without an exact filing passage.
sec-perkinelmer-0000031791-26-000012,"Revvity, Inc. filed 10-K",unreachable,analyst_paraphrase,https://www.sec.gov/Archives/edgar/data/31791/000003179126000012/revv-20251228.htm,2026-08-02T16:01:52,2026-02-24,publication,,,Do not attribute this filing to PerkinElmer; use Revvity as the registrant.
sec-sciex-0001193125-26-053124,Danaher Corporation filed 8-K,unreachable,analyst_paraphrase,https://www.sec.gov/Archives/edgar/data/313616/000119312526053124/d110495d8k.htm,2026-08-02T16:01:52,2026-02-17,publication,,,Do not attribute the filing or a corporate conclusion to SCIEX without an exact filing passage.
sec-thermo-0001140361-26-005014,THERMO FISHER SCIENTIFIC INC. filed 8-K,unreachable,analyst_paraphrase,https://www.sec.gov/Archives/edgar/data/97745/000114036126005014/ef20065513_8k.htm,2026-08-02T16:01:52,2026-02-12,publication,,,
shimadzu-monitor-press-release-ec6bc5b5fbee,Enables Reliable Water Quality Analysis for All Users and Reduces Workload through Smooth Operation Release of Nexera IC Ion Chromatograph,partial,analyst_paraphrase,https://www.shimadzu.com/news/2026/t0best6lrz8y0uk9.html,2026-07-28T20:26:11,2026-02-10,publication,,,
sec-sciex-0000313616-26-000058,Danaher Corporation filed 8-K,unreachable,analyst_paraphrase,https://www.sec.gov/Archives/edgar/data/313616/000031361626000058/dhr-20260205.htm,2026-08-02T16:01:52,2026-02-10,publication,,,Do not attribute the filing or a corporate conclusion to SCIEX without an exact filing passage.
sciex-monitor-press-release-4d0a7e331929,The Echo® MS+ system integration with the ZenoTOF 8600 system delivers enhanced sensitivity for high-throughput screening,partial,analyst_paraphrase,https://sciex.com/about-us/press-releases/2026/the-echor-ms-system-integration-with-the-zenotof-8600-system-delivers-enhanced-sensitivity-for-high-throughput-screening,2026-07-28T20:26:11,2026-02-05,publication,,,
sec-perkinelmer-0000031791-26-000007,"Revvity, Inc. filed 8-K",unreachable,analyst_paraphrase,https://www.sec.gov/Archives/edgar/data/31791/000003179126000007/pki-20260202.htm,2026-08-02T16:01:52,2026-02-02,publication,,,Do not attribute this filing to PerkinElmer; use Revvity as the registrant.
pubmed-41111413,Effect of Parity and Previous Preeclampsia on Maternal Hemodynamics,unreachable,analyst_paraphrase,https://pubmed.ncbi.nlm.nih.gov/41111413/,2026-08-02T16:01:52,2026-02-01,publication,PubMed record title,Effect of Parity and Previous Preeclampsia on Maternal Hemodynamics,
sec-thermo-0000097745-26-000012,THERMO FISHER SCIENTIFIC INC. filed 8-K,unreachable,analyst_paraphrase,https://www.sec.gov/Archives/edgar/data/97745/000009774526000012/tmo-20260129.htm,2026-08-02T16:01:52,2026-01-29,publication,,,
sec-sciex-0000313616-26-000004,Danaher Corporation filed 8-K,unreachable,analyst_paraphrase,https://www.sec.gov/Archives/edgar/data/313616/000031361626000004/dhr-20260128.htm,2026-08-02T16:01:52,2026-01-28,publication,,,Do not attribute the filing or a corporate conclusion to SCIEX without an exact filing passage.
sec-perkinelmer-0000031791-26-000003,"Revvity, Inc. filed 8-K",unreachable,analyst_paraphrase,https://www.sec.gov/Archives/edgar/data/31791/000003179126000003/pki-20260112.htm,2026-08-02T16:01:52,2026-01-13,publication,,,Do not attribute this filing to PerkinElmer; use Revvity as the registrant.
sec-thermo-0001140361-26-000871,THERMO FISHER SCIENTIFIC INC. filed 8-K,unreachable,analyst_paraphrase,https://www.sec.gov/Archives/edgar/data/97745/000114036126000871/ef20062683_8k.htm,2026-08-02T16:01:52,2026-01-12,publication,,,
sec-sciex-0000313616-26-000002,Danaher Corporation filed 8-K,unreachable,analyst_paraphrase,https://www.sec.gov/Archives/edgar/data/313616/000031361626000002/dhr-20260112.htm,2026-08-02T16:01:52,2026-01-12,publication,,,Do not attribute the filing or a corporate conclusion to SCIEX without an exact filing passage.
thermo-fisher-monitor-technical-insight-96c800a34b83,How to Cut HPLC Sample Preparation Time for Derivatizing Amino Acids,partial,analyst_paraphrase,https://www.thermofisher.com/blog/analyteguru/how-to-cut-hplc-sample-preparation-time-for-derivatizing-amino-acids/,2026-07-28T20:26:11,2026-01-08,publication,,,
pubmed-42312152,A new frame shift pathogenic variant (c.773dupT) in the BCKDHB gene caused MSUD in an infant from north of Iran,unreachable,analyst_paraphrase,https://pubmed.ncbi.nlm.nih.gov/42312152/,2026-08-02T16:01:52,2026-01-01,publication,PubMed record title,A new frame shift pathogenic variant (c.773dupT) in the BCKDHB gene caused MSUD in an,
sec-agilent-0001090872-25-000087,"AGILENT TECHNOLOGIES, INC. filed 10-K",unreachable,analyst_paraphrase,https://www.sec.gov/Archives/edgar/data/1090872/000109087225000087/a-20251031.htm,2026-08-02T16:01:52,2025-12-22,publication,,,
thermo-fisher-monitor-technical-insight-256a54fd0597,Upgrade Smarter: Trade In Your Current LC-MS System and Boost Lab Performance Without Breaking Budget,partial,analyst_paraphrase,https://www.thermofisher.com/blog/analyteguru/upgrade-smarter-trade-in-your-current-lc-ms-system-and-boost-lab-performance-without-breaking-budget/,2026-07-28T20:26:11,2025-12-04,publication,,,
pubmed-40841006,Evolution of water-soluble organic aerosol composition from clean days to haze episodes in rural area of North China Plain,unreachable,analyst_paraphrase,https://pubmed.ncbi.nlm.nih.gov/40841006/,2026-08-02T16:01:52,2025-12-01,publication,PubMed record title,Evolution of water-soluble organic aerosol composition from clean days to haze episodes in rural area,
sec-thermo-0001140361-25-043790,THERMO FISHER SCIENTIFIC INC. filed 8-K,unreachable,analyst_paraphrase,https://www.sec.gov/Archives/edgar/data/97745/000114036125043790/ef20060146_8k.htm,2026-08-02T16:01:52,2025-12-01,publication,,,
sec-agilent-0001090872-25-000070,"AGILENT TECHNOLOGIES, INC. filed 8-K",unreachable,analyst_paraphrase,https://www.sec.gov/Archives/edgar/data/1090872/000109087225000070/a-20251124.htm,2026-08-02T16:01:52,2025-11-24,publication,,,
sec-sciex-0000313616-25-000198,Danaher Corporation filed 8-K,unreachable,analyst_paraphrase,https://www.sec.gov/Archives/edgar/data/313616/000031361625000198/dhr-20251106.htm,2026-08-02T16:01:52,2025-11-06,publication,,,Do not attribute the filing or a corporate conclusion to SCIEX without an exact filing passage.
sec-perkinelmer-0000031791-25-000037,"Revvity, Inc. filed 10-Q",unreachable,analyst_paraphrase,https://www.sec.gov/Archives/edgar/data/31791/000003179125000037/revv-20250928.htm,2026-08-02T16:01:52,2025-11-04,publication,,,Do not attribute this filing to PerkinElmer; use Revvity as the registrant.
sec-thermo-0000097745-25-000159,THERMO FISHER SCIENTIFIC INC. filed 10-Q,unreachable,analyst_paraphrase,https://www.sec.gov/Archives/edgar/data/97745/000009774525000159/tmo-20250927.htm,2026-08-02T16:01:52,2025-10-31,publication,,,
sec-thermo-0000097745-25-000156,THERMO FISHER SCIENTIFIC INC. filed 8-K,unreachable,analyst_paraphrase,https://www.sec.gov/Archives/edgar/data/97745/000009774525000156/tmo-20251029.htm,2026-08-02T16:01:52,2025-10-29,publication,,,
sec-agilent-0001193125-25-251622,"AGILENT TECHNOLOGIES, INC. filed 8-K",unreachable,analyst_paraphrase,https://www.sec.gov/Archives/edgar/data/1090872/000119312525251622/a-20251023.htm,2026-08-02T16:01:52,2025-10-27,publication,,,
sec-perkinelmer-0000031791-25-000032,"Revvity, Inc. filed 8-K",unreachable,analyst_paraphrase,https://www.sec.gov/Archives/edgar/data/31791/000003179125000032/pki-20251027.htm,2026-08-02T16:01:52,2025-10-27,publication,,,Do not attribute this filing to PerkinElmer; use Revvity as the registrant.
thermo-fisher-monitor-technical-insight-ebd4e492a1b9,Unlock High-Performance LC-MS with Factory-Certified Systems from Thermo Fisher Scientific,partial,analyst_paraphrase,https://www.thermofisher.com/blog/analyteguru/unlock-high-performance-lc-ms-with-factory-certified-systems-from-thermo-fisher-scientific/,2026-07-28T20:26:11,2025-10-24,publication,,,
sec-perkinelmer-0001193125-25-249958,"Revvity, Inc. filed 8-K",unreachable,analyst_paraphrase,https://www.sec.gov/Archives/edgar/data/31791/000119312525249958/d52648d8k.htm,2026-08-02T16:01:52,2025-10-24,publication,,,Do not attribute this filing to PerkinElmer; use Revvity as the registrant.
sec-thermo-0000097745-25-000150,THERMO FISHER SCIENTIFIC INC. filed 8-K,unreachable,analyst_paraphrase,https://www.sec.gov/Archives/edgar/data/97745/000009774525000150/tmo-20251022.htm,2026-08-02T16:01:52,2025-10-22,publication,,,
sec-sciex-0000313616-25-000182,Danaher Corporation filed 10-Q,unreachable,analyst_paraphrase,https://www.sec.gov/Archives/edgar/data/313616/000031361625000182/dhr-20250926.htm,2026-08-02T16:01:52,2025-10-21,publication,,,Do not attribute the filing or a corporate conclusion to SCIEX without an exact filing passage.
sec-sciex-0000313616-25-000180,Danaher Corporation filed 8-K,unreachable,analyst_paraphrase,https://www.sec.gov/Archives/edgar/data/313616/000031361625000180/dhr-20251021.htm,2026-08-02T16:01:52,2025-10-21,publication,,,Do not attribute the filing or a corporate conclusion to SCIEX without an exact filing passage.
sec-thermo-0001140361-25-037501,THERMO FISHER SCIENTIFIC INC. filed 8-K,unreachable,analyst_paraphrase,https://www.sec.gov/Archives/edgar/data/97745/000114036125037501/ef20056709_8k.htm,2026-08-02T16:01:52,2025-10-07,publication,,,
thermo-fisher-monitor-technical-insight-63da42085988,Modern Technologies for High-Performance LC-MS Data Transfers,partial,analyst_paraphrase,https://www.thermofisher.com/blog/analyteguru/modern-technologies-for-high-performance-lc-ms-data-transfers/,2026-07-28T20:26:11,2025-10-01,publication,,,
sec-sciex-0000313616-25-000178,Danaher Corporation filed 8-K,unreachable,analyst_paraphrase,https://www.sec.gov/Archives/edgar/data/313616/000031361625000178/dhr-20250909.htm,2026-08-02T16:01:52,2025-09-10,publication,,,Do not attribute the filing or a corporate conclusion to SCIEX without an exact filing passage.
sec-thermo-0000097745-25-000111,THERMO FISHER SCIENTIFIC INC. filed 8-K,unreachable,analyst_paraphrase,https://www.sec.gov/Archives/edgar/data/97745/000009774525000111/tmo-20250901.htm,2026-08-02T16:01:52,2025-09-02,publication,,,
sec-agilent-0001090872-25-000036,"AGILENT TECHNOLOGIES, INC. filed 10-Q",unreachable,analyst_paraphrase,https://www.sec.gov/Archives/edgar/data/1090872/000109087225000036/a-20250731.htm,2026-08-02T16:01:52,2025-08-29,publication,,,
sec-agilent-0001090872-25-000034,"AGILENT TECHNOLOGIES, INC. filed 8-K",unreachable,analyst_paraphrase,https://www.sec.gov/Archives/edgar/data/1090872/000109087225000034/a-20250827.htm,2026-08-02T16:01:52,2025-08-27,publication,,,
thermo-fisher-monitor-technical-insight-481c95686c7c,Radical-based Ion Activation and Dissociation,partial,analyst_paraphrase,https://www.thermofisher.com/blog/analyteguru/radical-based-ion-activation-and-dissociation/,2026-07-28T20:26:11,2025-08-26,publication,,,
sec-perkinelmer-0000031791-25-000026,"Revvity, Inc. filed 10-Q",unreachable,analyst_paraphrase,https://www.sec.gov/Archives/edgar/data/31791/000003179125000026/revv-20250629.htm,2026-08-02T16:01:52,2025-08-05,publication,,,Do not attribute this filing to PerkinElmer; use Revvity as the registrant.
sec-thermo-0000097745-25-000101,THERMO FISHER SCIENTIFIC INC. filed 10-Q,unreachable,analyst_paraphrase,https://www.sec.gov/Archives/edgar/data/97745/000009774525000101/tmo-20250628.htm,2026-08-02T16:01:52,2025-08-01,publication,,,
sec-sciex-0000313616-25-000172,Danaher Corporation filed 8-K,unreachable,analyst_paraphrase,https://www.sec.gov/Archives/edgar/data/313616/000031361625000172/dhr-20250728.htm,2026-08-02T16:01:52,2025-07-31,publication,,,Do not attribute the filing or a corporate conclusion to SCIEX without an exact filing passage.
perkinelmer-covaris-hamilton-automation-2025,PerkinElmer Covaris and Hamilton partner on automated FFPE nucleic-acid extraction,partial,analyst_paraphrase,https://www.perkinelmer.com/corporate-and-newsroom/strategic-partnership-between-covaris-and-hamilton-empowers-labs-with-sonication-star,2026-07-28T20:26:11,2025-07-29,publication,,,
sec-perkinelmer-0000031791-25-000022,"Revvity, Inc. filed 8-K",unreachable,analyst_paraphrase,https://www.sec.gov/Archives/edgar/data/31791/000003179125000022/pki-20250728.htm,2026-08-02T16:01:52,2025-07-28,publication,,,Do not attribute this filing to PerkinElmer; use Revvity as the registrant.
sec-sciex-0000313616-25-000155,Danaher Corporation filed 8-K,unreachable,analyst_paraphrase,https://www.sec.gov/Archives/edgar/data/313616/000031361625000155/dhr-20250721.htm,2026-08-02T16:01:52,2025-07-24,publication,,,Do not attribute the filing or a corporate conclusion to SCIEX without an exact filing passage.
sec-thermo-0000097745-25-000095,THERMO FISHER SCIENTIFIC INC. filed 8-K,unreachable,analyst_paraphrase,https://www.sec.gov/Archives/edgar/data/97745/000009774525000095/tmo-20250723.htm,2026-08-02T16:01:52,2025-07-23,publication,,,
sec-sciex-0000313616-25-000153,Danaher Corporation filed 10-Q,unreachable,analyst_paraphrase,https://www.sec.gov/Archives/edgar/data/313616/000031361625000153/dhr-20250627.htm,2026-08-02T16:01:52,2025-07-22,publication,,,Do not attribute the filing or a corporate conclusion to SCIEX without an exact filing passage.
sec-sciex-0000313616-25-000152,Danaher Corporation filed 8-K,unreachable,analyst_paraphrase,https://www.sec.gov/Archives/edgar/data/313616/000031361625000152/dhr-20250722.htm,2026-08-02T16:01:52,2025-07-22,publication,,,Do not attribute the filing or a corporate conclusion to SCIEX without an exact filing passage.
sec-agilent-0001193125-25-159100,"AGILENT TECHNOLOGIES, INC. filed 8-K",unreachable,analyst_paraphrase,https://www.sec.gov/Archives/edgar/data/1090872/000119312525159100/d866414d8k.htm,2026-08-02T16:01:52,2025-07-15,publication,,,
perkinelmer-taicang-china-facility-2025,PerkinElmer expands Taicang manufacturing and R&D facility for China strategy,partial,analyst_paraphrase,https://www.perkinelmer.com/au/perkinelmer-inaugurates-expanded-taicang-facility-power-china-china-and-beyond-strategy,2026-07-28T20:26:11,2025-07-02,publication,,,
sec-agilent-0001090872-25-000021,"AGILENT TECHNOLOGIES, INC. filed 10-Q",unreachable,analyst_paraphrase,https://www.sec.gov/Archives/edgar/data/1090872/000109087225000021/a-20250430.htm,2026-08-02T16:01:52,2025-06-02,publication,,,
sec-thermo-0000097745-25-000069,THERMO FISHER SCIENTIFIC INC. filed 8-K,unreachable,analyst_paraphrase,https://www.sec.gov/Archives/edgar/data/97745/000009774525000069/tmo-20250521.htm,2026-08-02T16:01:52,2025-05-28,publication,,,
sec-agilent-0001090872-25-000013,"AGILENT TECHNOLOGIES, INC. filed 8-K",unreachable,analyst_paraphrase,https://www.sec.gov/Archives/edgar/data/1090872/000109087225000013/a-20250528.htm,2026-08-02T16:01:52,2025-05-28,publication,,,
sec-thermo-0000097745-25-000066,THERMO FISHER SCIENTIFIC INC. filed 8-K,unreachable,analyst_paraphrase,https://www.sec.gov/Archives/edgar/data/97745/000009774525000066/tmo-20250521.htm,2026-08-02T16:01:52,2025-05-22,publication,,,
sec-agilent-0000950170-25-075587,"AGILENT TECHNOLOGIES, INC. filed 8-K",unreachable,analyst_paraphrase,https://www.sec.gov/Archives/edgar/data/1090872/000095017025075587/a-20250520.htm,2026-08-02T16:01:52,2025-05-21,publication,,,
sec-sciex-0000313616-25-000110,Danaher Corporation filed 8-K,unreachable,analyst_paraphrase,https://www.sec.gov/Archives/edgar/data/313616/000031361625000110/dhr-20250506.htm,2026-08-02T16:01:52,2025-05-08,publication,,,Do not attribute the filing or a corporate conclusion to SCIEX without an exact filing passage.
sec-perkinelmer-0000031791-25-000015,"Revvity, Inc. filed 10-Q",unreachable,analyst_paraphrase,https://www.sec.gov/Archives/edgar/data/31791/000003179125000015/revv-20250330.htm,2026-08-02T16:01:52,2025-05-06,publication,,,Do not attribute this filing to PerkinElmer; use Revvity as the registrant.
sec-thermo-0000097745-25-000041,THERMO FISHER SCIENTIFIC INC. filed 10-Q,unreachable,analyst_paraphrase,https://www.sec.gov/Archives/edgar/data/97745/000009774525000041/tmo-20250329.htm,2026-08-02T16:01:52,2025-05-02,publication,,,
sec-agilent-0001193125-25-111596,"AGILENT TECHNOLOGIES, INC. filed 8-K",unreachable,analyst_paraphrase,https://www.sec.gov/Archives/edgar/data/1090872/000119312525111596/d889863d8k.htm,2026-08-02T16:01:52,2025-05-02,publication,,,
sec-perkinelmer-0000031791-25-000012,"Revvity, Inc. filed 8-K",unreachable,analyst_paraphrase,https://www.sec.gov/Archives/edgar/data/31791/000003179125000012/pki-20250428.htm,2026-08-02T16:01:52,2025-04-28,publication,,,Do not attribute this filing to PerkinElmer; use Revvity as the registrant.
sec-perkinelmer-0001193125-25-096747,"Revvity, Inc. filed 8-K",unreachable,analyst_paraphrase,https://www.sec.gov/Archives/edgar/data/31791/000119312525096747/d900630d8k.htm,2026-08-02T16:01:52,2025-04-25,publication,,,Do not attribute this filing to PerkinElmer; use Revvity as the registrant.
sec-thermo-0000097745-25-000034,THERMO FISHER SCIENTIFIC INC. filed 8-K,unreachable,analyst_paraphrase,https://www.sec.gov/Archives/edgar/data/97745/000009774525000034/tmo-20250423.htm,2026-08-02T16:01:52,2025-04-23,publication,,,
sec-sciex-0000313616-25-000090,Danaher Corporation filed 8-K,unreachable,analyst_paraphrase,https://www.sec.gov/Archives/edgar/data/313616/000031361625000090/dhr-20250422.htm,2026-08-02T16:01:52,2025-04-22,publication,,,Do not attribute the filing or a corporate conclusion to SCIEX without an exact filing passage.
sec-sciex-0000313616-25-000088,Danaher Corporation filed 10-Q,unreachable,analyst_paraphrase,https://www.sec.gov/Archives/edgar/data/313616/000031361625000088/dhr-20250328.htm,2026-08-02T16:01:52,2025-04-22,publication,,,Do not attribute the filing or a corporate conclusion to SCIEX without an exact filing passage.
sec-agilent-0000950170-25-049516,"AGILENT TECHNOLOGIES, INC. filed 8-K",unreachable,analyst_paraphrase,https://www.sec.gov/Archives/edgar/data/1090872/000095017025049516/a-20250327.htm,2026-08-02T16:01:52,2025-04-02,publication,,,
sec-agilent-0000950170-25-040344,"AGILENT TECHNOLOGIES, INC. filed 8-K",unreachable,analyst_paraphrase,https://www.sec.gov/Archives/edgar/data/1090872/000095017025040344/a-20250313.htm,2026-08-02T16:01:52,2025-03-17,publication,,,
sec-agilent-0001090872-25-000010,"AGILENT TECHNOLOGIES, INC. filed 8-K",unreachable,analyst_paraphrase,https://www.sec.gov/Archives/edgar/data/1090872/000109087225000010/a-20250303_d2.htm,2026-08-02T16:01:52,2025-03-03,publication,,,
sec-agilent-0001090872-25-000008,"AGILENT TECHNOLOGIES, INC. filed 10-Q",unreachable,analyst_paraphrase,https://www.sec.gov/Archives/edgar/data/1090872/000109087225000008/a-20250131.htm,2026-08-02T16:01:52,2025-03-03,publication,,,
sec-agilent-0001090872-25-000003,"AGILENT TECHNOLOGIES, INC. filed 8-K",unreachable,analyst_paraphrase,https://www.sec.gov/Archives/edgar/data/1090872/000109087225000003/a-20250226.htm,2026-08-02T16:01:52,2025-02-26,publication,,,
sec-thermo-0000097745-25-000016,THERMO FISHER SCIENTIFIC INC. filed 8-K,unreachable,analyst_paraphrase,https://www.sec.gov/Archives/edgar/data/97745/000009774525000016/tmo-20250225.htm,2026-08-02T16:01:52,2025-02-25,publication,,,
sec-perkinelmer-0000031791-25-000009,"Revvity, Inc. filed 10-K",unreachable,analyst_paraphrase,https://www.sec.gov/Archives/edgar/data/31791/000003179125000009/revv-20241229.htm,2026-08-02T16:01:52,2025-02-25,publication,,,Do not attribute this filing to PerkinElmer; use Revvity as the registrant.
sec-thermo-0000097745-25-000010,THERMO FISHER SCIENTIFIC INC. filed 10-K,unreachable,analyst_paraphrase,https://www.sec.gov/Archives/edgar/data/97745/000009774525000010/tmo-20241231.htm,2026-08-02T16:01:52,2025-02-20,publication,,,
sec-sciex-0000313616-25-000044,Danaher Corporation filed 8-K,unreachable,analyst_paraphrase,https://www.sec.gov/Archives/edgar/data/313616/000031361625000044/dhr-20250220.htm,2026-08-02T16:01:52,2025-02-20,publication,,,Do not attribute the filing or a corporate conclusion to SCIEX without an exact filing passage.
sec-sciex-0000313616-25-000043,Danaher Corporation filed 10-K,unreachable,analyst_paraphrase,https://www.sec.gov/Archives/edgar/data/313616/000031361625000043/dhr-20241231.htm,2026-08-02T16:01:52,2025-02-20,publication,,,Do not attribute the filing or a corporate conclusion to SCIEX without an exact filing passage.
sec-thermo-0000097745-25-000007,THERMO FISHER SCIENTIFIC INC. filed 8-K,unreachable,analyst_paraphrase,https://www.sec.gov/Archives/edgar/data/97745/000009774525000007/tmo-20250219.htm,2026-08-02T16:01:52,2025-02-19,publication,,,
pubmed-39957899,Targeted screening and profiling of massive components of colistimethate sodium by two-dimensional-liquid chromatography-mass spectrometry based on self-constructed compound database,unreachable,analyst_paraphrase,https://pubmed.ncbi.nlm.nih.gov/39957899/,2026-08-02T16:01:52,2025-02-01,publication,PubMed record title,Targeted screening and profiling of massive components of colistimethate sodium by two-dimensional-liquid chromatography-mass spectrometry based,
sec-perkinelmer-0000031791-25-000006,"Revvity, Inc. filed 8-K",unreachable,analyst_paraphrase,https://www.sec.gov/Archives/edgar/data/31791/000003179125000006/pki-20250131.htm,2026-08-02T16:01:52,2025-01-31,publication,,,Do not attribute this filing to PerkinElmer; use Revvity as the registrant.
sec-thermo-0000097745-25-000003,THERMO FISHER SCIENTIFIC INC. filed 8-K,unreachable,analyst_paraphrase,https://www.sec.gov/Archives/edgar/data/97745/000009774525000003/tmo-20250130.htm,2026-08-02T16:01:52,2025-01-30,publication,,,
sec-sciex-0000313616-25-000004,Danaher Corporation filed 8-K,unreachable,analyst_paraphrase,https://www.sec.gov/Archives/edgar/data/313616/000031361625000004/dhr-20250129.htm,2026-08-02T16:01:52,2025-01-29,publication,,,Do not attribute the filing or a corporate conclusion to SCIEX without an exact filing passage.
pubmed-39830726,Qualitative and Quantitative Analysis of Tire Wear Particles (TWPs) in Road Dust Using a Novel Mode of Operation of TGA-GC/MS,unreachable,analyst_paraphrase,https://pubmed.ncbi.nlm.nih.gov/39830726/,2026-08-02T16:01:52,2025-01-14,publication,PubMed record title,Qualitative and Quantitative Analysis of Tire Wear Particles (TWPs) in Road Dust Using a Novel,
sec-sciex-0000313616-25-000002,Danaher Corporation filed 8-K,unreachable,analyst_paraphrase,https://www.sec.gov/Archives/edgar/data/313616/000031361625000002/dhr-20250113.htm,2026-08-02T16:01:52,2025-01-13,publication,,,Do not attribute the filing or a corporate conclusion to SCIEX without an exact filing passage.
sec-perkinelmer-0000031791-25-000003,"Revvity, Inc. filed 8-K",unreachable,analyst_paraphrase,https://www.sec.gov/Archives/edgar/data/31791/000003179125000003/pki-20250112.htm,2026-08-02T16:01:52,2025-01-13,publication,,,Do not attribute this filing to PerkinElmer; use Revvity as the registrant.
sec-perkinelmer-0001193125-25-002871,"Revvity, Inc. filed 8-K",unreachable,analyst_paraphrase,https://www.sec.gov/Archives/edgar/data/31791/000119312525002871/d915642d8k.htm,2026-08-02T16:01:52,2025-01-07,publication,,,Do not attribute this filing to PerkinElmer; use Revvity as the registrant.
pubmed-39884822,Efflux transporters in drug disposition during pregnancy,unreachable,analyst_paraphrase,https://pubmed.ncbi.nlm.nih.gov/39884822/,2026-08-02T16:01:52,2025-01-01,publication,PubMed record title,Efflux transporters in drug disposition during pregnancy,
pubmed-39759287,Lipid imbalance and inflammatory oxylipin cascade at the maternal-fetal interface in recurrent spontaneous abortion,unreachable,analyst_paraphrase,https://pubmed.ncbi.nlm.nih.gov/39759287/,2026-08-02T16:01:52,2024-12-30,publication,PubMed record title,Lipid imbalance and inflammatory oxylipin cascade at the maternal-fetal interface in recurrent spontaneous abortion,
sec-agilent-0001090872-24-000049,"AGILENT TECHNOLOGIES, INC. filed 10-K",unreachable,analyst_paraphrase,https://www.sec.gov/Archives/edgar/data/1090872/000109087224000049/a-20241031.htm,2026-08-02T16:01:52,2024-12-20,publication,,,
sec-agilent-0001090872-24-000045,"AGILENT TECHNOLOGIES, INC. filed 8-K",unreachable,analyst_paraphrase,https://www.sec.gov/Archives/edgar/data/1090872/000109087224000045/a-20241213.htm,2026-08-02T16:01:52,2024-12-13,publication,,,
sec-sciex-0000313616-24-000251,Danaher Corporation filed 8-K,unreachable,analyst_paraphrase,https://www.sec.gov/Archives/edgar/data/313616/000031361624000251/dhr-20241209.htm,2026-08-02T16:01:52,2024-12-11,publication,,,Do not attribute the filing or a corporate conclusion to SCIEX without an exact filing passage.
pubmed-39660347,Validation of a Dried Blood Spot Assay for Testosterone Measurement Using Liquid Chromatography-Tandem Mass Spectrometry,unreachable,analyst_paraphrase,https://pubmed.ncbi.nlm.nih.gov/39660347/,2026-08-02T16:01:52,2024-12-01,publication,PubMed record title,Validation of a Dried Blood Spot Assay for Testosterone Measurement Using Liquid Chromatography-Tandem Mass Spectrometry,
sec-agilent-0001090872-24-000042,"AGILENT TECHNOLOGIES, INC. filed 8-K",unreachable,analyst_paraphrase,https://www.sec.gov/Archives/edgar/data/1090872/000109087224000042/a-20241125.htm,2026-08-02T16:01:52,2024-11-25,publication,,,
sec-perkinelmer-0000031791-24-000028,"Revvity, Inc. filed 10-Q",unreachable,analyst_paraphrase,https://www.sec.gov/Archives/edgar/data/31791/000003179124000028/pki-20240929.htm,2026-08-02T16:01:52,2024-11-06,publication,,,Do not attribute this filing to PerkinElmer; use Revvity as the registrant.
sec-perkinelmer-0000031791-24-000026,"Revvity, Inc. filed 8-K",unreachable,analyst_paraphrase,https://www.sec.gov/Archives/edgar/data/31791/000003179124000026/pki-20241104.htm,2026-08-02T16:01:52,2024-11-04,publication,,,Do not attribute this filing to PerkinElmer; use Revvity as the registrant.
sec-thermo-0000097745-24-000046,THERMO FISHER SCIENTIFIC INC. filed 10-Q,unreachable,analyst_paraphrase,https://www.sec.gov/Archives/edgar/data/97745/000009774524000046/tmo-20240928.htm,2026-08-02T16:01:52,2024-11-01,publication,,,
sec-thermo-0000097745-24-000043,THERMO FISHER SCIENTIFIC INC. filed 8-K,unreachable,analyst_paraphrase,https://www.sec.gov/Archives/edgar/data/97745/000009774524000043/tmo-20241023.htm,2026-08-02T16:01:52,2024-10-23,publication,,,
sec-sciex-0000313616-24-000223,Danaher Corporation filed 8-K,unreachable,analyst_paraphrase,https://www.sec.gov/Archives/edgar/data/313616/000031361624000223/dhr-20241022.htm,2026-08-02T16:01:52,2024-10-22,publication,,,Do not attribute the filing or a corporate conclusion to SCIEX without an exact filing passage.
sec-sciex-0000313616-24-000220,Danaher Corporation filed 10-Q,unreachable,analyst_paraphrase,https://www.sec.gov/Archives/edgar/data/313616/000031361624000220/dhr-20240927.htm,2026-08-02T16:01:52,2024-10-22,publication,,,Do not attribute the filing or a corporate conclusion to SCIEX without an exact filing passage.
pubmed-39126342,Simultaneous quantification of icaritin and its novel 3-methylcarbamate prodrug in rat plasma using HPLC-MS/MS and its application to pharmacokinetic study,unreachable,analyst_paraphrase,https://pubmed.ncbi.nlm.nih.gov/39126342/,2026-08-02T16:01:52,2024-10-01,publication,PubMed record title,Simultaneous quantification of icaritin and its novel 3-methylcarbamate prodrug in rat plasma using HPLC-MS/MS and,
sec-agilent-0001193125-24-215906,"AGILENT TECHNOLOGIES, INC. filed 8-K",unreachable,analyst_paraphrase,https://www.sec.gov/Archives/edgar/data/1090872/000119312524215906/d894739d8k.htm,2026-08-02T16:01:52,2024-09-09,publication,,,
sec-agilent-0001193125-24-214337,"AGILENT TECHNOLOGIES, INC. filed 8-K",unreachable,analyst_paraphrase,https://www.sec.gov/Archives/edgar/data/1090872/000119312524214337/d891217d8k.htm,2026-08-02T16:01:52,2024-09-05,publication,,,
sec-agilent-0001090872-24-000036,"AGILENT TECHNOLOGIES, INC. filed 8-K",unreachable,analyst_paraphrase,https://www.sec.gov/Archives/edgar/data/1090872/000109087224000036/a-20240903_d2.htm,2026-08-02T16:01:52,2024-09-03,publication,,,
sec-agilent-0001090872-24-000033,"AGILENT TECHNOLOGIES, INC. filed 10-Q",unreachable,analyst_paraphrase,https://www.sec.gov/Archives/edgar/data/1090872/000109087224000033/a-20240731.htm,2026-08-02T16:01:52,2024-08-30,publication,,,
sec-agilent-0001090872-24-000024,"AGILENT TECHNOLOGIES, INC. filed 8-K",unreachable,analyst_paraphrase,https://www.sec.gov/Archives/edgar/data/1090872/000109087224000024/a-20240821.htm,2026-08-02T16:01:52,2024-08-21,publication,,,
pubmed-38685627,Comparison of assay methods for quantifying sex hormone concentrations across the menstrual cycle in rhesus macaques†,unreachable,analyst_paraphrase,https://pubmed.ncbi.nlm.nih.gov/38685627/,2026-08-02T16:01:52,2024-08-15,publication,PubMed record title,Comparison of assay methods for quantifying sex hormone concentrations across the menstrual cycle in rhesus,
sec-perkinelmer-0000031791-24-000021,"Revvity, Inc. filed 10-Q",unreachable,analyst_paraphrase,https://www.sec.gov/Archives/edgar/data/31791/000003179124000021/pki-20240630.htm,2026-08-02T16:01:52,2024-08-06,publication,,,Do not attribute this filing to PerkinElmer; use Revvity as the registrant.
sec-thermo-0000097745-24-000040,THERMO FISHER SCIENTIFIC INC. filed 10-Q,unreachable,analyst_paraphrase,https://www.sec.gov/Archives/edgar/data/97745/000009774524000040/tmo-20240629.htm,2026-08-02T16:01:52,2024-08-02,publication,,,
sec-perkinelmer-0000031791-24-000018,"Revvity, Inc. filed 8-K",unreachable,analyst_paraphrase,https://www.sec.gov/Archives/edgar/data/31791/000003179124000018/pki-20240729.htm,2026-08-02T16:01:52,2024-07-29,publication,,,Do not attribute this filing to PerkinElmer; use Revvity as the registrant.
sec-thermo-0000097745-24-000036,THERMO FISHER SCIENTIFIC INC. filed 8-K,unreachable,analyst_paraphrase,https://www.sec.gov/Archives/edgar/data/97745/000009774524000036/tmo-20240724.htm,2026-08-02T16:01:52,2024-07-24,publication,,,
sec-sciex-0000313616-24-000188,Danaher Corporation filed 8-K,unreachable,analyst_paraphrase,https://www.sec.gov/Archives/edgar/data/313616/000031361624000188/dhr-20240723.htm,2026-08-02T16:01:52,2024-07-23,publication,,,Do not attribute the filing or a corporate conclusion to SCIEX without an exact filing passage.
sec-sciex-0000313616-24-000186,Danaher Corporation filed 10-Q,unreachable,analyst_paraphrase,https://www.sec.gov/Archives/edgar/data/313616/000031361624000186/dhr-20240628.htm,2026-08-02T16:01:52,2024-07-23,publication,,,Do not attribute the filing or a corporate conclusion to SCIEX without an exact filing passage.
sec-thermo-0000950157-24-000978,THERMO FISHER SCIENTIFIC INC. filed 8-K,unreachable,analyst_paraphrase,https://www.sec.gov/Archives/edgar/data/97745/000095015724000978/form8-k.htm,2026-08-02T16:01:52,2024-07-10,publication,,,
sec-sciex-0000313616-24-000174,Danaher Corporation filed 8-K,unreachable,analyst_paraphrase,https://www.sec.gov/Archives/edgar/data/313616/000031361624000174/dhr-20240616.htm,2026-08-02T16:01:52,2024-06-20,publication,,,Do not attribute the filing or a corporate conclusion to SCIEX without an exact filing passage.
sec-agilent-0001090872-24-000021,"AGILENT TECHNOLOGIES, INC. filed 10-Q",unreachable,analyst_paraphrase,https://www.sec.gov/Archives/edgar/data/1090872/000109087224000021/a-20240430.htm,2026-08-02T16:01:52,2024-06-03,publication,,,
sec-agilent-0001090872-24-000017,"AGILENT TECHNOLOGIES, INC. filed 8-K",unreachable,analyst_paraphrase,https://www.sec.gov/Archives/edgar/data/1090872/000109087224000017/a-20240529.htm,2026-08-02T16:01:52,2024-05-29,publication,,,
sec-thermo-0000097745-24-000026,THERMO FISHER SCIENTIFIC INC. filed 8-K,unreachable,analyst_paraphrase,https://www.sec.gov/Archives/edgar/data/97745/000009774524000026/tmo-20240522.htm,2026-08-02T16:01:52,2024-05-24,publication,,,
sec-agilent-0000950170-24-064091,"AGILENT TECHNOLOGIES, INC. filed 8-K",unreachable,analyst_paraphrase,https://www.sec.gov/Archives/edgar/data/1090872/000095017024064091/a-20240522.htm,2026-08-02T16:01:52,2024-05-24,publication,,,
sec-sciex-0000313616-24-000133,Danaher Corporation filed 8-K,unreachable,analyst_paraphrase,https://www.sec.gov/Archives/edgar/data/313616/000031361624000133/dhr-20240507.htm,2026-08-02T16:01:52,2024-05-09,publication,,,Do not attribute the filing or a corporate conclusion to SCIEX without an exact filing passage.
sec-perkinelmer-0000031791-24-000014,"Revvity, Inc. filed 10-Q",unreachable,analyst_paraphrase,https://www.sec.gov/Archives/edgar/data/31791/000003179124000014/pki-20240331.htm,2026-08-02T16:01:52,2024-05-07,publication,,,Do not attribute this filing to PerkinElmer; use Revvity as the registrant.
sec-thermo-0000097745-24-000023,THERMO FISHER SCIENTIFIC INC. filed 10-Q,unreachable,analyst_paraphrase,https://www.sec.gov/Archives/edgar/data/97745/000009774524000023/tmo-20240330.htm,2026-08-02T16:01:52,2024-05-03,publication,,,
sec-agilent-0000950123-24-003692,"AGILENT TECHNOLOGIES, INC. filed 8-K",unreachable,analyst_paraphrase,https://www.sec.gov/Archives/edgar/data/1090872/000095012324003692/a-20240501.htm,2026-08-02T16:01:52,2024-05-01,publication,,,
sec-perkinelmer-0001628280-24-018795,"Revvity, Inc. filed 8-K",unreachable,analyst_paraphrase,https://www.sec.gov/Archives/edgar/data/31791/000162828024018795/pki-20240429.htm,2026-08-02T16:01:52,2024-04-29,publication,,,Do not attribute this filing to PerkinElmer; use Revvity as the registrant.
sec-thermo-0000097745-24-000019,THERMO FISHER SCIENTIFIC INC. filed 8-K,unreachable,analyst_paraphrase,https://www.sec.gov/Archives/edgar/data/97745/000009774524000019/tmo-20240424.htm,2026-08-02T16:01:52,2024-04-24,publication,,,
sec-perkinelmer-0001193125-24-110060,"Revvity, Inc. filed 8-K",unreachable,analyst_paraphrase,https://www.sec.gov/Archives/edgar/data/31791/000119312524110060/d817018d8k.htm,2026-08-02T16:01:52,2024-04-24,publication,,,Do not attribute this filing to PerkinElmer; use Revvity as the registrant.
sec-sciex-0000313616-24-000106,Danaher Corporation filed 8-K,unreachable,analyst_paraphrase,https://www.sec.gov/Archives/edgar/data/313616/000031361624000106/dhr-20240423.htm,2026-08-02T16:01:52,2024-04-23,publication,,,Do not attribute the filing or a corporate conclusion to SCIEX without an exact filing passage.
sec-sciex-0000313616-24-000102,Danaher Corporation filed 10-Q,unreachable,analyst_paraphrase,https://www.sec.gov/Archives/edgar/data/313616/000031361624000102/dhr-20240329.htm,2026-08-02T16:01:52,2024-04-23,publication,,,Do not attribute the filing or a corporate conclusion to SCIEX without an exact filing passage.
sec-agilent-0000950170-24-032163,"AGILENT TECHNOLOGIES, INC. filed 8-K",unreachable,analyst_paraphrase,https://www.sec.gov/Archives/edgar/data/1090872/000095017024032163/a-20240314.htm,2026-08-02T16:01:52,2024-03-15,publication,,,
sec-agilent-0001090872-24-000011,"AGILENT TECHNOLOGIES, INC. filed 10-Q",unreachable,analyst_paraphrase,https://www.sec.gov/Archives/edgar/data/1090872/000109087224000011/a-20240131.htm,2026-08-02T16:01:52,2024-03-05,publication,,,
sec-agilent-0001090872-24-000006,"AGILENT TECHNOLOGIES, INC. filed 8-K",unreachable,analyst_paraphrase,https://www.sec.gov/Archives/edgar/data/1090872/000109087224000006/a-20240227.htm,2026-08-02T16:01:52,2024-02-27,publication,,,
sec-perkinelmer-0000031791-24-000004,"Revvity, Inc. filed 10-K",unreachable,analyst_paraphrase,https://www.sec.gov/Archives/edgar/data/31791/000003179124000004/pki-20231231.htm,2026-08-02T16:01:52,2024-02-27,publication,,,Do not attribute this filing to PerkinElmer; use Revvity as the registrant.
sec-thermo-0000097745-24-000007,THERMO FISHER SCIENTIFIC INC. filed 10-K,unreachable,analyst_paraphrase,https://www.sec.gov/Archives/edgar/data/97745/000009774524000007/tmo-20231231.htm,2026-08-02T16:01:52,2024-02-22,publication,,,
sec-agilent-0000950170-24-017940,"AGILENT TECHNOLOGIES, INC. filed 8-K",unreachable,analyst_paraphrase,https://www.sec.gov/Archives/edgar/data/1090872/000095017024017940/a-20240220.htm,2026-08-02T16:01:52,2024-02-21,publication,,,
sec-sciex-0000313616-24-000052,Danaher Corporation filed 10-K,unreachable,analyst_paraphrase,https://www.sec.gov/Archives/edgar/data/313616/000031361624000052/dhr-20231231.htm,2026-08-02T16:01:52,2024-02-21,publication,,,Do not attribute the filing or a corporate conclusion to SCIEX without an exact filing passage.
sec-sciex-0000313616-24-000046,Danaher Corporation filed 8-K,unreachable,analyst_paraphrase,https://www.sec.gov/Archives/edgar/data/313616/000031361624000046/dhr-20240212.htm,2026-08-02T16:01:52,2024-02-14,publication,,,Do not attribute the filing or a corporate conclusion to SCIEX without an exact filing passage.
sec-perkinelmer-0001157523-24-000146,"Revvity, Inc. filed 8-K",unreachable,analyst_paraphrase,https://www.sec.gov/Archives/edgar/data/31791/000115752324000146/a53889507.htm,2026-08-02T16:01:52,2024-02-01,publication,,,Do not attribute this filing to PerkinElmer; use Revvity as the registrant.
sec-thermo-0000097745-24-000003,THERMO FISHER SCIENTIFIC INC. filed 8-K,unreachable,analyst_paraphrase,https://www.sec.gov/Archives/edgar/data/97745/000009774524000003/tmo-20240131.htm,2026-08-02T16:01:52,2024-01-31,publication,,,
sec-sciex-0000313616-24-000006,Danaher Corporation filed 8-K,unreachable,analyst_paraphrase,https://www.sec.gov/Archives/edgar/data/313616/000031361624000006/dhr-20240130.htm,2026-08-02T16:01:52,2024-01-30,publication,,,Do not attribute the filing or a corporate conclusion to SCIEX without an exact filing passage.
sec-perkinelmer-0001157523-24-000120,"Revvity, Inc. filed 8-K",unreachable,analyst_paraphrase,https://www.sec.gov/Archives/edgar/data/31791/000115752324000120/a53887562.htm,2026-08-02T16:01:52,2024-01-26,publication,,,Do not attribute this filing to PerkinElmer; use Revvity as the registrant.
sec-perkinelmer-0001157523-24-000035,"Revvity, Inc. filed 8-K",unreachable,analyst_paraphrase,https://www.sec.gov/Archives/edgar/data/31791/000115752324000035/a53878895.htm,2026-08-02T16:01:52,2024-01-09,publication,,,Do not attribute this filing to PerkinElmer; use Revvity as the registrant.
sec-sciex-0000313616-24-000004,Danaher Corporation filed 8-K,unreachable,analyst_paraphrase,https://www.sec.gov/Archives/edgar/data/313616/000031361624000004/dhr-20240108.htm,2026-08-02T16:01:52,2024-01-08,publication,,,Do not attribute the filing or a corporate conclusion to SCIEX without an exact filing passage.
sec-agilent-0001090872-24-000003,"AGILENT TECHNOLOGIES, INC. filed 8-K",unreachable,analyst_paraphrase,https://www.sec.gov/Archives/edgar/data/1090872/000109087224000003/a-20240105.htm,2026-08-02T16:01:52,2024-01-05,publication,,,
pubmed-39949573,Characterization of serum metabolome and respiratory microbiota in children with influenza A virus infection,unreachable,analyst_paraphrase,https://pubmed.ncbi.nlm.nih.gov/39949573/,2026-08-02T16:01:52,2024-01-01,publication,PubMed record title,Characterization of serum metabolome and respiratory microbiota in children with influenza A virus infection,
sec-agilent-0000950170-23-071756,"AGILENT TECHNOLOGIES, INC. filed 8-K",unreachable,analyst_paraphrase,https://www.sec.gov/Archives/edgar/data/1090872/000095017023071756/a-20231220.htm,2026-08-02T16:01:52,2023-12-20,publication,,,
sec-agilent-0001090872-23-000020,"AGILENT TECHNOLOGIES, INC. filed 10-K",unreachable,analyst_paraphrase,https://www.sec.gov/Archives/edgar/data/1090872/000109087223000020/a-20231031.htm,2026-08-02T16:01:52,2023-12-20,publication,,,
sec-thermo-0001140361-23-056365,THERMO FISHER SCIENTIFIC INC. filed 8-K,unreachable,analyst_paraphrase,https://www.sec.gov/Archives/edgar/data/97745/000114036123056365/ny20015413x4_8k.htm,2026-08-02T16:01:52,2023-12-05,publication,,,
sec-agilent-0001090872-23-000018,"AGILENT TECHNOLOGIES, INC. filed 8-K",unreachable,analyst_paraphrase,https://www.sec.gov/Archives/edgar/data/1090872/000109087223000018/a-20231120.htm,2026-08-02T16:01:52,2023-11-20,publication,,,
sec-thermo-0000097745-23-000072,THERMO FISHER SCIENTIFIC INC. filed 8-K,unreachable,analyst_paraphrase,https://www.sec.gov/Archives/edgar/data/97745/000009774523000072/tmo-20231107.htm,2026-08-02T16:01:52,2023-11-07,publication,,,
sec-perkinelmer-0000031791-23-000014,"Revvity, Inc. filed 10-Q",unreachable,analyst_paraphrase,https://www.sec.gov/Archives/edgar/data/31791/000003179123000014/pki-20231001.htm,2026-08-02T16:01:52,2023-11-07,publication,,,Do not attribute this filing to PerkinElmer; use Revvity as the registrant.
sec-thermo-0000097745-23-000069,THERMO FISHER SCIENTIFIC INC. filed 10-Q,unreachable,analyst_paraphrase,https://www.sec.gov/Archives/edgar/data/97745/000009774523000069/tmo-20230930.htm,2026-08-02T16:01:52,2023-11-03,publication,,,
sec-agilent-0000950170-23-057148,"AGILENT TECHNOLOGIES, INC. filed 8-K",unreachable,analyst_paraphrase,https://www.sec.gov/Archives/edgar/data/1090872/000095017023057148/a-20231026.htm,2026-08-02T16:01:52,2023-11-01,publication,,,
sec-perkinelmer-0001157523-23-001568,"Revvity, Inc. filed 8-K",unreachable,analyst_paraphrase,https://www.sec.gov/Archives/edgar/data/31791/000115752323001568/a53701637.htm,2026-08-02T16:01:52,2023-10-30,publication,,,Do not attribute this filing to PerkinElmer; use Revvity as the registrant.
sec-thermo-0000097745-23-000065,THERMO FISHER SCIENTIFIC INC. filed 8-K,unreachable,analyst_paraphrase,https://www.sec.gov/Archives/edgar/data/97745/000009774523000065/tmo-20231025.htm,2026-08-02T16:01:52,2023-10-25,publication,,,
sec-sciex-0000313616-23-000258,Danaher Corporation filed 8-K,unreachable,analyst_paraphrase,https://www.sec.gov/Archives/edgar/data/313616/000031361623000258/dhr-20231024.htm,2026-08-02T16:01:52,2023-10-24,publication,,,Do not attribute the filing or a corporate conclusion to SCIEX without an exact filing passage.
sec-sciex-0000313616-23-000256,Danaher Corporation filed 10-Q,unreachable,analyst_paraphrase,https://www.sec.gov/Archives/edgar/data/313616/000031361623000256/dhr-20230929.htm,2026-08-02T16:01:52,2023-10-24,publication,,,Do not attribute the filing or a corporate conclusion to SCIEX without an exact filing passage.
sec-thermo-0000950157-23-001058,THERMO FISHER SCIENTIFIC INC. filed 8-K,unreachable,analyst_paraphrase,https://www.sec.gov/Archives/edgar/data/97745/000095015723001058/form8-k.htm,2026-08-02T16:01:52,2023-10-17,publication,,,
sec-sciex-0000313616-23-000252,Danaher Corporation filed 8-K,unreachable,analyst_paraphrase,https://www.sec.gov/Archives/edgar/data/313616/000031361623000252/dhr-20230929.htm,2026-08-02T16:01:52,2023-10-02,publication,,,Do not attribute the filing or a corporate conclusion to SCIEX without an exact filing passage.
sec-sciex-0001140361-23-044482,Danaher Corporation filed 8-K,unreachable,analyst_paraphrase,https://www.sec.gov/Archives/edgar/data/313616/000114036123044482/ef20010872_8k.htm,2026-08-02T16:01:52,2023-09-19,publication,,,Do not attribute the filing or a corporate conclusion to SCIEX without an exact filing passage.
sec-sciex-0001140361-23-043697,Danaher Corporation filed 8-K,unreachable,analyst_paraphrase,https://www.sec.gov/Archives/edgar/data/313616/000114036123043697/ef2001057_8k.htm,2026-08-02T16:01:52,2023-09-12,publication,,,Do not attribute the filing or a corporate conclusion to SCIEX without an exact filing passage.
sec-agilent-0000950170-23-046178,"AGILENT TECHNOLOGIES, INC. filed 8-K",unreachable,analyst_paraphrase,https://www.sec.gov/Archives/edgar/data/1090872/000095017023046178/a-20230901.htm,2026-08-02T16:01:52,2023-09-05,publication,,,
sec-agilent-0001090872-23-000015,"AGILENT TECHNOLOGIES, INC. filed 10-Q",unreachable,analyst_paraphrase,https://www.sec.gov/Archives/edgar/data/1090872/000109087223000015/a-20230731.htm,2026-08-02T16:01:52,2023-08-31,publication,,,
sec-sciex-0000313616-23-000250,Danaher Corporation filed 8-K,unreachable,analyst_paraphrase,https://www.sec.gov/Archives/edgar/data/313616/000031361623000250/dhr-20230831.htm,2026-08-02T16:01:52,2023-08-31,publication,,,Do not attribute the filing or a corporate conclusion to SCIEX without an exact filing passage.
sec-agilent-0001090872-23-000013,"AGILENT TECHNOLOGIES, INC. filed 8-K",unreachable,analyst_paraphrase,https://www.sec.gov/Archives/edgar/data/1090872/000109087223000013/a-20230815.htm,2026-08-02T16:01:52,2023-08-15,publication,,,
sec-sciex-0000313616-23-000244,Danaher Corporation filed 8-K,unreachable,analyst_paraphrase,https://www.sec.gov/Archives/edgar/data/313616/000031361623000244/dhr-20230811.htm,2026-08-02T16:01:52,2023-08-15,publication,,,Do not attribute the filing or a corporate conclusion to SCIEX without an exact filing passage.
sec-thermo-0001140361-23-039086,THERMO FISHER SCIENTIFIC INC. filed 8-K,unreachable,analyst_paraphrase,https://www.sec.gov/Archives/edgar/data/97745/000114036123039086/brhc20057279_8k.htm,2026-08-02T16:01:52,2023-08-10,publication,,,
sec-perkinelmer-0000031791-23-000011,"Revvity, Inc. filed 10-Q",unreachable,analyst_paraphrase,https://www.sec.gov/Archives/edgar/data/31791/000003179123000011/pki-20230702.htm,2026-08-02T16:01:52,2023-08-09,publication,,,Do not attribute this filing to PerkinElmer; use Revvity as the registrant.
sec-thermo-0001140361-23-038455,THERMO FISHER SCIENTIFIC INC. filed 8-K,unreachable,analyst_paraphrase,https://www.sec.gov/Archives/edgar/data/97745/000114036123038455/ny20009949x3_8k.htm,2026-08-02T16:01:52,2023-08-08,publication,,,
sec-thermo-0000097745-23-000059,THERMO FISHER SCIENTIFIC INC. filed 10-Q,unreachable,analyst_paraphrase,https://www.sec.gov/Archives/edgar/data/97745/000009774523000059/tmo-20230701.htm,2026-08-02T16:01:52,2023-08-04,publication,,,
cv-waters-acquity-pressure-leaks,"Public troubleshooting patterns cluster around leaks, pressure behavior, fittings, seals, and repeat diagnostic steps.",unreachable,analyst_paraphrase,https://www.reddit.com/r/CHROMATOGRAPHY/comments/1uk333s/update_uplc_waters_high_pressure_problem/,2026-08-02T20:00:24+00:00,2026-06-30,publication,Mapped public evidence record(s); see evidenceRecords,,"Analyst-authored synthesis, not a verbatim customer quotation; public forums over-represent problem reports and volume does not equal sentiment or prevalence."
cv-waters-acquity-carryover-autosampler,"Public support and forum signals often frame carryover as a method, needle-wash, sample-path, or maintenance problem that users must narrow manually.",partial,analyst_paraphrase,https://www.reddit.com/r/CHROMATOGRAPHY/comments/1h1i93y/waters_acquity_uplc_beh_17_um_21_x_100_mm_column/,2026-08-02T20:00:24+00:00,2024-11-27,publication,Mapped public evidence record(s); see evidenceRecords,,"Analyst-authored synthesis, not a verbatim customer quotation; public forums over-represent problem reports and volume does not equal sentiment or prevalence."
cv-waters-empower-breeze-software,"Public signals tend to separate compliance strength from day-to-day ease of setup, troubleshooting, and user training.",partial,directional_synthesis,https://www.reddit.com/r/CHROMATOGRAPHY/comments/1e3y2sy/getting_started_with_empower_3/,2026-08-02T20:00:24+00:00,2024-07-15,publication,Mapped public evidence record(s); see evidenceRecords,,"Analyst-authored synthesis, not a verbatim customer quotation; public forums over-represent problem reports and volume does not equal sentiment or prevalence."
cv-waters-alliance-legacy-service,"Equipment-page and support-style signals indicate legacy users care about parts, serviceability, data-system compatibility, and known methods.",unreachable,directional_synthesis,https://www.labwrench.com/thread/135698/hplc-pump-and-autosampler-preventative-performance-maintenance,2026-08-02T20:00:24+00:00,2016-05-11,publication,Mapped public evidence record(s); see evidenceRecords,,"Analyst-authored synthesis, not a verbatim customer quotation; public forums over-represent problem reports and volume does not equal sentiment or prevalence."
cv-waters-arc-method-modernization,"Public source mapping suggests upgrade candidates care about method continuity, familiar operation, validation burden, and lower risk migration.",unreachable,directional_synthesis,https://www.reddit.com/r/CHROMATOGRAPHY/comments/1somxpf/waters_acquity_arc_lcms_214_nm_uv_baseline/,2026-08-02T20:00:24+00:00,2026-04-18,publication,Mapped public evidence record(s); see evidenceRecords,,"Analyst-authored synthesis, not a verbatim customer quotation; public forums over-represent problem reports and volume does not equal sentiment or prevalence."
cv-waters-acquity-performance,Public product positioning and review-source mapping support Waters strength in performance-oriented LC workflows.,unreachable,directional_synthesis,https://www.reddit.com/r/CHROMATOGRAPHY/comments/xlr4pf/best_uhplc_on_the_market/,2026-08-02T20:00:24+00:00,2022-09-23,publication,Mapped public evidence record(s); see evidenceRecords,,"Analyst-authored synthesis, not a verbatim customer quotation; public forums over-represent problem reports and volume does not equal sentiment or prevalence."
cv-agilent-infinity-reliability,Public competitor positioning and review/forum source mapping repeatedly make Agilent a comparison point for routine LC reliability and usability.,partial,directional_synthesis,https://www.reddit.com/r/CHROMATOGRAPHY/comments/1q24noh/reccomendations_for_new_hplc_system_for_routine/,2026-08-02T20:00:24+00:00,2026-01-02,publication,Mapped public evidence record(s); see evidenceRecords,,"Analyst-authored synthesis, not a verbatim customer quotation; public forums over-represent problem reports and volume does not equal sentiment or prevalence."
cv-agilent-cost-software,Public lab-community signals often weigh usability and cost alongside instrument reliability.,partial,directional_synthesis,https://www.reddit.com/r/CHROMATOGRAPHY/comments/1q24noh/reccomendations_for_new_hplc_system_for_routine/,2026-08-02T20:00:24+00:00,2026-01-02,publication,Mapped public evidence record(s); see evidenceRecords,,"Analyst-authored synthesis, not a verbatim customer quotation; public forums over-represent problem reports and volume does not equal sentiment or prevalence."
cv-thermo-vanquish-ecosystem,Public competitor positioning and forum-source mapping make ecosystem integration a key comparison point.,partial,directional_synthesis,https://www.reddit.com/r/CHROMATOGRAPHY/comments/1h6lnr0/agilent_1260_hplc_vs_thermo_vanquish_flex/,2026-08-02T20:00:24+00:00,2024-12-04,publication,Mapped public evidence record(s); see evidenceRecords,,"Analyst-authored synthesis, not a verbatim customer quotation; public forums over-represent problem reports and volume does not equal sentiment or prevalence."
cv-thermo-vanquish-complexity,"Public community signals around integrated workflows often raise training, setup, and troubleshooting complexity.",partial,directional_synthesis,https://www.reddit.com/r/CHROMATOGRAPHY/comments/1q24noh/reccomendations_for_new_hplc_system_for_routine/,2026-08-02T20:00:24+00:00,2026-01-02,publication,Mapped public evidence record(s); see evidenceRecords,,"Analyst-authored synthesis, not a verbatim customer quotation; public forums over-represent problem reports and volume does not equal sentiment or prevalence."
cv-shimadzu-nexera-value,Public competitor positioning and review-source mapping support a value/reliability comparison point.,partial,directional_synthesis,https://www.reddit.com/r/CHROMATOGRAPHY/comments/1q24noh/reccomendations_for_new_hplc_system_for_routine/,2026-08-02T20:00:24+00:00,2026-01-02,publication,Mapped public evidence record(s); see evidenceRecords,,"Analyst-authored synthesis, not a verbatim customer quotation; public forums over-represent problem reports and volume does not equal sentiment or prevalence."
cv-shimadzu-software-integration,Public source mapping suggests method-transfer and software experience remain meaningful comparison criteria across LC vendors.,partial,directional_synthesis,https://www.reddit.com/r/CHROMATOGRAPHY/comments/1i7ixun/lab_solutions_frustration/,2026-08-02T20:00:24+00:00,2025-01-22,publication,Mapped public evidence record(s); see evidenceRecords,,"Analyst-authored synthesis, not a verbatim customer quotation; public forums over-represent problem reports and volume does not equal sentiment or prevalence."
cv-sciex-exionlc-lcms-fit,Public competitor positioning and source mapping make LC-MS workflow integration the main customer-value frame.,partial,directional_synthesis,https://www.reddit.com/r/CHROMATOGRAPHY/comments/1f4airi/which_hplcmsms/,2026-08-02T20:00:24+00:00,2024-08-29,publication,Mapped public evidence record(s); see evidenceRecords,,"Analyst-authored synthesis, not a verbatim customer quotation; public forums over-represent problem reports and volume does not equal sentiment or prevalence."
cv-cross-vendor-training,"Across public sources, routine LC pain often appears as training burden, method setup confusion, and reliance on local experts.",partial,directional_synthesis,https://www.reddit.com/r/CHROMATOGRAPHY/comments/1q24noh/reccomendations_for_new_hplc_system_for_routine/,2026-08-02T20:00:24+00:00,2026-01-02,publication,Mapped public evidence record(s); see evidenceRecords,,"Analyst-authored synthesis, not a verbatim customer quotation; public forums over-represent problem reports and volume does not equal sentiment or prevalence."
cv-cross-vendor-consumables-cost,"Public review/Q&A style sources often surface total cost, parts, service, and consumables as buying friction.",unreachable,directional_synthesis,https://www.reddit.com/r/CHROMATOGRAPHY/comments/1uu27p8/which_lc_ms_brand_is_reliable_and_affordable/,2026-08-02T20:00:24+00:00,2026-07-12,publication,Mapped public evidence record(s); see evidenceRecords,,"Analyst-authored synthesis, not a verbatim customer quotation; public forums over-represent problem reports and volume does not equal sentiment or prevalence."
cv-waters-targetlynx-data-review,A user processing more than 100 samples across 150 analytes described TargetLynx review as tedious and asked for a faster workflow.,unreachable,analyst_paraphrase,https://www.reddit.com/r/massspectrometry/comments/1uxyipd/efficient_quant_workflow_for_targetlynx/,2026-08-02T20:00:24+00:00,2026-07-16,publication,Mapped public evidence record(s); see evidenceRecords,,"Analyst-authored synthesis, not a verbatim customer quotation; public forums over-represent problem reports and volume does not equal sentiment or prevalence."
cv-waters-unifi-data-access,"The discussion contrasts MS Quan improvements with concerns about UNIFI, MassLynx, waters_connect, and service-only access.",unreachable,analyst_paraphrase,https://www.reddit.com/r/massspectrometry/comments/1ux1imr/most_frustrating_thing_about_mass_spectrometry/,2026-08-02T20:00:24+00:00,2026-07-15,publication,Mapped public evidence record(s); see evidenceRecords,,"Analyst-authored synthesis, not a verbatim customer quotation; public forums over-represent problem reports and volume does not equal sentiment or prevalence."
cv-waters-synapt-fluidics,The user could not clear a fluidics-stopped loop until the source-pressure test was identified as the underlying cause.,unreachable,analyst_paraphrase,https://www.reddit.com/r/massspectrometry/comments/1u1dpq6/synapt_nonresponsive_fluidics_purge_issue/,2026-08-02T20:00:24+00:00,2026-06-09,publication,Mapped public evidence record(s); see evidenceRecords,,"Analyst-authored synthesis, not a verbatim customer quotation; public forums over-represent problem reports and volume does not equal sentiment or prevalence."
cv-waters-cross-vendor-control,Users described coordinating MassLynx with ChemStation and contact closure to run mixed-vendor hardware.,unreachable,analyst_paraphrase,https://www.reddit.com/r/massspectrometry/comments/1up1dlw/best_software_to_use_agilent_g3540a_gc_with/,2026-08-02T20:00:24+00:00,2026-07-06,publication,Mapped public evidence record(s); see evidenceRecords,,"Analyst-authored synthesis, not a verbatim customer quotation; public forums over-represent problem reports and volume does not equal sentiment or prevalence."
cv-market-vendor-service-comparison,"The discussion explicitly asks users to compare instruments, consumables, software, and human support.",partial,analyst_paraphrase,https://www.reddit.com/r/CHROMATOGRAPHY/comments/1sbtsdx/comparing_vendors_and_systems_thoughts/,2026-08-02T20:00:24+00:00,2026-04-03,publication,Mapped public evidence record(s); see evidenceRecords,,"Analyst-authored synthesis, not a verbatim customer quotation; public forums over-represent problem reports and volume does not equal sentiment or prevalence."
cv-waters-masslynx-conversion-speed,"The user compared MassLynx and open conversion tools for mzML conversion, lock-mass correction, and centroiding.",unreachable,analyst_paraphrase,https://www.reddit.com/r/massspectrometry/comments/1sognqt/what_is_the_fastest_way_to_convert_raw_files_to/,2026-08-02T20:00:24+00:00,2026-04-17,publication,Mapped public evidence record(s); see evidenceRecords,,"Analyst-authored synthesis, not a verbatim customer quotation; public forums over-represent problem reports and volume does not equal sentiment or prevalence."
cv-waters-imms-data-portability,Users raised UNIFI and waters_connect export constraints while comparing IM-MS platforms and analysis options.,unreachable,analyst_paraphrase,https://www.reddit.com/r/massspectrometry/comments/1rembme/imms_options/,2026-08-02T20:00:24+00:00,2026-02-25,publication,Mapped public evidence record(s); see evidenceRecords,,"Analyst-authored synthesis, not a verbatim customer quotation; public forums over-represent problem reports and volume does not equal sentiment or prevalence."
cv-waters-columns-driver-integration,The discussion praises Waters LC and consumables but calls the software and third-party driver integration inconsistent.,unreachable,analyst_paraphrase,https://www.reddit.com/r/massspectrometry/comments/1tausv5/ms_is_half_the_equation/,2026-08-02T20:00:24+00:00,2026-05-12,publication,Mapped public evidence record(s); see evidenceRecords,,"Analyst-authored synthesis, not a verbatim customer quotation; public forums over-represent problem reports and volume does not equal sentiment or prevalence."
cv-market-lcms-vendor-ranking,"Users rejected a single overall ranking and compared vendors by application, hardware, software, and local support.",unreachable,analyst_paraphrase,https://www.reddit.com/r/massspectrometry/comments/1p15xrz/which_company_ranked_1_for_lcms/,2026-08-02T20:00:24+00:00,2025-11-19,publication,Mapped public evidence record(s); see evidenceRecords,,"Analyst-authored synthesis, not a verbatim customer quotation; public forums over-represent problem reports and volume does not equal sentiment or prevalence."
cv-thermo-sciex-proteomics-fit,"Users compared Thermo and SCIEX systems while discussing Vanquish flow capability, stability, service, and application fit.",unreachable,analyst_paraphrase,https://www.reddit.com/r/massspectrometry/comments/1pw3739/sciex_or_thermo_for_proteomics/,2026-08-02T20:00:24+00:00,2025-12-26,publication,Mapped public evidence record(s); see evidenceRecords,,"Analyst-authored synthesis, not a verbatim customer quotation; public forums over-represent problem reports and volume does not equal sentiment or prevalence."
cv-market-new-lab-ms-selection,"Users emphasized local service and repair experience alongside TOF, Orbitrap, and application-workflow differences.",unreachable,analyst_paraphrase,https://www.reddit.com/r/massspectrometry/comments/1nlcb3p/new_lab_ms_option_help/,2026-08-02T20:00:24+00:00,2025-09-19,publication,Mapped public evidence record(s); see evidenceRecords,,"Analyst-authored synthesis, not a verbatim customer quotation; public forums over-represent problem reports and volume does not equal sentiment or prevalence."
cv-agilent-secondhand-serviceability,A user documented restoring network communication on a second-hand Agilent 6550 through embedded-PC troubleshooting.,unreachable,analyst_paraphrase,https://www.reddit.com/r/massspectrometry/comments/1mzna4c/a_record_of_fixing_a_secondhand_agilent_ms/,2026-08-02T20:00:24+00:00,2025-08-25,publication,Mapped public evidence record(s); see evidenceRecords,,"Analyst-authored synthesis, not a verbatim customer quotation; public forums over-represent problem reports and volume does not equal sentiment or prevalence."
cv-market-service-contracts,The discussion compares service providers and OEM contracts for a mixed chromatography fleet.,partial,analyst_paraphrase,https://www.reddit.com/r/CHROMATOGRAPHY/comments/1peddhs/who_consistently_gives_the_best_highest_quality/,2026-08-02T20:00:24+00:00,2025-12-04,publication,Mapped public evidence record(s); see evidenceRecords,,"Analyst-authored synthesis, not a verbatim customer quotation; public forums over-represent problem reports and volume does not equal sentiment or prevalence."
cv-public-e5eccb8568bea5,﻿ Agilent LCMSMS 6470B vs 6475 - Chromatography Forum Advertisement Register Log in Log in Notifications Notifications Settings You have no notifications See All Quick links Unanswered topics Active topics Search FAQ Get in Touch with Us Chromatography Forum Unanswered topics Active topics Search Log in Register Skip to content Liquid Chromatography Gas Chromatography Hyphenated Techniques Sample Preparation Data Issues Jobs & Announcements FAQs Applications Notes Webinars Learning Hubs Home Chr,partial,analyst_paraphrase,https://www.chromforum.org/viewtopic.php?t=122481,2026-08-02T20:00:24+00:00,2025-08-08,publication,Mapped public evidence record(s); see evidenceRecords,,"Analyst-authored synthesis, not a verbatim customer quotation; public forums over-represent problem reports and volume does not equal sentiment or prevalence."
cv-public-60387a73676cf5,﻿ Need help troubleshoot Waters 2410 and 2414 - Chromatography Forum Advertisement Register Log in Log in Notifications Notifications Settings You have no notifications See All Quick links Unanswered topics Active topics Search FAQ Get in Touch with Us Chromatography Forum Unanswered topics Active topics Search Log in Register Skip to content Liquid Chromatography Gas Chromatography Hyphenated Techniques Sample Preparation Data Issues Jobs & Announcements FAQs Applications Notes Webinars Learnin,partial,analyst_paraphrase,https://www.chromforum.org/viewtopic.php?t=122404,2026-08-02T20:00:24+00:00,2016-07-04,publication,Mapped public evidence record(s); see evidenceRecords,,"Analyst-authored synthesis, not a verbatim customer quotation; public forums over-represent problem reports and volume does not equal sentiment or prevalence."
cv-public-1ade4471eb58d9,﻿ Agilent MWD / DAD noise test fail UV and Vis - Chromatography Forum Advertisement Register Log in Log in Notifications Notifications Settings You have no notifications See All Quick links Unanswered topics Active topics Search FAQ Get in Touch with Us Chromatography Forum Unanswered topics Active topics Search Log in Register Skip to content Liquid Chromatography Gas Chromatography Hyphenated Techniques Sample Preparation Data Issues Jobs & Announcements FAQs Applications Notes Webinars Learni,partial,analyst_paraphrase,https://www.chromforum.org/viewtopic.php?t=122426,2026-08-02T20:00:24+00:00,2014-06-24,publication,Mapped public evidence record(s); see evidenceRecords,,"Analyst-authored synthesis, not a verbatim customer quotation; public forums over-represent problem reports and volume does not equal sentiment or prevalence."
cv-public-0fccea23bf6448,Perfect column for metabolomic purpose!,verified,verbatim_quote,https://www.selectscience.net/product/acquity-uplc-r-beh-c18-and-c8-columns,2026-08-02T20:00:24+00:00,2017-03-21,publication,Embedded structured product review text,Perfect column for metabolomic purpose!,One dated public review; do not generalize prevalence from a single reviewer.
cv-public-13d8655cb1b4c1,"Vedic Lifesciences Pvt. Ltd. — Good Laboratory Practice (GLP) for Nonclinical Laboratory Studies (2026-03-09) | ABR Laboratory LLC — CGMP/Finished Pharmaceutical/Adulterated (2025-02-10) | Analytical Food Laboratories, Inc. — CGMP/Finished Pharmaceuticals/Adulterated (2024-10-10) | Spirochaete Research Labs, LLC aka Scitus Laboratory Products — Unapproved New Drugs/Misbranded (2024-03-08) | Samm Solutions, Inc., d.b.a. BTS Research — Good Laboratory Practice (GLP) for Nonclinical Laboratory Stud",partial,analyst_paraphrase,https://www.fda.gov/inspections-compliance-enforcement-and-criminal-investigations/compliance-actions-and-activities/warning-letters/datatables-data?_format=xlsx&page=0,2026-08-02T20:00:24+00:00,2026-03-09,publication,Mapped public evidence record(s); see evidenceRecords,,"Analyst-authored synthesis, not a verbatim customer quotation; public forums over-represent problem reports and volume does not equal sentiment or prevalence."
cv-public-d1d7ebe0cd662a,"Procedures not in writing, fully followed (243 citations) | Investigations of discrepancies, failures (164 citations) | Scientifically sound laboratory controls (121 citations) | Cleaning / Sanitizing / Maintenance (95 citations) | Computer control of master formula records (87 citations) | Equipment Design, Size and Location (81 citations) | Written procedures not established/followed (70 citations) | Testing and release for distribution (44 citations)",partial,analyst_paraphrase,https://www.fda.gov/media/190190/download?attachment=,2026-08-02T20:00:24+00:00,2025-09-30,publication,Mapped public evidence record(s); see evidenceRecords,,"Analyst-authored synthesis, not a verbatim customer quotation; public forums over-represent problem reports and volume does not equal sentiment or prevalence."
cv-public-0c831154a6fba6,"﻿ Agilent 1100, ICF, Labview; If not Agilent, then what? - Chromatography Forum Advertisement Register Log in Log in Notifications Notifications Settings You have no notifications See All Quick links Unanswered topics Active topics Search FAQ Get in Touch with Us Chromatography Forum Unanswered topics Active topics Search Log in Register Skip to content Liquid Chromatography Gas Chromatography Hyphenated Techniques Sample Preparation Data Issues Jobs & Announcements FAQs Applications Notes Webin",partial,analyst_paraphrase,https://www.chromforum.org/viewtopic.php?t=24303,2026-08-02T20:00:24+00:00,2013-07-02,publication,Mapped public evidence record(s); see evidenceRecords,,"Analyst-authored synthesis, not a verbatim customer quotation; public forums over-represent problem reports and volume does not equal sentiment or prevalence."
cv-public-cc16c030091d63,"The Waters ARC HPLC is a reliable and user-friendly system for routine analytical work. It provides stable results, good sensitivity, and smooth operation for both research and quality control laboratories. The instrument is easy to maintain, and the software interface makes method development and data analysis straightforward. Overall, it is a dependable HPLC system that delivers consistent performance and is suitable for everyday chromatography needs.",verified,verbatim_quote,https://www.selectscience.net/product/arc-hplc-system?reviewItem=c6866ce0f446fc50,2026-08-02T20:00:24+00:00,2025-11-24,publication,Embedded structured product review text,The Waters ARC HPLC is a reliable and user-friendly system for routine analytical work. It,One dated public review; do not generalize prevalence from a single reviewer.
cv-public-eee1e074ae2ea6,"With the Arc HPLC System, the USP assay for losartan potassium met all of the system suitability requirements, including injection precision <0.5%. Comparison of the Arc HPLC System to competitive HPLC systems demonstrates leading performance in USP efficiency, USP tailing, and injection precision.",verified,verbatim_quote,https://www.selectscience.net/product/arc-hplc-system?reviewItem=0e5b2545d7d11f15,2026-08-02T20:00:24+00:00,2022-05-17,publication,Embedded structured product review text,"With the Arc HPLC System, the USP assay for losartan potassium met all of the",One dated public review; do not generalize prevalence from a single reviewer.
cv-public-2c77a0700a2d26,"The ARC HPLC performed very well in our testing. Unique features, such as Gradient SmartStart, which can adjust the injection relative to the gradient start to emulate other HPLC systems’ dwell volumes, have a practical application to our work, and this instrument has potential to be very beneficial to us.",verified,verbatim_quote,https://www.selectscience.net/product/arc-hplc-system?reviewItem=0568db63471e745f,2026-08-02T20:00:24+00:00,2022-04-11,publication,Embedded structured product review text,"The ARC HPLC performed very well in our testing. Unique features, such as Gradient SmartStart,",One dated public review; do not generalize prevalence from a single reviewer.
cv-public-12d559e69d38c8,Greater robustness and high injection precision reproducibility of the results,verified,verbatim_quote,https://www.selectscience.net/product/arc-hplc-system?reviewItem=dd59084477b562c5,2026-08-02T20:00:24+00:00,2022-04-02,publication,Embedded structured product review text,Greater robustness and high injection precision reproducibility of the results,One dated public review; do not generalize prevalence from a single reviewer.
cv-public-3eb55e657bc774,"Very useful and easy to use to analyse the pharmaceutical molecule, it is also user friendly and gives accurate and precise results.",verified,verbatim_quote,https://www.selectscience.net/product/arc-hplc-system?reviewItem=823dc30b19dcb94c,2026-08-02T20:00:24+00:00,2022-02-08,publication,Embedded structured product review text,"Very useful and easy to use to analyse the pharmaceutical molecule, it is also user",One dated public review; do not generalize prevalence from a single reviewer.
cv-public-f5ff7f3c912428,"The ARC HPLC from Waters is intended to bridge the gap between UPLC and routine HPLC. But, buying this instrument to perform UPLC application would be an accident. This instrument performs well as an HPLC and to an extent, helps in applications which need to use columns with particle sizes between 1.9 & 2.5 µm. The system is very sensitive to high buffer concentrates and easily gets choked and cannot be washed with hot water like the routine Alliance HPLC. Care needs to be taken that the system ",partial,analyst_paraphrase,https://www.selectscience.net/product/arc-hplc-system?reviewItem=2ce3f8c184d2244f,2026-08-02T20:00:24+00:00,2021-03-18,publication,Mapped public evidence record(s); see evidenceRecords,,"Analyst-authored synthesis, not a verbatim customer quotation; public forums over-represent problem reports and volume does not equal sentiment or prevalence."
cv-public-6c205ec0bb28ba,"Waters new ARC HPLC’s performance has been improved, but cost has stayed relatively flat. Together with the Empower network system it is the best partner of QC analyst especially for pharma industry.",verified,verbatim_quote,https://www.selectscience.net/product/arc-hplc-system?reviewItem=7438bc9e9e4a06a0,2026-08-02T20:00:24+00:00,2021-02-09,publication,Embedded structured product review text,"Waters new ARC HPLC’s performance has been improved, but cost has stayed relatively flat. Together",One dated public review; do not generalize prevalence from a single reviewer.
cv-public-0db57c3dc004de,"Very effective, the results are very accurate and dependable and it’s easy to use. The machine is very easy to maintain.",verified,verbatim_quote,https://www.selectscience.net/product/arc-hplc-system?reviewItem=6711faeb55e9d989,2026-08-02T20:00:24+00:00,2021-02-09,publication,Embedded structured product review text,"Very effective, the results are very accurate and dependable and it’s easy to use. The",One dated public review; do not generalize prevalence from a single reviewer.
cv-public-6a5c25fb4a0f6b,"The best performance ever with the instrument, exceeding expectations in service and support, an intuitive and robust system.",verified,verbatim_quote,https://www.selectscience.net/product/arc-hplc-system?reviewItem=4c73326f68110cdf,2026-08-02T20:00:24+00:00,2021-02-09,publication,Embedded structured product review text,"The best performance ever with the instrument, exceeding expectations in service and support, an intuitive",One dated public review; do not generalize prevalence from a single reviewer.
cv-public-9f31b10bd3ef87,We have a Waters Arc HPLC with QDa in our lab for doing leachable/extractable testing. It is user-friendly and easy to learn for new employees like myself. There is almost no repairs or maintenance required because we never have any problems with it.,verified,verbatim_quote,https://www.selectscience.net/product/arc-hplc-system?reviewItem=159e7b5e6219fa06,2026-08-02T20:00:24+00:00,2021-02-09,publication,Embedded structured product review text,We have a Waters Arc HPLC with QDa in our lab for doing leachable/extractable testing.,One dated public review; do not generalize prevalence from a single reviewer.
cv-public-d2e8289b0a380d,"High-performance equipment, very reliable and effective. It is simple to operate and designed for any analytical activities.",verified,verbatim_quote,https://www.selectscience.net/product/agilent-1290-infinity-ii-lc-system?reviewItem=b033272462717711,2026-08-02T20:00:24+00:00,2023-02-09,publication,Embedded structured product review text,"High-performance equipment, very reliable and effective. It is simple to operate and designed for any",One dated public review; do not generalize prevalence from a single reviewer.
cv-public-13a2a92f0f1d51,The equipment is easy to setup and use. Helps with analysis of multiple samples at one go without having an operator by it. The temperature control on the sample tray allows us to analyze temperature sensitive materials . Analysis is simple on the Chem station software too,verified,verbatim_quote,https://www.selectscience.net/product/agilent-1290-infinity-ii-lc-system?reviewItem=98dffc09a1644d9b,2026-08-02T20:00:24+00:00,2022-09-15,publication,Embedded structured product review text,The equipment is easy to setup and use. Helps with analysis of multiple samples at,One dated public review; do not generalize prevalence from a single reviewer.
cv-public-104717d203d837,Currently using LCMS 1290 for analysing dyes in samples. Personally prefer 1290 over 1260 because less troubleshooting involved using 1290 and it’s ability to withstand higher pressure.,verified,verbatim_quote,https://www.selectscience.net/product/agilent-1290-infinity-ii-lc-system?reviewItem=adb2baf246f98528,2026-08-02T20:00:24+00:00,2022-09-15,publication,Embedded structured product review text,Currently using LCMS 1290 for analysing dyes in samples. Personally prefer 1290 over 1260 because,One dated public review; do not generalize prevalence from a single reviewer.
cv-public-89c5aac487ae87,Agilent LCMSMS 1290 with 6420 has excellent robustness and high sensitivity for analysis of multiple pesticides in multiple food and environmental matrixes. Its method acquisition and data analysis software are user-friendly. My Pesticide Residues Testing laboratory got acceptance z score in many proficiency schemes with this instrument. Excellent choice for covering LC amenable pesticides analysis for compliance with EU-MRL and CAC- MRL.,verified,verbatim_quote,https://www.selectscience.net/product/agilent-1290-infinity-ii-lc-system?reviewItem=dafea9f68162ad00,2026-08-02T20:00:24+00:00,2022-07-15,publication,Embedded structured product review text,Agilent LCMSMS 1290 with 6420 has excellent robustness and high sensitivity for analysis of multiple,One dated public review; do not generalize prevalence from a single reviewer.
cv-public-7745fecc1a06b5,The 1290 Infinity II LC system is a rugged system and has been efficiently working without downtime. I have been a user of this system for three years but it passes the calibration test and qualifications on first trial.,verified,verbatim_quote,https://www.selectscience.net/product/agilent-1290-infinity-ii-lc-system?reviewItem=566332f51015522f,2026-08-02T20:00:24+00:00,2022-07-08,publication,Embedded structured product review text,The 1290 Infinity II LC system is a rugged system and has been efficiently working,One dated public review; do not generalize prevalence from a single reviewer.
cv-public-99f148efd3b631,All products are easy to handle and rugged. Engineer are well supportive at any time.,verified,verbatim_quote,https://www.selectscience.net/product/agilent-1290-infinity-ii-lc-system?reviewItem=a5bda60eecae55e3,2026-08-02T20:00:24+00:00,2022-04-29,publication,Embedded structured product review text,All products are easy to handle and rugged. Engineer are well supportive at any time.,One dated public review; do not generalize prevalence from a single reviewer.
cv-public-d748eb9de540ce,"As an Indian, Agilent is my 1st preference, because their service centre is in India. Within a week they are giving their service. I have personally used their HPLC and GC too. The results are very accurate.",verified,verbatim_quote,https://www.selectscience.net/product/agilent-1290-infinity-ii-lc-system?reviewItem=239dd59d05feb934,2026-08-02T20:00:24+00:00,2022-04-29,publication,Embedded structured product review text,"As an Indian, Agilent is my 1st preference, because their service centre is in India.",One dated public review; do not generalize prevalence from a single reviewer.
cv-public-81c04ca118a0e6,HPLC produce good results which can easily be interpretated,verified,verbatim_quote,https://www.selectscience.net/product/agilent-1290-infinity-ii-lc-system?reviewItem=c6b950b76c02e348,2026-08-02T20:00:24+00:00,2022-01-24,publication,Embedded structured product review text,HPLC produce good results which can easily be interpretated,One dated public review; do not generalize prevalence from a single reviewer.
cv-public-572613d1bb32bc,"It’s perfect for quality control, and easy to use. It is easy to transfer the method to other HPLCs.",verified,verbatim_quote,https://www.selectscience.net/product/agilent-1290-infinity-ii-lc-system?reviewItem=b55109634f99472b,2026-08-02T20:00:24+00:00,2021-12-15,publication,Embedded structured product review text,"It’s perfect for quality control, and easy to use. It is easy to transfer the",One dated public review; do not generalize prevalence from a single reviewer.
cv-public-2f9469de75d8a7,"This instrument is a workhorse in our laboratory. It is easy to use, reliable and when issues arise the service technicians are knowledgeable and onsite in a timely manner. Downtime is minimal with this instrument,.",verified,verbatim_quote,https://www.selectscience.net/product/agilent-1290-infinity-ii-lc-system?reviewItem=81bf75624c66c500,2026-08-02T20:00:24+00:00,2021-11-19,publication,Embedded structured product review text,"This instrument is a workhorse in our laboratory. It is easy to use, reliable and",One dated public review; do not generalize prevalence from a single reviewer.
cv-public-a8ca7a4566f30d,The system is very sensitive for every environmental change. Main disadvantage is that the user can't perform as many test as at agilent lab advisor software.,verified,verbatim_quote,https://www.selectscience.net/product/thermo-scientific-tm-vanquish-tm-horizon-uhplc-system?reviewItem=fdc4360f02238176,2026-08-02T20:00:24+00:00,2026-02-06,publication,Embedded structured product review text,The system is very sensitive for every environmental change. Main disadvantage is that the user,One dated public review; do not generalize prevalence from a single reviewer.
cv-public-24f11d6d65bfb9,"The Thermo Vanquish Horizon is easy to use, quiet, and consistently gives good results.",verified,verbatim_quote,https://www.selectscience.net/product/thermo-scientific-tm-vanquish-tm-horizon-uhplc-system?reviewItem=418a39a329a4cfef,2026-08-02T20:00:24+00:00,2019-03-26,publication,Embedded structured product review text,"The Thermo Vanquish Horizon is easy to use, quiet, and consistently gives good results.",One dated public review; do not generalize prevalence from a single reviewer.
cv-public-c5c21c68448a58,The online sample preparation module with the quaternary pump is the best in the class of UPLC module . Significantly reduce the sample runtime and have best in class solvent management system . Pilot projects and method development is facilities by the 4 mobile phase line which is further given a consistent flow and mixing by the quaternary pump. Further more the advance hand tight ferrules is easy to handle and decreases the void volume significantly . We use tandem MS as primary detector and ,partial,analyst_paraphrase,https://www.selectscience.net/product/thermo-scientific-tm-vanquish-tm-flex-quaternary-uhplc-system?reviewItem=0748c03a5da1a2f9,2026-08-02T20:00:24+00:00,2022-11-18,publication,Mapped public evidence record(s); see evidenceRecords,,"Analyst-authored synthesis, not a verbatim customer quotation; public forums over-represent problem reports and volume does not equal sentiment or prevalence."
cv-public-9f07da26f3c446,"Easy to use, Flexible, High repeability, low analysis time. Low RSD values, high seperation.",verified,verbatim_quote,https://www.selectscience.net/product/thermo-scientific-tm-vanquish-tm-flex-quaternary-uhplc-system?reviewItem=42c5c3a1766ef489,2026-08-02T20:00:24+00:00,2022-10-25,publication,Embedded structured product review text,"Easy to use, Flexible, High repeability, low analysis time. Low RSD values, high seperation.",One dated public review; do not generalize prevalence from a single reviewer.
cv-public-fd8c9d537d22b9,"Thermo scientific Vanquish duo UHPLC is robust technology in the area of chromatography. it provide robust, accurate and precise results. ease of use and value for money. efficiently used for increasing productivity.",verified,verbatim_quote,https://www.selectscience.net/product/thermo-scientific-tm-vanquish-tm-flex-quaternary-uhplc-system?reviewItem=b99c3ec45f4ce267,2026-08-02T20:00:24+00:00,2022-04-14,publication,Embedded structured product review text,Thermo scientific Vanquish duo UHPLC is robust technology in the area of chromatography. it provide,One dated public review; do not generalize prevalence from a single reviewer.
cv-public-7b5dc2c804e1ee,Troubleshooting is easy. You can attach two columns in column compartment and run your 2 analyses. Mobile phase consumption is very low.,verified,verbatim_quote,https://www.selectscience.net/product/thermo-scientific-tm-vanquish-tm-flex-quaternary-uhplc-system?reviewItem=054a29ba26fd3e1a,2026-08-02T20:00:24+00:00,2021-05-17,publication,Embedded structured product review text,Troubleshooting is easy. You can attach two columns in column compartment and run your 2,One dated public review; do not generalize prevalence from a single reviewer.
cv-public-68bdf7663bc3c0,"As usual, Thermo gives you all you need for the right price.",verified,verbatim_quote,https://www.selectscience.net/product/thermo-scientific-tm-vanquish-tm-flex-quaternary-uhplc-system?reviewItem=0dfbed6168201997,2026-08-02T20:00:24+00:00,2021-05-17,publication,Embedded structured product review text,"As usual, Thermo gives you all you need for the right price.",One dated public review; do not generalize prevalence from a single reviewer.
cv-public-85cb4ff0959b65,"We received fast reliable results with our new Vanquish. It is a little hard to figure out at first. There is no display like the Ultimates, but it does have a light color system that is pretty cool. Lights on each component change as your samples run. Very nice Thermo.",verified,verbatim_quote,https://www.selectscience.net/product/thermo-scientific-tm-vanquish-tm-flex-quaternary-uhplc-system?reviewItem=8535ed9e65733277,2026-08-02T20:00:24+00:00,2020-11-18,publication,Embedded structured product review text,We received fast reliable results with our new Vanquish. It is a little hard to,One dated public review; do not generalize prevalence from a single reviewer.
cv-public-264938e0355cb7,The machine is able to be expanded in line with your requirements and also to meet your most demanding applications' needs. Laboratory workhorse providing high robustness and reliability. Minimizes training burden.,verified,verbatim_quote,https://www.selectscience.net/product/thermo-scientific-tm-vanquish-tm-flex-quaternary-uhplc-system?reviewItem=42abce790d69a459,2026-08-02T20:00:24+00:00,2020-02-10,publication,Embedded structured product review text,The machine is able to be expanded in line with your requirements and also to,One dated public review; do not generalize prevalence from a single reviewer.
cv-public-8c7db1ec002e43,System and software easy to use. Color coded trays allow for easy set up of samples. Indicator lights allow you to see when the instrument is ready or if there is an error from across the lab. Slight delay in receiving order and installation scheduling. Installation team very informative and was able to train us quickly. Looking to replace a few more HPLCs with this model.,verified,verbatim_quote,https://www.selectscience.net/product/thermo-scientific-tm-vanquish-tm-flex-quaternary-uhplc-system?reviewItem=37840dac493e2c49,2026-08-02T20:00:24+00:00,2019-03-14,publication,Embedded structured product review text,System and software easy to use. Color coded trays allow for easy set up of,One dated public review; do not generalize prevalence from a single reviewer.
cv-public-7d601823ca17a1,Great system with ease of use and reliability. Excellent predictability and durability.,verified,verbatim_quote,https://www.selectscience.net/product/thermo-scientific-tm-vanquish-tm-flex-quaternary-uhplc-system?reviewItem=ec99819d527a6450,2026-08-02T20:00:24+00:00,2019-02-04,publication,Embedded structured product review text,Great system with ease of use and reliability. Excellent predictability and durability.,One dated public review; do not generalize prevalence from a single reviewer.
cv-public-48f8db141d43a6,Equipment is easy to use and install. Great experience with testing and support from sales.,verified,verbatim_quote,https://www.selectscience.net/product/thermo-scientific-tm-vanquish-tm-flex-quaternary-uhplc-system?reviewItem=4d822ee5a9663b8b,2026-08-02T20:00:24+00:00,2018-10-25,publication,Embedded structured product review text,Equipment is easy to use and install. Great experience with testing and support from sales.,One dated public review; do not generalize prevalence from a single reviewer.
cv-public-4b37cfd315562d,An intuitive and easy to use instrument! Instrument runs on script-based tests and can be helpful with routine runs!,verified,verbatim_quote,https://www.selectscience.net/product/thermo-scientific-tm-vanquish-tm-neo-uhplc-system?reviewItem=736b53b7fc68a6ac,2026-08-02T20:00:24+00:00,2023-06-28,publication,Embedded structured product review text,An intuitive and easy to use instrument! Instrument runs on script-based tests and can be,One dated public review; do not generalize prevalence from a single reviewer.
cv-public-64e84654f57294,"The Vanquish systems have continued to push the state of the art in liquid chromatography instrument design. The ease of use, high pressure capabilities, and low system dispersion volumes allows for fast method development, high Chromatographic resolving power, and robust operation.",verified,verbatim_quote,https://www.selectscience.net/product/thermo-scientific-tm-vanquish-tm-neo-uhplc-system?reviewItem=b1515c6884982023,2026-08-02T20:00:24+00:00,2022-05-12,publication,Embedded structured product review text,The Vanquish systems have continued to push the state of the art in liquid chromatography,One dated public review; do not generalize prevalence from a single reviewer.
cv-public-1d4473de78a067,"Designed for researchers pursuing their next scientific breakthrough, the Vanquish Neo UHPLC system is ideal for LC-MS applications in proteomics, precision medicine, translational research, and more.",verified,verbatim_quote,https://www.selectscience.net/product/thermo-scientific-tm-vanquish-tm-neo-uhplc-system?reviewItem=80e2a812db393ad1,2026-08-02T20:00:24+00:00,2022-04-30,publication,Embedded structured product review text,"Designed for researchers pursuing their next scientific breakthrough, the Vanquish Neo UHPLC system is ideal",One dated public review; do not generalize prevalence from a single reviewer.
cv-public-610bb5708bb1dd,"Value for money, higher productivity, functionality of detector is impressive",verified,verbatim_quote,https://www.selectscience.net/product/thermo-scientific-tm-vanquish-tm-neo-uhplc-system?reviewItem=349c51086249f5b0,2026-08-02T20:00:24+00:00,2022-01-24,publication,Embedded structured product review text,"Value for money, higher productivity, functionality of detector is impressive",One dated public review; do not generalize prevalence from a single reviewer.
cv-public-c02c4b0b77c8f0,"The Thermo-Fisher Neo Vanquish is the most advanced HPLC on the market currently. The flexibility, programmability, flow stability and longevity of use witout servie intervention makes this product the most advanced and capabile instrument in the market for high-resolution nano and micro HPLC applications",verified,verbatim_quote,https://www.selectscience.net/product/thermo-scientific-tm-vanquish-tm-neo-uhplc-system?reviewItem=4c41c48a5c6a8872,2026-08-02T20:00:24+00:00,2022-01-24,publication,Embedded structured product review text,"The Thermo-Fisher Neo Vanquish is the most advanced HPLC on the market currently. The flexibility,",One dated public review; do not generalize prevalence from a single reviewer.
cv-public-93a302d8a28e6f,"Value for money, higher productivity, functionality of detector is impressive",verified,verbatim_quote,https://www.selectscience.net/product/thermo-scientific-tm-vanquish-tm-neo-uhplc-system?reviewItem=b9bd534ca60f5beb,2026-08-02T20:00:24+00:00,2021-12-14,publication,Embedded structured product review text,"Value for money, higher productivity, functionality of detector is impressive",One dated public review; do not generalize prevalence from a single reviewer.
cv-public-26a92e7188f2e7,"The Vanquish Neo UHPLC system is very robust and reduces the LC maintanence time drastically for the end-user. The system is very user-friendly and allows a high-throughput. The main selling point for me is the wide-range of flow-rates that can be used, which allows the end-user to switch between micro- and nano-flow easily.",verified,verbatim_quote,https://www.selectscience.net/product/thermo-scientific-tm-vanquish-tm-neo-uhplc-system?reviewItem=01399f44a3ef54ac,2026-08-02T20:00:24+00:00,2021-12-06,publication,Embedded structured product review text,The Vanquish Neo UHPLC system is very robust and reduces the LC maintanence time drastically,One dated public review; do not generalize prevalence from a single reviewer.
cv-public-ecea01e6618a49,"The Vanquish Neo UHPLC from Thermo Fisher Scientific has proven itself in our standard proteome analyzes. Installation and support went without a hitch. I particularly liked the autosampler which can handle three 96 well plates or several vials. Chromatography is great and everything can be controlled remotely or via the touchscreen, which can be used to call up several service tools or ready-made programs or to create ones yourself.",verified,verbatim_quote,https://www.selectscience.net/product/thermo-scientific-tm-vanquish-tm-neo-uhplc-system?reviewItem=d6f6ddf8ef9fb7b0,2026-08-02T20:00:24+00:00,2021-12-03,publication,Embedded structured product review text,The Vanquish Neo UHPLC from Thermo Fisher Scientific has proven itself in our standard proteome,One dated public review; do not generalize prevalence from a single reviewer.
cv-public-59136fc6b74625,"It is easy to use. Easy software, maintenance and local service representative are quick.",verified,verbatim_quote,https://www.selectscience.net/product/thermo-scientific-tm-vanquish-tm-neo-uhplc-system?reviewItem=6aeb40fce4e8b2d1,2026-08-02T20:00:24+00:00,2021-11-23,publication,Embedded structured product review text,"It is easy to use. Easy software, maintenance and local service representative are quick.",One dated public review; do not generalize prevalence from a single reviewer.
cv-public-83d0b7694b2a87,Application versatility with UHPLC-scale usability.,verified,verbatim_quote,https://www.selectscience.net/product/thermo-scientific-tm-vanquish-tm-neo-uhplc-system?reviewItem=dd5f00c5d17521a6,2026-08-02T20:00:24+00:00,2021-11-18,publication,Embedded structured product review text,Application versatility with UHPLC-scale usability.,One dated public review; do not generalize prevalence from a single reviewer.
cv-public-c389194c782b1d,"When comparing different UHPLC instrument from different vendors, we hit a wall with an analytical method for separating 4 (four) components in finished pharmaceutical product, using UPLC or UHPLC columns. Only Nexera UHPLC 40 series gave us results because of the suitable combination of total system volume, dwell volume and injection volume. It is an instrument that could work both as HPLC and UHPLC, which saves money for every laboratory, it is very rigid and could be used 24/7, and the mainte",partial,analyst_paraphrase,https://www.selectscience.net/product/nexera-40-series-uhplc?reviewItem=ac56535f2a546b40,2026-08-02T20:00:24+00:00,2023-09-02,publication,Mapped public evidence record(s); see evidenceRecords,,"Analyst-authored synthesis, not a verbatim customer quotation; public forums over-represent problem reports and volume does not equal sentiment or prevalence."
cv-public-49bf7659cfb5f6,"The UHPLC software runs smoothly, very simple to use and with many options. Hadrware itself is robust and easy to change consumable. Auto-check is also something useful.",verified,verbatim_quote,https://www.selectscience.net/product/nexera-40-series-uhplc?reviewItem=d1c3f7aadc2fee7e,2026-08-02T20:00:24+00:00,2023-09-01,publication,Embedded structured product review text,"The UHPLC software runs smoothly, very simple to use and with many options. Hadrware itself",One dated public review; do not generalize prevalence from a single reviewer.
cv-public-d7220fe4888a41,One of the best HPLC I have ever worked with,verified,verbatim_quote,https://www.selectscience.net/product/nexera-40-series-uhplc?reviewItem=1ecd3f34a563ab40,2026-08-02T20:00:24+00:00,2023-03-23,publication,Embedded structured product review text,One of the best HPLC I have ever worked with,One dated public review; do not generalize prevalence from a single reviewer.
cv-public-2064e78887f176,"As comparing with other products, Nexera series is the best user friendly model I ever used. Customerization is the most important criteria for every post sale user's. In that case, spincotech provide on time Manpower support on customer requirements.",verified,verbatim_quote,https://www.selectscience.net/product/nexera-40-series-uhplc?reviewItem=63b6e86e4a9fd5c4,2026-08-02T20:00:24+00:00,2022-11-30,publication,Embedded structured product review text,"As comparing with other products, Nexera series is the best user friendly model I ever",One dated public review; do not generalize prevalence from a single reviewer.
cv-public-0c80ca80ccf5d4,"It is quite good addition in lab, it help in reducing the time for new developments and help in stability studies. Services are good enough.",verified,verbatim_quote,https://www.selectscience.net/product/nexera-40-series-uhplc?reviewItem=59ab8c0ab73f0692,2026-08-02T20:00:24+00:00,2022-11-16,publication,Embedded structured product review text,"It is quite good addition in lab, it help in reducing the time for new",One dated public review; do not generalize prevalence from a single reviewer.
cv-public-5165b13c644095,I used this product at different labs its very nice and minimal carry over,verified,verbatim_quote,https://www.selectscience.net/product/nexera-40-series-uhplc?reviewItem=9dafabbcad96deda,2026-08-02T20:00:24+00:00,2022-11-15,publication,Embedded structured product review text,I used this product at different labs its very nice and minimal carry over,One dated public review; do not generalize prevalence from a single reviewer.
cv-public-62eb771aa04e07,"n-series nexera UPLC , it was very simple to use and cost saving for chemicals",verified,verbatim_quote,https://www.selectscience.net/product/nexera-40-series-uhplc?reviewItem=4ff32d1701a7f81c,2026-08-02T20:00:24+00:00,2022-11-15,publication,Embedded structured product review text,"n-series nexera UPLC , it was very simple to use and cost saving for chemicals",One dated public review; do not generalize prevalence from a single reviewer.
cv-public-cdb0b84f54e34d,Very fast and accurate results,verified,verbatim_quote,https://www.selectscience.net/product/nexera-40-series-uhplc?reviewItem=7788e1c99b3707a6,2026-08-02T20:00:24+00:00,2022-10-31,publication,Embedded structured product review text,Very fast and accurate results,One dated public review; do not generalize prevalence from a single reviewer.
cv-public-3a8b3d247ce649,"We have been using Nexera N-Series for two years and we have many developed and validated methods for phytopharmaceuticals. We get great results in terms of accuracy, precision, robustness etc.",verified,verbatim_quote,https://www.selectscience.net/product/nexera-40-series-uhplc?reviewItem=97867f146bd1ed72,2026-08-02T20:00:24+00:00,2022-09-29,publication,Embedded structured product review text,We have been using Nexera N-Series for two years and we have many developed and,One dated public review; do not generalize prevalence from a single reviewer.
cv-public-d1f12e5be66e91,"The UHPLC by shimadzu is an excellent analytical system for quantitative estimation of chemical constituents in the food, plant and animal samples. I use it for estimation of neurotransmitters and plant compounds (Phytochemicals). The system we have here has a diode array and fluorescence detectors which is an efficient set for reproducible results",verified,verbatim_quote,https://www.selectscience.net/product/nexera-40-series-uhplc?reviewItem=23f89a37438247d6,2026-08-02T20:00:24+00:00,2022-09-28,publication,Embedded structured product review text,The UHPLC by shimadzu is an excellent analytical system for quantitative estimation of chemical constituents,One dated public review; do not generalize prevalence from a single reviewer.
cv-public-ee237f985e2751,"Easy to use, efficient in data processing, more process options",verified,verbatim_quote,https://www.selectscience.net/product/i-series-integrated-u-hplc-systems?reviewItem=a7e66164e9c68aab,2026-08-02T20:00:24+00:00,2025-07-21,publication,Embedded structured product review text,"Easy to use, efficient in data processing, more process options",One dated public review; do not generalize prevalence from a single reviewer.
cv-public-e48f0b57c0e22a,Excellent service,verified,verbatim_quote,https://www.selectscience.net/product/i-series-integrated-u-hplc-systems?reviewItem=2cc644405b0fc909,2026-08-02T20:00:24+00:00,2024-02-16,publication,Embedded structured product review text,Excellent service,One dated public review; do not generalize prevalence from a single reviewer.
cv-public-9b6c52c557f0fd,"Like other competitors machines, Shimadzu are still robust for routine work, good repeatability, software is easy to use for calibration, one go gives you your result which lets users feel confidant, also the price good is compared to competitors and the after sale service covers all.",verified,verbatim_quote,https://www.selectscience.net/product/i-series-integrated-u-hplc-systems?reviewItem=75889baa795ad86e,2026-08-02T20:00:24+00:00,2023-12-12,publication,Embedded structured product review text,"Like other competitors machines, Shimadzu are still robust for routine work, good repeatability, software is",One dated public review; do not generalize prevalence from a single reviewer.
cv-public-136a1ae67ece46,Their instruments are easy to use and the main advantage is after sales service.,verified,verbatim_quote,https://www.selectscience.net/product/i-series-integrated-u-hplc-systems?reviewItem=598b6687c01fa6c2,2026-08-02T20:00:24+00:00,2023-11-19,publication,Embedded structured product review text,Their instruments are easy to use and the main advantage is after sales service.,One dated public review; do not generalize prevalence from a single reviewer.
cv-public-79aa8fc02bed16,This UHPLC is easy to start by just following the instruction manual. The instrument itself is pretty robust and easy to take care of. The LC solution software is user-friendly.,verified,verbatim_quote,https://www.selectscience.net/product/i-series-integrated-u-hplc-systems?reviewItem=c382c6a957df4b26,2026-08-02T20:00:24+00:00,2023-07-24,publication,Embedded structured product review text,This UHPLC is easy to start by just following the instruction manual. The instrument itself,One dated public review; do not generalize prevalence from a single reviewer.
cv-public-d89e81c20f2717,The product was easy to use and the after sale service is very good.,verified,verbatim_quote,https://www.selectscience.net/product/i-series-integrated-u-hplc-systems?reviewItem=f1879f6d392554c7,2026-08-02T20:00:24+00:00,2023-06-13,publication,Embedded structured product review text,The product was easy to use and the after sale service is very good.,One dated public review; do not generalize prevalence from a single reviewer.
cv-public-7501f48ec529eb,"Consistent, Rugged and User-friendly",verified,verbatim_quote,https://www.selectscience.net/product/i-series-integrated-u-hplc-systems?reviewItem=27602c7bf21a7900,2026-08-02T20:00:24+00:00,2023-04-07,publication,Embedded structured product review text,"Consistent, Rugged and User-friendly",One dated public review; do not generalize prevalence from a single reviewer.
cv-public-3f9935e05bcf73,It has good services. Better to handle and easy operations. The instrument has good application software used to collect data.,verified,verbatim_quote,https://www.selectscience.net/product/i-series-integrated-u-hplc-systems?reviewItem=e0620a2efeecf624,2026-08-02T20:00:24+00:00,2023-01-05,publication,Embedded structured product review text,It has good services. Better to handle and easy operations. The instrument has good application,One dated public review; do not generalize prevalence from a single reviewer.
cv-public-7a6a75b9fb87db,"Less breakdown, Easy to operate, Intelligent.",verified,verbatim_quote,https://www.selectscience.net/product/i-series-integrated-u-hplc-systems?reviewItem=3f0e6414642aa906,2026-08-02T20:00:24+00:00,2022-11-09,publication,Embedded structured product review text,"Less breakdown, Easy to operate, Intelligent.",One dated public review; do not generalize prevalence from a single reviewer.
cv-public-44b69a1c3d511d,"Efficient system, complies 21CFR, after sales services at door step",verified,verbatim_quote,https://www.selectscience.net/product/i-series-integrated-u-hplc-systems?reviewItem=4a758f8fedac9057,2026-08-02T20:00:24+00:00,2022-11-01,publication,Embedded structured product review text,"Efficient system, complies 21CFR, after sales services at door step",One dated public review; do not generalize prevalence from a single reviewer.
cv-public-fbfe77203233c1,trying to compare to Waters UPLC - Agilent Technologies 1200 Series Rapid Resolution | LabWrench LabWrench is a LabX .com website. Discuss Discuss Sign In | Register My Bench | Log Out Question & Answer Forums Equipment View All Analytical Basic Laboratory Clinical Laboratory GC - Gas Chromatography HPLC - High Performance Liquid Chromatography Life Science Mass Spectrometers Microscopy Pharmaceutical Processing Spectroscopy Supplies and Consumables Service Providers News LabWrench is a LabX .co,unreachable,analyst_paraphrase,https://www.labwrench.com/thread/821/trying-to-compare-to-waters-uplc,2026-08-02T20:00:24+00:00,2010-06-08,publication,Mapped public evidence record(s); see evidenceRecords,,"Analyst-authored synthesis, not a verbatim customer quotation; public forums over-represent problem reports and volume does not equal sentiment or prevalence."
cv-public-c9100524c903a1,Flow stoppage | LabWrench LabWrench is a LabX .com website. Discuss Discuss Sign In | Register My Bench | Log Out Question & Answer Forums Equipment View All Analytical Basic Laboratory Clinical Laboratory GC - Gas Chromatography HPLC - High Performance Liquid Chromatography Life Science Mass Spectrometers Microscopy Pharmaceutical Processing Spectroscopy Supplies and Consumables Service Providers News LabWrench is a LabX .com website. Sign In | Register My Bench | Log Out Start a Discussion Sta,unreachable,analyst_paraphrase,https://www.labwrench.com/thread/260254/flow-stoppage,2026-08-02T20:00:24+00:00,2023-05-31,publication,Mapped public evidence record(s); see evidenceRecords,,"Analyst-authored synthesis, not a verbatim customer quotation; public forums over-represent problem reports and volume does not equal sentiment or prevalence."
cv-public-6c42f9f420f681,"HPLC Problems, RT off, Compounds missing/not seperating - Waters 600 | LabWrench LabWrench is a LabX .com website. Discuss Discuss Sign In | Register My Bench | Log Out Question & Answer Forums Equipment View All Analytical Basic Laboratory Clinical Laboratory GC - Gas Chromatography HPLC - High Performance Liquid Chromatography Life Science Mass Spectrometers Microscopy Pharmaceutical Processing Spectroscopy Supplies and Consumables Service Providers News LabWrench is a LabX .com website. Sign ",unreachable,analyst_paraphrase,https://www.labwrench.com/thread/13625/hplc-problems-rt-off-compounds-missing-not-seperating,2026-08-02T20:00:24+00:00,2012-03-01,publication,Mapped public evidence record(s); see evidenceRecords,,"Analyst-authored synthesis, not a verbatim customer quotation; public forums over-represent problem reports and volume does not equal sentiment or prevalence."
cv-public-b35543a5c0182d,No signal in the ELS detector - Waters ACQUITY UPLC ELS Detector | LabWrench LabWrench is a LabX .com website. Discuss Discuss Sign In | Register My Bench | Log Out Question & Answer Forums Equipment View All Analytical Basic Laboratory Clinical Laboratory GC - Gas Chromatography HPLC - High Performance Liquid Chromatography Life Science Mass Spectrometers Microscopy Pharmaceutical Processing Spectroscopy Supplies and Consumables Service Providers News LabWrench is a LabX .com website. Sign In |,unreachable,analyst_paraphrase,https://www.labwrench.com/thread/112979/no-signal-in-the-els-detector,2026-08-02T20:00:24+00:00,2015-02-05,publication,Mapped public evidence record(s); see evidenceRecords,,"Analyst-authored synthesis, not a verbatim customer quotation; public forums over-represent problem reports and volume does not equal sentiment or prevalence."
cv-public-5a428446f2f863,﻿ HPLC vs UHPLC quantification - Chromatography Forum Advertisement Register Log in Log in Notifications Notifications Settings You have no notifications See All Quick links Unanswered topics Active topics Search FAQ Get in Touch with Us Chromatography Forum Unanswered topics Active topics Search Log in Register Skip to content Liquid Chromatography Gas Chromatography Hyphenated Techniques Sample Preparation Data Issues Jobs & Announcements FAQs Applications Notes Webinars Learning Hubs Home Chr,partial,analyst_paraphrase,https://www.chromforum.org/viewtopic.php?t=46491,2026-08-02T20:00:24+00:00,2017-06-07,publication,Mapped public evidence record(s); see evidenceRecords,,"Analyst-authored synthesis, not a verbatim customer quotation; public forums over-represent problem reports and volume does not equal sentiment or prevalence."
cv-public-7c776be2bd4e12,﻿ Software (data import) - Chromatography Forum Advertisement Register Log in Log in Notifications Notifications Settings You have no notifications See All Quick links Unanswered topics Active topics Search FAQ Get in Touch with Us Chromatography Forum Unanswered topics Active topics Search Log in Register Skip to content Liquid Chromatography Gas Chromatography Hyphenated Techniques Sample Preparation Data Issues Jobs & Announcements FAQs Applications Notes Webinars Learning Hubs Home Chromatog,partial,analyst_paraphrase,https://www.chromforum.org/viewtopic.php?t=45171,2026-08-02T20:00:24+00:00,2017-06-09,publication,Mapped public evidence record(s); see evidenceRecords,,"Analyst-authored synthesis, not a verbatim customer quotation; public forums over-represent problem reports and volume does not equal sentiment or prevalence."
cv-public-fd28aa07e3c2a5,﻿ Manual Injection: Bigger carryover peaks & diluted samples - Chromatography Forum Advertisement Register Log in Log in Notifications Notifications Settings You have no notifications See All Quick links Unanswered topics Active topics Search FAQ Get in Touch with Us Chromatography Forum Unanswered topics Active topics Search Log in Register Skip to content Liquid Chromatography Gas Chromatography Hyphenated Techniques Sample Preparation Data Issues Jobs & Announcements FAQs Applications Notes W,partial,analyst_paraphrase,https://www.chromforum.org/viewtopic.php?t=119394,2026-08-02T20:00:24+00:00,2022-06-27,publication,Mapped public evidence record(s); see evidenceRecords,,"Analyst-authored synthesis, not a verbatim customer quotation; public forums over-represent problem reports and volume does not equal sentiment or prevalence."
cv-public-8630b137e197e8,"Product quality is consistent, and it gives a precise, reproducible and accurate results. Better separation technique for drug samples, and their impurities.",verified,verbatim_quote,https://www.selectscience.net/product/acquity-uplc-system?reviewItem=9e92cb23643cb02e,2026-08-02T20:00:24+00:00,2023-12-07,publication,Embedded structured product review text,"Product quality is consistent, and it gives a precise, reproducible and accurate results. Better separation",One dated public review; do not generalize prevalence from a single reviewer.
cv-public-97836665e8d9a7,Being a user of Waters UPLC for a decade I can say this instrument is very reliable and meets our needs. The service is exceptional,verified,verbatim_quote,https://www.selectscience.net/product/acquity-uplc-system?reviewItem=8b464302dbd5f2dc,2026-08-02T20:00:24+00:00,2023-10-30,publication,Embedded structured product review text,Being a user of Waters UPLC for a decade I can say this instrument is,One dated public review; do not generalize prevalence from a single reviewer.
cv-public-06ac7ad75eac9b,Is a good system can be applied to get saving through of transference of methodologies from HPLC to UPLC.,verified,verbatim_quote,https://www.selectscience.net/product/acquity-uplc-system?reviewItem=092f02d2c39bb832,2026-08-02T20:00:24+00:00,2023-07-24,publication,Embedded structured product review text,Is a good system can be applied to get saving through of transference of methodologies,One dated public review; do not generalize prevalence from a single reviewer.
cv-public-a362715b74acbd,Reproducible and robust,verified,verbatim_quote,https://www.selectscience.net/product/acquity-uplc-system?reviewItem=2cc06e7fe15169b5,2026-08-02T20:00:24+00:00,2023-04-18,publication,Embedded structured product review text,Reproducible and robust,One dated public review; do not generalize prevalence from a single reviewer.
cv-public-7236563486828c,"The system delivers good results for experienced practitioners, and we have produced good data and publications from Waters instruments. However, after using ThermoScientific UPLC system and the software, we gradually realized that the Water software and connection are not as smooth as other vendors, e.g. ThermoScientific and Agilent. Another thing is mass spectrometry data file format conversion and downstream analysis, which is not as convenient and competitive as other vendors, e.g. ThermoSci",partial,analyst_paraphrase,https://www.selectscience.net/product/acquity-uplc-system?reviewItem=7c26c12b4f6f1229,2026-08-02T20:00:24+00:00,2023-04-17,publication,Mapped public evidence record(s); see evidenceRecords,,"Analyst-authored synthesis, not a verbatim customer quotation; public forums over-represent problem reports and volume does not equal sentiment or prevalence."
cv-public-a951e6a7a6afd5,"Easy to use. Highly accurate and robust with repeatable results. Fully automated, very elaborate and easy to learn software with multiple data generation.",verified,verbatim_quote,https://www.selectscience.net/product/acquity-uplc-system?reviewItem=6221c8f6f636b7f0,2026-08-02T20:00:24+00:00,2023-03-23,publication,Embedded structured product review text,"Easy to use. Highly accurate and robust with repeatable results. Fully automated, very elaborate and",One dated public review; do not generalize prevalence from a single reviewer.
cv-public-3fb9fba899d47e,The advance application helps to deliver the quality assessment of the drug product with accurate and precise results. The run time of the Chromatography of the method can be lessened and analysis time can be reduced to deliver the product dispatches.,verified,verbatim_quote,https://www.selectscience.net/product/acquity-uplc-system?reviewItem=2edc40de2c9c2caf,2026-08-02T20:00:24+00:00,2022-12-16,publication,Embedded structured product review text,The advance application helps to deliver the quality assessment of the drug product with accurate,One dated public review; do not generalize prevalence from a single reviewer.
cv-public-921be38e66b2fc,"The instrument is very useful, enhances the timeline and shorter payback period.",verified,verbatim_quote,https://www.selectscience.net/product/acquity-uplc-system?reviewItem=80de55562dc487aa,2026-08-02T20:00:24+00:00,2022-09-29,publication,Embedded structured product review text,"The instrument is very useful, enhances the timeline and shorter payback period.",One dated public review; do not generalize prevalence from a single reviewer.
cv-public-3848be6ff97a59,Very effective product with solution driven capabilities,verified,verbatim_quote,https://www.selectscience.net/product/acquity-uplc-system?reviewItem=7a650fe72acf9413,2026-08-02T20:00:24+00:00,2022-05-05,publication,Embedded structured product review text,Very effective product with solution driven capabilities,One dated public review; do not generalize prevalence from a single reviewer.
cv-public-d9a5b8e07fa3e5,"The product requires the training, aptitude, and attitude of the users. Carelessness can cause the system to crash. My experience is not very good, but is not ever a problem of the equipment as of the method and the users.",verified,verbatim_quote,https://www.selectscience.net/product/acquity-uplc-system?reviewItem=798502d0223c581a,2026-08-02T20:00:24+00:00,2022-04-27,publication,Embedded structured product review text,"The product requires the training, aptitude, and attitude of the users. Carelessness can cause the",One dated public review; do not generalize prevalence from a single reviewer.
cv-public-5da1cc0b4bb35b,"Reliable, consistent and retrievable results with consistency and instrument durability.",verified,verbatim_quote,https://www.selectscience.net/product/acquity-uplc-r-i-class-plus-system?reviewItem=3790ce74a9a5e464,2026-08-02T20:00:24+00:00,2019-03-14,publication,Embedded structured product review text,"Reliable, consistent and retrievable results with consistency and instrument durability.",One dated public review; do not generalize prevalence from a single reviewer.
cv-public-97a8176357df7c,Waters is overall a robust system for bio analysis,verified,verbatim_quote,https://www.selectscience.net/product/acquity-uplc-r-i-class-plus-system?reviewItem=311d45a4f3d87b1f,2026-08-02T20:00:24+00:00,2017-06-21,publication,Embedded structured product review text,Waters is overall a robust system for bio analysis,One dated public review; do not generalize prevalence from a single reviewer.
cv-public-0eb8bfaf95d447,"This device is trustful tool for analytical uses, plus it's software has user-friendly environment, that help user control the device",verified,verbatim_quote,https://www.selectscience.net/product/waters-alliance-tm-hplc-system?reviewItem=2cee73bf161b73ee,2026-08-02T20:00:24+00:00,2025-07-21,publication,Embedded structured product review text,"This device is trustful tool for analytical uses, plus it's software has user-friendly environment, that",One dated public review; do not generalize prevalence from a single reviewer.
cv-public-622e0e007045b3,"Waters Alliance HPLC refers to high-performance liquid chromatography equipment produced by the company Waters Corporation, it's a well-known brand in the analytical instrumentation field. Waters is recognized for manufacturing high-quality HPLC systems. Good value for money with reproducible results.",verified,verbatim_quote,https://www.selectscience.net/product/waters-alliance-tm-hplc-system?reviewItem=a509ff1d33fdfedc,2026-08-02T20:00:24+00:00,2024-01-20,publication,Embedded structured product review text,"Waters Alliance HPLC refers to high-performance liquid chromatography equipment produced by the company Waters Corporation,",One dated public review; do not generalize prevalence from a single reviewer.
cv-public-1b1ba5b6e72193,"Product quality is consistent it gives a precise, reproducible and accurate results. It is very useful for the analysis of other compounds.",verified,verbatim_quote,https://www.selectscience.net/product/waters-alliance-tm-hplc-system?reviewItem=63b6de85b057f5c5,2026-08-02T20:00:24+00:00,2023-12-07,publication,Embedded structured product review text,"Product quality is consistent it gives a precise, reproducible and accurate results. It is very",One dated public review; do not generalize prevalence from a single reviewer.
cv-public-9db0ef264938bd,"For the impurity profiling, in terms of identification, separation, and characterization, this is a really excellent system",verified,verbatim_quote,https://www.selectscience.net/product/waters-alliance-tm-hplc-system?reviewItem=2e1995292650a0b1,2026-08-02T20:00:24+00:00,2023-10-03,publication,Embedded structured product review text,"For the impurity profiling, in terms of identification, separation, and characterization, this is a really",One dated public review; do not generalize prevalence from a single reviewer.
cv-public-506df99f33ae92,These Instruments are very sturdy and very reliable.,verified,verbatim_quote,https://www.selectscience.net/product/waters-alliance-tm-hplc-system?reviewItem=461225f48c15e074,2026-08-02T20:00:24+00:00,2023-09-01,publication,Embedded structured product review text,These Instruments are very sturdy and very reliable.,One dated public review; do not generalize prevalence from a single reviewer.
cv-public-45bdf87861f1d8,"Products is very good for separation of phenolic, flavanoids and aflatoxin",verified,verbatim_quote,https://www.selectscience.net/product/waters-alliance-tm-hplc-system?reviewItem=5fc7e28d5781bcf5,2026-08-02T20:00:24+00:00,2023-06-29,publication,Embedded structured product review text,"Products is very good for separation of phenolic, flavanoids and aflatoxin",One dated public review; do not generalize prevalence from a single reviewer.
cv-public-a14cbb7f706392,This is very effective product for every aspect of analysis either drug assay or content uniformity or impurities testing. Reproducibility and repeatability results always found within 1% RSD. 21 CFR compliant system with Empower 3 software. System is very robust and rugged and minimum service required for repairing and maintenance.,verified,verbatim_quote,https://www.selectscience.net/product/waters-alliance-tm-hplc-system?reviewItem=eaf72330eba832e8,2026-08-02T20:00:24+00:00,2023-06-06,publication,Embedded structured product review text,This is very effective product for every aspect of analysis either drug assay or content,One dated public review; do not generalize prevalence from a single reviewer.
cv-public-301785c4b8a99e,"The instrument has user-friendly features that makes the user to effectively utilize its capability and technicality to expedite method development activity. Water's HPLC system connected with empower software has much advantage in terms of operation, acquisition of data, review and processing of data is much easier and faster. The system has salient features with robust pumping mechanism that delivers accurate gradient composition of mobile phase and hence, accuracy of gradient methods is not c",partial,analyst_paraphrase,https://www.selectscience.net/product/waters-alliance-tm-hplc-system?reviewItem=b6d84af28dba35f8,2026-08-02T20:00:24+00:00,2023-04-15,publication,Mapped public evidence record(s); see evidenceRecords,,"Analyst-authored synthesis, not a verbatim customer quotation; public forums over-represent problem reports and volume does not equal sentiment or prevalence."
cv-public-47ceb1f9c931ec,Very easy to learn how to use. Very robust. Very recommended. We have had more than 100 units since 1998.,verified,verbatim_quote,https://www.selectscience.net/product/waters-alliance-tm-hplc-system?reviewItem=c9153a046a0ebd4d,2026-08-02T20:00:24+00:00,2023-03-27,publication,Embedded structured product review text,Very easy to learn how to use. Very robust. Very recommended. We have had more,One dated public review; do not generalize prevalence from a single reviewer.
cv-public-6e9956aa6c8e4e,"Very easy to use, after sales care, higly recommended in all branches of analytical techniques, in my experience in different brands and my own point of view it is the perfect HPLC equipment ever.",verified,verbatim_quote,https://www.selectscience.net/product/waters-alliance-tm-hplc-system?reviewItem=6ffe2e42ca74773f,2026-08-02T20:00:24+00:00,2023-02-12,publication,Embedded structured product review text,"Very easy to use, after sales care, higly recommended in all branches of analytical techniques,",One dated public review; do not generalize prevalence from a single reviewer.
cv-public-ba226c5236d9a9,Excellent Columns with Robust performance. Observed durable with excellent peak shape and resolution for our applications.,verified,verbatim_quote,https://www.selectscience.net/product/acquity-uplc-beh-columns?reviewItem=7775276515f0bd6b,2026-08-02T20:00:24+00:00,2025-12-01,publication,Embedded structured product review text,Excellent Columns with Robust performance. Observed durable with excellent peak shape and resolution for our,One dated public review; do not generalize prevalence from a single reviewer.
cv-public-c8f55e23692c6e,UPLC BEH columns are excellent to develop impurity methods and getting good resolution for close eluting peaks.,verified,verbatim_quote,https://www.selectscience.net/product/acquity-uplc-beh-columns?reviewItem=af4779fd1d5ac54d,2026-08-02T20:00:24+00:00,2025-11-24,publication,Embedded structured product review text,UPLC BEH columns are excellent to develop impurity methods and getting good resolution for close,One dated public review; do not generalize prevalence from a single reviewer.
cv-public-6f20837c8d0afa,Overpriced and it appears that users are forced to buy a new brand of pre-column frit cartridges.,verified,verbatim_quote,https://www.selectscience.net/product/acquity-uplc-beh-columns?reviewItem=682f15c592bb6a30,2026-08-02T20:00:24+00:00,2023-06-09,publication,Embedded structured product review text,Overpriced and it appears that users are forced to buy a new brand of pre-column,One dated public review; do not generalize prevalence from a single reviewer.
cv-public-45d98c26285bd2,"I was looking for a column that was able to yield fast and reliable measurements for a series of pharmaceuticals active substances in medicines. The Acquity UPLC BEH Columns, coupled with Waters UPLC, was a master's choice, allowing great reproducibility with a minimum analysis time.",verified,verbatim_quote,https://www.selectscience.net/product/acquity-uplc-beh-columns?reviewItem=c9fe78a3a38dd3bd,2026-08-02T20:00:24+00:00,2022-07-15,publication,Embedded structured product review text,I was looking for a column that was able to yield fast and reliable measurements,One dated public review; do not generalize prevalence from a single reviewer.
cv-public-eb9a2218e6d244,Excellent sec column for mAbs and how/lmw fragment separation,verified,verbatim_quote,https://www.selectscience.net/product/acquity-uplc-beh-columns?reviewItem=49a845ee73be6c8b,2026-08-02T20:00:24+00:00,2022-05-20,publication,Embedded structured product review text,Excellent sec column for mAbs and how/lmw fragment separation,One dated public review; do not generalize prevalence from a single reviewer.
cv-public-2122e189eec7ab,"These columns just don't quit. They last forever, can be used for a variety of sample types and solvents, easy to use, easy to develop methods with.",verified,verbatim_quote,https://www.selectscience.net/product/acquity-uplc-beh-columns?reviewItem=0dc1fce5bd3f37a7,2026-08-02T20:00:24+00:00,2022-04-02,publication,Embedded structured product review text,"These columns just don't quit. They last forever, can be used for a variety of",One dated public review; do not generalize prevalence from a single reviewer.
cv-public-8b0d4405e240f6,High effectiveness,verified,verbatim_quote,https://www.selectscience.net/product/acquity-uplc-beh-columns?reviewItem=5f472e32a69dee4d,2026-08-02T20:00:24+00:00,2022-02-11,publication,Embedded structured product review text,High effectiveness,One dated public review; do not generalize prevalence from a single reviewer.
cv-public-f060e06b3b1577,Good product.,verified,verbatim_quote,https://www.selectscience.net/product/acquity-uplc-beh-columns?reviewItem=a5be319de218f915,2026-08-02T20:00:24+00:00,2021-10-01,publication,Embedded structured product review text,Good product.,One dated public review; do not generalize prevalence from a single reviewer.
cv-public-8c0b0ef1939c0a,We work on the untargeted analysis of human blood samples for finding the potential novel biomarkers in diseased patients.,verified,verbatim_quote,https://www.selectscience.net/product/acquity-uplc-beh-columns?reviewItem=57e414c04f7c8fa0,2026-08-02T20:00:24+00:00,2021-07-24,publication,Embedded structured product review text,We work on the untargeted analysis of human blood samples for finding the potential novel,One dated public review; do not generalize prevalence from a single reviewer.
cv-public-2d3a756123e912,"The product is very useful for all my analyses. It serves its purpose for various applications both analytical or bioanalytical and it's the most suitable column. It is very durable. It's a column which I can rely on for different kinds of studies. Though I have performed more than 5000 injections still the efficiency of the column is very satisfactory. The results are very reproducible. It is the premier column for method development, the 1.7 um ACQUITY UPLC BEH C18 sorbent provides the most un",partial,analyst_paraphrase,https://www.selectscience.net/product/acquity-uplc-beh-columns?reviewItem=107dd2b174d8249c,2026-08-02T20:00:24+00:00,2021-05-17,publication,Mapped public evidence record(s); see evidenceRecords,,"Analyst-authored synthesis, not a verbatim customer quotation; public forums over-represent problem reports and volume does not equal sentiment or prevalence."
cv-public-b044bccae3a98f,Very user friendly equipment that we recommend for any other fast-moving pharmaceutical company,verified,verbatim_quote,https://www.selectscience.net/product/agilent-1290-infinity-iii-lc-system?reviewItem=42c5a95da8e3d91d,2026-08-02T20:00:24+00:00,2026-03-12,publication,Embedded structured product review text,Very user friendly equipment that we recommend for any other fast-moving pharmaceutical company,One dated public review; do not generalize prevalence from a single reviewer.
cv-public-ff4030fef25cf2,"Agilent HPLC/UHPLC systems are known for reliability, ease of use, and strong after‑sales support. They are often preferred in regulated environments where robustness and data integrity are critical, even if they are not the cheapest option.",verified,verbatim_quote,https://www.selectscience.net/product/agilent-1260-infinity-iii-binary-pump?reviewItem=193d61a060bcaa01,2026-08-02T20:00:24+00:00,2026-04-23,publication,Embedded structured product review text,"Agilent HPLC/UHPLC systems are known for reliability, ease of use, and strong after‑sales support. They",One dated public review; do not generalize prevalence from a single reviewer.
cv-public-041f0491bb0658,DIONEX HPLC Ultimate 3000 from Thermo Scientific is good instrument for analysis of toxins in the food safety lab. Giving more precision of results.,verified,verbatim_quote,https://www.selectscience.net/product/high-performance-liquid-chromatography?reviewItem=cf26ccf9c378b8b3,2026-08-02T20:00:24+00:00,2025-11-21,publication,Embedded structured product review text,DIONEX HPLC Ultimate 3000 from Thermo Scientific is good instrument for analysis of toxins in,One dated public review; do not generalize prevalence from a single reviewer.
cv-public-5d7b6321a98db5,"A very complete team, very efficient. Easy to use and with very accurate results. It is one of the most complete and efficient equipment. [Original text: Un equipo muy completo, muy efieciente. Fácil de usar y con resultados muy exactos. Es uno de los equipos mas completos y mas eficientes.]",verified,verbatim_quote,https://www.selectscience.net/product/high-performance-liquid-chromatography?reviewItem=f524877e9e3ef844,2026-08-02T20:00:24+00:00,2021-11-15,publication,Embedded structured product review text,"A very complete team, very efficient. Easy to use and with very accurate results. It",One dated public review; do not generalize prevalence from a single reviewer.
cv-public-124bacd9681716,"Gives perfect results, easy to use and saves data.",verified,verbatim_quote,https://www.selectscience.net/product/high-performance-liquid-chromatography?reviewItem=9c5de04de3c01894,2026-08-02T20:00:24+00:00,2021-10-01,publication,Embedded structured product review text,"Gives perfect results, easy to use and saves data.",One dated public review; do not generalize prevalence from a single reviewer.
cv-public-eed7274fade480,Good reproducibility and accuracy in results. System software is easy to operate. System operation and maintenance is easy even for a novice analyst. Technical support service is very good. Instrumental ruggedness with precision in results is key feature useful in R & D.,verified,verbatim_quote,https://www.selectscience.net/product/prominence-hplc-system?reviewItem=2250865037572af4,2026-08-02T20:00:24+00:00,2023-01-29,publication,Embedded structured product review text,Good reproducibility and accuracy in results. System software is easy to operate. System operation and,One dated public review; do not generalize prevalence from a single reviewer.
cv-public-1137d7fec201a9,"Well HPLC, it's very effective technique for identification, separation or purification process for any research line in Chemistry or Biology,so without HPLC Analysis techinque is useless.",verified,verbatim_quote,https://www.selectscience.net/product/prominence-hplc-system?reviewItem=6d4de10bfd04f126,2026-08-02T20:00:24+00:00,2022-11-11,publication,Embedded structured product review text,"Well HPLC, it's very effective technique for identification, separation or purification process for any research",One dated public review; do not generalize prevalence from a single reviewer.
cv-public-dbf3008cea0fb3,"Very good instrument to rely on for GLP practices with its CS software and effecient service providers for always ready instrument, breakdowns are less and spares are also economical.",verified,verbatim_quote,https://www.selectscience.net/product/prominence-hplc-system?reviewItem=9b309c16ea8ea3db,2026-08-02T20:00:24+00:00,2021-09-24,publication,Embedded structured product review text,Very good instrument to rely on for GLP practices with its CS software and effecient,One dated public review; do not generalize prevalence from a single reviewer.
cv-public-88136fcca3cb8c,This product comes at an affordable price yet provides very robust and reproducible results over time. It has a very simplified LC software platform which makes it quite user friendly. In my personal experience it is a good value-for-money instrument and a must-have for every quality control laboratory that relies on liquid chromatography.,verified,verbatim_quote,https://www.selectscience.net/product/prominence-hplc-system?reviewItem=af7e7e99964c85a2,2026-08-02T20:00:24+00:00,2020-03-16,publication,Embedded structured product review text,This product comes at an affordable price yet provides very robust and reproducible results over,One dated public review; do not generalize prevalence from a single reviewer.
cv-public-d45622fac1b0aa,The instrument is very easy to use and take care of. The software is self explanatory and easy to follow. The column is simple to load and so are the solvents. Data is also very easy to export for analytical use.,verified,verbatim_quote,https://www.selectscience.net/product/prominence-hplc-system?reviewItem=b1dbfb3392d4cd53,2026-08-02T20:00:24+00:00,2020-03-12,publication,Embedded structured product review text,The instrument is very easy to use and take care of. The software is self,One dated public review; do not generalize prevalence from a single reviewer.
cv-public-1c0035058a504e,User friendly and accuracy is good. Minimizes errors.,verified,verbatim_quote,https://www.selectscience.net/product/prominence-hplc-system?reviewItem=03e2a874b8bdeeba,2026-08-02T20:00:24+00:00,2020-03-09,publication,Embedded structured product review text,User friendly and accuracy is good. Minimizes errors.,One dated public review; do not generalize prevalence from a single reviewer.
cv-public-93c747c1c8edef,"The compact HPLC system is easy to use and troubleshooting is simple. The software, Labsoutions, in intuitive and easy. Pressure limit of 4000psi allows us to perform most HPLC analyses.",verified,verbatim_quote,https://www.selectscience.net/product/prominence-hplc-system?reviewItem=e91ddb42623372a6,2026-08-02T20:00:24+00:00,2019-12-06,publication,Embedded structured product review text,"The compact HPLC system is easy to use and troubleshooting is simple. The software, Labsoutions,",One dated public review; do not generalize prevalence from a single reviewer.
cv-public-dcfb077453de2f,The results with this instrument show high precision and it's easy to use and maintain.,verified,verbatim_quote,https://www.selectscience.net/product/prominence-hplc-system?reviewItem=02cb66dd6558ce1e,2026-08-02T20:00:24+00:00,2019-07-11,publication,Embedded structured product review text,The results with this instrument show high precision and it's easy to use and maintain.,One dated public review; do not generalize prevalence from a single reviewer.
cv-public-95b7d4f4e19d63,"Excellent HPLC system and very efficient. Works fine with Excalibur, no need of Labsolutions.",verified,verbatim_quote,https://www.selectscience.net/product/prominence-hplc-system?reviewItem=daceae579093b6c6,2026-08-02T20:00:24+00:00,2018-10-29,publication,Embedded structured product review text,"Excellent HPLC system and very efficient. Works fine with Excalibur, no need of Labsolutions.",One dated public review; do not generalize prevalence from a single reviewer.
cv-public-db122b78850433,"Best quality at low cost, user friendly, easy to handle, more accurate, best product.",verified,verbatim_quote,https://www.selectscience.net/product/prominence-hplc-system?reviewItem=4a487c5d1c3a7c6d,2026-08-02T20:00:24+00:00,2016-06-27,publication,Embedded structured product review text,"Best quality at low cost, user friendly, easy to handle, more accurate, best product.",One dated public review; do not generalize prevalence from a single reviewer.
cv-public-12e62f309992e2,Very good in result and sophisticated,verified,verbatim_quote,https://www.selectscience.net/product/lc-300-tm-hplc-and-uhplc-system?reviewItem=896608f46269ee1f,2026-08-02T20:00:24+00:00,2023-06-23,publication,Embedded structured product review text,Very good in result and sophisticated,One dated public review; do not generalize prevalence from a single reviewer.
cv-public-73976afa869084,"The elegantly designed machine is both easy on the eyes as it is reliable in producing good results. Capable of achieving high quality data and reproducible results even by novice experimenters such as undergraduate students. Relatively easy to use but since it has been installed and used, it has not needed any repairs or maintenance thus far other than the regular tweaks for daily operations. So far so excellent. A good product thus far. Thank you Perkin Elmer.",verified,verbatim_quote,https://www.selectscience.net/product/lc-300-tm-hplc-and-uhplc-system?reviewItem=c8299bd22468a4f9,2026-08-02T20:00:24+00:00,2023-06-19,publication,Embedded structured product review text,The elegantly designed machine is both easy on the eyes as it is reliable in,One dated public review; do not generalize prevalence from a single reviewer.
cv-public-ea1f8b99d49acf,"This is a good product, robust, with very friendly software, meets demanding specifications and is available in different configurations. Este es un buen producto, robusto, con un software muy amigable, cumple especificaciones exigentes y esta disponible en diferentes configuraciones.",verified,verbatim_quote,https://www.selectscience.net/product/lc-300-tm-hplc-and-uhplc-system?reviewItem=9e7090adb9f4ebb7,2026-08-02T20:00:24+00:00,2023-05-17,publication,Embedded structured product review text,"This is a good product, robust, with very friendly software, meets demanding specifications and is",One dated public review; do not generalize prevalence from a single reviewer.
cv-public-e2d71044f3e959,One of the best modern instruments in our Analytical Chemistry Lab.,verified,verbatim_quote,https://www.selectscience.net/product/lc-300-tm-hplc-and-uhplc-system?reviewItem=7af31a11eb15b674,2026-08-02T20:00:24+00:00,2023-03-27,publication,Embedded structured product review text,One of the best modern instruments in our Analytical Chemistry Lab.,One dated public review; do not generalize prevalence from a single reviewer.
cv-public-8229c618270772,"We received this instrument past more than three month from the appointed day due to the delayed assmebly. After the arrival of the instrument we couldn't use it for one month due to a communication problem between the instrument and PC. The problem was resolved by exchange one of its modules. When LC300 is compared with our previous HPLC, LC10 of Shimadzu, it produces larger noise of baseline and the retention times of analytes significantly change thus makes a reliable analysis difficult. In a",partial,analyst_paraphrase,https://www.selectscience.net/product/lc-300-tm-hplc-and-uhplc-system?reviewItem=b1ab07e5649e3684,2026-08-02T20:00:24+00:00,2022-05-29,publication,Mapped public evidence record(s); see evidenceRecords,,"Analyst-authored synthesis, not a verbatim customer quotation; public forums over-represent problem reports and volume does not equal sentiment or prevalence."
cv-public-3487aca2fb3caf,Applicability is excellent and one of state of Art experience to work with. Extremely precise and sensitive with research exploration and inspiration to enhance research vigor,verified,verbatim_quote,https://www.selectscience.net/product/lc-300-tm-hplc-and-uhplc-system?reviewItem=f62e0b63f694b571,2026-08-02T20:00:24+00:00,2022-01-24,publication,Embedded structured product review text,Applicability is excellent and one of state of Art experience to work with. Extremely precise,One dated public review; do not generalize prevalence from a single reviewer.
cv-public-c62a67217f15f2,Serious software and pump problems - Agilent Technologies 1260 Infinity Quaternary Pump | LabWrench LabWrench is a LabX .com website. Discuss Discuss Sign In | Register My Bench | Log Out Question & Answer Forums Equipment View All Analytical Basic Laboratory Clinical Laboratory GC - Gas Chromatography HPLC - High Performance Liquid Chromatography Life Science Mass Spectrometers Microscopy Pharmaceutical Processing Spectroscopy Supplies and Consumables Service Providers News LabWrench is a LabX ,unreachable,analyst_paraphrase,https://www.labwrench.com/thread/12858/serious-software-and-pump-problems,2026-08-02T20:00:24+00:00,2012-01-31,publication,Mapped public evidence record(s); see evidenceRecords,,"Analyst-authored synthesis, not a verbatim customer quotation; public forums over-represent problem reports and volume does not equal sentiment or prevalence."
cv-public-55d11a2209c912,﻿ Retention time drift - Chromatography Forum Advertisement Register Log in Log in Notifications Notifications Settings You have no notifications See All Quick links Unanswered topics Active topics Search FAQ Get in Touch with Us Chromatography Forum Unanswered topics Active topics Search Log in Register Skip to content Liquid Chromatography Gas Chromatography Hyphenated Techniques Sample Preparation Data Issues Jobs & Announcements FAQs Applications Notes Webinars Learning Hubs Home Chromatogra,partial,analyst_paraphrase,https://www.chromforum.org/viewtopic.php?t=3574,2026-08-02T20:00:24+00:00,2006-03-09,publication,Mapped public evidence record(s); see evidenceRecords,,"Analyst-authored synthesis, not a verbatim customer quotation; public forums over-represent problem reports and volume does not equal sentiment or prevalence."
cv-public-3594fb2de4ad02,﻿ LCMS data export to Matlab - Chromatography Forum Advertisement Register Log in Log in Notifications Notifications Settings You have no notifications See All Quick links Unanswered topics Active topics Search FAQ Get in Touch with Us Chromatography Forum Unanswered topics Active topics Search Log in Register Skip to content Liquid Chromatography Gas Chromatography Hyphenated Techniques Sample Preparation Data Issues Jobs & Announcements FAQs Applications Notes Webinars Learning Hubs Home Chrom,partial,analyst_paraphrase,https://www.chromforum.org/viewtopic.php?t=12125,2026-08-02T20:00:24+00:00,2009-12-30,publication,Mapped public evidence record(s); see evidenceRecords,,"Analyst-authored synthesis, not a verbatim customer quotation; public forums over-represent problem reports and volume does not equal sentiment or prevalence."
cv-public-585c1845319a3c,﻿ Shimadzu preparative HPLC - PDA Standby problem - Chromatography Forum Advertisement Register Log in Log in Notifications Notifications Settings You have no notifications See All Quick links Unanswered topics Active topics Search FAQ Get in Touch with Us Chromatography Forum Unanswered topics Active topics Search Log in Register Skip to content Liquid Chromatography Gas Chromatography Hyphenated Techniques Sample Preparation Data Issues Jobs & Announcements FAQs Applications Notes Webinars Lea,partial,analyst_paraphrase,https://www.chromforum.org/viewtopic.php?t=23778,2026-08-02T20:00:24+00:00,2012-07-16,publication,Mapped public evidence record(s); see evidenceRecords,,"Analyst-authored synthesis, not a verbatim customer quotation; public forums over-represent problem reports and volume does not equal sentiment or prevalence."
cv-public-d671eb3c761731,﻿ repairing screen in Waters 2695 - Chromatography Forum Advertisement Register Log in Log in Notifications Notifications Settings You have no notifications See All Quick links Unanswered topics Active topics Search FAQ Get in Touch with Us Chromatography Forum Unanswered topics Active topics Search Log in Register Skip to content Liquid Chromatography Gas Chromatography Hyphenated Techniques Sample Preparation Data Issues Jobs & Announcements FAQs Applications Notes Webinars Learning Hubs Home ,partial,analyst_paraphrase,https://www.chromforum.org/viewtopic.php?t=122460,2026-08-02T20:00:24+00:00,2004-08-17,publication,Mapped public evidence record(s); see evidenceRecords,,"Analyst-authored synthesis, not a verbatim customer quotation; public forums over-represent problem reports and volume does not equal sentiment or prevalence."
cv-public-e2168960907018,﻿ Shimadzu HPLC - Turning off Gas Detector? - Chromatography Forum Advertisement Register Log in Log in Notifications Notifications Settings You have no notifications See All Quick links Unanswered topics Active topics Search FAQ Get in Touch with Us Chromatography Forum Unanswered topics Active topics Search Log in Register Skip to content Liquid Chromatography Gas Chromatography Hyphenated Techniques Sample Preparation Data Issues Jobs & Announcements FAQs Applications Notes Webinars Learning ,partial,analyst_paraphrase,https://www.chromforum.org/viewtopic.php?t=122419,2026-08-02T20:00:24+00:00,2024-10-29,publication,Mapped public evidence record(s); see evidenceRecords,,"Analyst-authored synthesis, not a verbatim customer quotation; public forums over-represent problem reports and volume does not equal sentiment or prevalence."
cv-public-6990bc4be6ec94,﻿ Cell tag in an Agilent Max light - Chromatography Forum Advertisement Register Log in Log in Notifications Notifications Settings You have no notifications See All Quick links Unanswered topics Active topics Search FAQ Get in Touch with Us Chromatography Forum Unanswered topics Active topics Search Log in Register Skip to content Liquid Chromatography Gas Chromatography Hyphenated Techniques Sample Preparation Data Issues Jobs & Announcements FAQs Applications Notes Webinars Learning Hubs Home,partial,analyst_paraphrase,https://www.chromforum.org/viewtopic.php?t=122420,2026-08-02T20:00:24+00:00,2011-10-19,publication,Mapped public evidence record(s); see evidenceRecords,,"Analyst-authored synthesis, not a verbatim customer quotation; public forums over-represent problem reports and volume does not equal sentiment or prevalence."
cv-public-4e08c577bb693c,﻿ Preparative HPLC of peptides - Agilent 1100 - Chromatography Forum Advertisement Register Log in Log in Notifications Notifications Settings You have no notifications See All Quick links Unanswered topics Active topics Search FAQ Get in Touch with Us Chromatography Forum Unanswered topics Active topics Search Log in Register Skip to content Liquid Chromatography Gas Chromatography Hyphenated Techniques Sample Preparation Data Issues Jobs & Announcements FAQs Applications Notes Webinars Learnin,partial,analyst_paraphrase,https://www.chromforum.org/viewtopic.php?t=122410,2026-08-02T20:00:24+00:00,2021-01-26,publication,Mapped public evidence record(s); see evidenceRecords,,"Analyst-authored synthesis, not a verbatim customer quotation; public forums over-represent problem reports and volume does not equal sentiment or prevalence."
cv-public-1e3b520971852c,﻿ Quick question about tubing in Waters 600 - Chromatography Forum Advertisement Register Log in Log in Notifications Notifications Settings You have no notifications See All Quick links Unanswered topics Active topics Search FAQ Get in Touch with Us Chromatography Forum Unanswered topics Active topics Search Log in Register Skip to content Liquid Chromatography Gas Chromatography Hyphenated Techniques Sample Preparation Data Issues Jobs & Announcements FAQs Applications Notes Webinars Learning ,partial,analyst_paraphrase,https://www.chromforum.org/viewtopic.php?t=122288,2026-08-02T20:00:24+00:00,2025-01-11,publication,Mapped public evidence record(s); see evidenceRecords,,"Analyst-authored synthesis, not a verbatim customer quotation; public forums over-represent problem reports and volume does not equal sentiment or prevalence."
cv-public-3a8f413cdfe1c3,﻿ Agilent 1100 multiple detector configuration - Chromatography Forum Advertisement Register Log in Log in Notifications Notifications Settings You have no notifications See All Quick links Unanswered topics Active topics Search FAQ Get in Touch with Us Chromatography Forum Unanswered topics Active topics Search Log in Register Skip to content Liquid Chromatography Gas Chromatography Hyphenated Techniques Sample Preparation Data Issues Jobs & Announcements FAQs Applications Notes Webinars Learni,partial,analyst_paraphrase,https://www.chromforum.org/viewtopic.php?t=122334,2026-08-02T20:00:24+00:00,2014-12-16,publication,Mapped public evidence record(s); see evidenceRecords,,"Analyst-authored synthesis, not a verbatim customer quotation; public forums over-represent problem reports and volume does not equal sentiment or prevalence."
cv-public-40087188d44136,﻿ Agilent 1100 overpressure purge open - Chromatography Forum Advertisement Register Log in Log in Notifications Notifications Settings You have no notifications See All Quick links Unanswered topics Active topics Search FAQ Get in Touch with Us Chromatography Forum Unanswered topics Active topics Search Log in Register Skip to content Liquid Chromatography Gas Chromatography Hyphenated Techniques Sample Preparation Data Issues Jobs & Announcements FAQs Applications Notes Webinars Learning Hubs ,partial,analyst_paraphrase,https://www.chromforum.org/viewtopic.php?t=122324,2026-08-02T20:00:24+00:00,2024-12-10,publication,Mapped public evidence record(s); see evidenceRecords,,"Analyst-authored synthesis, not a verbatim customer quotation; public forums over-represent problem reports and volume does not equal sentiment or prevalence."
cv-public-6a2d59b757a697,﻿ Large water dip on ICS-6000 - Chromatography Forum Advertisement Register Log in Log in Notifications Notifications Settings You have no notifications See All Quick links Unanswered topics Active topics Search FAQ Get in Touch with Us Chromatography Forum Unanswered topics Active topics Search Log in Register Skip to content Liquid Chromatography Gas Chromatography Hyphenated Techniques Sample Preparation Data Issues Jobs & Announcements FAQs Applications Notes Webinars Learning Hubs Home Chro,partial,analyst_paraphrase,https://www.chromforum.org/viewtopic.php?p=463296,2026-08-02T20:00:24+00:00,2026-06-16,publication,Mapped public evidence record(s); see evidenceRecords,,"Analyst-authored synthesis, not a verbatim customer quotation; public forums over-represent problem reports and volume does not equal sentiment or prevalence."
cv-public-bc75449102139c,﻿ Sudden Unknown Peak During HPLC Validation – Need Advice - Chromatography Forum Advertisement Register Log in Log in Notifications Notifications Settings You have no notifications See All Quick links Unanswered topics Active topics Search FAQ Get in Touch with Us Chromatography Forum Unanswered topics Active topics Search Log in Register Skip to content Liquid Chromatography Gas Chromatography Hyphenated Techniques Sample Preparation Data Issues Jobs & Announcements FAQs Applications Notes Web,partial,analyst_paraphrase,https://www.chromforum.org/viewtopic.php?p=455950,2026-08-02T20:00:24+00:00,2025-05-21,publication,Mapped public evidence record(s); see evidenceRecords,,"Analyst-authored synthesis, not a verbatim customer quotation; public forums over-represent problem reports and volume does not equal sentiment or prevalence."
cv-public-28a09c7634f2b6,﻿ Shimadzu HPLCs? - Chromatography Forum Advertisement Register Log in Log in Notifications Notifications Settings You have no notifications See All Quick links Unanswered topics Active topics Search FAQ Get in Touch with Us Chromatography Forum Unanswered topics Active topics Search Log in Register Skip to content Liquid Chromatography Gas Chromatography Hyphenated Techniques Sample Preparation Data Issues Jobs & Announcements FAQs Applications Notes Webinars Learning Hubs Home Chromatography L,partial,analyst_paraphrase,https://www.chromforum.org/viewtopic.php?t=122479,2026-08-02T20:00:24+00:00,2023-11-16,publication,Mapped public evidence record(s); see evidenceRecords,,"Analyst-authored synthesis, not a verbatim customer quotation; public forums over-represent problem reports and volume does not equal sentiment or prevalence."
agilent-lc-lcms-pharma-apac-growth-2026-q2,"Agilent says LC and LC-MS are helping drive pharma, APAC, and advanced-materials growth",unreachable,analyst_paraphrase,https://www.sec.gov/Archives/edgar/data/1090872/000109087226000055/a-20260430.htm,2026-07-29T23:30:00-04:00,2026-06-01,filing,MD&A: Life Sciences and Applied Markets Group revenue discussion,very strong revenue growth in our liquid chromatography,The headline is an analyst paraphrase of the cited filing passage.
agilent-crosslab-service-growth-2026-q2,Agilent CrossLab and services growth points to lifecycle/service differentiation,unreachable,analyst_paraphrase,https://www.sec.gov/Archives/edgar/data/1090872/000109087226000055/a-20260430.htm,2026-07-29T23:30:00-04:00,2026-06-01,filing,Revenue discussion for Agilent CrossLab / services and other revenue in the quarterly operating results.,,Analyst interpretation; no exact filing excerpt is retained for this claim.
thermo-bioproduction-chrom-ms-2026-q1,Thermo is pairing bioproduction investment with chromatography and MS resilience,unreachable,analyst_paraphrase,https://www.sec.gov/Archives/edgar/data/97745/000009774526000092/tmo-20260328.htm,2026-07-29T23:30:00-04:00,2026-05-01,filing,Acquisition/business overview language plus Analytical Instruments segment revenue discussion.,,Analyst interpretation; no exact filing excerpt is retained for this claim.
thermo-analytical-instruments-margin-pressure-2026-q1,Thermo Analytical Instruments was flat with margin pressure despite chromatography/MS growth,unreachable,analyst_paraphrase,https://www.sec.gov/Archives/edgar/data/97745/000009774526000092/tmo-20260328.htm,2026-07-29T23:30:00-04:00,2026-05-01,filing,Analytical Instruments segment operating results and margin commentary.,,Analyst interpretation; no exact filing excerpt is retained for this claim.
revvity-software-ai-life-sciences-2026,Revvity expanded Life Sciences software through ACD/Labs while quarterly software revenue increased,unreachable,analyst_paraphrase,https://www.sec.gov/Archives/edgar/data/31791/000003179126000019/revv-20260405.htm,2026-07-29T23:30:00-04:00,2026-05-12,filing,Note 3 and Life Sciences segment results,increase of $7.9 million in Software revenue,Analyst interpretation of the cited filing passage.
filing-move-agilent-1,"Agilent agreed to acquire Biocare, a provider of clinical and research solutions, and plans to place it in Life Sciences and Diagnostics Markets.",unreachable,analyst_paraphrase,https://www.sec.gov/Archives/edgar/data/1090872/000109087226000055/a-20260430.htm,2026-07-29T23:30:00-04:00,2026-03-06,filing,,,Analyst interpretation; no exact filing excerpt is retained for this claim.
filing-move-thermo-fisher-1,Thermo acquired Clario to add clinical-trial endpoint data solutions and expand patient-data decision support within Laboratory Products and Biopharma Services.,unreachable,analyst_paraphrase,https://www.sec.gov/Archives/edgar/data/97745/000009774526000092/tmo-20260328.htm,2026-07-29T23:30:00-04:00,2026-03-24,filing,,,Analyst interpretation; no exact filing excerpt is retained for this claim.
filing-move-thermo-fisher-2,Thermo acquired Solventum's purification and filtration business to strengthen upstream and downstream bioproduction workflows.,unreachable,analyst_paraphrase,https://www.sec.gov/Archives/edgar/data/97745/000009774526000092/tmo-20260328.htm,2026-07-29T23:30:00-04:00,2025-09-01,filing,,,Analyst interpretation; no exact filing excerpt is retained for this claim.
filing-move-thermo-fisher-3,"Thermo agreed to sell its Specialty Diagnostics microbiology business to Astorg, subject to approvals and closing conditions.",unreachable,analyst_paraphrase,https://www.sec.gov/Archives/edgar/data/97745/000009774526000092/tmo-20260328.htm,2026-07-29T23:30:00-04:00,2026-04-27,filing,,,Analyst interpretation; no exact filing excerpt is retained for this claim.
filing-move-revvity-1,"Revvity acquired ACD/Labs, a scientific-software provider for analytical characterization and molecular design in pharmaceutical and materials markets.",unreachable,analyst_paraphrase,https://www.sec.gov/Archives/edgar/data/31791/000003179126000019/revv-20260405.htm,2026-07-29T23:30:00-04:00,2026-01-01,filing,Note 3: Business Combinations,completed its acquisition of Advanced Chemistry Development Inc. (ACD/Labs) for $72.0 million,Analyst interpretation of the cited filing passage.
